"rep","cell","S_dec","tr0","tr2","tr5","v2","meanv","a_hat","s_hat","rho_hat","c_hat","sd_eta0","sd_eh","sd_et","est_signal_sd","norm_bh","norm_bt","df_M","p0","p2","p5","pcalm"
1,"B_k25_ar07",5.37480060285313,6.25561647223258,4.42549149403449,4.00611683753782,5.37480060285313,"0.08 -0.42 0.32 -1.42 1.09 -0.37 1.12 -0.37 0.37 -0.46",0.420966919969818,0.369082874031684,0.75192410202144,4.91938854855307,2.39885759576019,0.581244028970652,1.67050489684818,2.07089984541918,0.286740606360887,2.63392578793292,15.1744475681532,0.550148236668184,0.285028651333241,0.217231065842489,0.255998903671429
2,"B_k25_ar07",3.37900355060809,5.90942478235387,4.01474708519956,3.39165918256643,3.37900355060809,"-0.28 0 0.57 -0.82 -0.61 0.94 0.39 0.4 0.15 -0.84",0.346472090162509,0.364441717784431,0.689013307111169,6.91144931880697,2.20161902091808,0.525650830660601,1.69883138003768,2.3946242915393,0.28469218255086,2.76412851535023,15.0626493725955,0.802741741575838,0.56410532101862,0.435315582942633,0.480641055393398
3,"B_k25_ar07",5.39829797602425,6.07830896012681,4.33752403026271,3.94361378433327,5.39829797602425,"0.34 -0.85 0.95 1.14 -0.94 -0.4 -0.95 0.17 0 0.6",0.266092309159254,0.354442627429464,0.60037586586302,7.27442422224725,2.30817021764782,0.462031888549173,1.59681047805461,1.93566833910178,0.251874188141034,2.88272948829964,15.3045850924299,0.524774638774425,0.267654164474757,0.204229260403536,0.242170736374029
4,"B_k25_ar07",1.82265023775158,6.11660426187286,4.16959429051902,3.65213235635803,1.82265023775158,"0.27 0.14 -0.38 -0.34 0.43 -0.29 -0.66 0.86 0.12 -0.13",0.421126010791451,0.382007245019877,0.740670242159857,5.38660171849372,2.2535917435329,0.59118349156777,1.708055811626,2.26843809343163,0.29563213049749,2.79189214969407,15.0071688899862,0.967252272899845,0.899174827723295,0.856767367895908,0.876661994081841
5,"B_k25_ar07",5.56129336478515,5.82785818104116,4.105609725936,3.69914630205882,5.56129336478515,"0.12 -0.54 -0.77 0.67 1.06 -1.19 0.19 -0.29 1.16 -0.43",0.403995190886723,0.359567303723392,0.746986401540523,5.14847840400186,2.2993583897874,0.562488374341377,1.66729758096536,2.0799605156009,0.284921334928172,2.64608483020021,15.1444257073983,0.469602144527811,0.210774853462353,0.149960640253562,0.182658938529064
6,"B_k25_ar07",4.3445986570188,5.97912080821655,4.27677123510114,3.86580222335052,4.3445986570188,"0.16 -0.17 -0.15 -0.69 1.18 -1.39 0.61 0.12 0.3 0.05",0.354971378088561,0.355087089759072,0.706991541137643,5.62578400005899,2.3339450092343,0.523027113030172,1.63335930744929,1.99699229932952,0.274301044256816,2.72368931761445,15.224927834021,0.668051517396334,0.419972841681171,0.342240377180035,0.38688551282656
7,"B_k25_ar07",4.37048640680159,6.1311205987116,4.24628011852849,3.55944194216992,4.37048640680159,"0.46 0.27 -0.36 -1.07 -0.56 -0.48 1.33 0.57 -0.32 0.24",0.421609746646916,0.388936077995948,0.735013810863354,5.75616426286606,2.42115106321985,0.596338005512073,1.74528415416451,2.42685495652499,0.296169707122389,2.73213451709997,15.1804954824142,0.680243981738424,0.409230813143269,0.27721341856957,0.319330777524383
8,"B_k25_ar07",1.64179663060686,5.89101591665788,4.15386660921869,3.88966446838646,1.64179663060686,"-0.34 0.61 -0.35 0.07 -0.38 -0.18 0.77 0.27 -0.42 -0.09",0.356630453678075,0.366946031200139,0.696955179474388,5.41248478572445,2.28140183736535,0.531634425912888,1.6013880109768,1.93025690465859,0.270956255039388,2.52559987956811,15.1562825277095,0.973752695701858,0.923960655707617,0.908536200755957,0.922240712685062
9,"B_k25_ar07",2.68031039804123,5.97215074859556,4.20085032388438,3.74122816221399,2.68031039804123,"0.26 -1.11 -0.21 0.36 0.47 0.07 0.76 -0.62 -0.09 0.07",0.41453585993918,0.370476064384931,0.745620563063488,5.15422587942686,2.3433316295965,0.577727944865366,1.67804589522627,2.13661145724899,0.287904197269277,2.65701141591206,15.1207247370764,0.893053997107373,0.745760168304093,0.676054061138573,0.712190446453665
10,"B_k25_ar07",4.77852737771875,5.8702535793015,4.11120038605002,3.56427478863089,4.77852737771875,"-0.39 1.12 -1.06 -1 0.44 0.94 -0.3 0.24 -0.1 0.09",0.473300354513036,0.386376767966993,0.774653878478981,4.82754608099946,2.27725514464189,0.633421882928296,1.73600687302383,2.28487927156506,0.299832937741614,2.5042076121349,15.3005981827736,0.59020942768096,0.317067440759937,0.217719514386447,0.256490247428395
11,"B_k25_ar07",2.68150112428981,5.89885065778698,4.12668156752774,3.78280222364396,2.68150112428981,"0.26 0.04 -0.8 -0.34 0.1 1.27 -0.39 -0.28 0.06 0.11",0.381054086461838,0.381204087902276,0.706967619058192,5.33467905301764,2.26205498882237,0.559141856239385,1.64652150053665,2.03280125311474,0.276197452390599,2.70736472102294,15.2204804160317,0.888611199902315,0.734385383082332,0.682627658469084,0.718296205290194
12,"B_k25_ar07",1.91833826222341,5.99756204684472,4.4108128188037,4.35559333869757,1.91833826222341,"0.54 -0.54 -0.25 0.18 0.3 -0.53 0.59 0.23 -0.67 0.18",0.358874980539116,0.354023991601937,0.711901875375612,4.55982599264771,2.32153596602507,0.522923604035018,1.54475003796794,1.6364074643732,0.262835123029362,2.56841194397924,15.3727895695682,0.959853001093333,0.900731005159485,0.897683869616649,0.91278307596894
13,"B_k25_ar07",3.09551935493819,6.05529810503122,4.21528694103305,3.65328745080731,3.09551935493819,"-0.37 -0.74 0.67 -0.47 0.57 0.77 -0.46 0.07 0.48 -0.61",0.24672197977991,0.350091990660983,0.576056913380554,8.80825773533893,2.22407714454713,0.447480876791108,1.62097902437484,2.17319078687452,0.251801345225184,3.01758921132619,15.3611643086526,0.849951432406333,0.660725164149175,0.560580529013012,0.603098527918807
14,"B_k25_ar07",1.39362041352641,5.93335135743675,4.14419910745399,3.71103927687107,1.39362041352641,"-0.15 -0.42 0.21 -0.29 0.85 -0.3 0.38 0.06 -0.11 -0.32",0.433899954711997,0.387949660339171,0.745477428597417,4.9620808003355,2.22187350160229,0.603337901751176,1.6899743145067,2.15304663454284,0.28978208125897,2.53086339361705,15.1333737617679,0.985010919174248,0.952201535397033,0.933913911518929,0.944230270168264
15,"B_k25_ar07",6.03031995499978,6.06542024476903,4.36805637629868,4.06496305332263,6.03031995499978,"0.23 0.31 -1.78 0.87 -0.86 0.74 0.52 0.47 -0.1 -0.43",0.419682708203233,0.380905102749268,0.740488384409503,4.54677093193774,2.24414237155662,0.586688169925377,1.63545011978038,1.90820113829537,0.279167214516626,2.69246999687021,15.2689135636221,0.437391427601828,0.199117316678766,0.15732000450082,0.190775767621315
16,"B_k25_ar07",1.55470315124614,6.00388148504671,4.26467402970409,3.89525154152801,1.55470315124614,"0.49 -0.83 -0.04 0.27 -0.34 0.05 0.29 0.41 -0.42 0.13",0.412572319275578,0.380348168816109,0.735236571356228,4.85796797296902,2.22208882030581,0.58172267825414,1.670420279901,2.00426311357431,0.282079112298826,2.73687681387375,15.1226214130306,0.979443931719583,0.939694160665749,0.922014068618576,0.933961818465784
17,"B_k25_ar07",1.53513965958692,5.86830628298394,4.06979026764441,3.75505464551324,1.53513965958692,"0.73 -0.41 -0.65 0.05 -0.18 -0.21 -0.03 0.43 0.38 -0.05",0.352399907614,0.386142144960368,0.674097571646229,5.76887643939171,2.17993024683919,0.542450417908778,1.64445187807103,2.03295152427822,0.271137356200272,3.04730384844096,15.2024050647737,0.978328776032543,0.93307490410585,0.915947063842487,0.928672329802277
18,"B_k25_ar07",4.50887489699412,6.10255496660293,4.2230697105845,3.70016363385522,4.50887489699412,"0.58 0.33 0.18 -0.88 -0.91 -0.98 0.84 0.82 0.25 -0.13",0.425023259576177,0.392470215801425,0.734681912321429,5.27243970454913,2.24825345925748,0.599543824899146,1.71779312061886,2.24090950914632,0.289032830152482,2.73953009683288,14.9445781007021,0.656934044290853,0.381502333856198,0.28268590125051,0.325277993338294
19,"B_k25_ar07",1.96948880359299,5.82580830552655,4.07619019859223,3.67867816666835,1.96948880359299,"0.21 -0.4 0.07 -0.95 0.65 -0.12 -0.05 0.56 0.23 -0.21",0.448852171485333,0.38389007907313,0.759959198289475,4.66051193602482,2.41951003580372,0.612023915527612,1.68927551227703,2.09188090271806,0.291940625167956,2.53332677784972,15.0413925456805,0.952103082149242,0.869417408142295,0.830484168446327,0.853298978779938
20,"B_k25_ar07",3.03103884375796,6.06580864030106,4.36200256924411,4.16047368327119,3.03103884375796,"0.47 -0.51 -0.51 -0.68 0.59 0.32 -0.15 1.07 -0.21 -0.41",0.434527370526954,0.372759858450545,0.758990860923142,4.23010321554084,2.30638391906883,0.592738512478077,1.64078323425452,1.83809562730658,0.282620859703153,2.51674010383737,15.0947174180198,0.857543345219466,0.695285295385206,0.664969610100469,0.701788547436549
21,"B_k25_ar07",4.65474471788347,6.14570853479992,4.44745355565306,4.29408025274333,4.65474471788347,"-0.45 0.23 0.35 -0.92 0.8 -0.54 0.7 -0.7 1.08 -0.61",0.403565898020267,0.351788205589918,0.753808326118724,4.34094030608044,2.28561388136449,0.555316600500221,1.59663223481354,1.75185547287572,0.274584669367709,2.43416803642384,15.2442620903435,0.64075136425332,0.396861722116497,0.370006674510393,0.415212636375501
22,"B_k25_ar07",4.15078443078235,6.03546903584935,4.16797042275533,3.50193589664352,4.15078443078235,"0.48 -0.03 -0.82 -0.58 -0.34 -0.12 1.57 0.36 -0.06 -0.43",0.512199544176956,0.359755132363637,0.818318594494785,4.71502073549966,2.40417383643469,0.650620714257214,1.78470770301966,2.41503147150782,0.316975597750305,2.43395776300211,14.8738954158618,0.703313421894343,0.435321878046516,0.302539619753899,0.345647406169385
23,"B_k25_ar07",2.63347073128621,5.99583359853355,4.08005617059947,3.55420389558041,2.63347073128621,"0.26 0.03 -0.39 -0.43 -0.52 -0.25 0.95 0.66 0.34 -0.67",0.463432772681781,0.38455962994906,0.769554324233016,5.01136633344174,2.29445980257328,0.625357714874987,1.74338618217987,2.32243139483104,0.302910563829982,2.78065672773673,15.0552617314513,0.898700769616363,0.739012395042163,0.653454186116514,0.690978772707248
24,"B_k25_ar07",7.11957252121917,6.0350395702378,4.19886165509285,3.71331065271351,7.11957252121917,"-0.1 -0.54 0.23 0.5 -1.01 0.37 -0.54 1.44 0.97 -1.43",0.351828306560564,0.375667214107548,0.683569081040308,6.12108494666389,2.32065936372404,0.535515362645128,1.66425498926034,2.15357095109812,0.275759147658394,2.7675251012298,15.2536687153248,0.306122178701789,0.09428800557148,0.0532524448457375,0.0706203499089599
25,"B_k25_ar07",9.84534492919725,5.94525558855979,4.03869484161799,3.40543835973879,9.84534492919725,"-0.22 1.42 -0.47 -2.19 -0.25 0.89 0.2 0.9 0.54 -0.86",0.461426764374119,0.375119270872034,0.775941120313033,5.33982443144413,2.41547442030455,0.618729791957158,1.75643697086708,2.46393790972714,0.307509084336239,2.55323571267044,15.0856731168682,0.103453952859853,0.0128777206835138,0.00360386382540079,0.00580319868143686
26,"B_k25_ar07",2.75651868150282,5.95307006073828,4.22776834121892,3.77721069598632,2.75651868150282,"0.16 0.4 -0.7 0.2 -0.6 0.39 0.07 -0.57 1.03 -0.37",0.36582852654601,0.39799888170465,0.676725401477549,5.74080434290753,2.29570587012447,0.559560343695541,1.66629005430705,2.1001499939548,0.269968837007267,2.78231469250973,15.1561530901932,0.883489590467134,0.731911796054129,0.663390145070518,0.700314447383383
27,"B_k25_ar07",5.57789248452503,6.02460600694373,4.23792471890103,3.83617070649944,5.57789248452503,"-0.57 0.03 -1.03 -0.36 0.73 0.97 0.77 0.82 -0.58 -1.01",0.433258022497545,0.383768558765545,0.748566107230026,4.80069742477657,2.28054172599425,0.600230033920183,1.67575408093583,2.07994067286775,0.289842704569576,2.66285582313795,15.1469455141105,0.493013472406361,0.229801716607243,0.168581294814365,0.203183007311457
28,"B_k25_ar07",2.93516818754593,6.04289073883734,4.35959547846915,4.03676573777913,2.93516818754593,"0.74 0.26 -0.99 -0.37 -0.32 -0.5 0.58 -0.2 0.57 0.36",0.362359690213785,0.363588221377306,0.705909124280711,5.20976523417724,2.19416485539011,0.533402603588001,1.61851517406253,1.88780891634301,0.272151612531859,2.70556926996415,15.1479109592613,0.868204804558813,0.715091170125013,0.667266815095432,0.704053344545106
29,"B_k25_ar07",4.50532683221322,5.77294948198587,4.07159369454165,3.65155867821261,4.50532683221322,"0.68 -0.51 -0.08 -0.04 -0.77 -0.2 -0.42 1.09 1.08 -0.79",0.439125717148376,0.358080963353409,0.774997415835676,4.76545699392914,2.22225259688281,0.589189609157247,1.68986954584791,2.09263471999888,0.295550552248665,2.69219494154547,14.9472326048004,0.61924553053788,0.353918020180762,0.273769583071437,0.315891642715702
30,"B_k25_ar07",7.56377822364894,6.25810781551993,4.48129996766362,4.31669862177043,7.56377822364894,"0.24 0.96 -0.77 -1.41 -1.32 1.16 0.43 0.65 0.44 -0.33",0.337948042280274,0.346189253692728,0.698538195820166,5.23237075277104,2.31707350280157,0.503902514506574,1.57863933826346,1.76826945238354,0.26620069237966,2.65442598223598,15.302242927261,0.288304610991962,0.095984683771504,0.0814116187883408,0.104378958559756
31,"B_k25_ar07",4.58893224943552,6.09071712184259,4.33846007358524,3.94120983057153,4.58893224943552,"-0.04 0.66 -0.39 -1.12 1.02 -1.03 0.13 0.2 0.75 -0.14",0.334440626666623,0.370560522575427,0.670000239056738,5.9403274434963,2.38018933510629,0.519126762168173,1.61533860078175,1.98668683280784,0.268034654521124,2.73087959779602,15.3556509396417,0.644310823779507,0.388507190192666,0.315769580044655,0.359732459163631
32,"B_k25_ar07",2.43151729691612,6.05671287702625,4.20621079259019,3.7148167506661,2.43151729691612,"0.12 -0.44 -0.08 -0.17 0.2 -0.58 0.64 0.7 0.39 -0.87",0.431743126852752,0.423977845340722,0.713494079408616,5.20093405277024,2.46577690831791,0.624234279339164,1.71184278602462,2.24546753049798,0.281317319474352,2.82238986766172,15.0168809130001,0.921566504324107,0.796419308437916,0.731409256407987,0.763467676785059
33,"B_k25_ar07",3.29992410342446,6.03939393478182,4.23151639090712,3.88112788606669,3.29992410342446,"0.13 -1.09 0.26 -0.06 0.27 0.91 -0.45 0.44 0.31 -0.8",0.318968406958305,0.370735130003411,0.652199337194484,6.28663691567194,2.23072327988588,0.508282031151051,1.61503944195465,2.00523856211715,0.262600298724738,2.82475106418919,15.3668822248102,0.82335527936849,0.619885340754304,0.55802704305888,0.600664299497203
34,"B_k25_ar07",8.29807501242394,5.98500495492234,4.27124422869579,3.92286448719506,8.29807501242394,"0.51 -0.29 -1.65 -0.52 1.85 -0.3 0 1.09 -0.35 -0.36",0.411867534994492,0.359025283708562,0.753807832021903,4.77329085756811,2.3053615682456,0.568297647623588,1.65022426728838,1.96596353931832,0.286907424978478,2.66176631184241,15.1969840605539,0.196084858327827,0.0498315070542272,0.0315369111866356,0.0435341042782128
35,"B_k25_ar07",2.22340679105034,6.0474872601254,4.2650156507739,3.96248071950113,2.22340679105034,"0.41 -0.62 0.02 -0.83 0.21 0.39 0.39 -0.05 0.59 -0.53",0.494567121009126,0.363352774190416,0.805883882302001,4.0611979634133,2.31788124824231,0.635476098848005,1.69802567802151,2.00853498461344,0.299488832307349,2.43626649832258,14.8122135414006,0.938574513128204,0.839728437679735,0.808844404430752,0.833810547172673
36,"B_k25_ar07",5.03931262724604,5.89252312796516,4.08405988143027,3.57135957310058,5.03931262724604,"0.46 -1.1 -0.36 0.1 1.55 -0.99 0.12 0.23 0.14 -0.16",0.466640662338004,0.406535956386593,0.753995968894324,4.84839737881039,2.29019463530915,0.639728361195229,1.72216852521331,2.26245936412592,0.293874161216976,2.80157059489413,14.98424796856,0.553128164288623,0.273685727292241,0.185897426961263,0.222180679571156
37,"B_k25_ar07",4.77751641821314,5.94323536603196,4.21614352877201,3.91839274679142,4.77751641821314,"0.5 -0.44 -0.56 -0.48 -1.06 -0.06 1.49 0.52 0.36 -0.19",0.365981974024795,0.371326664942128,0.701962578389965,5.32532289041501,2.33620651577454,0.54197163303483,1.64341184086954,1.94897218375351,0.275688988114598,2.75268599833055,15.1184303427238,0.599011565352799,0.336097985232635,0.282225047414298,0.324875943786616
38,"B_k25_ar07",7.53905063840087,6.01423246393281,4.17345727429638,3.71366388115355,7.53905063840087,"0.35 -0.9 0.04 -1.03 0.53 0.19 2.13 -0.62 -0.45 -0.3",0.494818433636724,0.396885110994261,0.780075811709424,4.47794113073806,2.50050659211804,0.655999918282469,1.73262881988399,2.21576781622926,0.301202205742585,2.7280059598949,14.9514987686023,0.262527721609387,0.0717424403167736,0.0402224326610083,0.054402516433416
39,"B_k25_ar07",4.06152363175405,5.9144863603768,4.00304403593919,3.29152220889799,4.06152363175405,"0.34 0.41 -0.85 -0.69 1.25 -0.49 0.32 -0.32 -0.47 0.59",0.377921736965119,0.413748207460508,0.674416924118052,6.70992861028519,2.41272420910378,0.580643925045333,1.72305190833888,2.53582787531093,0.280897914486064,2.93334572033204,15.0611158352959,0.703611337000144,0.421257294399963,0.273709949271311,0.315946276887946
40,"B_k25_ar07",10.1840921055607,5.99308672115828,4.29561783308913,3.90031997444746,10.1840921055607,"-1.03 0.14 1.52 -2.1 1.1 -0.21 0.46 0.31 0.47 -0.77",0.331145043630134,0.369853015487783,0.667045336124263,5.91435324426444,2.29781341591185,0.515912016566092,1.61860800015543,1.95850876311598,0.264794493649831,2.85004282456498,15.4432876305509,0.0929127961377485,0.0155215763032635,0.00771049007101088,0.0118237619185633
41,"B_k25_ar07",1.66480740297824,5.99700371956702,4.17346117679829,3.59770041169394,1.66480740297824,"-0.24 0.71 -0.71 -0.19 0.46 -0.08 0.15 0.34 -0.45 -0.01",0.370523805470815,0.383134713389917,0.695177505003689,6.13486754696356,2.21594955465251,0.55389290088122,1.67119528512148,2.27311446956034,0.279699933018925,2.95881219431084,15.1684691132872,0.974089505702145,0.921690367563907,0.88237036003791,0.89932129947444
42,"B_k25_ar07",2.71201068032079,5.90112976469427,4.14793970832932,3.83509512070977,2.71201068032079,"0.76 -0.52 0.19 -0.39 -0.72 0.04 0.22 -0.05 0.97 -0.42",0.458011654995552,0.394379233879008,0.757784911378328,4.4126599581517,2.38074078452062,0.624612412011094,1.68467260157355,2.02104969036567,0.287602285649916,2.60416005183619,14.9896176094976,0.885651905041551,0.731355151621138,0.684250817896788,0.719802623056108
43,"B_k25_ar07",5.72532858485271,5.9808183196614,4.15732597620306,3.73647635125214,5.72532858485271,"1.56 -0.74 -0.68 -0.1 -1.02 -0.55 0.75 0.5 0.3 0.19",0.439100682454004,0.366941609755832,0.767340165507717,4.89164255508355,2.30320490620717,0.594705361138886,1.70254787232356,2.14792358425824,0.294633798459379,2.6196008505819,15.1195688317408,0.467075204913519,0.200677282959518,0.140410666910457,0.171899339146439
44,"B_k25_ar07",3.44930038019066,5.98882046575723,4.27186781584331,4.06234725908345,3.44930038019066,"0.63 0.26 -1.09 -0.91 0.92 0.1 -0.09 -0.16 0.14 0.26",0.322977387217715,0.350001116686355,0.678166080016654,5.59811547369079,2.34389644613736,0.496564111531084,1.59078452766558,1.80806470903571,0.26630988322626,2.70160727793208,15.2032090417623,0.799068624678185,0.594674038520105,0.558456185196857,0.600954466634178
45,"B_k25_ar07",1.93632622041624,6.02945773027571,4.32211369310202,3.95099056985697,1.93632622041624,"-0.29 -0.09 0.3 -0.94 0.32 -0.16 0.74 0.36 -0.04 -0.24",0.384177865051311,0.362652417818474,0.72718531637526,5.13465567789651,2.28922212807728,0.548822203860024,1.63837416022564,1.97262105610787,0.276813459554788,2.5585332803552,15.1508771227027,0.959407811583173,0.892882896583499,0.864152860292328,0.883272840922201
46,"B_k25_ar07",3.27665206964583,5.95642438843283,4.08501549933882,3.70921622450907,3.27665206964583,"0.09 -0.3 -0.41 0.81 -0.66 0.51 -0.22 0.67 0.43 -0.99",0.412912348320847,0.371820811756713,0.743115414755257,5.19300470971718,2.21403284959896,0.57745967666967,1.66555360309258,2.14425576953054,0.288388616069307,2.66492937694717,15.1118986682667,0.819988075479348,0.599512062651494,0.527889709808088,0.571392286925504
47,"B_k25_ar07",4.37831390857243,6.18155972177235,4.26859860876024,3.74968719241002,4.37831390857243,"-0.06 -0.21 0.71 -1.51 0.47 0.05 1.01 -0.17 -0.48 0.16",0.396923108785942,0.39787150952705,0.706262512470968,5.7090808261397,2.28200175742389,0.582605592045596,1.69649534691973,2.26606610982158,0.282864779151356,2.6271647476346,15.139697518847,0.684870281336524,0.412576252544848,0.313679396321203,0.357463839861315
48,"B_k25_ar07",1.81469093716451,6.06871198558834,4.25239381531978,3.98322653934034,1.81469093716451,"0 -0.39 0.01 0.44 0.64 0.24 -0.56 -0.78 0.17 0.23",0.455155995192161,0.386004830059371,0.762664630540342,4.38357723202105,2.39240273471079,0.617515222969204,1.65440273240948,1.99521145754224,0.288425299515869,2.52007067485436,15.1433838950995,0.967254890368205,0.90575109268085,0.887049714670316,0.903425237930391
49,"B_k25_ar07",4.58314348781408,6.19830105547215,4.4943019635344,4.22620247605138,4.58314348781408,"-0.06 -0.1 -0.08 -0.19 0.75 -1.24 0.27 0.88 0.72 -1.03",0.377397587527699,0.371734507558043,0.712431813751969,4.91897437909894,2.28684002144679,0.548826941287575,1.60506843371484,1.8564090637825,0.269072910463284,2.53995603768345,15.1897091433774,0.657215449955761,0.41735077826053,0.369545792228837,0.414706273588824
50,"B_k25_ar07",1.89405177877278,6.02160750561979,4.20875564255559,3.66775518531611,1.89405177877278,"0.21 0.2 -0.88 0.02 -0.22 0.22 -0.37 0.87 -0.15 0.15",0.419981865145149,0.389326160822535,0.733365282003183,5.27557343595428,2.32235323242782,0.594515299107003,1.71353863673897,2.21564517134228,0.291791684306396,2.68627469606412,15.0410921131659,0.96163040900853,0.891121613906545,0.844478232132029,0.865767418643435
51,"B_k25_ar07",5.5903968789505,5.90279133570805,4.07524219993643,3.71741173592728,5.5903968789505,"-0.17 -0.18 0.84 -1.39 0.59 -0.55 -0.06 0.43 1.19 -0.78",0.48339265568629,0.388938927178851,0.779116546063216,4.38883027972592,2.35072875086701,0.641891803982937,1.70472324417322,2.12152832427312,0.296864800762632,2.53949571987111,14.8408156338034,0.475127937850581,0.203232037112093,0.150316996576076,0.182899769218572
52,"B_k25_ar07",3.81697469712121,6.01039564016406,4.26193547736171,4.03009393265161,3.81697469712121,"0.73 1.02 -0.81 -0.95 -0.7 0.02 0.3 0.24 0.22 0.05",0.349158426710796,0.365460994223311,0.690795866957218,5.34584230747845,2.2576759273952,0.524918683856588,1.5903175249415,1.86654588952319,0.267365836749986,2.68463995418489,15.1967219440039,0.749224565382514,0.517614193612361,0.474823750703325,0.519714196108759
53,"B_k25_ar07",3.38076481504747,5.84651283667866,4.09745675191542,3.81378408862391,3.38076481504747,"-0.02 0.72 -1.16 -0.16 -0.78 0.58 0.46 0.3 0.37 -0.32",0.349274933998527,0.384152366886054,0.67272078394925,5.63013665157033,2.18630661932008,0.5378969497415,1.62731371800445,1.96646560737992,0.265501147240501,2.84229832403411,15.1786715414922,0.797697359203185,0.579791830674344,0.526456402995681,0.570181423755846
54,"B_k25_ar07",6.14145449569274,5.81927368012998,3.96284506664217,3.18317113027947,6.14145449569274,"0.7 -0.51 -0.13 -1.06 -0.24 -0.12 -0.25 0.78 1.7 -0.8",0.51486835078833,0.365515258501385,0.815413836921449,5.23389520289557,2.2849371200979,0.656635514586163,1.81663833641392,2.69476699131379,0.321506078823323,2.54316862798199,14.8667951453004,0.390835629422039,0.135646134043159,0.0536964525409811,0.0707911742550572
55,"B_k25_ar07",2.05236533803883,6.08679925246278,4.2278235554051,3.5064657288153,2.05236533803883,"0.48 0.25 -0.58 -0.05 0.13 -0.58 -0.68 0.66 0.4 0.07",0.438694504801355,0.400955800107217,0.73814302662344,5.58240090217385,2.29016129247819,0.616290683166001,1.73443696781597,2.4489685993818,0.296363820577854,2.68146607344746,15.0091229810408,0.952668677123963,0.867534462033916,0.789617363514403,0.816482794070558
56,"B_k25_ar07",3.86109806448495,5.91648682991248,4.25880619644938,4.08147686546265,3.86109806448495,"-0.12 0.09 -0.77 -0.11 -0.3 1.6 0.17 0.27 -0.35 -0.59",0.335820856015908,0.365960645479365,0.676115027202375,5.24927454098656,2.25475239375361,0.514933321243958,1.56951423001332,1.76281586981662,0.259001518078685,2.69212537731842,15.1643969533205,0.733980548346818,0.50849293181455,0.475930077199742,0.520838344140568
57,"B_k25_ar07",6.13783396954409,5.96210482848671,4.17477232187592,3.83355290082652,6.13783396954409,"0.28 0.65 -0.45 -1.84 -0.61 0.86 0.88 0.23 0.28 -0.22",0.482745027570025,0.379662941106886,0.786030897501295,4.31137080228281,2.42091751033615,0.635594328003375,1.71321417629809,2.08129281681261,0.296258477242787,2.54973414999509,15.037747499377,0.410192571346534,0.162246208957134,0.119237410199384,0.14795579746255
58,"B_k25_ar07",2.31520663038955,6.04406384230067,4.35941873332642,3.99665575130699,2.31520663038955,"0.18 0.02 -0.71 0.78 -0.19 -0.84 0.24 0.39 0.39 -0.26",0.466941488415742,0.393787479530354,0.76444832252051,4.27291424541258,2.16669153438262,0.630140367726355,1.68312830373681,1.99520093762578,0.284072111184154,2.69143984411274,14.6991791104743,0.931124970248648,0.83331479609229,0.794723234378961,0.821110959724337
59,"B_k25_ar07",3.57378648338115,6.11346346279889,4.2975001722095,3.87433761429768,3.57378648338115,"-0.14 -0.94 0.68 -0.44 0.7 -0.38 0.23 0.62 0.42 -0.87",0.407691275405701,0.380233894677929,0.731303927639785,5.10831160452192,2.25033140785933,0.577914670722669,1.66226441484399,2.08261407321729,0.281717520164051,2.67816294313989,15.0711757464654,0.792269813347857,0.573051511244341,0.495198150808107,0.53965981919591
60,"B_k25_ar07",3.91026837011429,6.12748598375816,4.51286138320027,4.29154053233384,3.91026837011429,"0.98 0.05 -0.21 -0.52 -0.52 -0.97 -0.11 0.97 -0.16 0.66",0.327050288221717,0.36216076157379,0.670215541402883,5.25116994778402,2.23710509063454,0.506222463580563,1.55977739088278,1.71739664492398,0.257652251865735,2.84032995353472,15.2365228982196,0.746932012693242,0.543120393387515,0.505392344766168,0.549700965399324
61,"B_k25_ar07",7.09404307054395,6.0280798852447,4.37663666062681,4.16926686876893,7.09404307054395,"0.19 0.42 -1.3 -0.03 0.82 -0.67 -0.95 1.28 0.98 -0.73",0.401340748015814,0.367222084110636,0.737770625848507,4.46766530610993,2.32625491848569,0.564095631024958,1.60923451215074,1.79305613583846,0.276456780902336,2.72000496723257,15.160860332086,0.307912041128279,0.113678548657372,0.0929976955256614,0.117844299198264
62,"B_k25_ar07",5.15981258631202,5.97461156815811,4.22108245401108,3.82986420787493,5.15981258631202,"0.28 -0.58 -1.12 1.13 -0.82 0.43 1.07 0.08 -0.09 -0.44",0.368017142810104,0.379013521752736,0.696622617835647,5.54548330357039,2.22688375965956,0.548048268848728,1.64712388553242,2.04083292088111,0.273180161969488,2.68617953291304,15.1007700229128,0.546216671337023,0.280295529752072,0.214379634962327,0.253021145227734
63,"B_k25_ar07",4.05169391106266,6.13577875484772,4.41696098741682,4.0867874011726,4.05169391106266,"0.73 -1.22 -0.81 -0.03 0.96 0.52 -0.02 0.23 0.01 -0.38",0.377156745671484,0.377269075982744,0.707001488611721,5.04161215145587,2.27141091971624,0.553320448766199,1.63426676492007,1.9014780319809,0.27382288574346,2.78986827056738,15.2041010473414,0.727084531901261,0.499491795317398,0.439347568328664,0.484669441705895
64,"B_k25_ar07",3.14767950967756,5.91997609430967,4.20720282450437,3.84330694962753,3.14767950967756,"0.25 0.18 -0.67 0.12 -0.83 0.06 1.01 0.59 -0.73 0.03",0.295003822803931,0.367187118735671,0.626317243607632,6.67532160022181,2.17652659511638,0.489608338612955,1.59557910727977,1.96924539051109,0.256562335446694,2.79263965761774,15.3028312993114,0.834657895738989,0.647514968888335,0.584886776129959,0.626310097561304
65,"B_k25_ar07",3.02737543756386,5.98106765482021,4.20220486790262,3.75297916834489,3.02737543756386,"0.74 -0.25 -0.85 -0.58 0.13 -0.46 0.7 0.46 0.54 -0.39",0.390985272220489,0.371354980320643,0.725074463243664,5.46718746312455,2.30534743401916,0.56064815001601,1.67150674913479,2.1375897785502,0.283271440849041,2.73948270015112,15.0324415330206,0.853660273187314,0.672471733003127,0.594927141009304,0.635744920036352
66,"B_k25_ar07",4.51590212039783,5.95644902104969,4.26587084341866,3.81096346504084,4.51590212039783,"0.57 -1.09 -0.53 0.2 0.49 0.06 0.89 -1.12 0.62 -0.06",0.439517238877535,0.390884012574908,0.747238745667555,4.7578028046322,2.31797561405814,0.608532362094959,1.69528654513947,2.09113635181574,0.285898613066954,2.56718447859112,15.082197815272,0.640010641390512,0.388216289426329,0.302811192606883,0.346299650571598
67,"B_k25_ar07",1.6146115532209,6.08828272758396,4.19227864619352,3.49022817252425,1.6146115532209,"0.39 -0.24 0.46 0.04 -0.53 -0.7 -0.24 0.49 0.34 0.06",0.397839793865348,0.417126507714841,0.690179388824,6.21238550172562,2.34385872471968,0.596633895718442,1.73580767584686,2.4715341674186,0.282593772107045,2.94693388155298,15.1227745170713,0.977539035546085,0.928756935621997,0.88235646114856,0.899297076971982
68,"B_k25_ar07",6.86668799860648,5.9639639085986,4.17904097863339,3.74002724049243,6.86668799860648,"1.02 -0.79 0.08 -0.66 -1.08 -0.13 1.42 -0.4 1.09 -0.46",0.525600522075679,0.380684533657456,0.809885565968303,4.10055466011201,2.39529855299308,0.670464000629433,1.73330329854772,2.15525367015473,0.303505801556812,2.50952149434135,14.7788376333734,0.324161817170101,0.107387387436258,0.066153513857499,0.0861695244777366
69,"B_k25_ar07",3.63842086589352,6.16096127232921,4.24187694312313,3.83183841240608,3.63842086589352,"0.87 -0.3 -0.92 -0.44 -0.43 0.25 -0.49 0.97 0.56 0.04",0.390224969225642,0.386322074271028,0.710651696534678,5.54880870324667,2.19796109931231,0.569797130896167,1.67373325161879,2.16528370546341,0.280884336985231,2.8405192132432,15.2476486085231,0.787632590690809,0.55098607224702,0.473033766796506,0.517972965586787
70,"B_k25_ar07",1.39838602236495,6.13367519890813,4.29626804027187,3.84666928672107,1.39838602236495,"0.39 -0.13 -0.43 0.08 -0.4 -0.25 -0.24 0.06 0.86 0.14",0.423617455614781,0.381736313089268,0.742874924872591,5.07315449620779,2.32515684191278,0.59175168396927,1.68593792776602,2.14907679962423,0.288209240895751,2.717951117993,15.1923866237203,0.986460140268359,0.956927977715191,0.939942302328721,0.949423292449144
71,"B_k25_ar07",2.97780511847415,6.01741498338224,4.30521177558815,4.1604948885279,2.97780511847415,"0.05 0.31 -1.05 -0.12 -0.35 -0.08 1.09 0.26 0.36 -0.5",0.44396748049803,0.372944044048185,0.765695215273983,4.13007575673757,2.43278323104806,0.599242546331012,1.61665119271496,1.83361932798477,0.278907516714584,2.49732199167172,15.1502202629012,0.861806545909104,0.698673919228471,0.677172620627157,0.71329251968531
72,"B_k25_ar07",1.35654667969136,5.79910603229384,4.06341573525848,3.73870577018004,1.35654667969136,"-0.07 -0.26 0 -0.25 0.99 -0.15 -0.4 0.14 -0.14 0.14",0.441975059017234,0.389707115666773,0.750065872210112,4.59700947752711,2.29582582113341,0.609256101277338,1.67625380568377,2.03176353513283,0.284879606373843,2.70142570208,14.9062886522931,0.985117595844426,0.953510407251811,0.940402326383564,0.949819485881999
73,"B_k25_ar07",4.82602380918487,5.95587803892486,4.20978484048647,3.84836427784338,4.82602380918487,"0.65 0.17 -1.46 -0.19 0.4 -0.67 0.8 0.15 0.77 -0.57",0.419698770718947,0.382882581422521,0.738766469701791,4.86949990177374,2.19168611036363,0.588376025546368,1.65844084102719,2.04372312279048,0.282400968770801,2.91560604267377,15.081931470839,0.593176851659269,0.327360418696211,0.262361602109702,0.304041973170535
74,"B_k25_ar07",4.11278367455406,6.12928591211099,4.30217298800921,3.83273232386651,4.11278367455406,"0.93 -0.93 -0.87 0.33 -0.48 0.07 0.07 1.06 0.21 -0.36",0.368951660132704,0.385519215108388,0.691412621165665,5.76492452655417,2.25031357296738,0.553688860781589,1.67150213229906,2.1269784746119,0.275593363416483,2.86473543171042,15.107952057873,0.717646370548876,0.467138826341338,0.377680739887242,0.42286808403172
75,"B_k25_ar07",2.92392980988968,6.14192112816598,4.25587616529827,3.76329323753256,2.92392980988968,"0.15 0.11 -0.65 0.34 -0.82 1.16 -0.55 0.15 0.08 0.05",0.486371778144389,0.408530858895227,0.765721484223538,4.58055790849782,2.44177530465463,0.655945457105979,1.74016419633629,2.22785409484943,0.296128892811605,2.69940135204306,14.8328435088534,0.8747024919495,0.702258336517086,0.621366068006858,0.660791759391157
76,"B_k25_ar07",2.32814808814103,6.0475403185898,4.21701207870051,3.9273500228398,2.32814808814103,"-0.37 -0.56 0.27 0.5 -0.17 0.24 0.4 -0.4 0.74 -0.78",0.447804332811994,0.386930817161423,0.75666357689567,4.46550900731408,2.31212452843521,0.612635490292574,1.6808950616037,1.99967428168623,0.289441438155517,2.71590283399189,14.9733855140977,0.929664049788407,0.816701958203902,0.783815785541251,0.811245707985977
77,"B_k25_ar07",5.21227156660068,5.94775601959199,4.20350696887564,3.75397973594524,5.21227156660068,"0.08 -1.43 -0.37 0.82 0.65 0.1 1.18 -0.2 -0.54 -0.43",0.467499042510928,0.384520052659271,0.772318537314599,4.53428930478131,2.41651825610884,0.62667509962968,1.69190462243507,2.1197759084528,0.293882129024524,2.49310902861327,15.0095365036649,0.535197162842824,0.270241466776603,0.195794323516087,0.232860181121558
78,"B_k25_ar07",6.60187558521396,6.12590334787771,4.20725567440319,3.50110032023585,6.60187558521396,"0.36 -0.72 -0.71 -0.48 0.33 -0.3 2.17 -0.41 0.09 -0.37",0.45841875828383,0.375633688272464,0.773490861858965,5.441615806021,2.33426309039438,0.616082019408099,1.75945670151646,2.49453876085381,0.304372434976779,2.54756033960503,15.0108261134254,0.374498417540006,0.128575998185636,0.0586847210996312,0.0770723268336212
79,"B_k25_ar07",1.70273611305198,6.1525370096461,4.28225371528583,3.65845009571941,1.70273611305198,"0 -0.29 0.96 -0.51 -0.33 -0.06 -0.08 0.54 -0.16 -0.07",0.396431796378436,0.395974223327369,0.707514980427669,5.88838640954774,2.35214951479014,0.581291406091738,1.69951966691016,2.33434360210738,0.284346391744544,2.84762092886943,15.1799545317426,0.974272298083333,0.922070231603955,0.880241069018949,0.897423832109378
80,"B_k25_ar07",6.00588497337944,6.02803764389769,4.28008246436095,4.02592803642412,6.00588497337944,"0.43 -0.39 -0.75 -0.3 -1.23 0.7 0.76 1.02 0.68 -0.97",0.413707982469983,0.385728539241711,0.731406957010289,4.67324662871941,2.38065048183716,0.585179544419322,1.65310638419271,1.93335943435216,0.277258910913951,2.61578415007383,15.1701112436773,0.435799181524273,0.189268744272788,0.154327441344292,0.187447429922369
81,"B_k25_ar07",4.77684022078462,6.04276513330576,4.20950531842449,3.73574879911621,4.77684022078462,"-0.1 -0.87 0.71 -0.61 0.54 -0.49 1.03 -0.02 0.71 -1.02",0.39868296350862,0.38266923036132,0.721447359444656,5.46540635928746,2.2260088637712,0.573499946994083,1.67570864776893,2.17896440409959,0.282501435562749,2.7148251971796,15.2381320297132,0.611070899298803,0.334886645651793,0.248880834726512,0.289838532450808
82,"B_k25_ar07",3.75397625874637,6.14812914153025,4.39834971766385,4.25656063897968,3.75397625874637,"0.76 -0.47 -1.04 -0.04 -0.07 1.17 0.45 -0.49 -0.28 0.03",0.339958383245657,0.355699036212543,0.690930214041245,5.18461850618154,2.14253942053923,0.511391755369681,1.56690278006365,1.76255452510699,0.264181597159954,2.80086005796318,15.2466760784239,0.770313829583558,0.55421790708243,0.52987778308152,0.573422648503512
83,"B_k25_ar07",2.96874795601646,6.03317710884696,4.09073901499969,3.45822704140104,2.96874795601646,"0.57 0.19 -1.01 0.24 -0.39 0.18 -0.07 -0.74 0.83 0.32",0.439389815992419,0.371087935716633,0.763989076604372,5.5613690352919,2.35355369007442,0.598659708037884,1.73731184823915,2.44360891708284,0.301875789346911,2.5505996541094,15.0128970737412,0.863513313628953,0.667302131983893,0.549220396583718,0.59194383093622
84,"B_k25_ar07",6.09257435780317,5.92957412476724,4.02195740290649,3.50558752264217,6.09257435780317,"1.1 -0.88 0.74 -0.71 -1.24 -0.26 0.42 0.53 0.88 -0.49",0.413009977656371,0.394942985454493,0.722738033259027,5.66687153437855,2.39517186263587,0.592920383222401,1.71318607178596,2.34047448579521,0.28854948471798,2.70591145360949,15.2650439407605,0.411543209562675,0.146023795255088,0.0847606974308484,0.108254401150318
85,"B_k25_ar07",2.25200422944924,5.93637736021764,4.3195989221067,4.20034142947688,2.25200422944924,"0.48 0.07 -0.26 -1.06 0.04 0.09 -0.28 0.81 0.26 -0.08",0.394042468361648,0.348233060641605,0.749320136424306,4.355250083185,2.26703662393714,0.54575571996147,1.56926824185281,1.71615349311049,0.272306221071322,2.31418411332379,15.343441981075,0.933362253252756,0.840694707701218,0.830249725863346,0.853133722206458
86,"B_k25_ar07",5.98215058824228,5.9589535482041,4.16182551669719,3.97045766981653,5.98215058824228,"1.16 -0.04 -0.43 -1.73 -0.13 -0.24 0.64 0.92 0.23 -0.28",0.36038722541503,0.349876344249585,0.717492386193107,5.1984313038345,2.24749980810078,0.52400747832414,1.61104176595107,1.87344823409955,0.27785619334115,2.57660129377305,15.2679054043192,0.42981037829281,0.175052405576584,0.148956945712437,0.181525153236749
87,"B_k25_ar07",3.06521457358334,5.83175118268171,4.22501591965251,4.13857484923754,3.06521457358334,"-0.09 -0.24 0.14 0.08 0.11 -1.17 0.67 0.86 0.2 -0.6",0.31309762966799,0.362455586546363,0.65370095321891,5.36607448935243,2.36722070287907,0.49671152480651,1.54452650078026,1.68010520323811,0.252974881118731,2.66957455849892,15.3013170042965,0.838324463957079,0.667913046397256,0.654629727567933,0.692191401892555
88,"B_k25_ar07",5.96487949095863,6.24520000462023,4.48109776758052,4.19179977115366,5.96487949095863,"0.57 -0.34 0.42 -1.51 0.08 -0.24 -0.51 1.63 0.16 -0.23",0.320304614030335,0.343103768204258,0.682402993558385,5.76129633902462,2.27116729343879,0.489959677082262,1.58608911619623,1.84536980018566,0.266242034048027,2.60260605515645,15.3061625719316,0.468852061236314,0.222045609600206,0.180633395006543,0.216531888640505
89,"B_k25_ar07",1.20603542223876,6.07624341599348,4.196640411153,3.57373558703274,1.20603542223876,"0.08 0.49 -0.16 -0.2 -0.63 0.06 -0.05 -0.36 0.43 0.42",0.384061603545203,0.404534074383192,0.688517840180024,6.11876770514436,2.29215345043022,0.57814136452311,1.70237680832475,2.34998373655835,0.28027794767608,2.98260339842563,15.1612542545573,0.991554977741814,0.971087129423524,0.952226743779867,0.959965035914736
90,"B_k25_ar07",3.1278548396711,6.082114845711,4.33832414577134,3.98533846305262,3.1278548396711,"0.38 -0.23 -0.82 -0.51 0.11 0.7 0.4 0.91 -0.53 -0.47",0.395667049085834,0.403004390177655,0.700581074677496,5.02872282407584,2.19148434053225,0.583523366875468,1.65348942663076,1.98969992047267,0.272510511372065,2.87754000311866,15.2136190007691,0.847418197388354,0.672218246747512,0.615377127806453,0.655245040346331
91,"B_k25_ar07",8.81365218786981,6.05080388335495,4.19976263740995,3.59563955131367,8.81365218786981,"0.76 0.02 1.21 -1.67 -0.78 0.02 -0.14 -0.85 1.62 -0.01",0.42636970112386,0.387142415447108,0.740343037119987,5.46141510034671,2.30768406793199,0.597172038310462,1.71387549724433,2.32858192404816,0.289804881201022,2.65099692887733,14.9755675333766,0.166929723636625,0.0331771494511155,0.01248782512278,0.0184561534501004
92,"B_k25_ar07",5.90072198350152,5.98368876562393,4.13999629008113,3.57722289008724,5.90072198350152,"-0.13 -0.5 -1.02 -0.09 0.57 0.48 0.66 1.4 -0.39 -1.22",0.466605481693631,0.412012928030967,0.7495969470164,4.99620466099961,2.48143078670934,0.643507208344196,1.74143931635125,2.33125648248569,0.295351483450322,2.70012943601048,15.0106888274199,0.443506694262223,0.179883534361416,0.106074929438752,0.132879667001924
93,"B_k25_ar07",4.12039925832017,6.16235639883324,4.4813348590547,4.33302327439098,4.12039925832017,"0.04 -0.46 -0.26 0.77 0.3 0.34 -1.51 0.83 0.14 -0.21",0.387898651835274,0.341217288981785,0.750841683492482,4.43681255192842,2.15162589314496,0.537115635532585,1.58176547313984,1.72103360733886,0.275005316621632,2.61935675270799,15.1323804876489,0.719657303981383,0.496663839118469,0.47139715356625,0.516261882631301
94,"B_k25_ar07",4.09540634337787,6.01719539469072,4.32837778686941,4.14733820471333,4.09540634337787,"0.79 -0.49 -1.11 -0.33 0.94 0.17 -0.63 0.06 0.75 -0.1",0.337167823338571,0.375854782829659,0.66775861675687,5.27952961134066,2.27697220029727,0.5233642071478,1.578116135823,1.78008750730726,0.261088321982197,2.83186778741199,15.3214756164232,0.709417859632619,0.475355165771604,0.442594017152534,0.487967238001701
95,"B_k25_ar07",7.08495100606154,6.03592314253574,4.39902734554302,4.27201183322761,7.08495100606154,"0.65 0.04 -0.37 -0.91 0.67 -1.45 1 1.3 -0.64 -0.23",0.449778369948526,0.362831197696513,0.778322802102198,3.85301713830041,2.35202834744486,0.597520005688089,1.60367384642218,1.73300376784849,0.279409414053681,2.38861427299929,15.0302538673552,0.309753061533839,0.116029028722237,0.103200106224905,0.129719455231685
96,"B_k25_ar07",3.00497575357429,5.8980620913265,4.0964945448569,3.49299502154506,3.00497575357429,"0.75 -0.53 0.23 -1.21 -0.16 -0.18 0.49 0.4 0.41 -0.12",0.516143902094068,0.381257328658852,0.804355133881883,4.62289708747555,2.32034469996011,0.664690407636773,1.77731033998333,2.38608014170893,0.310178692420078,2.61405629482832,14.9301265310059,0.851261462073874,0.660750971767567,0.54713984659839,0.589855278720304
97,"B_k25_ar07",3.51464612425633,6.00259755121518,4.327371026479,4.22367560484798,3.51464612425633,"-0.06 0.34 0.4 -1.2 0.31 -0.75 0.13 1.05 -0.11 -0.1",0.420060370020236,0.342642360095588,0.774899778381108,4.14527772171658,2.34175602402003,0.562666962067226,1.59100032237704,1.74126689362091,0.279746818244241,2.52685974988795,14.9886359152169,0.79054645080128,0.589586465782074,0.571964749638812,0.61377086569826
98,"B_k25_ar07",3.6082072552401,5.75945585908497,4.02100318139427,3.56692833894079,3.6082072552401,"0.48 -0.65 -0.19 -0.78 0.76 -0.83 0.9 0.47 -0.01 -0.13",0.414484812204563,0.394048764674429,0.724747756178167,5.21523952105818,2.24610816909107,0.592473540859642,1.68665068782177,2.16163757348761,0.283912595512723,2.85509213637506,15.2077577526605,0.756062677650875,0.516200266823107,0.423495009936169,0.468900731806289
99,"B_k25_ar07",1.9919861238327,6.04821173852155,4.25837021871555,3.87800921892782,1.9919861238327,"-0.7 -0.15 -0.06 0.54 0.3 0.18 -0.1 0.37 0.35 -0.89",0.401568216389131,0.397663014292647,0.710553362819918,5.15721035376855,2.31513844169582,0.584292023168543,1.66423998879993,2.0709717633064,0.275274710468275,2.82985947917148,15.0267852068457,0.9562509557015,0.880033269875603,0.847235676413057,0.868262009202069
100,"B_k25_ar07",7.61218971229675,6.1010621750674,4.36012224024655,4.04332655673565,7.61218971229675,"-0.12 -0.41 -0.73 -0.93 1.15 1.45 -0.1 1.13 -0.92 -0.68",0.45742447442869,0.353349687866353,0.791380985007813,4.25192146105165,2.2985034175624,0.600109483241359,1.65744389542107,1.94493293963362,0.294579993064399,2.49008978261049,14.9892833668373,0.265686966258533,0.0829557483237047,0.0586872900139496,0.0771610086349903
101,"B_k25_ar07",5.54117060042132,5.96722203925891,4.06363864446408,3.62969473602368,5.54117060042132,"1.12 -0.7 -0.93 -0.71 -0.35 0.49 1.17 -0.18 0.64 -0.47",0.558410469104362,0.416551069640596,0.801552237545076,4.16006537363612,2.47089262754549,0.718015263442423,1.78385173362331,2.32302405679696,0.309450357618248,2.55828200726104,14.7621327755682,0.490498308380191,0.206757907510515,0.142883971100815,0.17447928418277
102,"B_k25_ar07",6.43944113393918,6.0056586335069,4.26851388770472,3.66594451618444,6.43944113393918,"0.51 -0.37 -0.48 -0.63 0.09 1.51 -0.87 -0.73 1.32 -0.32",0.407770830651333,0.390172262272814,0.722526258272533,5.44249603765806,2.34199293179444,0.585393491264097,1.68425220796239,2.21929113009242,0.285167505808141,2.68050586689585,15.2247666556363,0.37857391391932,0.148602699694139,0.0810785516369177,0.103888085283866
103,"B_k25_ar07",5.56217082203354,6.00003039377486,4.22313202541294,4.06426193264238,5.56217082203354,"0.89 -0.15 -1.21 0.31 -1.13 0.96 -0.68 0.64 0.3 0.14",0.289263032152339,0.319944891566973,0.670644389080818,6.15786100685129,2.2758791004738,0.453304236937871,1.56659731065435,1.78124154641446,0.265629064728259,2.59268132307299,15.3734657299034,0.491876904262093,0.229207113126527,0.2044522569483,0.242404540085835
104,"B_k25_ar07",5.74620814648823,6.06061219427171,4.40980763315256,4.30544324447979,5.74620814648823,"0.39 0.1 0.29 -0.29 0.81 -1.61 -1.02 0.78 -0.04 0.72",0.379398572667881,0.371632449876597,0.714380507567315,4.51495338392603,2.28188207300785,0.549342203929899,1.5796861170528,1.71296686952356,0.26439914699865,2.54806426517309,15.253360500365,0.474761967265079,0.236059286190007,0.220305144688379,0.25945657469486
105,"B_k25_ar07",4.5794025351617,6.10167706943371,4.32974102102103,3.70609416026429,4.5794025351617,"1.11 -0.73 -0.62 -0.29 -0.42 1.06 -0.44 -0.53 0.5 0.56",0.456317362602197,0.39948551013729,0.752406853841072,5.04792915900685,2.32491051093915,0.626801552315167,1.72140341936916,2.30345772044073,0.289886389409761,2.58698354890636,14.8549706987686,0.647189778825892,0.388845986779259,0.272674387708982,0.31482798868962
106,"B_k25_ar07",7.11115851863957,5.92388395557158,4.17250115145718,3.59963573612954,7.11115851863957,"0.86 -1.02 -0.61 0.91 -0.59 -1.01 1.63 0.19 -0.2 -0.11",0.363613565743856,0.374634575338313,0.696473063703598,6.08079940924066,2.29305725557514,0.543269242281168,1.66728278581189,2.21106115576713,0.277446793709755,2.76653271078526,15.2472055045352,0.293304350819867,0.0922101887437102,0.0458419014364205,0.061483534349672
107,"B_k25_ar07",4.11018414270141,5.9936575583764,4.14433080928171,3.67616694239109,4.11018414270141,"-0.33 0.83 -0.82 0.66 -1.23 0.19 0.14 0.78 -0.11 -0.12",0.41544032910154,0.385012184557153,0.733456765277333,5.27792807307365,2.33867773635291,0.587586951757413,1.67958849525903,2.19266417565198,0.287568899930515,2.71546986486873,15.0083545899288,0.70484807267658,0.439071887109375,0.346274942503409,0.391021166260544
108,"B_k25_ar07",1.7043327656301,6.07893666963209,4.1850645923902,3.92140949458998,1.7043327656301,"0.2 -0.13 0.3 -0.63 0.19 -0.84 0.31 0.29 0.47 -0.12",0.368635612677766,0.367957269837668,0.707757669575226,5.43608122147314,2.17068090520729,0.54213486885873,1.63808821035736,2.00393313164385,0.279279428416722,2.78696821102826,15.2280275928758,0.973172075786244,0.917128565943077,0.900820710871373,0.915490755471423
109,"B_k25_ar07",4.97502752504147,5.86653848951765,4.15998963077173,3.93173243604409,4.97502752504147,"0.09 -0.98 -0.79 1.09 -0.47 0.42 0.79 0.64 -0.87 0.02",0.392294030703819,0.381051133868157,0.717310904865227,4.84085580092424,2.38140331108292,0.566906404014456,1.63382755427999,1.89903883420053,0.277249822944887,2.67391542522095,15.1267891206333,0.559572750760685,0.296115821040601,0.256158777350507,0.297492246701387
110,"B_k25_ar07",5.15024195737915,6.01207081725722,4.26343867810449,3.92113691698215,5.15024195737915,"0.92 0.28 -1.28 -0.24 -0.19 0.76 -1.17 0.69 0.27 0.08",0.400791058943102,0.399432028707294,0.708306649203027,4.97938905342778,2.38440586305894,0.58492305408715,1.63314711649773,1.99569461161301,0.274044649067758,2.7567075500169,15.28912986127,0.55215658169462,0.288779318789119,0.230824725749541,0.270686645461014
111,"B_k25_ar07",5.14171839619228,5.93296063398869,4.00497372911606,3.28466166416296,5.14171839619228,"0.65 -0.76 -0.43 0.94 -0.67 -0.51 0.09 -0.31 1.45 -0.38",0.438636643136104,0.380862810275083,0.755082958410153,5.90580917787188,2.35540003286895,0.604399557352663,1.74897569772222,2.59050431278412,0.302552919589772,2.67956562733338,15.0199940304125,0.543688924811452,0.246159506990607,0.129931257036332,0.160065170682383
112,"B_k25_ar07",4.28704899826688,5.91331220264209,4.04212357511388,3.56259557205857,4.28704899826688,"0.63 -0.06 -0.92 -0.04 -0.54 0.53 -0.37 0.22 1.31 -0.75",0.450063017056322,0.37741512520968,0.766239390962983,4.99844597687241,2.46739407455989,0.611066608272762,1.73756129899721,2.24961567694423,0.303479478385432,2.67277534103406,15.1590079750489,0.669269715473222,0.38652086920997,0.291647898568383,0.334592423410087
113,"B_k25_ar07",4.17594791632906,5.90450666625292,4.04336982090904,3.44258396397794,4.17594791632906,"0.48 -0.17 -0.07 -0.5 -0.86 0.7 -0.21 0.02 1.36 -0.73",0.505624038013033,0.394382999520657,0.788505142123002,4.77020943557939,2.25679322045096,0.664354791818331,1.78107875934212,2.41193255698553,0.30926785594938,2.54846082830909,14.9644656907561,0.685705895110007,0.40747322966201,0.285994600705256,0.328633176622891
114,"B_k25_ar07",5.75999845103938,5.94819290038241,4.13168102136937,3.93454947014094,5.75999845103938,"0.14 0.41 0.43 -0.27 -1.88 0.98 0.24 0.21 -0.69 0.48",0.278703552785582,0.335781396148277,0.638676199388877,6.73755062702234,2.19547983813916,0.456855517002761,1.57213741168029,1.87777929682385,0.259651217651912,2.76446210866455,15.32737768825,0.457815087427069,0.193031022342282,0.164589563975111,0.198832828025553
115,"B_k25_ar07",1.37392927416413,6.04873065444924,4.18712655926159,3.64428404814231,1.37392927416413,"-0.2 0.5 -0.37 0.17 -0.4 -0.32 -0.07 0.31 0.68 -0.3",0.487164043010135,0.37534829147029,0.792146975728979,4.61980047892211,2.38200731984527,0.637770868026305,1.72799743869656,2.25060067921185,0.304863790542106,2.50854827712364,14.9070547201242,0.986395617987786,0.955773153034366,0.932892161452786,0.943329029956183
116,"B_k25_ar07",3.11751351291915,5.97271391705678,4.35178623941386,4.16235540340269,3.11751351291915,"0.34 0 -0.06 -1.06 -0.02 0.92 -0.89 0.41 0.18 0.25",0.360349738886352,0.374481281960314,0.693380198097823,4.88557470590133,2.28788834193491,0.537795439688292,1.57586752880437,1.76051556958131,0.261864702433063,2.66536451301327,15.2636884685027,0.841339052242626,0.675743770735388,0.647212721470905,0.685236926343464
117,"B_k25_ar07",1.34310233170198,6.10901997255306,4.28736130623433,3.7700117436843,1.34310233170198,"0.26 -0.14 0.02 -0.21 -0.12 -0.48 0.05 0.66 0.49 -0.54",0.403586920316253,0.352890376215857,0.752806063473179,5.31393422623259,2.37217743290913,0.559101954732773,1.67523457532555,2.14463434912834,0.291733784593812,2.57210260757994,14.9853218214037,0.988001264069557,0.96160278407818,0.943506909549405,0.952483912724708
118,"B_k25_ar07",4.82387423788108,5.87990011790535,4.22186861783184,4.12365041847424,4.82387423788108,"0.05 0.59 -1.13 -1.11 0.38 0.71 0.2 0.48 0.61 -0.82",0.42076006164263,0.36642040519287,0.754124233619448,4.14478263785988,2.31759967505185,0.577968956419319,1.6097605287588,1.74395899820123,0.279466199845175,2.58013984398096,15.0306638076261,0.584152157055152,0.329909473958517,0.312405980382164,0.356208467149752
119,"B_k25_ar07",1.7632591184904,5.87841627783705,4.17238295368984,3.52803104644103,1.7632591184904,"0.61 -0.77 -0.28 -0.28 -0.11 0.3 0.56 0.24 -0.37 0.17",0.498719023067042,0.403341074397521,0.777537451901258,4.62822528054844,2.2976156970998,0.662855020317399,1.74370865929376,2.30818399044931,0.300361876909828,2.73601587696052,14.8674495440439,0.966697549512792,0.907674438968465,0.855798499845687,0.875800808237485
120,"B_k25_ar07",6.48357145768311,6.09203025696565,4.30270830598242,4.03877697029133,6.48357145768311,"-0.29 -0.99 0.82 0.94 -1.5 0.99 0.58 0.03 -0.18 -0.52",0.434335398351207,0.386363291731611,0.747163788419156,4.49402822454205,2.41203438403416,0.601078806657964,1.66492134917068,1.95191553910804,0.281449272683531,2.56576038943181,15.0374526432909,0.384308128653152,0.148958258459817,0.117767061235002,0.146344626100107
121,"B_k25_ar07",2.24467395090414,6.10945890794491,4.38556832654831,4.35441727658952,2.24467395090414,"0.07 0.47 0.19 -0.46 0.48 -0.57 -0.91 0.6 0.04 0.14",0.381763923933141,0.367533689227618,0.720405847279486,4.38899834872693,2.31564801644632,0.548382166013282,1.56210869280527,1.67556123174607,0.265552356153975,2.57386015254505,15.2139984875306,0.93872379821126,0.848064694886975,0.845982246557241,0.867141435070163
122,"B_k25_ar07",4.6568537586519,5.97771075093082,4.27463532815641,4.00249799261441,4.6568537586519,"0.46 -0.36 0.13 -0.53 -0.75 -0.69 0.77 1.14 0.66 -0.81",0.450776190028562,0.346405270569327,0.79291772176764,4.26429239023966,2.37787656439238,0.59120287828876,1.65648542246627,1.92224147684002,0.294729262689627,2.34966227052449,15.2481129631788,0.621033210324562,0.365729145881802,0.316176398187459,0.359933634046486
123,"B_k25_ar07",4.08301940347856,5.88174352280141,4.12380829355452,3.93143684700586,4.08301940347856,"0.68 0.13 -0.11 -0.82 -0.41 -0.8 -0.19 1.31 0.55 -0.26",0.384924039091753,0.372841563370051,0.71829020560369,4.92516175818312,2.31151744667593,0.556293275468055,1.63033173879245,1.89581315714009,0.276845483363045,2.53867004025462,15.2196255184653,0.696326265028172,0.439882737992299,0.402682770544694,0.447992218962254
124,"B_k25_ar07",5.87112846293046,5.93799727170859,4.30130275717982,4.06668908621477,5.87112846293046,"-0.02 -0.12 -0.57 -0.63 1.12 -0.85 0.7 1.16 0.22 -1.12",0.364575989465533,0.378484251365721,0.693749963945385,4.99642559919696,2.24654463502349,0.544465862274529,1.6025278611955,1.82157680661815,0.267411741173141,2.57980018765222,15.2431067776282,0.441925797106736,0.206075204969463,0.172221928039303,0.207322382784936
125,"B_k25_ar07",3.58370622831305,5.96121524469157,4.24400581069783,3.91163590174856,3.58370622831305,"0.45 -0.28 -0.91 0.78 -0.49 0.09 -0.55 0.37 1 -0.42",0.410002806179092,0.389423740892098,0.725069125583908,4.79981466981805,2.48359137960092,0.585313138558415,1.65208157339435,1.96793748376498,0.279219796461434,2.60790265025609,15.1202645358964,0.777948429052288,0.561917193326817,0.500159451017815,0.544438514104188
126,"B_k25_ar07",8.12332985810796,6.00783367499242,4.19003248373361,3.60192566138958,8.12332985810796,"0.11 -0.2 -0.75 0.9 -1.39 -0.74 1.86 0.46 0.34 -0.64",0.501019794886834,0.37096489429076,0.803680608608161,4.64060818579333,2.3948221467842,0.646439317229963,1.75525729090697,2.32503656139634,0.307635859376466,2.4169577749614,14.931442127808,0.211743427929403,0.051005160837947,0.021979931273109,0.0311063876260935
127,"B_k25_ar07",4.44791805310312,6.03043844528604,4.36035429388573,4.2514046509669,4.44791805310312,"-0.02 -0.93 0.84 -1.11 0.49 0.93 -0.45 0.53 -0.21 -0.11",0.315132236202155,0.32811499351986,0.692694063318097,5.32890499290202,2.20847580029911,0.475043664206359,1.53914619264184,1.67930974692204,0.261073366433241,2.4531047816158,15.3998585654679,0.658622291295325,0.417057272626486,0.397605922479589,0.443131239632167
128,"B_k25_ar07",4.12671438792135,5.94238289182784,4.24623667695116,4.02724844945962,4.12671438792135,"0.16 -1.16 0.31 -0.57 0.29 1.07 0.36 0.56 -0.6 -0.55",0.463341236849653,0.373735621322657,0.778352838635036,4.0292478776908,2.35985269470755,0.615868849303468,1.65364490910448,1.8669166952231,0.288071002029199,2.48613076075086,15.1054887155393,0.696903260251699,0.45479598851979,0.413511593991666,0.458939774930242
129,"B_k25_ar07",3.26333199326814,5.87611511908977,4.01223651114746,3.32189583546046,3.26333199326814,"0.69 0.32 -0.94 -0.59 -0.21 -0.14 0.11 0.62 0.81 -0.58",0.565960287497924,0.395168062815954,0.819914759425168,4.56765543588919,2.43266153424892,0.713634915316921,1.81637527498096,2.5851115836873,0.320497227351752,2.48452912861869,14.7903488761649,0.815641740277663,0.588921260025669,0.444680419627991,0.489551014723401
130,"B_k25_ar07",5.43854516605362,6.01186513957605,4.25903011772803,3.81332436181726,5.43854516605362,"0.07 -0.87 -0.45 0.54 1.64 -0.32 -0.87 -0.27 0.72 -0.23",0.327473773894178,0.369151145054996,0.663615714373455,6.27611660903908,2.38122453180792,0.513311910575768,1.63154911197521,2.05526359136196,0.267217847648877,2.65358993159582,15.2266741278731,0.511035800680499,0.24983589087288,0.17927615772091,0.215046893968626
131,"B_k25_ar07",4.99023996113858,6.02165358014142,4.30104046955151,4.05680101622163,4.99023996113858,"0.73 0.25 -1.74 -0.2 -0.57 0.39 0.85 0.36 0.09 -0.12",0.293754590831433,0.349485527445378,0.643431880821194,6.20590641854262,2.21883287760408,0.476194705993404,1.58114683970748,1.82301350071715,0.258554686361222,2.69220962236397,15.5207851917339,0.57680881598127,0.318349061585511,0.275796880987612,0.318311608371047
132,"B_k25_ar07",3.2921883625103,6.15583436550942,4.59422223476561,4.59812063924329,3.2921883625103,"0.51 -0.58 -0.43 0.19 -0.29 0.27 1.19 -0.86 0.29 -0.28",0.460130258085379,0.34230122556825,0.802334505171474,3.3995286177454,2.34119570794815,0.593063286316243,1.57955091844116,1.56422598025182,0.278064375023732,2.37572348141529,15.2800916616267,0.83184106065802,0.675508082788405,0.676567593489119,0.71266487816958
133,"B_k25_ar07",4.48833723686199,6.00046509895341,4.11523339830402,3.233313309023,4.48833723686199,"0.45 -0.35 -0.63 1.43 -0.94 0.19 -0.65 0.44 -0.22 0.38",0.488119412151386,0.391923344098705,0.779754942995083,5.53570891186071,2.35320098906655,0.650025990066612,1.79620328489564,2.70208697989864,0.312439036886002,2.61238612084862,15.0644743737317,0.648846715968682,0.364804718902003,0.196365669315626,0.233280960078932
134,"B_k25_ar07",8.47170194724039,5.94011408285074,4.2413161481894,3.98553442093106,8.47170194724039,"0.87 -1.21 -0.3 -0.29 -0.46 0.47 -0.53 2.15 0.16 -0.84",0.412910307617978,0.375665021507648,0.739679646795804,4.66943197999106,2.33679817648881,0.578491270156984,1.6391480123132,1.92805659525933,0.280049273188619,2.52717783355264,15.0966779845295,0.17883939438121,0.0433386375085362,0.0304911381668483,0.0422220450107715
135,"B_k25_ar07",3.69332184764428,6.01082027320418,4.17914923203093,3.63034969324028,3.69332184764428,"0.9 -0.61 -0.68 0.27 0.53 -0.95 0.78 -0.4 0.08 0.16",0.365360640607729,0.385162208398535,0.688211199731029,6.15178023055326,2.1693342258421,0.551191264673963,1.66414252475085,2.2476183659129,0.275635147727645,2.90959309110172,15.2125259226335,0.767359589883564,0.528469822288232,0.419282922489216,0.464792626428324
136,"B_k25_ar07",2.29106452549414,5.95712559736232,4.17121335938696,3.53841587369802,2.29106452549414,"0.76 -0.64 -0.43 -0.15 0.56 -0.33 0.22 -0.6 0.41 0.3",0.398695485969117,0.379298233359759,0.724511499980386,5.7564428991172,2.21462992426927,0.572190872833089,1.69896527835006,2.29506779911701,0.287994385438044,2.80981048578458,15.1599316255454,0.930197606928971,0.819748059008134,0.737219268516808,0.768761697251711
137,"B_k25_ar07",2.85404993683946,5.947648914378,4.27826028336004,3.80173705496563,2.85404993683946,"0.62 -0.22 -0.61 -0.47 0.05 -0.65 0.14 0.31 1.12 -0.22",0.393270701098205,0.393431515112091,0.706962222931444,5.29189040446581,2.26407733249708,0.575485578146631,1.67456714326137,2.08114544949913,0.274251085965806,2.72315210088142,15.1218772603396,0.872175139434518,0.719256107413294,0.645288722652025,0.683399348339417
138,"B_k25_ar07",4.62086858341467,6.11953393175299,4.27950441813243,3.90765329269694,4.62086858341467,"0.77 -0.27 -1.13 -0.22 -0.28 0.5 0.85 -0.26 0.88 -0.85",0.351450315651387,0.362609930769735,0.695970848459276,5.80095918647724,2.26011946867546,0.526000711502939,1.63604809390234,2.03874893716824,0.275782517890028,2.77652431653573,15.1317119170184,0.643033013893885,0.372979151960871,0.304379694931802,0.347968683275018
139,"B_k25_ar07",5.60827003350319,6.14640910047252,4.3260321405504,3.97739039029025,5.60827003350319,"0.38 -0.37 -1.08 0.44 -0.45 0.96 1.35 -0.96 -0.31 0.02",0.432276803221078,0.373898008581308,0.756331150283355,4.64529701398061,2.33883063968565,0.592964186745854,1.66093378689841,2.00805414321595,0.288832553773439,2.46931778512017,15.0906564325769,0.50389588620734,0.239671256657535,0.186420309088274,0.222720653853376
140,"B_k25_ar07",2.46395521750868,6.01856928048193,4.11228831580022,3.39528394290365,2.46395521750868,"0.39 -0.38 -0.22 0.35 -0.38 -0.44 0.01 0.46 0.95 -0.74",0.400153756170684,0.398897884839767,0.708217267830791,6.27835068000338,2.22785675538291,0.586555959487917,1.74307186011232,2.51230560716012,0.289322034182761,2.91371033894819,14.9277179913198,0.916774987013027,0.778333268091327,0.667205719507648,0.703878618169151
141,"B_k25_ar07",4.62985691704428,6.16558896263511,4.39232315321787,4.12064229040342,4.62985691704428,"0.69 -1.23 0.78 -0.09 -0.2 -0.43 0.06 -0.54 1.22 -0.19",0.422208529083716,0.384662367798099,0.739210731428435,4.52695895236035,2.35779508996954,0.590827572611648,1.64309029839816,1.91132068049842,0.279789424084979,2.65004660048219,14.9245315917602,0.646436576612738,0.391633788662882,0.342614911639297,0.387312282221076
142,"B_k25_ar07",4.73545005277571,6.07530133725912,4.29513448775451,3.87300677510054,4.73545005277571,"1.04 -0.9 0.16 -0.72 -0.82 0.06 0 0.86 0.85 -0.41",0.482759969459922,0.364491460320043,0.798074422227607,4.33996247703297,2.37088843640148,0.628008902677388,1.71210451594174,2.09516015286964,0.303914058170289,2.44039894954636,15.0332120469427,0.620529713056966,0.356638095952541,0.280230731932361,0.322568990818046
143,"B_k25_ar07",7.1893821218042,5.95589656771622,4.19620966617698,3.86302253233633,7.1893821218042,"0.31 -0.38 -0.87 0.21 -1.19 1.99 0.24 -0.41 0.55 -0.48",0.430818256226394,0.403876248481181,0.729550610485733,4.71093673993613,2.35938417969055,0.60984441310557,1.67875665595167,2.02955755149214,0.280009426633174,2.78906458421631,15.068978973652,0.289363348516875,0.0904479653372074,0.0622446479004404,0.0814250958521496
144,"B_k25_ar07",5.9413171652846,6.07340182870877,4.1051182423712,3.2847208082768,5.9413171652846,"1 0.5 -0.99 -0.97 -1.17 0.16 0.87 0.77 0.11 -0.14",0.43740676659965,0.394203072376926,0.742840520578858,6.12539913095027,2.32197349280415,0.612177406204908,1.7624785678317,2.67929102800127,0.302656697831869,2.62998539538368,15.0811518867653,0.450272398233737,0.171010318488505,0.0713299529392926,0.0922790921919927
145,"B_k25_ar07",3.74319773493481,5.87274800219971,3.9862562307833,3.18981576641693,3.74319773493481,"-0.18 -0.21 0.47 -0.9 0.18 -0.42 0.6 0.91 0.47 -1.01",0.391323418592978,0.395949296273494,0.702939810092006,6.7681373767662,2.22871318454413,0.57859664569148,1.73411171422048,2.64853065578306,0.289457850731654,2.76012636059697,15.1161619477747,0.747996757771978,0.481372918108249,0.309804776693696,0.353505644870389
146,"B_k25_ar07",2.25174158868835,6.13758764086114,4.35331243180298,3.91226557515109,2.25174158868835,"-0.06 -1.19 0.26 0.79 0.07 0.19 0.11 0.14 -0.19 -0.2",0.370298557570255,0.402508820223019,0.677047066993917,5.59069303795004,2.25145479827578,0.565388412974816,1.64827897290556,2.07022556777097,0.267918953585387,2.89983072942589,15.2740660953528,0.93930393935381,0.844440284651423,0.798914300827334,0.824963595650868
147,"B_k25_ar07",6.0824322400067,5.96535972484615,4.21862504461402,3.8487640635378,6.0824322400067,"0.8 -0.89 -1.51 0.65 0.54 0.5 -0.37 0.08 0.87 -0.7",0.504797201090171,0.377286928798458,0.800997393951924,4.0673833887756,2.41291193413126,0.651792865502529,1.72050610853381,2.05320375041458,0.301195754620266,2.6200185739656,14.7543581185267,0.417667705527528,0.173326851961971,0.125371088029649,0.154910152745618
148,"B_k25_ar07",3.46469853320981,6.04699882851224,4.33298199420085,3.86558033256813,3.46469853320981,"-0.66 -0.05 0.28 -0.26 0.37 0.39 0.79 -1.1 0.67 -0.56",0.416623311653374,0.380749295499979,0.73817301299344,4.96919392257167,2.44752696032432,0.584896401820106,1.68054666053929,2.07028202826963,0.282371090649487,2.74044082159891,15.1758953082941,0.801622513797954,0.601889888078355,0.517158073672337,0.560991455652647
149,"B_k25_ar07",3.42233645274502,6.18567165276117,4.5575322514318,4.54362765254224,3.42233645274502,"-0.75 0.94 -1.04 0.63 0.05 0.12 0.52 -0.18 0.06 -0.42",0.312760939470995,0.360987049087224,0.65481754109541,4.99989179008096,2.32733149562213,0.494529966933392,1.51432690824302,1.56377085351903,0.248318895732582,2.7909945190878,15.3691100228887,0.817914881416601,0.645228698776635,0.644326937717072,0.682609601970216
150,"B_k25_ar07",2.33503240101591,6.06890027318797,4.1934009686636,3.69797129973637,2.33503240101591,"-0.44 0.15 -0.69 0.87 0.64 -0.49 -0.38 0.23 0.18 -0.13",0.403382588688222,0.394369717388001,0.71504992121346,5.51625009653347,2.36407293004218,0.584585145081122,1.69672309308966,2.22515924379132,0.282569127991236,2.5448780546979,15.1223391954904,0.930485611155625,0.813709685067805,0.751691142318413,0.782064714951861
151,"B_k25_ar07",3.85055382792233,5.88333424609818,4.20576430297685,3.89786141498,3.85055382792233,"-0.21 0.85 -0.85 0.48 -0.83 0.29 -0.07 0.74 0.37 -0.82",0.408623756535244,0.370801965809497,0.740547911003989,4.67567626181735,2.28256019109981,0.572387696438609,1.63818408754082,1.91059239844647,0.280957997930833,2.6305400453348,15.0834067383458,0.732403351680797,0.501447931062108,0.442171748094338,0.487508869409012
152,"B_k25_ar07",6.03490961778774,6.03272110575305,4.26039740415049,4.04470751830946,6.03490961778774,"0.57 -1.64 -0.31 0.18 1.48 0.34 -0.57 0.33 -0.41 -0.02",0.440079201696964,0.376470418973908,0.759887887702308,4.36419096253934,2.38431271433325,0.59930977299532,1.64837117866827,1.92058967484742,0.28356763676239,2.69222482147506,15.0594338076673,0.432690017886507,0.183598447074237,0.154209560628547,0.187334549967218
153,"B_k25_ar07",3.44302182983767,6.09464003295957,4.29758580349875,3.79525966366233,3.44302182983767,"0.23 0.48 -0.22 -0.89 -0.76 -0.13 1.2 0.36 -0.37 0.14",0.326223728744495,0.385024954298348,0.646442568884647,6.52050461767147,2.36730679108905,0.524187356673004,1.64623681440276,2.12714332967249,0.266154502355924,2.79641016802653,15.4680634996387,0.807791327543112,0.600050665449368,0.508084016323862,0.552212340106365
154,"B_k25_ar07",7.26810910191935,5.88283973756698,4.16513148895696,3.99380717059419,7.26810910191935,"0.64 -0.27 -0.46 -0.86 -0.28 -1.16 1.16 1.72 -0.23 -0.2",0.42631918653047,0.376302299628856,0.749717173265039,4.36737672332317,2.42066784437468,0.589083734595038,1.64830674426279,1.86189649195924,0.282553819646099,2.54001050486742,15.1882508913265,0.27266720148103,0.0833754427749671,0.0687614244603802,0.089319362282189
155,"B_k25_ar07",5.40278550719239,6.12227928387773,4.19799387718648,3.60702172024949,5.40278550719239,"0.13 0.05 -0.4 -0.65 0.5 -0.25 0.3 1.55 -1.41 0.15",0.421125220579534,0.388831472996288,0.734716049832197,5.56411635243086,2.37492037546343,0.595209483719982,1.73036540750024,2.34318972624764,0.293435678015328,2.82450493236213,14.977529766376,0.529939833576602,0.24462049030545,0.152357304417727,0.185217802088166
156,"B_k25_ar07",2.70476839632731,6.00307494010296,4.2500563029966,3.79239174268112,2.70476839632731,"-0.28 0.49 -0.91 -0.44 0.79 -0.19 0.42 0.35 0.27 -0.59",0.421435851276007,0.391882766278387,0.732317215892177,5.00254109944939,2.52278350670024,0.596016194330528,1.68752732855561,2.10825016678966,0.283907162919467,2.76816193654963,15.1797312378601,0.891815169636273,0.747190218381954,0.679192051802628,0.715116694977525
157,"B_k25_ar07",1.90637706157213,6.00080046132584,4.25518418496004,4.11080404740459,1.90637706157213,"0.52 -0.32 0.05 -0.38 0.68 -0.46 -0.59 0.12 0.57 -0.14",0.502511692854482,0.369394174891541,0.805727313205695,3.68041245498462,2.35003088836094,0.644270438842953,1.65158984980382,1.84945029315704,0.292546400625547,2.37736803217527,14.9812861841757,0.960170439010983,0.891897695373625,0.88158600025571,0.89861080463653
158,"B_k25_ar07",1.72418543654072,6.08455169686913,4.15546688974709,3.58712943589822,1.72418543654072,"-0.06 0.07 0.43 -0.87 0.31 -0.05 -0.02 0.19 0.55 -0.58",0.377348023970356,0.37214496743983,0.711998431953728,6.14406143665144,2.23219510179616,0.552611472376478,1.68650992483182,2.31844944227288,0.287446427892255,2.85059280734407,15.1615524998523,0.972430070241113,0.912714173710695,0.870345086460303,0.888725482171107
159,"B_k25_ar07",4.20849825641018,6.20607342875586,4.44976873538699,4.23509489669974,4.20849825641018,"0.25 -0.03 -1.43 0.36 0.35 -0.03 0.53 0.99 -0.68 -0.36",0.355102009657533,0.362165304538615,0.700109597046313,5.1556487574481,2.28240994411349,0.526520345393677,1.57628122089534,1.83078123485818,0.266285036451284,2.66771145248456,15.3208128689914,0.711920430418585,0.475376789464932,0.437435840798945,0.482827445650791
160,"B_k25_ar07",5.57244673878453,6.15663005526158,4.39475820734801,4.0718895989624,5.57244673878453,"0.38 0.24 -0.44 -0.65 -0.36 -0.51 0.14 1.88 0.21 -0.87",0.41827385989091,0.355809717247333,0.761690400188303,4.6663406123099,2.5014414418409,0.571187834263357,1.65747339010878,1.95180829947657,0.288217749321036,2.38837669978516,15.2203672727161,0.510748931090276,0.254664218961399,0.204647700511557,0.242463008087587
161,"B_k25_ar07",4.77739716780581,6.03230685228613,4.05579759951325,3.40330604884841,4.77739716780581,"0.55 -0.29 -0.62 -0.27 -0.33 0.06 0 1.77 -0.07 -0.82",0.401333510447529,0.372933887293183,0.732550385036941,6.23144550665009,2.39868152651304,0.571332896986872,1.7263373115712,2.50088790034637,0.296055676724061,2.82162706486286,15.1114840572211,0.609044798766105,0.307134587232513,0.189498017121901,0.225875076660146
162,"B_k25_ar07",4.27972534020125,6.07120288074052,4.22400655984837,3.6548388083951,4.27972534020125,"0.86 -0.83 -0.77 -0.24 -0.15 0.26 1.27 0.36 -0.58 -0.17",0.406445722431687,0.364157889945018,0.744789558546447,5.58772902686937,2.32276507427391,0.568497471201962,1.69393489587831,2.27110856107843,0.292131754181419,2.7657077122026,15.1311529189318,0.688136296524136,0.42212084258822,0.311472564231132,0.355176364624596
163,"B_k25_ar07",8.54727098675946,6.10140045036787,4.29040261425469,3.95922467869032,8.54727098675946,"0.32 0.01 -1.37 -0.03 0.95 -1.23 0.5 1.83 -0.63 -0.36",0.382976989340852,0.359404249623364,0.729191945893163,5.20471299544866,2.25728812428523,0.547055287143463,1.64778874250148,1.99328531338014,0.282360316842893,2.7284015893039,15.3100933811018,0.189829942377136,0.0439816021513141,0.0280467718391694,0.0390559608379207
164,"B_k25_ar07",3.52278706172696,5.94192422518662,4.04095038347175,3.5344026116964,3.52278706172696,"0.62 -0.25 -0.31 -0.97 0.22 0.1 0.9 -0.91 0.57 0.1",0.405365868316809,0.387261787042334,0.723068930253265,5.70459405262218,2.26514800039049,0.582951841351798,1.71907139474728,2.31244772153609,0.290962434067816,2.79458437594843,15.3336090822884,0.784714818697847,0.537792162328331,0.434761220870121,0.480020644550362
165,"B_k25_ar07",3.18592444664865,5.93239357215518,4.17684822503561,3.86249533494983,3.18592444664865,"0.33 -0.18 -0.91 0.9 -0.26 0.72 -0.65 -0.47 0.37 0.2",0.389525375418463,0.366674685018892,0.728141618978222,5.07586119478438,2.29997028077915,0.556053229361716,1.63708155633768,1.97717673747039,0.280771766509333,2.63258726207026,15.2141972747865,0.829928132772637,0.634221075974672,0.579268718743459,0.620836033925968
166,"B_k25_ar07",1.45290538700293,6.0411508210864,3.89666675250594,2.73317879352743,1.45290538700293,"0.24 0.17 -1.02 0.01 0.07 0.32 0.24 0.21 -0.34 0.12",0.434902050403053,0.41565987499216,0.722918615964497,7.72144462101917,2.26413581360615,0.625158218054734,1.83512308995116,3.35807209775486,0.307352987466849,2.99133426004032,14.8422903470844,0.983825716335688,0.9355800578226,0.832292410338247,0.854866677619856
167,"B_k25_ar07",3.18073479246751,6.05610918806197,4.29128362167494,3.89209073349239,3.18073479246751,"0.74 0.06 -0.72 0.27 -0.58 -0.19 -0.79 0.75 -0.07 0.69",0.364335489622524,0.377753276541457,0.694208039092331,5.59804569545772,2.44208407067151,0.544602247242341,1.65479783873992,2.03956671938385,0.272320617855341,2.55788281167997,15.1875884930804,0.839467697519342,0.65370310571529,0.58598785886665,0.627270094775973
168,"B_k25_ar07",7.56047776332815,6.01711743207321,4.24785587178791,4.03902889913362,7.56047776332815,"1.06 -0.09 -0.62 -1.85 -0.61 1.22 0.02 0.8 0.33 -0.13",0.44117487637926,0.367307890989446,0.768510629210054,4.33210341847149,2.28942325600237,0.595152065554589,1.65263742806875,1.91121519010633,0.287831576363074,2.43076892269771,15.0094412708397,0.260804554843151,0.0762613153531336,0.0604209340373695,0.0792455577139085
169,"B_k25_ar07",12.9737693593569,6.00360981380914,4.12019870134617,3.35146111097995,12.9737693593569,"1.35 -1.56 -0.95 -1.57 0.91 1.57 0.41 0.9 -1.02 0",0.40871442363813,0.38186042538079,0.73070413927904,6.33928648042068,2.31224461024793,0.582368041810542,1.74416644472714,2.59095782012213,0.29457009749508,2.62865676581188,15.2492903012093,0.0271264574531573,0.001606601893822,0.000175317294211386,0.000347551585940575
170,"B_k25_ar07",4.32340497636736,6.01629368244759,4.08528095491871,3.52185108169815,4.32340497636736,"-0.34 -0.56 0.2 -0.28 -0.46 1.31 0.95 -0.07 0.04 -0.96",0.420678627285764,0.377461414620202,0.744304448993196,5.63661411870722,2.26055293383997,0.588167068998601,1.72341362568489,2.37120308999731,0.295652274246565,2.50786342584285,15.1663593643557,0.675194737150698,0.38841988793118,0.277361688581961,0.319663057029974
171,"B_k25_ar07",7.30353442745325,5.94007545143838,4.27430107291584,3.8836156547144,7.30353442745325,"1.01 -1.07 0.02 -0.98 -0.91 1.51 0.85 -0.37 0.3 -0.33",0.32519072090144,0.354432532031031,0.67605695402542,6.01636862290273,2.29793567236494,0.502005343905269,1.61786503035928,1.95646724969054,0.269607837738234,2.61948641468746,15.3534998647691,0.276146751246766,0.0912679886129055,0.0588337239276687,0.0773752058922245
172,"B_k25_ar07",5.20502293074981,6.00657784291453,4.04662798538573,3.38274341637258,5.20502293074981,"0.19 -0.01 -1.05 -0.1 -0.07 1.34 -0.16 -0.79 1.15 -0.53",0.504757908488191,0.381101873873895,0.798073190886631,5.02118508580219,2.20307881732416,0.656324996158795,1.77886320487102,2.53448288204161,0.313720416908909,2.70574543140835,14.9046364467844,0.543385910893306,0.245005804524807,0.139091188870247,0.17016715026842
173,"B_k25_ar07",2.25402553681108,6.02429511289405,4.14954148337176,3.37113810370681,2.25402553681108,"0.36 -0.03 -0.07 -0.16 -1.26 0.15 0.52 0.42 0.18 -0.05",0.40130329515983,0.425676684543997,0.685968520240999,6.3244125418837,2.43504389742553,0.604521714816696,1.7512675863294,2.53800759300809,0.28028623703367,3.00298075222028,15.1150775058837,0.935703402666484,0.824371910003241,0.719459807309462,0.752486241942807
174,"B_k25_ar07",3.66185453773354,5.99505273724113,4.30506658675245,4.00267017030414,3.66185453773354,"0.44 -1 -0.64 0.73 0.53 -0.17 0.76 -0.79 0.13 -0.01",0.41026021600675,0.375489986509355,0.737675074655863,4.6802847390035,2.35003542969712,0.576836150876073,1.64971947794732,1.92013462799667,0.28195309883417,2.56776522779688,15.1942942302943,0.770122754259931,0.556298758714433,0.501525055110024,0.545801425508292
175,"B_k25_ar07",3.17876781425744,6.11128720175922,4.14188423129224,3.53839910946542,3.17876781425744,"0.33 0.19 -0.66 -1.2 0.77 0.37 -0.18 0.59 -0.22 0.04",0.424256147030722,0.387742747726193,0.738157543289247,5.66945928221134,2.27947591543521,0.597487103862953,1.72769529468098,2.40530295081854,0.296838621485273,2.60840577662721,15.0709353302603,0.842899108579673,0.630354380901692,0.514938019390359,0.558775153695154
176,"B_k25_ar07",1.70643786142137,5.92353784775346,4.06105706233195,3.51236548679912,1.70643786142137,"0.03 0.33 -0.22 -0.49 -0.75 0.6 0.19 0.53 0.05 -0.28",0.564274229170438,0.399185632866817,0.816371413446872,4.24745697041554,2.27863672288577,0.713523340039704,1.78100647860664,2.39673050791584,0.3143702898385,2.57918998001173,14.7784983361345,0.970697374458414,0.908983920802626,0.864854767253338,0.883787223665734
177,"B_k25_ar07",8.88739690448324,6.04194822138853,4.34105803316735,3.99345056371164,8.88739690448324,"0.81 -0.1 -0.89 0.49 -1.91 1.42 -0.31 0.19 0.99 -0.65",0.280665757576075,0.362975097020652,0.611699927552394,6.74046169974754,2.20013292641923,0.476877967431378,1.59325227317355,1.89181678937216,0.25207075753352,2.87690661443021,15.1836801341158,0.161231586354653,0.037277624420094,0.0227371390998616,0.0322601201139668
178,"B_k25_ar07",4.73016165076462,5.89009300341181,4.274017691339,4.10213152669055,4.73016165076462,"0.14 -0.82 -0.58 0.57 -0.01 0.3 1.06 0.4 -1.39 0.29",0.380441584377309,0.32253577744726,0.762769347592843,4.64408220792074,2.20137506258507,0.520406118768288,1.5866711460408,1.76680199315984,0.278447714843877,2.47243102342603,15.0441482273697,0.599711597550622,0.353600238595765,0.322845487374912,0.366903771324649
179,"B_k25_ar07",1.13895514446164,5.89062457035192,4.21126004506414,3.88458730071322,1.13895514446164,"0.41 -0.45 -0.03 0.35 -0.59 -0.08 -0.08 -0.14 0.28 0.43",0.445227963316424,0.351127631994815,0.785198413871095,4.39783484010327,2.34681088895449,0.589005094725349,1.6559916830899,1.95803904886119,0.291750083817697,2.47637690873161,15.0663539969509,0.99219235258455,0.975603336753127,0.968495311282607,0.973779702483925
180,"B_k25_ar07",3.87405799512166,6.00579853369381,4.36607680017539,4.09200622097958,3.87405799512166,"0.13 -1.43 0.27 -0.44 0.4 0.65 0.73 0.36 -0.29 -0.46",0.310994313139668,0.366808800795141,0.646690384713676,5.81461004009754,2.38025165683833,0.499099476286631,1.57832739067165,1.80831065559515,0.255786456726817,2.73777199952712,15.2459302034797,0.740833027090472,0.524555223514285,0.475333061739323,0.520276968910275
181,"B_k25_ar07",3.22720329036929,5.89233481502921,4.04874310014269,3.45187724343961,3.22720329036929,"0.69 -0.93 -0.87 0.85 0.03 0.06 -0.15 0.34 0.37 -0.35",0.607348120065,0.352864753428245,0.864658470640911,4.01637225787794,2.3961183543012,0.726141216559422,1.80947420461004,2.43933614030338,0.325262797870372,2.38728831785413,14.7356808896266,0.821104195790265,0.602587823572409,0.482440452668145,0.526691847242954
182,"B_k25_ar07",2.74135690150409,6.07042726991846,4.14270564026512,3.39406217791162,2.74135690150409,"0.19 0.42 0.02 -0.91 -0.31 0 -0.41 1.13 0.22 -0.31",0.451707022971019,0.430138792287397,0.724184665601508,5.6223797501055,2.35133444643707,0.644322970757833,1.76200495656785,2.5396684189327,0.293313679674438,3.00703389956708,14.9373448797528,0.890907134018708,0.725521822170447,0.594752789071972,0.635631945668816
183,"B_k25_ar07",5.47018131157683,6.23063268922142,4.49735803386783,4.1938542607101,5.47018131157683,"0.92 -0.27 -1.72 0.2 0.11 0.63 0.68 0.12 -0.79 0.18",0.42494041788553,0.371497963255899,0.752861889930221,4.48258948872432,2.23337394180235,0.584885433787859,1.63305325316148,1.90483345054779,0.282840109898156,2.62808098973623,15.0624249372847,0.534051401052177,0.283943329663239,0.235587841352261,0.275694204495098
184,"B_k25_ar07",2.60916373878889,6.12295141652105,4.21405756083218,3.62708545238014,2.60916373878889,"0.51 -0.2 -0.36 -0.93 0.14 0.93 0.08 -0.52 0.4 -0.02",0.382991013784795,0.400535522471838,0.691100209050534,6.07606780154404,2.34902057307744,0.575021749937114,1.71800324425425,2.3270793671385,0.283112215605028,2.83425572726027,15.1088383455361,0.9068380655811,0.76195299444995,0.673686796981342,0.709977150642133
185,"B_k25_ar07",3.34972014527482,6.28637669627288,4.33914000350322,3.79248408493975,3.34972014527482,"0.78 -1.11 -0.38 0.26 -0.33 0.76 -0.32 0.68 -0.11 -0.21",0.44377109882948,0.397681632159211,0.744721321516632,5.17951250570675,2.29712293135268,0.616875858029355,1.72182992550332,2.29851795605852,0.291123168077934,2.61278119700011,15.0110243337197,0.83349096466371,0.626887210476905,0.528207807480254,0.571704745221839
186,"B_k25_ar07",1.31397381771839,6.13780201243807,4.17436564904626,3.40390858431495,1.31397381771839,"0.1 -0.63 0.36 0.36 0.32 -0.39 0.12 0.16 -0.56 0.16",0.294866949304649,0.377778382428869,0.615290992204784,8.49969720807527,2.30446277730484,0.499493527237706,1.67423858338158,2.50627978575839,0.266522604931787,3.0258662311504,15.308191426626,0.989003773327394,0.961240972361772,0.929054493178589,0.940050019225246
187,"B_k25_ar07",2.27660247137589,6.07174344553184,4.20682295644703,3.77982319520308,2.27660247137589,"0.35 0.28 -0.3 -0.38 -1.03 0.07 0.86 0.1 0.15 -0.05",0.471013005657925,0.390220030332085,0.770060023991278,4.61973470007288,2.31893364978841,0.633169028613158,1.71653060508612,2.17595512642354,0.296569771540429,2.75336216605052,14.9466641801308,0.935203494720806,0.82558768965283,0.775584110156259,0.803766818990331
188,"B_k25_ar07",3.32838577192905,6.2009180622694,4.29982873976993,3.92416044029502,3.32838577192905,"0.33 0.01 -0.18 -0.51 -0.41 -0.26 0.67 -0.18 1.29 -0.75",0.427749946826652,0.384452628294436,0.743745560544882,4.88682518837007,2.34072270730409,0.596748448916781,1.69536656739767,2.09033921447644,0.290012093894801,2.61120622228103,15.214829781791,0.830120712693772,0.624621941328606,0.558640968432344,0.601047335285411
189,"B_k25_ar07",6.58427193045086,6.03428725685933,4.20746325542685,3.78151103840644,6.58427193045086,"0.17 0.61 -0.93 -0.12 -0.94 -0.11 0.68 1.53 -1.21 0.37",0.359073801311093,0.385252741489063,0.681815329172304,5.86390115445166,2.22815290022401,0.547368211982168,1.67770121527109,2.10557327804146,0.276890404034534,2.82614591795247,15.2876114101971,0.36500183073674,0.130186855508237,0.0842860399179144,0.10765409788007
190,"B_k25_ar07",4.59623914725574,6.07084118868492,4.23032879267974,3.62757005397622,4.59623914725574,"0.62 -1.13 0.1 -0.63 -0.01 0.5 0.01 0.38 1.09 -0.97",0.351252353792114,0.369142052934172,0.689334536955281,6.48432068937653,2.23192381613366,0.531399479062143,1.68313917309634,2.27763290488641,0.279975462179865,2.86630238839257,15.2466658607093,0.640836517520782,0.368012782444252,0.255231318069614,0.296482028611051
191,"B_k25_ar07",0.840382662467581,6.10889138010716,4.43113242577316,4.11152318986722,0.840382662467581,"0.18 -0.29 -0.16 0.14 -0.1 0.16 0.47 -0.57 -0.1 0.3",0.336799503515752,0.364946331228542,0.678199606458771,5.54485744110757,2.20197504276653,0.515619548199445,1.58831189429625,1.86750523323066,0.263249257117913,2.69881173349406,15.0202581862864,0.997756943861528,0.992723745809151,0.990561588062439,0.992279710582894
192,"B_k25_ar07",10.9304634901143,6.01340484517622,4.27205838721932,3.9726561247127,10.9304634901143,"-0.33 -0.28 -1.04 0.49 -0.87 0.52 2 1.34 -0.55 -1.51",0.388723767063256,0.357823295151243,0.735744792335702,5.03746486480016,2.20100039606931,0.549231234833983,1.6205238368949,1.95818231869391,0.279301420586495,2.46437176409907,15.0450974495294,0.0683344264241356,0.00896224312461413,0.00518914840181184,0.00817710366688063
193,"B_k25_ar07",8.3074413489804,6.05896820416984,4.42530989669199,4.43884040869302,8.3074413489804,"0.92 -0.98 -0.56 0.27 -1.38 1.31 -0.94 1.03 0.68 -0.3",0.327329478783144,0.338606199094677,0.695033241203286,4.77889790978826,2.22676675398083,0.490054159723941,1.53197004230598,1.56427416196885,0.259223007630404,2.7074034849949,15.268457298195,0.203040162901624,0.0595509098026895,0.0600406057862108,0.0788733694141832
194,"B_k25_ar07",3.14163184478642,5.95117017489392,4.10297333839215,3.46332453306537,3.14163184478642,"-0.05 -0.86 0.26 -0.3 -0.27 0.6 0.95 0.36 0.04 -0.88",0.443417815329428,0.418265711306105,0.72743703680014,5.54318887902731,2.19557638041224,0.629697603083761,1.73795802447657,2.45794870269667,0.288636369619097,2.84902843004968,14.9345668219848,0.83731324083959,0.631622631203792,0.507403078637989,0.551444223065226
195,"B_k25_ar07",3.82303000506557,5.99737715104393,4.30143369373996,3.92001092824395,3.82303000506557,"0.08 0.2 -0.59 -0.32 1.5 -0.93 -0.19 -0.21 0.19 0.3",0.397483959086498,0.364522309501269,0.737004488139833,4.96258601090408,2.19501744988816,0.560353287965557,1.64165690351983,1.97254833492143,0.281180377580031,2.62742439542173,15.2033968121246,0.747569220002548,0.523738655840071,0.451901354559749,0.497098738088767
196,"B_k25_ar07",3.07682637399419,6.06283846368455,4.21159221553914,3.79133003806311,3.07682637399419,"0.33 -0.87 -0.74 0.28 0.49 0.47 0.82 0.01 -0.63 -0.22",0.318431763248991,0.372704692409754,0.649580008664552,6.56978343522076,2.30261206328577,0.510003802254615,1.63770665964978,2.09202772344136,0.265869893304673,2.96777074105425,15.2938532381321,0.85265904119143,0.663980026099163,0.592004983195455,0.633100802400619
197,"B_k25_ar07",2.87134553113098,5.97858578278013,4.37358240865121,4.09182877773953,2.87134553113098,"0.54 -1.19 -0.44 0.79 -0.02 0.19 0.38 -0.19 -0.26 0.22",0.396932950756668,0.354902760985454,0.74547250671249,4.64080495945375,2.31481988090526,0.552940245736481,1.62292040770412,1.84208840644216,0.276863140594188,2.4598195975289,15.2370272060455,0.871773217257132,0.729062428424725,0.688823376405613,0.724055435447564
198,"B_k25_ar07",3.46522563933365,6.08409968350678,4.26300697205067,3.94315136351558,3.46522563933365,"0.65 -0.92 -0.03 -0.18 0.73 -0.55 -0.56 0.61 0.69 -0.4",0.489732615695778,0.41368122441766,0.763930531974823,4.19790197740034,2.28361849956892,0.66065938293154,1.70276044897497,2.05584951582675,0.289215368960948,2.77514495665279,15.0197272033708,0.804506316137536,0.590146740540474,0.53232259193085,0.575750550582933
199,"B_k25_ar07",2.80747507638557,5.84911702707913,4.01590811411702,3.44666352845296,2.80747507638557,"-0.15 -0.38 -0.05 0.71 0.07 -0.1 -0.38 1.15 -0.17 -0.8",0.353979753574811,0.392986199139745,0.669269876520105,6.55235757201805,2.31101548465028,0.549709981236259,1.68444805591689,2.31940191867699,0.277279798192219,2.83217104882168,15.2782372069612,0.871369856782124,0.690970249536202,0.588021396714275,0.629154813301122
200,"B_k25_ar07",4.05103089851129,6.07611530758772,4.30002205329777,3.8572893342508,4.05103089851129,"0.63 -0.28 -1.12 -0.07 -0.67 0.71 1.1 -0.04 0.11 -0.35",0.43385701389125,0.391151380854827,0.742714983262155,4.88073473925034,2.41244865670967,0.604578679789387,1.69578050636328,2.11754099956644,0.285495048456364,2.67483856293142,15.0003049554644,0.721817990131757,0.478711916259441,0.394180855043924,0.439526011965419
1,"H5_k25_ar03",8.90743424796238,6.00530715872988,4.10734735541859,3.66053330195085,8.90743424796238,"0.7 -0.98 -1.42 -0.16 0.73 0.45 -0.09 0.74 1.43 -1.43",0.194246241912588,0.203512353934271,0.690446824350661,10.8147445295286,2.31597059441417,0.321442160879449,1.57627027518393,2.10072348210565,0.277126925578056,1.97546757211268,18.7502806984206,0.156847126352531,0.0278242330556162,0.0129248299505778,0.0190852855683108
2,"H5_k25_ar03",5.60900817528197,6.06643878781999,4.21214564645203,3.4326653484662,5.60900817528197,"0.4 -0.61 -0.15 -0.25 -0.81 -0.61 0.77 1.11 1.11 -0.96",0.223123518776224,0.202034684341245,0.74126957394613,10.6775874770647,2.20277335340127,0.343193141314768,1.62610907928524,2.38242088992362,0.289923356502497,1.97107031736248,18.4357662830878,0.494065855229194,0.222503629802469,0.110784195575764,0.138140595443829
3,"H5_k25_ar03",16.4306259492692,6.00713685044528,4.27570176758159,3.54032208901265,16.4306259492692,"1.63 -0.67 -2.14 -1.59 -0.33 0.98 0.56 2.15 -0.09 -0.46",0.169622267138832,0.185970903116941,0.67388522896706,13.1442852212272,2.38669364591177,0.293635809371745,1.57763025893899,2.229563459144,0.272148160601839,1.97410920756858,18.8148387137258,0.00518330586586968,0.000218458636997765,1.42399820766137e-05,3.33366421495507e-05
4,"H5_k25_ar03",4.32467483140443,6.02141518554848,4.09279897937372,3.44440000418902,4.32467483140443,"0.43 -0.08 -0.41 -0.82 -0.05 -0.36 -0.04 1.5 0.58 -0.76",0.177448867290259,0.191906261475784,0.678909139400987,12.820715880724,2.23744144650999,0.3036719542408,1.60438226294315,2.27502151088471,0.276309777643173,2.09909640518394,18.6512677327181,0.675707529878671,0.388807384872947,0.26160200185527,0.303203635524786
5,"H5_k25_ar03",9.62627072675275,6.17613418401962,4.48115581533953,4.15886887449586,9.62627072675275,"0.66 -0.57 -1.14 -0.23 -1.61 1.2 1.66 0.65 -0.05 -0.56",0.204672713030852,0.192518111188434,0.728404274229833,8.61797617373132,2.38137278993593,0.320290730006141,1.51176182886828,1.76386456431283,0.27510391789594,1.72781114017943,18.6856746133788,0.131015857973151,0.0296965424516649,0.0181180620073708,0.0260904356767806
6,"H5_k25_ar03",6.44347049429174,5.82973652665139,3.96769986156914,3.4731993783928,6.44347049429174,"0.67 -0.61 -1.16 -0.31 0.15 0.23 -0.47 1.82 0.34 -0.67",0.225566323432027,0.196891010331286,0.753369841329247,9.71015127050453,2.3907238984717,0.342364730892171,1.60651827548682,2.19028312205653,0.290471984711001,1.93400482410825,18.6689690906712,0.355191904295794,0.113405606337969,0.0635204943469192,0.0829024022662814
7,"H5_k25_ar03",9.01193698526307,6.15326255516234,4.34944112452659,3.74920993061924,9.01193698526307,"0.45 -1.02 0.18 -1.62 0.79 -0.37 1.01 1.54 -0.02 -0.98",0.226592890720459,0.210933847701911,0.7319454390141,9.29024140105527,2.44283286579409,0.349772582623211,1.5871109396296,2.105102654556,0.285942464286805,1.90616843470357,18.681329993143,0.164018095378266,0.0365752176215921,0.0143917511002696,0.0210429973338913
8,"H5_k25_ar03",11.4690460146738,5.90542222119431,4.23590006238363,3.68398954230313,11.4690460146738,"0.84 0.34 -1.69 -2.04 1.11 -0.04 0.63 1.3 0.08 -0.53",0.188355822150384,0.187239150679089,0.709205927252168,10.6908273599319,2.30552608119557,0.3068423269819,1.55288612930803,2.01367957684778,0.275158701488898,1.86022453076413,18.6302947361172,0.0496090646306583,0.00642688546936587,0.00180511012312645,0.00305919908601093
9,"H5_k25_ar03",4.8233286932783,6.03293555379673,4.22423837765728,3.50179471372281,4.8233286932783,"0.83 0.07 -1.06 -0.86 -0.93 0.22 0.62 0.8 0.53 -0.22",0.166815255828414,0.185974379887344,0.667721645433832,13.5378061308476,2.36846470538347,0.292225312314639,1.59520726379438,2.25831259307282,0.272436799438747,2.04967273762327,18.739689873611,0.602908110417642,0.32981391943733,0.20061905280269,0.238110398540323
10,"H5_k25_ar03",10.1130037349543,6.14646926043117,4.28191003772794,3.68447031782806,10.1130037349543,"0.88 0.1 -2.38 -0.6 -0.35 0.58 1.27 0.55 0.66 -0.69",0.219350345007837,0.197883708903156,0.742505241099398,9.93023229154306,2.23854296545088,0.338304595443153,1.59617485118828,2.17819987915793,0.287838537574006,1.87045423945538,18.9992707734958,0.10611282552002,0.0164866836849793,0.0054113649196621,0.00849148873392891
11,"H5_k25_ar03",7.3321787066811,6.15154675386688,4.37632743004008,3.76247958840798,7.3321787066811,"0.75 -1 -1.06 -0.26 -0.61 0.18 1.19 0.77 1.06 -1.02",0.198917478095638,0.194443677758447,0.715102645225927,10.6253945049275,2.30878419731002,0.319284847691932,1.56779903182097,2.11357667869142,0.278217788941306,1.8602075916401,18.7324453931089,0.298579165547857,0.100846492709114,0.0497908819681906,0.0662474398478771
12,"H5_k25_ar03",13.1810788533842,5.78146275782731,4.10127495442572,3.50574653315912,13.1810788533842,"1.03 -0.95 -1.38 -1.52 -0.2 1.74 1.68 0.4 0.14 -0.95",0.193022084310586,0.192662257670909,0.707766172895938,10.8924419579217,2.39091958964158,0.314521933007256,1.56969460759686,2.10248184995013,0.278403615962148,1.89011514847391,18.8757907530704,0.0197490712408802,0.00149544459831175,0.000242274913718976,0.000470803084063331
13,"H5_k25_ar03",10.2982499803929,5.99383840844576,4.27116541768448,3.84155554117539,10.2982499803929,"1.21 -0.33 -1.32 -1.88 -0.25 0.71 0.65 0.76 1.19 -0.72",0.153148086480608,0.178140096943154,0.651911046263345,12.5267218676369,2.30387292923411,0.275243000917981,1.52314696305419,1.91844348390338,0.262891903343973,1.93235463758861,18.7331505533578,0.0882981302498638,0.0144298237516883,0.0062557789864307,0.00974647203408985
14,"H5_k25_ar03",5.12147604568525,6.0475588992257,4.32949441606748,4.00153045415975,5.12147604568525,"0.58 -0.27 -0.22 -1.04 -0.83 0.79 1.27 -0.36 0.55 -0.47",0.139959013497959,0.183474751036977,0.606505732778294,12.8145473682088,2.20409946400508,0.269543272566987,1.50352235273527,1.79351140807737,0.257329597161328,1.96601478572821,18.9335878139261,0.560383992043379,0.303783783084185,0.248326880407006,0.289191380627719
15,"H5_k25_ar03",5.07494179350936,6.07492976180876,4.26889304018847,3.82190229943811,5.07494179350936,"0.54 -0.23 -1.4 -0.03 -0.68 0.3 1.17 0.84 -0.33 -0.2",0.210825501779699,0.208965073977565,0.710233562137875,9.40161237921114,2.22771642260706,0.336281537282766,1.56229317405398,1.98209964738542,0.279799766853821,1.91233261266091,18.8037046793527,0.571377962694961,0.300318717742125,0.223703760294519,0.263045365925691
16,"H5_k25_ar03",10.8651434723435,6.02162125783001,4.04455124878082,3.25714869504213,10.8651434723435,"0.99 -0.57 -0.51 -1.74 -0.14 0.94 -0.32 2 0.4 -1.05",0.176911733721998,0.177169732478104,0.706591365659242,14.1410053581508,2.31296820706408,0.296386512965301,1.63213791903133,2.50170977448253,0.281376439411914,2.04358875419055,18.8418134512468,0.0710922285472984,0.006803997336291,0.000920318279003851,0.00163318658987921
17,"H5_k25_ar03",8.58590040399639,6.02301002666505,4.23325237779066,3.85888327441425,8.58590040399639,"0.76 -0.99 -0.26 -1.92 0.64 1.56 0.18 0.4 0.09 -0.46",0.182161791402847,0.202075918080093,0.669560467459802,10.4237824009516,2.21989316084128,0.310690394588978,1.54193853492217,1.89881487535082,0.270617448778341,1.95784526377702,18.7045716474473,0.179603632588865,0.0408618681843688,0.0233223319588978,0.032945052478519
18,"H5_k25_ar03",5.88141470685392,6.05626376863269,4.23624882890798,3.76665445043127,5.88141470685392,"1.06 -0.17 -1.12 -0.87 -0.3 -0.52 1.16 0.62 0.64 -0.48",0.181770499735614,0.192795732919262,0.685996217794961,11.0556950225722,2.24569831137868,0.305486813550035,1.55912641215247,2.0095992091775,0.273259537353596,1.94837279474065,18.6145942874658,0.455814555362197,0.196532955599084,0.131094063758429,0.161409959539293
19,"H5_k25_ar03",12.012952628786,5.98546205993166,4.23362746863166,3.72500446079172,12.012952628786,"0.28 -1.38 -1.15 -0.27 0.22 1.07 1.19 1.88 -0.36 -1.53",0.187597212659196,0.199354213518187,0.685306035702104,10.7804715731783,2.33631535675863,0.313623548153108,1.57109422591967,2.02238641827995,0.274002392945748,1.94199935129869,18.6305687000141,0.0419221291199817,0.00463198616057281,0.00133138982025716,0.00229708477835699
20,"H5_k25_ar03",8.88291031602711,5.85687052064827,4.15540125247058,3.79565531233986,8.88291031602711,"0.47 -0.08 -1.18 0.45 -0.1 -0.13 -1.65 1.46 1.35 -0.59",0.152155690837358,0.198731559937509,0.607915138040988,12.1581246918144,2.27601865019575,0.287027448424269,1.51445047134984,1.84992786176976,0.259032622834859,1.96470473585943,18.7630854968035,0.145165633763695,0.0302443509129919,0.0166454022260706,0.0241515843143272
21,"H5_k25_ar03",12.1568374477488,6.01137761483076,4.24410643318596,3.83835048238971,12.1568374477488,"0.32 0.3 -1.24 -1.28 -1.37 1.24 1.25 1.27 0.76 -1.28",0.155623580332229,0.19241600345798,0.628852123604537,12.3681037081243,2.28348412802229,0.28622498060625,1.52522325760887,1.92476858097863,0.262617057856855,1.97153306722909,18.9179307227071,0.0398560312715457,0.00396839704914465,0.00145266361853236,0.00250810283185621
22,"H5_k25_ar03",15.9145509277288,6.03672657815552,4.2992349587312,4.03723449428814,15.9145509277288,"0.88 -1.45 -0.69 -1.84 2.03 1.17 -0.5 0.49 1.22 -1.32",0.178488449134624,0.191515078052891,0.681789421882468,9.91607421609781,2.39195967337535,0.30060684447299,1.51286445293502,1.76990470833513,0.267446240095961,1.85404654266817,18.6123539636407,0.00705896647336601,0.00032541551344667,0.000130990208581094,0.000265698133715686
23,"H5_k25_ar03",12.0755105669039,6.05115414031212,4.1319386508975,3.29987841196426,12.0755105669039,"1.38 -0.27 -0.98 -1.52 -1.54 0.36 1.11 1.26 0.98 -0.75",0.2303351396393,0.202116970618378,0.751648121653078,10.9590384412059,2.26209407779417,0.349650815095989,1.63733053716567,2.52425164966762,0.29274379849278,1.92458218070538,18.6627892981351,0.042812867059681,0.00332547855624132,0.000347704587305264,0.000657658931852545
24,"H5_k25_ar03",7.55941876562713,5.96187262672804,4.2536820122148,3.69003323735669,7.55941876562713,"0.62 -0.79 -0.96 -0.85 0.68 0.16 -0.06 1.38 1.02 -1.22",0.197550996226069,0.191555098342843,0.717917654348196,10.305279827613,2.36907798563451,0.316589392916662,1.56517919787274,2.03581829633337,0.278768125037724,1.86691494623143,18.7176704308785,0.254651912888674,0.0784158443996815,0.0381688441326713,0.0518558462527057
25,"H5_k25_ar03",11.1742912812098,5.9448581057996,4.12546556755323,3.50438663217905,11.1742912812098,"1.27 -0.92 -1.32 -0.57 -0.2 -0.67 2.17 0.94 0.07 -0.75",0.217107888001513,0.193217498550564,0.747011600003046,10.2491455738833,2.40463468063427,0.334294024385914,1.61892625192036,2.22517034936586,0.289419788846655,1.91586173846202,18.7085407277946,0.0584571413763266,0.00647707342211434,0.00145625791783421,0.00250215868228176
26,"H5_k25_ar03",6.71891553974219,6.09287705233673,4.49448783275031,4.09213920033715,6.71891553974219,"0.82 -0.29 -1.52 -0.23 -0.68 0.71 -0.2 1.1 0.98 -0.66",0.171141892571977,0.192901834760831,0.663656474137437,10.2731522018764,2.22798320894184,0.296072568974239,1.5068947468974,1.75816671050909,0.264890569635241,1.84905069711369,18.701061336453,0.356915917159609,0.154608264556839,0.107689622328478,0.134839052938862
27,"H5_k25_ar03",9.44811947795769,6.00879818444735,4.19621757555318,3.66095555842199,9.44811947795769,"1.65 -0.61 -1.39 -1.07 -0.57 -0.15 1.31 0.19 1.04 -0.36",0.211508555891562,0.205056230068945,0.71797329616803,9.87788576461006,2.27675372529902,0.335286574108893,1.59169534133388,2.08925735333449,0.282078696225612,1.95240751078933,18.6449337694677,0.127238279126566,0.022331784441687,0.00862504694295163,0.0130986290515391
28,"H5_k25_ar03",7.65343544525566,6.17277005856089,4.41105234793976,3.91663978653997,7.65343544525566,"0.83 -0.96 -0.69 -1 -0.49 0.42 0.69 1.45 0.75 -1.01",0.170710012197458,0.198448483677495,0.652136581423117,11.3552693538763,2.17802550840443,0.300342849197644,1.54877138339455,1.93845816990564,0.267402274130386,1.98725709104993,18.6833535538473,0.270254051314194,0.0862169342342967,0.0483459649668163,0.06461146841987
29,"H5_k25_ar03",10.368562599358,6.14165457218481,4.41403507151964,4.15722020938544,10.368562599358,"0.59 -0.26 -0.87 -0.27 -1.66 1.12 0.14 1.04 1.49 -1.35",0.169453519606126,0.194969507063398,0.655990920381695,10.1961211810152,2.24807187339304,0.295835673073489,1.50182848946292,1.7277686204536,0.263843262628933,1.87735154781413,18.6295950359436,0.0952307835698718,0.0170207374131333,0.0106181052348138,0.0159458763070176
30,"H5_k25_ar03",10.170754121657,6.07800038026595,4.40838204829228,4.08064257225687,10.170754121657,"1.1 -1.54 -1.44 -0.46 0.47 0.81 0.18 1.27 0.71 -1.12",0.182695341024473,0.186452267179739,0.699874098307431,9.70215857180665,2.34705016774335,0.30069212507115,1.5090581413906,1.77253916894973,0.26951696551331,1.80468231569191,18.7912244237776,0.0988135281720827,0.0195197564440368,0.0110506732638566,0.0164828219909605
31,"H5_k25_ar03",9.60971506096702,5.99667197990054,4.16918794801768,3.47804829774921,9.60971506096702,"0.88 -1.03 -1.19 0.26 -0.31 -0.92 1.75 1.28 0.1 -0.8",0.223132658512569,0.198054361349136,0.747884754896499,10.1732793641341,2.34718929038054,0.341076431170846,1.603164804162,2.2699908703103,0.288688328563575,1.88243717260264,18.7236314097946,0.118113564913837,0.0197218788758137,0.00528306265662359,0.00828058542065491
32,"H5_k25_ar03",11.8456932625116,5.98447669539382,4.21793869980183,3.69311030730928,11.8456932625116,"1.01 -0.91 -1.27 -1.12 -0.79 1.73 0.3 1.51 0.48 -0.95",0.239327930901499,0.210796153409426,0.750421757257608,8.75788879359423,2.39025777474436,0.358714817555779,1.5824194089967,2.09600740403633,0.287872208268739,1.80471987604097,18.6575068055899,0.0448977088051109,0.00468390119850937,0.00136067858259625,0.00235029095175476
33,"H5_k25_ar03",10.6367429066189,5.94726810256522,4.26077420657631,4.06495077103088,10.6367429066189,"0.98 -0.8 -0.71 -1.37 1.34 -0.53 -0.7 1.98 0.17 -0.36",0.160700083743994,0.187957425076338,0.649843766556115,10.4572835936398,2.29994329791969,0.285398532525381,1.48713153899529,1.68048634923261,0.261077282539417,1.81858638587661,18.7662363816603,0.074280879924975,0.0113375630041319,0.00763341690066199,0.0117138479172513
34,"H5_k25_ar03",15.7056473877309,5.89008965459043,4.06140037299115,3.40206666776023,15.7056473877309,"1.23 0.16 -1.41 -1.94 -1.2 0.77 1.17 1.78 0.65 -1.2",0.217557615521199,0.195595271014999,0.743645159269029,10.5250774817395,2.38544840661083,0.336332783075561,1.62895904219726,2.28981076010311,0.290411465837129,1.96449403625605,18.6618691222335,0.00635882356701978,0.000196331311145936,1.70810592818871e-05,3.93395835436294e-05
35,"H5_k25_ar03",4.49182350882584,5.89894646267472,4.12914199715109,3.83516530969852,4.49182350882584,"0.5 -0.69 -1.04 -0.05 -0.01 -0.03 1.53 0.11 0.22 -0.54",0.180204402674917,0.185063508343896,0.697638516565737,10.2092653866219,2.37602205619978,0.29887321123727,1.53100813977069,1.8397545707459,0.271555891769486,1.83389322079248,18.6252371259413,0.636376622109626,0.36637149374768,0.311451829690652,0.355207153415334
36,"H5_k25_ar03",9.33591816319427,6.00399438550414,4.14718056134828,3.68118494768677,9.33591816319427,"1.16 -0.36 -0.58 -0.97 -1.81 1.07 0.76 0.4 1.01 -0.64",0.213085047113606,0.205162446208077,0.720371835070129,9.62035491653094,2.22145013868322,0.336504809030521,1.58910008788581,2.0499537806386,0.28351405310803,1.93738454885989,18.5974524221662,0.132446791058843,0.022470558253926,0.00975769536401128,0.0146950782714547
37,"H5_k25_ar03",7.81956726007178,6.03660205317617,4.23513983643835,3.93217078735196,7.81956726007178,"0.57 -0.45 0.12 -0.89 -1.36 -0.14 2.03 0.04 0.54 -0.45",0.176845093050121,0.179628057280032,0.70156506222716,10.4816425027474,2.2821804527472,0.293633491167364,1.53224635560628,1.85362704371648,0.271678095610409,1.85857052702538,18.6715506697788,0.24009466664791,0.0661019929190663,0.044685158715457,0.0599888918977753
38,"H5_k25_ar03",17.4216330685443,6.10120375758244,4.243937242313,3.54331780914368,17.4216330685443,"0.6 0.38 -1.1 -1.15 -1.7 0.05 2.73 0.77 0.98 -1.57",0.262966626445276,0.209577862264755,0.782021384678707,8.85217094553657,2.39474326673788,0.378599396195511,1.63303381929399,2.32782553026464,0.300234500332058,1.84341509770043,18.6213389647556,0.00357915729683156,0.000103124228520546,7.63507880230385e-06,1.83325629478093e-05
39,"H5_k25_ar03",13.3745355867957,5.9830700809709,4.04929875517881,3.21113790357058,13.3745355867957,"0.83 -0.9 -2.16 -0.17 0.39 1.42 -0.05 1.81 0.15 -1.32",0.182746957232161,0.177530097899124,0.717270588116106,13.9882020456483,2.43948495441107,0.300610191871815,1.63912415666748,2.55630136099092,0.282790127795656,2.0477110185195,18.6294319175993,0.0223588489548182,0.00122530208678284,7.83256774058438e-05,0.000162497936367245
40,"H5_k25_ar03",9.73674454609929,6.10665507143545,4.28486512174964,3.72800797371733,9.73674454609929,"0.2 -0.84 0.31 -0.31 -1.86 1.52 -0.27 1.39 0.63 -0.78",0.162921118359354,0.193705575224163,0.643674775969456,12.7537511063031,2.35182556772319,0.293452417677869,1.56576347385037,2.07785539351575,0.268364907198272,2.01833381312068,18.9155120006119,0.120130507821796,0.0210068939432778,0.00766683405709989,0.0117738020073375
41,"H5_k25_ar03",11.4495994202233,6.11819986463933,4.1959433119061,3.34059852975156,11.4495994202233,"1.21 -0.47 -1.09 -1.73 0.82 -0.92 1.27 1.03 0.78 -0.89",0.199513002482322,0.189336475680999,0.725364013067403,12.5008161745117,2.19748257048235,0.319501143301024,1.63065453726922,2.4940753684564,0.28640790798625,2.00522965107385,18.7214517439372,0.059605996850194,0.00592097815927661,0.000702264509307104,0.00126855032685214
42,"H5_k25_ar03",9.24414635027713,6.03432076344711,4.29429884850472,3.6841054983351,9.24414635027713,"1.33 -0.64 -1.6 -0.96 -0.65 0.67 0.59 1.06 0.88 -0.66",0.180694959804083,0.185447227678681,0.697870253004229,11.5673543345371,2.33818909145224,0.300309259133731,1.56534403287376,2.09016262651876,0.273012627090837,1.89638140797093,18.5855627387458,0.139771327904443,0.0293839766886004,0.0104230876459656,0.0156363160953927
43,"H5_k25_ar03",21.9930720502363,6.08439018923792,4.34542473779179,3.63972847084336,21.9930720502363,"1.78 -0.84 -1.36 -2.13 -1.56 2.05 0.49 1.21 1.48 -1.1",0.211757530407742,0.200474098727927,0.726189431264214,10.434834959406,2.35366463996767,0.333255072319478,1.60134548522585,2.20965488121619,0.284202883098869,1.91442524513386,18.7676411603598,0.000346203487045615,5.61299465362541e-06,1.81721850900374e-07,5.72259849396239e-07
44,"H5_k25_ar03",8.25516848612627,6.0136542770599,4.32138095112393,3.92279693312366,8.25516848612627,"0.68 -0.71 -1.58 0.25 -0.48 0.3 1.84 0.18 0.41 -0.91",0.149693728426377,0.191965428381564,0.614931405047999,12.3628800394527,2.31050664670664,0.280965836875942,1.51467957996853,1.85064560719371,0.258870191581733,1.97950994513001,18.7347693082807,0.202078621191557,0.0555900181448848,0.0322194294010374,0.0444379852017865
45,"H5_k25_ar03",4.46934168592672,6.03481829346325,4.13856370186117,3.53552089416794,4.46934168592672,"1.03 -0.65 -0.76 -0.29 -1.03 0.28 0.8 0.54 0.42 -0.31",0.174087669238391,0.189127775476369,0.677246377186107,12.6362209354235,2.28635578627219,0.299022537539104,1.58774129935759,2.19981025062924,0.274337337376638,1.98852077968695,18.6972099351751,0.655337347567363,0.371853222379968,0.256940601402883,0.298273096784911
46,"H5_k25_ar03",11.3897960387732,6.1692390445342,4.40760870395269,3.88585415011781,11.3897960387732,"0.93 -0.01 -0.33 -2.27 -1.17 1.24 -0.05 1.46 0.4 -0.17",0.163427545588227,0.186204800385687,0.659643094395205,12.1595971222385,2.23597034068835,0.287825579311566,1.54321010686302,1.98721311302911,0.265782887328631,1.96942234492152,18.6729286437836,0.0636495849003522,0.00902512665938471,0.00302259374916114,0.00495260998400648
47,"H5_k25_ar03",9.28760944609948,6.18749552015449,4.38289782087978,3.77611213160153,9.28760944609948,"0.79 -0.8 -1.83 -0.88 0.64 1.36 0.05 0.71 0.73 -0.79",0.206490302845046,0.181892600472287,0.75038697526687,10.1588302028075,2.20419383350237,0.318183395659189,1.56897517179134,2.09769992512913,0.282850722061234,1.81275349684292,18.7175060417458,0.150372183952842,0.0328683354532109,0.0123394252725935,0.0182380574571371
48,"H5_k25_ar03",7.75786758199045,5.99009877383843,4.1854804043599,3.73872169818145,7.75786758199045,"0.51 -0.35 -0.25 -0.25 -1.77 0.65 0.48 0.07 1.69 -0.77",0.202637572431126,0.201269958704618,0.709496947605838,9.90353658978286,2.27875408934718,0.32666472359289,1.5749785854385,2.00682861303643,0.280510358137861,1.91268370202912,18.8797370450517,0.240195774048502,0.0645219404586335,0.0354202629131892,0.0484209856934543
49,"H5_k25_ar03",13.5269354858265,5.92790983496759,4.1835410121683,3.87418080244515,13.5269354858265,"0.4 0.48 -1.62 -0.91 -0.63 -0.08 2.5 1.16 -0.02 -1.29",0.167458482889976,0.196237587740269,0.649124671906008,10.9271344310779,2.2649958861442,0.296661900851839,1.53260507626987,1.82984135416314,0.266019365174573,1.91875885373814,18.7454569904548,0.0195809033277361,0.00125004714043842,0.000524519842011406,0.000972161154964124
50,"H5_k25_ar03",7.7099443164177,6.10039937564314,4.2307631132715,3.95458343335444,7.7099443164177,"0.44 -0.78 -0.77 -0.6 -0.32 1.57 0.83 0.75 0.28 -1.44",0.22394377254315,0.194649633980066,0.754745819597986,8.39358849245101,2.37491804302241,0.338035538641443,1.56286738524246,1.87969187217425,0.285771366699166,1.78987880457327,18.5531074803351,0.25691639166064,0.0697145206068099,0.0494289350970036,0.0658600269091633
51,"H5_k25_ar03",4.27322019214796,6.2249714095221,4.32796621405691,3.77285259173369,4.27322019214796,"0.75 -0.54 -0.37 -0.89 -0.51 0.09 0.83 0.76 0.63 -0.75",0.169886876493446,0.188417395490975,0.669642208449091,12.4140977900497,2.30057318825132,0.295133591326237,1.57225300902731,2.10899229803574,0.271317109674305,2.02853857053163,18.7125065695969,0.704293801127718,0.440590141045876,0.336452512856365,0.380931378315599
52,"H5_k25_ar03",11.0472946568266,5.91842695063243,4.15133571162575,3.70062098482593,11.0472946568266,"0.78 -0.19 -0.81 -0.55 -0.93 -0.81 2.15 0.98 0.71 -1.35",0.186243845487474,0.190539062158108,0.699000550172309,10.6972085155737,2.29612308294354,0.307617599521423,1.56962980206869,1.9922892499218,0.275757551145618,1.94592847361438,18.5784949860677,0.0605195069284923,0.00726331786575063,0.00259428026572972,0.00429475050546535
53,"H5_k25_ar03",10.1813082901981,5.95842358586483,4.3039981794784,3.94123379788524,10.1813082901981,"1.25 -0.6 -1.33 -1.47 0.41 -0.14 0.64 1.77 0.2 -0.73",0.177025653147297,0.200737190596452,0.661421206369103,10.3456978331449,2.16688085313173,0.305279848445887,1.51915354689752,1.83145391617705,0.266733087824077,1.88850030841989,18.6984739282887,0.090589294064863,0.016434770257503,0.00846202269227225,0.0128806131837732
54,"H5_k25_ar03",7.56795814326387,6.09345692333114,4.27733605296239,3.79726637954549,7.56795814326387,"0.69 -0.27 -1.19 -0.12 -1.22 -0.2 0.63 1.48 0.97 -0.74",0.198254560572423,0.184157046206444,0.732676418539946,10.1460600939135,2.31772924453074,0.312743363243035,1.55689597400474,2.01150268546022,0.279086253340429,1.8491244042087,18.7064853484763,0.268938673712475,0.0799234369643922,0.0440706322411561,0.0592334739857364
55,"H5_k25_ar03",9.82325612861749,6.23526929618763,4.39425296192946,3.8451966669028,9.82325612861749,"0.98 -0.66 -0.19 -1.25 -0.52 -1.28 1.63 0.91 1.02 -0.62",0.15091027943663,0.186851616645257,0.628316107463547,13.5530134537749,2.27169814596304,0.280251507844944,1.55316973844611,2.04528904751758,0.263925030094144,2.04808467097461,18.7929312372883,0.125949088706386,0.0236948404464133,0.00907991707520006,0.0137676011557563
56,"H5_k25_ar03",9.95968658978882,6.05319656312001,4.33614844633705,4.13199053119998,9.95968658978882,"0.59 -0.91 -0.88 -1.29 0.54 0.55 1.57 -0.16 1.26 -1.29",0.13107545263053,0.185161322214811,0.577781074323518,12.8291342021406,2.26418089478602,0.26327295377062,1.47925870172747,1.6815845724034,0.251033514040102,1.94643705043458,18.7035332548568,0.105966729552578,0.019581435882289,0.0134946922900656,0.0199087302891106
57,"H5_k25_ar03",11.4403506311062,5.91807623801745,4.06968434440045,3.37501252117559,11.4403506311062,"1.29 -0.51 -2.06 -0.78 -0.35 0.49 1.19 1.47 0.1 -0.84",0.248732419109627,0.191882025634841,0.791778051348095,9.50220576942694,2.37217293353203,0.358866225368622,1.63462957724208,2.36350662790702,0.2998115881559,1.85746935156136,18.6794776681992,0.0508126522197321,0.00499374744911096,0.000887575801536866,0.00156553959362715
58,"H5_k25_ar03",9.07584754183871,5.96392534134465,4.20790617759829,3.89382423361803,9.07584754183871,"1.01 -0.73 -1.03 -1.48 0.21 0.23 0.5 1.52 0.77 -1",0.175829216089395,0.193700356743601,0.67212422927475,10.5422739513721,2.08592030205107,0.30030531819209,1.52483742787677,1.8536397646694,0.267761794744264,1.89701118680174,18.6256264104732,0.143237538148932,0.0289394409827752,0.0173072590653016,0.0250041826293592
59,"H5_k25_ar03",14.6840367110136,5.9707191655461,4.20167584566798,3.68828014111635,14.6840367110136,"1.38 0.34 -0.97 -2.49 -0.85 0.71 0.19 1.62 0.97 -0.85",0.179316333301249,0.180622598434786,0.704535959276207,11.4947084884062,2.23255229198221,0.296988742172902,1.56560844545643,2.06118897850775,0.274834823376662,1.89973174672645,18.6514881492774,0.0117184045712095,0.000628602110595011,0.000121532693886484,0.000247101718186982
60,"H5_k25_ar03",8.16963379882955,6.03943908669276,4.39581731935166,4.11032247092348,8.16963379882955,"0.5 -0.33 -0.53 -2.02 0.03 0.52 0.88 0.87 0.94 -0.88",0.156730566970122,0.200167544056688,0.616497801438127,10.9884947814237,2.21468584459916,0.289534594927212,1.48992709409916,1.72223301724077,0.256363957862981,1.92355927426495,18.5964576632352,0.211311629215623,0.0631972059903395,0.0441459776585702,0.0594181265525633
61,"H5_k25_ar03",13.4921798195949,5.99728863978278,4.2463372872838,3.78912102473985,13.4921798195949,"1.2 -1.03 -1.85 -1.46 0.63 1.21 0.68 1.24 0.51 -1.15",0.191746803349169,0.209251383595142,0.675596407870999,10.3734343472748,2.3487233644785,0.321832512831609,1.55361791707297,1.98907287584241,0.272273474459729,1.90947147594775,18.7613557220367,0.0212158055903642,0.0015849657988195,0.000431586432364073,0.000809267090150279
62,"H5_k25_ar03",5.45125481633493,6.05090622202075,4.25288792946597,3.87770239111559,5.45125481633493,"0.73 -0.68 -0.7 0.07 -0.62 -0.3 0.73 1.19 0.64 -1.06",0.184939444809499,0.200213501741359,0.678531612753125,10.4297064731546,2.20943557238889,0.311465547674508,1.54664453492208,1.92886412467125,0.271864191516685,1.95491683217912,18.565663572247,0.513765782699263,0.247670416459186,0.188410463096574,0.224799790770469
63,"H5_k25_ar03",8.66728169547659,6.11965727571004,4.31508311685549,3.70742915533617,8.66728169547659,"0.96 0.42 -1.63 -0.43 -1.2 -0.26 0.65 1.6 0.29 -0.37",0.19825783895914,0.202488959155409,0.699602092781362,10.7586341565863,2.22761728993188,0.323875020771135,1.58486139663682,2.13298355803679,0.279227719392769,1.98258782242804,18.6397604582217,0.183286177629832,0.0435265145024495,0.0173659673363867,0.0250335607662459
64,"H5_k25_ar03",12.8797268354648,6.0534284364114,4.4097948353153,3.85339481815949,12.8797268354648,"0.36 -0.69 -0.57 -1.19 -1.31 1.77 1.39 0.03 1.46 -1.28",0.155603924135649,0.177631605089095,0.658927266106877,12.5159728361644,2.25158394303427,0.27673069172928,1.52206231011479,1.94753448768236,0.263940591586085,1.86562393174087,18.7417734230408,0.0298858253266279,0.0035149343186156,0.000866419267094076,0.00154752338984676
65,"H5_k25_ar03",11.901394559051,6.12307492904193,4.38948123008106,3.74693847977565,11.901394559051,"1.37 -0.56 -1.32 -1.2 0.12 0.26 -1.23 1.66 1.41 -0.47",0.217632148396339,0.199210401463191,0.737636355466977,9.81781216483411,2.35269665826018,0.335221685962665,1.57453055701841,2.13667155398455,0.281780503824201,1.85049415086616,18.4361740486444,0.0490249687171038,0.00650576451054641,0.0015059880238919,0.00258228595951171
66,"H5_k25_ar03",9.65093867925641,6.03235337887409,4.22647022343021,3.80444996734696,9.65093867925641,"0.62 -1.16 -2.01 0.92 0 1.4 0.3 0.38 0.37 -0.84",0.189603318899327,0.188444111980654,0.70927164851384,10.4121805731591,2.33203559480179,0.308563542081442,1.54704886247642,1.97418399365007,0.275677751222403,1.83607254012154,18.749604711017,0.118822828224942,0.020963740616653,0.00978826920563824,0.0147278800287043
67,"H5_k25_ar03",12.6451914369494,6.14565491660787,4.3291002489855,3.79499184155363,12.6451914369494,"0.88 -0.77 -0.78 0.27 -1.47 -0.85 0.88 2.4 0.43 -1",0.190733446857108,0.18979134508133,0.708855260876174,10.7693152788214,2.3096255915825,0.310858838571844,1.56736226340974,2.05406862342051,0.277464639406031,1.8826472110351,18.7944264951323,0.0364027993506467,0.00352843932280422,0.000943391938932781,0.00166856304350804
68,"H5_k25_ar03",9.99816605848743,6.05901803154535,4.29576118492739,3.86557950954012,9.99816605848743,"1.06 0.19 -1.23 -1.88 -0.85 0.93 0.83 1.09 0.37 -0.47",0.219006290006638,0.204708034362499,0.730552294171196,8.92780568359644,2.31518363121319,0.339151689427469,1.56110236996394,1.95524560066463,0.281687907698494,1.89091699720725,18.4820828217632,0.105038378071624,0.0182902837342701,0.00857433633946991,0.0130112670591631
69,"H5_k25_ar03",13.7386893517455,6.01618384430885,4.24796968528822,4.0212945234175,13.7386893517455,"1.39 -0.66 -0.58 -1.61 -1.2 -0.43 1.45 1.46 1.23 -1.03",0.134540040701047,0.186937196578003,0.584148185294906,13.0436832506399,2.22229704483187,0.268009630954983,1.49996694982069,1.75489767543265,0.25469736978682,1.9685384582082,18.9279535768786,0.0192914473517268,0.00129006056388525,0.000638368104279641,0.00117086367526431
70,"H5_k25_ar03",14.4707048491703,5.98785739830736,4.15998370455053,3.57186249841827,14.4707048491703,"0.55 -0.92 -0.46 -1.18 -1.2 1.55 2.23 1.1 -0.5 -1.2",0.173410977235254,0.184664586660507,0.684545821610286,12.529308083899,2.2783295512293,0.296352442992821,1.58187452790964,2.17271955891049,0.274962457486183,1.97690059094357,18.8926229478722,0.0133595717636339,0.000694373835517181,0.00010134329575151,0.000208034787974487
71,"H5_k25_ar03",18.7302809510298,6.08175335245033,4.45194066496683,4.11629087016007,18.7302809510298,"1.11 -0.13 -1.75 -2.02 -0.49 1.38 0.81 1.93 0.88 -1.74",0.174270136377133,0.203499462211411,0.650451405316853,10.0582808512886,2.40215116379453,0.305239351850258,1.51559475862169,1.75285797567357,0.265678840350955,1.91115263173952,18.8131805193202,0.00184793010030293,6.78472742738911e-05,1.88241106082732e-05,4.33497874376965e-05
72,"H5_k25_ar03",6.64045462693043,5.9443292985464,4.29786233409102,3.97467142275182,6.64045462693043,"0.65 -0.24 -1.5 -0.57 -0.79 1.46 0.67 0.52 0.11 -0.3",0.157238638435918,0.193195640129393,0.631238492893991,11.2635574937941,2.28814627180855,0.286262606339057,1.49845240938621,1.77106644426887,0.259979987112471,1.87463879165349,18.6784164860328,0.347112790636821,0.136973610095303,0.0999504474697356,0.126005815778873
73,"H5_k25_ar03",11.207445772178,6.00605763271715,4.25300330564859,3.5424026503309,11.207445772178,"0.72 -1.14 -1.06 -1.05 0.66 -0.47 1.17 1.78 0.62 -1.26",0.182073303827182,0.197323105201338,0.678137105328452,12.3512271979482,2.15983898266413,0.308878350395748,1.57825093788268,2.24882874225057,0.273995128549284,1.98046199686958,18.7051923613235,0.0603473545617159,0.00770450040042281,0.00154339994820274,0.00264523139168693
74,"H5_k25_ar03",11.9097421517496,5.97576738569933,4.09401147453565,3.31377670697972,11.9097421517496,"1.02 -0.26 -1.19 -1.42 -0.38 0.48 0.27 1.51 1.5 -1.55",0.201738065804511,0.193925955315123,0.720927603410611,12.1299881928907,2.20525349748524,0.323424555074958,1.63352481453967,2.44708035626533,0.286175831579001,2.0370372047613,18.6245390705638,0.043066887713724,0.00355156476317298,0.00042469206130713,0.000792764394183854
75,"H5_k25_ar03",7.41774707099348,5.86807863334237,4.11119617290451,3.72895926287674,7.41774707099348,"1.04 -1.07 -0.59 -0.6 -0.98 1.22 0.34 0.7 0.81 -0.87",0.204475731723391,0.207664951432939,0.7016140542372,9.54533716628896,2.44336646369879,0.330469626908775,1.56067006569864,1.95178980162341,0.277678818365203,1.9036017332783,18.6740677872781,0.256631936964782,0.0730199692855161,0.0443080644631246,0.059570210027335
76,"H5_k25_ar03",7.19320202033974,5.96895054425441,4.05958970312271,3.57114309219997,7.19320202033974,"0.23 -0.65 -0.03 -0.09 -1.59 1.26 1.33 0.45 -0.16 -0.77",0.182096210685319,0.195961246694191,0.680716421500212,11.7110660171971,2.2374572474601,0.309100983805181,1.59591471578582,2.1325407448172,0.276945608124054,2.06862468990914,18.6674385127236,0.290715188961243,0.0792358268326638,0.0416001559388206,0.0561844271851496
77,"H5_k25_ar03",13.3027895052036,5.99670257942601,4.13005876368219,3.35765103872913,13.3027895052036,"1.12 -0.55 -0.1 -2.23 -0.55 -0.29 1.17 1.43 1.23 -1.22",0.2283502070552,0.1939144084278,0.762241116332284,10.3969758348344,2.41370026369556,0.343506379764844,1.62711892330141,2.37415158463236,0.292251498216272,1.90375280920303,18.535500692355,0.0233060872154188,0.001475897631662,0.000140437669046922,0.000281071282030476
78,"H5_k25_ar03",14.2658579865516,6.18258030747592,4.40610210283404,3.9495399268979,14.2658579865516,"0.94 -0.96 -0.45 -2.55 0.87 0.36 0.97 0.93 1.16 -1.3",0.216023151923354,0.179500573628309,0.76912879294821,9.0693733660555,2.34252779789908,0.323527886477739,1.55452556675407,1.95919462050503,0.284110490157196,1.73753625021657,18.6374637910924,0.0180221224541128,0.00142020125451625,0.000394456945772004,0.000740695258308222
79,"H5_k25_ar03",4.94981363629026,5.96550827886311,4.2049510529352,3.91773345923992,4.94981363629026,"0.48 0.32 -0.81 -0.59 -1 0.8 -0.43 1.33 0.06 -0.14",0.198423477893659,0.204585071558815,0.696214466280581,9.21468416115833,2.35062518293827,0.323244930146839,1.52431054541564,1.82840967894865,0.273482205344602,1.84661155303744,18.7251613437545,0.575789913646958,0.307425068627535,0.257181175426902,0.298580697554909
80,"H5_k25_ar03",9.06506300944529,6.10604885540584,4.37141028788288,3.84311473834883,9.06506300944529,"0.94 -0.74 -2.15 0.11 0.3 0.15 0.13 1.14 0.94 -0.82",0.23528127562734,0.212197245341091,0.742596783023219,8.6864244451179,2.32857420548472,0.35604470458607,1.57733283485913,2.04375302408785,0.285201201306822,1.78528903468667,18.7025016792199,0.156154778419929,0.036369122715403,0.0162583175274147,0.0235673419498944
81,"H5_k25_ar03",4.65770893205723,6.18966169192935,4.28858046555489,3.56147616206452,4.65770893205723,"0.57 -0.45 -0.85 -0.83 0.34 -0.33 1.18 0.64 0.44 -0.71",0.198121757739313,0.191842159382169,0.718400201526652,11.6327738452221,2.29470606047551,0.319426672139335,1.60718579146304,2.30470560159932,0.284077722202873,1.96966811078322,18.8666944276981,0.644782019574711,0.367329338982671,0.234179178751091,0.273931039154691
82,"H5_k25_ar03",7.63354008356478,6.20216220377321,4.57802541756998,4.68597666709591,7.63354008356478,"1.02 -0.99 -0.7 -0.98 0.17 0.41 0.06 1.2 1.02 -1.21",0.119274617829527,0.196914594290437,0.518087074457452,11.3136497969982,2.16225660055234,0.261614978205696,1.40065557444109,1.34943125579406,0.239662393421306,1.86470742662532,18.7838096637691,0.275522643593606,0.101689575194193,0.11054795722628,0.138280171165207
83,"H5_k25_ar03",10.6203137373921,6.12657074063365,4.14091710222558,3.14436014479277,10.6203137373921,"1.06 -0.73 -0.78 -1.25 -1.09 1.33 0.19 1.51 0.75 -0.98",0.227531337494241,0.185109362077057,0.775713145052093,12.0885069216602,2.37932356955556,0.339398651855406,1.65383402622666,2.75051414819372,0.297040736932184,1.93205257750735,18.6139510811919,0.0852657525208437,0.00978410048423528,0.000886669415697039,0.00156800967041126
84,"H5_k25_ar03",14.2637656758962,5.99015548887842,4.15396465948874,3.44873573146835,14.2637656758962,"1.01 -1.72 -0.38 -0.57 1.25 -0.87 -1.17 2.09 1.1 -0.72",0.22264270881662,0.197812911059471,0.747562218314829,10.3842085645313,2.4169481435865,0.340049003638336,1.59445292263762,2.31196832372399,0.287445963625805,1.87485965973489,18.8345731708157,0.0146682043410387,0.000747034133611324,7.71270448669537e-05,0.000161078590250163
85,"H5_k25_ar03",10.7649097238181,6.07233666839036,4.22696978996069,3.63353924830382,10.7649097238181,"1.34 -0.12 -1.2 -2.04 0.17 -0.17 0.58 0.99 1.21 -0.73",0.172899361047283,0.18553784411649,0.681750554614344,12.4573682449373,2.27329761176581,0.295890579880121,1.5731120922566,2.15387100988037,0.27310188234123,1.94661266981782,18.8314484045319,0.0768755861945445,0.00984522244459396,0.00274906225536897,0.00453569046096103
86,"H5_k25_ar03",5.58970679014433,6.04639330068643,4.34773778457912,4.18868509797341,5.58970679014433,"0.71 0.81 -1.12 -1.19 -0.53 -0.17 0.01 1.14 0.36 0.02",0.186396731933577,0.191604089796852,0.697299480037276,8.84636678633432,2.35025524124894,0.305615407287973,1.48417272257465,1.64893385845846,0.268018284757843,1.7597085336224,18.818783724848,0.493762308322864,0.245501736894703,0.220569849614401,0.259648895284187
87,"H5_k25_ar03",5.3221089311916,6.09231438008044,4.28928394404625,3.91551597396541,5.3221089311916,"0.61 0.18 -0.16 -1.56 -0.44 -0.52 1.1 0.35 0.75 -0.28",0.199111539414403,0.199112090503084,0.707105802643879,9.57733726485183,2.40199750646992,0.321258195380885,1.54688684086137,1.90695836629557,0.27604968703895,1.83731027473693,18.6941013427106,0.537578884534048,0.269921636906657,0.208832278309297,0.247047438380304
88,"H5_k25_ar03",7.47220683282239,5.95029818734959,4.20935194722973,3.84881647790283,7.47220683282239,"1.33 -0.68 -0.96 -1.14 -0.36 0.23 0.25 0.73 1.33 -0.7",0.198357206535377,0.191909737997381,0.718690583539263,9.53580095551443,2.2681772990867,0.316306869616683,1.5373992796982,1.89149483961322,0.276164738660116,1.83173881074941,18.7284598578531,0.261173917686857,0.078648542963128,0.0503188354768946,0.0669639174676064
89,"H5_k25_ar03",14.8582253169344,6.05853811587008,4.34398542988707,3.9384384451929,14.8582253169344,"1.09 -0.65 -1.49 -1.78 0.48 0.86 0 1.49 1.52 -1.53",0.165539146336923,0.194949940673103,0.647266292807571,11.2293523470159,2.2882742704441,0.294416281184622,1.52878596170131,1.85889740144153,0.265187089012069,1.91661730673946,18.8232700821211,0.011832360935915,0.000717016207966825,0.000209542211843217,0.000413855650194916
90,"H5_k25_ar03",4.03488149223767,6.04143584393063,4.22710811610069,3.55468759164911,4.03488149223767,"0.46 -1.02 -0.34 -0.52 0.1 -0.35 0.83 1.13 0.21 -0.5",0.140059327719623,0.198049417844978,0.577397653450446,15.637375903005,2.10762835638527,0.280679016429822,1.56774718884964,2.19016035627392,0.259603444406954,2.14622371264454,18.9221614281604,0.720578215786815,0.467730263266886,0.334780196675885,0.379285200653615
91,"H5_k25_ar03",7.32606076797483,5.96519288106222,4.09650559045606,3.40350832526005,7.32606076797483,"1.18 -0.61 -1.11 -1.09 -0.76 0.77 1.18 0.54 0.33 -0.41",0.194435821310301,0.184870195752788,0.724708718412041,11.8879457935752,2.28675102602812,0.312140553416049,1.60780626162118,2.31144250406613,0.282882872731266,1.97430855587905,18.6446705727356,0.276946551075691,0.075705530040683,0.028753132194286,0.0399335389158185
92,"H5_k25_ar03",10.2403022351525,6.16787743094075,4.31221996289374,3.66893307146624,10.2403022351525,"0.6 -1.2 -1.4 -0.46 0.89 0.08 1.87 0.44 0.41 -1.27",0.214082332267936,0.193712549774321,0.741503018770464,10.3210415762394,2.44697895900689,0.331211996570165,1.59947070117505,2.20955265207567,0.28571270308338,1.86145334942782,18.6934201382382,0.102215292877054,0.0162689274610146,0.0047825170738689,0.00756001593945044
93,"H5_k25_ar03",10.9077131280812,6.1312350019102,4.41453979312987,3.94317143633612,10.9077131280812,"0.95 -0.09 0.05 -2.07 -0.98 -0.71 1.05 1.56 0.72 -0.45",0.167157316207743,0.18501211937738,0.670395791475026,11.3632028342204,2.20815765542005,0.289039508501306,1.52480952573867,1.89944248929249,0.266363137509139,1.90822944665863,18.6386284023182,0.075552905524902,0.0121364752897982,0.0048622436561937,0.00771469270291392
94,"H5_k25_ar03",9.24139162465874,6.08880259021077,4.31045093976978,3.72929749484644,9.24139162465874,"0.46 -1.46 -0.79 -0.4 0.89 0.61 0.57 1.01 0.78 -1.73",0.174196432831439,0.196132855141353,0.664057380436924,11.9579423367475,2.2924595261298,0.302444310083183,1.56013848440728,2.08303089906546,0.270747004826577,2.0044518608149,18.8082212153607,0.144717492601817,0.0300249439473679,0.0114662583370435,0.0170721127734258
95,"H5_k25_ar03",9.80491228672152,6.00006950020209,4.08093147651907,3.45002891960573,9.80491228672152,"1.08 0.09 -1.17 -1.06 -1.51 0.84 1.05 1.32 -0.07 -0.55",0.243211563338438,0.192353282610782,0.784342682164357,9.52897254175031,2.40763853383731,0.354661747589287,1.63037437042164,2.31755630888814,0.298048720135722,1.84564186799015,18.5607477732003,0.109421290717802,0.0155263045463629,0.00436875249152868,0.00692002268479652
96,"H5_k25_ar03",11.5434849721308,6.04766592461819,4.38377289589778,4.04057744669567,11.5434849721308,"1.03 -0.85 -0.87 -0.23 -1.46 -0.66 0.92 1.57 1.48 -0.92",0.222961140467838,0.206473575350116,0.733714614702724,8.26117529153451,2.25400636699034,0.341581694441268,1.53248131784213,1.84192106460526,0.277769079517625,1.82605357625641,18.6358001946003,0.0537535170092336,0.00745222042510774,0.00372382328889809,0.00601922409457933
97,"H5_k25_ar03",5.63826258890397,6.08240865223385,4.20682517460559,3.68861696806048,5.63826258890397,"0.37 -0.08 -1.33 -0.2 -0.6 0.43 0.64 1.23 0.5 -0.99",0.172756813751506,0.203556389389185,0.647069565205353,12.0442402575799,2.23672844373227,0.30573278867178,1.57190733077887,2.08072457095713,0.26969997118851,2.10571807381644,18.5763422153289,0.492068290992474,0.217972845072034,0.141321656181109,0.173024409207644
98,"H5_k25_ar03",9.52207999994377,6.12078653771361,4.16363319814329,3.75576182855198,9.52207999994377,"0.76 -0.51 -0.28 -0.21 -1.87 0.45 1.64 -0.15 1.12 -0.94",0.16638523385332,0.181092944895532,0.676571275006464,12.1576279114539,2.23712366723566,0.288801471930602,1.56751914375612,2.02284976314891,0.272247140070991,1.97509219914008,18.8781433919535,0.132188202526968,0.0200862541224048,0.00949960356154622,0.0143758287098861
99,"H5_k25_ar03",18.5050077285348,5.92439015510975,4.14970845652449,3.65810875108943,18.5050077285348,"0.94 -0.6 -0.66 -1.17 -2.19 0.56 2.36 1.62 0.52 -1.37",0.195557792746598,0.192024938847141,0.713522486664142,10.5551997798721,2.30106066044583,0.315973678484663,1.57940518370836,2.06415157095116,0.279583440565356,1.91376755027127,18.7079681650111,0.0015916326077674,3.32061631980185e-05,3.66175141597314e-06,9.33790819912517e-06
100,"H5_k25_ar03",13.1828548959157,6.08404753840137,4.40724830487344,3.89604149493877,13.1828548959157,"0.54 0.13 -0.53 -2.54 -0.27 0.44 1.64 0.67 1.12 -1.22",0.202381050138549,0.198748899444769,0.713480242007355,9.69713845567514,2.29512981776734,0.323305144763419,1.54903398207888,1.96251706399844,0.277045268492792,1.86890897927586,18.6621583202058,0.0269627115718966,0.00282410034946889,0.000791752687008707,0.00142028342405198
101,"H5_k25_ar03",7.953133915834,5.97554610212592,4.18443822092633,3.79622492111948,7.953133915834,"1.21 -0.66 -1.24 -0.2 -1.41 0.77 0.39 0.63 1.05 -0.5",0.224978701573044,0.21269233984424,0.72667051198195,8.75598982932537,2.41436556550714,0.34839194240766,1.56454919201812,1.9699112227884,0.282310378445182,1.80563843540331,18.6444122143349,0.222088256765777,0.0566898507218714,0.033468536996224,0.0459608579178137
102,"H5_k25_ar03",6.34861438281061,6.12262968504632,4.1210280643222,3.22627288220239,6.34861438281061,"0.69 -0.37 -0.92 -0.7 0.84 -1.02 0.77 0.71 0.88 -0.89",0.203264457266905,0.185671507653359,0.738336762944318,12.7083235527823,2.38932087762932,0.321398108774888,1.64824251354569,2.58315048972852,0.290204087037246,1.9918210789076,18.7948757839898,0.404629912318195,0.139098076731044,0.0478200818561414,0.0637572667919771
103,"H5_k25_ar03",10.2785901025558,6.13328727495296,4.31353306389913,3.71920145216285,10.2785901025558,"0.93 -1.12 -1.41 -0.68 -0.16 0.45 1.34 1.58 0.12 -1.09",0.198257039818498,0.187503488458813,0.726536021267335,10.7869749397192,2.38550915558785,0.314983674959414,1.5752141192414,2.13859372014506,0.280016805488368,1.89442308726426,18.640940662935,0.0981470795878097,0.0158244794388389,0.00512099888265416,0.00806771682772522
104,"H5_k25_ar03",11.3222985783128,6.14945971957875,4.32625972289219,3.94608947526847,11.3222985783128,"1.48 -0.83 -1.14 -1.92 0.24 0 0.54 1.43 0.82 -0.59",0.182774276181767,0.18579175637367,0.701294137367968,10.5824287184287,2.29488511120038,0.301862246586129,1.53722941844009,1.93419574925595,0.273154281504761,1.8319164452546,18.8719982165526,0.0645100480091585,0.00817854199452295,0.00367316426193209,0.00593290789455225
105,"H5_k25_ar03",12.5071432633312,6.00718477838645,4.26121778600823,3.74832032538849,12.5071432633312,"0.9 -1.34 -2.21 0.77 -0.26 1.23 0.34 1.06 0.61 -1.11",0.160559079514121,0.178607296787788,0.668533316330406,12.5133958341604,2.31331919849773,0.281345172785483,1.54918485726464,2.00913931672862,0.266671157596787,1.93177606538159,18.6186012181835,0.0338664536322878,0.00329466476678464,0.000872925124812962,0.0015598997220696
106,"H5_k25_ar03",8.2133698056567,5.98024271112631,4.18404225757058,3.49695507273496,8.2133698056567,"0.57 -0.92 -1.18 -0.99 1.06 0.53 1.53 -0.26 0.46 -0.8",0.177447486132948,0.190876014205961,0.680874350821658,12.6415281607556,2.37304626832582,0.303022742436801,1.59101701326066,2.24320739300495,0.275222689399149,2.0099638119854,18.8828694554193,0.202178541222783,0.0491890181433574,0.0169196108017585,0.0244218603050463
107,"H5_k25_ar03",9.70243405209968,5.96952347955042,4.2164460929321,3.82943443025946,9.70243405209968,"1.17 -0.98 -1.01 -1.02 1.25 -0.57 -0.55 1.76 0.14 -0.17",0.202834050173937,0.198853375126759,0.714079063578591,9.49740394044061,2.30123818478827,0.32345161027701,1.54792808846483,1.92639690737747,0.276522158740933,1.8362502045423,18.5620216030338,0.111708114514648,0.0201592138862088,0.00996079527178861,0.0149561960562841
108,"H5_k25_ar03",9.79169764131282,6.05024738861327,4.23120693083963,3.6959693364723,9.79169764131282,"1.08 -0.03 -0.52 -1.94 -0.36 0.34 -0.08 1.58 0.94 -0.98",0.176850492536544,0.197419413738279,0.66723911399579,11.8492515911925,2.18152527281929,0.30497420014883,1.56667938236135,2.09554598009182,0.271625770229764,2.07528827072257,18.667519021397,0.113399969697453,0.019054393837577,0.00693006251472639,0.010710760709107
109,"H5_k25_ar03",12.2328537608863,5.90016839474391,4.00953881119693,3.25976688232945,12.2328537608863,"0.72 -0.78 -0.68 -1.98 1.58 0.94 -0.26 0.9 0.85 -1.32",0.2328607055977,0.198208168820554,0.761492830661214,10.4814817462556,2.40593307384228,0.349412497506047,1.63366028856209,2.44072523514249,0.294447412152045,1.89632297730203,18.6224840072188,0.0349709592797847,0.00233595244915796,0.000272001858176996,0.000521201633740365
110,"H5_k25_ar03",8.21605660896186,6.10004138493956,4.4165963013969,4.03976420118184,8.21605660896186,"0.69 -0.32 -1.36 -0.8 -0.86 0.76 1.45 0.76 0.57 -0.91",0.1621049632784,0.184419982643935,0.660204036937073,11.1617709936482,2.34789391940641,0.285143104937817,1.50229775199561,1.80937847704725,0.264115945946032,1.81957834743255,18.934914231272,0.214197358802348,0.0635924793929928,0.0391332337575918,0.0531570674896357
111,"H5_k25_ar03",10.3467513072606,6.12196117520912,4.19363732036131,3.54031023216598,10.3467513072606,"1.29 -0.02 -1.8 -1.15 -0.69 0.45 0.65 1.32 0.79 -0.81",0.224269481612647,0.191250377543153,0.760898103269313,10.2467440218124,2.35511786507954,0.338948181923619,1.62281276636593,2.29803196998935,0.292392092141145,1.95523912229643,18.6464687544187,0.0950251040785599,0.0126880842774749,0.00334293471456437,0.00540958228366317
112,"H5_k25_ar03",9.32806129662675,6.22034067129681,4.31405214492258,3.72903873629546,9.32806129662675,"0.64 -1.21 -1.06 0.18 0.02 0.1 0.29 2.21 -0.04 -1.16",0.217881234947557,0.197772954731912,0.740448830111075,9.94749594182782,2.47637075701412,0.336808522384341,1.60049865585713,2.16737270044126,0.287221081520511,1.89274028270296,18.8057963059366,0.150798726260717,0.0286542798479518,0.0108154912009732,0.0161601412070684
113,"H5_k25_ar03",10.2643937430308,6.08654107682211,4.18990198305854,3.56805091976778,10.2643937430308,"1.22 -0.8 -1.18 -1.49 -0.1 0.79 1.07 -0.17 1.45 -0.79",0.183589620320971,0.191255613916396,0.692500873719348,12.036999141653,2.26071294827201,0.308331842774607,1.60624346774906,2.20986810221993,0.279351651690114,2.02518757439561,18.8713367316131,0.096136020545922,0.0134246482423743,0.00368896244499761,0.00594307136749239
114,"H5_k25_ar03",6.47296256605708,6.11927996521987,4.39331087389698,4.00799078989937,6.47296256605708,"0.82 -0.16 -1.4 -0.29 -0.12 -0.2 -0.31 1.87 0.08 -0.26",0.19698539493395,0.1911800805345,0.717601858723171,9.33597417632818,2.30287670682957,0.31484510438802,1.53404893807561,1.83905056021716,0.275864653412298,1.83784926966095,18.6565598190327,0.3893338281893,0.162296656877429,0.11505958240469,0.143284396680711
115,"H5_k25_ar03",12.3445640383728,6.05903996973405,4.31526111006445,3.82513442679632,12.3445640383728,"1.12 -0.14 -1.09 0.18 -2.39 0.52 0.26 0.53 1.75 -0.69",0.213488417426994,0.203608508096815,0.723653258896282,9.14980794506698,2.39480483490544,0.334890820965709,1.56856686700966,1.95337801795328,0.281348307619359,1.8622049578543,18.5336231772289,0.0382478680664997,0.00396577363656458,0.001236281913509,0.00215531111767231
116,"H5_k25_ar03",5.7481251547595,6.12558416101222,4.31902952120388,3.67976040858859,5.7481251547595,"0.53 -0.96 -1 -0.93 0.87 0.84 0.93 0.1 0.17 -0.55",0.20006239583921,0.201526287096773,0.704524519204454,10.8931189696702,2.31368466932531,0.324805800492228,1.57699838278532,2.17930347923377,0.279601540433806,1.88790360329253,18.8091103343752,0.482633610280445,0.223118910244127,0.131364937990842,0.161581831301274
117,"H5_k25_ar03",11.4243180710043,6.01333453400462,4.24791346142719,3.61406364011784,11.4243180710043,"1.08 -0.67 -1.87 -0.45 -0.72 0.11 1.17 1.64 0.71 -1",0.193229079041108,0.177427802038179,0.73658206307106,11.221507112533,2.45628642960499,0.305273616281673,1.5726400804041,2.16832148480799,0.279169403523635,1.8385899440563,18.5333884936968,0.0553528361428611,0.00673226348045686,0.00154651517254889,0.00264901020771413
118,"H5_k25_ar03",11.0532945668763,5.85686949652414,4.06909558769869,3.58135460277467,11.0532945668763,"0.65 0.48 -2.05 -0.51 -0.54 0.76 -0.62 1.64 1.09 -0.9",0.165767684860254,0.196948956815697,0.643944651199293,12.4419933226082,2.3362170614214,0.296920432496213,1.56926272893892,2.06248042813549,0.268417534006377,2.05133086628698,18.6786884949833,0.0575131800354491,0.00618425645198317,0.00193387365253272,0.00326428017504043
119,"H5_k25_ar03",11.7460671560039,6.05426418486396,4.27555038075664,3.7952799009575,11.7460671560039,"0.86 -0.27 -1.64 -1.08 0.6 -0.49 1.74 1.47 -0.06 -1.13",0.157484849010176,0.179675888195562,0.659140727066159,12.5224541058823,2.30638476957347,0.280867927194701,1.55704528662648,1.97209679410173,0.267635940367237,1.9997555101148,18.8094905443969,0.049776941250695,0.00563156033053902,0.0018180619511643,0.00309072136952637
120,"H5_k25_ar03",15.5313968304127,5.95858782649734,4.20102989335873,3.68194060680507,15.5313968304127,"0.94 0.63 -2.2 -1.83 0.01 0.21 1.28 1.78 0.26 -1.07",0.190378129709155,0.193410288872703,0.701498319399972,10.8287548307228,2.37014801483963,0.312281125968562,1.56789575196276,2.06155809175199,0.276332288223321,1.9066941171832,18.6539540174426,0.0075790882728598,0.000343718113692715,5.58475048918483e-05,0.000119632046173601
121,"H5_k25_ar03",7.36502353188253,6.05271272846578,4.42068458967514,4.18790869566827,7.36502353188253,"0.77 -0.7 -1.09 -0.45 -0.3 -0.34 0.08 1.71 1.07 -0.76",0.180671571300304,0.195311848082514,0.679058411751953,9.22936866557274,2.25906621783386,0.303178093758068,1.48566479590751,1.66748453891882,0.264718242980216,1.83714438643807,18.7032862351218,0.283534889300342,0.102388876564313,0.0802107138240689,0.102951906296297
122,"H5_k25_ar03",7.08369559440542,5.91420328901723,4.25666426051029,3.9120285865847,7.08369559440542,"0.56 -0.8 -0.57 -0.89 -0.22 1.29 -0.17 1.68 -0.31 -0.58",0.195388921931605,0.201023035691731,0.69698643885618,9.32494113736179,2.37173926116885,0.319172430680579,1.52678195956584,1.8219901959048,0.273117347000449,1.90499492722871,18.8540554688468,0.294988429027945,0.102719905613216,0.0706055390102179,0.0914830332356392
123,"H5_k25_ar03",14.2673892079635,5.97535431851893,4.25987037898607,3.72875683686454,14.2673892079635,"0.71 0.23 -1.35 -1.16 -0.93 -0.61 2.09 1.89 0.26 -1.14",0.169601134673444,0.174302749897967,0.697374539827208,11.9628063498113,2.28863143722556,0.286709955090733,1.56246617496346,2.02890553080667,0.272970955311319,1.89268170650967,18.8072315775597,0.0144802490994396,0.00105518610307975,0.000202429198102205,0.000397485738053538
124,"H5_k25_ar03",14.1202661305917,6.04093307203878,4.28121584917878,3.83503464004969,14.1202661305917,"1.42 -1.07 -1.94 -0.81 0.02 1.03 -0.16 1.5 1.28 -1.25",0.203775149006074,0.195948283336768,0.72081426054502,9.76430558128715,2.19309926078555,0.323484521318557,1.55795379418564,1.98972282476763,0.279309424107523,1.86139467817666,18.7705905994028,0.0165182367723052,0.00113092935137415,0.00030785889821161,0.000589052471188678
125,"H5_k25_ar03",8.30967470991067,6.08617233087601,4.3834142228781,3.93193753425143,8.30967470991067,"0.43 -0.27 -0.17 -1.84 -0.48 -0.1 1.38 1 0.87 -0.84",0.224605453903479,0.206299971333908,0.736481440424576,8.52544346450612,2.42417351217947,0.344060919830757,1.5495958918811,1.91486109907385,0.281610228766707,1.78306278652159,18.7207787683141,0.205563703291058,0.0576423032144175,0.0317260069874102,0.0437742411220798
126,"H5_k25_ar03",7.59496394128516,6.19163560158769,4.27472491362737,3.46878682595745,7.59496394128516,"0.65 -0.79 0.08 -1.83 -0.01 0.31 0.63 0.86 1.03 -0.94",0.21555021870833,0.19268998349042,0.745534695364301,11.1188044939565,2.3880804240572,0.332843108026092,1.62229784391723,2.39666074044748,0.289251865169039,1.93008573756799,18.6964520204927,0.277715788152997,0.0780750850632834,0.0260671385436249,0.0364555706237857
127,"H5_k25_ar03",13.1539117697342,5.97565187895983,4.46021164285721,4.3000299791996,13.1539117697342,"1.22 -1.15 -0.78 -0.87 -1.42 0.12 2.37 0.96 0.15 -0.59",0.16522290601385,0.189211120182019,0.657744835262307,9.27774077079274,2.33454566337218,0.28775994971452,1.44675940475975,1.53289529139355,0.258691104508301,1.75692305395728,18.8250498637677,0.0243016990761629,0.00311840996343216,0.00198773393069518,0.0033630360285507
128,"H5_k25_ar03",2.08747172949188,5.91529622253554,4.20938920807221,4.04883893903259,2.08747172949188,"0.15 -0.51 -0.37 0.16 0.09 0.01 -0.18 0.9 0.48 -0.74",0.176541950635443,0.202542741300013,0.657063780040589,9.53670507548403,2.31465510619505,0.305599343672219,1.4978576834009,1.68362851666088,0.264939381699924,1.87820651002452,18.7406394048278,0.945234685527412,0.858221664353614,0.845202448884791,0.86641013386729
129,"H5_k25_ar03",13.0057539454372,6.05563752492049,4.30112237583784,3.8149726860964,13.0057539454372,"0.86 -0.99 -0.88 -1.67 0.61 0.53 0.7 2.25 -0.22 -1.21",0.213014056649698,0.208024786512153,0.715435700044722,9.28790612653507,2.35393923127468,0.337379668555587,1.56816898515014,1.97845456179482,0.2809601597277,1.87345020094387,18.7257911780807,0.028176227957653,0.00243953204065517,0.00068434935091477,0.00124597998300358
130,"H5_k25_ar03",9.48241387073678,6.11740972703993,4.31827148452849,3.92144810657644,9.48241387073678,"0.86 -0.41 -0.74 -1.33 -0.93 0.04 1.73 1.24 0.39 -0.84",0.222677096499441,0.197951672548299,0.747381859702952,8.69622969759447,2.39899539640284,0.339311348198552,1.57022060991225,1.93645117955255,0.285769514627407,1.81913895479961,18.7043066077033,0.13408353376205,0.0265436112195779,0.0138904436393393,0.0203503411217425
131,"H5_k25_ar03",6.66342338634368,5.97584851211714,4.20356168500559,3.65318295256106,6.66342338634368,"0.74 -0.91 -0.7 -1.22 0.69 0.85 0.46 0.32 0.83 -1.05",0.192388115391371,0.184571509399869,0.721614170773229,10.8376789765261,2.34470834450323,0.309869925202629,1.57583450539494,2.08504063351053,0.279618720087253,1.87840366800878,18.8546472590028,0.34852301102301,0.12538427993833,0.0687145803216591,0.0891427020067702
132,"H5_k25_ar03",5.88794354250244,6.12984675741131,4.48847984879482,4.12307735355941,5.88794354250244,"0.63 -1.09 -0.02 -0.54 -1.19 1.01 0.3 0.68 0.81 -0.61",0.179330186322109,0.21471418017616,0.64103143951083,9.82925790922654,2.33745094085571,0.314904686345604,1.50428281798048,1.76268265226966,0.262897651233439,1.90937218036576,18.8018792581286,0.464380125619868,0.231930811180035,0.178555548701123,0.214236366974387
133,"H5_k25_ar03",11.4532774375825,5.97685341189085,4.03368440156558,3.12625705239707,11.4532774375825,"1.14 -0.21 -1.82 -1.05 -0.94 0.94 1.81 0.48 0.27 -0.6",0.229503175141286,0.185977520210124,0.776931487516712,11.7697127937986,2.37130025946381,0.342487277266754,1.66353234334523,2.7011864566778,0.299172899241442,1.91573991806398,18.8357635461537,0.0529765630688994,0.0045309487625339,0.000392446592294982,0.00073067921611214
134,"H5_k25_ar03",9.13092212400932,5.96780035400866,4.32463932176563,4.01133743975847,9.13092212400932,"0.65 -0.07 -1.15 -0.34 -0.93 0.76 -0.75 2.14 0.42 -0.71",0.190727832017582,0.192607453995761,0.703631140002919,9.24240047220657,2.29897054774292,0.310163701719652,1.51019890570742,1.76278300470223,0.271315699258586,1.79206869224422,18.7876086223825,0.140454382913819,0.0327922783801582,0.0201232416184595,0.0287591322298781
135,"H5_k25_ar03",5.40811697513242,6.05980597494746,4.22175997462622,3.65716808047737,5.40811697513242,"0.38 -0.59 -1.14 0.07 0.4 0.3 -0.2 0.68 1.23 -1.15",0.162676666489896,0.20079404806254,0.629499985324725,13.0690555914315,2.18069055799786,0.297062885167926,1.55741258037642,2.12603039778521,0.26610818623336,2.07125897699093,18.8203152635053,0.52135905500199,0.247902689498257,0.159005248119211,0.192652389364592
136,"H5_k25_ar03",4.00837483475686,6.02598042430455,4.1946326920692,3.46898580448586,4.00837483475686,"1.14 -0.76 -0.81 -0.72 0.16 -0.2 0.72 0.18 0.54 -0.22",0.166686012455824,0.193130672008937,0.653375876966922,13.7447917004547,2.19490513710564,0.296058683000954,1.58992797012139,2.2910645205847,0.270993197942149,2.07909549280111,18.7137303632059,0.723066637308183,0.46543005164717,0.321382152702639,0.365436785483599
137,"H5_k25_ar03",14.8208882499221,5.92655914455713,4.17754873112118,3.6041401547882,14.8208882499221,"1.55 -0.73 -2.05 -1.56 0.35 -0.12 1.91 0.77 0.6 -0.71",0.165576952016379,0.190474161822255,0.656059681779523,12.6391750603693,2.28368193442793,0.292743692035255,1.55669892769574,2.09275608249738,0.268356694634133,1.93282752115453,18.8147160902313,0.0104374631929207,0.000505313262572971,7.66917143957269e-05,0.000161026037807099
138,"H5_k25_ar03",8.74294900387246,5.90232783284445,4.08556259241828,3.44110334684924,8.74294900387246,"1.08 -0.43 -1.25 -1.2 -0.62 1.03 1.06 1.02 0.18 -0.86",0.190366563231946,0.197085405529143,0.694740322578801,11.6908899879158,2.22773600341445,0.314901155974331,1.59367569159496,2.22555454812228,0.277007686455716,2.01041748414071,18.4690295039729,0.157980131846627,0.0309794175730649,0.0097546929525435,0.0146706756931204
139,"H5_k25_ar03",10.331057033863,5.9663227779889,4.19337073512141,3.75045955211415,10.331057033863,"0.66 -1.39 -1.45 0.91 -0.24 -0.22 1.08 1.19 0.77 -1.32",0.193180460109879,0.19109488027024,0.710933995590032,10.2734010773376,2.31522643223435,0.312388392747684,1.55313696453781,1.98462034701341,0.275372937171195,1.87514612367585,18.656550363454,0.0853956863757424,0.0124947434835441,0.00510681572211225,0.00806241839142752
140,"H5_k25_ar03",11.8162421260586,5.9465710077876,4.20018601539329,3.71732471457614,11.8162421260586,"0.84 -0.59 -0.02 -1.87 -1.1 0.48 0.54 1.41 1.47 -1.17",0.190095342871954,0.195148241089971,0.697772271896936,10.6382857646534,2.26914482806243,0.312982579958924,1.56661035022869,2.02228858000161,0.275922076376396,1.90414846784636,18.6492302660121,0.0438669006884296,0.0046816801495595,0.00143607171124449,0.00247774091256991
141,"H5_k25_ar03",11.3178056121361,6.03927261270643,4.27597772967859,3.84010250359991,11.3178056121361,"0.98 -1.52 0.27 -1.16 -0.35 -0.63 1.38 1.14 1.16 -1.25",0.180015924616834,0.192004321003901,0.68396513911642,10.6921363639942,2.26529872381045,0.303334011409573,1.55090994325408,1.92475481369368,0.271839665078583,1.90822900375706,18.6425995707544,0.0593410972440166,0.00765362650249246,0.00289239981809364,0.0047531818223514
142,"H5_k25_ar03",6.74594551919176,6.22218185654993,4.46878954709534,4.24805477626445,6.74594551919176,"0.61 -0.48 -1.13 -1.12 1.49 -0.01 0.38 0.98 -0.46 -0.26",0.211360769987276,0.194261491851235,0.736261426287804,8.16229591222963,2.37233143169004,0.326531002000824,1.51203967573444,1.72518914887285,0.277324474146712,1.73292260909374,18.7128794000596,0.370057451749931,0.149908328600453,0.123351786899147,0.152576100640273
143,"H5_k25_ar03",7.22879985884615,6.09290739864017,4.17519269765445,3.42648532667798,7.22879985884615,"0.83 -1.46 -0.92 0.45 -0.71 0.83 1.02 0.57 0.24 -0.85",0.170993584046847,0.204657297638555,0.641170472634605,13.85580701622,2.27592575308889,0.307376653533516,1.62378414859095,2.36925410156491,0.273992034160026,2.17007340873558,18.7621037237795,0.302019015844524,0.0870733136662236,0.0319502934812463,0.0440754640534806
144,"H5_k25_ar03",19.2895821229602,6.03315723022375,4.0707267174102,3.0992791270457,19.2895821229602,"1.71 -0.85 -1.6 -1.1 -1.26 -0.05 2.43 0.76 1.37 -1.4",0.237373997187836,0.18507682276626,0.788622958218053,11.469888041251,2.37625472053968,0.347998376616197,1.67077015636208,2.72265317164872,0.301547329202069,1.88395276502209,18.6801393284948,0.00127146629916608,1.27984979533258e-05,1.02262563750344e-07,3.47099011088758e-07
145,"H5_k25_ar03",11.0254469443628,5.94900823431071,4.15967500392822,3.5337862740994,11.0254469443628,"0.44 -0.24 0.3 -2.13 -0.19 -0.31 0.95 1.52 0.98 -1.36",0.198018796565284,0.194872867495032,0.712745819008776,11.0862931912073,2.23921536248085,0.31930430691011,1.5828397965157,2.19529443609278,0.279765132307793,1.93670306001908,18.5354923437265,0.0628988185229999,0.00772136849618055,0.00189670611389492,0.00318537613930014
146,"H5_k25_ar03",3.75939312743047,6.08286672545177,4.44550778784015,4.2038037105539,3.75939312743047,"0.33 -0.3 -0.83 -0.02 0.3 -1.08 0.67 0.8 0.58 -0.45",0.147908836957928,0.205816541597182,0.583579326641747,11.2349321512277,2.23422788803353,0.287580345789145,1.47083429982255,1.66174574778932,0.2530923812308,1.91383046340789,18.854239979322,0.764057831071082,0.559656566590103,0.519285221872924,0.563160953236941
147,"H5_k25_ar03",4.68455553910751,5.93744620558737,4.17000546324307,3.73181672606842,4.68455553910751,"0.56 -0.33 -1.05 -1.04 0.41 1.01 0.04 0.84 -0.01 -0.42",0.202988739876127,0.20422837282972,0.704950970558791,9.85471369359895,2.29937312678118,0.326644404857898,1.5512852386731,2.00039591450366,0.276388021262256,1.90405064217619,18.481504394036,0.611770486465856,0.341959292814635,0.26174371026591,0.303241024395105
148,"H5_k25_ar03",6.93839535406735,5.90073422241033,4.21872299696844,3.7813664573012,6.93839535406735,"0.41 -0.65 -0.9 -0.41 -0.81 0.78 1.56 1.02 -0.29 -0.74",0.18407612631139,0.20046844491366,0.676350089342519,10.4935602587208,2.37230326192695,0.310498078274366,1.52642363566737,1.93161392364048,0.269594931954831,1.86518402008713,18.8193076754433,0.308222034562808,0.108048018718747,0.0662980615197857,0.0863208780479853
149,"H5_k25_ar03",5.13798077245298,6.00621717182405,4.28214650359031,3.9861089214116,5.13798077245298,"0.6 0.09 0 -1.43 -0.87 -0.08 0.25 1.34 0.28 -0.15",0.168961035667861,0.208055110140632,0.63040440486336,10.7163146855902,2.23486941074515,0.303914428825517,1.50133807796225,1.81063962782003,0.262084458161888,1.95283816848969,18.7934391823442,0.553481822359594,0.293574093895983,0.243359290486872,0.284063557381838
150,"H5_k25_ar03",10.2985532740594,6.10316397942288,4.35469761569122,3.5900019689303,10.2985532740594,"0.43 -1.12 0.24 -1.48 -0.14 0.6 0.68 1.44 0.96 -1.66",0.181872084121829,0.181326375074857,0.708168416314063,12.3251271870837,2.35625713676021,0.299897188966486,1.57912501670677,2.24159656858152,0.276898859557784,1.90127684191864,18.7416578820237,0.0956344063905001,0.0168742977189056,0.00378508417327739,0.00608800337842008
151,"H5_k25_ar03",9.27623541843209,6.11529818915961,4.28748507360182,3.72225086711308,9.27623541843209,"1.03 -0.19 -1.77 -1.29 -0.12 0.95 0.19 1.34 0.5 -0.63",0.172861525349499,0.199150768006454,0.655502466231802,12.0832004724024,2.16566575268932,0.303346811284666,1.56637011418396,2.08872046476327,0.270384682516861,2.09576875845534,18.7855032791764,0.145150085660613,0.028531458533755,0.0110959708266529,0.0165454862281045
152,"H5_k25_ar03",6.04879644977478,6.13223190059717,4.20392240389613,3.49382770644824,6.04879644977478,"0.64 -0.39 -0.1 -0.85 -0.75 -0.36 -0.06 1.42 1.21 -0.74",0.229817070024184,0.195701447777276,0.761355485480066,10.1301947049699,2.36198048918157,0.345271196195527,1.62236286065845,2.32809166587069,0.292890704943735,1.88614900938779,18.5975930804291,0.443695453705821,0.175380811503061,0.0871573675676403,0.110854973438099
153,"H5_k25_ar03",11.1715675707209,5.99127484480018,4.10677455104665,3.41733075189853,11.1715675707209,"1.09 -0.36 -1.6 -1.2 0.36 0.09 -0.32 1.56 1.43 -1.06",0.222035083486089,0.195995766963349,0.749699712963389,10.4324571572629,2.39861460312465,0.339987736917469,1.61210703745333,2.31637149587791,0.290598913928155,1.89397966433359,18.9236456399476,0.0608774119284073,0.00607233799682971,0.00113373901330771,0.00198241799864585
154,"H5_k25_ar03",6.7303163991723,5.90261152745195,4.15039089900994,3.48155528130274,6.7303163991723,"0.91 -0.89 -1.14 -0.56 0.17 -0.3 0.95 1.13 0.64 -0.91",0.208958627737636,0.189178563742095,0.741322604006066,10.6077671073728,2.42627852189702,0.325181427896828,1.59455749535101,2.21658445811704,0.285443513854421,1.87761612098651,18.801323728003,0.331527743506657,0.114634029784801,0.0517514170441582,0.0686705919078078
155,"H5_k25_ar03",10.8852272156771,5.93652223250553,4.14851966609777,3.68076249214198,10.8852272156771,"0.84 -0.26 -1.87 -0.98 -0.42 1.2 0.56 1.47 0.57 -1.11",0.20174196053974,0.194732781092165,0.71949512194033,10.1319345075366,2.34989931584322,0.321190094128808,1.56993986935349,2.04403633161068,0.279135993214795,1.91886640516636,18.602363776149,0.0657260612320146,0.00799150393012726,0.00284259683481769,0.00466800866814809
156,"H5_k25_ar03",9.31744428054571,6.17113974614007,4.3062925041057,3.38393491434425,9.31744428054571,"1.16 -1.02 -0.52 -0.54 -1.06 -0.54 0.74 1.32 1.36 -0.9",0.236073532014723,0.198922341978639,0.764713928202814,10.8889715622698,2.55602208434586,0.352404709788064,1.62911429690571,2.5705979767129,0.29451694764886,1.8648246475701,18.7899684166485,0.147269696354818,0.0289821901297704,0.00558677450194489,0.00870458332347224
157,"H5_k25_ar03",8.64229570384931,5.91328569649987,4.22656234379561,3.92179449867045,8.64229570384931,"0.81 -0.76 -0.87 -1.42 -0.01 1.01 0.57 1.51 0.13 -0.99",0.175427650477533,0.19483743083786,0.669120579064047,10.3027479894862,2.32125870742411,0.301118348035267,1.52158250805956,1.80738687325769,0.26803966328537,1.85652078465111,18.7915757324488,0.165164497463564,0.0393222664267131,0.0247147022153398,0.0347623054758236
158,"H5_k25_ar03",8.77602127249913,5.95734170725332,4.17260299338823,3.62496185878563,8.77602127249913,"0.52 -1.83 -0.79 -0.13 1.52 0.21 1.09 -0.48 0.55 -0.66",0.196317751106805,0.189890972509594,0.718774012154576,10.8241889093658,2.35823297640907,0.314711801328034,1.57339839017591,2.12498042424192,0.277515347892224,1.87549206196792,18.5485874373325,0.160468928989102,0.033804859191471,0.0136038776399333,0.0199844678754755
159,"H5_k25_ar03",10.6658142138965,6.14387407307097,4.52437970240479,4.40478859267869,10.6658142138965,"0.05 -0.73 0.33 0.7 -0.44 -1.81 -0.06 1.99 0.99 -1.06",0.180000016480754,0.205957484762649,0.658063906330293,8.5835835867479,2.20223352352187,0.308678336967423,1.46221531930068,1.54504518707855,0.26164251348793,1.76026640446419,18.7342737061367,0.0846524638478654,0.0169689528029076,0.0133273388117745,0.0196433966440187
160,"H5_k25_ar03",5.47644120043345,6.01701593125891,4.22774064274583,3.76017562541307,5.47644120043345,"0.62 -0.67 -1.1 -0.34 -0.12 0.46 0.24 1.01 0.93 -1.05",0.21676879714604,0.207583476415648,0.722243291203753,9.30669367613249,2.52910056714828,0.339650088657121,1.56461790376894,2.0174007935819,0.281213409749711,1.86183798971583,18.7698792995643,0.506333106204739,0.240314600960404,0.167469805094641,0.201990936378625
161,"H5_k25_ar03",10.5129096204214,5.99315543068869,4.14003618369517,3.61999984066079,10.5129096204214,"1.12 -0.45 -0.53 -1.38 -0.86 -0.58 2.01 0.94 0.51 -0.78",0.215416764327418,0.188932821189971,0.751809722034597,9.91680907317758,2.36981897667948,0.329671771991786,1.59156806481061,2.13624692299669,0.287028721234715,1.88129133022908,18.58947328975,0.0811826895452286,0.0108212243950527,0.00355404831464845,0.00571928379571895
162,"H5_k25_ar03",9.76328488775881,6.07201748190619,4.37754537504273,3.88985750890802,9.76328488775881,"1.44 -0.1 -2.18 -0.49 0.06 -0.77 0.86 0.64 0.91 -0.32",0.196730509621986,0.19553018758547,0.709267215030588,9.89126660405025,2.30539790304346,0.317432229409534,1.54132155240237,1.94591391982174,0.275906834983447,1.87732133197507,18.7381434634578,0.116525768925076,0.0242504680549938,0.0106671516113761,0.0159367823414408
163,"H5_k25_ar03",7.83776672494673,5.98451876495392,4.30760379300576,3.85376445470868,7.83776672494673,"0.58 -1.15 -0.56 -0.59 -0.41 0.72 1.84 0.56 0.06 -1.07",0.194697935418127,0.199690367404232,0.698099818494259,9.83523463947448,2.35603437699145,0.318469176419406,1.53981279098169,1.91489987865853,0.274703128908897,1.86715502036231,18.8386555937687,0.232558842966087,0.0697595976626064,0.0393644943253286,0.0534026795193041
164,"H5_k25_ar03",6.05792269873208,5.9278922710962,4.12287527933446,3.53852129928488,6.05792269873208,"0.96 -1.45 -0.04 -0.06 -0.57 -0.38 -0.01 1.34 0.72 -0.5",0.165751212825112,0.188434332863408,0.66046843798495,12.9374145111717,2.2678418401511,0.29292990978599,1.57730450679059,2.14439214604791,0.270832899676907,2.0006547461632,18.9349151745933,0.415791072444031,0.163874277583133,0.0906587768872438,0.115118966292361
165,"H5_k25_ar03",9.18732715376791,5.99759761773168,4.32406986496439,3.90120414694698,9.18732715376791,"0.8 -0.51 -1.27 -0.83 0.28 -0.45 2.29 0.35 -0.13 -0.55",0.190187033130309,0.196522527253054,0.695428871231099,9.83516161433173,2.28968413799394,0.312997716428019,1.5333601360587,1.87052020778685,0.273037910330478,1.85312873513086,18.781906874864,0.139974136128856,0.0319041278821821,0.0163528809028705,0.0237020414819719
166,"H5_k25_ar03",8.30169023482932,6.08065823897999,4.10213041713125,3.0402258020885,8.30169023482932,"1.3 -0.43 -1.11 -0.8 -1.41 0.3 1.23 0.92 0.24 -0.21",0.198683750176709,0.191417304833841,0.720153194678095,14.2900719691667,2.29735923817993,0.320407578694986,1.66449207915217,2.83920508912911,0.287764027371405,2.09102630904134,18.4664206885205,0.205886600358262,0.0414624120653595,0.00586447546045221,0.00912434475954471
167,"H5_k25_ar03",10.0737086910881,5.86953113078207,4.13674623322508,3.51806345470785,10.0737086910881,"0.9 -1.53 -0.8 -0.59 0.2 0.09 2.09 -0.15 0.74 -0.96",0.204049497840807,0.185076928562992,0.740703175577318,10.5481771558187,2.48366650601102,0.318235912177463,1.57418383202289,2.15235025178069,0.28235422052785,1.81738566003331,18.7085384564643,0.0888131631635123,0.0137701017988808,0.00376968694141455,0.00607265862402329
168,"H5_k25_ar03",7.47063077815214,6.16750511920656,4.37701757879032,4.02621578653554,7.47063077815214,"1.22 -0.48 -0.89 -0.34 -0.64 -0.64 -0.12 1.7 0.85 -0.63",0.215074286188543,0.188358104810364,0.752285225621449,8.62012844563584,2.29542820270273,0.327594089335829,1.54926054836862,1.85396797229868,0.283006769448676,1.77268134330919,18.6670620675634,0.286975649064611,0.0929203571101381,0.0629479981270478,0.0823281683724251
169,"H5_k25_ar03",9.21238528486962,6.00079263811924,4.19477652816381,3.63280013898629,9.21238528486962,"0.85 -0.23 -0.32 -1.65 -0.41 -0.93 1.33 1.52 0.41 -0.58",0.172961000680881,0.178824947331169,0.695223384604723,12.1683199505553,2.37659250683094,0.291958430804177,1.56429419053923,2.10464479525318,0.27342135383119,1.89176118551463,18.8300617996073,0.138779734973672,0.0264143422130096,0.00978210775593324,0.0147217165703536
170,"H5_k25_ar03",9.62467053778994,6.03146633762768,4.16603045665157,3.84067696554418,9.62467053778994,"0.05 0.75 -1.08 0.28 -1.25 -0.76 0.89 1.92 0.26 -1.06",0.189484774930684,0.192988380526299,0.700600008939595,10.1193743040299,2.26293316188529,0.311495660295162,1.54898257744851,1.91746736243846,0.275793543390796,1.89556497832163,18.8540088214107,0.119959331017789,0.0188548157295527,0.010479638394103,0.0157207762835203
171,"H5_k25_ar03",11.0100952807986,5.95854429660361,4.14684792236729,3.60566141257561,11.0100952807986,"0.52 -0.57 -2.19 0.32 0.33 0.43 1.13 0.75 0.88 -1.61",0.181992297019794,0.189412696347281,0.692841039129611,11.7669764768672,2.39895098540422,0.305165082946261,1.58499275747517,2.14149907800295,0.276293707196129,1.94228416729638,18.8687449535331,0.0635363395324806,0.00751713580158209,0.00217849213547239,0.00364092498871393
172,"H5_k25_ar03",7.32581228388597,5.99309613090431,4.07758841869782,3.35574002657651,7.32581228388597,"0.97 -0.34 -1.49 0.05 -1.22 0.24 0.78 0.87 0.83 -0.67",0.210049765818821,0.201506054746978,0.721630515652745,11.2676681421537,2.20828113971004,0.33331837792965,1.62210603540978,2.36677105458358,0.286111506046887,1.98999547079805,18.6500799627918,0.280309820290211,0.0743482474193433,0.0264519320442738,0.0369720458540446
173,"H5_k25_ar03",12.5955390473137,6.06120194574197,4.17305580231992,3.32528958222369,12.5955390473137,"1.23 -0.87 -1.33 -1.48 -0.1 0.05 1.59 1.36 0.75 -1.19",0.243815207552599,0.199353229948485,0.774162578518395,10.3811562785539,2.34155986073264,0.358763200781804,1.6382930435683,2.53108377269159,0.297563401861144,1.85443938988858,18.7003204793792,0.0343033984253321,0.00252675333046537,0.000248032398350695,0.000477903235413857
174,"H5_k25_ar03",10.8784243333809,6.09280948112266,4.10044848384561,3.20189303894226,10.8784243333809,"1.3 -0.62 -0.87 -0.65 -1.38 0.07 1.42 0.89 1.13 -1.28",0.223962681306566,0.17591744037104,0.786409144670104,11.692193932309,2.42650376967306,0.33297927286301,1.66255250714518,2.61861510343627,0.298978092531953,1.89035748673208,18.7376266224201,0.0747056824764403,0.00784672017057009,0.00090499222885887,0.00158996944094947
175,"H5_k25_ar03",10.9362289330924,6.12616815769278,4.46598689742742,4.17901334745795,10.9362289330924,"0.86 -1.15 -0.96 1.39 -1.82 -0.05 0.95 0.82 0.73 -0.77",0.185853088994721,0.199137932115707,0.682300629178628,9.22052720547921,2.27623742414059,0.310324673291283,1.50325973353219,1.71366346329818,0.268419622528039,1.81283120870905,18.8164136312791,0.074542731908453,0.0131182674246708,0.0076125524801407,0.0116843663386106
176,"H5_k25_ar03",8.72850685836645,6.16657155518341,4.34492229530669,4.0002425858229,8.72850685836645,"0.82 -1.34 -0.61 0.54 0.44 -1.41 1.48 0.49 0.45 -0.89",0.134604244605504,0.190655408957777,0.576751705434681,13.7335243030762,2.15559486157095,0.270754386406039,1.51792760992176,1.8485906645869,0.255146737071497,2.07855905708945,18.819609472801,0.183835412872293,0.0432254387429762,0.0260786345443604,0.0365648433359456
177,"H5_k25_ar03",3.74468474166587,5.97173813145551,4.26447852524694,3.99856053184358,3.74468474166587,"0.49 -0.48 -1.04 -0.33 0.49 -0.28 0.52 0.89 0.45 -0.7",0.15417386796152,0.182536378124652,0.645259085879824,11.4281553408799,2.23996795181801,0.27758468207708,1.49642669442193,1.76192291256856,0.260490936714338,1.85684481370003,18.6488507238056,0.75609585213462,0.5310469733841,0.483692438823578,0.528414364604711
178,"H5_k25_ar03",7.3796720795245,6.15088974303309,4.47077456800934,4.30857722307527,7.3796720795245,"1.41 -1.03 -0.96 -0.9 -0.13 0.07 0.37 0.76 1.15 -0.71",0.156914798952326,0.194193100676664,0.628498351410829,10.2451582545488,2.32444455801665,0.285197510027186,1.4696075003839,1.60761694774728,0.256445266451956,1.87493955558758,18.5193289718265,0.293795777226963,0.106386893842564,0.0899015899867526,0.114354988096959
179,"H5_k25_ar03",8.29510135735213,5.97513294321122,4.22468363897722,3.68904034248106,8.29510135735213,"1.03 -1.5 -0.67 -0.43 -0.9 1.06 0.61 0.49 1.09 -0.78",0.203578150902775,0.195506393031353,0.721260988468321,10.1806197019714,2.32806090391894,0.323134656835992,1.57322139870031,2.0725517339717,0.279874482052358,1.90737996379743,18.6507066246902,0.195227198455491,0.0488564583640143,0.0221038327655655,0.0313081518342042
180,"H5_k25_ar03",12.2792314266495,6.16113155944348,4.28392256986811,3.43947735909447,12.2792314266495,"1.05 -0.76 -0.86 -0.86 -1.54 0.4 1.02 1.73 1.02 -1.23",0.193486677377686,0.188971931826437,0.715404004062662,12.6213208784685,2.3797541746659,0.313740911499592,1.61051082801895,2.44205744089248,0.281883080536238,1.95591835912383,18.7537923322432,0.0430663433277928,0.00405226119995261,0.000466170820246581,0.000863315050926516
181,"H5_k25_ar03",9.40359973574263,6.13669895924905,4.37222938320939,4.06092708807917,9.40359973574263,"0.79 -0.05 -0.6 -2.29 0.57 -0.27 0.78 1.11 0.67 -0.7",0.218519116992904,0.210769444201243,0.719754459194249,8.37661103868593,2.32736911189439,0.341513340295712,1.53237800032009,1.83044964756666,0.278182628888742,1.82604381022991,18.6593310065353,0.139722402644981,0.0295538935125694,0.018166204146485,0.0261402411167417
182,"H5_k25_ar03",5.30711508790693,6.07012735170031,4.11471749320019,3.42222884898627,5.30711508790693,"0.42 -0.31 -0.76 -0.19 -1.2 0.68 1.36 0.28 0.37 -0.66",0.19423977327388,0.197269473247528,0.701613817501587,12.0734715705219,2.34464637090219,0.319485526174592,1.6194984140146,2.3451483804868,0.282248008057466,2.03185293629138,18.7462489230491,0.537204484232948,0.243242255214894,0.13427703064693,0.165054632709234
183,"H5_k25_ar03",13.3357632908559,6.05386565251798,4.41444548708133,4.04737270139588,13.3357632908559,"1.18 -0.74 -1.49 -1.96 0.14 0.8 0.88 1.21 1.1 -1.12",0.16769144097776,0.198433788899448,0.645461927404575,10.6473200118331,2.23366191125683,0.296935791540626,1.50576786708969,1.78546443533564,0.26288444784871,1.87852941883253,18.7539168929093,0.0242868389528589,0.00249841021180697,0.000978820120975166,0.00173712663136594
184,"H5_k25_ar03",17.626091052035,6.03905378549143,4.18412194309548,3.38519887981583,17.626091052035,"1.33 -0.83 -2.39 -0.84 -0.25 0.09 2.21 1.28 0.7 -1.29",0.19714328702603,0.183566222267763,0.731858751838022,12.1156051987593,2.36066636314564,0.313802499180071,1.61969423414389,2.38851023319307,0.28452603680543,1.9513311018956,18.6718721852915,0.00299989074245322,7.54188967919678e-05,2.48748562947654e-06,6.47825682031922e-06
185,"H5_k25_ar03",10.6882061497852,6.05229214197694,4.18876945625942,3.52342111952699,10.6882061497852,"1.56 -1.12 -1.03 -0.7 -0.67 -0.39 1.01 1.35 1 -1",0.187180077546818,0.166952670077853,0.746279042434226,11.8882743792372,2.32008435579429,0.296736284075474,1.59616841259156,2.22524812020346,0.281750744718222,1.94218258672753,18.630170058296,0.078627630223556,0.0101558059565445,0.00236803734840929,0.00392847315383349
186,"H5_k25_ar03",7.31822390945829,6.16446577057797,4.23195919163152,3.66790380323962,7.31822390945829,"0.61 0.11 -1.69 0.27 -0.43 -0.48 0.87 1.1 0.69 -1.07",0.217357076025449,0.191725359087585,0.749941055952135,10.1152968224683,2.31015026657178,0.333673228471348,1.61143203014534,2.19863134046123,0.289857709801731,1.91824901743024,18.6452466465822,0.301707186428581,0.0888292244065412,0.0446264887981086,0.0598048891278656
187,"H5_k25_ar03",8.6774628913041,6.21749941510629,4.33025207220234,3.96888581658931,8.6774628913041,"0.53 -0.13 -0.72 -1.16 -0.29 0.02 1.47 1.34 0.42 -1.52",0.232588825544525,0.205402850939597,0.749554134643986,8.36667088600606,2.24808180297261,0.350865392761136,1.57268017907377,1.94599415509372,0.287429272081455,1.85654080919843,18.6716133781023,0.192226843713942,0.0436799338749881,0.0263042804355225,0.0367687060350202
188,"H5_k25_ar03",7.62754497332303,5.95561760348784,3.97406584144107,3.04427950874305,7.62754497332303,"0.85 -0.02 -1.49 -0.93 -0.15 -0.02 1.07 0.2 1.36 -0.88",0.200165663685454,0.187942388977085,0.729015298844088,13.5556107490452,2.32265031199933,0.32079170220083,1.66657068554045,2.7133678222443,0.290164675366529,2.05422829077014,18.8505299271867,0.247677763175002,0.0547130907717429,0.011051466305056,0.0164385977058035
189,"H5_k25_ar03",8.08455498722588,5.96301976523901,4.06629230721351,3.38645540656096,8.08455498722588,"1.1 -0.92 -0.29 -0.26 -1.54 0.27 -0.23 1.54 0.86 -0.5",0.210249963028475,0.191518071192933,0.739271614537904,11.1245509136929,2.3032318149262,0.327821243598961,1.60712589453752,2.33893641831232,0.286651109722344,1.94896001168729,18.7364995281168,0.210055608627197,0.0451886310545254,0.0150433412641938,0.0219258725428699
190,"H5_k25_ar03",8.84133168742015,6.0279486695537,4.15780055740266,3.45012508305541,8.84133168742015,"1.43 -0.78 -1.55 -0.39 -0.59 -0.24 0.82 0.8 1.2 -0.68",0.191365981823017,0.181755905101862,0.725078471746721,12.0402171662728,2.28111014691536,0.308368260890857,1.60349621808591,2.30408797938614,0.282237000276338,1.94643441063622,18.7782449267501,0.163204002156524,0.0318717107456971,0.0091833260905162,0.0138726501309481
191,"H5_k25_ar03",6.70465226246492,5.99059150232805,4.29276019263131,4.16168751181125,6.70465226246492,"0.28 -0.74 -0.36 -1.38 0.31 1.5 0.41 0.59 0.4 -1.02",0.15639220190265,0.196037447283185,0.62363007878883,10.5404888648422,2.14317814123043,0.286643270522975,1.48760844374357,1.64845026270304,0.256885386959991,1.90928092644113,18.4440333298098,0.345774658432254,0.131518956696803,0.115819561152011,0.144232276865408
192,"H5_k25_ar03",15.5684817766248,5.89275347615052,4.104480737943,3.61996231757246,15.5684817766248,"0.37 -0.36 -0.51 -1.8 -1.26 1.01 2.64 0.95 0.07 -1.15",0.21012364382979,0.18184707979562,0.756152102330864,9.88203865487831,2.26440005989637,0.320842494083821,1.57130402903328,2.07644997062987,0.283869175245786,1.82913338894214,18.5834606110243,0.00698097110361839,0.000279959011851183,4.93292659000666e-05,0.000105602404671279
193,"H5_k25_ar03",4.28098078166156,5.98990772963832,4.31514632595423,4.00070256799687,4.28098078166156,"0.73 0.03 -1.04 -0.36 -0.83 0.35 0.28 0.75 0.79 -0.68",0.155081099107203,0.184761675342447,0.642903511150198,11.3345910709233,2.27190625094234,0.279913986048532,1.501678292964,1.75778084120948,0.261085863126725,1.89494786996473,18.7380725472128,0.679065503541848,0.437524326979989,0.380199843430385,0.425568371983732
194,"H5_k25_ar03",9.00503917270124,5.88126588090928,4.15127840521202,3.58983859605599,9.00503917270124,"0.64 -0.71 -1.11 0.07 -1.14 0.55 1.81 0.79 0.22 -1.14",0.166863654701256,0.183304054079246,0.673166541187052,12.462452680494,2.20334387635846,0.28960620511481,1.56449714924328,2.07953040080869,0.270678273770838,1.97338292286566,18.6986022938098,0.140504990434155,0.0288434930157035,0.0108427672084737,0.0161608659132685
195,"H5_k25_ar03",9.57592833898135,6.03143852928902,4.24842415808549,3.8282649951971,9.57592833898135,"0.35 -0.19 -0.97 -0.4 0.26 -1.06 0.94 1.66 0.98 -1.59",0.159219853239932,0.189084599929306,0.644113771920759,12.1269006812659,2.21906300439381,0.2869255074377,1.5380464816124,1.93084334672639,0.265339410501785,1.98960799154484,18.7901926314651,0.122170427486458,0.022365025249068,0.0104520799501662,0.0157068766726924
196,"H5_k25_ar03",12.7017674962232,5.85774245816453,4.05323300671191,3.40870382853964,12.7017674962232,"0.86 -0.21 -2.46 0.73 -1.15 0.09 1.56 0.86 0.51 -0.77",0.200416704189034,0.199511447753201,0.70870553551583,11.2765552209671,2.36487528954515,0.324444337758895,1.59116738914775,2.26001003199186,0.28156643605265,1.96580221702818,18.7475680265546,0.0268967591636706,0.00188498014448257,0.000285372968263253,0.00054628346431107
197,"H5_k25_ar03",11.2662855586492,6.11701132536981,4.31154134057181,3.85535821408871,11.2662855586492,"0.63 -0.16 -0.93 0.52 -1.86 -0.62 2.2 0.28 0.65 -0.7",0.155948734429142,0.188819322843345,0.636802695472195,12.5659698773547,2.33305865395544,0.284843525119881,1.53944314136818,1.95964709924818,0.264817395098629,1.96915324535073,18.9097088135064,0.064372270655228,0.00818608568678947,0.00305570418862122,0.00501033537635132
198,"H5_k25_ar03",13.1243898056027,6.02392833356748,4.24566142267325,3.65295380221407,13.1243898056027,"1.24 -1.08 0.12 -1.57 -1.33 -0.37 1.44 1.52 0.94 -0.89",0.185780298765428,0.192940725189922,0.693613648546673,11.4389777463013,2.22000551987817,0.309511598849145,1.57519689345934,2.12513670327893,0.276533943676018,1.93458281646079,18.8689769723848,0.0259542025109611,0.00214539804636038,0.000411857425942519,0.000771587528138995
199,"H5_k25_ar03",8.96511674793113,6.02189091399054,4.00444577192787,3.21095464435524,8.96511674793113,"1.11 -0.25 -1.48 -0.03 -1.15 0.7 -0.77 1.57 0.71 -0.37",0.208630671167722,0.192883708333455,0.734274264362332,12.2157545795856,2.35694754616784,0.328974625681265,1.63879971277904,2.5485810767591,0.290046494543764,1.98770474977173,18.8039366075321,0.155224090025046,0.0232945120770958,0.0047761445599066,0.00755148451703325
200,"H5_k25_ar03",10.4166358008306,6.07216393397236,4.08919394174927,3.39845109933585,10.4166358008306,"0.83 -1.16 0.31 -1.68 -0.77 0.55 1.75 0.55 0.56 -0.95",0.201135305150424,0.178992986704589,0.747029196214021,11.7682772044892,2.39831522304529,0.31496602039813,1.61928960781302,2.36701602661971,0.287597180596146,1.91253526030312,18.7335585086353,0.0892926439111609,0.00991597680908207,0.00212032449899469,0.00354787687120717
1,"H8_n800_k25",2.587074566515,5.97821945225241,4.26705367743966,3.97720794947432,2.587074566515,"0.2 -0.04 0.27 -1.2 0.09 -0.3 0.7 -0.04 0.6 -0.26",0.390940324168583,0.363842543874904,0.732021318314904,4.88908816452532,2.31999238683492,0.553583119471054,1.62726248113508,1.91134171192831,0.276649089042734,2.57514651079076,29.4696854482066,0.903342279748995,0.773444893907625,0.735625930733326,0.767365487562462
2,"H8_n800_k25",3.85338524098431,6.13018252549861,4.34661806964934,3.98745863276621,3.85338524098431,"0.49 -0.46 -0.91 -0.06 -0.27 1.14 -0.43 0.49 0.61 -0.62",0.467913433106738,0.365091324336152,0.788405184626467,4.31847354544183,2.26916362012413,0.614082933139914,1.6783911066715,2.02067178242831,0.293637659216506,2.51975800727807,29.0849743281468,0.755341576654092,0.526195085395193,0.459110679459442,0.504196753162874
3,"H8_n800_k25",7.13256174393668,5.95154635480407,4.26872470032248,4.06873572238923,7.13256174393668,"1.42 -0.87 -0.45 -1.18 0.86 -0.78 0.3 0.77 -0.56 0.64",0.348686069875701,0.367483543395027,0.688310128360781,5.1658419177656,2.35906820170298,0.524730840379127,1.58934654983963,1.80125711590484,0.264037898937194,2.69171473102407,29.5754004954019,0.294616633998703,0.0998970819781593,0.081079378990246,0.104041897101206
4,"H8_n800_k25",4.7170341544551,5.94442811412801,4.2644296779609,3.98870557911383,4.7170341544551,"0.25 -0.08 -0.8 -0.13 -0.64 0.56 1.08 -0.49 1.06 -0.85",0.330144574881604,0.352507144108556,0.683576424906925,5.60139071080738,2.19156237615903,0.501913628947382,1.58608623814305,1.84926875496527,0.264053575934278,2.632832495984,29.7376916521007,0.608633571265048,0.354506124094745,0.30434123321937,0.348025163478027
5,"H8_n800_k25",8.66145029684223,5.87375095395339,4.04411731105362,3.48629763952795,8.66145029684223,"-0.21 -1.22 -0.7 1.05 0.07 0.04 0.4 1.55 0.45 -1.67",0.438975914647875,0.391558963513004,0.746261735353492,5.31011929222393,2.32800527730978,0.609078565430495,1.73758689626884,2.33101447319333,0.294015157027465,2.73751071436634,28.9964240483878,0.159963585445258,0.0289555696078534,0.0112054325003108,0.0167176528676296
6,"H8_n800_k25",4.00074085753819,6.00427752618807,4.16286737132278,3.62211346984621,4.00074085753819,"0.21 0.47 -0.79 -1.08 0.9 -0.37 0.27 -0.11 0.88 -0.37",0.441679580924109,0.39574302754657,0.744775214683752,5.12903302140045,2.3735904601439,0.613464019089855,1.72679273377632,2.26538915543807,0.29250471527619,2.65917403033965,29.0861256016706,0.722248867427177,0.463703229447207,0.355595579325911,0.4005279153419
7,"H8_n800_k25",8.98806201572936,5.90604307913254,4.0302196585111,3.43974582538402,8.98806201572936,"1.01 -0.56 -0.72 -0.4 0.17 -0.31 -0.89 0.66 2.13 -1.05",0.410122318105775,0.391601552880461,0.723248819923145,5.79371991780315,2.24975487394409,0.58774881998431,1.72043697428858,2.37613384314503,0.288974707303912,2.78969934364651,29.3873352067446,0.14318784978761,0.0228695477154821,0.00765952425567185,0.011756769663156
8,"H8_n800_k25",5.97945459898767,5.95130267589809,4.16704138636561,3.59328202447949,5.97945459898767,"-0.19 -0.79 -0.15 -0.45 -0.14 1.05 1.46 0.68 -0.78 -0.86",0.416780455753154,0.37188739771434,0.746149313391915,5.42266262147131,2.2632062733779,0.57954470432674,1.69891192567944,2.2600597987724,0.289711294194381,2.61863576376014,29.1923188311249,0.429519616348688,0.175778817709996,0.101818135997512,0.128118408515936
9,"H8_n800_k25",2.71348720581723,5.96553287547696,4.08573717193398,3.61328524985178,2.71348720581723,"-0.24 0.28 -0.34 0.53 -0.65 -0.39 0.1 0.04 1.15 -0.53",0.451732223678351,0.384026455757254,0.761894317773231,5.00794437669973,2.3420007784366,0.613664038425969,1.71017592138375,2.26224984934406,0.293503186113284,2.60014240105037,29.3962356722617,0.889472077133849,0.723649924369044,0.645385107801519,0.683511883512676
10,"H8_n800_k25",4.3120552725473,6.06042687912893,4.20124110333223,3.66106286597072,4.3120552725473,"0.45 -0.62 -0.48 0.2 -0.03 1.25 -1.08 -0.11 0.77 -0.34",0.373059570043683,0.372238316622576,0.707885521571009,5.97819861178654,2.31446812619874,0.547646117651759,1.6761142656297,2.23022420374883,0.281006739803882,2.6539533086011,29.6476042571925,0.682120655759708,0.412366419882869,0.307359382645406,0.351011983842674
11,"H8_n800_k25",3.14127381036482,6.06640728857115,4.41650363992355,4.31855622158734,3.14127381036482,"0.85 0.22 -0.46 -0.95 -0.14 0.03 -0.53 0.04 0.98 0.1",0.402894655534557,0.356977786051379,0.748469927937502,4.2404716096011,2.25170506689664,0.556797782906105,1.5788815393603,1.7084633484543,0.271538317963532,2.53542279949896,29.4174668501424,0.845111944603054,0.681367150295533,0.666803489872782,0.703595624324597
12,"H8_n800_k25",1.25690768762986,6.04403496194389,4.20436563574382,3.59541740338499,1.25690768762986,"-0.38 0.1 -0.03 -0.02 -0.5 0.44 0.57 0.37 -0.38 -0.25",0.420601929947794,0.381278818879568,0.74089200147978,5.52638172920412,2.26830808613998,0.588813855552881,1.70570686907476,2.32440682093148,0.292063690112756,2.71728353873999,29.1874200873833,0.990115947693848,0.96685778041144,0.94636293792261,0.954930976705723
13,"H8_n800_k25",2.7282583286348,6.09198694107768,4.25715808830129,3.91429447294099,2.7282583286348,"-0.14 -0.44 0.55 -0.47 -0.98 0.53 0.53 0.39 0.38 -0.41",0.374470808166321,0.390088160654785,0.692518522028249,5.39391846468249,2.22759712563795,0.559355662964139,1.65167172971463,2.01986500665289,0.272608458836803,2.84964181360277,29.3190543166188,0.893649187573086,0.744281768901978,0.694678641970691,0.729584053413563
14,"H8_n800_k25",4.08798661729574,6.0050131888204,4.29231870123628,3.93751326451407,4.08798661729574,"0.53 0.02 -0.56 -1.47 0.32 -0.33 0.95 0.34 0.3 -0.04",0.349122525751535,0.362588228526779,0.693604051598194,5.58561299781423,2.40945512563928,0.522392015696506,1.62982167372901,1.95006331766751,0.268386212406217,2.62544894152195,29.3932900694465,0.710170761837067,0.470575870688614,0.403509727829151,0.449042526309107
15,"H8_n800_k25",5.02071460167052,5.82449647955518,4.1614614495948,4.01292029137086,5.02071460167052,"-0.08 0.78 -0.99 -0.94 0.17 -0.14 1.02 0.39 0.65 -0.93",0.434702866832416,0.376028490436566,0.756303553821463,4.18405337152625,2.32405592622404,0.593291791281441,1.62531537267325,1.8188199955823,0.277837665730926,2.63148336442383,29.2896304543197,0.547839495543579,0.289811957100517,0.263971861566073,0.30580903141113
16,"H8_n800_k25",2.90783600014192,5.95943505047775,4.22535295937003,3.73439524355677,2.90783600014192,"0.77 -0.66 -0.5 -0.51 -0.15 -0.18 1.13 0.18 0.04 -0.09",0.391105506227007,0.375282832570031,0.721551778247311,5.47750236981092,2.22521881077131,0.562125708198591,1.66542054419057,2.14228133720453,0.280656661126089,2.70696705595627,29.4101649860714,0.867144256171428,0.701800016539071,0.620566683983102,0.660120478604836
17,"H8_n800_k25",4.0708678824643,6.1558512857163,4.28694320710732,3.88328704585505,4.0708678824643,"0.57 -0.77 -0.19 0.06 -0.88 0.69 0.46 1.01 -0.78 -0.16",0.393710538670287,0.393572116318671,0.707231095848685,5.33927295196836,2.30973771653313,0.575660361962748,1.65992737137988,2.10212803002716,0.277113094395806,2.79614039983189,29.2331550736459,0.726943400745116,0.473101807003258,0.396025441261958,0.441484429414719
18,"H8_n800_k25",2.73355452256309,6.11857087160355,4.35282743580026,3.99457326237557,2.73355452256309,"-0.18 -0.21 -0.55 0.53 0.38 0.54 -0.42 0.67 -0.98 0.17",0.382415798819078,0.377621200315299,0.711553317816151,5.18371448140505,2.36091884635011,0.556049023083342,1.62773303524851,1.98233431425653,0.272524922980517,2.74971831717317,29.2253712278799,0.894673834996874,0.754395101215702,0.705293490594636,0.739391514501149
19,"H8_n800_k25",10.8579292967634,6.16341547715857,4.25318109397658,3.8558433095562,10.8579292967634,"-0.03 1.1 -0.86 -2.55 1.24 0.25 0.7 0.43 0.11 -0.39",0.45863621315116,0.389218874926386,0.762449265808722,4.69733549414346,2.30958106739203,0.622059153328944,1.7013692549514,2.15436816293449,0.294671385690479,2.56750618985303,28.9896536525157,0.0790283950695508,0.00912179966432114,0.00425286174960826,0.00680492292785539
20,"H8_n800_k25",8.98231950005538,5.99800107190793,4.16141306877457,3.57312319660756,8.98231950005538,"-0.08 -0.8 -0.49 -0.4 1.62 -0.19 -0.66 1.53 0.69 -1.42",0.463631314693597,0.40072090958304,0.756571058394202,5.02581372133775,2.44133360348775,0.633220023710552,1.7432359920747,2.33012462302894,0.295666349689909,2.636546543816,29.0599447068609,0.151596548241594,0.0276926807048268,0.0103046482701856,0.0154692367563227
21,"H8_n800_k25",3.04478990161107,5.96089705759338,4.28418673587068,4.10086540986049,3.04478990161107,"0.41 -1.14 0.22 -0.27 0.02 1.08 -0.23 -0.2 0.36 -0.26",0.38745447787766,0.357762588783189,0.734697301854139,4.6332482974452,2.21089787122646,0.546411782433239,1.59941089488949,1.79517279996419,0.272810555659947,2.69864493425855,29.4822708050173,0.850370596842483,0.681980877681764,0.653768333280681,0.691432292448719
22,"H8_n800_k25",12.5924816314081,5.95716052686972,4.18589671052145,3.82117786404578,12.5924816314081,"0.35 -1.36 2.1 0.19 -1.47 -1.47 1.2 0.55 0.19 -0.25",0.423252632904767,0.383185987224706,0.741323884866663,4.82364582729069,2.35738247937666,0.590670229899105,1.66599123945264,2.04162079660088,0.284352004361405,2.72004275161628,29.2686037891069,0.0309449911782921,0.00232568521577914,0.000958628384687632,0.00170649771483955
23,"H8_n800_k25",5.32065663190931,6.04934423534443,4.166782069597,3.72888693379961,5.32065663190931,"-0.1 -0.16 -1.15 0.22 0.21 0.13 1.5 0.69 -0.76 -0.75",0.446698632399636,0.413267332575593,0.734041198101275,4.98435137322883,2.40354572492883,0.627524550325794,1.71300939154579,2.22650294182057,0.285788781931035,2.68433038074397,29.2326380514632,0.5326290006829,0.249866038225414,0.179369851427773,0.215033950342998
24,"H8_n800_k25",1.17958881313226,6.08881019565695,4.33288106872776,3.95137046390989,1.17958881313226,"0.39 -0.27 -0.22 -0.08 0.18 -0.48 -0.18 0.77 -0.11 0.04",0.47473037896301,0.375203679890598,0.78454785908957,4.27245646842776,2.38335259984532,0.625402698996642,1.68619530060938,2.02826487835967,0.293016704011428,2.56541364548155,29.0944451238179,0.99218347766895,0.975322959778399,0.966809400553636,0.972350558593215
25,"H8_n800_k25",3.48693512853186,5.88129498593806,4.09612013607764,3.47140339897055,3.48693512853186,"0.65 -0.08 -1.03 0.64 -0.76 0.28 0.61 -0.65 0.06 0.37",0.441599702300231,0.401483463473022,0.739915730254556,5.31361822200431,2.3348097458349,0.61701327030671,1.72820059110724,2.34649222497419,0.291310660448036,2.83213525435521,29.1170739231319,0.785651993130678,0.556641608938858,0.429212339380156,0.474628698149671
26,"H8_n800_k25",6.446911403687,6.00326943758567,4.23700629424479,3.8484624705605,6.446911403687,"0.69 -1.04 0.06 0.91 -1.23 -1.17 0.88 0.53 0.15 0.33",0.462485658059084,0.369491879779324,0.78127790340892,4.48468044886749,2.33348347293459,0.612414672013476,1.69154556202258,2.07410038857919,0.292333549408116,2.53440643499151,29.1976518198881,0.377496312934076,0.143811038856195,0.099321215550258,0.12517634374947
27,"H8_n800_k25",3.65495664294274,6.0085109714951,4.35164550947697,4.1568320486357,3.65495664294274,"0.7 -0.35 -0.43 -1.05 0.25 0.5 -0.37 0.88 0.44 -0.57",0.370821068327629,0.36221295967893,0.715361100208788,4.79711265997755,2.20490501080418,0.536864110802816,1.59010478923887,1.77887044146087,0.268203131772296,2.64477234795408,29.4725153878433,0.772562424981212,0.566334277400447,0.532394206287654,0.575869005824433
28,"H8_n800_k25",6.93353463371708,6.00398209989509,4.200562693175,3.83054099600301,6.93353463371708,"1.15 -0.86 -1.21 -1.14 0.64 1.02 0.04 0.74 0.02 -0.35",0.425123254313009,0.390342620831239,0.736596087512251,4.94089930910271,2.35821622181045,0.596395702817326,1.68419906700038,2.10049119351864,0.282949695534726,2.70930930325722,29.1462581192212,0.322047386119206,0.105035595110149,0.0705026680411673,0.0914084286314243
29,"H8_n800_k25",12.1682928839705,6.00473473562588,4.2587537537525,3.89288850421636,12.1682928839705,"1.08 -1.12 -0.29 -1.29 0.09 0.78 -0.92 2.25 0.5 -1.1",0.455452497372892,0.372720026705609,0.773893110550447,4.4448338575252,2.24282753984658,0.60842335470077,1.67919495762484,2.02441068081744,0.289125128244027,2.55993512719983,28.9832334049218,0.039277594903752,0.00371795847024226,0.00165794632524596,0.00283634671116451
30,"H8_n800_k25",2.01708665125961,5.98997043114429,4.3358060974821,4.2687370167982,2.01708665125961,"0.3 -0.55 0.02 0.07 -0.26 0.31 -0.29 0.18 0.91 -0.72",0.387342110486377,0.374594936471455,0.718836056215414,4.37622838409348,2.30988236347622,0.555913103685729,1.5791099397805,1.69509753826515,0.262996795866257,2.61585186536743,29.5471140484254,0.953140113276532,0.881721872525225,0.877041570751411,0.894667978136959
31,"H8_n800_k25",5.86782788116628,6.01127399514632,4.32106684022242,4.12826189282966,5.86782788116628,"0.6 -1.02 -0.46 0.55 -0.91 1.37 -0.5 0.92 -0.29 -0.28",0.347745668018884,0.363199460681674,0.691573059162323,5.15685962283408,2.3413460499092,0.521125048510567,1.5917844777257,1.79327559442205,0.264266910034744,2.64143864882817,29.5570601137937,0.452125422744793,0.209234915434031,0.181249735792383,0.217243339029836
32,"H8_n800_k25",2.98699092392675,6.03793536371564,4.11544671211717,3.46694806354325,2.98699092392675,"0.14 -0.36 0.7 -0.8 -0.3 0.2 -0.42 0.46 0.94 -0.55",0.506117535137693,0.390518449657961,0.791718004691143,4.84950601784217,2.26055299102674,0.661296063407426,1.77439217593911,2.45442003238569,0.309972960869087,2.61927122405094,28.8729306503559,0.861823897250853,0.668346708463214,0.546153273931227,0.588920831012568
33,"H8_n800_k25",4.65815038525794,5.92341919008193,4.08874454235544,3.59855724481025,4.65815038525794,"0.2 0.56 -1.61 -0.63 0.35 0.74 0.5 -0.13 0.45 -0.44",0.411605106768988,0.379982238921909,0.73476868839304,5.46773802610289,2.24535965200239,0.581033761379378,1.69336384732944,2.25054889401894,0.288432463288451,2.79180972686986,29.4736715377532,0.615010712559651,0.332013991248403,0.240637760551254,0.281015780009827
34,"H8_n800_k25",5.13688904032119,6.1131604254997,4.20183564129701,3.48106653274755,5.13688904032119,"0.7 0.45 -0.94 -1.69 0.1 0.43 0.6 0.31 0.26 -0.12",0.456418792042484,0.401356177841852,0.750952027367904,5.44277651718804,2.36002603115953,0.628504927626259,1.75039188957185,2.48418548333216,0.296934941377226,2.82357760089642,29.0014259642563,0.567188692446733,0.280231849477345,0.160121486296417,0.193921656940648
35,"H8_n800_k25",3.56105374664343,6.0021966456487,4.28231534794414,3.86185714813025,3.56105374664343,"0.55 -1.01 -0.01 -0.68 -0.15 1.16 -0.07 0.37 0.26 -0.44",0.360440057402377,0.372970389237517,0.694924431901736,5.63059543964411,2.22049617582461,0.537530562777409,1.63212650959851,2.02949214347488,0.270598206179646,2.81173635354306,29.3607312718759,0.785628619126397,0.57385580026253,0.495853765241985,0.540361072138078
36,"H8_n800_k25",5.30746163637144,5.92776023832534,4.1853622355803,3.78791341635785,5.30746163637144,"0.84 0.03 -1.03 -0.26 -0.97 0.65 0.25 -0.21 1.31 -0.54",0.411399595548885,0.381517614143324,0.733234398298534,5.03696083164134,2.32268311782237,0.580508586370381,1.66692026045684,2.07220364893282,0.281162459373445,2.82312879143816,29.272810132302,0.51893298558501,0.254624882970843,0.190107415683699,0.226752231803039
37,"H8_n800_k25",3.89752257207014,5.97518487841688,4.15984445336628,3.80844214351341,3.89752257207014,"-0.25 -0.54 -0.42 -0.02 1.19 -0.54 0.72 0.77 -0.37 -0.65",0.344986607277282,0.370146746369941,0.681807195069241,5.8963962071493,2.15183867091397,0.525251050036666,1.633526392854,2.03417772266707,0.27013701823595,2.96380157310033,29.343592943204,0.73486630503887,0.48374483728545,0.414909245891301,0.460456082132562
38,"H8_n800_k25",4.85347355849417,5.96223313191906,4.21869409097038,3.90121516169551,4.85347355849417,"0.8 0.13 -1.05 -1.02 -0.17 0.65 -0.4 1.2 -0.14 0.09",0.475804987086453,0.358402844668222,0.798750012331242,4.20823603742466,2.35456731129032,0.616672571662775,1.68435575430589,2.00229969344358,0.295991467235033,2.45022911467201,29.1484984695761,0.590357625473621,0.324702868425857,0.267951822993106,0.309869581974245
39,"H8_n800_k25",9.44177109885911,6.01444975873344,4.25520813520582,3.99465424959653,9.44177109885911,"1.32 -0.21 -1.23 -0.78 0.22 -0.77 0.67 -0.39 1.96 -0.67",0.428716211469314,0.365145839412881,0.761293070073572,4.4928534836624,2.34440015872165,0.583547211694693,1.65558885493865,1.92615912420245,0.286616924499691,2.46753150625097,29.3781028811345,0.127487954543156,0.0234269237155531,0.0156397532111526,0.0227950919264661
40,"H8_n800_k25",5.36544296882145,6.07583262102247,4.22148099872311,3.61302250876827,5.36544296882145,"0.96 -0.73 -0.87 -0.44 0.02 -0.37 0.98 0.72 0.67 -0.95",0.43313535403912,0.393842140924311,0.739869732096516,5.39637999776905,2.38226427366628,0.605739545849818,1.71907530354394,2.33736296086332,0.290560602043989,2.66655744872781,29.1806091315445,0.529885002320857,0.252972259409378,0.156652025618121,0.190075822095832
41,"H8_n800_k25",6.91405723844986,6.01376396654095,4.19954516780443,3.63212223560589,6.91405723844986,"0.16 -0.76 0.88 -0.42 -0.25 -0.21 -0.96 1.18 1.37 -1.03",0.441294935393581,0.376079298066928,0.761105807919194,5.16377143425159,2.34140794542542,0.601075743645142,1.70857785177163,2.27874618146528,0.295305682334104,2.66003087409931,29.1039773561488,0.325405007465268,0.106354626585601,0.0556935887239527,0.073520317780306
42,"H8_n800_k25",3.39044850731272,5.98887966446778,4.13505523481404,3.55739369668202,3.39044850731272,"0.41 -0.07 -0.94 0.59 -0.78 -0.1 -0.04 1.01 0.37 -0.45",0.461376702813146,0.404308712943221,0.752088476335197,5.08796892703586,2.33834141158576,0.633668332254294,1.73993408499928,2.34747032757154,0.294404251327593,2.69236893141969,29.0423647649246,0.80747347893423,0.584166888198219,0.46983284595927,0.51473976759101
43,"H8_n800_k25",1.65355191147829,6.01633113247852,4.22207603299925,3.78676664731707,1.65355191147829,"-0.6 0.41 -0.29 -0.45 0.46 0.52 0.22 0.24 -0.18 -0.46",0.417219054573812,0.380091764384023,0.739232635560233,5.10524617060654,2.3316942469861,0.584374370323093,1.66574824778353,2.13000598066703,0.284493420636058,2.66082973075602,29.3377940435053,0.97507632408433,0.926013629592151,0.899769562041197,0.914591501825275
44,"H8_n800_k25",3.16251836759044,5.96824372668311,4.27427260375847,4.08833232962635,3.16251836759044,"0.91 -0.58 -0.32 -0.34 -0.59 -0.27 0.28 1.13 -0.08 -0.06",0.408559952141922,0.359434792444257,0.750802794166751,4.44866233479991,2.25064876916156,0.56361084878139,1.61675968607506,1.81754527060143,0.27817675739839,2.56531451469143,29.2727171462919,0.835928399204814,0.655516362139416,0.625382904815573,0.664678840986364
45,"H8_n800_k25",5.62747664806821,6.05872282701836,4.18911676874438,3.68927897222962,5.62747664806821,"0.55 -1.1 -0.12 0.29 -0.53 -0.43 0.76 0.58 1.12 -1.17",0.362100494782218,0.37042357970192,0.699027372016962,6.08452506791231,2.36865534260728,0.538070984079862,1.67779662403731,2.20320953760586,0.277431462381742,2.88533645836655,29.2279415917931,0.490798027708391,0.216196837327652,0.142480673669256,0.174284345279269
46,"H8_n800_k25",5.12001026903959,6.09156199206428,4.28032799399272,3.9211932896758,5.12001026903959,"0.35 -0.1 -0.79 -0.68 -0.4 1.48 0.61 -0.64 0.69 -0.54",0.321887522026152,0.377448307987481,0.648883961235527,6.23098210837922,2.24961536304036,0.514015369471298,1.62095550921317,2.00567539065547,0.260845207179252,2.86428420805293,29.4694024868876,0.56703710612288,0.295983654684372,0.234634494224801,0.274851219271255
47,"H8_n800_k25",3.13743532042872,6.0676724925662,4.18878911777605,3.69140690368635,3.13743532042872,"0.48 -0.6 -0.35 -0.78 0.41 0.85 -0.19 0.21 0.64 -0.68",0.386858825923224,0.393063763901221,0.701458954806563,5.74829082725237,2.22987089703149,0.570884114312198,1.68794922426828,2.22377704049609,0.278743629726684,2.7513091030398,29.2929747718905,0.845836460185611,0.647702863486978,0.557733936091281,0.600274668732195
48,"H8_n800_k25",3.84762990809034,5.98274247197017,4.22958121590047,3.94213028203751,3.84762990809034,"1.02 -0.62 -1.06 0.57 0.14 -0.15 -0.71 0.2 0.59 0.15",0.402168213879673,0.384766163706429,0.72256689378219,4.87387341544257,2.37626380231037,0.575069503563004,1.63988621916765,1.96011696616416,0.274300223664787,2.79996744435328,29.3092659246805,0.742756080729018,0.506190787885989,0.451560365596562,0.496803822481463
49,"H8_n800_k25",4.48820331498169,5.99120192163768,4.26140657565813,3.93257408479267,4.48820331498169,"-0.1 0.06 -0.96 0.87 -0.9 -0.24 1.12 0.38 0.37 -0.64",0.412944886100977,0.360870259463534,0.752989083216987,4.73977167253931,2.24787569742725,0.568354240482686,1.647388962054,1.95726447346138,0.281898515029323,2.67248371303986,29.3004906573604,0.648413616582343,0.39229848095603,0.330842866181724,0.375304448644988
50,"H8_n800_k25",6.99019591790267,5.97356577023487,4.27392017136758,4.06108754258964,6.99019591790267,"0.53 -0.48 -0.77 0.33 -0.58 -0.89 1.78 0.32 0.67 -0.96",0.422013786266171,0.370160299572359,0.751783161640009,4.39209519896607,2.3029329167868,0.580387191610474,1.62820090642068,1.85352472455714,0.278819321828298,2.57359934661742,29.1944200699711,0.312155591594708,0.108823408984633,0.0881177647627752,0.112244954843351
51,"H8_n800_k25",2.76429824302542,5.94919253016483,4.0945534867264,3.60000478110019,2.76429824302542,"0.32 -0.23 -1.17 0.17 0.36 0.36 0.52 0.52 -0.54 -0.35",0.429817850574737,0.395712016295817,0.735692513878276,5.21851891635418,2.37527184121245,0.604682422694429,1.71655216070921,2.24301258381096,0.290790141135637,2.74554437555934,29.1826814089301,0.882357159040316,0.712841359882031,0.630034204421563,0.669016390399577
52,"H8_n800_k25",4.75006249733222,6.03857125316679,4.21584743103323,3.83410523885054,4.75006249733222,"0.55 -0.35 -0.16 0.54 0.34 -1.71 0.43 -0.47 0.72 0.19",0.346711309807875,0.38046165029876,0.673562678488344,5.90730033356555,2.27877877099132,0.533077794675539,1.6281836997061,2.04812783607901,0.266698876342189,2.82622800523393,29.4479242184444,0.614850836319797,0.340537847392947,0.270838475882423,0.31312073246335
53,"H8_n800_k25",4.43097457580316,6.01873777977583,4.17843258828027,3.75341288658018,4.43097457580316,"-0.35 -0.38 -0.4 1 -0.41 -0.06 1.38 0.27 -0.3 -0.87",0.316713720781224,0.371757372992213,0.648503848503501,6.63279055855581,2.18443991854201,0.507092458264334,1.63640731253799,2.10069577696278,0.264021688147082,2.90778663599498,29.6107683573438,0.660148313609047,0.38713114907242,0.305721589423362,0.3494874881741
54,"H8_n800_k25",12.0721417290578,6.03567192217163,4.27810771980107,4.00389633981304,12.0721417290578,"1.07 -0.93 -1.52 -0.48 1.65 0.17 -0.79 0.65 1.44 -1.29",0.3366164405579,0.375162234419438,0.667835434462117,5.65725574887681,2.32882926033048,0.522114286261331,1.61336580874417,1.90432529351262,0.263349574871799,2.74448915381979,29.5178395894878,0.0421117638547241,0.00401864348583358,0.00222103904587623,0.00373629764691363
55,"H8_n800_k25",4.92283082786782,5.94640942054594,4.23523751484162,4.04149715293872,4.92283082786782,"0.77 -0.38 -0.62 -0.13 -0.26 -0.52 -0.77 1.56 0.6 -0.19",0.385041058688132,0.381241670915996,0.710604027781998,4.79763055529053,2.32365529170844,0.560108920502406,1.6270388440248,1.84728474820359,0.270742640389106,2.74696319393466,29.3600595860922,0.577836117567451,0.317177943779224,0.282965960091103,0.325758961636548
56,"H8_n800_k25",3.57705292420887,6.02394425677444,4.27464811897757,3.97356071254642,3.57705292420887,"0.53 -1.23 -0.34 -0.36 0.96 0.18 0.29 0.16 0.34 -0.61",0.517333651900597,0.381494959686108,0.804831599685498,3.88007262005184,2.33594705500348,0.662126439585991,1.70379827168525,2.00729213817093,0.29467922627449,2.46143580011738,28.7930551280145,0.78477558516102,0.569172564150987,0.513889222780731,0.557827306155276
57,"H8_n800_k25",6.50143255903893,5.95283212496351,4.25715637142474,4.00805535456805,6.50143255903893,"0.1 -0.33 -0.33 -0.47 -0.96 0.28 1.35 1.44 -0.12 -1.07",0.384531506471193,0.378385244063933,0.712780292898792,4.89830207009999,2.23998301528662,0.558092285182624,1.62273545690403,1.88355147416651,0.272197337113981,2.72269892482232,29.5168314420366,0.364438051724657,0.141447882161807,0.112509205850072,0.140486744868756
58,"H8_n800_k25",3.77892606061489,5.9393140587663,4.29034862762971,4.14567663255058,3.77892606061489,"0.56 0.02 -0.99 -0.7 0.21 0.52 0.76 -0.92 0.12 0.51",0.423915259894577,0.368587953687395,0.754635500938914,4.12011334443194,2.29053296584927,0.580511663292288,1.6045554120896,1.74657891919998,0.277112620106217,2.60858622454434,29.2799045985343,0.74834641788529,0.531268560278364,0.505050635110635,0.549345089577941
59,"H8_n800_k25",1.99901982709909,6.09915088977899,4.26419001805771,3.75978114518558,1.99901982709909,"0.1 -0.02 -0.29 -0.23 0.11 0.01 -0.7 0.16 1.12 -0.25",0.429626222226217,0.396631659128602,0.73475774866446,5.1190408253201,2.38661415658236,0.604296212294113,1.70446199041229,2.19927417120405,0.286043234452666,2.79222197502817,29.1444848025366,0.956844346535806,0.879400296976805,0.833414842506446,0.855924718694145
60,"H8_n800_k25",2.23068455127119,6.02556431394806,4.28280387617451,3.93241886073465,2.23068455127119,"-0.17 0.36 -0.33 0.41 -0.67 -0.46 0.57 0.81 -0.25 -0.29",0.392539087144201,0.363358029001615,0.733857676811664,5.03534695798286,2.25402726324878,0.554780253150288,1.63174805344289,1.97657049834092,0.278602995159344,2.71185311719969,29.4917282849998,0.938008241643352,0.842198096719126,0.805789791718016,0.831173430511005
61,"H8_n800_k25",3.55132448317208,5.93223357363256,4.12175537569753,3.68613353932537,3.55132448317208,"0.63 -0.7 -0.94 0.8 -0.13 -0.34 0.69 0.59 -0.23 -0.36",0.4619790770371,0.378495059239146,0.773536824787067,4.7299060604566,2.24653407283542,0.617706352242444,1.68853252803475,2.18511763628193,0.293412050612659,2.65384936467305,29.1177214261769,0.780950743794321,0.547280172095368,0.461154793810951,0.506159474496676
62,"H8_n800_k25",3.80409489923917,6.03794609980378,4.23959756223886,3.9910157920833,3.80409489923917,"-0.05 0.35 -0.84 -0.49 0.09 1.34 -0.24 0.37 -0.81 0.28",0.377940521780761,0.378974470865425,0.706140211512563,5.10990981201277,2.27949388016616,0.554014487970528,1.62767273153842,1.93124198060474,0.272418028805029,2.73157743533598,29.4446395295795,0.753831375900036,0.516715508005114,0.470127048519706,0.515107835553737
63,"H8_n800_k25",3.17119170429521,5.92721931138328,4.1890018100997,3.88510130770922,3.17119170429521,"0.57 -0.99 0.25 -0.68 -0.08 -0.12 -0.14 0.8 0.75 -0.33",0.435592413243585,0.356370516007555,0.773977568739167,4.54872722467264,2.27228821774858,0.583506205467134,1.66231174164233,1.98139106898195,0.288662518309291,2.55056947634786,29.2499384727256,0.832323921285899,0.640713183255825,0.587378297676395,0.628641944204888
64,"H8_n800_k25",7.21348439853252,5.99191751577074,4.13682946995597,3.574538577819,7.21348439853252,"0.75 0.21 -0.34 -1.46 -1.21 0.84 -0.07 0.47 1.34 -0.42",0.456337103382153,0.406876928329074,0.746398152187177,5.11167624158747,2.34540428436347,0.630688744994514,1.73783231806067,2.33264752951339,0.288960549425955,2.77945877110752,29.0411473569289,0.291205443373539,0.0831309892711155,0.0407475055323917,0.0551879419756089
65,"H8_n800_k25",3.24667730404784,5.97106093061396,4.08708126435349,3.41780230171929,3.24667730404784,"0.37 -0.28 0.25 0.15 -1.01 -0.42 0.28 1.05 -0.66 0.34",0.431053057194241,0.388231827655834,0.743050604044927,5.6664616105327,2.33664788796479,0.601478303319746,1.73308706123487,2.44254560069393,0.295197456429389,2.70796109409701,29.0463996146284,0.825494879903598,0.607043713769495,0.47251383573348,0.517408514718439
66,"H8_n800_k25",3.56637846091916,6.07012111714855,4.24493620462411,3.70460513935419,3.56637846091916,"1.05 -0.16 -0.64 -0.52 -0.8 0.79 0.09 -0.13 0.65 -0.24",0.391510576941167,0.374244346125191,0.722866880936459,5.63597618394075,2.33375538504071,0.562400376101356,1.68413379752218,2.20654428740132,0.285345987980526,2.67651446117644,29.3285964439709,0.790119893081371,0.566291511906341,0.462179121117502,0.507237978896012
67,"H8_n800_k25",7.82807947406642,6.00185109413495,4.31287970689154,4.0988425413804,7.82807947406642,"0.58 -0.03 -1.75 -0.02 -0.83 1.02 0.34 1.4 0.04 -0.77",0.434810409246698,0.358608655633585,0.771469016945947,4.2429525784863,2.30747562048834,0.583232829329699,1.63534900596339,1.84487994706596,0.282972962688148,2.4507046395238,29.1377285356745,0.235160443961848,0.0694141475393422,0.054230731387846,0.0718354226759048
68,"H8_n800_k25",8.80098770956103,6.0041117027141,4.2051872425324,3.80856219627786,8.80098770956103,"0.16 1.17 -0.65 -1.01 -1.29 -0.61 1.23 1.43 0.15 -0.57",0.436605468357654,0.371220478555708,0.761848182684712,4.77693524868587,2.35954281472291,0.593599732285034,1.68759145981305,2.08563605156668,0.289908798580951,2.66590351779269,29.0609659518097,0.163355192664279,0.0331074946784125,0.0182473469418114,0.0262734153816107
69,"H8_n800_k25",4.36252723212816,5.99564984761502,4.22865072192369,4.0112056762645,4.36252723212816,"0.68 -0.64 -0.54 -1.1 0.17 0.28 0.75 1.05 -0.41 -0.22",0.476623953880756,0.35700466428473,0.800373285457954,4.03472675538551,2.23059673213603,0.616114583190093,1.66842058286738,1.92304741898031,0.29366415305672,2.5086857427511,29.2021737556028,0.667736362677616,0.408242779759393,0.367256426915245,0.412293218574422
70,"H8_n800_k25",2.20996273166962,6.07091583067714,4.28609418291981,3.94793987163449,2.20996273166962,"-0.26 -0.04 0.16 -0.4 -0.5 0.56 0.28 0.85 -0.77 0.09",0.356878601145836,0.372560362504809,0.691745288555992,5.51150293431349,2.2233200754792,0.535040825392854,1.63427864950355,1.96693745740897,0.270835612728176,2.80618405557612,29.6543528400355,0.940773602199941,0.845722774048074,0.8117871346216,0.836551126324977
71,"H8_n800_k25",6.94277303135598,5.96036823368476,4.0293719355274,3.31684714956034,6.94277303135598,"0.96 -0.87 -0.4 -1.07 -0.43 0.69 1.46 0.72 -0.74 -0.32",0.509106858239882,0.399017172211679,0.787065318209264,5.11096704548389,2.38142405678747,0.66899527284808,1.79164633145137,2.60202837509388,0.311556909196179,2.66645905935083,28.8532714371973,0.315564857606191,0.0881479118405732,0.03419240449551,0.0467907316890417
72,"H8_n800_k25",5.05321196451476,6.05066767679503,4.34576992217675,4.13984178023525,5.05321196451476,"0.62 0.21 -0.63 -1.67 0.17 0.5 0.8 0.25 0.34 -0.58",0.403422155770783,0.373777475996167,0.733544496375478,4.54542777106338,2.23223573304227,0.568280727505216,1.60724980206141,1.83372627030278,0.272783974826929,2.65370820090884,29.1863635724466,0.571573944854271,0.316861056168669,0.281442266002892,0.324182510272176
73,"H8_n800_k25",3.43972459738693,6.05602389752101,4.16418881965608,3.6111986867819,3.43972459738693,"-0.35 0.15 -0.11 0.12 0.54 -0.91 -0.42 1.12 0.47 -0.7",0.479234401502095,0.40913490997893,0.760539132764639,4.83411003343885,2.31537603437314,0.650386479737244,1.73826059844256,2.31667182867034,0.297761480996292,2.72289036927624,28.9342352003496,0.805897727169802,0.578915397827068,0.470387600722653,0.515308980136249
74,"H8_n800_k25",3.57483160914903,5.94201946196403,4.20852160574719,4.00928102381548,3.57483160914903,"0.11 0.13 0.19 -0.17 -1.53 0.2 0.25 0.92 0.28 -0.37",0.477192206592401,0.366696762977401,0.792924357138857,3.99496300996246,2.25416505029706,0.621462841502523,1.65346696960365,1.906365213979,0.289508725531671,2.4814269814704,29.0555994675691,0.778519065868863,0.558288815428307,0.521443274814699,0.565216097964378
75,"H8_n800_k25",3.17828320207157,6.11627378975116,4.31752704776467,4.04047263682053,3.17828320207157,"-0.27 0.39 -0.68 0.1 0.27 -0.83 0.96 -0.27 0.73 -0.45",0.355262853655479,0.390170262596557,0.673256345561099,5.45330925832598,2.28616419848499,0.545220692649096,1.62772028012342,1.93735820897873,0.263830815816028,2.85302095404158,29.6262096598189,0.843699374125446,0.659446394992266,0.614114301304209,0.654071133691374
76,"H8_n800_k25",8.52366669661863,6.01703468841413,4.20604662467383,3.76898240319969,8.52366669661863,"0.64 -1.41 0.04 0.08 -1.6 1.1 0.63 0.88 0.54 -0.94",0.416981028423984,0.38871501271083,0.731464012881749,5.18490044003996,2.23242019618967,0.589576156092594,1.68587880112372,2.16200511776383,0.283094861853396,2.77220590116289,29.2334757896418,0.182834806143526,0.0397036695946318,0.0209276753028316,0.0298245959788328
77,"H8_n800_k25",3.67261670232569,5.98401548411464,4.1943606733706,3.93930940241177,3.67261670232569,"0.52 -0.69 -0.45 -0.88 0.48 -0.18 0.52 1.11 -0.03 -0.41",0.380419746362958,0.372271532379422,0.714719645122864,5.13310470043799,2.34692948162751,0.551325577758493,1.6314883954085,1.95273438819512,0.273968633786518,2.56398402850823,29.3646209007743,0.768263432579753,0.53563199258597,0.487593188400647,0.53231754729141
78,"H8_n800_k25",9.16249314981019,5.94990028431013,4.18403103171183,3.81283618705701,9.16249314981019,"-0.24 1.55 -1.2 -1.15 -0.2 0.18 0.66 0.34 1.3 -1.28",0.396898141294399,0.366070009791623,0.735078002563351,5.12900776425241,2.30218058129092,0.560349594708351,1.64970877915249,2.03569364831632,0.282688461650515,2.61892739411765,29.3579673629515,0.13710397209722,0.0254058627723781,0.013953631540826,0.0205090746083976
79,"H8_n800_k25",4.10740814615708,5.99738852581026,4.29914897087332,4.03659608035432,4.10740814615708,"0.41 -0.93 -0.68 0.43 -0.21 0.47 0.49 0.96 -0.07 -0.99",0.489164223946948,0.368020464088198,0.799099472828463,3.94933253917508,2.28909133160035,0.631890450655248,1.67160325923274,1.93187218663401,0.291202756570567,2.5509548535622,29.1514600739379,0.706164847769976,0.468072449292409,0.418719901606015,0.464089759838009
80,"H8_n800_k25",4.04256281677269,6.05651528023078,4.16047997040818,3.43502085350888,4.04256281677269,"-0.31 0.38 0.11 -1.28 0.96 -0.77 0.62 0.4 0.15 -0.3",0.388441219200471,0.392586514257321,0.703343914344489,6.32894147001814,2.28942265577268,0.573008184066122,1.72200391421963,2.45842174086227,0.28636170936313,2.85667121145024,29.4877742163729,0.721173538722296,0.455415690904255,0.307986281501246,0.351724358068261
81,"H8_n800_k25",8.18817459274225,5.97076046265891,4.23359156498031,3.81159580451297,8.18817459274225,"0.66 -0.16 -2.16 -0.46 1.53 0.4 0.11 0.48 -0.08 -0.33",0.471394157184328,0.354283712734512,0.799398795081075,4.45326420264055,2.34296885225697,0.611349253354531,1.69167381896357,2.09924272552288,0.298484618727339,2.4364000471,29.3192309083081,0.202607266947755,0.0509649038596689,0.0289988798401053,0.0402637132714312
82,"H8_n800_k25",2.7897682872499,6.03675470931268,4.2761597617096,3.85340790744668,2.7897682872499,"-0.11 -0.87 -0.23 0.22 0.54 -0.14 0.71 0.77 -0.52 -0.49",0.350982231184426,0.358932991905324,0.699143628151306,5.82035641411485,2.25104857720627,0.52193640937916,1.62671831119285,2.04284168051462,0.273267828046126,2.68544101709139,29.4958212253152,0.884754317921297,0.733498219163597,0.669984053006676,0.706579544784371
83,"H8_n800_k25",5.19253985544572,6.04364697965629,4.23420379483387,3.8024187013427,5.19253985544572,"-0.01 -0.63 -0.1 0.58 -0.69 -0.11 0.1 1.4 0.59 -1.28",0.467600804603559,0.396755248566468,0.762506681194766,4.58188601565085,2.29557392383011,0.632775946259001,1.71155512313282,2.14249358752013,0.290434229844694,2.67061093795771,29.0051328373806,0.550351896915232,0.278091306675131,0.205888641096929,0.243882700788797
84,"H8_n800_k25",1.73085650260379,5.99572459506405,4.23130161416949,3.94769056421544,1.73085650260379,"-0.4 -0.49 0.74 0.12 0.26 -0.33 -0.44 0.3 0.47 -0.28",0.39516184126348,0.371702492665453,0.728397324117353,4.89511461006324,2.35639927817396,0.561932404779407,1.6261923612359,1.93436250250835,0.277409655903578,2.54507985696577,29.4645090365164,0.970726787885524,0.916567048767574,0.898929539858337,0.913860773752158
85,"H8_n800_k25",11.1178364718356,6.0087014097638,4.23473561300917,3.84335167710429,11.1178364718356,"1.36 -0.47 -0.7 -1.54 0.16 1.78 -1.58 0.39 0.36 0.47",0.461362802413805,0.383953252249872,0.768643696131556,4.54808048385939,2.38164892289987,0.619853104013318,1.68373128158062,2.0983151576369,0.288868168741597,2.55400717565456,29.1571094485867,0.0626025667194654,0.00730301276017142,0.0033290867794058,0.00542638958456643
86,"H8_n800_k25",4.54685258421039,6.02092668099224,4.23678045308898,3.83990782854776,4.54685258421039,"0.64 -0.83 -0.05 -0.01 -1.33 1.07 0.07 0.6 0.23 -0.37",0.383129993799834,0.375925790776272,0.71378578800526,5.40166449011926,2.28107987763653,0.556315810523753,1.65853171852245,2.06953968260818,0.277466156253382,2.74953509750908,29.2646511360325,0.643183230475121,0.377791193852597,0.303434789590844,0.347049729856572
87,"H8_n800_k25",7.18504046190376,5.99538943392885,4.26742169904891,4.0310178133228,7.18504046190376,"0.81 -1.5 0.3 -0.98 -0.31 0.07 1.38 -0.1 0.94 -0.59",0.410995999425747,0.366944944589713,0.745951880469406,4.59446212443404,2.28479410939805,0.570594402610498,1.63566254079952,1.88830555265551,0.279898681413017,2.57882125199109,29.5037504946486,0.294507706252199,0.0968028682735921,0.075471468313799,0.0973464655187307
88,"H8_n800_k25",6.62886852326376,6.06830941849728,4.28858507162394,3.86957774409401,6.62886852326376,"-0.13 0.89 -1.04 -0.86 -0.73 0.49 0.49 1.64 -0.39 -0.36",0.405059952897119,0.390309017761515,0.720096973407276,5.09923297674689,2.35248160075512,0.581721687677141,1.67162133722739,2.06549506937253,0.280020010692755,2.71168237042497,29.1301518479798,0.364372498175049,0.135653511493421,0.0900543432621054,0.114494925657034
89,"H8_n800_k25",5.11071183933504,5.97358155954205,4.17130017987898,3.63850349206019,5.11071183933504,"1.32 -1.04 -0.37 -0.57 -0.09 -0.65 0.99 -0.17 0.18 0.6",0.431204829044938,0.406836840796238,0.727360113884907,5.23070398665689,2.37854998723733,0.611409361788057,1.7249429023824,2.25550481835106,0.281505022427294,2.77728497067501,29.1488649499245,0.553600224404799,0.278722461504128,0.188435171084405,0.225026718560816
90,"H8_n800_k25",14.9737096209601,6.11575498408074,4.32268886288649,4.03141565030849,14.9737096209601,"0.88 -0.87 -0.13 -2.09 0.54 0.01 0.23 1.91 1.29 -1.85",0.403107157146884,0.365868308336929,0.740481785675479,4.82144682656915,2.3517175571502,0.564245791228419,1.64302852538789,1.94355972359316,0.280278539182585,2.53608086118181,29.4231411257005,0.0120023290576192,0.000562307008696084,0.00025677054537554,0.000499871067883406
91,"H8_n800_k25",7.27068151100043,5.91888445562336,4.32589314730641,4.19358963673977,7.27068151100043,"0.72 -0.84 -1.42 0.71 -0.87 -0.11 1.47 0.49 0.34 -0.49",0.380754486114194,0.363775183654164,0.723044640948768,4.49906613926684,2.27463029842543,0.54434193867031,1.59033078046702,1.71303961585032,0.265616621612019,2.55298297723494,29.34782030997,0.276680853309586,0.0973105920260696,0.0850833070440503,0.108748862715191
92,"H8_n800_k25",6.15014196811475,6.04626318147986,4.24827603607196,3.85435294417611,6.15014196811475,"-0.15 0.26 -0.67 -1.31 1.02 0.24 -0.09 0.88 0.84 -1.14",0.456465434700706,0.360727733973013,0.784581494143567,4.5575800628525,2.37575953858238,0.603105580561953,1.69121253759103,2.08037776457324,0.295963943259279,2.54684841769642,29.0678819083633,0.419792528635144,0.170832622173699,0.120657111173219,0.149627359357345
93,"H8_n800_k25",6.20301423084932,6.05037681691784,4.16753043811496,3.71984401023681,6.20301423084932,"0.18 -0.11 0.11 0.55 -2.08 0.09 0.22 0.73 0.84 -0.5",0.461208855983522,0.382230260766862,0.769951202383466,4.82119021544393,2.3435054973293,0.619869594279316,1.71225394431317,2.22357562374385,0.29617259970008,2.65701785991673,29.0738084889658,0.413688398567896,0.155317737726621,0.101360192136247,0.127500275813412
94,"H8_n800_k25",5.27765803259333,5.98258863285903,4.29457071044524,4.01489129716682,5.27765803259333,"0.3 0.02 -0.6 -0.86 -0.18 -0.26 0.72 1.75 -0.38 -0.52",0.326891960312396,0.358839426811777,0.673433003303837,5.63849525934883,2.24149593893882,0.503878796801594,1.5900317294012,1.84317876854069,0.262218021638279,2.63849184823526,29.6011619311397,0.530503421687434,0.276524846282023,0.230122008846934,0.270085998197665
95,"H8_n800_k25",5.00929500315739,6.12332590094008,4.28390926329855,3.78560971908872,5.00929500315739,"-0.24 -1.06 0.26 -0.73 1.23 0.57 -0.04 0.34 0.49 -1.01",0.504118788997714,0.39371006787806,0.788125037897495,4.40096467245515,2.31823709674466,0.659879569422756,1.72772472828443,2.21860898109981,0.299063895894567,2.62506663616611,28.9932429044648,0.586580020208447,0.312581863609802,0.226227175047451,0.265594596289958
96,"H8_n800_k25",7.25982169625546,6.01768758582696,4.2717820488783,3.97822111568173,7.25982169625546,"0.92 -0.96 -0.28 -1.46 0.73 -0.47 1.16 0.9 0.05 -0.6",0.429515118252978,0.369519178864644,0.758066365755594,4.52747164542269,2.22141006525978,0.586546869209298,1.65418889174097,1.94461751917073,0.284873056448518,2.58680696535164,29.2641319655964,0.28976023057876,0.0931969290936195,0.0679321482992471,0.0883283361111565
97,"H8_n800_k25",4.97501716268489,5.95935209112149,4.20482008892424,3.78668005492113,4.97501716268489,"0.29 -0.75 -1.39 0.67 1.16 0.45 -0.08 0.09 0.09 -0.61",0.377036784660734,0.380396374868578,0.703963488609765,5.45710961364784,2.19732987474932,0.554706680014762,1.65236002526769,2.05753106227096,0.274882237519119,2.71660912619746,29.3226729313677,0.571865778230227,0.303965820797056,0.230605687936089,0.270520242447794
98,"H8_n800_k25",1.84793155195282,6.04336764203715,4.146118805983,3.45743230267968,1.84793155195282,"-0.03 0.11 -0.1 -0.04 -0.61 -0.48 0.63 0.87 -0.12 -0.24",0.466468405575134,0.405797518312256,0.754467101361153,5.30299652548126,2.39937356625774,0.639045108955034,1.76888468212948,2.47368033401172,0.298403374221316,2.7206091443935,29.150727667416,0.964922795843437,0.893951768107225,0.83066769603049,0.853433711612526
99,"H8_n800_k25",4.18584017802256,5.9928341634965,4.20083805681938,3.8225109550177,4.18584017802256,"0.37 0.03 -1.17 -0.7 0.9 0.93 -0.43 -0.14 0.48 -0.26",0.437350679217781,0.380493445330732,0.754444484270656,4.7537152794744,2.32723486420784,0.600001992059582,1.68921498613695,2.07904060628607,0.289115377562337,2.59188866363321,29.2210304392104,0.693960482925146,0.435327622660655,0.362221695909428,0.407253217557677
100,"H8_n800_k25",7.78872897017531,6.02536340186347,4.37800942958655,4.20610613987821,7.78872897017531,"-0.41 0.15 0.9 -0.13 -0.68 -0.98 -0.47 2.18 0 -0.63",0.405080153840125,0.365397704433388,0.742541195411619,4.3578169562782,2.36487488560393,0.56386204640789,1.59613237743278,1.76526516305628,0.271913647107869,2.52093093725433,29.3567687530994,0.241246999888624,0.0762022388586002,0.0630441600021008,0.0825299116934618
101,"H8_n800_k25",3.44113477277371,6.01727753661375,4.17308393947321,3.63279667044905,3.44113477277371,"-0.76 -0.09 0.39 0.13 -0.4 1.08 -0.21 -0.13 0.71 -0.89",0.390599806695267,0.394076715768792,0.703966673616184,5.77695607147112,2.33896576196212,0.574166589493129,1.67775119140416,2.25647792480367,0.279173243177316,2.71704648562629,29.3688840113929,0.802961179366012,0.580248274321588,0.475018709559753,0.519939842733943
102,"H8_n800_k25",2.16482557187585,6.02611418673307,4.22661786665308,3.95720700842161,2.16482557187585,"0.26 -0.76 -0.22 0.53 -0.11 -0.06 0.57 0.2 0.34 -0.84",0.458716543189753,0.358530796335725,0.787892282988721,4.27815007195975,2.34391631278327,0.602730099764035,1.65438094328307,1.96245821225637,0.290579354918845,2.37361654708248,29.2562846666674,0.943029259504918,0.848431627537715,0.821381025994875,0.845155280763451
103,"H8_n800_k25",4.95548691852327,5.9632666549269,4.31896762525281,4.07504530818938,4.95548691852327,"0.98 0.35 -0.83 -1.66 0.11 0.2 -0.01 0.23 0.34 0.46",0.418058980574849,0.36520436783588,0.753109634625876,4.42689019544873,2.37613368803675,0.574236905525845,1.63690221120428,1.85070120222609,0.27830000233164,2.50761383683953,29.2563758220334,0.575342500989458,0.326802460626248,0.284100692825387,0.326872209485726
104,"H8_n800_k25",5.77287235461156,5.98771931169505,4.20727559324017,3.77751739812803,5.77287235461156,"0.6 -1.91 0.3 0.45 -0.16 0.61 0.27 0.72 -0.63 -0.29",0.379313343409073,0.368809733545202,0.716963863811829,5.47912365946858,2.32377834708948,0.548990924678593,1.65093026890668,2.07830471422478,0.278418344090144,2.59867470190482,29.2915832212186,0.46178063434541,0.202617113344004,0.141168817731585,0.172936106186822
105,"H8_n800_k25",9.1919948017,5.98027598982474,4.22773656093302,3.84485362432787,9.1919948017,"0.74 -0.1 -2 -0.23 0.57 1.65 0.18 -1.18 0.2 0.25",0.475410493619386,0.366088798639314,0.792311047556075,4.35780162619733,2.32968370246987,0.620618365241502,1.68878493887089,2.07174462220584,0.295124327259098,2.5304490123771,28.9762770168547,0.1378292388563,0.0267668375281488,0.0147806350433166,0.0215861245182396
106,"H8_n800_k25",10.9129891238495,5.95221918006312,4.15359213497117,3.80252559612941,10.9129891238495,"1.31 -1.16 -0.09 -0.65 -1.88 0.74 1.11 0.81 0.79 -0.92",0.394823869615675,0.377138658372656,0.723116449276176,5.19794227193406,2.34456752853647,0.565861824928223,1.6568037471801,2.05227168184389,0.280236652237605,2.66031471710485,29.5673247924866,0.0656076462049535,0.0072074008203018,0.00351155031860595,0.0057089946081923
107,"H8_n800_k25",3.04368319838831,5.95742323412354,4.14659009604269,3.71798561094648,3.04368319838831,"0.51 -0.17 0.51 -0.74 -0.92 -0.31 0.44 0.29 0.78 -0.33",0.404139187920189,0.388781491466683,0.720667227166653,5.3232281258063,2.33292826766513,0.580059274638612,1.67201230069902,2.15132509187727,0.28023155065503,2.70710624907395,29.2449361222261,0.850373395419242,0.661287536414214,0.585147526386395,0.626510906332129
108,"H8_n800_k25",6.78999416176044,5.99110436972119,4.27696651790531,4.05663830779787,6.78999416176044,"0.75 -0.13 -1.36 -0.92 0.74 -0.73 1.22 0.91 -0.19 -0.26",0.421889059207171,0.369842968144495,0.751966856297892,4.46962752242889,2.27180750305299,0.580428571734815,1.64103543778335,1.885686950444,0.280809189829701,2.60393930038826,29.2699892783076,0.336193485324221,0.122558651356618,0.0994214715818051,0.125346302702904
109,"H8_n800_k25",6.67758848457307,6.09536158935728,4.34781378850969,3.99178857749885,6.67758848457307,"0.88 0.24 -1.26 -1.13 -0.68 0.83 1.27 0.34 -0.18 -0.25",0.395618432793557,0.374004741164144,0.726678293018793,4.98813960028056,2.36780761111427,0.563921735386282,1.64738583571956,1.97339997121847,0.278207807143159,2.6024540920815,29.3620526710815,0.362172497429273,0.138997321880557,0.0995640898590651,0.125535136069649
110,"H8_n800_k25",5.58143210234012,6.14179842716717,4.35996481406599,4.12037806057017,5.58143210234012,"0.74 -1.1 -0.76 -0.82 0.55 0.33 1.07 0.61 0.13 -0.78",0.390776092933424,0.371837343783024,0.724443719602958,4.83220666049665,2.36799093638052,0.55839190801813,1.62802492086148,1.88831083903575,0.274465941135403,2.55452646488431,29.3873664195004,0.507701309905831,0.248124258218176,0.210835390681039,0.249290420167288
111,"H8_n800_k25",3.60208685341846,6.01457271638658,4.37763702904927,4.23277480481488,3.60208685341846,"0.04 -0.57 0.51 0.08 -0.79 -0.14 -0.43 1.18 0.68 -0.58",0.446542106069931,0.364437665810913,0.7747347150471,3.90884529550695,2.42081982040517,0.59488512879677,1.61673110984839,1.74546401055722,0.278347523895322,2.49481646189131,29.1305926146076,0.780717084644437,0.581940293099964,0.55706953375094,0.599670105884181
112,"H8_n800_k25",2.3213496333366,6.04284001197187,4.29240145903794,3.96794266984752,2.3213496333366,"0.76 -0.34 -0.67 0.03 -0.34 -0.39 0.36 0.31 0.73 -0.38",0.410648637418006,0.389900437270854,0.725189674808318,4.81919437969045,2.34406045664502,0.585066725079593,1.65457409322991,1.97899560547239,0.278316752393843,2.79781498590061,29.2268825062331,0.930928452819,0.82704643539611,0.791110468241678,0.817917189898822
113,"H8_n800_k25",4.05049300452612,5.9507605090421,4.2082080495953,3.84122028120767,4.05049300452612,"0.46 -0.39 -0.48 -0.89 0.02 -0.14 1.41 0.64 -0.19 -0.46",0.426691286074801,0.37859884633821,0.748002939253734,4.75472563475723,2.29266596914501,0.590387055369993,1.67546140513246,2.02879999602739,0.285587455735505,2.69548821380195,29.2622893836407,0.709549055110975,0.462516001305467,0.391287506080085,0.436649483283321
114,"H8_n800_k25",1.18986165362208,5.94086058260209,4.13866653812845,3.67133107340382,1.18986165362208,"0.27 -0.78 0.04 0.1 -0.33 0.48 -0.16 0.3 0.18 -0.09",0.410873374274759,0.357813327269346,0.754121707367183,5.31114886244941,2.3121369778387,0.565875181676832,1.66033743133213,2.18220965439014,0.287516608435969,2.5931989319964,29.3032862752841,0.991443457515478,0.970899574660443,0.957665337515037,0.96460778620042
115,"H8_n800_k25",4.83462371842563,5.95358035192798,4.20301024980354,3.7938801977758,4.83462371842563,"0.41 -0.81 0.27 -0.78 -0.42 0.22 0.47 1.56 -0.53 -0.43",0.420726747201606,0.392014259151889,0.731631007465677,4.93153211285819,2.26882114395544,0.594166885225552,1.674662837463,2.07482746456309,0.28141684251662,2.78202270143536,29.2832890294388,0.592053841347967,0.324930140010787,0.251225578710707,0.292408981827744
116,"H8_n800_k25",3.11043303169733,6.04973546412784,4.21383164328732,3.6924031859299,3.11043303169733,"0.57 -0.14 -0.11 -0.73 0.48 -0.45 -0.57 1.1 -0.39 0.31",0.353691278533542,0.373406158360624,0.687681194162926,6.20010849581256,2.27916913190886,0.534256753986374,1.65937774538447,2.19292430093062,0.27570764631607,2.72000737780322,29.4036661037602,0.847813917993374,0.657621307555727,0.564324792914067,0.606592488396061
117,"H8_n800_k25",9.68051054504768,5.99394706575657,4.187772251417,3.63296157009193,9.68051054504768,"0.17 -0.07 -1.31 -1.09 1.86 0.58 0.18 -0.49 1.19 -1.12",0.471902928141742,0.403188891372534,0.760290016791336,4.84945672735935,2.27778290945367,0.640704440418519,1.73324433817477,2.28847282953755,0.295293519245124,2.75641954413634,28.843545793316,0.114141000590153,0.0180783929702153,0.00671824468586191,0.0103927009198777
118,"H8_n800_k25",5.56450131073435,5.98814951773481,4.24127718920791,3.93955169338545,5.56450131073435,"0.36 0.57 -0.27 -1.97 -0.26 0.83 0.59 0.08 -0.06 0.21",0.407514279703498,0.370054233151372,0.740313667118444,4.8204627524648,2.37162379526076,0.570290681665592,1.64571936310761,1.96440740640823,0.281258644455066,2.57988296522271,29.3287034574916,0.490663010022285,0.231583335722839,0.185120949450146,0.221419463114821
119,"H8_n800_k25",7.18635587377434,6.02362620331247,4.25028238194407,3.93126120432395,7.18635587377434,"0.74 -0.23 -1.56 -0.88 1.64 -0.05 0.17 0.63 0.04 -0.51",0.369258167255479,0.377063612463162,0.699673203543565,5.36501449714771,2.325934538337,0.54636408876618,1.63071519118417,1.98107542051584,0.270549763443106,2.67397839344884,29.4443466112962,0.297854823578444,0.0950726807938548,0.0669055402437215,0.0871862448016638
120,"H8_n800_k25",6.11722057043567,6.07602047711174,4.24415496919667,3.81710156156632,6.11722057043567,"0.62 -0.9 1 -0.69 -1.19 0.01 0.43 0.64 0.88 -0.81",0.443687572466374,0.393349985713549,0.748278744620361,4.80011363306737,2.32662194689116,0.61251033206881,1.69496618888187,2.12975076541841,0.287220479617659,2.63271228151386,29.1587245571438,0.427937411097218,0.173187512951752,0.118207169378153,0.146947186323225
121,"H8_n800_k25",5.12231002975193,6.02189717195843,4.13629446901649,3.50720713420724,5.12231002975193,"0.08 -0.07 -1.75 1.18 0.13 0.18 0.3 0.49 -0.09 -0.52",0.479848349116496,0.387719052732054,0.777822922456526,5.02181047542255,2.31632411558461,0.638168261616851,1.74837348148066,2.40970746620744,0.302132201303433,2.69243972507106,28.8724221363378,0.558041031245279,0.271101170093911,0.166055127522009,0.200396347014625
122,"H8_n800_k25",3.72491784965353,6.04922294759603,4.23622229438932,3.72822823477056,3.72491784965353,"0.22 -0.29 -0.4 -0.11 0.36 0.45 -1.31 1.11 0.25 -0.3",0.447033134062166,0.403252382902587,0.742531699304006,4.90503204496851,2.36260992232902,0.621480152343844,1.69920192253672,2.19271184773763,0.288004407467491,2.71547660903179,29.1068077736237,0.765942895696801,0.532339431364582,0.433445791889421,0.478844181922102
123,"H8_n800_k25",5.57149550503431,5.93533056039822,4.32379431844397,4.23530590737498,5.57149550503431,"-0.69 1.35 -1.02 -0.59 -0.2 1.03 0.18 0.44 0.12 -0.72",0.375577891820196,0.359233752230967,0.722655952652368,4.45152380561133,2.2662026766606,0.53770761759253,1.56458351670418,1.67189392629892,0.26562246593992,2.68590184579428,29.4395981059392,0.482667236086094,0.243589218745625,0.229726961330851,0.269628339934578
124,"H8_n800_k25",7.8337435810441,6.11820290016769,4.44859187385277,4.48631620972063,7.8337435810441,"0.31 -1.21 -0.14 1.04 -1.38 0.19 1.69 -0.1 0.12 -0.59",0.391790647938988,0.371399097199375,0.725740853909515,4.08555544239989,2.42263603921719,0.556569246388434,1.55078126141331,1.60068241396851,0.261625606339969,2.56305201967664,29.2939262466552,0.247808756656933,0.0793582484103492,0.0824255711308577,0.105646686066456
125,"H8_n800_k25",5.27730269486434,6.10589374626325,4.44410544357173,4.41953043700736,5.27730269486434,"0.66 -0.53 -0.77 -0.42 0.42 -0.87 1.57 0.24 0.23 -0.53",0.37786680623805,0.342526959280218,0.7409038537756,4.31708010311032,2.22217339319119,0.528739805955681,1.54957595031945,1.63128127083613,0.26766767796164,2.40774761742624,29.4490151931109,0.546056518543487,0.301341341411423,0.297323374687482,0.340697378907903
126,"H8_n800_k25",2.75651628326604,6.04980002797241,4.32773521119621,4.19089797385937,2.75651628326604,"0.82 -0.37 -1.06 -0.04 0.49 -0.04 -0.22 0.45 0.4 -0.4",0.460424432322107,0.370290426874584,0.779255574020771,3.9060265468227,2.28377515708621,0.60967188198426,1.62463587189739,1.79843005545592,0.282308879719465,2.58091207901807,29.2095701079222,0.888554790701628,0.747300783393502,0.728985394403632,0.761246729778426
127,"H8_n800_k25",2.68957546494066,6.02423344331527,4.3086986612018,3.96256566634736,2.68957546494066,"0.04 -0.43 -0.23 0.26 0.18 -0.34 0.67 -0.89 0.97 -0.24",0.390672374765606,0.358944290456057,0.736376300540946,4.98885471171321,2.24724698075204,0.550543482819781,1.63299726679284,1.94900771758558,0.278968199905375,2.58097796550864,29.3623088448802,0.894852733246622,0.758060391655904,0.710545160066305,0.744260383628863
128,"H8_n800_k25",3.57939838692752,6.00440998471637,4.06288986057797,3.40450754292796,3.57939838692752,"0.69 -0.47 -0.35 -1.11 -0.29 0.81 0.15 0.72 0.28 -0.41",0.432457675817007,0.394935657409581,0.738414924123763,5.80319311098647,2.34698006511767,0.606669085596668,1.74217680990878,2.50963540509448,0.29458617220342,2.79477788770728,29.1685504602994,0.783345317653281,0.530656970721238,0.393399207519489,0.438748174525857
129,"H8_n800_k25",4.07759436510044,5.9354301321993,4.2339038989029,3.85162783928716,4.07759436510044,"-0.13 -0.25 -1.22 0.57 1.38 0 -0.06 0.15 -0.5 -0.01",0.403494942573257,0.385585422410721,0.722969580161143,4.99331223440943,2.32726690810062,0.576883863097879,1.6519294223735,2.01477623327337,0.276703790797946,2.62408028226473,29.321914244427,0.704186325190104,0.461867674025471,0.388201607834296,0.433566613112752
130,"H8_n800_k25",5.66024970483063,5.99695501647278,4.19697777653259,3.82537122626219,5.66024970483063,"0 -0.26 -0.09 0.55 -1.64 0.07 1.32 -0.01 0.65 -0.65",0.485614590796717,0.374846688823406,0.791601120771998,4.36291715686981,2.24971770569003,0.633836027669903,1.70142620646994,2.11869622981331,0.296286351167018,2.58719980739311,28.904513626855,0.478212721861633,0.213699829702614,0.159095971025143,0.192626925552509
131,"H8_n800_k25",4.04733874282028,6.04915117493758,4.18956741913738,3.67336503744152,4.04733874282028,"0.93 -1.13 0.15 -0.55 0.11 0.72 -0.78 0.58 -0.2 0.27",0.385146886177995,0.377541085152136,0.714122798263602,5.78296581734318,2.35606603073255,0.559489184064288,1.68673297063462,2.22729127742351,0.281136279624352,2.75458280360721,29.4391428955983,0.720268756804368,0.459748926327428,0.357526836447101,0.402550337193301
132,"H8_n800_k25",8.66021874518839,6.06231241787207,4.35846364705491,3.93426129073564,8.66021874518839,"1.1 -0.42 -0.97 -1.46 -0.38 1.78 0.4 0.07 0.57 -0.64",0.414438435312636,0.382568884891403,0.734794317026606,4.89099114227387,2.40165164517683,0.583457318334449,1.67493183829016,2.02701471613194,0.281514709438969,2.49931388226022,29.3091570510105,0.178024086833443,0.0442143744472239,0.0249067673592129,0.0350110652726878
133,"H8_n800_k25",2.27276186867509,6.01460251888478,4.15359942032599,3.59996853349197,2.27276186867509,"0.16 -0.23 0.08 -0.99 -0.02 0.57 0.72 -0.27 0.36 -0.41",0.478349918696676,0.397748756323051,0.768913481010853,4.84180915079992,2.39596045151358,0.642528681036699,1.72840937278196,2.31607901362996,0.29765914379186,2.58131443209983,28.9131363522111,0.933990378371124,0.821530559777197,0.751038262732815,0.781411161434463
134,"H8_n800_k25",2.83951589258009,5.98248671377488,4.26570222421656,4.07144497804689,2.83951589258009,"-0.01 0.17 -0.22 -0.59 -0.91 0.7 0.61 0.77 -0.28 -0.27",0.447419133739493,0.381685454190256,0.760780846623322,4.15334295029432,2.2889492573281,0.606660615561011,1.63355609443072,1.85828510494371,0.280559501502293,2.60670460902865,29.1232130630495,0.876059251186571,0.722563976436242,0.694044011090736,0.728983700901028
135,"H8_n800_k25",3.20558392268628,6.03346183866724,4.23286778215375,3.6533999864802,3.20558392268628,"0.69 -0.44 -0.43 -0.83 -0.04 -0.23 0.53 0.45 0.9 -0.58",0.465240614865717,0.396971719236167,0.760713776798837,4.91093681631762,2.44822122956841,0.631721831829892,1.72865999543421,2.2847672639903,0.294188407021762,2.65527080528972,28.9756095209098,0.834927093290122,0.640097564131345,0.533217042826012,0.576560048122884
136,"H8_n800_k25",7.78752064144033,6.00331669482431,4.33576125460788,4.10283852429963,7.78752064144033,"0.13 0.12 0.06 -1.24 -0.95 1.67 -0.67 1.39 -0.19 -0.32",0.375491489806816,0.357144158630607,0.724587619097834,4.83380240271944,2.23220871339397,0.537443996593213,1.60299193442948,1.81505166562889,0.272480009849962,2.64890064020639,29.3985867837692,0.238978662689447,0.0728615016195442,0.0559768078524752,0.0739582249386006
137,"H8_n800_k25",2.68842841357066,6.01581781644667,4.32194045738316,4.12494353391766,2.68842841357066,"0.31 -1.14 -0.26 -0.45 0.67 0.2 0.61 -0.06 0.33 -0.24",0.407632689755228,0.360420695103614,0.749158386682022,4.49516348296707,2.28290652869576,0.563526832124329,1.61802288595443,1.83237558145134,0.277442060010249,2.62473948658838,29.5241978693621,0.894687233129651,0.760068675080349,0.734141063912143,0.765992908370383
138,"H8_n800_k25",5.01006267872244,6.05770720585823,4.14229827892362,3.47806996902646,5.01006267872244,"0.3 -0.2 -1.21 0.41 -0.43 0.07 0.73 0.88 0.53 -1.21",0.466426653381331,0.390940718266944,0.766398473980353,5.28125464608186,2.3519640409613,0.630434997856971,1.75397703097175,2.46331793022657,0.3030463720565,2.7109278552969,29.1685729452363,0.578723367317506,0.288024084427633,0.174047249393406,0.20914592358901
139,"H8_n800_k25",0.972078717873788,6.12899108832981,4.33530511625173,3.97531068813097,0.972078717873788,"0.01 -0.38 -0.04 -0.21 -0.21 0.69 -0.23 0.35 0.19 -0.21",0.322513230976407,0.362997500458138,0.664189859245866,6.09386191319581,2.28386661674123,0.504345280475569,1.61469744000562,1.96535109474885,0.26398996836064,2.70064570676366,29.5220065784825,0.996183705281557,0.987061178341478,0.982766136960587,0.985791993596654
140,"H8_n800_k25",6.90086845892245,6.08603939857749,4.36602489697271,4.18282542227617,6.90086845892245,"-0.15 -0.3 0.09 -1.12 0.31 0.82 -0.37 1.93 -0.52 -0.79",0.373487901678018,0.360658584385894,0.719353745673145,4.79697115673606,2.23486375189961,0.537870489538616,1.58964828018369,1.79161069173933,0.269307882886902,2.59221997674898,29.4323185736642,0.335873019172686,0.124471263836779,0.10501474841868,0.131919112694752
141,"H8_n800_k25",4.8051754447489,6.03803441861761,4.14080331612452,3.65793752155601,4.8051754447489,"0.57 -0.65 -0.35 0.07 -0.55 0.55 0.25 -0.95 1.49 -0.39",0.441483104267448,0.384533478791956,0.754068114652481,5.12147945355563,2.30110693696683,0.606244515664271,1.71160425812523,2.26104664759769,0.29318155175701,2.65943518089328,29.1567928703748,0.60656659005514,0.318362909332005,0.23089399647486,0.270693215946641
142,"H8_n800_k25",2.38061072119425,6.02010699337166,4.25436324478859,3.89205140101095,2.38061072119425,"-0.15 -0.52 0.48 -0.44 0.04 -0.07 1.09 0.22 -0.11 -0.64",0.413639915495196,0.376799979546131,0.739260345324873,4.8699559497012,2.29344792357913,0.579263734288929,1.65959237829164,2.01440816749973,0.282619718101137,2.62523340430723,29.1680836041715,0.924716038048863,0.811801192335597,0.768575166180539,0.797441500141563
143,"H8_n800_k25",6.47087189117294,6.04845132898537,4.18923229713479,3.83076246148215,6.47087189117294,"0.49 -0.22 -0.79 -0.21 1.51 -1.55 0.61 -0.28 0.59 -0.1",0.4238203116888,0.377314040532422,0.746897289733801,4.92330045581466,2.3643909050752,0.587902115705919,1.67526222288708,2.08659473372098,0.288016844791643,2.56774629928269,29.2413249742486,0.38051759856127,0.135898363078837,0.0956390418082657,0.120978257329309
144,"H8_n800_k25",4.93424799430414,6.06319828347637,4.36521950942463,4.17539013390906,4.93424799430414,"0.19 -1.05 -0.31 -0.08 -0.7 1.27 0.8 0.56 0.02 -0.79",0.365768831032785,0.360975243055313,0.711755359034896,4.88669517792597,2.25751249034769,0.532719425287347,1.59632510685196,1.78740078284353,0.269032686925158,2.67113193248715,29.4884373087341,0.590379926470196,0.337989200360186,0.304921319899302,0.348579888233842
145,"H8_n800_k25",3.37955289119652,6.01141570531365,4.2624163424544,4.02961405530465,3.37955289119652,"0.45 -0.21 -0.92 -0.21 0.06 -0.25 -0.16 1.27 0.49 -0.53",0.397211922596882,0.36092052487248,0.740108118861637,4.78005321563538,2.25322610550882,0.556231701602549,1.63125661967205,1.89869412789794,0.277806823911222,2.60432656475131,29.2213669770782,0.810700432112139,0.608050933320892,0.56730291993369,0.60941853664751
146,"H8_n800_k25",5.11621106587221,6.0447825684455,4.38366850363987,4.17172287919398,5.11621106587221,"0.3 -0.33 -0.9 0.8 -0.22 0.52 -0.2 -0.96 1.42 -0.42",0.395379626662901,0.357609559203045,0.741642962686654,4.52559317408463,2.28608132737137,0.552305647671584,1.59569451061449,1.78932733959775,0.274274680948594,2.5370080394179,29.5292281169994,0.561584614802337,0.314099201403597,0.278060488306489,0.320615971456106
147,"H8_n800_k25",5.88953289853472,6.10291531172429,4.36977338245563,3.94409183904212,5.88953289853472,"-0.07 -0.12 -0.97 -0.56 1.55 -0.33 -0.04 0.14 1.16 -0.85",0.409632222960671,0.377258808773194,0.735575553537363,4.95552263651793,2.32688236264402,0.576212283172812,1.66371704501247,2.02994175352876,0.280227861553646,2.71999234320779,29.0377769648866,0.461021926650477,0.214228551788857,0.153792495204833,0.186853504254691
148,"H8_n800_k25",2.27325621988954,5.99513038699649,4.21922392087145,3.65332656901477,2.27325621988954,"0.4 -0.73 -0.4 -0.54 0.44 0.21 0.84 -0.15 -0.28 0.26",0.422521537362471,0.398038677546021,0.727880638529754,5.37532617708037,2.30492934549667,0.599761722342327,1.70274168588459,2.27119108016473,0.282967041048995,2.68341884162284,29.2230747432052,0.93353686397214,0.828211403962157,0.759116019270879,0.788813949641225
149,"H8_n800_k25",6.46810575718617,6.02085288908021,4.23438858742029,3.68468940561049,6.46810575718617,"0.77 -0.94 -0.21 -1.41 1.16 0.77 -0.74 0.41 0.5 -0.27",0.403222167565597,0.394822456998265,0.714509761026925,5.53414965489696,2.37264335963382,0.583766808335096,1.6964882647896,2.23149181947996,0.281553164946061,2.87079022233691,29.3136407274463,0.37725685170902,0.141722369814635,0.0809853649268846,0.10384290239886
150,"H8_n800_k25",0.617652100111897,5.92680247827841,4.15082033453271,3.71292275107628,0.617652100111897,"-0.03 -0.41 -0.07 0.05 -0.08 0.53 0.07 0.16 0.05 -0.34",0.459022966010715,0.397461786309958,0.755980911987786,4.70023157936789,2.3977264112796,0.626526383049981,1.68556151455335,2.15751424049868,0.288069188323732,2.58852282840394,29.2102532101748,0.999206201667205,0.996916127165763,0.995341692478861,0.996215321079723
151,"H8_n800_k25",2.66185407247491,5.95137807280417,4.05720533534021,3.34813081503977,2.66185407247491,"0.42 0.32 -0.65 -1.05 -0.12 0.57 0.54 0.31 -0.32 0.03",0.480415619024049,0.398840600811359,0.769405954639823,5.30411076537361,2.42222746146738,0.645673638819722,1.76782277830924,2.54817765671909,0.303104745051576,2.59181597077611,28.9712962101971,0.89432600173328,0.73028071722012,0.604895605596064,0.645160767337397
152,"H8_n800_k25",1.28133890558348,5.9699827558629,4.16481419720848,3.87801939327313,1.28133890558348,"0.16 -0.47 -0.3 -0.14 0.27 -0.02 0.88 -0.24 -0.13 -0.01",0.359106889322045,0.369626046023055,0.696827201491671,5.52130086636735,2.2853860837205,0.534437322490143,1.62672548320866,1.98273717913229,0.271269859349672,2.66354121799638,29.3795596875078,0.989048215003183,0.963989911137093,0.95532730764984,0.962616247879634
153,"H8_n800_k25",3.94931039107285,6.01317064729105,4.37055693627622,4.34948504922962,3.94931039107285,"0.56 0.73 -0.8 -1.17 -0.27 -0.14 0.37 0.89 0.12 -0.22",0.446306627995095,0.355698606255582,0.782018547847509,3.74476523624032,2.36620277767081,0.589569504687249,1.59766054665715,1.67131354521967,0.278631766022349,2.55604225197491,29.4404094442758,0.730609834546799,0.510542177604282,0.507235306478562,0.551338461227975
154,"H8_n800_k25",8.64969802740399,5.93992077997468,4.24831633522304,4.01687392633158,8.64969802740399,"0.66 -0.97 -0.95 -0.59 0.53 -0.08 1.02 1.58 0.18 -1.47",0.385653456531301,0.362092824415817,0.729025107762522,4.77099206629379,2.21023708062462,0.548316456855834,1.61590248145726,1.83994958144961,0.274334715711637,2.55385404095325,29.5370745254409,0.167039447345932,0.0385483415470943,0.0278993928040597,0.0389599751751184
155,"H8_n800_k25",3.55793133557469,6.11789759601392,4.41776966256931,4.28202058713592,3.55793133557469,"0.93 -1.33 0.22 -0.24 -0.11 -0.16 0.67 0.36 0.13 -0.44",0.38178858780197,0.350721814338572,0.73643412857353,4.56808415861413,2.21606260984611,0.537513552800018,1.57996658532084,1.74404239987784,0.271626394985357,2.52018304495463,29.4172137671809,0.79505188264773,0.597089595261415,0.574554989629779,0.616402648113384
156,"H8_n800_k25",6.379179036335,5.98488851280657,4.1443687927355,3.62612955205013,6.379179036335,"-0.05 0.72 -1.02 0.69 -0.5 -1.45 0.51 1.2 0.32 -0.41",0.386594908037169,0.366822220696279,0.725414328388207,5.7579130330954,2.29159709794594,0.554316595674166,1.68388721337489,2.22597985951553,0.286460426101414,2.68987865607423,29.5399255019244,0.383259746925835,0.138124017481314,0.0805365057809719,0.103248107979159
157,"H8_n800_k25",2.84906989088359,6.0359434022565,4.32689354871585,4.21900056326982,2.84906989088359,"-0.27 0.21 -0.71 0.18 -0.57 0.19 1.19 0.37 -0.53 -0.1",0.372941588195694,0.365539314752435,0.714158695316734,4.66687195618032,2.22977666486026,0.540595553000187,1.58672514071085,1.74047063924383,0.267856830037196,2.64437205387818,29.5759282854139,0.877527550444091,0.72770148985897,0.713329608714779,0.746805226261858
158,"H8_n800_k25",4.61012118552448,6.04588330446929,4.24050892412459,3.90259268182009,4.61012118552448,"-0.1 -0.67 -0.68 0.21 0.76 0.62 0.23 1.05 -1.17 -0.4",0.433166022124424,0.377643648597786,0.753762617686016,4.68237263004331,2.41228899058056,0.594489107892574,1.65907843713998,2.02824472626014,0.285751395753387,2.58250525030743,29.19138035845,0.636279046757555,0.367807703001296,0.305183578480874,0.348794868726157
159,"H8_n800_k25",5.32556391945941,5.97073893828253,4.19497547843978,3.72494294598473,5.32556391945941,"0 -0.84 -0.27 0.18 -0.31 -0.23 1.31 1.29 -0.97 -0.24",0.437602895164557,0.389713430614598,0.746787790443334,4.99859209164959,2.4097846997296,0.605848430917048,1.70665653787192,2.18739837105252,0.288014491330542,2.64351517279761,29.1813731786173,0.522037631142971,0.253712740850656,0.178222496533393,0.213742927781693
160,"H8_n800_k25",2.03804871220645,6.03795686130906,4.25736457734063,4.0832396947063,2.03804871220645,"0.22 0.41 -0.41 0.03 -0.63 0.29 -0.85 0.49 0.12 0.43",0.426436982709307,0.352998780144603,0.770318529548885,4.37868345949204,2.27469687135246,0.573602324878351,1.62365556263977,1.86723256270494,0.283318391328842,2.45342049151271,29.1725270510048,0.952746394551827,0.872437578643352,0.857859759794511,0.877689352212997
161,"H8_n800_k25",5.22464786875273,6.07780958220251,4.2646159897472,3.87183131380703,5.22464786875273,"0.17 -0.45 0.47 0.55 -1.27 -0.77 0.2 0.9 0.93 -0.74",0.492677753188674,0.38049812435109,0.791446181244923,4.27812283261007,2.32594924911631,0.6424782766266,1.70834056789334,2.1077359450355,0.295107848071122,2.65591911905925,28.9191474781745,0.549922813705902,0.278758095853859,0.213409421306126,0.251971546894129
162,"H8_n800_k25",9.2365059244153,6.03205670080258,4.18620463791302,3.5635255676105,9.2365059244153,"-0.66 1.04 -1.85 0.5 -0.24 -0.1 0.62 1.34 0.45 -1.26",0.422364189805966,0.395534599971634,0.729909452431701,5.53510235703636,2.36132273693247,0.59894328712041,1.71648280797215,2.33782902252275,0.289012158366309,2.73982333139269,29.261053903834,0.139868807573427,0.0240959544870634,0.00811382524788884,0.0124089081657974
163,"H8_n800_k25",2.00547941556163,6.11795874579306,4.28490409124121,3.846622979674,2.00547941556163,"0.1 -0.12 -0.21 0.61 -0.55 -0.88 0.15 0.63 0.2 0.12",0.413144755139943,0.372450092678756,0.742739828339584,5.13060110675109,2.30196219325317,0.576782044906726,1.6687672563651,2.1196809379694,0.286282951788056,2.62612228680617,29.3942789627438,0.956814760568574,0.8797111359915,0.841068669842794,0.862745775003675
164,"H8_n800_k25",6.08075157465068,6.05414714318071,4.34224145756326,4.0389318657128,6.08075157465068,"0.89 -0.5 -0.76 -0.58 -1.12 1.41 0.46 0.72 -0.35 -0.13",0.431996211022887,0.367525813888825,0.761652971662915,4.43254687189165,2.34091449527999,0.587341356820922,1.65484638157902,1.91484345383854,0.286119576780289,2.53420369348709,29.2888441360897,0.429883325024108,0.190411999432792,0.149339528821703,0.18195460256531
165,"H8_n800_k25",9.61122328665883,6.02472978911972,4.30167706177611,3.95684488315127,9.61122328665883,"1.83 -0.68 -0.78 -0.11 -1.3 -0.62 0.19 1.05 1.24 -0.66",0.464268562345211,0.357195150755749,0.792569958198294,4.30795532681072,2.25948962850636,0.606540365737376,1.66354081544225,2.00004822622581,0.292831067987878,2.60189961523321,29.2865366789929,0.119713191602455,0.0225357177999443,0.0130936864828572,0.0193197422771514
166,"H8_n800_k25",3.57049429183342,6.02436662972173,4.27328376863714,3.84806722907593,3.57049429183342,"0.23 -0.81 -0.28 -0.34 -0.66 0.95 0.62 0.85 -0.23 -0.39",0.375387427285347,0.375385883369548,0.707108235303513,5.47529400110423,2.32032696499723,0.550085082153096,1.64596696115667,2.05535652870541,0.274876600167792,2.6747887595595,29.2276060515763,0.785858980420087,0.570240560537212,0.490993383397109,0.535588548789359
167,"H8_n800_k25",8.1608157097815,6.04132086318773,4.24649213561866,3.83718489388574,8.1608157097815,"0.87 -0.85 -1.93 -0.2 0.64 0.78 0.51 0.92 0.09 -0.88",0.421255023769589,0.38251586065497,0.740327680897184,4.95498218891497,2.33623680230182,0.588692249256206,1.68591013154062,2.08731113976926,0.283638370222658,2.73217638309077,29.3593118160191,0.212335590863448,0.0527743954813339,0.0304723728448434,0.0421855238305155
168,"H8_n800_k25",4.45892011744318,6.01933496418652,4.17678333527755,3.74865654084242,4.45892011744318,"0.33 0.56 -1.02 -0.82 0 -0.14 0.5 0.36 1.09 -0.86",0.479646286024602,0.350867622657706,0.807104956600737,4.54136363219284,2.30874990372986,0.616724977260881,1.70637120905938,2.17824819966849,0.303969785046782,2.39008836258983,29.0769473220583,0.656171225420498,0.38166650561191,0.300013146114403,0.3431893847125
169,"H8_n800_k25",6.85503887492394,6.01605688761271,4.12356435294215,3.41455744040311,6.85503887492394,"0.13 0.61 -1.12 -1.54 0.9 0.98 -0.37 0.38 0.61 -0.62",0.450252196652702,0.392704426714267,0.753626071624383,5.54205577175725,2.35718020571252,0.619022479553148,1.7489767006207,2.49532278520549,0.299684940250935,2.67883813628846,29.0922697466377,0.33204464681339,0.102171313401765,0.0422424573660795,0.0569966085107999
170,"H8_n800_k25",2.83011287877861,5.99595131965751,4.20792304210745,3.75252080758973,2.83011287877861,"0.66 0.48 -0.79 -0.72 -0.21 -0.12 0.86 -0.36 0.02 0.3",0.444138004337732,0.383553025170287,0.756840461661755,4.80852264756167,2.32966837942926,0.607337056446815,1.68953261181312,2.13564765250083,0.291532232625111,2.50798316080512,29.174920045959,0.877553170847513,0.7153286401486,0.642091478448023,0.680354015245823
171,"H8_n800_k25",2.20732953900899,6.17967603782088,4.41553266251915,4.04258641758823,2.20732953900899,"0.37 -0.57 -0.02 -0.51 0.02 -0.54 0.94 0.43 0.19 -0.3",0.349496649101374,0.356132184298189,0.700426379141279,5.58586689157516,2.2575731430303,0.519018511937371,1.62207957928074,1.95224176093182,0.272855959811884,2.63211244123127,29.6686916886072,0.944045678113389,0.857586666056083,0.822711969172801,0.846369892606557
172,"H8_n800_k25",5.55837024000996,5.97162408630521,4.26804947313365,3.93082499738795,5.55837024000996,"0.16 -1.32 -0.67 0.56 0.48 1.23 -0.7 0.48 0.37 -0.66",0.368241338205319,0.3759052541967,0.699787224194065,5.2626417213484,2.18936611225058,0.545049285872206,1.64660260258331,1.93792222996448,0.271357844489727,2.72296766031693,29.416744008853,0.489090114307081,0.23656719043104,0.184386963408266,0.220667023275341
173,"H8_n800_k25",4.09991930754663,5.98291269541734,4.25031782177397,3.96893428898981,4.09991930754663,"0.53 -0.28 -0.71 -0.68 -0.36 0.63 0.8 0.09 0.86 -0.93",0.416811913699927,0.373392574614709,0.744836606975127,4.6744196098843,2.24373014262424,0.578845435347501,1.64924270007432,1.94835378303234,0.279466614804404,2.6232734708794,29.3321701051134,0.706012952648464,0.461086219262098,0.40752290569846,0.453065244012481
174,"H8_n800_k25",10.1015933545224,5.94772824387663,4.29323821077793,4.05872742239895,10.1015933545224,"0.31 0.11 -2.05 -0.41 -0.28 1.8 0.09 1.19 0.11 -0.93",0.443448102663583,0.346509259578312,0.787967966684437,4.16946501022277,2.21871734925094,0.583482501336005,1.65566099944535,1.84894134790549,0.288571596418778,2.4423897462745,29.2709674954013,0.0927320639222273,0.0161922398141821,0.0110979174449355,0.016564222963324
175,"H8_n800_k25",1.96559685682788,6.09978212999082,4.47324816148332,4.21012941327771,1.96559685682788,"-0.08 -0.92 0.27 0.12 0.44 -0.41 0.62 0.01 0.3 -0.43",0.496877085097486,0.366995817072032,0.804378182532375,3.70837061865829,2.34281553778218,0.636711532024216,1.65317522227394,1.84260438346009,0.287343728941222,2.51593219674717,29.2610791638381,0.959107701880601,0.898628521559499,0.880511301580248,0.897710770471721
176,"H8_n800_k25",1.65641955708217,6.03197099237232,4.21762380042982,3.70183176981692,1.65641955708217,"0.69 -0.79 0.03 -0.48 0.32 0.06 -0.17 -0.14 0.28 0.31",0.497010533812602,0.38441497748038,0.791006644202321,4.53065365838291,2.35219004689336,0.648938998699966,1.7214474160919,2.25178259327291,0.299678672426365,2.51607043151664,28.9969702834837,0.975146396292727,0.925226776253569,0.892223072363513,0.907958724444058
177,"H8_n800_k25",4.03528548758518,6.02995799482382,4.19423795512521,3.81296146745453,4.03528548758518,"0.57 -0.38 -1.19 0.96 -0.38 0.03 -0.36 0.48 0.73 -0.43",0.458098640352715,0.379319054734103,0.770226698537297,4.61816964256614,2.27294952492129,0.614934015395961,1.68628785961115,2.11557723417773,0.291358159118154,2.55938898717067,29.115116213997,0.71984553326804,0.462800140865893,0.388398003675876,0.433723718746029
178,"H8_n800_k25",4.29385502825129,6.02547166817312,4.17331470916999,3.71122897924638,4.29385502825129,"0.5 -0.53 -1.02 0.55 0.38 -0.59 0.02 0.38 1.08 -0.79",0.42858622704723,0.397623707427556,0.733091269359248,5.11211959937762,2.37195074914694,0.604449464216222,1.70201571588909,2.19098405131145,0.287302423625499,2.68189385038262,29.1922438829606,0.680892512597849,0.410370408856081,0.320566772983874,0.364660717557088
179,"H8_n800_k25",3.65146343379531,6.02923231822122,4.29228180861708,3.92516618334363,3.65146343379531,"-0.51 0.99 -0.99 -0.56 0.42 -0.33 0.33 0.83 -0.04 -0.18",0.417774193160231,0.371899233816061,0.746925823087735,4.7925260119448,2.34538324804841,0.578848972403808,1.65145813218346,2.00219368783966,0.280865381687355,2.63038076470341,29.3859831483878,0.775098431525222,0.556809129423829,0.488848795669824,0.53346086213839
180,"H8_n800_k25",9.37390275981316,5.93241966660982,4.30093814542777,4.04746148752068,9.37390275981316,"1.54 0.21 -0.95 -1.65 -1.07 -0.26 1.11 0.81 0.49 -0.02",0.389335365878711,0.389036262338142,0.70737844767916,4.74002341122925,2.29953938629906,0.567917185595253,1.62305022110798,1.8454587490846,0.26779069326294,2.73169603017281,29.4120323271681,0.124281712600297,0.0260938761592409,0.0177549950197886,0.0256509948752648
181,"H8_n800_k25",6.93888140538275,5.96916692158886,4.23039701616992,3.98219572908864,6.93888140538275,"0.87 0.15 -1.5 0.1 0.36 -1.48 0.45 0.39 1.06 -0.29",0.394659686003766,0.382276001410704,0.71828621655371,4.82902892735114,2.21555083139106,0.568038008030985,1.63324366340019,1.9058230401715,0.274326477424988,2.79031542759452,29.2592690534652,0.317111383493125,0.107817938827958,0.0834636633551539,0.106812142827259
182,"H8_n800_k25",5.2849885069587,5.98814432533024,4.21731003172731,3.89056590969461,5.2849885069587,"0.14 -1.17 0.12 0.55 -0.52 0.36 -0.44 0.48 1.36 -0.95",0.408973902971683,0.386088740382383,0.727159041309898,4.92949877595807,2.30356171144119,0.581562683945599,1.66984110870884,2.01603635409771,0.279676943161614,2.7489941567548,29.2239841158598,0.530173738767533,0.262819768502182,0.209092732012812,0.247392702646143
183,"H8_n800_k25",1.67265375799509,5.92696627952906,4.24226430306601,3.8922912354886,1.67265375799509,"-0.08 0.34 0.11 -0.1 -0.12 -0.97 0.66 -0.18 0.34 0.04",0.45969845853077,0.368454273270846,0.780292597985552,4.27312055611857,2.30602051330997,0.609197357356686,1.66191723341858,1.96434693276385,0.289736089153216,2.44621660880625,29.1111796730735,0.972814003084508,0.924922484708514,0.904093121256814,0.918361844736736
184,"H8_n800_k25",3.07815596560404,5.95901856732661,4.19802538274614,3.80217117396064,3.07815596560404,"0.62 -0.28 -0.51 -0.56 -0.11 0.24 -0.45 1.24 -0.39 0.28",0.328604541443279,0.368207473065079,0.665844228969215,6.17933176611908,2.32891846485839,0.512681544037783,1.63451809088361,2.03055648143145,0.267516708453724,2.67856191441592,29.5385617274494,0.845707375301992,0.661435870891439,0.593112976134548,0.634071030304601
185,"H8_n800_k25",4.28523333362426,6.03735726963798,4.18773962881078,3.77761558485767,4.28523333362426,"-0.03 -1.47 0.32 0.23 0.29 0.97 0.39 -0.11 0.1 -0.88",0.470522622874347,0.387575553996635,0.771860731556943,4.55610580452565,2.29490679914809,0.629805859240957,1.70709989915883,2.14375085323845,0.29383944772723,2.66503883379259,29.1233881137155,0.683471781223395,0.414835304578331,0.335368143040315,0.379861437186193
186,"H8_n800_k25",2.7777867925494,6.09426998483825,4.32507710363937,4.05057805316215,2.7777867925494,"-0.41 -0.32 0.13 -0.22 0.91 -0.3 -0.17 0.44 0.72 -0.89",0.379826924212516,0.363368417433477,0.722588918084629,5.02301549121657,2.29231461742724,0.544859158490838,1.62415122280885,1.90787652430061,0.274063099218695,2.62945109773398,29.2462115368567,0.888911977306515,0.742650519961444,0.704647374310237,0.738829268740807
187,"H8_n800_k25",5.89936338771049,5.96206910347342,4.1342181256332,3.74162767354271,5.89936338771049,"0.84 -0.05 -0.96 -0.77 -0.73 1.2 0.24 -0.2 1.11 -0.62",0.457982571088016,0.366966864530665,0.780385807807037,4.64777380047716,2.31780502762496,0.608489918303855,1.70629619862164,2.12859939497805,0.298032073049343,2.55817708313552,29.0000672109791,0.441332844613231,0.179305154005839,0.126734319692793,0.15639401841272
188,"H8_n800_k25",7.80065313964244,6.07153166561602,4.21935068464679,3.64032611046111,7.80065313964244,"0.26 -0.57 -0.29 -0.24 -0.21 -0.83 0.06 2.11 0.83 -1.18",0.435381665162441,0.393078305500063,0.742246491108044,5.28950766586226,2.26316295886867,0.607220506583286,1.74264460245191,2.30295465545261,0.292021396827206,2.6655430541416,29.3392881430361,0.245380477974058,0.0637283565717078,0.0292181192869003,0.0405746363279387
189,"H8_n800_k25",1.74474230049274,6.00567679373865,4.22866874370677,3.92729539190286,1.74474230049274,"0.27 0.24 -0.27 -0.21 -0.79 0.13 -0.2 0.74 0.43 -0.3",0.360187275092561,0.373100086309133,0.694547317356912,5.42515036950723,2.38830723904912,0.537327084379696,1.6235520636232,1.95407012856021,0.269616162221044,2.68431317121798,29.4716545178567,0.970190404414879,0.914429669857927,0.895440029961351,0.910813456840592
190,"H8_n800_k25",5.96288338172605,5.9517937451448,4.05016557062001,3.34504025137736,5.96288338172605,"0.46 -1.49 -1.05 0.63 0.38 0.91 0.45 0.22 0.24 -0.87",0.449113784023808,0.388485654006703,0.756310743076358,5.6434004223371,2.3641099855344,0.615493305659513,1.75627102958445,2.53452891843737,0.299798182613445,2.69230539405614,29.1659120530942,0.431677437128076,0.161258639939238,0.0758289190295199,0.0977008231763925
191,"H8_n800_k25",3.67160662095261,6.01835605673771,4.17222404725652,3.65792061632722,3.67160662095261,"0.57 -0.11 -1.4 0.83 -0.07 -0.38 0.07 -0.09 0.71 -0.07",0.388680399278895,0.380225317655241,0.714839089093253,5.73834206569158,2.2644192871492,0.564009203444147,1.69015183677996,2.23038108529188,0.283077799908334,2.71287519423572,29.2640861178598,0.771171915181214,0.531379277582933,0.429619225526567,0.47500388038137
192,"H8_n800_k25",5.83536355191141,5.99110026470106,4.2447260515536,3.99554408008854,5.83536355191141,"-0.19 0.28 -0.47 -1.48 0.83 0.17 0.28 1.43 -0.37 -0.58",0.44430043456403,0.380245599290454,0.759749273598942,4.33308553442946,2.27293395408003,0.604010076145801,1.65454955774822,1.92519178595012,0.283715702491875,2.62513971254034,29.1643877859097,0.453779962204701,0.201652836701098,0.165832889246072,0.200258420220946
193,"H8_n800_k25",4.08367991679956,6.0063473365009,4.17070388901601,3.78424314117473,4.08367991679956,"0.1 0.23 0.64 -0.61 -1.34 0.53 -0.38 0.43 0.82 -0.41",0.432819161897312,0.375213427983628,0.75559966035519,4.86559980351524,2.33451028357862,0.593766844230768,1.67715962314037,2.1059248290852,0.290879721855491,2.62264465224245,29.5146854977848,0.710284615055443,0.449128289339231,0.373535034272594,0.418752782572135
194,"H8_n800_k25",11.5542087889822,5.9869382738969,4.14228597081541,3.79737362910946,11.5542087889822,"0.56 0.67 -2.44 -0.7 1.18 0.03 0.09 0.57 1.16 -1.13",0.433176163697104,0.38382058930233,0.748459292468764,4.86384774144358,2.30809473611883,0.598874126353491,1.68513730730403,2.10690290544535,0.287482528731074,2.70170505125833,29.3732359316906,0.0508082425998073,0.00445808005362514,0.00212211289662334,0.00357074546909208
195,"H8_n800_k25",2.77191510383545,6.0358711854795,4.26143229906883,3.86321292807629,2.77191510383545,"0.58 -0.03 -0.91 0.02 0.3 -1.04 0.16 0.55 0.32 0.12",0.304920487109092,0.358608489154205,0.647775778548874,6.57877072895529,2.21361214645061,0.489617425259914,1.60996379690556,2.00600197525208,0.261623542291451,2.82917850231048,29.7169139711644,0.886478408325709,0.735561723312409,0.676260641244387,0.712471877736288
196,"H8_n800_k25",13.9965960041899,5.96991881229837,4.30484952795238,4.01423174028343,13.9965960041899,"0.32 -1.57 -1.56 1.77 -0.86 1.53 1.22 0.11 -0.02 -1.13",0.45599944034083,0.370311417374739,0.776270714939201,4.19363218499199,2.35947968871885,0.606734884516332,1.65824357075667,1.91229392935164,0.285019513976583,2.45785519757574,29.1420571376697,0.0161682097215945,0.00110669881963399,0.000541510805952106,0.00100053169150616
197,"H8_n800_k25",3.99460370756666,6.07237669399612,4.16716334988706,3.72852577246586,3.99460370756666,"0.45 0.09 -0.46 -1.08 0.99 -0.69 -0.25 0.41 0.81 -0.2",0.484439392972438,0.384368738447606,0.783373125642296,4.64338343610821,2.33955477215948,0.639154423222414,1.7153365374638,2.24943785312654,0.297925110968919,2.64833739361085,29.1473293535298,0.730172567727112,0.465716215776002,0.378773556148808,0.423936235986807
198,"H8_n800_k25",8.40463003179441,5.89234364134898,4.11607794886234,3.62126714952432,8.40463003179441,"0.24 -0.3 0.38 -0.34 -2.05 0.99 1.64 -0.21 -0.13 -0.23",0.43094717922638,0.39819305595535,0.734467268337945,5.14112937843698,2.33944253775089,0.606529646595181,1.69927218532834,2.21555520367529,0.287198333220039,2.73730761175057,29.2848990411202,0.178922626717899,0.0378880479014778,0.0176513293065209,0.0254895767780777
199,"H8_n800_k25",10.1603799095866,6.00892618723471,4.1682865606956,3.83959864440484,10.1603799095866,"0.65 0.21 -2.41 0.98 -0.37 -0.02 0.26 1.44 0.05 -0.8",0.444769295080779,0.390170451740814,0.751740723218997,4.69590845500459,2.29317608636696,0.611269870572633,1.67883898338083,2.08859589329626,0.287335530112952,2.61304497961475,29.1734468060884,0.0945411642076811,0.0126631604512604,0.00694840297349875,0.0107432087938445
200,"H8_n800_k25",5.21653190653777,6.05595736291593,4.17375260461178,3.81406519984373,5.21653190653777,"0.64 -0.86 -0.52 0.01 0.26 0.4 -0.55 0.16 1.47 -1.04",0.457709681464956,0.385556998387118,0.764814644711253,4.62382298467583,2.23886461434592,0.618749484060002,1.69346367891893,2.11636854546632,0.292800957156691,2.55866363858826,28.9989654930648,0.54841659809138,0.264671860828313,0.204934168685041,0.242859743636632
1,"H3_k40_lam50",4.25236675583692,4.79900472766376,3.14812574428096,3.58423992092528,4.25236675583692,"0.29 -0.6 -0.7 0.08 -0.1 0.86 0.36 0.88 -1.28 -0.15",1.12309504246781,0.951508904078225,0.762984910581996,2.41036790298296,2.38715233594046,1.51867537772363,2.56398281149057,2.70707224236368,1.0082156080397,3.98804161340428,62.2414767715787,0.524014788219323,0.213177007564711,0.301267156992226,0.369013785829419
2,"H3_k40_lam50",4.59040652260388,4.70394181129907,3.13936803207531,3.64413146786232,4.59040652260388,"1.08 -0.44 -1.07 -0.59 0.07 0.22 0.37 1.12 -0.04 -0.54",0.754627628573596,0.890541341887664,0.646487578185238,2.94720449824798,2.28885536608146,1.21186422576548,2.27395553073938,2.22404194143431,0.984917663283042,3.82552127639078,64.9128345731409,0.450828923224435,0.165532419808005,0.259107090033003,0.324361006248409
3,"H3_k40_lam50",2.58813514407756,4.69155206140314,3.02990220552625,3.39967664562662,2.58813514407756,"0.47 -0.04 -0.14 -0.39 -0.76 -0.11 0.75 0.6 0.38 -0.73",0.751711055013286,0.849863622140369,0.662528699111358,3.16601235119212,2.30640263127506,1.19050090895003,2.28465349652746,2.37992648469972,1.02607355534273,3.78079325177095,65.3256365385218,0.816963503031876,0.553469575309698,0.633440858258434,0.693123104720164
4,"H3_k40_lam50",3.66813411967303,4.8804940514514,3.21308148377972,3.65363877305363,3.66813411967303,"0.12 -0.1 -1.11 0.26 0.72 -0.51 1.16 -0.13 -0.3 -0.34",0.833401996007515,0.913041478136794,0.674161462584793,2.88609864604676,2.24690860867478,1.28161853852801,2.34263379059049,2.40528037228996,0.994533674004094,3.96891935292591,64.6040746376845,0.643669362612624,0.330351874044662,0.42686270973584,0.497306283519007
5,"H3_k40_lam50",7.20383021282954,4.7639160777001,3.03690914987582,3.02025382394236,7.20383021282954,"0.48 -0.3 -1.26 -0.79 0.49 1.49 0.14 0.64 0.04 -1.33",0.715986358680129,0.859867121550764,0.639883936302279,3.9474436898039,2.23157985128118,1.18074280357427,2.29234929146176,2.82631583355755,1.04549840900152,3.9515968514814,65.6946988037616,0.147447809740129,0.0159053766492272,0.0156273165347618,0.0276235362806447
6,"H3_k40_lam50",4.56020328015187,4.72300450962256,2.96624742031929,2.8609833963989,4.56020328015187,"0.87 -0.08 -0.62 -1.19 0.94 0.59 -0.47 0.64 -0.17 -0.35",1.02523590075352,0.905380232930958,0.749562013555429,3.20536121103584,2.46109742117492,1.4311737711907,2.60433996695944,3.28625138843673,1.07167702265633,3.96340545156415,62.9785700448097,0.457979843501703,0.139071746741168,0.122500894694667,0.169426342770789
7,"H3_k40_lam50",1.11433798658815,4.73585209266427,3.05905872609828,3.46750226558596,1.11433798658815,"0.17 -0.67 -0.09 -0.23 0.07 0.62 0.11 0.26 -0.13 -0.29",1.03224313556551,0.938401924387286,0.739940403830524,2.61247157994702,2.47480961769068,1.44323113677097,2.51000378984857,2.69670585526029,1.01143608056622,3.85504970565313,62.6899469324696,0.98427798514549,0.939240240866288,0.956746905625657,0.967336826764884
8,"H3_k40_lam50",1.42295789482911,4.67139696059322,2.93594221186988,3.30810258750889,1.42295789482911,"0.61 -0.29 -0.1 -0.48 0.11 -0.02 -0.06 0.1 0.75 -0.38",1.14601546498405,0.943769351592457,0.7719329097331,2.54052078813288,2.30578727926016,1.53553519630932,2.63199354125986,2.91147611231375,1.02599699688004,3.67682514655439,61.7814467082582,0.963989118591753,0.866605573576447,0.900538909777536,0.92270872052706
9,"H3_k40_lam50",10.9669619739511,4.70393763521399,2.91049037803315,2.98355799494317,10.9669619739511,"0.58 -0.16 -1.13 -1.21 0.63 0.34 2.43 -0.68 -0.23 -0.97",1.03761927206654,0.886805711800139,0.760190601916174,2.96204404257865,2.40523005622194,1.4280374167628,2.61499867930889,3.07347398328948,1.07255105469712,3.81804259474849,63.4838281209519,0.0179705079453027,0.000254423617267907,0.000373693530118069,0.000975901678869739
10,"H3_k40_lam50",2.06566359930004,4.80463708254248,3.03865476462559,3.28520221571698,2.06566359930004,"0.66 -0.3 -0.11 -0.34 -0.25 -0.44 0.37 0.94 -0.03 -0.38",1.00913507896799,0.975474741927575,0.718996387267316,2.93210241374865,2.2600726878421,1.450952233739,2.57246105031015,2.95888740084046,1.01031656886308,4.04195732819984,63.3390241412684,0.902376778143357,0.705937108113375,0.748563119411006,0.795106821247321
11,"H3_k40_lam50",4.66777010124183,4.88809782304642,2.922799599844,2.68836736440307,4.66777010124183,"0.93 0.01 -0.49 -0.69 -1.01 1.24 0.07 0.34 0.39 -0.5",1.16820425494287,0.937717309326212,0.779840726988202,3.2855137939739,2.35886299367802,1.56180879604,2.7581159916249,3.83815119379379,1.08386403026654,3.74708393711508,62.0784181818837,0.466785459612054,0.120843714362896,0.0862590548622169,0.124891906183619
12,"H3_k40_lam50",9.07514951759858,4.57391421009318,2.9943369429642,3.44561345270149,9.07514951759858,"0.72 -0.14 -2.18 0.43 -0.26 0.65 1.37 0.26 -0.01 -1.07",0.766784895799992,0.854024550698941,0.668079890834029,2.95302593521343,2.24567735918656,1.20152789324027,2.26949427808975,2.26433568402731,1.01842608674127,3.66100421012367,65.3704406420973,0.0460024161224611,0.00241888123130507,0.0083809013553805,0.0156987395655878
13,"H3_k40_lam50",1.82938365205222,4.72381472937432,3.14838017166728,3.33526614480539,1.82938365205222,"0.1 0.04 -0.77 0.04 -0.67 0.56 0.46 0.46 -0.06 -0.2",0.731182646374173,0.900971999786489,0.630147582259221,3.45279709632607,2.25204411361501,1.20823811343266,2.32016003038239,2.52462531828476,0.999165369212518,4.07007114705271,65.1432246602062,0.927579779373047,0.79251276270218,0.816162387005315,0.853081388641108
14,"H3_k40_lam50",1.99589293025068,4.44504432468289,2.79034951763414,2.89443489854899,1.99589293025068,"0.76 -0.22 -0.31 0.11 -0.92 -0.05 0.48 0.23 0.02 0.36",0.835898392509033,0.947747738296828,0.66146607107379,3.5645516082011,2.35210975838632,1.31223850993074,2.42436547112765,2.97960295931079,1.00842033672643,4.26138529691268,64.3943206732788,0.889753878194815,0.674754589747095,0.693652768772056,0.746823155863394
15,"H3_k40_lam50",5.87531857120761,4.76937581605923,3.07009623712197,3.76883268266653,5.87531857120761,"0.8 0.62 -0.78 -1.22 0.44 0.52 -1.01 0.42 0.98 -0.35",1.0170406910267,0.885573076036109,0.754168466643604,2.30847308587261,2.28511940654787,1.39783228800651,2.48572875838397,2.34781106247241,1.01656131758569,3.71972207244807,63.5994106420365,0.274854585620863,0.0548523187045795,0.134066258149771,0.18276462449184
16,"H3_k40_lam50",6.93888199679986,4.81222245402072,3.14837356658033,3.40807328206228,6.93888199679986,"1.1 -0.59 0.56 -0.71 -1.23 -0.29 1.49 -0.12 0.63 -0.57",0.771015466914736,0.871991059211966,0.662399759107316,3.25284584989693,2.25459485895439,1.218811845166,2.30211004550777,2.50799446175994,1.0225645880855,3.88988162358069,65.027280296221,0.173278855964957,0.0250510235891175,0.0401005967304197,0.0636347053927988
17,"H3_k40_lam50",2.75298199036854,4.56130905131989,2.95907904405684,0.660320433736558,2.75298199036854,"0.68 -0.59 0.19 -0.32 -1.04 0.56 0.28 0.38 0.29 -0.32",0.759403471038558,0.887933172171906,0.649961047829536,18.4096074014383,2.10308349146641,1.21810039509759,2.25847020235245,13.9803197611094,1.0033246501215,4.06493393767217,64.8511387760663,0.774159061082443,0.488436761433065,8.49219629832643e-05,0.000256704200056523
18,"H3_k40_lam50",2.54999981737889,4.82888405540414,3.05099325023002,3.39921704465343,2.54999981737889,"0.61 -0.09 -0.16 -0.79 -0.1 0.06 -0.22 0.97 0.41 -0.59",0.775710519115617,0.886865110604361,0.658362093714263,3.31247598378647,2.29275628873158,1.23066757600866,2.29489606895346,2.56952246494102,1.01757087381379,3.96250260667846,64.9512633673811,0.833807614241155,0.568733705075035,0.640238858640546,0.698961379524809
19,"H3_k40_lam50",2.63420638146309,4.72218122093842,2.99286261182286,3.59305764060509,2.63420638146309,"0.48 0.22 -1.13 -0.21 -0.14 0.87 -0.32 0.37 0.06 -0.13",0.842377134574589,0.930173427822018,0.671260133518389,2.87685159035801,2.40609278807987,1.2977662889484,2.34877573213498,2.42339399928213,0.984236923942808,4.01136978311485,64.3772763161297,0.809762341409124,0.529715898611824,0.653907813001503,0.711113518389981
20,"H3_k40_lam50",5.2255633776025,4.8201591757668,3.15387895497516,0.631875176813089,5.2255633776025,"0.44 0.4 -0.6 0.24 -1.75 0.97 0.21 0.12 0.51 -0.36",0.791401964647026,0.919573549386613,0.652308690663925,20,2.32431803932308,1.25561154542205,2.35354160000023,15.8280392929405,0.980705110704232,4.05669215057514,64.8726395866955,0.369392271171528,0.104009123758136,5.83683010257907e-08,5.97536972124502e-08
21,"H3_k40_lam50",2.8884948510091,4.95828004735917,3.16428250068307,0.628784708131795,2.8884948510091,"-0.01 -0.42 0.42 0.04 -0.73 0.08 0.37 1.11 -0.57 -0.54",0.841887390188409,0.912868933843845,0.677949216668212,20,2.31409153273261,1.29550114339324,2.35167989058416,16.8377478037682,1.024056738995,3.87509482101362,64.3206032783512,0.791262252089519,0.50304734204117,6.01657259899913e-05,0.000174175402094523
22,"H3_k40_lam50",3.54424607600907,4.72605813537008,2.84946478609644,0.473146898126643,3.54424607600907,"0.74 -0.24 -0.8 -0.54 -0.11 0.84 0.14 0.8 -0.14 -0.79",1.12021392258687,0.941160439756206,0.765644020720449,20,2.32658556916174,1.52436441953159,2.71233053075133,22.4042784517375,1.07042022417911,4.14397931335478,61.9029978994894,0.64317812853117,0.268133250676884,0,4.15635075246001e-08
23,"H3_k40_lam50",6.01075619064746,4.81868107325285,3.23102500720587,4.1381085894631,6.01075619064746,"0.58 -0.14 0.02 -0.58 0.44 -1.47 0.22 1.26 0.65 -0.95",1.0236826741277,0.932237577712435,0.739358509976621,2.14287839517545,2.30818070293738,1.42329039705908,2.43215167634581,2.19362748590368,0.964463163968626,3.74273341259625,62.7451793402539,0.265992259986043,0.0624378276621659,0.170680835407334,0.225570914516832
24,"H3_k40_lam50",5.10725995839617,4.76216262159151,3.15583192448339,3.51987584761068,5.10725995839617,"-0.25 1.01 0.15 -1.54 -0.46 1.06 -0.12 -0.13 0.49 -0.16",0.897032139411316,0.915191478968301,0.699986094222711,2.80638304156937,2.40342279698583,1.32943924245415,2.39909846083173,2.51741578378661,1.0044098891825,3.97989124556316,63.7246778331964,0.377499737710581,0.114229063299891,0.170963603932814,0.226169993825248
25,"H3_k40_lam50",5.51257292264643,4.66614958729753,2.83361123048118,0.531532505510364,5.51257292264643,"0.53 -0.26 -0.71 -0.11 -1.01 1.8 0.24 0.15 -0.25 -0.48",0.900622770707183,0.892549034237115,0.710283322206999,20,2.36178431566758,1.33391097496001,2.49416561106046,18.0124554141437,1.07183436570756,3.99528760823604,63.9551482008043,0.304783023132933,0.0503041354367284,0,0
26,"H3_k40_lam50",2.74032151786996,4.60879111457207,3.01611571130733,3.36213236752648,2.74032151786996,"0.83 -0.44 -0.78 -0.19 0.12 -0.2 0.52 0.83 -0.25 -0.37",0.836317712847528,0.89677161040094,0.682026563034164,2.96639042118243,2.36260356060937,1.27632657571263,2.42484261096611,2.48084485245611,1.01281848213804,3.96204200158326,64.5875744938013,0.781514935007228,0.506627690585198,0.584618930409319,0.64830617285219
27,"H3_k40_lam50",9.43149934425881,4.74946673898471,3.05521745674102,3.06236802399758,9.43149934425881,"0.57 -0.09 0.03 -1.15 -1.25 0.66 2.06 0.24 -0.15 -1.2",0.88298508387212,0.916013646164709,0.694007761041554,3.36612576047541,2.28954597396612,1.32947310902926,2.44751512452366,2.97223883693749,1.03985378217033,4.05086412453833,64.1201353388184,0.0451212150546837,0.00195182336884203,0.00216370966056467,0.00473601812662228
28,"H3_k40_lam50",5.10486417417222,4.73341272164359,3.03984542662341,3.73430284069432,5.10486417417222,"0.45 0.89 -1.56 -0.61 -0.09 0.92 0.28 -0.26 0.45 -0.3",1.13102341166109,0.89808668448058,0.783137474724523,2.17023127230487,2.20122120680436,1.49299768939865,2.6123896669682,2.45458237769585,1.0177106456822,3.76800030157423,62.4249366787162,0.372795920681126,0.0984966160513114,0.206113591680107,0.265909424382696
29,"H3_k40_lam50",3.95066875065899,4.77089781538898,3.24175461351125,3.77848164069073,3.95066875065899,"0.99 -0.06 -1.19 0.26 -0.49 0 0.29 0.92 -0.04 -0.54",0.81735722078577,0.900975752196094,0.671902056837838,2.68351836410376,2.25024267425203,1.2593110109307,2.29676611240975,2.19339311201143,0.983752631723802,4.04302182703972,64.8309507446581,0.574603047304822,0.282502749917044,0.394978718937743,0.465208266719723
30,"H3_k40_lam50",3.52055213283903,4.55704510029913,3.0509143634957,3.63610575262228,3.52055213283903,"0.91 0.55 -0.44 -1.15 0.24 -0.45 -0.23 0.61 0.18 0.4",0.828156494556317,0.892360099702703,0.680246589151433,2.65093547420523,2.34207577848809,1.26228148575571,2.25314533302266,2.19538942961279,0.990488155957054,3.7651544040522,64.8102971213207,0.623265629680651,0.322246029120147,0.452963848079838,0.5225022629961
31,"H3_k40_lam50",2.56434559861519,4.9347430797858,3.11590849932101,3.29739590936959,2.56434559861519,"-0.15 0.47 -0.77 -0.18 0.03 0.79 -0.55 0.78 -0.31 -0.28",0.953052075537871,0.930151335711213,0.71565265719303,3.07334596334614,2.38682036943429,1.38523483007012,2.46604402008725,2.92905874921297,1.03083664008705,3.93767630675904,63.6297740830579,0.840573318218057,0.579820016747295,0.617082204897697,0.678030168753329
32,"H3_k40_lam50",3.615375552363,4.53658727630594,2.99580970226117,3.75351565465894,3.615375552363,"0.18 -0.28 -0.27 0.22 -0.11 0.69 -1.07 0.51 0.82 -0.91",1.00220911763423,0.934674701936453,0.731317456953872,2.22662472749447,2.33806307767364,1.40927555530498,2.50671786920304,2.23154360344478,0.976833246732838,3.87700487579911,63.646142587699,0.603774725542892,0.289492686233844,0.458229521810684,0.528101926596286
33,"H3_k40_lam50",6.47823797353624,4.67471236063141,3.04041641612946,3.64235664102231,6.47823797353624,"0.5 -0.32 -0.76 0.41 -1.06 0.11 0.84 1.44 -1.21 -0.06",0.821646772939552,0.878497330655316,0.683080286248485,2.72998922282115,2.32743994275632,1.25188303783202,2.25379688587863,2.24308683509076,1.0010665553641,3.62781494721761,64.472934125132,0.196961386806868,0.0303055868968352,0.0783234550025164,0.114427305461621
34,"H3_k40_lam50",5.79758580748216,4.85214800152636,3.04815073655677,3.27932974247219,5.79758580748216,"1.06 0.57 -0.57 -0.83 -0.71 -0.17 -0.34 1.42 0.61 -0.55",0.91787610439322,0.894394128450517,0.716208796707294,3.04035758191919,2.2372955328794,1.33917927468909,2.50010690038304,2.79067157325437,1.04048530785911,4.00951845561701,63.4843212037763,0.296561389000616,0.0565585599246587,0.0807711159746265,0.117495038061303
35,"H3_k40_lam50",4.67224991263831,4.47185553725481,2.89553745702032,3.16977404229921,4.67224991263831,"1.04 0.24 -0.93 -0.48 -0.21 -0.68 1.37 0.15 0.03 -0.2",0.916487713374321,0.938987745471385,0.698480847001595,2.94992511578915,2.28624521469383,1.35969339901298,2.45930681804784,2.70357012399508,1.00498221579487,4.20847716350858,63.3736626138468,0.397590660516369,0.115537732261839,0.161950252580437,0.215961198038459
36,"H3_k40_lam50",4.39162413571022,4.67547785947931,3.10491385355881,3.24343122313864,4.39162413571022,"0.3 0.34 -0.41 -0.15 -1.32 1.19 0.79 -0.39 -0.13 -0.22",0.825837968062739,0.912401567997729,0.671061559553214,3.21523449665351,2.20828251049742,1.28023825953078,2.35050201069269,2.65526272356156,1.01049552303602,4.11496887130212,64.2413499590069,0.480405803621575,0.184513299515033,0.211718207761131,0.272503882972982
37,"H3_k40_lam50",4.31364507860508,4.58054305213865,2.98630288435873,3.84608772351324,4.31364507860508,"0.55 0.55 -0.99 -0.26 -0.81 0.68 0.6 0.44 0.17 -0.97",1.28784146320998,0.852045848496631,0.833992456722167,1.81794750398702,2.3872570674334,1.59237033967414,2.64849960961132,2.34122817357357,1.01645411114782,3.35255885364467,61.1526791908773,0.476771298602883,0.172585483145952,0.342185807932831,0.411590269318048
38,"H3_k40_lam50",2.3479962555416,4.68093470618156,2.9947673610611,3.30486305106693,2.3479962555416,"0.82 -0.58 0.18 -0.27 -0.59 0.19 -0.02 0.49 0.55 -0.56",1.02776198303938,0.927465762481282,0.742402731366827,2.70576626486117,2.46162629666463,1.43587158483957,2.57793944255966,2.78088370201475,1.02537074392975,4.05250724564168,62.8758705505004,0.853622928542197,0.613094071387994,0.676895246043692,0.732040158180993
39,"H3_k40_lam50",5.78264834627002,4.65453379358947,3.22046544559335,4.03747077322166,5.78264834627002,"0.75 -0.02 -0.63 -0.58 -0.19 0.31 -0.22 1.2 0.82 -1.48",0.885810870273686,0.882324073554391,0.708499831972778,2.20018499616445,2.41046421401718,1.28992724421462,2.22959104325392,1.94894778621554,0.966968076185539,3.63981693286021,64.1767305050291,0.268791864299686,0.0736121969191978,0.178058092132479,0.234483036845581
40,"H3_k40_lam50",3.96473831915941,4.74041650679236,3.00367906182133,3.4412303917091,3.96473831915941,"0.97 -0.44 -0.39 -0.87 0.38 -0.33 0.29 1 0.27 -0.72",0.902535128636615,0.854341382789709,0.726230587866979,2.74738158145455,2.3402021038198,1.30083494379601,2.4479809172778,2.47960838903194,1.04223337261225,3.75105124305718,64.1367996788784,0.567460510638904,0.227777832656093,0.32268715053692,0.391762781700502
41,"H3_k40_lam50",4.60285721296336,4.76307702821661,3.05735574814148,3.62343322138394,4.60285721296336,"0.94 0.03 -0.44 -1.44 -0.21 0.69 0.77 0.42 -0.33 -0.19",0.839312300537149,0.83553519716581,0.708699640852413,2.69897328688295,2.23354262209857,1.24140989367141,2.34952340285737,2.26528147850204,1.03428730713819,3.77913722744983,64.8073036884707,0.457915349199609,0.149652898531306,0.253493930168228,0.318288886714423
42,"H3_k40_lam50",2.84832490071861,4.65002288186435,3.0227243795209,3.62156669844045,2.84832490071861,"0.45 -1.01 0.46 -0.17 0.11 -0.3 0.97 -0.17 -0.03 -0.55",0.920180576225006,0.902053636126465,0.714105497315578,2.56511025462853,2.26200006213575,1.33542409358493,2.41205137007187,2.36036463218475,1.00028975920036,3.91688215222553,63.6301297907665,0.764522768557573,0.477905600915783,0.606649288757311,0.668132651695348
43,"H3_k40_lam50",5.35910570223114,4.8590187184825,3.41542925956589,4.38818834030535,5.35910570223114,"-0.04 1.22 -0.51 -1.5 0.8 0.14 -0.5 0.03 0.67 -0.1",0.861440808812331,0.926556057485391,0.680903993206753,2.19987916756448,2.31469196511386,1.2949505894493,2.2318605923955,1.89506568939614,0.931969620409643,3.78019047906275,64.5331858567695,0.355722199430151,0.129278079530224,0.280130159815808,0.345859443301018
44,"H3_k40_lam50",5.78334149900467,4.83321417623378,3.0936885979306,3.56116657121048,5.78334149900467,"0.97 -0.11 -1.29 -0.62 0.14 0.48 0.51 0.92 0.05 -1.19",0.913984032323588,0.935540126336294,0.698818032444679,2.823291527325,2.26616219003449,1.35385668158294,2.48670464157844,2.58044337456953,0.999074193968039,4.32004014154,63.6432694875771,0.295510651295226,0.0611939309585213,0.115175400175119,0.160011098626237
45,"H3_k40_lam50",2.55646656669825,4.80027766943509,3.03653734100796,2.99918800865255,2.55646656669825,"-0.06 0.2 -0.7 -0.09 -0.41 0.93 0.68 -0.71 0.15 -0.13",1.0315215594798,0.902552642538886,0.752587079524792,3.08078680573493,2.2815333600797,1.43333356686496,2.54120924294074,3.1778980102765,1.06546339640634,3.83717162640018,62.4526819820842,0.830553695964682,0.562091471578966,0.55283819662695,0.618750226558399
46,"H3_k40_lam50",6.27009179989062,4.7802899516945,3.25376749224514,3.81001266618194,6.27009179989062,"1.42 -0.39 -1.01 -0.51 -1 1.11 0.64 0.4 -0.18 -0.03",0.864343432606404,0.889630035929818,0.696840184110962,2.53280298968293,2.29362599502164,1.28753778990002,2.29797990006819,2.18921163021831,0.997794442139898,3.76059442226754,64.6076849947858,0.232009366635592,0.0529566816901641,0.108551541290678,0.152261338526797
47,"H3_k40_lam50",3.87941211671037,4.73752169951424,3.04097372231724,3.36035411884142,3.87941211671037,"0.44 -0.85 -0.32 -0.06 0.42 -0.35 1.49 -0.3 -0.33 -0.34",0.915151976750079,0.894828397084198,0.715001540739649,2.86548842579339,2.3728351664285,1.33361066278412,2.42754124134265,2.62235739721929,1.02911185038772,3.80737312753287,63.9874652196409,0.584381771632322,0.250587626331442,0.321675776228713,0.391137991834602
48,"H3_k40_lam50",0.711414624885819,4.79562297506699,2.87981172390208,2.57293136465172,0.711414624885819,"0.27 -0.12 -0.36 -0.34 0.27 0.41 -0.04 0.15 -0.04 -0.32",1.16567915908112,0.983548352799741,0.764289362856926,3.45336482437676,2.46310032986084,1.58321422732992,2.69194105837376,4.02551540447981,1.06158500534929,3.89279140979456,61.6734822851437,0.996857152920113,0.981934341285621,0.973470440230505,0.980234966726258
49,"H3_k40_lam50",3.19089591630197,4.58532165184576,3.02232251848544,3.55686848166631,3.19089591630197,"0.55 -0.4 0.47 -0.54 -0.86 -0.01 0.38 1.05 -0.48 0.02",0.840971284892711,0.893937853626046,0.685199641757833,2.72215070544145,2.2482095343111,1.27403620312653,2.30667048895622,2.2892505764267,0.996760817704321,3.92031670194034,64.3525139389315,0.691818731672671,0.389346118854975,0.511899133933774,0.579558751580874
50,"H3_k40_lam50",2.90263847856481,4.74297036804838,3.11566570160137,3.51075270744815,2.90263847856481,"0.61 0.16 -0.42 -0.79 -0.53 0.43 0.02 0.89 0.32 -0.57",0.668872423162452,0.856182782400381,0.615632396150797,3.42515166232717,2.20820534685764,1.1368515054116,2.21671861019852,2.29098949207967,1.00180897754139,4.00669426919449,65.6810123315493,0.766310344964411,0.486875528311657,0.57315056925322,0.637458600084916
51,"H3_k40_lam50",2.49670699837594,4.85472584892817,3.04872667577983,3.05030254190383,2.49670699837594,"-0.2 0.75 -0.14 -0.9 -0.39 0.51 0.35 -0.08 0.54 -0.5",1.04124218413314,0.938970467687562,0.74263681509022,3.11063233648263,2.34969782239056,1.45885916699382,2.55218767423771,3.23892160807436,1.04675871984377,3.88815097409531,62.5540022251656,0.844471311649393,0.583687511538897,0.581229902727116,0.644986607330992
52,"H3_k40_lam50",1.68531807048447,4.60378168754776,3.01214172047709,3.48242155441601,1.68531807048447,"0.35 -0.05 -0.18 0.39 -0.82 -0.54 0.44 0.32 0.34 -0.07",0.705784695151596,0.873759230511463,0.628367326199861,3.23634149116559,2.31755928554184,1.1706441390077,2.18839647795544,2.28416029274877,0.991676884984642,4.02368679598868,65.1708742634977,0.937460318309724,0.809288525362337,0.863440994838165,0.892387622748533
53,"H3_k40_lam50",4.08621044460205,4.58455708115304,3.01313288690085,3.39115644281623,4.08621044460205,"1.04 -0.08 -0.85 -0.94 -0.08 0.37 -0.24 1.04 0.22 -0.2",0.708253037041921,0.87906418567516,0.627392926916209,3.2395888397539,2.15171514864206,1.17719001949818,2.30673906179416,2.29444863452281,1.00011300935435,4.09114909454994,65.799216212427,0.520348365152917,0.21041876460253,0.289834234678706,0.357360476423827
54,"H3_k40_lam50",4.24141012838515,4.65525309462524,2.97078530677404,2.99984480723941,4.24141012838515,"0.92 0.17 -0.73 -1.28 -0.09 0.35 0.58 0.75 -0.03 -0.42",0.873446684373204,0.921629920585643,0.68787894450422,3.40578978884355,2.24246401494356,1.32516595434117,2.44325000779697,2.97477579873751,1.034144517095,4.18434222151952,64.2420535465233,0.503964390872067,0.179433717518363,0.185262073960793,0.24301812526514
55,"H3_k40_lam50",5.38690825249247,4.89971992093913,3.29820257481649,3.88665248379684,5.38690825249247,"0.88 0.59 -1.72 -0.3 0.08 0.17 0.38 -0.04 0.82 -0.6",0.812483354657471,0.912574815505059,0.664960600967503,2.72705338691287,2.23925241912563,1.26265993658165,2.29909272401959,2.21568548412898,0.975050047893457,3.8823961207845,64.6388251391241,0.358578053092098,0.110010281442862,0.197750547765527,0.256438990892379
56,"H3_k40_lam50",4.2718986874469,4.66021535955038,2.97456028306077,3.24043864030757,4.2718986874469,"-0.37 -0.26 0.75 -0.88 -0.11 -0.24 1.1 0.39 0.21 -1.12",0.929531013790069,0.937363410773546,0.704133977865534,2.99151759013134,2.32107791967827,1.36982913165064,2.45725887824832,2.78070837832561,1.01570256065275,3.98403888815206,63.5373515361812,0.497382645049353,0.176063444840613,0.228945461892238,0.290814526850064
57,"H3_k40_lam50",1.29620470860364,4.92408789794698,3.27349577407776,3.66168857807587,1.29620470860364,"0.27 -0.28 -0.43 0.34 -0.55 0.18 0.34 0.51 -0.12 -0.36",0.956774608661092,0.892173313707528,0.731366452371088,2.59659332312606,2.29986279182478,1.36009781923888,2.41338974630095,2.48435456058594,1.02398223341281,3.75625393932744,63.8775162106527,0.977590761579924,0.923080337371911,0.943000107382617,0.95661423841775
58,"H3_k40_lam50",2.93840612774848,4.71027608161021,3.04130865544879,3.37035546699774,2.93840612774848,"0.54 -0.69 -0.2 -0.35 1.07 -0.74 0.38 -0.16 0.35 -0.09",0.846852573934132,0.913902581587139,0.679687342914209,3.04192212577692,2.23323807173148,1.29451223660483,2.36465159593411,2.57605958192137,1.00934222307266,3.86824304903097,64.6008046108448,0.756301027234102,0.459159486238009,0.533689784860509,0.600419901959498
59,"H3_k40_lam50",3.76579207608898,4.6681901536203,3.10600034368755,4.07747647108913,3.76579207608898,"-0.6 0.73 0.03 -0.4 -0.91 1.16 0.27 -0.11 0.15 -0.65",0.881157902339576,0.860733543653124,0.715348711741126,2.1690545167576,2.27263484755983,1.27354755762858,2.2066056901461,1.91127952804631,0.977515000584382,3.27208213961992,64.4128165031717,0.592295600427939,0.286180362953311,0.489099253345336,0.557461389329254
60,"H3_k40_lam50",2.57216396791633,4.76110214780102,3.02902404103095,2.86775158398651,2.57216396791633,"0.4 -0.94 0.66 -0.31 -0.52 0.26 0.7 0.07 -0.02 -0.4",0.807246088847305,0.895560382800491,0.66953354574076,3.88947911362267,2.28735065440887,1.26538455341572,2.39597239513837,3.13976680212518,1.04558307974455,4.04295640373387,64.6135829235305,0.825410324619444,0.556472508122641,0.514022979658585,0.582027896556938
61,"H3_k40_lam50",4.27635752841563,4.76600875677534,3.21484485557907,3.44667443962582,4.27635752841563,"0.66 -0.75 -0.58 -0.03 -0.02 0.49 0.5 -0.32 1.04 -1.13",0.732732046346462,0.887890157043267,0.636498037424337,3.30260394486434,2.2977834204892,1.20040963287652,2.25750320898542,2.41992374679234,1.00086202957587,4.09804783268681,65.2551349956698,0.514392849009337,0.223344723275478,0.269798323337342,0.335664485035411
62,"H3_k40_lam50",5.38136839430099,4.63245965138235,2.87294288272276,3.12884633305057,5.38136839430099,"0.36 -0.06 -0.12 -1.39 -0.25 0.38 1.26 0.31 0.41 -1.11",0.805648761407663,0.864957226578699,0.681574293953087,3.33713428536049,2.21735980062818,1.24108123198841,2.40183353358601,2.68855810365172,1.04172323662927,3.85861512421821,64.5339483526674,0.317007959626298,0.0607130826883149,0.0908737374135562,0.130259789143842
63,"H3_k40_lam50",4.02895998403921,4.77989058575011,2.92340002282635,2.56949641073365,4.02895998403921,"0.65 0.06 -0.97 -0.35 -0.39 1.17 -0.39 0.44 0.46 -0.67",0.845112477533434,0.917398540028285,0.67753653693801,4.35223748724086,2.28735168887768,1.30903028739279,2.48962539118016,3.67813020565601,1.05651444188982,4.28112660466966,63.985258598229,0.562266356537097,0.200507582707108,0.129976946779108,0.17852362007452
64,"H3_k40_lam50",6.23297383160931,4.66037597729163,2.97992435753736,3.51292304802098,6.23297383160931,"0.74 -0.28 -0.4 -0.15 -1.62 0.9 0.78 0.88 -0.09 -0.77",0.852203416174335,0.923980612207224,0.677978601848035,2.87012683427867,2.27836077569046,1.30100000698894,2.40668310377895,2.44593189302592,0.990167729294835,4.01731834552251,64.1172096560391,0.219229069875145,0.0338008396080924,0.0801933731662829,0.116378168375456
65,"H3_k40_lam50",3.41972232069088,4.67879381208544,2.80028776570557,2.59673213725699,3.41972232069088,"0.59 -0.44 -0.74 0.18 -0.61 0.99 0.39 0.09 0.22 -0.87",0.961855815821446,0.8977767103765,0.731038353710825,3.71021184031976,2.26957459626719,1.38172805756845,2.52474650945655,3.56868883654115,1.07909874525056,3.83970216014608,63.3225010768068,0.660801802920333,0.280991400852975,0.229543554669935,0.292393504460571
66,"H3_k40_lam50",2.59545591567316,4.65369211524702,3.03543537242986,0.515958723615992,2.59545591567316,"0.28 -0.11 -0.65 -0.16 -0.1 1.02 -0.64 0.6 0.14 -0.47",0.886953725349847,0.876593522959553,0.711248504861744,20,2.15995175982261,1.29869771729214,2.35471033217003,17.7390745069969,1.02083327132685,3.63461743971083,64.5917362233242,0.811126639558488,0.552722998729847,8.06880504755636e-06,2.98207358122582e-05
67,"H3_k40_lam50",1.33604929685305,4.77717922110684,3.09177609344619,3.53546997888101,1.33604929685305,"-0.38 -0.04 0.53 -0.59 0.34 -0.29 -0.06 0.38 0.28 -0.36",0.935129674815099,0.940245191220674,0.705175361332464,2.75773414944767,2.29288697102331,1.37076742951886,2.47290415434364,2.57883903839949,0.996534025341658,4.04943066589125,63.521622166018,0.972417890052479,0.90080693106081,0.92983193007881,0.94617772564653
68,"H3_k40_lam50",4.26202581355451,4.69745370895817,2.93815333636146,3.31131543226954,4.26202581355451,"0.65 0.89 -1.03 -0.6 -0.41 -0.02 0.49 0.42 0.65 -0.8",1.01911140040491,0.937936289539458,0.735803718333202,2.76782385586915,2.47716647944767,1.43580056230803,2.51519168363215,2.82072084582892,1.02137011453707,3.84172712746315,62.5690840534327,0.505645065815942,0.170379646646958,0.24488623034637,0.308497024696373
69,"H3_k40_lam50",1.59505087717637,4.75052307644564,3.18901658469591,0.636048722205058,1.59505087717637,"0.65 -0.75 -0.15 0.42 -0.19 0.17 -0.24 0.19 0.31 -0.4",0.830088818319831,0.947803165311812,0.658846656110184,20,2.33655679265338,1.30375456227714,2.37099241073145,16.6017763663966,0.989042624324601,4.24551789700272,64.3243843398511,0.952393902335548,0.854836203796986,0.0127407527991465,0.0225825980167641
70,"H3_k40_lam50",5.59287576272819,4.89005897534874,3.26667090160473,3.9272658695344,5.59287576272819,"0.24 -0.04 -1.31 0.48 -0.55 0.13 1.67 0.1 -0.51 -0.46",0.912513749661151,0.910988433967129,0.707698011407213,2.44843681645434,2.30423720911094,1.33296436687224,2.43276670748825,2.23423226019116,0.991995128818842,3.73507148223113,64.6633030879938,0.328790186912447,0.0908387288845383,0.181258125066984,0.238119349930888
71,"H3_k40_lam50",7.93350645551942,4.70138242868432,2.92027364019964,3.01513659948216,7.93350645551942,"0.49 -0.26 -0.45 -1.16 0.4 0.46 1.36 0.75 -1.81 -0.12",1.14522330390306,0.929966159114148,0.776289058352227,2.79808755423853,2.48386261418818,1.53521651406029,2.59333103034761,3.2044350734751,1.06102319410864,3.61377770698756,61.8800172947106,0.0982026646984582,0.00620243990722169,0.00822784846963387,0.0155424071928332
72,"H3_k40_lam50",4.44450431991424,4.68195299613229,3.05728117661674,3.39775419161712,4.44450431991424,"0.42 -0.25 0.39 -1.25 0.6 -0.5 0.76 0.83 -0.66 -0.41",0.946885607801248,0.926966326170951,0.71458304251607,2.78738570453433,2.42861139881061,1.37442852554954,2.41752261673793,2.6393354070145,1.01153764244774,3.88057646300002,63.3443867225326,0.471531861644321,0.169568527975762,0.234137190097959,0.297053354978502
73,"H3_k40_lam50",3.23527580414217,4.78582404000113,3.07925082043173,3.44123104553254,3.23527580414217,"1.25 -0.64 -0.09 -0.36 0.03 -0.65 0.07 0.71 0.34 -0.27",0.919750216917324,0.910816407344989,0.710549249391333,2.84418202850116,2.16037707965861,1.34575427825706,2.46134990739024,2.6159370376663,1.01715806198027,4.01795486669138,63.6357955583945,0.711172902340824,0.393377628399891,0.478110782543486,0.547534054721948
74,"H3_k40_lam50",4.80852589387413,4.68760869275555,2.92899507268075,2.9620999833927,4.80852589387413,"0.51 -0.13 -0.95 -0.13 0.17 -0.81 1.29 0.78 -0.18 -0.79",0.995026388679697,0.919127344042602,0.734567386045215,3.1201051141956,2.28782607347707,1.41269706346838,2.58672503881864,3.1045869240791,1.05295801280145,3.90424888629338,63.4979472732516,0.412419049780648,0.108080519448604,0.113227876857925,0.158597967842009
75,"H3_k40_lam50",3.79723519850143,4.66509780553558,2.9188881065031,3.04446456451303,3.79723519850143,"0.45 -0.55 -0.14 0.48 -0.99 -0.1 1.07 0.15 0.36 -0.87",0.940434140147291,0.91908730618958,0.715177064358745,3.17302403050985,2.32792264260945,1.37065408128874,2.47702737583733,2.98402012579922,1.03791519333051,3.79780910182629,63.4432432690542,0.586448938708973,0.237708945934469,0.266077326620293,0.331663007495623
76,"H3_k40_lam50",1.6605210799738,4.76266024859763,3.30606067219409,4.46011512511677,1.6605210799738,"-0.15 0.09 0.05 -0.3 -0.14 0.34 -0.6 0.99 -0.12 -0.24",0.901471632391767,0.881924880277034,0.714814025292849,1.91086231139411,2.25151681286792,1.29266899099165,2.32114592582604,1.72258816712835,0.940672980165776,3.64792429567789,64.5137593432224,0.946125204740636,0.853689233717014,0.932782134196983,0.948545481239468
77,"H3_k40_lam50",4.7458702711293,4.76857769460935,2.96441131905423,2.87534774819799,4.7458702711293,"0.09 0.05 -0.22 -1.42 0.91 0.53 0.62 -0.42 0.46 -0.9",0.965839269374943,0.918028134726563,0.724819225593283,3.40895293225938,2.40877856720565,1.39288614633591,2.49952111366041,3.29250060942697,1.05690440031252,3.77959146658025,63.1612526017984,0.434900397676815,0.119819058522293,0.107030319444913,0.150564482560224
78,"H3_k40_lam50",4.60830775270032,4.73319129204267,3.27334001765785,4.41998894520038,4.60830775270032,"0.31 -0.74 0.35 -0.05 -0.85 0.73 0.09 -0.07 1.11 -1.15",0.917620643148696,0.860758541650523,0.729343170503746,1.87149890809657,2.2730101313823,1.29284896548026,2.29870760715978,1.71732603169966,0.952421102886174,3.58465965630913,64.4060649635697,0.452461611609193,0.187287344507109,0.39716208854305,0.46748445010996
79,"H3_k40_lam50",6.0209267205222,4.78464038335733,3.30910318049669,4.04901642266816,6.0209267205222,"0.51 0.03 -0.58 -0.43 -0.11 -0.78 0.38 1.99 -0.64 -0.3",0.62829189591222,0.874957628731029,0.583278569561955,2.87008022785154,2.34569185176709,1.11028099268147,2.13730917180956,1.80324814777702,0.940384358331202,3.82495953938595,66.1444142451399,0.260052480590611,0.0704132602031384,0.157426571940367,0.210629377831931
80,"H3_k40_lam50",6.33950955958902,4.57817544503596,3.02829134403542,3.72044990895608,6.33950955958902,"0.21 -0.24 -0.21 -1.06 -0.1 0.29 1.37 1.15 -0.98 -0.91",0.816444025978048,0.924256402690613,0.662042658138265,2.65418191524386,2.2772596929411,1.2717552058732,2.26470842288089,2.16699096855982,0.965945975657006,3.86256057328674,64.6369778302358,0.197867600193867,0.0344200241746754,0.0959452489894521,0.135925778279282
81,"H3_k40_lam50",12.9323796041005,4.78675379448677,3.17358936941207,3.5428786354174,12.9323796041005,"0.62 -0.66 -0.73 -2 1.7 0.3 1.42 0.42 0.04 -1.55",0.766507622178416,0.871775238205209,0.660310040329981,3.05504991703662,2.27776978989034,1.21447527071173,2.31956468102522,2.34171904754411,1.01923723748013,3.80593990157473,65.5610908496773,0.00637360327085956,0.000102353521051812,0.000456441605529267,0.00115321432875015
82,"H3_k40_lam50",3.93441727434733,4.69623090740615,2.84231013479398,2.75377792634561,3.93441727434733,"0.06 0.75 -0.7 -0.6 -0.62 0.46 0.38 0.85 0.24 -1",0.873717538951934,0.869586836886677,0.708780257643884,3.71791147983015,2.28783553573461,1.29805650184456,2.43043786917699,3.24840446819834,1.07239884005215,3.75849118342643,64.3287208580807,0.566816049758344,0.197666772749985,0.179017326944571,0.236034056007104
83,"H3_k40_lam50",2.81968634513041,4.74455805033467,3.08216639833459,3.38262415401332,2.81968634513041,"0.62 -0.34 -0.62 0.35 -0.48 0.2 0.01 0.82 0.26 -0.89",0.979503991642118,0.886924006589503,0.74126986846653,2.70287049168672,2.41104353566711,1.37711560495932,2.42296139625253,2.64747243549883,1.03846264361049,3.59606362064821,63.4018219253852,0.780258096787876,0.499450704303169,0.568100254565839,0.632790437284642
84,"H3_k40_lam50",2.953495057368,4.82898680890866,3.07253668616221,3.27975204568931,2.953495057368,"0.73 0.76 -0.63 -0.8 0.19 -0.68 0.15 0.27 0.32 0.33",1.13570493249394,0.923389133471899,0.775903684891328,2.61972906264252,2.43152927659207,1.51900875803654,2.59954764192729,2.97523921824082,1.04551045608488,3.87502299234732,62.1305499853856,0.766632942559161,0.462533152829814,0.511520527457498,0.579681856043752
85,"H3_k40_lam50",10.6524980808862,4.86451863246529,3.30809048679146,3.7425131995003,10.6524980808862,"0.39 -0.15 -0.82 -1.1 -0.31 0.36 1.69 0.96 0.5 -2.09",0.721370457844497,0.876960134879922,0.635270551891298,3.0586101723993,2.21740598508723,1.18299689659149,2.24348465692461,2.20639102043152,0.992363751044969,3.95908882052423,65.5019920213158,0.0261332611796181,0.00129576563847378,0.00445547252033496,0.0089802313023517
86,"H3_k40_lam50",3.63235228231027,4.75152054746633,3.25392521012204,4.172110870468,3.63235228231027,"0.24 -0.1 -0.72 -0.56 0.06 0.5 0.47 0.95 0.06 -1.16",0.717639886029957,0.868551257162706,0.636955840700866,2.47672509396812,2.23304042937042,1.16307010315474,2.16662163527838,1.77739671416282,0.953597711626461,4.01010906793365,65.7358728793347,0.632255771169956,0.347072956397653,0.534959719419948,0.601651237526615
87,"H3_k40_lam50",1.78956915210327,4.76361694001048,3.1047492336607,3.55763924744292,1.78956915210327,"0.48 -0.03 -0.47 -0.4 0.09 -0.34 0.28 0.93 -0.31 -0.15",0.995316982812375,0.916181080808635,0.735750706516956,2.55989916924597,2.35626484981442,1.40198418420234,2.46637654323203,2.5479111174378,1.01346609976065,3.65122610326494,63.1446421841018,0.933090454844433,0.796474687738388,0.850657554386058,0.881854076927392
88,"H3_k40_lam50",5.64114369140809,4.74247657414618,3.10857182664411,3.86106270279267,5.64114369140809,"0.36 0.29 0 -1.61 0.11 0.51 0.41 -0.53 1.25 -0.73",0.680416813940556,0.821012941446944,0.638100684853035,2.87844339425158,2.20273061476692,1.11665715317971,2.16681591613381,1.9585412834249,1.00202856310474,3.70733446848773,66.067546920894,0.299668011115752,0.0700621877326344,0.167849706560456,0.222095229258546
89,"H3_k40_lam50",7.57453971772789,4.80604764414632,3.08543591257753,3.61791015395626,7.57453971772789,"0.9 -0.34 -1.72 0.36 -0.4 0.63 0.95 0.52 0.12 -1.35",1.03610319314405,0.914544557482701,0.749717276370913,2.44536905159467,2.26707943574067,1.43136874680901,2.6037624818069,2.53365468277287,1.02013257847051,3.87921673639306,63.5320205272807,0.126966740327806,0.012746133817737,0.0351189988327624,0.0563990722911858
90,"H3_k40_lam50",3.02024253834255,4.75244013548689,3.11577354781963,0.514892350521543,3.02024253834255,"0.19 -0.4 -0.21 0.47 -1.14 0.65 0.63 0.37 -0.33 -0.43",0.973786537641264,0.980038122980618,0.704840668000771,20,2.30288648483627,1.41852760013292,2.46705584928361,19.4757307528253,0.96542876489592,4.18348160913596,63.5297598695984,0.743082945218832,0.455363051622801,8.17185812795884e-07,3.73237523287884e-06
91,"H3_k40_lam50",4.12544914637414,4.69698460106088,3.09175665715696,3.78254833245558,4.12544914637414,"0.67 -0.62 -0.11 0.43 -0.32 -0.84 1.13 -0.69 0.71 -0.14",0.825166466595183,0.900610942320597,0.675549525055303,2.62485237076398,2.28376537501525,1.26362804076053,2.28412128795058,2.16594015611731,0.98167336264043,3.67709735606661,64.878252548921,0.531055503274539,0.220743055799306,0.362625136804224,0.43233978130953
92,"H3_k40_lam50",8.12739561141904,4.75708140958206,3.27250922572481,3.9648486321483,8.12739561141904,"1.32 -0.07 -0.78 -0.46 0 -0.57 -0.67 2.11 0.01 -0.56",0.793537798477413,0.921877755231069,0.652380851367552,2.60417123257588,2.39127328719167,1.25214194710309,2.26721579732597,2.06650830675647,0.951576987721818,3.97553868119048,64.586475478912,0.0918435156401746,0.0115390004748395,0.0400407600210404,0.0630789544406962
93,"H3_k40_lam50",5.5289777243111,4.83867069882221,3.16120829061657,3.77527081893659,5.5289777243111,"-0.3 -0.62 -0.71 0.41 1.05 -0.38 0.58 0.35 0.48 -1.56",0.742482610847084,0.881186195715426,0.64435460448852,2.936093440609,2.3019589771496,1.19757835970808,2.25384835433613,2.17999832347436,0.989690670906115,3.84087987068889,65.4017026634182,0.32952419128963,0.0825836048784719,0.165781968850709,0.220164095959962
94,"H3_k40_lam50",2.72779455023662,4.72220743690147,2.99569767450788,3.40855648405424,2.72779455023662,"0.47 -0.25 -0.34 0.32 -1.03 0.07 0.91 0.01 0.33 -0.49",1.03030214055614,0.912289878842498,0.748683190094219,2.60643284543717,2.3871833042622,1.42850437838315,2.54951189846252,2.68541333986976,1.02895409938531,3.80929086831731,63.1616724850343,0.794859679104088,0.504555128616492,0.597193270975757,0.659790648478762
95,"H3_k40_lam50",5.41842480122762,4.78409012026941,2.95808202934217,2.48874861747766,5.41842480122762,"0.59 -0.61 0.05 -0.92 -0.78 0.78 1.07 0.53 0.08 -1.1",0.956462882066427,0.903595276558231,0.726911007423383,4.01811443278628,2.37863162611279,1.38531406956606,2.57995951193133,3.84317731085547,1.08933109806986,3.92984265815371,63.363627178325,0.33620624260443,0.0676082894772945,0.0271565427336742,0.04523165591639
96,"H3_k40_lam50",5.7560979520129,4.70698219654674,2.84260091706777,3.11192952995792,5.7560979520129,"1.28 -0.91 -0.87 -0.45 -0.11 0.94 0.66 0.33 0.06 -0.93",1.07358582137745,0.931451943952727,0.755336967672519,2.81411436763646,2.29859006476021,1.47497354885535,2.68064423510656,3.02119328482906,1.04069561294084,3.88209766126396,62.6806833950057,0.279798670384145,0.0410271948441276,0.065855052130574,0.0981574124230261
97,"H3_k40_lam50",2.79625111104042,4.77373824753125,3.17528921430284,3.48477644963963,2.79625111104042,"0.26 0.23 0.06 -0.43 -0.35 -0.49 0.45 -0.41 1.27 -0.38",0.880222101248048,0.941163738350604,0.683065499600155,2.9476510867371,2.23501172764387,1.3331377053788,2.40123232495169,2.59458763331382,0.989963512684017,4.10656930408073,63.530907143916,0.78794832945041,0.529216231119246,0.594114426590151,0.656755627666223
98,"H3_k40_lam50",4.70679729099017,4.80258967150963,3.18018829152388,3.57451387132003,4.70679729099017,"0.41 -0.3 -0.6 -0.59 -0.25 0.11 0.97 1.03 0.24 -1.27",0.698441257597387,0.884197029367696,0.619858020831587,3.33974537455542,2.22216741330133,1.17512600898766,2.21143046762215,2.33261595945955,0.996320556509813,3.98290436707416,65.7753927779797,0.446104445080197,0.159387606237702,0.230052097253161,0.291903801390352
99,"H3_k40_lam50",2.90835950209042,4.77839850699325,3.16937629854674,3.33321295220331,2.90835950209042,"0.64 -0.2 -0.05 -0.14 -1.15 0.61 -0.17 0.74 0.23 -0.31",0.861231747299892,0.904839586032843,0.689436757344146,3.10020499355623,2.19718268646556,1.30248002854126,2.35850261201197,2.66999496358828,1.02161043146964,3.99392140493485,63.9232980890563,0.769463790706115,0.49858455880802,0.534509147078638,0.601386757640888
100,"H3_k40_lam50",4.84361458910087,4.72176727052191,3.1494063919906,3.57602533371417,4.84361458910087,"0.65 -0.67 0.54 -0.79 0.01 0.42 0.57 -1.4 0.74 0.21",0.883591397133238,0.927974076017932,0.689576006944053,2.78038250527813,2.40774525114112,1.32557371354615,2.42711855929642,2.45672206240352,0.989478001191779,4.16772411578156,63.7925555262483,0.411011930365055,0.139689391133319,0.212073077552403,0.2721250380699
101,"H3_k40_lam50",2.29573923226499,4.75085950593615,3.11467280804479,3.49486189166286,2.29573923226499,"0.45 -0.01 -0.72 -0.7 0.7 0.03 0.22 0.45 0.09 -0.58",0.901798619697865,0.922884220838986,0.698888961581441,2.81230641267636,2.39130090570323,1.33793997638976,2.40895357768413,2.53613404111899,1.00359975985318,3.83555404214174,63.8038338062171,0.867198590829317,0.655860011005798,0.724042646254013,0.773746188626167
102,"H3_k40_lam50",2.11748475457997,4.79426881422497,3.26264266231084,3.83825263846287,2.11748475457997,"-0.39 0.76 0.1 -0.39 -0.73 -0.02 0.27 0.42 0.42 -0.52",0.755087122892594,0.88901472964204,0.647361983772375,2.75887034585019,2.29007191245879,1.20795124447117,2.24267450542455,2.08318747188171,0.97660565815872,3.8481196734299,65.4288946473399,0.895449209214093,0.734159164552239,0.813753111577096,0.851023569945689
103,"H3_k40_lam50",5.63428910307346,4.90765196116556,3.23597029486449,3.73122383136014,5.63428910307346,"1.06 -1.13 -0.3 -0.38 -0.83 1.22 0.74 0.27 -0.26 -0.37",0.823569276416099,0.875574429216436,0.685143752465049,2.79317317278265,2.30285423139935,1.25202548979503,2.35589148320638,2.30037160881347,1.00948973268452,3.77383471062349,64.7209623734392,0.326063951612092,0.0846176379945764,0.149261948141484,0.201128544717661
104,"H3_k40_lam50",3.56306518878876,4.56534803591027,2.91520004894913,0.550065101640029,3.56306518878876,"0.75 0.11 -0.69 0 -0.68 -0.44 -0.07 1.01 0.77 -0.48",0.829075051460697,0.90120611369499,0.677041239730889,20,2.20776989431199,1.27925883241566,2.44258936303109,16.5815010292139,1.02928263334705,4.12100356695191,64.7997975022249,0.616149333634293,0.28042899882525,1.00494123023154e-07,6.09985102428823e-07
105,"H3_k40_lam50",10.4228608522244,4.80797571962632,3.06546178467881,3.54352096624645,10.4228608522244,"0.63 -1.05 -1.4 1.09 -0.62 1.73 -0.23 0.71 -0.03 -1.36",0.961801726855022,0.895200983758282,0.731996292755859,2.61843112205195,2.24468067119233,1.3661010818821,2.4677887598937,2.5184115748405,1.02510763379684,3.68072743392745,63.6681017025057,0.0278676217675853,0.000790901141975553,0.00338508921719849,0.0070120817840843
106,"H3_k40_lam50",2.09035969662099,4.77834044594204,3.06607612261097,3.63462774168767,2.09035969662099,"0.22 -0.53 -0.54 -0.04 0.23 0.65 0.14 0.59 -0.6 -0.51",1.05202995167767,0.95806600193274,0.739353823300681,2.50496528289244,2.31721066576735,1.46683003739127,2.59505402759106,2.63529850551558,0.994613076559357,4.1898321137487,62.7672279349943,0.897148479935899,0.706213880039793,0.791797512403291,0.832163416483769
107,"H3_k40_lam50",4.78558305930972,4.75257619118206,3.17704260235158,3.82997956516591,4.78558305930972,"0.82 -0.45 0.08 -1.49 0.5 -0.22 0.54 0.78 0.23 -0.67",0.802266024660145,0.868134137703487,0.678696312300428,2.59609712526453,2.33650919929422,1.22845779157361,2.22807479477203,2.08276052031761,0.992682524453704,3.72028794343676,64.8161165184213,0.426686047671594,0.149965254972985,0.264779337276027,0.330815786675478
108,"H3_k40_lam50",5.22377343868886,4.74409732990993,3.04979430993793,3.38915635349513,5.22377343868886,"0.49 -0.34 -0.86 0.13 0.82 0.65 -1.4 0.13 0.86 -0.55",0.931843915821568,0.94659112233273,0.701533812344064,2.91985273336754,2.30571309953846,1.3744753521104,2.46569853906715,2.72084700468351,1.00286453611551,4.15309302020163,63.6328090863258,0.356871863300687,0.0905251178223653,0.140004573450406,0.18947750639809
109,"H3_k40_lam50",9.19713056256961,4.88269217030508,3.15047090170748,3.38907791006975,9.19713056256961,"1.41 0.33 -0.95 -0.67 -0.05 -1.34 1.12 -0.33 1.57 -0.39",0.884047548632747,0.89415000749157,0.703078154800919,3.00044202667358,2.40736053211678,1.31253424786452,2.47585974656096,2.65253341849545,1.03246747985434,4.0229938250083,64.2883158212508,0.0583390505493944,0.0032129505438987,0.00598404352367887,0.0118132922465308
110,"H3_k40_lam50",5.61032489167434,4.72147753183374,3.25083570760297,4.01185056660494,5.61032489167434,"1.08 -0.87 -0.2 -0.35 -0.25 -0.46 0.36 1.04 0.86 -1.14",0.796289920688692,0.924863301813311,0.652466605318765,2.50563145676904,2.30412150927858,1.25396651771469,2.28485847323967,1.99520907398571,0.944766757295415,3.83056196018198,64.9437733212594,0.30061191665421,0.0880343622848488,0.191946569538079,0.250193371417033
111,"H3_k40_lam50",8.10444833307674,4.85199901656524,3.16338828162508,3.38645805656527,8.10444833307674,"0.35 -0.7 -1.1 0.31 -0.38 0.94 0.74 1.01 0.05 -1.89",0.810980921769296,0.91617684650878,0.662810796080694,3.28628816623197,2.3212569497248,1.27439592441423,2.3724919690866,2.66511700625033,1.01414693324739,4.18858295575766,64.7356683073775,0.101788661320276,0.00933705026263354,0.0167048401840992,0.0288768444652769
112,"H3_k40_lam50",3.69244864655359,4.52195700772853,2.95501374815116,3.5898379462627,3.69244864655359,"0.42 -0.73 0.29 -0.48 0.52 -0.97 1.1 0.03 0.18 -0.46",0.895282066234354,0.904173154812408,0.70360438568408,2.55014292590342,2.30827211333244,1.31731176379306,2.31946369908807,2.28309722789573,0.992287490777435,3.75941112073557,64.0540346776705,0.584151042130193,0.26488914041618,0.407056126217544,0.477174959427162
113,"H3_k40_lam50",5.71275658378571,4.83992849911869,3.22091779421465,3.95621424368206,5.71275658378571,"0.02 -0.54 0.83 -1.54 0.45 0.34 0.1 1.18 -0.69 -0.43",0.916761852718494,0.918516452100974,0.706430436010378,2.4256751341159,2.30834843243319,1.3387422479176,2.36969013261563,2.22376643004527,0.976989518903591,3.8675783047364,63.9285096456681,0.305309408287092,0.0786094185221079,0.174694095424574,0.229816670504586
114,"H3_k40_lam50",4.50624235284894,4.61089312890706,2.83275996999389,2.95252973711357,4.50624235284894,"0.64 -0.29 -1.15 -0.3 -0.15 0.36 1.07 0.77 -0.34 -0.78",0.780177759110985,0.896733746958222,0.656374767899149,3.76554312246969,2.25193686984315,1.2456836411737,2.41541725456113,2.93779299512419,1.03370408270608,4.29528105181826,64.6921342994162,0.448319280436193,0.122912075403574,0.144692540414646,0.195301686220844
115,"H3_k40_lam50",4.31360869875823,4.84618424434299,3.03062663954427,3.12790977215322,4.31360869875823,"0.21 0.33 -0.34 -0.62 -0.65 0.04 1.23 0.47 0.25 -1.21",0.916318929605637,0.923954391176474,0.704166869692062,3.31646952526247,2.39130615293182,1.35828322384269,2.47694839950255,3.03894380545823,1.03989882059591,4.2033065730622,63.4459696876375,0.52072142927812,0.180933626747293,0.200714729499956,0.260071927515188
116,"H3_k40_lam50",3.16697785248144,4.77661334599009,3.08351411198556,3.29170365345678,3.16697785248144,"0 -0.57 -0.32 -0.47 0.52 0.93 0.42 -0.09 0.13 -1.09",0.813304123543663,0.921511272025248,0.661715842283764,3.34155867756412,2.31580273556969,1.27859187518681,2.33191296091734,2.71770345152601,1.00985678682102,3.97110188048872,64.7032666569465,0.721458668373926,0.411020714004968,0.458744961808428,0.528289939694873
117,"H3_k40_lam50",6.83716751122193,4.78603631327262,3.22726016916673,3.66746525817938,6.83716751122193,"0.47 0.88 -0.86 -1.69 0.29 -0.35 1.36 0.33 -0.03 -0.26",0.622344088831387,0.864449913903594,0.584267720840935,3.41455187676415,2.14470533935665,1.10775526303904,2.14300899666658,2.12502617651229,0.972715001670201,4.06017144371389,65.6088790004416,0.178748147297666,0.0314969056780019,0.0635455627363076,0.095050909015538
118,"H3_k40_lam50",4.70284788939639,4.63164158240226,2.96781367537383,3.44379267088845,4.70284788939639,"0.85 0.1 -0.29 -0.02 -1.2 -0.91 0.79 0.97 0.22 -0.03",0.904189289671446,0.902434804541192,0.707793147182781,2.75933002503329,2.24951457716847,1.32766780073229,2.45045011010803,2.49495665530395,1.01408973850815,3.78109501145364,64.0450669904528,0.418981963920057,0.124307219403563,0.20690287674702,0.266555287036689
119,"H3_k40_lam50",3.82005921940408,4.75475263841019,3.10528116367871,3.82167227655229,3.82005921940408,"0.33 -0.75 -0.05 -0.17 0.61 0.57 -1.04 0.54 0.56 -0.85",1.04251940222325,0.978887108509435,0.72900483783905,2.38697556377347,2.3131993704619,1.46760967097485,2.52187897215124,2.48846833786662,0.968610200527615,4.04834695936729,62.7311353442757,0.59437721493626,0.275677141546031,0.427261632887471,0.496675257974021
120,"H3_k40_lam50",5.70796411801778,4.8219175236361,3.09900443137213,0.520330231652063,5.70796411801778,"1.55 -0.66 -0.66 0.08 -0.97 0.08 0.45 0.71 0.49 -0.72",0.921235275712832,0.880858536354495,0.722768439534708,20,2.38087594447274,1.33376980896374,2.40201064884701,18.4247055142566,1.04603037758151,3.72167510782118,63.778530143634,0.30333279651381,0.0656902980384089,0,0
121,"H3_k40_lam50",1.73519586021689,4.72900195034799,3.12067554570616,3.28181397599627,1.73519586021689,"0.59 -0.47 -0.34 -0.22 0.08 -0.34 0.91 0.07 -0.01 -0.21",0.83149471206679,0.936294867969425,0.664021429382869,3.26667718101255,2.42700049836017,1.29958695226887,2.3974766972074,2.71622480204118,1.00237068747779,4.20655116727385,64.3468638348582,0.93772880033202,0.812748218617652,0.831565460405987,0.865984921607282
122,"H3_k40_lam50",2.61357159749366,4.67649244287339,2.97480147342919,2.98471533586313,2.61357159749366,"0.51 0.11 -0.2 -0.73 -0.56 0.22 0.67 0.12 0.66 -0.71",0.894448932598296,0.954503928987167,0.683778974177937,3.45224691498071,2.37993935186612,1.35815033121141,2.48143746577679,3.08785856817025,1.01755207355602,4.17567793252508,64.0233652365726,0.810237334900622,0.530789571852042,0.531750050767365,0.598716063731307
123,"H3_k40_lam50",5.1591073406923,4.71374992419807,3.22460338117757,3.67564808196634,5.1591073406923,"-0.18 0.2 -0.56 -0.63 -0.44 1.34 0.18 0.85 0.08 -1.27",0.673340724556427,0.83118682374129,0.62946655900009,3.05877639686401,2.18972847181236,1.11998050027853,2.10052294506651,2.05959871532051,0.996081492389436,3.60670296077377,65.2683328340676,0.362207619638456,0.119582514733198,0.189747129333437,0.247954065897474
124,"H3_k40_lam50",6.40855039806248,4.79340506129052,3.21652351305413,3.93811961110491,6.40855039806248,"0.87 -0.28 -0.03 -0.71 -1.26 0.69 0.2 1.44 0.07 -0.95",0.907059001713921,0.867712929529396,0.722605534792998,2.31614883896441,2.33877155309921,1.3030159925345,2.40155277560563,2.10088365369192,1.00390069277301,3.63507658451067,64.645599113047,0.219567902594921,0.0445386351349472,0.113876026806261,0.158517771037069
125,"H3_k40_lam50",2.923762833188,4.76584427407575,3.04162396097521,3.58431044799199,2.923762833188,"0.72 -0.23 -0.68 -0.57 -0.45 0.78 0.61 0.38 -0.1 -0.49",1.06535752222457,0.928928591307157,0.753718281185448,2.44841598214667,2.35945835414911,1.46168376180971,2.60220196495304,2.6084383841148,1.01513502235824,3.91601764167105,62.9748125606054,0.7637172507041,0.462443406255719,0.581699412520137,0.645244777169486
126,"H3_k40_lam50",2.87328998912588,4.82584419714971,3.14217049127046,0.661368644799389,2.87328998912588,"0.84 -0.73 -0.37 0.66 -0.7 0.02 0.04 0.21 0.59 -0.42",0.793044973201012,0.886928639547587,0.666550801672,18.4626801248523,2.32640778437537,1.23766950668427,2.30656644606819,14.6417356648323,1.00155408031275,3.81311733804854,65.0328862829917,0.781128896809459,0.501707855689863,6.8282539080311e-05,0.000203684958821615
127,"H3_k40_lam50",5.14393519756327,4.68919104689027,3.05029267471536,3.02357919928037,5.14393519756327,"-0.37 0.5 -0.33 -1.28 -0.27 1.54 0.12 0.22 0.24 -0.68",0.865204282111019,0.901439022104151,0.692458030011149,3.41378827803541,2.21035735420451,1.30815020196689,2.42303411141373,2.95362423637664,1.04607320141748,3.91776495912341,64.4975490805796,0.359782923919089,0.097375225336653,0.0952341122140983,0.13565310260951
128,"H3_k40_lam50",3.67036382159519,4.74878161887342,3.1924103459798,3.86347061902688,3.67036382159519,"0.56 -0.34 -0.01 -0.64 -0.4 0 0.65 0.68 0.55 -1.22",0.938254700776877,0.884363721930257,0.72769640740873,2.33977832949272,2.32835292160113,1.336313688932,2.38065024772678,2.19530801642241,1.00153820249801,3.56947571477991,64.0258837893086,0.623372895063146,0.325176881106923,0.468272467300008,0.537542657939309
129,"H3_k40_lam50",3.08299163725288,4.83167167551815,3.0349505135769,3.4397721826713,3.08299163725288,"0.28 -0.46 -0.14 -0.18 -0.1 -0.31 0.64 0.62 0.61 -1.21",1.01620167611133,0.93335723433864,0.736489882309672,2.72092849536049,2.55432033928619,1.43061470908336,2.51607672723527,2.76501209756442,1.01994551735436,3.99095085532928,62.5906070960696,0.743391592791598,0.419298168888595,0.51375614798822,0.581562597350484
130,"H3_k40_lam50",1.99965285706501,4.6776759389112,2.99134896420073,2.94983026945988,1.99965285706501,"0.73 -0.82 -0.25 0.14 -0.16 0.02 -0.01 0.72 0.05 -0.41",0.78098804750245,0.861778341541992,0.671520097710408,3.70794951020958,2.33915181928397,1.22539053430972,2.32719096046163,2.89586424821625,1.05261974008426,3.78961171468547,65.0376788276184,0.904108347454487,0.717745565399056,0.706792515355546,0.758670816157759
131,"H3_k40_lam50",0.972530084639012,4.84540778090741,3.13603599689797,3.22086768607335,0.972530084639012,"0.14 -0.47 0.08 0.28 -0.1 -0.28 0.12 0.04 0.59 -0.45",0.899298534182369,0.891206017026865,0.710295426570479,3.16128450129294,2.31220595125968,1.32496079470138,2.41497470825946,2.84293851814618,1.04465033436412,3.94727739282685,63.9473065904993,0.99092309199984,0.962344554871218,0.965083371423152,0.973802113902465
132,"H3_k40_lam50",4.09971591680042,4.70257398995928,3.11577311389894,3.71363024058285,4.09971591680042,"0.55 -0.35 -0.76 0.02 -0.22 0.1 1.18 -0.53 0.76 -0.89",0.910422713243652,0.940735053625061,0.695434819582633,2.59146244245089,2.42776148622447,1.3499576513232,2.40669164056857,2.35932626812516,0.978723633084655,3.89314064133554,64.049857064258,0.536523616798178,0.229846322861989,0.353626118556332,0.42317988889785
133,"H3_k40_lam50",2.77004828305798,4.68045444635978,2.90145023137903,3.05721468243849,2.77004828305798,"0.63 0.21 -0.46 -1.01 -0.32 0.05 0.73 0.6 0.08 -0.3",1.01172334284675,0.948447869933809,0.729552590431612,3.06889199041629,2.45050977216813,1.44113482394863,2.60314344449086,3.10486966337959,1.03588742286084,3.94577347871675,63.024269165303,0.782013916615955,0.467246402278099,0.505090410983434,0.573157586467211
134,"H3_k40_lam50",5.60017908935606,4.64482365854478,2.98386966963747,3.61884154914559,5.60017908935606,"0.67 0.38 -1.45 -0.71 0.54 -0.46 0.74 1.03 -0.13 -0.54",0.924175109754884,0.878935165770613,0.724620013657361,2.48670754932925,2.35646455020667,1.3250340806762,2.44941151129064,2.29815322232966,1.01401458485329,3.79472951589023,64.0597501955749,0.289933797429823,0.0601787403467042,0.136845653458113,0.186381551795205
135,"H3_k40_lam50",4.12926158861346,4.66325464874304,3.02267640657363,3.44787488004811,4.12926158861346,"0.77 0.09 -0.7 -0.45 -0.91 0.86 0.43 0.33 0.46 -0.86",0.992658950404205,0.963881871537247,0.717429411289907,2.69104436962802,2.2449952380568,1.42846648835865,2.51558009517271,2.67128927944609,0.996464544702834,4.06909245908677,63.2408890629839,0.523623012458154,0.206209554711155,0.294005751377878,0.361029377518475
136,"H3_k40_lam50",3.01705252001769,4.67156999920273,3.10872626251214,3.72768158306414,3.01705252001769,"0.53 -0.07 0.53 -0.88 -0.13 -0.26 -0.39 1.11 0.15 -0.44",0.953671633296157,0.921828772103256,0.719008647551493,2.43888067823633,2.196897874832,1.36977391774934,2.40744383690782,2.32589131982808,0.985336421093455,3.976641633064,63.1913331131028,0.736075617087199,0.454693196902416,0.587271182008717,0.650383549097416
137,"H3_k40_lam50",2.60733862786763,4.77790178121107,3.16058743198996,0.624652133429759,2.60733862786763,"0.23 0.38 -0.6 0.19 -0.27 -0.14 -0.77 0.81 0.7 -0.42",0.844515175623967,0.921050364680982,0.675819858645965,20,2.30137459498809,1.29499776857442,2.3419241568676,16.8903035124793,0.995293947397827,3.99802979524898,64.8007090783278,0.821365246751009,0.579076462330704,9.66742883765637e-05,0.000283940755349321
138,"H3_k40_lam50",5.52524606509544,4.64461205765549,2.75681854125923,2.68151671254345,5.52524606509544,"1.47 -0.3 -0.52 -0.96 -0.76 0.09 0.72 0.93 0.06 -0.33",0.829834676278533,0.865899430379388,0.691911617021053,3.96052523318005,2.26426300781739,1.26667746694661,2.49894460533923,3.28658117476892,1.07391296806076,4.03223981658976,64.5784852082774,0.2995068205665,0.0435670296934514,0.0386773440369603,0.0613372892902555
139,"H3_k40_lam50",7.18163014127893,4.70203445530308,3.236848569282,3.92869312492142,7.18163014127893,"0.35 -0.31 -1.02 0.1 0.74 -1.03 1.22 -0.01 1.02 -1.33",0.862326710258404,0.926277688152706,0.681389000741292,2.45545873953762,2.25870403961597,1.30261531054706,2.32520876835005,2.11740765704073,0.958878063644727,4.15614452237251,64.1041575481483,0.142564828593462,0.0243060070329315,0.070912401839706,0.104124388669666
140,"H3_k40_lam50",3.06055104877792,4.77484574242747,2.96148232132029,3.17465974595478,3.06055104877792,"1.01 0.24 -0.69 -0.07 -0.81 -0.45 0.38 0.52 0.48 -0.1",1.03044157938892,0.930697420278194,0.742111242612917,2.91541029620748,2.27552544533753,1.44265712947281,2.63076500939263,3.00415999019074,1.03731732338476,3.90218719379277,62.8538194224681,0.741144370229354,0.406603722720982,0.458204270432541,0.528069969682155
141,"H3_k40_lam50",5.36961629528863,4.74433030119203,3.15165154302445,3.46229457778641,5.36961629528863,"0.41 0.73 -1 0.09 -0.35 -1.05 0.99 0.85 0.22 -0.83",1.01371610778808,0.9601364257714,0.72603356492852,2.69427441009166,2.27854358955763,1.44354878944873,2.44704217064656,2.73122936831113,1.00281135366914,4.03878465487916,62.4500280398846,0.336263670916191,0.0939193142871116,0.136761365568233,0.185905489047676
142,"H3_k40_lam50",5.93977437921891,4.66148591156046,3.03269937996956,3.35095012490916,5.93977437921891,"0.67 -0.19 -0.76 0.1 -1 0.05 1.22 0.95 0 -1.2",0.847405066506648,0.899953448346759,0.685532007638374,3.01091167035745,2.26223928627824,1.28860553053765,2.35906237520077,2.5514618042649,1.01817847549923,4.03765030795236,64.2953749390394,0.251292306423241,0.048378390150926,0.0791622180536817,0.11564204559741
143,"H3_k40_lam50",2.24090389106986,4.76350786619781,2.99261524299965,0.510414768468983,2.24090389106986,"0.66 -0.35 -0.23 -0.32 -0.44 0.68 0.4 -0.54 0.57 -0.3",1.08036788000354,0.962885867865599,0.746530680005005,20,2.40027247320345,1.49840294362034,2.62292722058524,21.6073576000708,1.02719269643361,3.89260551749354,62.0398608283062,0.876140957396054,0.646257378910299,7.99867749869954e-05,0.000227097917801289
144,"H3_k40_lam50",1.0555788015277,4.75716964367449,3.09095697784868,2.88767053685707,1.0555788015277,"0.48 -0.13 -0.24 0.11 -0.57 -0.08 0.63 -0.01 -0.05 0.02",0.811392303986418,0.901524897019593,0.668973794740444,3.85759867182304,2.29680164414533,1.27159721994579,2.35780347557247,3.13002587418544,1.04240526994812,4.17791484229633,64.5328017182869,0.987314811579061,0.949818879816732,0.938255211928132,0.952901556869128
145,"H3_k40_lam50",3.68237288770048,4.64420844312751,2.95541692874571,2.85646650135306,3.68237288770048,"0.67 0.03 -0.08 -1.07 -0.42 -0.15 1.04 0.69 -0.02 -0.6",0.89634540963918,0.90381563924745,0.704166397369791,3.52263690604367,2.23442501345008,1.33433135422132,2.47168757793286,3.1574994205578,1.05563866788635,4.153219557119,63.8218455735204,0.605507806896205,0.266857469378805,0.243669900891039,0.307677312656545
146,"H3_k40_lam50",4.23314897678189,4.66351446177187,3.08577145059033,3.57911143689482,4.23314897678189,"0.62 0.08 -0.38 -1.05 0.29 -0.58 0.84 1.02 -0.14 -0.63",0.839037542543548,0.916096800357895,0.675410558652971,2.79797872703744,2.31857980291589,1.28650169091364,2.34964991326337,2.34760919522262,0.987245674609921,3.93791482843749,64.5142835723253,0.506769633547272,0.203304991782055,0.303458576334249,0.371569282503695
147,"H3_k40_lam50",4.04985393675297,4.81629768370987,3.31393559022748,3.97304246432857,4.04985393675297,"0.53 -0.7 -0.46 0.07 -0.54 0.53 0.41 1.22 -0.69 -0.59",0.959606109907966,0.933174942194733,0.716911064670801,2.3483688252218,2.30613804679551,1.37720779633751,2.42073118325212,2.25350907300023,0.967623948575614,3.897704012587,63.0682902539991,0.563093042711095,0.280530789601053,0.414070469764259,0.484096833514036
148,"H3_k40_lam50",6.64780899192515,4.70878812192596,3.05948448185437,3.59048973830882,6.64780899192515,"0.93 -0.04 -0.53 -1.14 -0.65 0.21 1.39 0.89 -0.13 -1",0.937491214857519,0.927225790028088,0.710988690309544,2.64168541278433,2.44459228260584,1.36563191440461,2.47010499635431,2.47655686690257,1.00287441462781,3.94227313990336,63.7484213440379,0.186171545061381,0.0274788548639147,0.0666222285100654,0.0987684774967718
149,"H3_k40_lam50",2.6408670595589,4.84056991431684,3.04852923435498,3.02783333981644,2.6408670595589,"0.51 -0.01 -0.51 -0.1 0.13 -0.73 0.74 0.49 0.26 -0.84",1.01526186317106,0.92952732779992,0.737562690715669,3.13504565293902,2.21438498836455,1.43361984948321,2.56190460664346,3.18289229072921,1.05129718078791,3.93466992986394,63.3618328329763,0.820078656855865,0.542028552743318,0.534452468832534,0.601221716859328
150,"H3_k40_lam50",5.94035489487894,4.91517208576116,3.23360849100665,3.51675752095109,5.94035489487894,"1.02 -0.29 -0.61 0.76 -1.6 0.13 0.19 0.67 0.6 -0.67",0.765876403459792,0.876166244609236,0.658130230387917,3.23649426555043,2.31715021058391,1.21715301616257,2.28836029842349,2.478754587918,1.01744046879094,3.72879537782008,65.0383362840394,0.288543712350777,0.0659726155187524,0.0969662593447755,0.138264628167408
151,"H3_k40_lam50",3.1783832028036,4.82535871123811,3.19389553513664,3.42474720314356,3.1783832028036,"0.6 -0.63 -0.55 -0.42 0.67 0.33 -0.28 0.9 -0.07 -0.71",0.828560344949344,0.909670433851104,0.673378750458703,3.0938246602089,2.28663496314475,1.28044034557394,2.36134404150303,2.56342042767547,1.00964423231565,4.15480397875682,64.5028610805024,0.727704676474484,0.435836964018673,0.489224949752974,0.55858295947508
152,"H3_k40_lam50",4.0412580024571,4.77173475264549,3.08547472951694,3.65649422791043,4.0412580024571,"-0.52 -0.36 -0.52 -0.03 1.07 0.24 0.99 0.01 -0.65 -0.88",0.732423792088337,0.843329091489603,0.655716794743147,3.00034872931233,2.25678535245492,1.16942944204443,2.21352190665134,2.19752679391036,1.01040629641701,3.65952826814369,65.2531072450307,0.558443055898296,0.232997379756044,0.353492550896127,0.423460769789969
153,"H3_k40_lam50",4.66251443004806,4.5807102672569,3.0158937894009,3.01422840630823,4.66251443004806,"1.11 -0.44 -0.69 -0.92 0.53 0.02 0.12 1.03 0.09 -0.74",0.931738821684055,0.957138107229151,0.697535422197287,3.25209360850876,2.37629685341196,1.38701779267165,2.55352233266867,3.0301018667982,1.02255374413034,4.29087602747929,63.9298148900536,0.416193238541108,0.137682082332239,0.13886235318807,0.187957089328805
154,"H3_k40_lam50",1.12484199244206,4.74413989449176,3.11662428329503,3.28068276473572,1.12484199244206,"0.43 -0.71 -0.1 0.25 -0.25 -0.01 0.3 -0.21 0.41 -0.03",0.745560323088584,0.866527005276757,0.652213797828459,3.44371469200018,2.40922238147093,1.19878407969058,2.26971041867422,2.56749703839256,1.02531930341134,3.84388187720917,65.2072828093788,0.984164658608428,0.941204803239248,0.94843883506932,0.960893215557524
155,"H3_k40_lam50",6.06795431414602,4.72477392441789,3.10964667105056,3.2513681093625,6.06795431414602,"0.93 0.07 -1.47 -0.9 0.65 0.54 0.72 -0.26 0.51 -0.81",0.90776567174699,0.916256280665407,0.703807656808659,3.02600989311426,2.40142327392017,1.34330552934216,2.42511680169243,2.74690790333591,1.02595598503482,4.18782399144079,63.5629255507971,0.246055597351219,0.0496762703763297,0.0630219848817974,0.0944795251326787
156,"H3_k40_lam50",7.13179447678419,4.65039949533982,2.92597993086755,3.29280440082169,7.13179447678419,"0.5 -1.78 -0.37 0.9 -0.54 0.72 1.21 -0.21 -0.33 -0.59",0.948644768012032,0.930013019371764,0.714084455651012,2.88897484591953,2.51220927271602,1.37858491528862,2.50400912057879,2.74061087249993,1.01771696473209,4.06546193620584,63.5730815783595,0.141571302977487,0.0134512967066858,0.0306337667038972,0.0494978745168213
157,"H3_k40_lam50",3.19004588789279,4.49129306784027,2.94511745738891,3.57415301561348,3.19004588789279,"0 -0.23 -0.13 -0.04 -0.47 0.2 0.64 1.09 -1.08 -0.33",1.10466315098697,0.898663126099271,0.775727450012805,2.17696038790667,2.34279227529679,1.47206309059182,2.49412163916053,2.40480792167881,1.01190507659396,3.38807342499761,62.6127055637337,0.678786518797176,0.369687756936691,0.5161217822648,0.583683363178377
158,"H3_k40_lam50",2.54519205044718,4.85215966132751,3.24264515779312,3.42414404666287,2.54519205044718,"0.97 -0.2 -0.24 -1.07 -0.05 0.47 0.14 0.23 0.2 -0.17",0.917936676139345,0.942698735779316,0.697634551743589,2.95968197963515,2.14914993188285,1.36343970779218,2.4917147469472,2.71680063881581,1.00793264142887,4.04941138244865,64.069567473217,0.837940335859162,0.614758812547274,0.648621870446359,0.706793911044432
159,"H3_k40_lam50",2.29405811282762,4.8359659926828,3.04853729794558,3.0959043342862,2.29405811282762,"0.94 -0.45 -0.74 -0.22 -0.08 0.39 -0.02 0.45 0.31 -0.42",0.768241617159656,0.894174662244787,0.651674163163534,3.75894135152162,2.32040820346112,1.23447931787425,2.34200716244138,2.88777518270127,1.02886583155721,4.01379165904467,64.7774426021726,0.874415093063463,0.642756513771668,0.651442512199501,0.709416535899705
160,"H3_k40_lam50",3.43216904972613,5.03653940279793,3.10626726446549,0.602327264079663,3.43216904972613,"0.62 -0.55 -1.01 0.58 -0.28 0.22 0.45 0.4 0.27 -0.91",0.875850038000914,0.883169806233365,0.704158217583642,20,2.41465950150095,1.30710937917155,2.43889945880948,17.5170007600183,1.06404083120362,3.79588537339472,64.6781364389779,0.706888127744846,0.355015602272149,1.54320765832772e-06,6.52860336591843e-06
161,"H3_k40_lam50",2.11588822351285,4.62164651752062,3.04544266814817,3.67716744481975,2.11588822351285,"0.8 -0.41 -0.06 -0.3 0.26 -0.9 0.26 0.49 0.2 0.01",0.984348843703473,0.951340804344813,0.719060069547302,2.43547938354259,2.42433716196202,1.40936546884102,2.46134089409889,2.39736131505379,0.980200032585716,3.90377593314368,63.5536586364806,0.884926857706556,0.695653580055777,0.792752487396165,0.833142554451744
162,"H3_k40_lam50",1.84372534440188,4.71076384607465,2.95376553794211,2.7536220106573,1.84372534440188,"0.18 -0.01 -0.08 -0.35 0.17 -0.68 0.87 0.47 -0.27 -0.37",0.845162587571055,0.874766018151702,0.69483313559082,3.8542860910861,2.33177303247247,1.2835871696295,2.35760579714347,3.25749840598145,1.07073022199455,3.87237486787328,64.0866851094461,0.924733834742775,0.755345210184013,0.714937812885123,0.765892795229142
163,"H3_k40_lam50",3.56242785583744,4.71029082340992,3.18165531561523,3.5404937114802,3.56242785583744,"0.43 -0.01 -0.28 -0.65 -0.54 0.53 0.26 1.22 -0.34 -0.79",0.820681494068213,0.92126737370665,0.665168092266862,2.9460040455219,2.2279544303939,1.27842178667825,2.29566382820101,2.41773100160991,0.987765335338158,4.13927988293749,64.3937319306321,0.639256303517791,0.345073763938585,0.424889655255716,0.495211792330418
164,"H3_k40_lam50",3.10061747393334,4.71665512714505,2.93467471087721,3.29376516404575,3.10061747393334,"0.74 -0.22 0.14 -0.28 -1.09 0.81 -0.15 0.47 0.23 -0.5",0.892398005058363,0.927646906511977,0.693282201678451,3.07716848317116,2.28912402625196,1.33837439242327,2.41581029539808,2.74605901561041,1.01927234374546,3.75429139296438,64.5362470231892,0.725652903422112,0.389067581817815,0.474780717827944,0.543743291703988
165,"H3_k40_lam50",4.93397891411037,4.89518009498173,3.04243975890911,3.33877891110794,4.93397891411037,"1.47 0.06 -0.69 -0.98 -0.11 0.08 0.14 0.62 0.54 -0.77",1.09471178615049,0.940880714518791,0.758380863256673,2.75068192030385,2.23063204482863,1.49877142318237,2.55052427305441,3.01120391810768,1.03822043298153,3.85947717314125,61.8141832971342,0.424737122766486,0.113309133365328,0.161323571441977,0.214930481533153
166,"H3_k40_lam50",3.75352591950073,4.77418909068564,3.1240836245534,3.57911365749756,3.75352591950073,"0.62 0.09 0.11 -1.35 -0.29 -0.05 1.13 0.22 0.04 -0.37",0.896930470702654,0.894420645207624,0.708096799063603,2.70352256802132,2.18663143089478,1.31687390432001,2.40177417005704,2.42487176949061,1.0125287011853,3.89706425998784,63.8891947504295,0.613150132943331,0.292763429314404,0.393993111578785,0.464835014963312
167,"H3_k40_lam50",1.74683064754107,4.71819353306752,2.98301113548911,2.77332031835056,1.74683064754107,"0.41 -0.25 -0.41 0.47 -0.54 -0.04 0.69 -0.53 0.27 0.06",0.886886096410696,0.952942886072608,0.681280013681779,3.83357839320383,2.38012398100468,1.35534403850324,2.44570159232611,3.39994737643294,1.03235448409562,4.14007227020471,64.125395415583,0.936256590768219,0.788757282769029,0.749317650763318,0.795921876756258
168,"H3_k40_lam50",1.38968102915525,4.62044188833827,2.85693672163602,0.501912441328694,1.38968102915525,"0.27 -0.36 -0.26 -0.31 0.37 0.04 0.41 -0.13 0.48 -0.69",0.96786928249785,0.91517349905602,0.726610267730142,20,2.35035568701985,1.39482621752358,2.5292764731938,19.357385649957,1.06467680901677,3.98218790041027,63.2338511228821,0.965320730952608,0.865201359889814,0.00608302544216666,0.0117351958373745
169,"H3_k40_lam50",2.15640557806004,4.79624859204878,3.09756059346319,3.07736626474057,2.15640557806004,"0.78 -0.69 -0.24 -0.06 -0.05 0 0.16 0.52 0.35 -0.77",0.898111967599374,0.918538485456641,0.69911184102136,3.33497658209907,2.26478282480812,1.34084416944963,2.45522237748006,2.99518238004684,1.04082828025074,4.04681998606228,64.4118546751377,0.891301981326929,0.693675773360785,0.688464124387758,0.742656261634592
170,"H3_k40_lam50",8.4470653785694,4.66484429178999,3.0974169243637,3.47902790792072,8.4470653785694,"1.45 0.08 -1.51 -0.42 0.15 -0.95 1.39 0.52 0.34 -0.79",0.830438267552465,0.907400282492663,0.675130084099704,2.90764846080442,2.2936487765545,1.27713159499262,2.39507873590555,2.41462255044201,0.999345010166327,4.02158897822663,64.6981462878686,0.0713484230251995,0.00584596941607218,0.0145201942313045,0.0256875665207644
171,"H3_k40_lam50",3.36662660890569,4.84350661145848,3.30176849219833,4.32106487772554,3.36662660890569,"0.26 -0.32 -0.47 -0.4 0.96 -0.6 0.51 0.05 0.68 -0.9",1.03924580680791,0.941886624774473,0.740962077170268,2.00808373714329,2.26126648173538,1.43696558591965,2.41350158627233,2.08689260354533,0.950850294990129,3.79356884670523,63.268150482768,0.693830023641698,0.416606856633514,0.613581775065338,0.674618545377767
172,"H3_k40_lam50",1.83379947240728,4.84737683055269,3.20305461094803,3.35955986707915,1.83379947240728,"0.14 -0.39 -0.51 -0.02 0 0.37 0.35 0.67 -0.14 -0.83",0.810511260887025,0.869589672762398,0.681820956440946,3.18349679996576,2.1888093511826,1.24538647385504,2.34777867545505,2.58026000537005,1.0338464669256,3.88075615771444,64.8234806917154,0.93240281790405,0.799881954343963,0.819786531938731,0.856165414034243
173,"H3_k40_lam50",2.38085676388172,4.77696997602298,3.15610493510115,0.48627516346143,2.38085676388172,"0.41 -0.32 -0.12 0.32 -1.16 0.59 0.41 0.01 -0.23 0.29",1.04405405019272,0.955203194357354,0.737803719884017,20,2.48734007639176,1.45426345656786,2.48568125682267,20.8810810038545,0.974402123311588,3.89259570888283,62.8300846000351,0.856498733784541,0.641445786424167,1.03086121443496e-05,3.80725054384135e-05
174,"H3_k40_lam50",4.91564497375515,4.66429575238858,2.92597460129889,2.79513809266963,4.91564497375515,"0.93 -0.49 0.11 -0.65 -0.73 0.13 -0.06 1.39 0.37 -0.88",0.825704132754844,0.92003320833259,0.667924664021958,3.90957262821202,2.35098138835143,1.29250386189446,2.41870642867799,3.22815027641988,1.03585658576023,4.07027685131732,64.2668758121276,0.390812238353335,0.0985307891445337,0.0823497931545756,0.119564770918885
175,"H3_k40_lam50",7.0170673766993,4.84688654225866,3.25414699854195,3.78502311153684,7.0170673766993,"0.29 0.34 -1.22 -1.37 0.97 1.42 0.32 -0.55 -0.28 0.05",0.780743839419759,0.899077257882127,0.655670483461031,2.84225759933387,2.35818223944396,1.23449596938321,2.24567947330064,2.21907511072391,0.985771722055063,3.82472249435591,65.2834357657081,0.171469073511994,0.0286509682051628,0.0658040017160944,0.0978459089541056
176,"H3_k40_lam50",8.78953370217849,4.74975972979738,3.13443198872627,3.5012331453962,8.78953370217849,"1.18 -0.06 -0.31 0.03 -1.62 -1.1 1.78 0.43 0.28 -0.13",0.812766946800389,0.896995353507626,0.671458144428876,3.01439261084774,2.25070864373952,1.26161133804054,2.30595703529778,2.44999867877637,1.00964247800421,3.88740215363398,64.5676899164502,0.0637620778256278,0.00449046712311207,0.0110128293597949,0.0202465337095401
177,"H3_k40_lam50",6.39110931089891,4.63250699881094,2.98114978813809,3.28971765630772,6.39110931089891,"0.93 -0.36 0.03 -0.42 -1.08 -0.23 0.02 1.42 0.92 -1.06",0.807344415199874,0.871764519775061,0.679478284392361,3.10578279624505,2.28865786006993,1.24327964539726,2.37424080910962,2.50743639537229,1.02922997593501,3.86973450530869,64.9646886515383,0.199797320022692,0.0294464978917919,0.05194214528856,0.0796398108326857
178,"H3_k40_lam50",5.00629226683016,4.85907002117875,3.24767131748333,3.39319975653017,5.00629226683016,"0.65 -0.83 -0.1 -0.5 -0.36 0.37 1.13 0.53 0.18 -1.34",0.711104514014555,0.875520551372596,0.630455936791635,3.52451132724621,2.25235470886756,1.18046204753731,2.27103723784893,2.50629591450021,1.01044142146364,4.18291859022198,65.0652668876286,0.408968513427134,0.137724283914417,0.160845405584933,0.215083721371177
179,"H3_k40_lam50",2.97595742370526,4.69357579903293,2.96004247525892,0.478546830968331,2.97595742370526,"0.77 -0.49 -0.34 0.34 -0.74 -0.04 -0.28 1.03 0.33 -0.36",0.961382712898212,0.904101889532723,0.728475584111239,20,2.37489140899573,1.37664599124544,2.45849323651293,19.2276542579642,1.04293449089903,3.75987250498295,63.3673615275173,0.747129767965401,0.427126598751351,3.28161793072823e-07,1.64090955423468e-06
180,"H3_k40_lam50",2.24467492393793,4.74221174168362,3.18344206619755,3.5865206082503,2.24467492393793,"0.25 -1.01 0.31 -0.21 0.44 0.34 -0.4 0.61 -0.16 -0.4",0.896736209280274,0.926668730370683,0.695405416714752,2.73248991522268,2.31573054190091,1.33469946543677,2.38394298855788,2.45032264847337,0.99611855717365,3.85956277714922,64.2780145530468,0.873465338805794,0.683573787052594,0.749785219927021,0.796126809762292
181,"H3_k40_lam50",4.41590923840602,4.85327961975015,3.18614214553885,3.48980990667061,4.41590923840602,"0.57 0.19 -0.33 -0.5 -1.11 0.75 0.55 0.76 0.01 -1.01",1.05922837239007,0.966736016010845,0.738619347590272,2.66745412605528,2.28972119368295,1.4812030170885,2.56991757619821,2.8254430923667,1.00734461128602,4.30766864112985,62.4346419272748,0.50415187210962,0.196938678713916,0.25622215084817,0.320979768314367
182,"H3_k40_lam50",8.58209947473272,4.62376140748034,3.0375433280107,3.56024075816294,8.58209947473272,"0.62 -0.01 -1.25 -0.35 -1.07 1.72 0.29 0.82 0.24 -1.26",0.795948862829641,0.892868085363516,0.665431861293407,2.86631151243102,2.34173779063994,1.24318292363832,2.36431091320563,2.28143738883498,0.998426990923053,3.87078712060955,65.1384258156529,0.0646952888411968,0.00456733262326192,0.0162220240986158,0.0280565633764862
183,"H3_k40_lam50",8.26690773091902,4.667770055367,3.25102920754605,4.27025688771402,8.26690773091902,"1.37 -0.45 -1.02 -0.22 -0.08 -0.65 0.58 1.85 -0.34 -0.89",1.0113518326786,0.896377446498649,0.748364584949841,1.9009131327861,2.24796537076534,1.38640620277244,2.34052771564921,1.92249198060604,0.949131832827453,3.64621316353483,63.214532386055,0.0790592400234151,0.00968157329652608,0.0536609797762075,0.0817525108466959
184,"H3_k40_lam50",4.8199205090175,4.64694024254014,2.94701822899094,2.97654379973069,4.8199205090175,"0.55 0.04 -0.83 0.16 -1.05 0.81 0.13 0.66 0.55 -1.13",0.879487991386383,0.900124939099815,0.698859962134313,3.38634279269303,2.2649759638797,1.31845895912355,2.43672446042366,2.97824782089135,1.04833077596351,4.07981913836459,63.9826644650198,0.402380031226456,0.110551059009495,0.115993904397139,0.161185129976636
185,"H3_k40_lam50",3.10349927796762,4.56929162244623,3.03611906469097,3.76462496666474,3.10349927796762,"0.63 -0.36 -0.2 0.47 0 0.01 -1.29 0.74 0.01 0.32",0.892917486373386,0.890488567677206,0.708069172058608,2.42396084112856,2.34999026285995,1.30560652063235,2.3420972321372,2.16439702132803,0.98685705431435,3.69190044290887,63.8143799489489,0.70629372805737,0.414713272424234,0.572607147656289,0.636544641877885
186,"H3_k40_lam50",9.58771088724426,4.79134500130533,3.04483038514381,3.28139380876707,9.58771088724426,"0.72 0.37 0.11 -2.09 -0.6 0.45 1.87 -0.23 0.16 -0.64",1.06818224252063,0.919879402164877,0.757749227924807,2.69906583675734,2.21111282755655,1.46418365751975,2.56925870036617,2.88309419821828,1.0402869500938,3.8257670343057,62.6397406976466,0.0436266864483167,0.00161441638446957,0.00350972011630057,0.00727385744751174
187,"H3_k40_lam50",1.83967694689161,4.67287729406773,2.96226541121357,2.90469503316515,1.83967694689161,"0.64 -0.74 0.1 -0.23 -0.39 0.23 0.74 -0.23 0.03 -0.1",0.937720486985876,0.933019499193561,0.708881433636749,3.41580746014759,2.33638895230822,1.37879563613925,2.49048643587244,3.20307263497959,1.0385988147418,3.95405576606826,63.2367760510202,0.923223776462059,0.75814463745841,0.744990582568014,0.792025756297529
188,"H3_k40_lam50",4.91031480964824,4.57033545907256,3.07730497917982,3.83616250540926,4.91031480964824,"1.28 -0.27 -0.3 -1.44 0.17 0.47 -0.33 0.56 0.55 -0.21",0.832249061085216,0.871671017569345,0.690562337102199,2.42843778982858,2.33592332047645,1.24908408362787,2.28500747831297,2.02106507048869,0.983796825014116,3.74863154169682,64.863517290905,0.375786957779195,0.121101765507534,0.248394470509703,0.312435678531276
189,"H3_k40_lam50",1.50017580733619,4.80319042897953,3.12719998573042,3.45986733894857,1.50017580733619,"0.36 -0.12 0.13 -0.52 -0.21 -0.18 0.42 0.64 0.11 -0.64",0.985321347581856,0.917717727062063,0.731764482919866,2.73196531801127,2.43824809461919,1.39872230801678,2.47782396523937,2.69186374868976,1.02333085993069,3.91746289552335,63.0229183864593,0.961014162392785,0.870371134305009,0.897755984841232,0.920433097485286
190,"H3_k40_lam50",5.02704121416386,4.64567541340631,2.96535130953557,3.33479840765488,5.02704121416386,"0.63 -0.37 0.17 0.35 -1.19 -0.67 0.94 1.1 -0.29 -0.54",0.953771766430711,0.907645615428237,0.724406595518287,2.77600512124176,2.24102027344466,1.36927336425594,2.43769430573313,2.64767530810745,1.02779225336741,3.72706096775184,63.8915381403035,0.369999304289578,0.0953248443577487,0.151007405485339,0.202699081090965
191,"H3_k40_lam50",2.84078077659763,4.73024746767659,3.12871288827667,3.71411250026931,2.84078077659763,"0.33 -0.71 0.04 -0.02 0.31 -0.48 1.15 -0.73 -0.05 0.18",0.836515735137722,0.883676544294498,0.687462421650851,2.66288378599996,2.19184557193334,1.26329812171074,2.31441842783039,2.22754418783208,0.994189799892467,3.86059341121008,64.1617195907938,0.77550371445481,0.505443012979449,0.628243672827235,0.688167513077844
192,"H3_k40_lam50",6.05058411121306,4.67479957176014,3.17096906393349,3.99006037791418,6.05058411121306,"0.49 0.36 -0.38 -1.76 0.66 0.69 0.93 -0.8 0.06 -0.19",0.824375085702992,0.884216272177859,0.681923171803156,2.37186110524738,2.18161591005099,1.24767219833018,2.19270388048232,1.95530320191391,0.965907389733381,3.64786855264414,64.5378730496195,0.240943210189029,0.0553069349834214,0.147929056476063,0.199044741236577
193,"H3_k40_lam50",2.12878199011938,4.71864064463046,3.1497442218128,3.81555161706662,2.12878199011938,"0.37 -0.6 -0.06 -0.4 0.03 -0.13 1.07 0.3 -0.42 -0.22",0.718936709202137,0.854853750020148,0.643643158146742,2.79594732518676,2.31838884941652,1.16262945628835,2.16916679636403,2.01010916907229,0.986697148350071,3.81382537531627,65.6379499575088,0.889444272282312,0.711194665232474,0.809025399341609,0.847047368640313
194,"H3_k40_lam50",5.32234834175563,4.54324272525059,3.03897750765849,3.47343111190892,5.32234834175563,"0.1 -0.78 -0.76 -0.35 1.26 0.25 1.22 -0.6 -0.09 -0.71",0.676201474224663,0.900881247754721,0.600307072803249,3.3132398089673,2.22115182239268,1.16671843444349,2.16650887932311,2.24041764328353,0.96665249820469,4.06825629518944,65.4919627162037,0.310892457100149,0.0822339966105895,0.142507472662244,0.192624107060927
195,"H3_k40_lam50",6.02940352868939,4.79149642103384,3.15968855756092,3.58966026505263,6.02940352868939,"0.36 -0.55 0.82 -1.4 0.08 0.32 0.13 0.88 0.47 -1.37",0.791809818989524,0.877909395501794,0.669754764779903,2.91858863228687,2.1814490601976,1.23247344257709,2.29079022221721,2.31096713663595,1.01104740842013,3.74425800377402,65.3373932168052,0.259898041752588,0.0555159141534625,0.100147116892336,0.141817434962409
196,"H3_k40_lam50",4.05817437154969,4.61819625408211,3.0375162138874,3.68009088650351,4.05817437154969,"0.67 0.02 -0.91 -0.23 -0.64 -0.15 1.33 0.62 -0.36 -0.14",0.735918401453394,0.888615841091764,0.637831147082603,2.89081681565449,2.35740708525796,1.19607637305871,2.22752007552731,2.12740528987105,0.975721051448375,3.89454411646603,65.2004086145951,0.529972664394968,0.220181954394273,0.354468172102838,0.423898230822087
197,"H3_k40_lam50",8.61042144694801,4.7077253652279,2.98159707315869,3.50619535300566,8.61042144694801,"0.92 0.06 -0.24 -0.13 -1.71 0.12 0.27 0.69 1.55 -1.34",0.972477272633143,0.91540919138176,0.728148995169096,2.62456967283692,2.32439943545428,1.38471450188493,2.54467714716855,2.5523343572761,1.01549927119804,3.79552273283964,63.8048184855536,0.0687748506814149,0.00385962567585829,0.0141369267995699,0.0248929152982247
198,"H3_k40_lam50",7.45332906919657,4.83974958899463,3.22834664403621,4.02571550558599,7.45332906919657,"1.15 -0.66 0.22 -1.06 -1.28 1.17 0.98 0.37 -0.11 -0.64",0.836316679663614,0.910313397424579,0.676543037727524,2.51944622670458,2.20916122505386,1.27730398829214,2.2546260658735,2.1070549029086,0.97163700031681,3.91466942768881,64.6022673274999,0.138496984497995,0.0187261656384109,0.0670278534818296,0.0991197107513868
199,"H3_k40_lam50",7.53860172369266,4.87133501157144,3.18429265334015,3.78190962720932,7.53860172369266,"0.69 1.11 -0.92 -1.73 0.06 0.02 0.62 1.13 -0.17 -0.53",0.829921328046325,0.89261209984905,0.68092116002576,2.73989175964518,2.45277336177314,1.26555468978686,2.28901898850278,2.27389460786791,0.994264595682105,3.78580272006924,64.3255322130064,0.135764411976599,0.01592692208824,0.0454496277271489,0.0708806953342116
200,"H3_k40_lam50",5.81088134256713,4.57287056415957,2.89608391887923,3.2277271636925,5.81088134256713,"0.43 0.3 -1.37 -0.52 -0.24 1.12 1.29 -0.46 -0.27 -0.38",0.947969131831727,0.902940546762491,0.724094899559559,2.82486569917972,2.39973798096796,1.36320815810053,2.4505901416313,2.67788548439263,1.03191730281836,3.68680977314801,63.7634129970612,0.25344956611316,0.043478921465637,0.0754824212168534,0.110359872892072
