"rep","cell","kappa","hbar","sd_eh","law_obs","tr5","normD2","g_obs","nchanged","floor_est","S_dec","v2","p_none","p_kappa","p_obs","p_obs_sh","p_law"
1,"A_k01",0.01,0.00746736119165835,0.34412237121866,0.235439055860854,7.54973998762768,1.99406561787047,0.264123747458626,52,1.04,2.69840471059825,2.69840471059825,0.943973268500958,0.944369029032643,0.972735384216823,0.960874051459335,0.9452422070317
2,"A_k01",0.01,0.00741493022405115,0.326560137464131,0.257785093857508,7.58036538597592,2.62706237235765,0.34656144375545,54,1.08,6.59408712155375,6.59408712155375,0.541384969284191,0.543196382171971,0.740594610820471,0.672783335069912,0.547775793563767
3,"A_k01",0.01,0.00743356228759222,0.493319214461191,0.113529287286749,7.04413051587123,1.15471827109947,0.1639263026853,34,0.68,8.24444858096553,8.24444858096553,0.312094460137621,0.313869164209781,0.428412003175719,0.361278759860794,0.314864227417965
4,"A_k01",0.01,0.00743697857900885,0.479527819316944,0.120263946348781,7.1392484392198,1.32175677682025,0.185139484649268,38,0.76,10.1512060000375,10.1512060000375,0.181138431047662,0.182553029640856,0.293867227648742,0.228470948617453,0.183478898292895
5,"A_k01",0.01,0.00727184574027133,0.420069506800771,0.149836288054445,7.26741600062034,2.43015031796276,0.334389873616059,40,0.8,3.71782938855077,3.71782938855077,0.849405645280948,0.850310684785369,0.930882299038291,0.911856437996406,0.851263257384441
6,"A_k01",0.01,0.00736775619155572,0.399180370294719,0.170334312936869,7.34451557707446,3.5561727184795,0.484194319034453,44,0.88,8.85171747483308,8.85171747483308,0.290587211589024,0.29232882815167,0.591889801660691,0.52934052248638,0.294665047731558
7,"A_k01",0.01,0.0073682436799535,0.371067913852317,0.197147447959752,7.38414687922077,6.19037826712909,0.838333577105435,58,1.16,4.93534994664223,4.93534994664223,0.720803419347704,0.722215037102919,0.94109904370015,0.923744524913806,0.724611756638442
8,"A_k01",0.01,0.00738635058691063,0.363315263991465,0.206662914686644,7.44644402985446,2.01473903705662,0.2705639133228,42,0.84,6.76186517769419,6.76186517769419,0.50841860887167,0.510263672815284,0.679471367543981,0.616911587758008,0.513645725755015
9,"A_k01",0.01,0.00734976749922151,0.450389844478913,0.133149649482693,7.20353967084122,1.56759890021342,0.21761508533906,40,0.8,11.2962291198068,11.2962291198068,0.128307106241543,0.129474332456118,0.243962893081427,0.183002452933583,0.13044675841467
10,"A_k01",0.01,0.00742104589570882,0.357755960034617,0.215142635338293,7.43826326138197,2.75556402609515,0.370457985858273,42,0.84,8.15789129777478,8.15789129777478,0.361402411504788,0.363247389668471,0.602589608424968,0.539225337404074,0.366852325464499
11,"A_k01",0.01,0.00731756743946817,0.44355993975461,0.136081422350133,7.20550023692853,2.31856583971513,0.321777220661568,36,0.72,6.99875525174889,6.99875525174889,0.455617921263217,0.457488328133452,0.660508002544053,0.606604912247716,0.459113613329687
12,"A_k01",0.01,0.0074976528507867,0.359691390470602,0.217250395331732,7.58355741470501,5.69134004072434,0.750484202794913,70,1.4,9.96927477287771,9.96927477287771,0.229918977893486,0.231513183226401,0.647189664429366,0.568025474424783,0.234684061940288
13,"A_k01",0.01,0.00747194741071869,0.381947518135758,0.191350778183417,7.46873636382007,1.14009604160401,0.152649121091868,34,0.68,9.0264220031103,9.0264220031103,0.288542113293967,0.290281702326617,0.396211256808616,0.332864860849958,0.293117581631606
14,"A_k01",0.01,0.00747751374727869,0.400360259071506,0.174414473541708,7.41598007202454,3.43359723689159,0.462999792818245,52,1.04,8.21899709031806,8.21899709031806,0.353160820367311,0.355000973181997,0.64132690469658,0.569471830503776,0.3575696851404
15,"A_k01",0.01,0.0074368003474741,0.382577401965027,0.188931173374207,7.48970966569417,2.82213019337923,0.376801013570086,44,0.88,6.00166776878382,6.00166776878382,0.60172527219247,0.603439666353514,0.794628613298939,0.748740927289237,0.606163622034804
16,"A_k01",0.01,0.00735712964307626,0.368761228462093,0.199019814066675,7.42047540369547,3.13335666525818,0.422258210531598,54,1.08,10.5848284941484,10.5848284941484,0.178836316833919,0.180247265928078,0.430957753778761,0.347094197933916,0.182703046599042
17,"A_k01",0.01,0.00750230545178518,0.395192819830585,0.180194444782418,7.46476047984279,2.18432952591228,0.29261883643965,42,0.84,5.5239370240927,5.5239370240927,0.656646014971201,0.658238519264141,0.802278026303433,0.756570570485315,0.660577472212254
18,"A_k01",0.01,0.00732310890059547,0.434884876949187,0.141779153326947,7.21718858702116,1.02436039205786,0.141933438444437,38,0.76,3.11821082010013,3.11821082010013,0.903337995682706,0.903969876309916,0.933458961651642,0.912463107535569,0.90456523572772
19,"A_k01",0.01,0.00751161871010282,0.425626391057599,0.155732758767802,7.34209987994683,1.33441149634133,0.181747935626148,36,0.72,7.43886893879569,7.43886893879569,0.422933309650227,0.424808860111134,0.551880350421357,0.485688184223949,0.426944261261362
20,"A_k01",0.01,0.00747942635919879,0.399684438418392,0.175094339581144,7.38443281112809,4.19794313493899,0.568485521137498,52,1.04,5.40611157649134,5.40611157649134,0.663765362110376,0.665340374496283,0.881371034532384,0.848819185661158,0.667544033591294
21,"A_k01",0.01,0.00744177111583133,0.445268391541178,0.139662202817053,7.13147748674776,2.09080289687186,0.293179485002532,36,0.72,7.7477748889829,7.7477748889829,0.368434485097571,0.370281209816914,0.566573637290587,0.505153594657602,0.371978294750571
22,"A_k01",0.01,0.00746600163717719,0.365161312281629,0.209014611738068,7.50455167451135,3.78733978481595,0.504672357401358,64,1.28,6.4444873171685,6.4444873171685,0.551027711024766,0.552825947499049,0.804013419252037,0.74251098794866,0.55617757086387
23,"A_k01",0.01,0.00742181366506524,0.400993068164132,0.171283830666401,7.38588392664866,3.8367132814152,0.519465688808367,48,0.96,13.4816212877584,13.4816212877584,0.067028773818578,0.0677949445370042,0.292898129747978,0.230495958040879,0.068839955343173
24,"A_k01",0.01,0.00741768381931707,0.347297390335507,0.228088610432067,7.51120402400188,2.63016452815874,0.350165502062534,42,0.84,7.84636348140591,7.84636348140591,0.399148032933638,0.401020950622323,0.626679540861359,0.564394120446186,0.405009500590071
25,"A_k01",0.01,0.00743838066817684,0.393786833096163,0.178403932522296,7.37792807156416,1.31071263796206,0.177653214459189,46,0.92,1.59631986206781,1.59631986206781,0.988606531443251,0.988698717525086,0.99351262270958,0.990443086509653,0.988831035563078
26,"A_k01",0.01,0.00740605932044013,0.330381146939493,0.251254508751113,7.55240843183982,2.96297701848345,0.392322137398182,66,1.32,7.27555800667016,7.27555800667016,0.462597082042516,0.464472287815468,0.7001188713661,0.610947931940268,0.469053538114593
27,"A_k01",0.01,0.0074165278495597,0.332021874072431,0.249481229052491,7.55268610441393,7.55780795059202,1.00067814895354,64,1.28,6.07743661798726,6.07743661798726,0.598907877812521,0.600628829521666,0.921224646444461,0.899307215862983,0.60478073439663
28,"A_k01",0.01,0.00734691320034267,0.480969160614798,0.116666282871098,7.0433830066985,2.77889531536094,0.39453985573667,38,0.76,5.48741734544836,5.48741734544836,0.620481378008652,0.622152351196609,0.812335894241695,0.773795758527287,0.623158247824679
29,"A_k01",0.01,0.00738247593972991,0.472920229226855,0.121842359879438,7.05544998637022,1.0390330116925,0.1472667248297,32,0.64,3.55786884879485,3.55786884879485,0.854224487698593,0.855105202574572,0.898251806844442,0.873399406013714,0.855696421020204
30,"A_k01",0.01,0.00744549444038962,0.392017330568689,0.180362629241772,7.37965529003263,4.3251442155033,0.586090277325701,40,0.8,10.8795787733725,10.8795787733725,0.160199415059961,0.161527901125596,0.490203701109086,0.434958614256275,0.163499240640201
31,"A_k01",0.01,0.00752231225502684,0.382972632657834,0.192902225593153,7.45370833811613,2.13101821747452,0.285900402968158,52,1.04,6.63198804484458,6.63198804484458,0.524102330021763,0.525933151090899,0.699955999108917,0.624362068107613,0.528944540829169
32,"A_k01",0.01,0.00740132717400844,0.315208059832291,0.275673221713024,7.63125368021916,2.32855239340865,0.305133663613417,42,0.84,6.95663436989428,6.95663436989428,0.505594659926366,0.507443238146607,0.694202833826741,0.636454693257357,0.512569905440712
33,"A_k01",0.01,0.00736975432063662,0.416985173395742,0.156183373341272,7.26976649177083,1.33755955357168,0.183989342035367,44,0.88,4.67287186581941,4.67287186581941,0.742766887971153,0.744104169004302,0.825685496014298,0.775379539323531,0.745629145447088
34,"A_k01",0.01,0.00743482966745098,0.4719540815104,0.124083078076895,7.1929508409789,4.0293935506881,0.560186443612582,46,0.92,7.24738168300753,7.24738168300753,0.426953677806111,0.428826348324068,0.739512767994284,0.688560442615461,0.430146105448253
35,"A_k01",0.01,0.00740578437799128,0.337660951215399,0.240519588256839,7.47234021778826,2.21001729357409,0.295759725756737,50,1,15.251665805404,15.251665805404,0.0376344209216997,0.038139431612191,0.125746104877841,0.0799380270872119,0.0393191867485511
36,"A_k01",0.01,0.00735269658652811,0.402718864568347,0.166670733486249,7.4131925523785,1.7447782818827,0.235361252193955,56,1.12,4.39064331792549,4.39064331792549,0.78580647958058,0.786984525963518,0.87245553774147,0.823033773628809,0.788495250243449
37,"A_k01",0.01,0.0074597782879175,0.364888820699298,0.208978077057018,7.54248194511907,4.6283717922252,0.613640420474634,48,0.96,8.6843606907785,8.6843606907785,0.32440711550748,0.326208532884983,0.680505719614766,0.6256223984451,0.329578746537752
38,"A_k01",0.01,0.00743089444542629,0.416608830591848,0.159072551274711,7.28709355658757,4.55517401762069,0.625101624158893,44,0.88,3.11322253659239,3.11322253659239,0.906139638911,0.906755401133516,0.978182798137867,0.972063840565955,0.907480162083653
39,"A_k01",0.01,0.00735384951007987,0.373973108780939,0.193338672144288,7.46509884771131,2.8409093338917,0.380558836774503,46,0.92,13.4439434990224,13.4439434990224,0.0713938640483605,0.0721946596963847,0.235224994502013,0.176501697669493,0.0735320098372545
40,"A_k01",0.01,0.00734361817001723,0.31216083361965,0.276715416942983,7.52616890524028,5.6863241030906,0.755540325321607,70,1.4,7.94574966939851,7.94574966939851,0.390902555308245,0.39277070530091,0.778675109784455,0.717078721629968,0.397991851989901
41,"A_k01",0.01,0.00740374228001802,0.374306179711778,0.195622405688055,7.41284293646416,1.9806276814494,0.26718867490185,46,0.92,10.5760342712515,10.5760342712515,0.178803185680065,0.180213491005519,0.341272210974018,0.265552970757791,0.182602021716358
42,"A_k01",0.01,0.00727938948174485,0.484907648753256,0.112678705455723,7.0246657827838,1.70093591058425,0.242137628063806,42,0.84,2.59091120635749,2.59091120635749,0.9377818486197,0.938214350979961,0.967674719234463,0.955861216046575,0.938450382899685
43,"A_k01",0.01,0.00738069551999035,0.358053318291005,0.212456086528853,7.46381182579304,1.48696773565791,0.199223636710578,56,1.12,7.27019798007217,7.27019798007217,0.453928805461218,0.455807218073523,0.592197708275685,0.491399324722006,0.459402186329173
44,"A_k01",0.01,0.00726485133643815,0.483936264086272,0.112680076342111,7.04272996172572,2.03959322760671,0.289602645379142,40,0.8,13.5920646488505,13.5920646488505,0.051491900439347,0.0521238243907507,0.152448770209062,0.107683419946606,0.0524727023014546
45,"A_k01",0.01,0.00738230669382001,0.365351323095649,0.204142205724489,7.4154888391609,1.16727750365769,0.157410728945251,52,1.04,4.91677452121978,4.91677452121978,0.725556477644801,0.726953155169915,0.802288584637497,0.735373420588607,0.729456966078059
46,"A_k01",0.01,0.00731752525883366,0.374139681771239,0.191262980733404,7.40789329202052,2.24978986860294,0.303701711122962,46,0.92,7.56284530863577,7.56284530863577,0.417028454414967,0.418905690415257,0.618040387444824,0.544974077724728,0.421956478052233
47,"A_k01",0.01,0.00740951202350225,0.427425494781502,0.150254806087692,7.33229164955873,2.43854741716126,0.332576434996011,28,0.56,5.83411303239576,5.83411303239576,0.606406964802318,0.608109743172113,0.78164874086306,0.750792617559012,0.609916749773678
48,"A_k01",0.01,0.00740073796821947,0.366992155551047,0.203332358075665,7.44604022634888,2.45822620414664,0.330138721981095,52,1.04,14.1700955326059,14.1700955326059,0.0546019106301754,0.0552652553957017,0.177128729351552,0.118825172567352,0.0564669220668725
49,"A_k01",0.01,0.00744274013748932,0.422892543399318,0.154872982165358,7.35260801195828,2.85590401987685,0.388420546183342,60,1.2,6.00393328493216,6.00393328493216,0.587959028916805,0.589698402008719,0.78946983625389,0.722253043581428,0.591654341036255
50,"A_k01",0.01,0.00744483770791685,0.39213852827412,0.180219360788523,7.38271645574369,1.56953245112524,0.212595520975772,42,0.84,2.33770242621795,2.33770242621795,0.960961644298729,0.961248292837555,0.978775593397577,0.970898918037781,0.96166726272888
51,"A_k01",0.01,0.007340165491681,0.475864342942892,0.118963951144409,7.25567670894865,3.84306075648401,0.529662622887296,44,0.88,9.74977737822468,9.74977737822468,0.215866212133443,0.217410333225575,0.533296513476314,0.469673401468056,0.21839273007096
52,"A_k01",0.01,0.00734236918749285,0.387758917291641,0.179274637015015,7.35497732394803,2.29657319450712,0.312247488109774,42,0.84,11.2754362013192,11.2754362013192,0.139349893477436,0.140577785283893,0.313450991450566,0.248250896055894,0.14238266158707
53,"A_k01",0.01,0.00736299508044846,0.349469629693586,0.221952553259646,7.57408393642844,5.81504439248185,0.767755472647156,50,1,9.37212315081657,9.37212315081657,0.271646726983227,0.273350565873108,0.692766663900288,0.642053721297104,0.276845862262137
54,"A_k01",0.01,0.00734222896328176,0.391128641533571,0.176192173227256,7.41291234162805,1.01598666644764,0.137056344338816,40,0.8,5.15523918634462,5.15523918634462,0.696520741172914,0.6980048491141,0.769707102428376,0.714013065169923,0.700102615644561
55,"A_k01",0.01,0.00743426230063718,0.411091878629898,0.163518905032248,7.23307747287343,1.17747111540171,0.162789783438327,48,0.96,4.80511234599928,4.80511234599928,0.723622727068871,0.725022076352229,0.802725380500516,0.740597314523004,0.726758000809378
56,"A_k01",0.01,0.00734638893259511,0.405142858739716,0.164399867053633,7.27667980267585,2.58819778399366,0.355683890754943,38,0.76,4.24221136507151,4.24221136507151,0.793338195483541,0.794486510046605,0.90452670155597,0.881567567122538,0.7959235124333
57,"A_k01",0.01,0.00737938637739207,0.352049066674103,0.2196868744698,7.48617281256545,2.8513576170336,0.380883221430266,64,1.28,3.14862747749374,3.14862747749374,0.910624971024627,0.911217094874052,0.965511024708811,0.948378203962858,0.912399239956378
58,"A_k01",0.01,0.0074181782432955,0.478756128646157,0.120042723478336,7.13683926013216,5.17655146830891,0.725328297251444,40,0.8,13.1672490922191,13.1672490922191,0.0642344855065615,0.0649747580992475,0.380542651179022,0.329264711568562,0.0654586110333711
59,"A_k01",0.01,0.00743096022556057,0.379322300796288,0.191885927443673,7.40903309019453,3.23131429611836,0.436131713380365,62,1.24,9.00428410610985,9.00428410610985,0.284375545654302,0.28610742633939,0.561937712195471,0.466945800906565,0.288943736521877
60,"A_k01",0.01,0.00742470803561571,0.374428649500362,0.196603218046476,7.4801950580514,3.66301548542651,0.48969518267893,60,1.2,7.59423058002632,7.59423058002632,0.421441765830738,0.423320500218924,0.709246426695779,0.635518181458162,0.426510776849187
1,"B_k10",0.1,0.0165736226041974,0.59301210630446,0.312440815686764,3.64816828002404,5.05836675106984,1.38654973203059,46,1.15,1.98112968336553,1.98112968336553,0.821256431248574,0.831179051723413,0.985717289610684,0.977326255696237,0.825600542622213
2,"B_k10",0.1,0.016898698881363,0.461280644512125,0.53682911553171,4.28377501695003,2.92606082233778,0.683056605624699,74,1.85,2.7992241177834,2.7992241177834,0.731906493797612,0.745251232076649,0.92754090105232,0.84015464579012,0.741829989178742
3,"B_k10",0.1,0.0174567570605592,0.443302905391474,0.620277420394219,4.20716217391235,8.01483926341721,1.90504642609581,88,2.2,5.38400268382671,5.38400268382671,0.248359485287585,0.264732597289662,0.897354503537654,0.829006511669497,0.262322542827802
4,"B_k10",0.1,0.0170565029997792,0.491820058901221,0.481091303389239,4.74954600911895,5.10759108542157,1.07538511588585,76,1.9,5.80077124758224,5.80077124758224,0.281101972823541,0.29821037521098,0.787514177266196,0.66493937128123,0.292426960202278
5,"B_k10",0.1,0.0170177743766094,0.488851984782224,0.484742109641671,4.61385604831515,11.0808519330806,2.40164665239763,80,2,1.39424938571423,1.39424938571423,0.965688495095989,0.968132180665004,0.999542191630408,0.999230239782398,0.96734172443448
6,"B_k10",0.1,0.0168200653555897,0.582699992893364,0.33329233322858,4.09490492820355,5.9407184350619,1.45075857418456,56,1.4,10.1306345550211,10.1306345550211,0.0123802027092037,0.0145394477844327,0.423554794845972,0.309947681827982,0.0133411378162636
7,"B_k10",0.1,0.0175260955319435,0.409947224848948,0.731096052584429,4.33740106067459,16.3324992706785,3.76550359125385,98,2.45,2.10973917438367,2.10973917438367,0.866382402280491,0.87433011450288,0.999223869521383,0.998752659551385,0.874370386568165
8,"B_k10",0.1,0.0170613282844366,0.478639189952023,0.508240372533335,3.79082209138585,6.49691412005562,1.71385360838194,82,2.05,6.36356888322434,6.36356888322434,0.0986590366677604,0.108668092982444,0.761686229632782,0.62535524978646,0.105613665770011
9,"B_k10",0.1,0.0172465864013721,0.470209249737697,0.538125970497169,4.39069559520371,5.67529440719636,1.29257296119456,70,1.75,5.18907366751379,5.18907366751379,0.30473643027508,0.322222564991718,0.844624066078048,0.756782962801441,0.317687811942746
10,"B_k10",0.1,0.0171444624113614,0.553072362023123,0.384364988883891,4.91084042191282,2.74178661426466,0.558313115211491,64,1.6,2.90247315816978,2.90247315816978,0.784750243834119,0.79619809028898,0.931863542930251,0.870716723003092,0.790889957981038
11,"B_k10",0.1,0.0169412109287989,0.563435787879918,0.361626321219372,4.5047921253223,9.92773519183505,2.20381649488982,60,1.5,3.99232071820901,3.99232071820901,0.524507976481179,0.542344925655506,0.973504053097419,0.962688550021732,0.53345493133859
12,"B_k10",0.1,0.0169278823464171,0.553990638974648,0.373474025269222,4.35332877930322,3.81447789233006,0.876220953139356,50,1.25,6.54888473836926,6.54888473836926,0.150207695143387,0.163037597842556,0.599020616837417,0.474593361959777,0.156760707201898
13,"B_k10",0.1,0.0170941445693379,0.451804393724128,0.572603286524495,4.78858514737751,7.16187288219296,1.49561356053472,86,2.15,5.14537440742848,5.14537440742848,0.376738963439932,0.395090644402658,0.903489043537002,0.838363518468079,0.391215035674427
14,"B_k10",0.1,0.0172847141187733,0.496730156892336,0.484332194951168,4.89965452960518,6.00473750083351,1.22554303870836,80,2,4.46008619578585,4.46008619578585,0.505634588832638,0.523769646064613,0.916336553876025,0.856434930166164,0.517778275976682
15,"B_k10",0.1,0.0171257130140804,0.533024563273312,0.41291710076846,4.07134554986361,2.62715855766479,0.645280172240059,82,2.05,2.82178215003538,2.82178215003538,0.697032724116636,0.711455274686238,0.908940834783245,0.772021453347769,0.70531553152197
16,"B_k10",0.1,0.016925714231077,0.504610325879173,0.450030276881035,4.06277757771945,3.1062882139803,0.764572550320105,62,1.55,4.50016956249278,4.50016956249278,0.35322870233655,0.371352698284776,0.753877114614735,0.600082450767708,0.364474684898025
17,"B_k10",0.1,0.0170965454485057,0.550695112704853,0.385526536848162,4.20963978438493,3.10454420257348,0.737484526369537,60,1.5,3.98451840474121,3.98451840474121,0.474136983005054,0.492395231948409,0.821345814566715,0.702252959373137,0.483882219919373
18,"B_k10",0.1,0.016723729638066,0.573445336966272,0.340206193798411,4.45652282318795,4.21620199835611,0.946074364618662,62,1.55,1.18325212705797,1.18325212705797,0.976641681000137,0.978354369301311,0.997629524873952,0.995200719650949,0.977462855564371
19,"B_k10",0.1,0.0169006382621857,0.593267836229228,0.324612019230118,4.83092446846808,4.45599333229339,0.922389360748257,50,1.25,3.06873953730028,3.06873953730028,0.747184444907843,0.759989604533958,0.954498982745134,0.930454481205799,0.752992770351049
20,"B_k10",0.1,0.0170394199255961,0.541976399022451,0.395374679648506,4.06739520043276,3.46492358636871,0.85187777819083,58,1.45,11.5471575660976,11.5471575660976,0.00411156318604822,0.0049993068923051,0.140644454159971,0.0567859982362703,0.0045785240945333
21,"B_k10",0.1,0.0169691040137792,0.506579615278556,0.448830534776216,4.16252728972964,4.35791216973217,1.04693900277474,76,1.9,5.65670563246958,5.65670563246958,0.209208499387483,0.22437561571341,0.722027773351655,0.552597082742559,0.218553226965593
22,"B_k10",0.1,0.016975555506179,0.509670890500606,0.443739736933766,4.55061482711899,9.12713721057769,2.00569319912231,60,1.5,4.38380587966277,4.38380587966277,0.461697167201064,0.480123552281005,0.958973520004533,0.941918674629793,0.473001242447822
23,"B_k10",0.1,0.0171260906776668,0.531954206801655,0.414598736446227,4.42493958001654,7.13913081270334,1.61338492506075,76,1.9,2.9447837397474,2.9447837397474,0.720324057641255,0.734001890626427,0.979797244323572,0.964342041315666,0.728214618028559
24,"B_k10",0.1,0.0169939567481779,0.564580993563679,0.362406936189133,4.05020268565413,3.70015223654249,0.913572115698921,64,1.6,3.90466096285819,3.90466096285819,0.45986333464343,0.478179187063624,0.852384488525235,0.74635581067387,0.469053535716208
25,"B_k10",0.1,0.0171881843058547,0.535308104893332,0.412394018295903,4.65369767734062,5.23986763917239,1.12595789466211,66,1.65,3.5318507892097,3.5318507892097,0.636404522468144,0.652334998755625,0.942264511762179,0.903385212260776,0.645529153540804
26,"B_k10",0.1,0.0169747684542965,0.569563117980407,0.355290824299641,4.62599948976522,4.01867866827624,0.868715761246268,52,1.3,2.85293460961106,2.85293460961106,0.762789272727593,0.775042387145253,0.954589094491536,0.926845181943432,0.768867561097596
27,"B_k10",0.1,0.0170261096810155,0.543194550475607,0.392988675939516,3.82677768894797,4.73833111577628,1.23820391486575,62,1.55,1.25220111016169,1.25220111016169,0.955462722331897,0.958545309228036,0.996969535976803,0.993853615201013,0.957161985325261
28,"B_k10",0.1,0.0167712250296071,0.54577324114743,0.377715742864157,4.22899529941245,7.42909300927601,1.75670401201632,76,1.9,2.58331778727002,2.58331778727002,0.767955605417858,0.780030248381403,0.987311051680999,0.977227347675338,0.774318413073046
29,"B_k10",0.1,0.0170468337766119,0.467811729559287,0.531135378654482,4.52937202657607,7.56750665632823,1.67076288101881,84,2.1,2.17105332200717,2.17105332200717,0.871556131431472,0.879255423882909,0.993907790015113,0.988265065705286,0.87723446971973
30,"B_k10",0.1,0.0170589784530583,0.569728476969884,0.358616425641706,4.57192525150199,3.56520860582117,0.779804657709553,58,1.45,4.03919711466509,4.03919711466509,0.526419830498825,0.544202477531803,0.857352193391018,0.772252138613808,0.535266306986144
31,"B_k10",0.1,0.017168708433452,0.440390549825917,0.607937957257823,4.39713343815413,5.77213753855013,1.31270465628016,92,2.3,2.76852325877207,2.76852325877207,0.753246422492583,0.765880248930906,0.975422418747642,0.945806537147411,0.76385836382165
32,"B_k10",0.1,0.017201248153607,0.580263131266762,0.351503747303331,3.95289882103977,2.43449536403312,0.615875961983958,48,1.2,7.68435372011463,7.68435372011463,0.0509196837762451,0.0572853521980965,0.291778618555285,0.159021963358702,0.0539475921587684
33,"B_k10",0.1,0.0172761917294674,0.451687663289665,0.585166645697365,4.60346861618528,2.8177771285299,0.612098694150517,72,1.8,6.51132611733011,6.51132611733011,0.184166621233399,0.19853560032108,0.53402048786061,0.319716857201834,0.195712331843739
34,"B_k10",0.1,0.0171804471613383,0.542285665998615,0.401488090847931,4.15747738702167,2.83781419944218,0.682580790048537,58,1.45,10.1997277482159,10.1997277482159,0.0126411622588771,0.0148607125083551,0.16760795475192,0.0663384615550959,0.0138370115583457
35,"B_k10",0.1,0.0166810051809068,0.594521645767412,0.314897406018809,4.25778688528584,2.74390795758326,0.644444644955275,64,1.6,8.80280214209738,8.80280214209738,0.0373859835446609,0.0424452559683899,0.260925609451095,0.112726744637616,0.0395322853005932
36,"B_k10",0.1,0.0169337739221707,0.59581012770351,0.323111000193614,3.95206651103669,6.85832362631292,1.73537656999448,56,1.4,5.76682154938831,5.76682154938831,0.167239467867717,0.180772116858344,0.829984440001199,0.765266609800034,0.17322187917338
37,"B_k10",0.1,0.0169709271980127,0.489272256755667,0.481249122830743,4.78815826591269,4.20018821982302,0.877203297502615,80,2,3.75038405029351,3.75038405029351,0.615805212848838,0.63223564996603,0.910955356418032,0.82872380020629,0.626759642539427
38,"B_k10",0.1,0.0169555769502806,0.602273376498558,0.31702813399445,3.67984267232941,5.20800351655592,1.41527885301117,54,1.35,1.52159693255341,1.52159693255341,0.911988177144748,0.917581812619672,0.994645408417132,0.990536611817991,0.914481178516993
39,"B_k10",0.1,0.0169636025628489,0.519499798520104,0.426506252487542,4.28467121175943,7.44043490365288,1.73652411957126,74,1.85,3.66050692197325,3.66050692197325,0.552733202042151,0.570260826939424,0.96177218803262,0.936198233345152,0.56309296649849
40,"B_k10",0.1,0.0171357549586127,0.521013906491531,0.432681022118445,4.45800015422896,4.60670399640053,1.03335662562293,72,1.8,5.29628831371093,5.29628831371093,0.300915126765416,0.318323425508104,0.7900157640034,0.663838184142532,0.311286711238456
41,"B_k10",0.1,0.0169915388056674,0.516675107054777,0.432603808435899,4.39836879785811,5.49629315945236,1.24962080536059,58,1.45,3.95464226647184,3.95464226647184,0.514365482598406,0.532369755117554,0.921053007461885,0.87859673579517,0.525148413828296
42,"B_k10",0.1,0.0169999579507894,0.534915619967475,0.404003498545808,5.01991810181685,4.92860556325695,0.981809954523591,60,1.5,4.74901783192276,4.74901783192276,0.475241942441613,0.493550630732224,0.872266554578855,0.80851481792182,0.485479160723851
43,"B_k10",0.1,0.017150478327084,0.46882282227117,0.535297204631692,4.70880549217595,4.72247760333949,1.00290352005116,74,1.85,3.72656001528469,3.72656001528469,0.608329273008008,0.624911995005286,0.923521049376802,0.862322075594202,0.620605291556498
44,"B_k10",0.1,0.0167862891784922,0.53804193319082,0.389347278491293,4.46989655095835,4.55877271446963,1.01988327078671,60,1.5,5.8366268973251,5.8366268973251,0.235083561221372,0.251025717189862,0.73706377195938,0.622429824913305,0.24361063820501
45,"B_k10",0.1,0.0165339033972651,0.564286837077583,0.343408423265346,4.55498288009602,7.59520093517119,1.6674488434106,60,1.5,4.11675104131428,4.11675104131428,0.509285664791375,0.527257628295778,0.950398836516706,0.927241881387731,0.517846073259731
46,"B_k10",0.1,0.0170426250547668,0.509420884871161,0.44769214902339,4.76383074792494,7.47469471889622,1.56905127709503,74,1.85,2.69769501021403,2.69769501021403,0.804206043435382,0.814864269863438,0.987377094734392,0.978369733613024,0.81084867086636
47,"B_k10",0.1,0.0171192649752412,0.501091811093431,0.466869613445024,4.87256019093623,8.40796361029836,1.72557408853329,78,1.95,11.0798604264163,11.0798604264163,0.0202072769436572,0.023446630753262,0.571173984969988,0.449997887709337,0.0222520458199382
48,"B_k10",0.1,0.0168799324867332,0.537555451727079,0.394416305270884,5.17689368292834,5.09085773562303,0.983380777629445,58,1.45,14.5294241363281,14.5294241363281,0.00447896654663671,0.00543383574086698,0.184542097923809,0.106623436352975,0.00498025028119531
49,"B_k10",0.1,0.0171021730464883,0.501359222777993,0.465440925445131,4.39069520379987,3.89709258349261,0.887579848430365,62,1.55,8.56233820641093,8.56233820641093,0.0493092822016736,0.0555773320792092,0.406699201805746,0.253146490273051,0.0532753344046347
50,"B_k10",0.1,0.0169543679087104,0.556291672150643,0.371550697178143,4.09917253475871,12.3975692983757,3.02440777821651,62,1.55,6.75491814340292,6.75491814340292,0.107107879959978,0.117590900104718,0.914569183262857,0.888392685607062,0.112417786788589
51,"B_k10",0.1,0.0168517698863173,0.498465376694596,0.45717348693301,4.03776313192375,2.99020388866133,0.740559510541838,54,1.35,4.19542898818964,4.19542898818964,0.402634992594609,0.421079964371033,0.78035837887257,0.655955096669063,0.414274827489721
52,"B_k10",0.1,0.0167180875765695,0.601722961868801,0.308773495312937,3.96438715104228,3.10963029039169,0.784391173696074,48,1.2,5.91885206604677,5.91885206604677,0.155140311003372,0.168085479231146,0.566349917151731,0.425124742823026,0.160603577425421
53,"B_k10",0.1,0.0169465346800188,0.499009803846313,0.4613214458616,5.00064644467814,6.15891211231154,1.23162318721134,72,1.8,6.56150859732805,6.56150859732805,0.231533697019414,0.247464991658359,0.788436611525446,0.690389057180787,0.24163095801922
54,"B_k10",0.1,0.0165587254268241,0.566265015932684,0.342037983863414,4.85994710931844,2.54604054255319,0.523882356182729,56,1.4,6.1738612901807,6.1738612901807,0.253487458366989,0.269933992008448,0.570876405060704,0.410604073379079,0.26122089781921
55,"B_k10",0.1,0.016907111898962,0.593377462008895,0.324740722074982,3.81675555630844,3.16137979021558,0.828289824584222,56,1.4,3.42328495307014,3.42328495307014,0.51542010963513,0.533357289933265,0.862180498890529,0.764745426104178,0.523504479333337
56,"B_k10",0.1,0.0167527656007502,0.573481453153691,0.341345562444894,4.39703345090758,3.50993618089164,0.798250961717647,54,1.35,4.09014243453079,4.09014243453079,0.487067476643869,0.505199810595143,0.841765151379465,0.755257950565513,0.495647169265541
57,"B_k10",0.1,0.0172138717414231,0.530555951207822,0.421070422571297,4.56570002850177,6.53443580768457,1.43120129813452,82,2.05,4.27928206390443,4.27928206390443,0.482623279388283,0.50090302040913,0.928816797390006,0.875653997149679,0.493274336065647
58,"B_k10",0.1,0.0169233232686275,0.526905175393022,0.412635286056462,4.11484841389695,7.06997318216644,1.71816127133365,70,1.75,6.58938681877659,6.58938681877659,0.119417521110676,0.130656540250078,0.785998952327897,0.69129351142757,0.12575164193145
59,"B_k10",0.1,0.0173338808641953,0.468530538379649,0.547489506793619,4.21122585632116,5.04348183276454,1.1976279603228,62,1.55,5.5155680094702,5.5155680094702,0.232789559148407,0.248719972708693,0.781243221605752,0.676548124221812,0.244775857302389
60,"B_k10",0.1,0.0171438058319508,0.475140432357573,0.520751455976268,4.82740797043282,9.34810616629188,1.93646491523975,76,1.9,4.60477793572275,4.60477793572275,0.469655435814778,0.488070670722601,0.957467647607297,0.934795895729137,0.482895582416194
1,"B_k25",0.25,0.0379361189203831,0.581244028970652,1.70391834396522,4.00611683753782,21.6827959265652,5.41242225473673,126,3.15,5.37480060285313,5.37480060285313,0.217231065842489,0.255998903671429,0.989576106614346,0.98384619321725,0.253551143804448
2,"B_k25",0.25,0.0376566234314886,0.525650830660601,2.05280658444163,3.39165918256643,9.61316363705191,2.83435425542307,137,3.425,3.37900355060809,3.37900355060809,0.435315582942633,0.480641055393398,0.97872868035678,0.945153348709707,0.486272377253277
3,"B_k25",0.25,0.0382614627310748,0.462031888549173,2.74308476365374,3.94361378433327,19.1729221559438,4.8617646667409,175,4.375,5.39829797602425,5.39829797602425,0.204229260403536,0.242170736374029,0.985127006822479,0.97064448174617,0.261658716742044
4,"B_k25",0.25,0.0375179222249654,0.59118349156777,1.61099040045814,3.65213235635803,15.1700529282879,4.15375223241245,130,3.25,1.82265023775158,1.82265023775158,0.856767367895908,0.876661994081841,0.999343270434239,0.998665648336561,0.874568827288592
5,"B_k25",0.25,0.0378610642684958,0.562488374341377,1.8122517395592,3.69914630205882,29.5881643080335,7.99864668547057,151,3.775,5.56129336478515,5.56129336478515,0.149960640253562,0.182658938529064,0.995316788078162,0.992848526078508,0.182549859531576
6,"B_k25",0.25,0.0380623195850526,0.523027113030172,2.118371323785,3.86580222335052,18.6541661394792,4.82543209965655,156,3.9,4.3445986570188,4.3445986570188,0.342240377180035,0.38688551282656,0.992192105660309,0.985111391628469,0.394091244314469
7,"B_k25",0.25,0.0379512387060356,0.596338005512073,1.62004443093001,3.55944194216992,15.0201540842817,4.21980589325896,134,3.35,4.37048640680159,4.37048640680159,0.27721341856957,0.319330777524383,0.984313096180489,0.970231248679168,0.314771057029208
8,"B_k25",0.25,0.0378907063192737,0.531634425912888,2.0318853621331,3.88966446838646,10.0148905656219,2.57474408063181,146,3.65,1.64179663060686,1.64179663060686,0.908536200755957,0.922240712685062,0.998658937861893,0.995929808407164,0.9236830788939
9,"B_k25",0.25,0.0378018118426911,0.577727944865366,1.71253112516861,3.74122816221399,14.7571652827404,3.94447081089206,147,3.675,2.68031039804123,2.68031039804123,0.676054061138573,0.712190446453665,0.997158980250246,0.993745264781163,0.710215421256462
10,"B_k25",0.25,0.0382514954569339,0.633421882928296,1.45871585340528,3.56427478863089,9.64899329868161,2.70714068664385,110,2.75,4.77852737771875,4.77852737771875,0.217719514386447,0.256490247428395,0.94066714053372,0.886256383532936,0.248792595782941
11,"B_k25",0.25,0.0380512010400792,0.559141856239385,1.85247656314507,3.78280222364396,33.6976565117675,8.90812009709209,156,3.9,2.68150112428981,2.68150112428981,0.682627658469084,0.718296205290194,0.99980150012876,0.999695409205937,0.718925343588935
12,"B_k25",0.25,0.0384319739239206,0.522923604035018,2.16057268888064,4.35559333869757,14.9787751877061,3.43897467530455,151,3.775,1.91833826222341,1.91833826222341,0.897683869616649,0.91278307596894,0.999313620686375,0.998446560939093,0.915317901700274
13,"B_k25",0.25,0.0384029107716314,0.447480876791108,2.946044598212,3.65328745080731,18.0232161669487,4.93342404878813,183,4.575,3.09551935493819,3.09551935493819,0.560580529013012,0.603098527918807,0.997372905567776,0.993859493030259,0.627393112520854
14,"B_k25",0.25,0.0378334344044197,0.603337901751176,1.57286087028203,3.71103927687107,11.1585128615226,3.0068431048595,130,3.25,1.39362041352641,1.39362041352641,0.933913911518929,0.944230270168264,0.999432708829285,0.998565216978661,0.942959009819896
15,"B_k25",0.25,0.0381722839090552,0.586688169925377,1.69333006612371,4.06496305332263,17.1448714153857,4.21771887972556,130,3.25,6.03031995499978,6.03031995499978,0.15732000450082,0.190775767621315,0.971665021191242,0.952679110805991,0.18843395063038
16,"B_k25",0.25,0.0378065535325766,0.58172267825414,1.68951549318631,3.89525154152801,12.5099017164491,3.21157737390734,120,3,1.55470315124614,1.55470315124614,0.922014068618576,0.933961818465784,0.999420245298712,0.998756731048425,0.933192872898724
17,"B_k25",0.25,0.0380060126619343,0.542450417908778,1.96356151943486,3.75505464551324,9.93411834913211,2.64553229897785,152,3.8,1.53513965958692,1.53513965958692,0.915947063842487,0.928672329802277,0.998878612384584,0.996316646531449,0.929585371765864
18,"B_k25",0.25,0.0373614452517553,0.599543824899146,1.55333618117855,3.70016363385522,11.8137181767929,3.19275560375262,116,2.9,4.50887489699412,4.50887489699412,0.28268590125051,0.325277993338294,0.969390077573323,0.942654218705212,0.319118069972646
19,"B_k25",0.25,0.0376034813642014,0.612023915527612,1.51000822745496,3.67867816666835,10.5797118131252,2.87595471356681,124,3.1,1.96948880359299,1.96948880359299,0.830484168446327,0.853298978779938,0.997609092092514,0.994254257047245,0.849699289964114
20,"B_k25",0.25,0.0377367935450495,0.592738512478077,1.62130115169184,4.16047368327119,8.99895131548218,2.16296316250382,131,3.275,3.03103884375796,3.03103884375796,0.664969610100469,0.701788547436549,0.985534815838379,0.963823823391988,0.698021554741282
21,"B_k25",0.25,0.0381106552258588,0.555316600500221,1.88395927129444,4.29408025274333,16.1444806177387,3.75970630903431,146,3.65,4.65474471788347,4.65474471788347,0.370006674510393,0.415212636375501,0.986335135471804,0.974002876844981,0.416808335687938
22,"B_k25",0.25,0.0371847385396545,0.650620714257214,1.30657301220037,3.50193589664352,16.4402268817322,4.69461102857126,116,2.9,4.15078443078235,4.15078443078235,0.302539619753899,0.345647406169385,0.989486453110352,0.982271304514492,0.333618848822474
23,"B_k25",0.25,0.0376381543286284,0.625357714874987,1.44897070368871,3.55420389558041,10.4161037197507,2.9306432680193,112,2.8,2.63347073128621,2.63347073128621,0.653454186116514,0.690978772707248,0.992643295641725,0.984334582964947,0.683726856295468
24,"B_k25",0.25,0.0381341717883121,0.535515362645128,2.02835870498336,3.71331065271351,18.8307812038003,5.07115697148573,148,3.7,7.11957252121917,7.11957252121917,0.0532524448457375,0.0706203499089599,0.960888468683703,0.933288710136239,0.0727830566012195
25,"B_k25",0.25,0.0377141827921706,0.618729791957158,1.48616605970759,3.40543835973879,9.50044337695075,2.78978574073485,111,2.775,9.84534492919725,9.84534492919725,0.00360386382540079,0.00580319868143686,0.63308958885737,0.453776086452817,0.00534388198547364
26,"B_k25",0.25,0.037890382725483,0.559560343695541,1.83410467944157,3.77721069598632,19.8816007786928,5.26356679012347,144,3.6,2.75651868150282,2.75651868150282,0.663390145070518,0.700314447383383,0.998718598169647,0.997642255788341,0.700617810299117
27,"B_k25",0.25,0.0378673637852763,0.600230033920183,1.59204262002418,3.83617070649944,9.69126220465428,2.52628544090461,125,3.125,5.57789248452503,5.57789248452503,0.168581294814365,0.203183007311457,0.914002931336187,0.829351845696009,0.198812984726403
28,"B_k25",0.25,0.0378697773981532,0.533402603588001,2.01620753546375,4.03676573777913,17.0181835884556,4.21579667831265,150,3.75,2.93516818754593,2.93516818754593,0.667266815095432,0.704053344545106,0.997562174041058,0.995061875930827,0.707785544080207
29,"B_k25",0.25,0.037368081512001,0.589189609157247,1.60898292910069,3.65155867821261,19.7968880287226,5.4214897728038,120,3,4.50532683221322,4.50532683221322,0.273769583071437,0.315891642715702,0.992184797596137,0.987543964187567,0.311073799726704
30,"B_k25",0.25,0.0382556073181526,0.503902514506574,2.30545761394949,4.31669862177043,17.7789134651636,4.11863672286479,148,3.7,7.56377822364894,7.56377822364894,0.0814116187883408,0.104378958559756,0.950269638221746,0.915458679217184,0.110925408363298
31,"B_k25",0.25,0.0383891273491043,0.519126762168173,2.18740718651118,3.94120983057153,17.857575544899,4.53098827836564,146,3.65,4.58893224943552,4.58893224943552,0.315769580044655,0.359732459163631,0.989504635114971,0.98065742248116,0.36849929386427
32,"B_k25",0.25,0.0375422022825003,0.624234279339164,1.44678585567665,3.7148167506661,9.08829967668707,2.44650013356849,128,3.2,2.43151729691612,2.43151729691612,0.731409256407987,0.763467676785059,0.992631930396547,0.980565038327214,0.757285717272698
33,"B_k25",0.25,0.0384172055620256,0.508282031151051,2.28508321747471,3.88112788606669,11.3767974118691,2.93131217157569,156,3.9,3.29992410342446,3.29992410342446,0.55802704305888,0.600664299497203,0.988697639104472,0.970201505921873,0.610943300157316
34,"B_k25",0.25,0.0379924601513849,0.568297647623588,1.78773485631314,3.92286448719506,28.9899730103224,7.39000113436262,137,3.425,8.29807501242394,8.29807501242394,0.0315369111866356,0.0435341042782128,0.980665539763527,0.972483094715928,0.0433151084848077
35,"B_k25",0.25,0.0370305338535015,0.635476098848005,1.35825557429011,3.96248071950113,7.21326200291836,1.82039043557201,120,3,2.22340679105034,2.22340679105034,0.808844404430752,0.833810547172673,0.991109064517274,0.975020601459561,0.827874633386971
36,"B_k25",0.25,0.0374606199214,0.639728361195229,1.37157228818882,3.57135957310058,21.85884740663,6.12059552089644,118,2.95,5.03931262724604,5.03931262724604,0.185897426961263,0.222180679571156,0.991381530368733,0.986908321073904,0.213178961482662
37,"B_k25",0.25,0.0377960758568094,0.54197163303483,1.94536143966005,3.91839274679142,19.6658553273227,5.01885762815025,160,4,4.77751641821314,4.77751641821314,0.282225047414298,0.324875943786616,0.99072183032172,0.982692583858176,0.327831374862473
38,"B_k25",0.25,0.0373787469215059,0.655999918282469,1.29867923623541,3.71366388115355,9.23162197528764,2.48585285871916,118,2.95,7.53905063840087,7.53905063840087,0.0402224326610083,0.054402516433416,0.791433644101393,0.641073615484303,0.0501156043682522
39,"B_k25",0.25,0.0376527895882398,0.580643925045333,1.68203308064527,3.29152220889799,28.3444300694963,8.61134401368239,149,3.725,4.06152363175405,4.06152363175405,0.273709949271311,0.315946276887946,0.998159427317959,0.997094525384073,0.312803443630533
40,"B_k25",0.25,0.0386082190763771,0.515912016566092,2.24010431229686,3.90031997444746,23.3634364839234,5.99013328059915,164,4.1,10.1840921055607,10.1840921055607,0.00771049007101088,0.0118237619185633,0.93554293194102,0.898153257589819,0.0129555519290367
41,"B_k25",0.25,0.037921172783218,0.55389290088122,1.87487325514356,3.59770041169394,14.598513501945,4.05773461694978,144,3.6,1.66480740297824,1.66480740297824,0.88237036003791,0.89932129947444,0.999486541586496,0.998816746588004,0.899800939391707
42,"B_k25",0.25,0.037474044023744,0.624612412011094,1.4397924652491,3.83509512070977,9.80201121148593,2.5558717327647,118,2.95,2.71201068032079,2.71201068032079,0.684250817896788,0.719802623056108,0.991248085305295,0.980231719524526,0.712781426578648
43,"B_k25",0.25,0.0377989220793521,0.594705361138886,1.61590235702121,3.73647635125214,10.0697907895042,2.69499652690955,122,3.05,5.72532858485271,5.72532858485271,0.140410666910457,0.171899339146439,0.912675289556431,0.83239571443494,0.168314382015889
44,"B_k25",0.25,0.0380080226044058,0.496564111531084,2.34347263218476,4.06234725908345,19.6527853209826,4.83779058450475,154,3.85,3.44930038019066,3.44930038019066,0.558456185196857,0.600954466634178,0.997116883399214,0.994578760121549,0.612462447193436
45,"B_k25",0.25,0.0378771928067568,0.548822203860024,1.9052510680518,3.95099056985697,20.2539965064986,5.12630849109615,150,3.75,1.93632622041624,1.93632622041624,0.864152860292328,0.883272840922201,0.999700710785242,0.999426447881209,0.884105056836247
46,"B_k25",0.25,0.0377797466706667,0.57745967666967,1.71212215676847,3.70921622450907,12.399014627811,3.34275865232205,126,3.15,3.27665206964583,3.27665206964583,0.527889709808088,0.571392286925504,0.990586363150579,0.980514297459445,0.56896218675624
47,"B_k25",0.25,0.0378492437971174,0.582605592045596,1.68820471043668,3.74968719241002,6.52637359710509,1.74051147794822,132,3.3,4.37831390857243,4.37831390857243,0.313679396321203,0.357463839861315,0.905748827033209,0.754033866036102,0.354374726573948
48,"B_k25",0.25,0.0378584597377488,0.617515222969204,1.50345535543959,3.98322653934034,14.0666739147265,3.5314772523724,116,2.9,1.81469093716451,1.81469093716451,0.887049714670316,0.903425237930391,0.999258505416778,0.998570361822868,0.900805666219064
49,"B_k25",0.25,0.0379742728584436,0.548826941287575,1.91499692129755,4.22620247605138,11.358015870184,2.68752288479941,136,3.4,4.58314348781408,4.58314348781408,0.369545792228837,0.414706273588824,0.968612318266617,0.934066585313654,0.417051786415457
50,"B_k25",0.25,0.0376027302829146,0.594515299107003,1.60019415702052,3.66775518531611,8.94482203502316,2.43877292324031,124,3.1,1.89405177877278,1.89405177877278,0.844478232132029,0.865767418643435,0.996736847894126,0.991210143648753,0.863405723413757
51,"B_k25",0.25,0.0371020390845086,0.641891803982937,1.33638590877264,3.71741173592728,18.428805403465,4.95742917723051,126,3.15,5.5903968789505,5.5903968789505,0.150316996576076,0.182899769218572,0.980470616796331,0.968152370404137,0.174116511177918
52,"B_k25",0.25,0.0379918048600098,0.524918683856588,2.0953461605285,4.03009393265161,15.4976441875535,3.84547964552199,151,3.775,3.81697469712121,3.81697469712121,0.474823750703325,0.519714196108759,0.99186535464934,0.983188138724792,0.526255687246328
53,"B_k25",0.25,0.0379466788537305,0.5378969497415,1.99071629756088,3.81378408862391,11.2587463284925,2.95211948732916,158,3.95,3.38076481504747,3.38076481504747,0.526456402995681,0.570181423755846,0.987139864575415,0.965531776817034,0.574126572518291
54,"B_k25",0.25,0.0371669878632511,0.656635514586163,1.28152176563234,3.18317113027947,20.2084028047804,6.34851284385899,130,3.25,6.14145449569274,6.14145449569274,0.0536964525409811,0.0707911742550572,0.977080344488504,0.963376812953886,0.065502192286786
55,"B_k25",0.25,0.037522807452602,0.616290683166001,1.48278927570418,3.5064657288153,12.209513686127,3.48200000524521,112,2.8,2.05236533803883,2.05236533803883,0.789617363514403,0.816482794070558,0.998018022287392,0.995976013781852,0.811840732855962
56,"B_k25",0.25,0.0379109923833013,0.514933321243958,2.16814491106326,4.08147686546265,12.6971671116712,3.11092468001334,156,3.9,3.86109806448495,3.86109806448495,0.475930077199742,0.520838344140568,0.985893427994807,0.966794667236776,0.529086198222262
57,"B_k25",0.25,0.0375943687484426,0.635594328003375,1.39941188925085,3.83355290082652,16.5249994838671,4.31062252468311,120,3,6.13783396954409,6.13783396954409,0.119237410199384,0.14795579746255,0.965751286479389,0.94451641945039,0.141167216895087
58,"B_k25",0.25,0.0367479477761858,0.630140367726355,1.36035284192659,3.99665575130699,11.7132074276192,2.93075214791485,124,3.1,2.31520663038955,2.31520663038955,0.794723234378961,0.821110959724337,0.996940369775471,0.993335377008245,0.814857151617562
59,"B_k25",0.25,0.0376779393661636,0.577914670722669,1.70022672451445,3.87433761429768,17.8624724801824,4.6104584211411,148,3.7,3.57378648338115,3.57378648338115,0.495198150808107,0.53965981919591,0.995561014066557,0.991463868661598,0.536885585056103
60,"B_k25",0.25,0.0380913072455491,0.506222463580563,2.2647951168625,4.29154053233384,27.8182395413243,6.48211040574655,171,4.275,3.91026837011429,3.91026837011429,0.505392344766168,0.549700965399324,0.998518530898743,0.997494417624317,0.560011926833143
1,"B_k40",0.4,0.0572057623486457,0.701493334177503,2.66006622723896,3.06619789980576,15.6091104924596,5.09070549342183,156,3.9,2.33044167435389,2.33044167435389,0.635872397585413,0.695460003506476,0.998314643128515,0.996061339184967,0.690792457153278
2,"B_k40",0.4,0.0578266589144868,0.577593764156444,4.00932443400839,3.33440767449747,36.5282691122188,10.9549499275681,208,5.2,6.21503104103804,6.21503104103804,0.0610288128639316,0.0926812795389566,0.99634996418412,0.994003860057913,0.106145134787046
3,"B_k40",0.4,0.0585116124270924,0.529822456654817,4.87846731762681,3.32649818263546,31.2797329077684,9.40320156224663,224,5.6,4.75681522552379,4.75681522552379,0.178138156346698,0.235387681214184,0.997638023058402,0.995541719074738,0.274963045320722
4,"B_k40",0.4,0.0579979634864555,0.581955111043227,3.97288968562499,3.27925609936588,30.3188464852525,9.24564766110075,216,5.4,1.24582500595952,1.24582500595952,0.931469128428372,0.947555194176207,0.999985987623101,0.999971275510696,0.952263435268109
5,"B_k40",0.4,0.0587107203868888,0.512261266726341,5.25426256700777,3.00839634152354,35.460761345523,11.7872638176274,230,5.75,2.23490672750229,2.23490672750229,0.652406693724968,0.710607929672853,0.999916856621372,0.999841241283207,0.749794494753201
6,"B_k40",0.4,0.05754056402078,0.60894078243629,3.57156121930475,2.77494826044722,16.9109378769533,6.09414529200189,186,4.65,1.56135075782061,1.56135075782061,0.807489048997351,0.845838522229911,0.999699885096511,0.999157840868957,0.853271847910015
7,"B_k40",0.4,0.0573190876007042,0.668736497121322,2.93865414848554,3.03980048787061,20.9395922412709,6.88847584728797,191,4.775,0.975917895216852,0.975917895216852,0.958208698124321,0.968491513704821,0.999978560886518,0.999947434167131,0.968578965635892
8,"B_k40",0.4,0.0564777154087332,0.708146739912934,2.54429645248272,2.87661691691321,16.621721540009,5.77821865757682,150,3.75,1.27114020062933,1.27114020062933,0.895716932209716,0.918905240314213,0.99985980127576,0.999677493098373,0.916366038771851
9,"B_k40",0.4,0.058073075607928,0.622538329802979,3.48078704240058,2.85855986615591,18.1196210452187,6.3387236558335,189,4.725,7.98609193298726,7.98609193298726,0.0046045219920281,0.00939341890310053,0.931341650516959,0.862704258221219,0.0106315488402581
10,"B_k40",0.4,0.0579913280320359,0.683418969855555,2.88012967092537,2.95256808456725,27.244965241542,9.22754851410488,171,4.275,3.00446304081915,3.00446304081915,0.418575211221685,0.489742280387949,0.999285854860036,0.998733150597922,0.489069636721853
11,"B_k40",0.4,0.057137546314293,0.697695117115789,2.68269807050271,2.63283961116975,22.1048067793407,8.39580454713673,151,3.775,5.40887429668521,5.40887429668521,0.0375287499810473,0.0602430143358457,0.98788292817041,0.979061115358565,0.0582712179243727
12,"B_k40",0.4,0.0588150594525811,0.54022605763255,4.74117532202387,3.32445715088385,29.0361547385085,8.73410407193514,211,5.275,8.5870771992625,8.5870771992625,0.00852718998588853,0.0162497545026214,0.977203280274521,0.960127749987438,0.0229084747098809
13,"B_k40",0.4,0.0580156527533277,0.565085126440937,4.21621359694196,3.21059485777531,25.4581268467472,7.92941120711434,216,5.4,2.23357294089401,2.23357294089401,0.693331812161238,0.746979409815821,0.999724197962113,0.999382307336762,0.767604934167052
14,"B_k40",0.4,0.0578505458834005,0.624931348285756,3.42775910238908,2.9355626322339,20.7330746063743,7.06272602693435,192,4.8,4.55750059562656,4.55750059562656,0.133586140753912,0.183498141171047,0.992237962848176,0.983303068717951,0.192784941083181
15,"B_k40",0.4,0.0580725218503701,0.631934093887082,3.377985567075,3.3148451891946,22.5118661884634,6.79122701170038,197,4.925,6.0662230165307,6.0662230165307,0.0671011184147314,0.100562428995309,0.984754230290016,0.969779191141054,0.106489414928726
16,"B_k40",0.4,0.0584731079489443,0.546892063523911,4.57266205027069,3.19094228656253,24.2811844571639,7.60940884434515,216,5.4,2.98801724634617,2.98801724634617,0.483401684168141,0.553211346940527,0.999022435809179,0.99779409840819,0.589106845428915
17,"B_k40",0.4,0.0583673267566638,0.553668324110817,4.44529146356918,3.22858471750546,19.7039977824035,6.10298304255979,204,5.1,4.16991145567997,4.16991145567997,0.242123671635002,0.306844968542046,0.993629509507911,0.98497137872265,0.340556330934222
18,"B_k40",0.4,0.0578684574714243,0.552702622342796,4.38491069929485,3.11478708247832,44.7410549711705,14.3640813276944,214,5.35,6.20133366280964,6.20133366280964,0.0437002470495561,0.0691205890441717,0.998121606007376,0.997104644088372,0.084206204660215
19,"B_k40",0.4,0.057788948508985,0.629947096319391,3.36621165424775,3.25781174748697,41.2838811531625,12.6722734010055,212,5.3,3.86704091754482,3.86704091754482,0.301495245044053,0.370400828506584,0.999587547926798,0.99932906275676,0.380927907493602
20,"B_k40",0.4,0.0579772941088348,0.609756999320252,3.61628198142723,3.44840006971399,18.0930780666507,5.24680364832243,197,4.925,1.73799530018253,1.73799530018253,0.85437148146527,0.885144603190272,0.999690056392539,0.999160835934477,0.891412120596379
21,"B_k40",0.4,0.0576999315975656,0.59700800473682,3.73637346793902,3.06875161535695,21.1815549597763,6.90233606844473,193,4.825,1.20159280389789,1.20159280389789,0.925932826640393,0.943182371906362,0.999954910326586,0.999890173839556,0.947166665201628
22,"B_k40",0.4,0.0570539550222623,0.674353500226363,2.86323022581505,2.5328405911103,29.8124329326083,11.7703550066448,159,3.975,4.84660722202513,4.84660722202513,0.0550357618253796,0.0841740830277395,0.99673530468712,0.994786648890198,0.0836699577393286
23,"B_k40",0.4,0.0572782921914106,0.677370567113332,2.86014116507939,3.38589870802127,32.8378991185222,9.6984292650954,160,4,6.40358079413804,6.40358079413804,0.0578196112180214,0.0880617598990037,0.994155504293841,0.991228068868478,0.0875047881114043
24,"B_k40",0.4,0.0575850917265235,0.611902954160992,3.54254207781887,3.21600096326179,29.3264481510536,9.11891771366559,203,5.075,2.90321093468484,2.90321093468484,0.511399523615082,0.579947859662742,0.999531291565123,0.999107149778849,0.593609557738611
25,"B_k40",0.4,0.0581602293274106,0.593794641291079,3.83742290926306,2.91077011122003,14.625539558946,5.02462887830597,170,4.25,4.00471326801615,4.00471326801615,0.201481004924242,0.261649191955175,0.985942818060229,0.965632123425469,0.281002834387115
26,"B_k40",0.4,0.057961785148146,0.581608071069314,3.97267143294688,3.32782293791886,25.5543904151568,7.67901144137729,209,5.225,2.79009843483337,2.79009843483337,0.566338469656078,0.63162066423608,0.999366850052627,0.998656199198975,0.652915711122946
27,"B_k40",0.4,0.0579098575220021,0.6086714650271,3.62075467259856,3.07997060803547,18.4124123826213,5.97811301659318,182,4.55,7.31072844536809,7.31072844536809,0.0154624873599123,0.027559255341547,0.950734819984878,0.902675583129846,0.0311945472073544
28,"B_k40",0.4,0.0569548380386088,0.671676139304111,2.87608285014821,3.27746204403836,29.0042304116059,8.8496007038019,162,4.05,9.28942120199595,9.28942120199595,0.00434162972852992,0.00883726765093074,0.970082426523121,0.954797824049026,0.00877312118342011
29,"B_k40",0.4,0.0579458838484555,0.563949928613625,4.22302918082599,3.46812021978126,24.9190440676173,7.18517308756643,211,5.275,1.84291701490718,1.84291701490718,0.832996792731465,0.867321359331092,0.999864526993451,0.999697054178751,0.880043703577274
30,"B_k40",0.4,0.0582758456238928,0.578307222454229,4.06181301835882,3.34028139173533,28.0735379428096,8.40454280656426,207,5.175,3.90386799467704,3.90386799467704,0.312867449336753,0.382175008121337,0.998374550971872,0.996858930868402,0.408568950638341
31,"B_k40",0.4,0.0576971280595675,0.641941818939814,3.2312982600401,3.01069598989253,20.7829737594494,6.90304628206295,194,4.85,2.61268852738872,2.61268852738872,0.541074664419998,0.608020227388551,0.998973365900474,0.997611703897937,0.614816142208595
32,"B_k40",0.4,0.0573106734952711,0.659537870079457,3.02031014111069,3.27959205549543,20.842869456743,6.3553238037084,196,4.9,4.39823456896693,4.39823456896693,0.217161636135193,0.279444791391674,0.993672899530483,0.986189288429457,0.281831769908063
33,"B_k40",0.4,0.0581565659841889,0.575775470878794,4.0808551706287,3.22955412351917,26.3149479370602,8.14816749638041,204,5.1,2.96413813957169,2.96413813957169,0.49869325159048,0.567842671599627,0.999274269104673,0.998520914258959,0.593076736439945
34,"B_k40",0.4,0.0579364354731985,0.589843479403467,3.85913498374538,3.13212965624939,23.0045804816512,7.34470887428023,188,4.7,4.06364645764318,4.06364645764318,0.239275463655044,0.303511527876925,0.996259128854365,0.992495030794633,0.324298062105258
35,"B_k40",0.4,0.0570028898561457,0.629071601130842,3.28438136048811,3.0883475607239,24.0593725140587,7.79037075361403,177,4.425,1.75484462648574,1.75484462648574,0.80484027944328,0.843744191942466,0.999872462589709,0.999742501100105,0.848070585415793
36,"B_k40",0.4,0.0579311155885337,0.567189866125813,4.17279307968812,3.0642158288765,29.3448089138516,9.57661292566684,200,5,7.86221629121822,7.86221629121822,0.00906061079832921,0.0171183559748338,0.982957764308372,0.970737895515812,0.0217235798545201
37,"B_k40",0.4,0.0566517963892613,0.698622289334058,2.63028305668816,3.1945490388487,17.1398838788145,5.36535319081895,150,3.75,6.78132855308451,6.78132855308451,0.0323538922881094,0.0525055974869821,0.952324657232851,0.914227513517208,0.0503415372816871
38,"B_k40",0.4,0.0571762718022616,0.668601264486875,2.92521149492076,3.21241183878327,21.4475529586646,6.67646430004068,174,4.35,3.63581823557787,3.63581823557787,0.33673207650791,0.406861818923697,0.996925454749564,0.993873223696444,0.407237812561026
39,"B_k40",0.4,0.0579093225343521,0.613756669969816,3.56093880376252,3.63119529587442,23.4393862136125,6.45500566720913,179,4.475,2.30568375906511,2.30568375906511,0.749032218786609,0.795974476717468,0.99961827941358,0.999237414777793,0.805061367453009
40,"B_k40",0.4,0.0580414124680705,0.569443285025944,4.15561193211328,3.14794114521449,16.3859358208317,5.20528658731172,199,4.975,2.04058167299903,2.04058167299903,0.736932159977182,0.785423885869967,0.999161210756184,0.997498820253796,0.803018088666754
41,"B_k40",0.4,0.058224456598338,0.547090420784787,4.53056805143441,3.41867580104121,27.4732107148991,8.03621411147898,206,5.15,2.4334028952106,2.4334028952106,0.680712427874296,0.735933834193764,0.999713718042758,0.999422239789678,0.76205325316785
42,"B_k40",0.4,0.0576763655626367,0.604830167289118,3.6373816707162,3.26106017990723,19.8095893350515,6.07458563847019,203,5.075,2.67732154525114,2.67732154525114,0.581722516460422,0.645848872834736,0.99870329737327,0.996790550814266,0.660257350733373
43,"B_k40",0.4,0.0578346353401432,0.625622969540635,3.41830353313458,3.62650518224028,29.8819767694232,8.23988255021976,202,5.05,3.03103729879321,3.03103729879321,0.56941351853142,0.634589806938645,0.999508922848041,0.999086331388617,0.644923407174811
44,"B_k40",0.4,0.0573147155781529,0.613591641756849,3.49006410669647,3.23099321177459,17.9470438098728,5.5546522798219,174,4.35,6.35674954089886,6.35674954089886,0.0469305481761845,0.073477322796851,0.966255387885659,0.932853626120126,0.0794736713427587
45,"B_k40",0.4,0.0570794176090191,0.66668653230753,2.932079177627,2.77328791238226,21.3279018684586,7.69047518407057,152,3.8,3.093465670283,3.093465670283,0.347896476676178,0.41848030530181,0.998142617990536,0.996539838106871,0.419018315251229
46,"B_k40",0.4,0.0580952060024519,0.602188424866124,3.72285204529083,3.27754551791354,23.1484930586367,7.06275257875683,199,4.975,2.54703405203832,2.54703405203832,0.621090859310358,0.682136151314511,0.999375390252081,0.998628575991064,0.697274320597699
47,"B_k40",0.4,0.0581070313577806,0.607514196419853,3.65935468541584,3.20939690079583,18.7614370422759,5.84578275052975,210,5.25,3.28276779100242,3.28276779100242,0.415026929483174,0.486460563716949,0.996855226697043,0.991746412286338,0.503703636944697
48,"B_k40",0.4,0.0570238517494048,0.723933066118283,2.48185418289022,2.4611392155019,17.3181573729925,7.03664273191504,166,4.15,2.63828491463133,2.63828491463133,0.378378174339144,0.449605015985747,0.997894856941284,0.995082136233887,0.439518390710092
49,"B_k40",0.4,0.0578355787773017,0.581023018983254,3.96335967343842,3.37902031040288,27.4145725688352,8.11317188133935,180,4.5,4.13887420487513,4.13887420487513,0.278879849624216,0.346532065640869,0.99785207309488,0.996191229751808,0.370420295911978
50,"B_k40",0.4,0.0585019519875139,0.518810149690706,5.08608692057435,3.33489132524581,23.5225744653336,7.05347556223584,220,5.5,3.67277143965745,3.67277143965745,0.357802666501789,0.42890066109009,0.997735966621299,0.994829585703917,0.478416029433554
51,"B_k40",0.4,0.0568257166341199,0.68761926005185,2.73183062093909,2.76444043225484,14.2381295906191,5.15045628203522,179,4.475,1.59919289693052,1.59919289693052,0.79535480742115,0.835601647944121,0.999428078000723,0.998199972260059,0.833430772341227
52,"B_k40",0.4,0.0584420127557513,0.537716116814999,4.72502611789462,3.26151138581773,22.7971747618296,6.98975783465304,209,5.225,2.36228554726462,2.36228554726462,0.669730090831842,0.726189742666309,0.999517304055895,0.998869176808269,0.75599008091418
53,"B_k40",0.4,0.0585586213986214,0.521338303078935,5.04664099350407,3.26170364397166,32.6166677025254,9.99988694951121,242,6.05,3.47369376384568,3.47369376384568,0.383201622563642,0.454543954277035,0.999396344260468,0.998778027341749,0.502885296717388
54,"B_k40",0.4,0.0578558691714464,0.605720461601435,3.64930655191026,2.96357660003939,18.2689300790512,6.16448722088315,181,4.525,1.84458540634554,1.84458540634554,0.758126547171492,0.803696113273306,0.999577925609824,0.998949363962245,0.813659834647947
55,"B_k40",0.4,0.0578052143161512,0.601014023430802,3.7001967021271,3.33923356947213,19.7489558279104,5.91421816325126,194,4.85,4.45366809183974,4.45366809183974,0.220945163441182,0.283556656575614,0.992150946806297,0.982612461323826,0.300571199090933
56,"B_k40",0.4,0.0571844546597871,0.629509769544244,3.30073767329522,3.00088833608162,26.5174488870985,8.83653302532522,202,5.05,2.90696325052481,2.90696325052481,0.45674273881131,0.52730059172344,0.999328365553576,0.998636386450262,0.536163007081538
57,"B_k40",0.4,0.0580302304744774,0.614993989608096,3.56144990009279,3.22964215831912,17.4308220342832,5.39713726159531,190,4.75,2.71714752166602,2.71714752166602,0.564953977120123,0.63052617293345,0.998026898992844,0.994927988135552,0.643802557237985
58,"B_k40",0.4,0.0578773416885673,0.591031419760314,3.83580044156288,3.18742891031689,26.7824946818058,8.4025386715662,221,5.525,3.14615379352652,3.14615379352652,0.442435602146063,0.513434540034504,0.99916027588479,0.99819481241485,0.534369845022547
59,"B_k40",0.4,0.0577128801041558,0.607327710850695,3.61209606820578,3.55665572932587,23.4638964874024,6.59717956223155,187,4.675,6.97098901012958,6.97098901012958,0.0483351952392446,0.0752406787245293,0.978991345130747,0.961756722769284,0.0826026419303098
60,"B_k40",0.4,0.0582398094795825,0.569368102349332,4.18517494211374,2.89553989339422,24.2545086203968,8.37650645937573,208,5.2,2.81293408380276,2.81293408380276,0.455278567322403,0.526043936568826,0.99918405083529,0.998195283723119,0.554446666632674
1,"H5_k25_ar03",0.25,0.0468757017460516,0.321442160879449,8.50647986009981,3.66053330195085,32.9212611754295,8.99356964131003,239,5.975,8.90743424796238,8.90743424796238,0.0129248299505778,0.0190852855683108,0.982818668454835,0.96951554002973,0.0558804658187168
2,"H5_k25_ar03",0.25,0.0460894157077195,0.343193141314768,7.2141504691969,3.4326653484662,30.1224615093211,8.77523977767905,228,5.7,5.60900817528197,5.60900817528197,0.110784195575764,0.138140595443829,0.995117424139746,0.990683202309085,0.22813437361592
3,"H5_k25_ar03",0.25,0.0470370967843145,0.293635809371745,10.2641496037034,3.54032208901265,41.0360728381584,11.5910563520516,246,6.15,16.4306259492692,16.4306259492692,1.42399820766137e-05,3.33366421495507e-05,0.937422394932404,0.904894825841187,0.00059789416059064
4,"H5_k25_ar03",0.25,0.0466281693317953,0.3036719542408,9.43077432835356,3.44440000418902,33.229650458693,9.64744234649858,234,5.85,4.32467483140443,4.32467483140443,0.26160200185527,0.303203635524786,0.998642301258847,0.997433376692229,0.466106862536998
5,"H5_k25_ar03",0.25,0.0467141865334469,0.320290730006141,8.50881015313063,4.15886887449586,49.5297928750294,11.9094384482207,243,6.075,9.62627072675275,9.62627072675275,0.0181180620073708,0.0260904356767806,0.993917369224123,0.990783262719627,0.0711229768523283
6,"H5_k25_ar03",0.25,0.0466724227266779,0.342364730892171,7.43365915451715,3.4731993783928,31.0087686839131,8.9280128508667,214,5.35,6.44347049429174,6.44347049429174,0.0635204943469192,0.0829024022662814,0.992847381737645,0.987297601964526,0.155582108546784
7,"H5_k25_ar03",0.25,0.0467033249828574,0.349772582623211,7.13155219732746,3.74920993061924,44.5359055163312,11.8787441462301,231,5.775,9.01193698526307,9.01193698526307,0.0143917511002696,0.0210429973338913,0.992868706692524,0.988978655706997,0.0501276143656265
8,"H5_k25_ar03",0.25,0.0465757368402929,0.3068423269819,9.21613705566137,3.68398954230313,45.1687293278048,12.2608190954762,245,6.125,11.4690460146738,11.4690460146738,0.00180511012312645,0.00305919908601093,0.984553077866487,0.976115232618957,0.0150542080508349
9,"H5_k25_ar03",0.25,0.0468492246840276,0.292225312314639,10.2808528836564,3.50179471372281,32.6386432631625,9.32054729971988,241,6.025,4.8233286932783,4.8233286932783,0.20061905280269,0.238110398540323,0.997883801421227,0.995907647308074,0.410349733913886
10,"H5_k25_ar03",0.25,0.0474981769337395,0.338304595443153,7.88493429748454,3.68447031782806,38.7914649859132,10.5283695184659,224,5.6,10.1130037349543,10.1130037349543,0.0054113649196621,0.00849148873392891,0.983771045682474,0.974355778173744,0.0269418431845276
11,"H5_k25_ar03",0.25,0.0468311134827723,0.319284847691932,8.60542535455248,3.76247958840798,43.5665678642317,11.5792170669731,242,6.05,7.3321787066811,7.3321787066811,0.0497908819681906,0.0662474398478771,0.996323390431494,0.994033588309675,0.145689604979906
12,"H5_k25_ar03",0.25,0.0471894768826759,0.314521933007256,9.00426867193839,3.50574653315912,41.734853270795,11.9046978656459,231,5.775,13.1810788533842,13.1810788533842,0.000242274913718976,0.000470803084063331,0.969111502804899,0.953057147964311,0.00338970530307481
13,"H5_k25_ar03",0.25,0.0468328763833945,0.275243000917981,11.580547362778,3.84155554117539,50.1004760155797,13.0417159087203,257,6.425,10.2982499803929,10.2982499803929,0.0062557789864307,0.00974647203408985,0.992513665888722,0.988436442773994,0.0502113126189506
14,"H5_k25_ar03",0.25,0.0473339695348152,0.269543272566987,12.3352754365096,4.00153045415975,43.615478181943,10.8996991730009,267,6.675,5.12147604568525,5.12147604568525,0.248326880407006,0.289191380627719,0.999051557776862,0.998334316492496,0.505736510576304
15,"H5_k25_ar03",0.25,0.0470092616983818,0.336281537282766,7.8166524787672,3.82190229943811,29.3761706268798,7.68626938244827,234,5.85,5.07494179350936,5.07494179350936,0.223703760294519,0.263045365925691,0.996580657606335,0.993200007458859,0.390392961923031
16,"H5_k25_ar03",0.25,0.0471045336281171,0.296386512965301,10.1034229411402,3.25714869504213,40.4325282344102,12.413473261431,232,5.8,10.8651434723435,10.8651434723435,0.000920318279003851,0.00163318658987921,0.98125581182641,0.970448193938833,0.0108972398213187
17,"H5_k25_ar03",0.25,0.0467614291186184,0.310690394588978,9.06107842116251,3.85888327441425,44.3296115892947,11.487678801589,249,6.225,8.58590040399639,8.58590040399639,0.0233223319588978,0.032945052478519,0.994012475575482,0.990349010975845,0.0904000078604917
18,"H5_k25_ar03",0.25,0.0465364857186644,0.305486813550035,9.28244151816442,3.76665445043127,37.9888701643866,10.0855734616264,241,6.025,5.88141470685392,5.88141470685392,0.131094063758429,0.161409959539293,0.997396397865089,0.995450483883944,0.296553859914156
19,"H5_k25_ar03",0.25,0.0465764217500353,0.313623548153108,8.822159491509,3.72500446079172,42.0674341673251,11.293257393411,237,5.925,12.012952628786,12.012952628786,0.00133138982025716,0.00229708477835699,0.977736818980797,0.965509632278532,0.0111730351287067
20,"H5_k25_ar03",0.25,0.0469077137420088,0.287027448424269,10.6832074833076,3.79565531233986,74.5527268047566,19.6415956323489,284,7.1,8.88291031602711,8.88291031602711,0.0166454022260706,0.0241515843143272,0.998857404077087,0.998373071608787,0.0861045237442435
21,"H5_k25_ar03",0.25,0.0472948268067677,0.28622498060625,10.921246283867,3.83835048238971,38.8087112925813,10.1107784374134,256,6.4,12.1568374477488,12.1568374477488,0.00145266361853236,0.00250810283185621,0.971618105259943,0.9530791702945,0.0173498544085819
22,"H5_k25_ar03",0.25,0.0465308849091018,0.30060684447299,9.58395764160917,4.03723449428814,48.3769529179739,11.9826958246833,246,6.15,15.9145509277288,15.9145509277288,0.000130990208581094,0.000265698133715686,0.965087310740143,0.949004804652293,0.0024884691522864
23,"H5_k25_ar03",0.25,0.0466569732453378,0.349650815095989,7.12236169277577,3.29987841196426,35.5251031675125,10.7655794342938,216,5.4,12.0755105669039,12.0755105669039,0.000347704587305264,0.000657658931852545,0.961962024457906,0.940460269940142,0.00287582421080823
24,"H5_k25_ar03",0.25,0.0467941760771962,0.316589392916662,8.73878150739664,3.69003323735669,43.3146372267486,11.73827834076,241,6.025,7.55941876562713,7.55941876562713,0.0381688441326713,0.0518558462527057,0.995775641086448,0.99316461783503,0.12267041665356
25,"H5_k25_ar03",0.25,0.0467713518194864,0.334294024385914,7.83001527119062,3.50438663217905,31.4436745255028,8.97266136012819,208,5.2,11.1742912812098,11.1742912812098,0.00145625791783421,0.00250215868228176,0.958601140192195,0.933353712469548,0.0099957510946278
26,"H5_k25_ar03",0.25,0.0467526533411325,0.296072568974239,9.97415640046392,4.09213920033715,59.6582361641432,14.5787406643518,265,6.625,6.71891553974219,6.71891553974219,0.107689622328478,0.134839052938862,0.999122704985147,0.99867664666496,0.272915443718354
27,"H5_k25_ar03",0.25,0.0466123344236691,0.335286574108893,7.73088783103172,3.66095555842199,30.2649735264299,8.26696009920297,230,5.75,9.44811947795769,9.44811947795769,0.00862504694295163,0.0130986290515391,0.973178951781359,0.95245128996821,0.0372696400249102
28,"H5_k25_ar03",0.25,0.0467083838846183,0.300342849197644,9.67420041971861,3.91663978653997,39.4770311073351,10.0793111592756,245,6.125,7.65343544525566,7.65343544525566,0.0483459649668163,0.06461146841987,0.994263409526059,0.990290771695373,0.158072579153566
29,"H5_k25_ar03",0.25,0.046573987589859,0.295835673073489,9.91392784962276,4.15722020938544,36.2180098282254,8.71207393499598,257,6.425,10.368562599358,10.368562599358,0.0106181052348138,0.0159458763070176,0.979675048739649,0.964774510477926,0.0585429807201684
30,"H5_k25_ar03",0.25,0.0469780610594439,0.30069212507115,9.76351187186657,4.08064257225687,33.1383650566782,8.12086931650828,239,5.975,10.170754121657,10.170754121657,0.0110506732638566,0.0164828219909605,0.975016577667004,0.956870444811967,0.0583385690932208
31,"H5_k25_ar03",0.25,0.0468090785244865,0.341076431170846,7.53384627928859,3.47804829774921,33.2623601231013,9.56351300372302,215,5.375,9.60971506096702,9.60971506096702,0.00528306265662359,0.00828058542065491,0.9778687491889,0.963565918276092,0.0248354210920984
32,"H5_k25_ar03",0.25,0.0466437670139747,0.358714817555779,6.76314335257786,3.69311030730928,40.6252038511372,11.0002681941921,221,5.525,11.8456932625116,11.8456932625116,0.00136067858259625,0.00235029095175476,0.976488485458481,0.964243344477405,0.00770633645669649
33,"H5_k25_ar03",0.25,0.0469155909541508,0.285398532525381,10.8091340337357,4.06495077103088,50.7574962494421,12.4866201606102,261,6.525,10.6367429066189,10.6367429066189,0.00763341690066199,0.0117138479172513,0.991963891170664,0.987634891421037,0.0519019329816302
34,"H5_k25_ar03",0.25,0.0466546728055837,0.336332783075561,7.69682984032756,3.40206666776023,27.9397813819681,8.21259078981024,199,4.975,15.7056473877309,15.7056473877309,1.70810592818871e-05,3.93395835436294e-05,0.854538731330959,0.780018737353732,0.000326349424364381
35,"H5_k25_ar03",0.25,0.0465630928148532,0.29887321123727,9.70889155570556,3.83516530969852,38.1267066142818,9.94134633984761,245,6.125,4.49182350882584,4.49182350882584,0.311451829690652,0.355207153415334,0.999055347943626,0.998302952743401,0.525000035910034
36,"H5_k25_ar03",0.25,0.0464936310554155,0.336504809030521,7.63597276973544,3.68118494768677,29.2514366491872,7.94620130878471,222,5.55,9.33591816319427,9.33591816319427,0.00975769536401128,0.0146950782714547,0.971634220111391,0.950055787863424,0.0403525270120068
37,"H5_k25_ar03",0.25,0.0466788766744471,0.293633491167364,10.1085672883042,3.93217078735196,35.6950473580541,9.07769506677308,243,6.075,7.81956726007178,7.81956726007178,0.044685158715457,0.0599888918977753,0.991388432273933,0.984916911483356,0.154924281871531
38,"H5_k25_ar03",0.25,0.046553347411889,0.378599396195511,6.04786357491361,3.54331780914368,29.7675883792094,8.40104951985761,186,4.65,17.4216330685443,17.4216330685443,7.63507880230385e-06,1.83325629478093e-05,0.83738109462114,0.768767151367434,9.8391204176318e-05
39,"H5_k25_ar03",0.25,0.0465735797939983,0.300610191871815,9.60133959330904,3.21113790357058,42.9689825816537,13.3812324079495,225,5.625,13.3745355867957,13.3745355867957,7.83256774058438e-05,0.000162497936367245,0.969138064901527,0.954072823663575,0.00165841340477102
40,"H5_k25_ar03",0.25,0.0472887800015298,0.293452417677869,10.387255808852,3.72800797371733,59.9477175875204,16.080361954737,249,6.225,9.73674454609929,9.73674454609929,0.00766683405709989,0.0117738020073375,0.996543013089201,0.995014049301344,0.049548357672407
41,"H5_k25_ar03",0.25,0.0468036293598429,0.319501143301024,8.5836938830626,3.34059852975156,43.6680872074183,13.0719351093847,223,5.575,11.4495994202233,11.4495994202233,0.000702264509307104,0.00126855032685214,0.982475994798221,0.973682118915086,0.00673518130331219
42,"H5_k25_ar03",0.25,0.0464639068468645,0.300309259133731,9.57533537820459,3.6841054983351,44.1975419219714,11.9968176649515,243,6.075,9.24414635027713,9.24414635027713,0.0104230876459656,0.0156363160953927,0.992129639117602,0.98750522670914,0.0549866504176738
43,"H5_k25_ar03",0.25,0.0469191029008995,0.333255072319478,7.92877062599938,3.63972847084336,65.2782656445795,17.9349273352399,221,5.525,21.9930720502363,21.9930720502363,1.81721850900374e-07,5.72259849396239e-07,0.958687705345275,0.946926705272777,1.07225368876085e-05
44,"H5_k25_ar03",0.25,0.0468369232707017,0.280965836875942,11.1155172039221,3.92279693312366,40.052046694334,10.2100739286653,270,6.75,8.25516848612627,8.25516848612627,0.0322194294010374,0.0444379852017865,0.992966249624437,0.98754197309795,0.137590148723502
45,"H5_k25_ar03",0.25,0.0467430248379379,0.299022537539104,9.77430242143697,3.53552089416794,48.4699494466215,13.7094224295423,245,6.125,4.46934168592672,4.46934168592672,0.256940601402883,0.298273096784911,0.999584208123855,0.999330637410646,0.467471655167019
46,"H5_k25_ar03",0.25,0.046682321609459,0.287825579311566,10.5221892581037,3.88585415011781,49.7308588242249,12.7979221306382,253,6.325,11.3897960387732,11.3897960387732,0.00302259374916114,0.00495260998400648,0.989079182566902,0.983386860614439,0.0267228083872941
47,"H5_k25_ar03",0.25,0.0467937651043644,0.318183395659189,8.65129154853936,3.77611213160153,42.9734861975701,11.3803522511775,240,6,9.28760944609948,9.28760944609948,0.0123394252725935,0.0182380574571371,0.991157847065014,0.98594591337374,0.0546413674421529
48,"H5_k25_ar03",0.25,0.0471993426126292,0.32666472359289,8.35078717698655,3.73872169818145,41.0942290909568,10.9915186013833,233,5.825,7.75786758199045,7.75786758199045,0.0354202629131892,0.0484209856934543,0.994546635823516,0.991168921143873,0.112115903595145
49,"H5_k25_ar03",0.25,0.046863642476137,0.296661900851839,9.98179217165055,3.87418080244515,39.4036472060132,10.1708333233039,230,5.75,13.5269354858265,13.5269354858265,0.000524519842011406,0.000972161154964124,0.961978531429192,0.941681353026424,0.00731950345004861
50,"H5_k25_ar03",0.25,0.0463827687008376,0.338035538641443,7.53092993464871,3.95458343335444,21.958114349975,5.55257329122759,195,4.875,7.7099443164177,7.7099443164177,0.0494289350970036,0.0658600269091633,0.966962919853167,0.938184284025967,0.131203601148021
51,"H5_k25_ar03",0.25,0.0467812664239924,0.295133591326237,10.0500137326367,3.77285259173369,38.5840895132517,10.2267683603089,244,6.1,4.27322019214796,4.27322019214796,0.336452512856365,0.380931378315599,0.999248719595639,0.998654882494856,0.556596671735655
52,"H5_k25_ar03",0.25,0.0464462374651693,0.307617599521423,9.11882140844866,3.70062098482593,31.6425588114601,8.55060784155082,228,5.7,11.0472946568266,11.0472946568266,0.00259428026572972,0.00429475050546535,0.961623460010995,0.935236357330388,0.0193105507504823
53,"H5_k25_ar03",0.25,0.0467461848207218,0.305279848445887,9.37898972560083,3.94123379788524,43.7086421753605,11.0900911787607,235,5.875,10.1813082901981,10.1813082901981,0.00846202269227225,0.0128806131837732,0.988875371905708,0.982737150292517,0.0462987745643104
54,"H5_k25_ar03",0.25,0.0467662133711907,0.312743363243035,8.9443379565063,3.79726637954549,41.6649249644144,10.972347157115,247,6.175,7.56795814326387,7.56795814326387,0.0440706322411561,0.0592334739857364,0.99527789611594,0.992134911682311,0.138391973697078
55,"H5_k25_ar03",0.25,0.0469823280932207,0.280251507844944,11.241729789594,3.8451966669028,48.4074942720888,12.5890815127227,257,6.425,9.82325612861749,9.82325612861749,0.00907991707520006,0.0137676011557563,0.992808321400331,0.98873538429816,0.0614283611464823
56,"H5_k25_ar03",0.25,0.0467588331371421,0.26327295377062,12.617544032916,4.13199053119998,49.9443259635651,12.0872314654266,273,6.825,9.95968658978882,9.95968658978882,0.0134946922900656,0.0199087302891106,0.993441657531579,0.989551780790498,0.0922513796641746
57,"H5_k25_ar03",0.25,0.0466986941704979,0.358866225368622,6.77336206547002,3.37501252117559,31.8560911904096,9.43880681643024,203,5.075,11.4403506311062,11.4403506311062,0.000887575801536866,0.00156553959362715,0.955735710969587,0.930212056060566,0.00540717715065941
58,"H5_k25_ar03",0.25,0.046564066026183,0.30030531819209,9.61691411307751,3.89382423361803,39.017220958301,10.02028304756,243,6.075,9.07584754183871,9.07584754183871,0.0173072590653016,0.0250041826293592,0.989290076830485,0.982167236691674,0.078294652060608
59,"H5_k25_ar03",0.25,0.0466287203731935,0.296988742172902,9.86022924000885,3.68828014111635,54.303849847725,14.7233528284239,229,5.725,14.6840367110136,14.6840367110136,0.000121532693886484,0.000247101718186982,0.980216512327645,0.972402476667769,0.00248692279805263
60,"H5_k25_ar03",0.25,0.0464911441580881,0.289534594927212,10.3133447357513,4.11032247092348,42.4784672602425,10.3345826418088,264,6.6,8.16963379882955,8.16963379882955,0.0441459776585702,0.0594181265525633,0.994491023332293,0.990614734998487,0.15727062507375
1,"H8_n800_k25",0.25,0.0368371068102583,0.553583119471054,3.54238154339249,3.97720794947432,26.3367439525794,6.62191775918087,276,3.45,2.587074566515,2.587074566515,0.735625930733326,0.767365487562462,0.999612922268454,0.999384858279811,0.793523560986714
2,"H8_n800_k25",0.25,0.0363562179101835,0.614082933139914,2.80409890436875,3.98745863276621,21.2353631085019,5.32553815956965,244,3.05,3.85338524098431,3.85338524098431,0.459110679459442,0.504196753162874,0.996542802346497,0.994536121495557,0.52727586013779
3,"H8_n800_k25",0.25,0.0369692506192523,0.524730840379127,3.97098367447488,4.06873572238923,17.4371214132579,4.2856362769658,286,3.575,7.13256174393668,7.13256174393668,0.081079378990246,0.104041897101206,0.954783092274436,0.923018094106223,0.134050706858875
4,"H8_n800_k25",0.25,0.0371721145651258,0.501913628947382,4.3879992395265,3.98870557911383,23.3903582151653,5.86414759155072,312,3.9,4.7170341544551,4.7170341544551,0.30434123321937,0.348025163478027,0.994822857869303,0.991145016886811,0.407494378597026
5,"H8_n800_k25",0.25,0.0362455300604847,0.609078565430495,2.83303712255406,3.48629763952795,18.3024315558702,5.24981899088465,238,2.975,8.66145029684223,8.66145029684223,0.0112054325003108,0.0167176528676296,0.92250321436914,0.884260390336008,0.0204465720877155
6,"H8_n800_k25",0.25,0.0363576570020882,0.613464019089855,2.80998222212423,3.62211346984621,10.4577134777609,2.88718549676052,210,2.625,4.00074085753819,4.00074085753819,0.355595579325911,0.4005279153419,0.971708741626407,0.946783646446305,0.424205920937601
7,"H8_n800_k25",0.25,0.0367341690084308,0.58774881998431,3.12497750053321,3.43974582538402,18.3443410878009,5.33305134130163,266,3.325,8.98806201572936,8.98806201572936,0.00765952425567185,0.011756769663156,0.914238091796798,0.866367429692176,0.0154794387910819
8,"H8_n800_k25",0.25,0.0364903985389061,0.57954470432674,3.17156281097951,3.59328202447949,14.8583781540836,4.13504368787639,254,3.175,5.97945459898767,5.97945459898767,0.101818135997512,0.128118408515936,0.957601080844389,0.926073938889564,0.149005213997838
9,"H8_n800_k25",0.25,0.0367452945903272,0.613664038425969,2.868349755912,3.61328524985178,14.8495057068066,4.10969648948024,258,3.225,2.71348720581723,2.71348720581723,0.645385107801519,0.683511883512676,0.997022651765613,0.994096054755175,0.703511886461203
10,"H8_n800_k25",0.25,0.0370595053214906,0.547646117651759,3.66344095664752,3.66106286597072,39.5037864859692,10.7902507911442,274,3.425,4.3120552725473,4.3120552725473,0.307359382645406,0.351011983842674,0.999278344059924,0.999014737758443,0.393969379724626
11,"H8_n800_k25",0.25,0.036771833562678,0.556797782906105,3.48919759019874,4.31855622158734,13.6025547812884,3.14979221835594,266,3.325,3.14127381036482,3.14127381036482,0.666803489872782,0.703595624324597,0.994422955519427,0.988671830791091,0.733526472260032
12,"H8_n800_k25",0.25,0.0364842751092292,0.588813855552881,3.07146371271478,3.59541740338499,13.8747035226608,3.85899659650036,238,2.975,1.25690768762986,1.25690768762986,0.94636293792261,0.954930976705723,0.999795371857002,0.999578129709204,0.959873913703366
13,"H8_n800_k25",0.25,0.0366488178957735,0.559355662964139,3.43426536994405,3.91429447294099,17.4589858516826,4.4603148721626,292,3.65,2.7282583286348,2.7282583286348,0.694678641970691,0.729584053413563,0.998224121443404,0.996492139242451,0.756918069656777
14,"H8_n800_k25",0.25,0.0367416125868082,0.522392015696506,3.95743101481527,3.93751326451407,18.9130797197897,4.80330565238711,278,3.475,4.08798661729574,4.08798661729574,0.403509727829151,0.449042526309107,0.994102793366341,0.989549352271476,0.49918404431329
15,"H8_n800_k25",0.25,0.0366120380678997,0.593291791281441,3.04649955091981,4.01292029137086,23.3530373885458,5.81946206077474,278,3.475,5.02071460167052,5.02071460167052,0.263971861566073,0.30580903141113,0.993438741600305,0.989529509992103,0.333755333650046
16,"H8_n800_k25",0.25,0.0367627062325892,0.562125708198591,3.42166934727163,3.73439524355677,16.6454918171205,4.45734603101806,284,3.55,2.90783600014192,2.90783600014192,0.620566683983102,0.660120478604836,0.997322752067419,0.994686839015516,0.691398675532256
17,"H8_n800_k25",0.25,0.0365414438420574,0.575660361962748,3.22350791511027,3.88328704585505,18.4837667681233,4.7598250013098,274,3.425,4.0708678824643,4.0708678824643,0.396025441261958,0.441484429414719,0.993642039180446,0.988739557471587,0.474869372140688
18,"H8_n800_k25",0.25,0.0365317140348499,0.556049023083342,3.45305838556454,3.99457326237557,25.7798131358715,6.45370893023508,276,3.45,2.73355452256309,2.73355452256309,0.705293490594636,0.739391514501149,0.999489309333344,0.999183084019747,0.766324366738987
19,"H8_n800_k25",0.25,0.0362370670656446,0.622059153328944,2.71476784565359,3.8558433095562,24.7278672859908,6.4130892520207,232,2.9,10.8579292967634,10.8579292967634,0.00425286174960826,0.00680492292785539,0.931808775560527,0.90792461745063,0.00839726218402048
20,"H8_n800_k25",0.25,0.0363249308835761,0.633220023710552,2.63263287880562,3.57312319660756,14.4121639388016,4.03349203086113,230,2.875,8.98231950005538,8.98231950005538,0.0103046482701856,0.0154692367563227,0.856995099942729,0.782451242422009,0.0182492869931308
21,"H8_n800_k25",0.25,0.0368528385062716,0.546411782433239,3.63908134767787,4.10086540986049,26.8698941725986,6.55224970514521,282,3.525,3.04478990161107,3.04478990161107,0.653768333280681,0.691432292448719,0.999333792152132,0.998948607534658,0.724747776546488
22,"H8_n800_k25",0.25,0.0365857547363836,0.590670229899105,3.06919059552307,3.82117786404578,14.0559413888314,3.67843159594494,230,2.875,12.5924816314081,12.5924816314081,0.000958628384687632,0.00170649771483955,0.687584213898284,0.566999717610692,0.00243682735857176
23,"H8_n800_k25",0.25,0.036540797564329,0.627524550325794,2.71259270400515,3.72888693379961,20.7577084790502,5.56673046074337,238,2.975,5.32065663190931,5.32065663190931,0.179369851427773,0.215033950342998,0.988186872879745,0.981837361111544,0.232911141049196
24,"H8_n800_k25",0.25,0.0363680564047723,0.625402698996642,2.70527032465321,3.95137046390989,20.1630814466656,5.10280714775455,232,2.9,1.17958881313226,1.17958881313226,0.966809400553636,0.972350558593215,0.999955023577489,0.999924957492028,0.974639658472641
25,"H8_n800_k25",0.25,0.0363963424039148,0.61701327030671,2.78366174961827,3.47140339897055,20.1136516992293,5.79409805993565,242,3.025,3.48693512853186,3.48693512853186,0.429212339380156,0.474628698149671,0.99694562505741,0.995014096779755,0.497547846083178
26,"H8_n800_k25",0.25,0.0364970647748601,0.612414672013476,2.84128428985273,3.8484624705605,13.305831124334,3.45744078995686,242,3.025,6.446911403687,6.446911403687,0.099321215550258,0.12517634374947,0.933868228534895,0.886841285112236,0.140634511820414
27,"H8_n800_k25",0.25,0.0368406442348042,0.536864110802816,3.76717394982781,4.1568320486357,22.7006147554499,5.46103727306,278,3.475,3.65495664294274,3.65495664294274,0.532394206287654,0.575869005824433,0.997755470307544,0.996293987153644,0.618119941328832
28,"H8_n800_k25",0.25,0.0364328226490265,0.596395702817326,2.98542809290564,3.83054099600301,14.7128865168276,3.84094218863074,254,3.175,6.93353463371708,6.93353463371708,0.0705026680411673,0.0914084286314243,0.935084242008975,0.890523883559791,0.1060486879263
29,"H8_n800_k25",0.25,0.0362290417561522,0.60842335470077,2.83655970250242,3.89288850421636,17.4171720706914,4.47409990083892,256,3.2,12.1682928839705,12.1682928839705,0.00165794632524596,0.00283634671116451,0.802032391168137,0.715952053000375,0.00372301048914658
30,"H8_n800_k25",0.25,0.0369338925605317,0.555913103685729,3.53123262090741,4.2687370167982,24.5072169855932,5.74109318263299,288,3.6,2.01708665125961,2.01708665125961,0.877041570751411,0.894667978136959,0.999821809363709,0.999699511090117,0.908571473984846
31,"H8_n800_k25",0.25,0.0369463251422421,0.521125048510567,4.02113436924444,4.12826189282966,23.9786251006498,5.80840695748931,295,3.6875,5.86782788116628,5.86782788116628,0.181249735792383,0.217243339029836,0.989851938597307,0.983723962956031,0.261834852594413
32,"H8_n800_k25",0.25,0.0360911633129448,0.661296063407426,2.38286738841145,3.46694806354325,9.01087404942229,2.59907961823146,188,2.35,2.98699092392675,2.98699092392675,0.546153273931227,0.588920831012568,0.98345847284797,0.967732962628054,0.601385625775283
33,"H8_n800_k25",0.25,0.0368420894221915,0.581033761379378,3.21644222932857,3.59855724481025,24.4382167732468,6.79111519164825,244,3.05,4.65815038525794,4.65815038525794,0.240637760551254,0.281015780009827,0.995351881357712,0.993032479656971,0.31194326086676
34,"H8_n800_k25",0.25,0.0362517824553203,0.628504927626259,2.66152986217503,3.48106653274755,14.7592947089464,4.23987722443704,254,3.175,5.13688904032119,5.13688904032119,0.160121486296417,0.193921656940648,0.97258555203635,0.950567433206117,0.210018226479254
35,"H8_n800_k25",0.25,0.0367009140898449,0.537530562777409,3.72938675986366,3.86185714813025,27.2452290459874,7.05495516818336,304,3.8,3.56105374664343,3.56105374664343,0.495853765241985,0.540361072138078,0.998827826034381,0.998097014085454,0.583224951599796
36,"H8_n800_k25",0.25,0.0365910126653775,0.580508586370381,3.17849512059536,3.78791341635785,18.5013075168235,4.88430053256415,270,3.375,5.30746163637144,5.30746163637144,0.190107415683699,0.226752231803039,0.984021145373265,0.972797255146606,0.254609957322333
37,"H8_n800_k25",0.25,0.036679491179005,0.525251050036666,3.9012405831093,3.80844214351341,16.5780534518703,4.35297500320605,282,3.525,3.89752257207014,3.89752257207014,0.414909245891301,0.460456082132562,0.992503204447252,0.985697355435562,0.509172431334154
38,"H8_n800_k25",0.25,0.0364356230869702,0.616672571662775,2.79275683877232,3.90121516169551,22.151347645687,5.67806355906292,234,2.925,4.85347355849417,4.85347355849417,0.267951822993106,0.309869581974245,0.993011372008118,0.989482073362677,0.332092257408143
39,"H8_n800_k25",0.25,0.0367226286014182,0.583547211694693,3.16814836334874,3.99465424959653,15.6362291295627,3.91428848470228,252,3.15,9.44177109885911,9.44177109885911,0.0156397532111526,0.0227950919264661,0.870552559933956,0.800750592262758,0.0292389009488259
40,"H8_n800_k25",0.25,0.0364757614144306,0.605739545849818,2.90086063389718,3.61302250876827,15.4220383602334,4.26845897660654,242,3.025,5.36544296882145,5.36544296882145,0.156652025618121,0.190075822095832,0.972517568653474,0.953075480771739,0.210578119083257
41,"H8_n800_k25",0.25,0.036379971695186,0.601075743645142,2.9305983168201,3.63212223560589,21.376976262763,5.88553327121079,252,3.15,6.91405723844986,6.91405723844986,0.0556935887239527,0.073520317780306,0.973873907016517,0.960250930026627,0.0855820799442288
42,"H8_n800_k25",0.25,0.0363029559561558,0.633668332254294,2.62572934078244,3.55739369668202,17.4697678079092,4.91083340711017,240,3,3.39044850731272,3.39044850731272,0.46983284595927,0.51473976759101,0.995796046580961,0.992783071578038,0.533600749004923
43,"H8_n800_k25",0.25,0.0366722425543816,0.584374370323093,3.1505226291236,3.78676664731707,18.411033029453,4.86194021025755,252,3.15,1.65355191147829,1.65355191147829,0.899769562041197,0.914591501825275,0.999769285025044,0.999582493108965,0.923793336949438
44,"H8_n800_k25",0.25,0.0365908964328649,0.56361084878139,3.37192104872158,4.08833232962635,18.5400434522999,4.53486702094846,268,3.35,3.16251836759044,3.16251836759044,0.625382904815573,0.664678840986364,0.997507373876938,0.995566576184671,0.694801828294403
45,"H8_n800_k25",0.25,0.0365349269897414,0.538070984079862,3.68830925719356,3.68927897222962,20.6350832433383,5.59325640556464,280,3.5,5.62747664806821,5.62747664806821,0.142480673669256,0.174284345279269,0.98553270865466,0.975957996688471,0.208454243302189
46,"H8_n800_k25",0.25,0.0368367531086095,0.514015369471298,4.10866245735858,3.9211932896758,19.620070186109,5.0035967973747,306,3.825,5.12001026903959,5.12001026903959,0.234634494224801,0.274851219271255,0.988388601939886,0.979084755835656,0.325256738654886
47,"H8_n800_k25",0.25,0.0366162184648631,0.570884114312198,3.29109979564691,3.69140690368635,13.0316890534504,3.53027704435309,256,3.2,3.13743532042872,3.13743532042872,0.557733936091281,0.600274668732195,0.992933903026266,0.98543977333726,0.631735857837428
48,"H8_n800_k25",0.25,0.0366365824058506,0.575069503563004,3.24697706668531,3.94213028203751,19.6494403715358,4.98447259875437,276,3.45,3.84762990809034,3.84762990809034,0.451560365596562,0.496803822481463,0.995685469039863,0.992478875950715,0.530107813295803
49,"H8_n800_k25",0.25,0.0366256133217005,0.568354240482686,3.32216799296721,3.93257408479267,18.6204835683392,4.73493522737306,296,3.7,4.48820331498169,4.48820331498169,0.330842866181724,0.375304448644988,0.991348279382612,0.984158634968858,0.410834837356401
50,"H8_n800_k25",0.25,0.0364930250874639,0.580387191610474,3.16281710765993,4.06108754258964,17.3131176716651,4.26317273146617,268,3.35,6.99019591790267,6.99019591790267,0.0881177647627752,0.112244954843351,0.956506692890493,0.928140314297241,0.131485821471087
51,"H8_n800_k25",0.25,0.0364783517611626,0.604682422694429,2.91142570436453,3.60000478110019,21.0941309930619,5.85947304953726,220,2.75,2.76429824302542,2.76429824302542,0.630034204421563,0.669016390399577,0.998882764859542,0.99827067285775,0.690337783809161
52,"H8_n800_k25",0.25,0.0368099052730555,0.533077794675539,3.81450511746413,3.83410523885054,34.1212487041565,8.89940327104479,332,4.15,4.75006249733222,4.75006249733222,0.270838475882423,0.31312073246335,0.998363001489908,0.997495416138135,0.358676503118808
53,"H8_n800_k25",0.25,0.0370134604466798,0.507092458264334,4.26221215854546,3.75341288658018,22.4787459785153,5.98888176115265,298,3.725,4.43097457580316,4.43097457580316,0.305721589423362,0.3494874881741,0.995159085629093,0.991727217240476,0.406194179449583
54,"H8_n800_k25",0.25,0.0368972994868597,0.522114286261331,3.99528712967624,4.00389633981304,21.6604455506812,5.40984174222966,278,3.475,12.0721417290578,12.0721417290578,0.00222103904587623,0.00373629764691363,0.87841982683707,0.82447349546409,0.00641904318064368
55,"H8_n800_k25",0.25,0.0367000744826152,0.560108920502406,3.43462162014806,4.04149715293872,19.0864099319546,4.72260877830291,262,3.275,4.92283082786782,4.92283082786782,0.282965960091103,0.325758961636548,0.989081810459203,0.981842908207571,0.363035709872566
56,"H8_n800_k25",0.25,0.0359913189100181,0.662126439585991,2.36376147496652,3.97356071254642,12.2823098168173,3.09100846956642,230,2.875,3.57705292420887,3.57705292420887,0.513889222780731,0.557827306155276,0.987671869119695,0.976637293207597,0.570271413125791
57,"H8_n800_k25",0.25,0.0368960393025457,0.558092285182624,3.49653150168878,4.00805535456805,13.8646717856396,3.45920167241149,258,3.225,6.50143255903893,6.50143255903893,0.112509205850072,0.140486744868756,0.940554421045017,0.895857431424967,0.167966955847288
58,"H8_n800_k25",0.25,0.0365998807481679,0.580511663292288,3.18000225686546,4.14567663255058,16.7254042630501,4.03442085466276,252,3.15,3.77892606061489,3.77892606061489,0.505050635110635,0.549345089577941,0.993749376626462,0.989028889044792,0.580079192536635
59,"H8_n800_k25",0.25,0.0364306060031708,0.604296212294113,2.90752216287954,3.75978114518558,16.070951196792,4.27443794630731,264,3.3,1.99901982709909,1.99901982709909,0.833414842506446,0.855924718694145,0.999261825062808,0.998539162471403,0.867689729600259
60,"H8_n800_k25",0.25,0.0368646603562498,0.554780253150288,3.53238858103231,3.93241886073465,18.6183373368533,4.73457635013352,268,3.35,2.23068455127119,2.23068455127119,0.805789791718016,0.831173430511005,0.999324219447098,0.99875974722934,0.851618338211978
1,"H3_k40_lam50",0.4,0.155603691928947,1.51867537772363,4.19923212161772,3.58423992092528,52.8725702023146,14.7514037477339,212,5.3,4.25236675583692,4.25236675583692,0.301267156992226,0.369013785829419,0.999741586598778,0.999621498288073,0.397991821154005
2,"H3_k40_lam50",0.4,0.162282086432852,1.21186422576548,7.17287439932453,3.64413146786232,57.982890986561,15.911306026666,250,6.25,4.59040652260388,4.59040652260388,0.259107090033003,0.324361006248409,0.999764145148878,0.999641872425351,0.415818384997483
3,"H3_k40_lam50",0.4,0.163314091346305,1.19050090895003,7.52744942817463,3.39967664562662,53.0685471306119,15.6098807805383,247,6.175,2.58813514407756,2.58813514407756,0.633440858258434,0.693123104720164,0.999965880188328,0.999945470615384,0.767240197178307
4,"H3_k40_lam50",0.4,0.161510186594211,1.28161853852801,6.35246480286657,3.65363877305363,62.7683834661285,17.1796905400334,248,6.2,3.66813411967303,3.66813411967303,0.42686270973584,0.497306283519007,0.999928543043963,0.999894070657977,0.571014449705733
5,"H3_k40_lam50",0.4,0.164236747009404,1.18074280357427,7.73909264621494,3.02025382394236,57.5225844913092,19.0456126684825,239,5.975,7.20383021282954,7.20383021282954,0.0156273165347618,0.0276235362806447,0.99859792986589,0.997940383486271,0.0571331849045191
6,"H3_k40_lam50",0.4,0.157446425112024,1.4311737711907,4.84106443292286,2.8609833963989,38.9311893850568,13.6076250683801,202,5.05,4.56020328015187,4.56020328015187,0.122500894694667,0.169426342770789,0.998966389397605,0.998329908399428,0.202612957429959
7,"H3_k40_lam50",0.4,0.156724867331174,1.44323113677097,4.71697998266316,3.46750226558596,43.9192630493584,12.6659652064962,220,5.5,1.11433798658815,1.11433798658815,0.956746905625657,0.967336826764884,0.999997726630897,0.999996187748478,0.972331430559681
8,"H3_k40_lam50",0.4,0.154453616770645,1.53553519630932,4.04703169178508,3.30810258750889,39.0172354717509,11.7944454380214,201,5.025,1.42295789482911,1.42295789482911,0.900538909777536,0.92270872052706,0.999989768082804,0.999982834196152,0.929723449710928
9,"H3_k40_lam50",0.4,0.15870957030238,1.4280374167628,4.94068367671277,2.98355799494317,60.1317589672479,20.1543791235716,206,5.15,10.9669619739511,10.9669619739511,0.000373693530118069,0.000975901678869739,0.994399334580992,0.992464969704474,0.00172512323329554
10,"H3_k40_lam50",0.4,0.158347560353171,1.450952233739,4.76405222518773,3.28520221571698,47.677642224685,14.5128485536102,224,5.6,2.06566359930004,2.06566359930004,0.748563119411006,0.795106821247321,0.999978637500968,0.999965655164954,0.819610145688622
11,"H3_k40_lam50",0.4,0.155196045454709,1.56180879604,3.94971322463377,2.68836736440307,43.5129933021507,16.1856574656836,189,4.725,4.66777010124183,4.66777010124183,0.0862590548622169,0.124891906183619,0.999228391305156,0.99884300377722,0.139946242150276
12,"H3_k40_lam50",0.4,0.163426101605243,1.20152789324027,7.40005791868098,3.44561345270149,52.9363008551344,15.3633893011505,234,5.85,9.07514951759858,9.07514951759858,0.0083809013553805,0.0156987395655878,0.995684309232092,0.993644198758058,0.0335153947203024
13,"H3_k40_lam50",0.4,0.162858061650516,1.20823811343266,7.26730607691383,3.33526614480539,57.6370696790558,17.2811005708868,249,6.225,1.82938365205222,1.82938365205222,0.816162387005315,0.853081388641108,0.999994332482476,0.999991108311427,0.893291289186056
14,"H3_k40_lam50",0.4,0.160985801683197,1.31223850993074,6.02018147681968,2.89443489854899,55.4131339864639,19.1447159562107,245,6.125,1.99589293025068,1.99589293025068,0.693652768772056,0.746823155863394,0.999989451536185,0.999983317290723,0.792535154978903
15,"H3_k40_lam50",0.4,0.158998526605091,1.39783228800651,5.17530626125855,3.76883268266653,58.2686109347176,15.4606521013003,229,5.725,5.87531857120761,5.87531857120761,0.134066258149771,0.18276462449184,0.999374749376463,0.999097897633823,0.22284317504952
16,"H3_k40_lam50",0.4,0.162568200740552,1.218811845166,7.11635913170263,3.40807328206228,47.6645513994943,13.9857765530944,241,6.025,6.93888199679986,6.93888199679986,0.0401005967304197,0.0636347053927988,0.997705198613925,0.996383731246805,0.106948447584129
17,"H3_k40_lam50",0.4,0.162127846940166,1.21810039509759,7.08612899342158,0.660320433736558,48.0381116429444,72.7496972509407,235,5.875,2.75298199036854,2.75298199036854,8.49219629832643e-05,0.000256704200056523,0.999917911997046,0.999863434020801,0.000913923812647655
18,"H3_k40_lam50",0.4,0.162378158418453,1.23066757600866,6.96359809032923,3.39921704465343,62.2254348964119,18.3058139798061,247,6.175,2.54999981737889,2.54999981737889,0.640238858640546,0.698961379524809,0.999982229675199,0.999973349581797,0.76405608884643
19,"H3_k40_lam50",0.4,0.160943190790324,1.2977662889484,6.15194194536119,3.59305764060509,56.9410978722609,15.8475325385183,249,6.225,2.63420638146309,2.63420638146309,0.653907813001503,0.711113518389981,0.999971069724724,0.999954995081898,0.762943170081952
20,"H3_k40_lam50",0.4,0.162181598966739,1.25561154542205,6.67348281171845,0.631875176813089,50.1213062873107,79.3215307809707,251,6.275,5.2255633776025,5.2255633776025,5.83683010257907e-08,5.97536972124502e-08,0.999117901002981,0.998554624888313,5.29349636346765e-08
21,"H3_k40_lam50",0.4,0.160801508195878,1.29550114339324,6.16260916728698,0.628784708131795,43.9956053610129,69.9692673693191,231,5.775,2.8884948510091,2.8884948510091,6.01657259899913e-05,0.000174175402094523,0.999841638993002,0.999727760178288,0.000467014612219763
22,"H3_k40_lam50",0.4,0.154757494748723,1.52436441953159,4.12273828296142,0.473146898126643,60.5135374358518,127.895876894568,190,4.75,3.54424607600907,3.54424607600907,0,4.15635075246001e-08,0.999897663362805,0.999859386339493,1.02954582859027e-07
23,"H3_k40_lam50",0.4,0.156862948350635,1.42329039705908,4.85862857683643,4.1381085894631,43.4200823814456,10.4927363414306,215,5.375,6.01075619064746,6.01075619064746,0.170680835407334,0.225570914516832,0.998185446964033,0.997184738414475,0.263331802229035
24,"H3_k40_lam50",0.4,0.159311694582991,1.32943924245415,5.74405139905664,3.51987584761068,66.6883088958453,18.9462105435093,235,5.875,5.10725995839617,5.10725995839617,0.170963603932814,0.226169993825248,0.999781692949968,0.999692804571534,0.281428186171452
25,"H3_k40_lam50",0.4,0.159887870502011,1.33391097496001,5.74694891105839,0.531532505510364,43.484574041084,81.8098114231625,212,5.3,5.51257292264643,5.51257292264643,0,0,0.998189517870416,0.997116858268497,0
26,"H3_k40_lam50",0.4,0.161468936234503,1.27632657571263,6.4019803255018,3.36213236752648,55.253036418947,16.4339265617899,250,6.25,2.74032151786996,2.74032151786996,0.584618930409319,0.64830617285219,0.999964419047154,0.999943652495989,0.711533064435728
27,"H3_k40_lam50",0.4,0.160300338347046,1.32947310902926,5.81526827299988,3.06236802399758,46.5022915019538,15.1850761037043,208,5.2,9.43149934425881,9.43149934425881,0.00216370966056467,0.00473601812662228,0.992352935002287,0.988823948145113,0.00901652908180062
28,"H3_k40_lam50",0.4,0.15606234169679,1.49299768939865,4.37056877299526,3.73430284069432,46.4328682894669,12.4341464177645,205,5.125,5.10486417417222,5.10486417417222,0.206113591680107,0.265909424382696,0.999198600404428,0.998796895388831,0.296105775722676
29,"H3_k40_lam50",0.4,0.162077376861645,1.2593110109307,6.62580710801587,3.77848164069073,61.2466848125792,16.2093376749564,248,6.2,3.95066875065899,3.95066875065899,0.394978718937743,0.465208266719723,0.999892551348539,0.999839895415026,0.545315008965481
30,"H3_k40_lam50",0.4,0.162025742803302,1.26228148575571,6.59045818591914,3.63610575262228,60.6185817476181,16.6712922757819,247,6.175,3.52055213283903,3.52055213283903,0.452963848079838,0.5225022629961,0.999930270845307,0.999895153879605,0.599098002218006
31,"H3_k40_lam50",0.4,0.159074435207645,1.38523483007012,5.2748967783414,3.29739590936959,57.3376102143472,17.3887551844841,225,5.625,2.56434559861519,2.56434559861519,0.617082204897697,0.678030168753329,0.999975058225031,0.999962908731362,0.719956454870306
32,"H3_k40_lam50",0.4,0.159115356469248,1.40927555530498,5.0990861054317,3.75351565465894,62.5016954318248,16.6515078615022,250,6.25,3.615375552363,3.615375552363,0.458229521810684,0.528101926596286,0.999934707410061,0.99990243359982,0.575298656058278
33,"H3_k40_lam50",0.4,0.16118233531283,1.25188303783202,6.63082198613664,3.64235664102231,57.0806345924719,15.6713469377482,238,5.95,6.47823797353624,6.47823797353624,0.0783234550025164,0.114427305461621,0.999050342866509,0.998602991917124,0.167494803733585
34,"H3_k40_lam50",0.4,0.158710803009441,1.33917927468909,5.61817845967735,3.27932974247219,46.7839628770263,14.2663185928223,222,5.55,5.79758580748216,5.79758580748216,0.0807711159746265,0.117495038061303,0.998687871056046,0.997975107303095,0.156020954163604
35,"H3_k40_lam50",0.4,0.158434156534617,1.35969339901298,5.43094800861627,3.16977404229921,48.7974651468751,15.3946194573162,223,5.575,4.67224991263831,4.67224991263831,0.161950252580437,0.215961198038459,0.999517645306073,0.999254008136911,0.264375432499382
36,"H3_k40_lam50",0.4,0.160603374897517,1.28023825953078,6.29488386528858,3.24343122313864,53.7023773418198,16.55727334642,241,6.025,4.39162413571022,4.39162413571022,0.211718207761131,0.272503882972982,0.999731970400463,0.999585656095469,0.342895581088287
37,"H3_k40_lam50",0.4,0.152881697977193,1.59237033967414,3.68708226249534,3.84608772351324,32.5652297375627,8.46710529728003,186,4.65,4.31364507860508,4.31364507860508,0.342185807932831,0.411590269318048,0.99855719984911,0.997615846167771,0.429353587319927
38,"H3_k40_lam50",0.4,0.157189676376251,1.43587158483957,4.79376597672112,3.30486305106693,44.7136032647061,13.5296387698337,217,5.425,2.3479962555416,2.3479962555416,0.676895246043692,0.732040158180993,0.999955725344952,0.999928051486287,0.762168719505416
39,"H3_k40_lam50",0.4,0.160441826262573,1.28992724421462,6.18820587747143,4.03747077322166,46.6524813405175,11.5548777838686,228,5.7,5.78264834627002,5.78264834627002,0.178058092132479,0.234483036845581,0.998792299363839,0.99811722506687,0.299430830249886
40,"H3_k40_lam50",0.4,0.160341999197196,1.30083494379601,6.07729321329124,3.4412303917091,50.5670736996396,14.69447492428,238,5.95,3.96473831915941,3.96473831915941,0.32268715053692,0.391762781700502,0.99977570123948,0.999646364795196,0.46194732993368
41,"H3_k40_lam50",0.4,0.162018259221177,1.24140989367141,6.81329997024053,3.62343322138394,53.5368258753481,14.7751655969253,242,6.05,4.60285721296336,4.60285721296336,0.253493930168228,0.318288886714423,0.999672670269426,0.999496258555259,0.402037716427425
42,"H3_k40_lam50",0.4,0.159075324476916,1.33542409358493,5.67580167620076,3.62156669844045,48.1531288534056,13.2962148326971,234,5.85,2.84832490071861,2.84832490071861,0.606649288757311,0.668132651695348,0.999924678718282,0.999878497907569,0.717212439083618
43,"H3_k40_lam50",0.4,0.161332964641924,1.2949505894493,6.20868783908275,4.38818834030535,61.2791364381684,13.9645638896858,257,6.425,5.35910570223114,5.35910570223114,0.280130159815808,0.345859443301018,0.999642285945711,0.999467706416608,0.417017057804256
44,"H3_k40_lam50",0.4,0.159108173718943,1.35385668158294,5.52458408148678,3.56116657121048,50.5025664545608,14.1814670683586,229,5.725,5.78334149900467,5.78334149900467,0.115175400175119,0.160011098626237,0.999011797757939,0.998499185048086,0.203481647303552
45,"H3_k40_lam50",0.4,0.15613170495521,1.43333356686496,4.74621767741922,2.99918800865255,38.3190851326056,12.7764865097008,202,5.05,2.55646656669825,2.55646656669825,0.55283819662695,0.618750226558399,0.999883084213323,0.999804900910303,0.655237136203012
46,"H3_k40_lam50",0.4,0.161519212486964,1.28753778990002,6.29489367425386,3.81001266618194,48.429663093993,12.7111554047732,232,5.8,6.27009179989062,6.27009179989062,0.108551541290678,0.152261338526797,0.998525213776451,0.99772313656999,0.207938218382483
47,"H3_k40_lam50",0.4,0.159968663049102,1.33361066278412,5.7553495196119,3.36035411884142,46.7448088069233,13.9106793968012,236,5.9,3.87941211671037,3.87941211671037,0.321675776228713,0.391137991834602,0.999729031635362,0.99955951165548,0.454819054553052
48,"H3_k40_lam50",0.4,0.154183705712859,1.58321422732992,3.79365281048647,2.57293136465172,33.2786687739141,12.9341455551881,187,4.675,0.711414624885819,0.711414624885819,0.973470440230505,0.980234966726258,0.999998928327248,0.999998056535508,0.981857887480501
49,"H3_k40_lam50",0.4,0.160881284847329,1.27403620312653,6.37833764033398,3.55686848166631,63.170476164054,17.7601383041467,238,5.95,3.19089591630197,3.19089591630197,0.511899133933774,0.579558751580874,0.999958904729542,0.999939965484177,0.648364609889255
50,"H3_k40_lam50",0.4,0.164202530828873,1.1368515054116,8.3447283223133,3.51075270744815,61.1302980447552,17.4123053199007,264,6.6,2.90263847856481,2.90263847856481,0.57315056925322,0.637458600084916,0.99996866184765,0.999951399266907,0.731912202813062
51,"H3_k40_lam50",0.4,0.156385005562914,1.45885916699382,4.59645987973752,3.05030254190383,44.0985212214862,14.4570974897337,206,5.15,2.49670699837594,2.49670699837594,0.581229902727116,0.644986607330992,0.999935815893744,0.99989827755444,0.677280494888451
52,"H3_k40_lam50",0.4,0.162927185658744,1.1706441390077,7.74813738216412,3.48242155441601,54.0242220548382,15.5134067517848,253,6.325,1.68531807048447,1.68531807048447,0.863440994838165,0.892387622748533,0.999994391471908,0.999990900514337,0.925881763887244
53,"H3_k40_lam50",0.4,0.164498040531067,1.17719001949818,7.81067031333138,3.39115644281623,61.9059656769635,18.2551193732463,261,6.525,4.08621044460205,4.08621044460205,0.289834234678706,0.357360476423827,0.999889528012765,0.999831358283196,0.463151372608823
54,"H3_k40_lam50",0.4,0.160605133866308,1.32516595434117,5.87541164268631,2.99984480723941,53.4113602438828,17.8047078018794,228,5.7,4.24141012838515,4.24141012838515,0.185262073960793,0.24301812526514,0.999756738582634,0.999631760033779,0.302829755148504
55,"H3_k40_lam50",0.4,0.16159706284781,1.26265993658165,6.55170169667902,3.88665248379684,68.4019819590427,17.5992019467152,248,6.2,5.38690825249247,5.38690825249247,0.197750547765527,0.256438990892379,0.999757794870949,0.999656404552482,0.330265330896297
56,"H3_k40_lam50",0.4,0.158843378840453,1.36982913165064,5.37855270417506,3.24043864030757,55.0063654475456,16.9749751664252,222,5.55,4.2718986874469,4.2718986874469,0.228945461892238,0.290814526850064,0.999769966201638,0.99965983734971,0.34276913586985
57,"H3_k40_lam50",0.4,0.159693790526632,1.36009781923888,5.51436821020833,3.66168857807587,43.121154964231,11.7763032122437,229,5.725,1.29620470860364,1.29620470860364,0.943000107382617,0.95661423841775,0.999995646342313,0.99999251078361,0.965567724522791
58,"H3_k40_lam50",0.4,0.161502011527112,1.29451223660483,6.22592010217165,3.37035546699774,70.0284731039763,20.7777707098523,251,6.275,2.93840612774848,2.93840612774848,0.533689784860509,0.600419901959498,0.999980531243541,0.999971889312242,0.664970373998358
59,"H3_k40_lam50",0.4,0.161032041257929,1.27354755762858,6.39520179727509,4.07747647108913,64.9918574161578,15.9392354258755,240,6,3.76579207608898,3.76579207608898,0.489099253345336,0.557461389329254,0.99992661580582,0.9998945341455,0.627981276717593
60,"H3_k40_lam50",0.4,0.161533957308826,1.26538455341572,6.51842389394469,2.86775158398651,55.0224800751176,19.1866270364429,237,5.925,2.57216396791633,2.57216396791633,0.514022979658585,0.582027896556938,0.999970445732218,0.999954111149593,0.653569791260234
1,"H1_k15",0.15,0.0237746014310269,0.594715363374254,0.639246215451748,3.64411491754459,4.63501202872692,1.27191708648145,78,1.95,3.01727298541965,3.01727298541965,0.575348242337551,0.600826516512722,0.939035463275504,0.8722565106774,0.590465847681756
2,"H1_k15",0.15,0.0237634017775543,0.537340228805857,0.782309314620568,3.54392393189735,11.6768770856819,3.29490059890487,102,2.55,3.89024880303454,3.89024880303454,0.359941205132779,0.387052260311321,0.979553838052966,0.963502382249189,0.379449013156138
3,"H1_k15",0.15,0.0244033883700486,0.470202314046958,1.07743413408305,4.21457499743703,6.73939364148962,1.59906838663162,104,2.6,2.96092624904307,2.96092624904307,0.689388690921733,0.711124672133824,0.97616148466224,0.944881950284247,0.710866539472889
4,"H1_k15",0.15,0.0241284953276983,0.529767148280131,0.829756042901944,4.60541209901752,11.2444072148787,2.44156374568033,98,2.45,6.56322606356481,6.56322606356481,0.17991151121665,0.201266817078991,0.913423998857623,0.864433060140633,0.196114323877453
5,"H1_k15",0.15,0.0242841554047634,0.410736629928412,1.39823164644773,4.19691361665988,9.75881664347829,2.32523647966928,126,3.15,4.17115708475277,4.17115708475277,0.437581228924139,0.465199587595867,0.967216914362225,0.9293550227157,0.472786547468244
6,"H1_k15",0.15,0.0241656705923449,0.529688881452876,0.832560840547595,3.82713210257271,6.03533834766702,1.57698720240409,94,2.35,6.12095531526683,6.12095531526683,0.119561357842509,0.136611845995811,0.760291500157521,0.588014660051904,0.13250559725924
7,"H1_k15",0.15,0.0243391712223022,0.476143089562508,1.0451932392302,4.28059664584103,3.31970681999735,0.7755243239801,92,2.3,3.73439358852899,3.73439358852899,0.537671262064189,0.56408414292915,0.863052618012161,0.6868521952999,0.563006410120171
8,"H1_k15",0.15,0.0240925313261691,0.525333735912691,0.841306556569444,4.10676376947135,9.55499249212224,2.32664770327226,84,2.1,4.05972865095455,4.05972865095455,0.441790545259043,0.469386501832663,0.967727027521632,0.946316344486145,0.463168015621227
9,"H1_k15",0.15,0.0243494118747715,0.509916823793851,0.912091190770517,4.27350753033956,7.34497126455598,1.71872196606902,104,2.6,5.21191756468777,5.21191756468777,0.281989852151617,0.30758627969952,0.891568796449,0.795675593342643,0.303403935747284
10,"H1_k15",0.15,0.0244415329087709,0.560621673878307,0.76028619407873,4.13887582030751,4.50797506731245,1.0891786231406,90,2.25,2.43653636373919,2.43653636373919,0.786178811891523,0.802987722087319,0.97208225959254,0.930730655302664,0.798059704012769
11,"H1_k15",0.15,0.0241396542914975,0.527607895788498,0.837335513679301,4.34750127732421,6.32748893549722,1.45543118492001,90,2.25,2.34516890676541,2.34516890676541,0.826884308927408,0.841258866112674,0.987758461131391,0.973432546539698,0.838046570851295
12,"H1_k15",0.15,0.0242515683665626,0.51417577969831,0.889849213031512,4.17955198223256,8.41566951397624,2.01353387869121,92,2.3,4.54731849898476,4.54731849898476,0.366587447866697,0.393764038150778,0.940765195345793,0.895640400139616,0.38880707777517
13,"H1_k15",0.15,0.0243834601084612,0.379283871144004,1.65318672374159,4.82985901007353,7.67505888762488,1.58908549330678,142,3.55,4.59439743200967,4.59439743200967,0.472110940338108,0.499551930396103,0.938880120751576,0.848282084696439,0.513216622467815
14,"H1_k15",0.15,0.0241695908264084,0.560227784469737,0.744507882155332,4.27014143196176,8.83094727128008,2.06806903518018,96,2.4,2.21523866676578,2.21523866676578,0.842753938348006,0.856080644253041,0.995009359417353,0.989946119760449,0.851998789389759
15,"H1_k15",0.15,0.0242325376237492,0.5808326843122,0.696234739555802,4.23900451710556,7.92624264190865,1.86983585649038,96,2.4,2.72906619438179,2.72906619438179,0.739888742959078,0.759202293351814,0.986792972894977,0.972967562256245,0.752407657778079
16,"H1_k15",0.15,0.0239826504424061,0.586470184476363,0.66890196287246,3.79701802479612,7.41585584550503,1.95307364807762,84,2.1,3.02253333633593,3.02253333633593,0.603723850759536,0.628421440666907,0.975733535975286,0.953819955568726,0.619058498786273
17,"H1_k15",0.15,0.0244148244796317,0.504730055475424,0.935941858445923,4.18404071369671,14.5596798705592,3.47981314400148,106,2.65,2.24060983875339,2.24060983875339,0.829968558453756,0.844152536682853,0.998604637423167,0.997551101668984,0.842224761985698
18,"H1_k15",0.15,0.0236473965568265,0.626141725993105,0.570533786333346,4.34782828482092,14.7811838656979,3.39967057054709,86,2.15,9.49866532976669,9.49866532976669,0.0263788909015888,0.0324268798603153,0.858432870700553,0.810383984025373,0.0294488711656645
19,"H1_k15",0.15,0.024081542262509,0.55000343597427,0.766827678701351,4.51199213812993,7.83371333116387,1.73619835570252,92,2.3,4.78227121566043,4.78227121566043,0.387348901509083,0.414830942238648,0.928111947976454,0.873860236212264,0.406750949128893
20,"H1_k15",0.15,0.0238411743845474,0.598072086972807,0.635635600103412,4.24413115192707,3.78619329363732,0.892100917267408,72,1.8,8.1182650302796,8.1182650302796,0.0550783162224147,0.0653272454391651,0.423031168120567,0.236557119224604,0.0609429950204013
21,"H1_k15",0.15,0.0239568890461831,0.569605603361377,0.707574753046702,4.19180886495349,4.56397082030278,1.0887831404864,74,1.85,9.56057887568827,9.56057887568827,0.0201395171136098,0.0250744507762863,0.364117482524151,0.197588452024144,0.0232634653310866
22,"H1_k15",0.15,0.0239294764986927,0.560668009966337,0.728643059083092,4.51723175209268,6.00078018398088,1.32841981844321,84,2.1,2.88941392106967,2.88941392106967,0.743671753883187,0.762809857623034,0.974507485572278,0.949286320078681,0.756639135706273
23,"H1_k15",0.15,0.0238838187018109,0.624389122036585,0.585270812693518,4.02127412086399,10.9018854279221,2.71105254211813,82,2.05,4.54276257599652,4.54276257599652,0.337958502204962,0.364656278343271,0.964035009652406,0.943925290861607,0.352345803594937
24,"H1_k15",0.15,0.023999357737585,0.590747900555223,0.660168588687526,4.17659128827118,7.00213671722271,1.67651949494946,94,2.35,2.56046906871584,2.56046906871584,0.766132140168242,0.784073896433595,0.985834242060601,0.969586094137836,0.77718409759542
25,"H1_k15",0.15,0.0241064238722807,0.517645559521637,0.86748222129476,4.82594249997889,12.7614734470046,2.64434842459486,84,2.1,3.15362788016067,3.15362788016067,0.732551407308738,0.752275480960175,0.993949754232112,0.990605273269105,0.748372491238654
26,"H1_k15",0.15,0.0240737101798605,0.557944451468843,0.744670450540447,4.27404053695606,4.78923205181353,1.12053968847577,78,1.95,3.10439503028153,3.10439503028153,0.666145982847716,0.688716830127566,0.94922474317584,0.898923097804607,0.681735959654937
27,"H1_k15",0.15,0.0240354790398025,0.592769781058459,0.657647910781215,4.18549125556355,3.3038880090838,0.789366840676615,74,1.85,5.32002073725643,5.32002073725643,0.253234879271645,0.277879316947839,0.680723503492287,0.47728145705976,0.268092316827032
28,"H1_k15",0.15,0.0237965563510261,0.536923278607129,0.785712662608765,4.15818798681272,4.88758760267463,1.17541285246726,82,2.05,3.25319957806937,3.25319957806937,0.617265152403763,0.641655127242671,0.942191543375165,0.881524069131936,0.63499734516867
29,"H1_k15",0.15,0.0240292521983489,0.534895857474787,0.807238809922208,3.63529788618538,3.07846887064796,0.84682712862309,86,2.15,7.857433741058,7.857433741058,0.0280594314926015,0.0343968708421869,0.311926270347871,0.0887697366278599,0.0326755455358616
30,"H1_k15",0.15,0.0244805500564089,0.457390802692307,1.14584923720099,4.64373892848476,14.5227925523267,3.12739212431683,112,2.8,5.50453063285214,5.50453063285214,0.302656262421964,0.328956776003297,0.971092378080236,0.952920602525738,0.330272494683205
31,"H1_k15",0.15,0.0243974993752438,0.46994696008857,1.07808482528444,5.14240232905079,12.3628635808364,2.40410274999203,116,2.9,3.1869880908401,3.1869880908401,0.761929431244439,0.780160390245755,0.993679056477962,0.988204779385323,0.779955523140696
32,"H1_k15",0.15,0.0239890980945948,0.65931005364679,0.529551784072114,4.44366419508144,6.09729342906209,1.37213190767453,78,1.95,3.66584381319739,3.66584381319739,0.577714138749693,0.603105596176078,0.946659733007838,0.904588663616199,0.590233824207993
33,"H1_k15",0.15,0.024023171189919,0.566736693810059,0.718717134855486,4.13111142116531,5.49321051596267,1.32971734623733,66,1.65,3.5087795443331,3.5087795443331,0.55740034190017,0.583355646319808,0.939281291492906,0.897108193080796,0.574669849818518
34,"H1_k15",0.15,0.0240637081909912,0.561883612976698,0.733655814113206,4.26657713014228,14.8540863061788,3.48149953770635,80,2,6.54403306717867,6.54403306717867,0.140619956029032,0.159200703377492,0.948999911199187,0.929672407805292,0.15304407749921
35,"H1_k15",0.15,0.0238779916403315,0.545506641012936,0.766400004852518,3.73047063150858,6.30555310431162,1.69028353984433,76,1.9,6.1839641855704,6.1839641855704,0.104020510197699,0.119665799116699,0.763465092996517,0.636302411831484,0.114926583616149
36,"H1_k15",0.15,0.0237478524291762,0.640097255104217,0.550575326117684,4.07294573131562,5.35997201912542,1.31599396915953,76,1.9,1.19035687154808,1.19035687154808,0.96830400375477,0.971625982324831,0.998207873673153,0.9959628436476,0.970037043720392
37,"H1_k15",0.15,0.0240899229883251,0.473074500492408,1.03722203780351,3.85175819275285,7.71322785212911,2.00252130744907,106,2.65,3.31628593318286,3.31628593318286,0.547208488619958,0.573399530531723,0.970790811478784,0.935780139449646,0.572145129507454
38,"H1_k15",0.15,0.023847422519278,0.615647324285497,0.600176368788298,3.87315941597772,2.93890254738479,0.758786879584946,62,1.55,3.41707563615834,3.41707563615834,0.527637553364208,0.554072789208474,0.853727689613124,0.733482939723782,0.542355213937355
39,"H1_k15",0.15,0.0240616261904946,0.548320704764767,0.770265864374131,4.49983677512333,3.6750252918462,0.816701910647742,80,2,4.81611668800036,4.81611668800036,0.379674270946992,0.407075655689909,0.786994304902077,0.619206465499825,0.399100996963932
40,"H1_k15",0.15,0.0244659325674987,0.520458200867636,0.883917694723915,4.55438339684097,6.84877202572194,1.50377590750757,100,2.5,4.89706738108227,4.89706738108227,0.376373720804215,0.403807642633214,0.904403929899527,0.819315758778004,0.398660097680183
41,"H1_k15",0.15,0.0240654627680802,0.439090406004832,1.20154635439501,4.44422472656263,12.8327349262329,2.88750810676452,118,2.95,2.91871914101743,2.91871914101743,0.729773128052389,0.74964997380933,0.995146006066781,0.990665299918173,0.751572654169459
42,"H1_k15",0.15,0.0240231524234632,0.553401327736094,0.753771289352007,4.43420808121839,9.22569449613313,2.08057319980306,82,2.05,3.70231191758541,3.70231191758541,0.57064223757336,0.596339883816622,0.975701141493525,0.959582573085224,0.588563559214047
43,"H1_k15",0.15,0.0239991331008531,0.547080618274622,0.769747774489946,4.18629995987816,9.55313819440565,2.28200040273361,88,2.2,7.51027306743417,7.51027306743417,0.0735881331354477,0.0861785835120757,0.821430613931001,0.734337310724424,0.0823788441845341
44,"H1_k15",0.15,0.0236908933083955,0.585151392540916,0.655671609720624,4.01047069218534,4.4462836040529,1.10866876866019,66,1.65,8.55413728402104,8.55413728402104,0.031077363061499,0.0378499661244658,0.42233435991509,0.261139860691328,0.0350551548307385
45,"H1_k15",0.15,0.0239790102168395,0.459280071072909,1.09035343138948,4.34934164586841,6.89674459182896,1.58569851563177,110,2.75,1.59226173455255,1.59226173455255,0.939144780472343,0.945147905931473,0.997408765771113,0.992965919708909,0.945145036695929
46,"H1_k15",0.15,0.0243455335908092,0.474150451832671,1.05454774905142,3.95703657224333,6.65903859579495,1.68283473610147,100,2.5,2.67152773335643,2.67152773335643,0.713120116632169,0.733760439321614,0.980890579863662,0.955481945810891,0.73309961522024
47,"H1_k15",0.15,0.0237582653478596,0.618142702380212,0.590897231818603,4.43910225275601,7.62024795798805,1.71661915497825,76,1.9,9.83955733956289,9.83955733956289,0.0243338897120686,0.0300134184835901,0.585996959147631,0.456629899302499,0.027320708688793
48,"H1_k15",0.15,0.024074760369399,0.552990405672939,0.758138836744342,4.01346164601642,4.91254735466745,1.22401751603717,84,2.1,2.57305872179711,2.57305872179711,0.741538039252817,0.760738964523073,0.969962186116362,0.932712057175443,0.755057859934495
49,"H1_k15",0.15,0.0237946164414002,0.575644622850831,0.683452763635795,3.77119540070711,4.06594178687699,1.07815728299695,76,1.9,0.759127730649611,0.759127730649611,0.990801796309117,0.991852386231791,0.999350365985406,0.998166309909074,0.991478261324624
50,"H1_k15",0.15,0.0242059937268961,0.480972536354968,1.01313021246252,4.3753209229091,6.53035747530257,1.49254365345174,86,2.15,3.90010626572087,3.90010626572087,0.521431554255054,0.54813549971723,0.942881072349386,0.894055316974938,0.546277917051397
51,"H1_k15",0.15,0.0239386620699174,0.563739878934136,0.721277232537833,4.26398536329022,7.39264202868177,1.73374001053732,90,2.25,12.9002451302592,12.9002451302592,0.00226547666898835,0.00311000514068338,0.354012902444573,0.203283057372532,0.00280125485374672
52,"H1_k15",0.15,0.0240466639414459,0.468509571008816,1.05373820090352,4.56343658581108,9.26957090299217,2.03126979605977,106,2.65,5.9797272501935,5.9797272501935,0.232273341433139,0.256297502034527,0.903203938039195,0.831903128892761,0.255477100495382
53,"H1_k15",0.15,0.0239719329823459,0.477454027760728,1.00833067280867,4.64799878501465,11.1297395070138,2.39452289507832,122,3.05,5.66889907801576,5.66889907801576,0.282014575974398,0.307722596445917,0.942336453646592,0.894437378014285,0.305783597772922
54,"H1_k15",0.15,0.0240019667330242,0.479721865789923,1.00132399183776,4.08770867206233,6.08019444068047,1.48743340792261,110,2.75,3.56676138457722,3.56676138457722,0.537916975962347,0.564360941791941,0.946373818577273,0.870888256616817,0.562244228526937
55,"H1_k15",0.15,0.024070230980685,0.559011343359291,0.741616298604649,3.75774827663235,6.53733752735534,1.73969543622917,76,1.9,2.33200012700629,2.33200012700629,0.760184305602958,0.778464406401558,0.986424494038101,0.973584632300877,0.772789687852526
56,"H1_k15",0.15,0.023910942070782,0.4871999926532,0.963471382929017,4.31636316377744,16.4362669716367,3.80789714581213,112,2.8,4.78683825852378,4.78683825852378,0.35248846085779,0.379663058931914,0.98577703488892,0.97710693543206,0.376520547827789
57,"H1_k15",0.15,0.0239743920541224,0.568024998531591,0.712558129086405,3.93258523554122,4.80569406131224,1.22201904688046,76,1.9,1.3040059898254,1.3040059898254,0.953873357071343,0.958549028979221,0.996768068726879,0.99233281250536,0.95699609209734
58,"H1_k15",0.15,0.0235995324893149,0.605305028773328,0.608020506187906,3.9591256267813,13.9153871004409,3.51476270576284,88,2.2,1.71786723410512,1.71786723410512,0.900260754425486,0.909426233721935,0.999361258003881,0.998952790106131,0.905500005190453
59,"H1_k15",0.15,0.0243122312253109,0.516996950246381,0.884572968978843,4.23321025194428,9.54625510659602,2.25508645648099,100,2.5,3.66852367895803,3.66852367895803,0.542592138024735,0.568899247701655,0.977021176817018,0.957002485397088,0.564035925537247
60,"H1_k15",0.15,0.0240913019982194,0.561435664740944,0.736513209071865,4.51708708717637,9.89365193787649,2.19027256878968,104,2.6,2.63658980793569,2.63658980793569,0.791924767492109,0.808463865616273,0.99354153951943,0.987214287321014,0.803263181981507
