"rep","cell","dep","rel","grouping","prev","hl","edge"
1,"k25_prev50","null",0,"fitted",0.4375,0.278128227676749,0.335071375096002
1,"k25_prev50","null",0,"pc1",0.4375,0.0431335027174036,0.241887166874651
2,"k25_prev50","null",0,"fitted",0.525,0.547113137391052,0.681141836800624
2,"k25_prev50","null",0,"pc1",0.525,0.612221058893838,0.610715762867828
3,"k25_prev50","null",0,"fitted",0.485,0.255488763868813,0.332881284835705
3,"k25_prev50","null",0,"pc1",0.485,0.623815364017936,0.499860098030236
4,"k25_prev50","null",0,"fitted",0.46,0.461629573111119,0.603881181277585
4,"k25_prev50","null",0,"pc1",0.46,0.34173402796435,0.443300799945347
5,"k25_prev50","null",0,"fitted",0.51,0.447531408768887,0.261790611191172
5,"k25_prev50","null",0,"pc1",0.51,0.134426179794616,0.1393878485999
6,"k25_prev50","null",0,"fitted",0.485,0.783717391927018,0.292631131580889
6,"k25_prev50","null",0,"pc1",0.485,0.348445005997554,0.553478850130489
7,"k25_prev50","null",0,"fitted",0.475,0.562582418015937,0.789406147042969
7,"k25_prev50","null",0,"pc1",0.475,0.713138508911882,0.794880407402002
8,"k25_prev50","null",0,"fitted",0.48,0.674068376638109,0.899552350877716
8,"k25_prev50","null",0,"pc1",0.48,0.729888020923608,0.489585041160879
9,"k25_prev50","null",0,"fitted",0.52,0.933463043837655,0.943038703686963
9,"k25_prev50","null",0,"pc1",0.52,0.708679987211895,0.690335088790537
10,"k25_prev50","null",0,"fitted",0.505,0.880691789125086,0.685878556619814
10,"k25_prev50","null",0,"pc1",0.505,0.988621506610652,0.641309099030045
11,"k25_prev50","null",0,"fitted",0.4925,0.314219113687732,0.213339854997575
11,"k25_prev50","null",0,"pc1",0.4925,0.583760253827565,0.485096175320781
12,"k25_prev50","null",0,"fitted",0.5125,0.796843886278668,0.40808819146234
12,"k25_prev50","null",0,"pc1",0.5125,0.763499929506773,0.565041438379059
13,"k25_prev50","null",0,"fitted",0.4875,0.872529756213562,0.609109898204188
13,"k25_prev50","null",0,"pc1",0.4875,0.556742483825463,0.173092009027203
14,"k25_prev50","null",0,"fitted",0.4975,0.949856111246272,0.810128804991431
14,"k25_prev50","null",0,"pc1",0.4975,0.706804723163211,0.750116437161869
15,"k25_prev50","null",0,"fitted",0.4925,0.880499274304552,0.442492134632031
15,"k25_prev50","null",0,"pc1",0.4925,0.0937700979560323,0.365006691519037
16,"k25_prev50","null",0,"fitted",0.495,0.275280036573509,0.573826569444558
16,"k25_prev50","null",0,"pc1",0.495,0.814676271788023,0.659509610626984
17,"k25_prev50","null",0,"fitted",0.535,0.843270067816276,0.724260095344434
17,"k25_prev50","null",0,"pc1",0.535,0.696565145514781,0.501293422002342
18,"k25_prev50","null",0,"fitted",0.5025,0.763236193993155,0.951569674437279
18,"k25_prev50","null",0,"pc1",0.5025,0.884418693230259,0.845519732910762
19,"k25_prev50","null",0,"fitted",0.53,0.659620138725792,0.27747943879676
19,"k25_prev50","null",0,"pc1",0.53,0.50957178337814,0.428467590907585
20,"k25_prev50","null",0,"fitted",0.5325,0.453142666745994,0.31018666980359
20,"k25_prev50","null",0,"pc1",0.5325,0.263739180560965,0.952759676115889
21,"k25_prev50","null",0,"fitted",0.48,0.0977967640067733,0.933609526115584
21,"k25_prev50","null",0,"pc1",0.48,0.625807188280374,0.187137569104459
22,"k25_prev50","null",0,"fitted",0.515,0.129972434738538,0.78406230750449
22,"k25_prev50","null",0,"pc1",0.515,0.487334074112703,0.747435650475419
23,"k25_prev50","null",0,"fitted",0.5125,0.301935937293505,0.1398309315304
23,"k25_prev50","null",0,"pc1",0.5125,0.0576771492468823,0.0926878136641323
24,"k25_prev50","null",0,"fitted",0.465,0.700314447383383,0.892931003936982
24,"k25_prev50","null",0,"pc1",0.465,0.358062238108848,0.524267911000935
25,"k25_prev50","null",0,"fitted",0.485,0.0620834017807276,0.0351110202301816
25,"k25_prev50","null",0,"pc1",0.485,0.48369602943256,0.776926219317485
26,"k25_prev50","null",0,"fitted",0.51,0.359983459760952,0.0984831830522758
26,"k25_prev50","null",0,"pc1",0.51,0.741361395283547,0.116042169039891
27,"k25_prev50","null",0,"fitted",0.505,0.0653753615349031,0.0606534784965582
27,"k25_prev50","null",0,"pc1",0.505,0.825182143222196,0.653281261631803
28,"k25_prev50","null",0,"fitted",0.5275,0.043662836985312,0.263342455826294
28,"k25_prev50","null",0,"pc1",0.5275,0.694273870631128,0.779255428345803
29,"k25_prev50","null",0,"fitted",0.4875,0.302728588241633,0.146050778366796
29,"k25_prev50","null",0,"pc1",0.4875,0.442205947071258,0.839385469455255
30,"k25_prev50","null",0,"fitted",0.53,0.512727504483264,0.363790793629777
30,"k25_prev50","null",0,"pc1",0.53,0.769179500570369,0.159454775622728
31,"k25_prev50","null",0,"fitted",0.52,0.577207167632641,0.320768457714241
31,"k25_prev50","null",0,"pc1",0.52,0.626153001227296,0.713607532282545
32,"k25_prev50","null",0,"fitted",0.48,0.195111240001477,0.389987889678822
32,"k25_prev50","null",0,"pc1",0.48,0.274235785221715,0.371670672867518
33,"k25_prev50","null",0,"fitted",0.4925,0.603050105474752,0.135885460245577
33,"k25_prev50","null",0,"pc1",0.4925,0.868929985952765,0.578996008072799
34,"k25_prev50","null",0,"fitted",0.5125,0.348477436007665,0.724089533370279
34,"k25_prev50","null",0,"pc1",0.5125,0.128072246092573,0.217769580226646
35,"k25_prev50","null",0,"fitted",0.5275,0.564579285120589,0.618499479183494
35,"k25_prev50","null",0,"pc1",0.5275,0.147238771390461,0.75599061645261
36,"k25_prev50","null",0,"fitted",0.5025,0.228889137782615,0.458222350688628
36,"k25_prev50","null",0,"pc1",0.5025,0.954538510831818,0.87886836076796
37,"k25_prev50","null",0,"fitted",0.505,0.917484174077725,0.686593637961713
37,"k25_prev50","null",0,"pc1",0.505,0.91658853141224,0.907011823643559
38,"k25_prev50","null",0,"fitted",0.4875,0.00366906653673205,0.170458068872791
38,"k25_prev50","null",0,"pc1",0.4875,0.988405648191192,0.790755032266912
39,"k25_prev50","null",0,"fitted",0.4825,0.919128434244564,0.827849829536821
39,"k25_prev50","null",0,"pc1",0.4825,0.72981830480047,0.553600296934926
40,"k25_prev50","null",0,"fitted",0.5175,0.345771999734922,0.596544480465692
40,"k25_prev50","null",0,"pc1",0.5175,0.933533533441589,0.685534242260386
41,"k25_prev50","null",0,"fitted",0.49,0.270263747442849,0.155070399791772
41,"k25_prev50","null",0,"pc1",0.49,0.655667957813906,0.681172224228056
42,"k25_prev50","null",0,"fitted",0.4925,0.291349477835443,0.547795278070087
42,"k25_prev50","null",0,"pc1",0.4925,0.907111935432737,0.337580976876826
43,"k25_prev50","null",0,"fitted",0.5175,0.803189854562827,0.867282743853201
43,"k25_prev50","null",0,"pc1",0.5175,0.51090539726213,0.493317067275098
44,"k25_prev50","null",0,"fitted",0.4825,0.765550002190716,0.308243667245862
44,"k25_prev50","null",0,"pc1",0.4825,0.344365878860787,0.460171961726436
45,"k25_prev50","null",0,"fitted",0.49,0.188196031157781,0.828419246344972
45,"k25_prev50","null",0,"pc1",0.49,0.910531045798218,0.300537631873221
46,"k25_prev50","null",0,"fitted",0.4825,0.53997953971326,0.894215272659484
46,"k25_prev50","null",0,"pc1",0.4825,0.642145408573354,0.399071100294284
47,"k25_prev50","null",0,"fitted",0.5175,0.397507336852702,0.184622306073804
47,"k25_prev50","null",0,"pc1",0.5175,0.133484218805275,0.155103487764782
48,"k25_prev50","null",0,"fitted",0.5125,0.991046758284259,0.690604453548072
48,"k25_prev50","null",0,"pc1",0.5125,0.539203172506189,0.674707683236155
49,"k25_prev50","null",0,"fitted",0.48,0.168211487980713,0.300438101971386
49,"k25_prev50","null",0,"pc1",0.48,0.914717479480403,0.363367526742484
50,"k25_prev50","null",0,"fitted",0.505,0.66050137693964,0.634633759382002
50,"k25_prev50","null",0,"pc1",0.505,0.595838141157311,0.281657340094238
51,"k25_prev50","null",0,"fitted",0.4975,0.340883691491409,0.787542790900253
51,"k25_prev50","null",0,"pc1",0.4975,0.743100493367777,0.153431309323181
52,"k25_prev50","null",0,"fitted",0.4925,0.487593426368921,0.140273721789925
52,"k25_prev50","null",0,"pc1",0.4925,0.0983713353752818,0.656588207355542
53,"k25_prev50","null",0,"fitted",0.49,0.381844494589525,0.160467135866604
53,"k25_prev50","null",0,"pc1",0.49,0.127098173333227,0.822065251873037
54,"k25_prev50","null",0,"fitted",0.5325,0.19184092833325,0.486264948413876
54,"k25_prev50","null",0,"pc1",0.5325,0.656589949070215,0.733584347713742
55,"k25_prev50","null",0,"fitted",0.4975,0.0364485240006198,0.240943908643445
55,"k25_prev50","null",0,"pc1",0.4975,0.607488115956755,0.59882320381688
56,"k25_prev50","null",0,"fitted",0.465,0.403755702757333,0.788675425751896
56,"k25_prev50","null",0,"pc1",0.465,0.959600354609382,0.68383552884786
57,"k25_prev50","null",0,"fitted",0.5,0.78445029243505,0.292992397987212
57,"k25_prev50","null",0,"pc1",0.5,0.691083842351248,0.973813334513019
58,"k25_prev50","null",0,"fitted",0.51,0.353391969539937,0.024032172997428
58,"k25_prev50","null",0,"pc1",0.51,0.580811873206706,0.116085163587675
59,"k25_prev50","null",0,"fitted",0.525,0.317566135767963,0.640947981948835
59,"k25_prev50","null",0,"pc1",0.525,0.433271142623942,0.481473311902271
60,"k25_prev50","null",0,"fitted",0.5,0.253021145227734,0.540906847210195
60,"k25_prev50","null",0,"pc1",0.5,0.682042674849677,0.630165337153978
61,"k25_prev50","null",0,"fitted",0.505,0.332152854863519,0.918688908612754
61,"k25_prev50","null",0,"pc1",0.505,0.551281158029621,0.341372283427273
62,"k25_prev50","null",0,"fitted",0.51,0.788849202926682,0.889925573400559
62,"k25_prev50","null",0,"pc1",0.51,0.622072571889322,0.986809103907165
63,"k25_prev50","null",0,"fitted",0.475,0.269290810082769,0.981521624689426
63,"k25_prev50","null",0,"pc1",0.475,0.403311750015995,0.0644398599751378
64,"k25_prev50","null",0,"fitted",0.5075,0.611997660685665,0.469132289585665
64,"k25_prev50","null",0,"pc1",0.5075,0.738151514309606,0.106857686140128
65,"k25_prev50","null",0,"fitted",0.4975,0.770832175656687,0.708328672269362
65,"k25_prev50","null",0,"pc1",0.4975,0.794604558132514,0.351716414837967
66,"k25_prev50","null",0,"fitted",0.515,0.0753367145102195,0.0352757331471573
66,"k25_prev50","null",0,"pc1",0.515,0.367566988621301,0.343626797631704
67,"k25_prev50","null",0,"fitted",0.5125,0.128125734987143,0.198820307099257
67,"k25_prev50","null",0,"pc1",0.5125,0.650455191900485,0.503107643420874
68,"k25_prev50","null",0,"fitted",0.47,0.154473456663587,0.189788067965418
68,"k25_prev50","null",0,"pc1",0.47,0.0289081659449506,0.208601586244339
69,"k25_prev50","null",0,"fitted",0.51,0.149648026044168,0.129786112650937
69,"k25_prev50","null",0,"pc1",0.51,0.670695470276438,0.234343565083074
70,"k25_prev50","null",0,"fitted",0.495,0.139046833715858,0.676818706023133
70,"k25_prev50","null",0,"pc1",0.495,0.155089648133909,0.774008293425059
71,"k25_prev50","null",0,"fitted",0.52,0.506525969029569,0.968194333319864
71,"k25_prev50","null",0,"pc1",0.52,0.497669358803593,0.243042705810635
72,"k25_prev50","null",0,"fitted",0.4975,0.298669933622918,0.77356915392838
72,"k25_prev50","null",0,"pc1",0.4975,0.491593673014233,0.410768256723781
73,"k25_prev50","null",0,"fitted",0.47,0.0236292961327971,0.589957855148954
73,"k25_prev50","null",0,"pc1",0.47,0.87478519994062,0.494591001950929
74,"k25_prev50","null",0,"fitted",0.4975,0.301782220092303,0.299738051995412
74,"k25_prev50","null",0,"pc1",0.4975,0.74797806129192,0.948358329306794
75,"k25_prev50","null",0,"fitted",0.475,0.0234592766590904,0.100265393560014
75,"k25_prev50","null",0,"pc1",0.475,0.7432729042865,0.40805303777415
76,"k25_prev50","null",0,"fitted",0.5025,0.393849288605181,0.0675691237173555
76,"k25_prev50","null",0,"pc1",0.5025,0.0857141359479567,0.320608007433511
77,"k25_prev50","null",0,"fitted",0.485,0.805716401863005,0.969690110497683
77,"k25_prev50","null",0,"pc1",0.485,0.0665000234223156,0.353466149384623
78,"k25_prev50","null",0,"fitted",0.5025,0.40857349847832,0.322593564497151
78,"k25_prev50","null",0,"pc1",0.5025,0.290001602881182,0.481322788331093
79,"k25_prev50","null",0,"fitted",0.485,0.8564442807025,0.944223087427542
79,"k25_prev50","null",0,"pc1",0.485,0.940278411298382,0.950051279653667
80,"k25_prev50","null",0,"fitted",0.49,0.362517426249861,0.973684665136405
80,"k25_prev50","null",0,"pc1",0.49,0.691835225623888,0.645840919757015
81,"k25_prev50","null",0,"fitted",0.4975,0.62076849061046,0.112815599383346
81,"k25_prev50","null",0,"pc1",0.4975,0.213480843301768,0.192744534208472
82,"k25_prev50","null",0,"fitted",0.4875,0.689487222450192,0.436048769858645
82,"k25_prev50","null",0,"pc1",0.4875,0.176984167084436,0.0428720398754344
83,"k25_prev50","null",0,"fitted",0.5125,0.223018996675417,0.178542542385544
83,"k25_prev50","null",0,"pc1",0.5125,0.529631117256443,0.785413480069273
84,"k25_prev50","null",0,"fitted",0.485,0.576749144030245,0.477718744619819
84,"k25_prev50","null",0,"pc1",0.485,0.285440468620355,0.725349952444104
85,"k25_prev50","null",0,"fitted",0.485,0.7982786195988,0.648880246706702
85,"k25_prev50","null",0,"pc1",0.485,0.0647939558701431,0.309113289531982
86,"k25_prev50","null",0,"fitted",0.4925,0.187881617129594,0.625399088204741
86,"k25_prev50","null",0,"pc1",0.4925,0.833745815602069,0.359662264878268
87,"k25_prev50","null",0,"fitted",0.465,0.28562064274022,0.663654565571471
87,"k25_prev50","null",0,"pc1",0.465,0.113919411090073,0.0103645205520739
88,"k25_prev50","null",0,"fitted",0.4925,0.538515193485409,0.350666967325661
88,"k25_prev50","null",0,"pc1",0.4925,0.325883783377625,0.155512557822845
89,"k25_prev50","null",0,"fitted",0.49,0.23486080719092,0.104292575041317
89,"k25_prev50","null",0,"pc1",0.49,0.158278971688195,0.207442026349188
90,"k25_prev50","null",0,"fitted",0.5025,0.0134619729935466,0.00557877590377887
90,"k25_prev50","null",0,"pc1",0.5025,0.306317188119906,0.242486192040343
91,"k25_prev50","null",0,"fitted",0.49,0.449642955721334,0.569064889348434
91,"k25_prev50","null",0,"pc1",0.49,0.670876729067405,0.266907738188893
92,"k25_prev50","null",0,"fitted",0.4875,0.10754542797893,0.111936851885277
92,"k25_prev50","null",0,"pc1",0.4875,0.701998208807292,0.942127213379715
93,"k25_prev50","null",0,"fitted",0.49,0.375970364265504,0.409422013070571
93,"k25_prev50","null",0,"pc1",0.49,0.639292741791968,0.205944287676025
94,"k25_prev50","null",0,"fitted",0.5025,0.280859665253863,0.0598197295514903
94,"k25_prev50","null",0,"pc1",0.5025,0.589685342845079,0.697887414995092
95,"k25_prev50","null",0,"fitted",0.49,0.539141326921656,0.483610419595231
95,"k25_prev50","null",0,"pc1",0.49,0.949009269621224,0.723161380939367
96,"k25_prev50","null",0,"fitted",0.4825,0.87690528195216,0.738193265628673
96,"k25_prev50","null",0,"pc1",0.4825,0.599907125445444,0.846679297762916
97,"k25_prev50","null",0,"fitted",0.5275,0.824725849276575,0.148268793698841
97,"k25_prev50","null",0,"pc1",0.5275,0.829404015842825,0.776232711997872
98,"k25_prev50","null",0,"fitted",0.505,0.193364414062447,0.0898261315114675
98,"k25_prev50","null",0,"pc1",0.505,0.918348938300461,0.80371114546992
99,"k25_prev50","null",0,"fitted",0.4975,0.124542351466757,0.0377585253117747
99,"k25_prev50","null",0,"pc1",0.4975,0.627698791724991,0.326304469707183
100,"k25_prev50","null",0,"fitted",0.4675,0.605051765180374,0.278079398242028
100,"k25_prev50","null",0,"pc1",0.4675,0.715559545599563,0.636520937158479
101,"k25_prev50","null",0,"fitted",0.515,0.528168590365033,0.346868841732279
101,"k25_prev50","null",0,"pc1",0.515,0.551299504986793,0.384945974321795
102,"k25_prev50","null",0,"fitted",0.5025,0.604470733955154,0.357729121964323
102,"k25_prev50","null",0,"pc1",0.5025,0.0295637159283603,0.320518651258043
103,"k25_prev50","null",0,"fitted",0.4875,0.685907044795556,0.118484347140194
103,"k25_prev50","null",0,"pc1",0.4875,0.757743768672361,0.541900670047131
104,"k25_prev50","null",0,"fitted",0.54,0.352509240369252,0.981103761550013
104,"k25_prev50","null",0,"pc1",0.54,0.0478607033947911,0.0274325380581582
105,"k25_prev50","null",0,"fitted",0.505,0.691448348820321,0.876971372721725
105,"k25_prev50","null",0,"pc1",0.505,0.0716759771519924,0.65826908110907
106,"k25_prev50","null",0,"fitted",0.5225,0.663874676734509,0.509443638872351
106,"k25_prev50","null",0,"pc1",0.5225,0.404876302889571,0.0760088010582234
107,"k25_prev50","null",0,"fitted",0.4975,0.297492246701387,0.382460312732484
107,"k25_prev50","null",0,"pc1",0.4975,0.63374863068243,0.202764394445947
108,"k25_prev50","null",0,"fitted",0.475,0.161161521103571,0.169975185814714
108,"k25_prev50","null",0,"pc1",0.475,0.601015796803112,0.19221378825967
109,"k25_prev50","null",0,"fitted",0.4875,0.201399053133504,0.0770147183683638
109,"k25_prev50","null",0,"pc1",0.4875,0.76838587257387,0.864714668229319
110,"k25_prev50","null",0,"fitted",0.4975,0.352592706765738,0.616334969074052
110,"k25_prev50","null",0,"pc1",0.4975,0.638378266912026,0.421341918208644
111,"k25_prev50","null",0,"fitted",0.4975,0.334547739773734,0.504710893662436
111,"k25_prev50","null",0,"pc1",0.4975,0.254187706655104,0.397406191813391
112,"k25_prev50","null",0,"fitted",0.52,0.0511824872825509,0.842887271158858
112,"k25_prev50","null",0,"pc1",0.52,0.865901265474471,0.644109651381634
113,"k25_prev50","null",0,"fitted",0.5025,0.871899125629817,0.473627699680881
113,"k25_prev50","null",0,"pc1",0.5025,0.0212888165180648,0.437372482154303
114,"k25_prev50","null",0,"fitted",0.5125,0.983839194005356,0.813793870391528
114,"k25_prev50","null",0,"pc1",0.5125,0.0907877940904429,0.0860391302932824
115,"k25_prev50","null",0,"fitted",0.535,0.822892282577186,0.913121704767484
115,"k25_prev50","null",0,"pc1",0.535,0.107347414284116,0.153606274612353
116,"k25_prev50","null",0,"fitted",0.505,0.10936343799645,0.910044648002788
116,"k25_prev50","null",0,"pc1",0.505,0.617389547441504,0.378075284341277
117,"k25_prev50","null",0,"fitted",0.525,0.488924083590602,0.356822710534905
117,"k25_prev50","null",0,"pc1",0.525,0.445843989454566,0.712065315092687
118,"k25_prev50","null",0,"fitted",0.5075,0.886508637289186,0.587589684118631
118,"k25_prev50","null",0,"pc1",0.5075,0.583871560656531,0.887897881654664
119,"k25_prev50","null",0,"fitted",0.4975,0.885695538758177,0.747824530842486
119,"k25_prev50","null",0,"pc1",0.4975,0.890824633094171,0.829103659410296
120,"k25_prev50","null",0,"fitted",0.49,0.262092865208006,0.0781963685326688
120,"k25_prev50","null",0,"pc1",0.49,0.628506432809536,0.823519012285393
121,"k25_prev50","null",0,"fitted",0.5075,0.1728548241133,0.325634974585226
121,"k25_prev50","null",0,"pc1",0.5075,0.813094006725314,0.367127082021297
122,"k25_prev50","null",0,"fitted",0.4975,0.215875834522999,0.489950466165724
122,"k25_prev50","null",0,"pc1",0.4975,0.273294374668082,0.801005181661555
123,"k25_prev50","null",0,"fitted",0.5125,0.544438514104188,0.649990671551935
123,"k25_prev50","null",0,"pc1",0.5125,0.969885563002954,0.683601550750827
124,"k25_prev50","null",0,"fitted",0.51,0.321483449206521,0.235090784538893
124,"k25_prev50","null",0,"pc1",0.51,0.923513055068389,0.758728143597612
125,"k25_prev50","null",0,"fitted",0.5025,0.2599569606952,0.532386384659436
125,"k25_prev50","null",0,"pc1",0.5025,0.440722354482606,0.449956022415424
126,"k25_prev50","null",0,"fitted",0.5,0.490859587836593,0.139933301863622
126,"k25_prev50","null",0,"pc1",0.5,0.615270500838028,0.952335932298982
127,"k25_prev50","null",0,"fitted",0.4975,0.062848723852909,0.00959051236769659
127,"k25_prev50","null",0,"pc1",0.4975,0.506285179623906,0.941608046161431
128,"k25_prev50","null",0,"fitted",0.505,0.39036225576529,0.266765162169493
128,"k25_prev50","null",0,"pc1",0.505,0.31364067301039,0.341959297308766
129,"k25_prev50","null",0,"fitted",0.505,0.253700227593229,0.544647264781846
129,"k25_prev50","null",0,"pc1",0.505,0.342039157984455,0.174967419190133
130,"k25_prev50","null",0,"fitted",0.495,0.276811580268544,0.186538559283724
130,"k25_prev50","null",0,"pc1",0.495,0.50186017354844,0.312305099109829
131,"k25_prev50","null",0,"fitted",0.4825,0.233280960078932,0.749971880941062
131,"k25_prev50","null",0,"pc1",0.4825,0.943434945652463,0.84111243452015
132,"k25_prev50","null",0,"fitted",0.545,0.0146800045713855,0.598338548172882
132,"k25_prev50","null",0,"pc1",0.545,0.310241986042675,0.948043498464782
133,"k25_prev50","null",0,"fitted",0.4825,0.401239431909081,0.503312123024464
133,"k25_prev50","null",0,"pc1",0.4825,0.671346025500886,0.356636450599265
134,"k25_prev50","null",0,"fitted",0.5325,0.573909239992379,0.63853859137984
134,"k25_prev50","null",0,"pc1",0.5325,0.394763802967537,0.459490606499658
135,"k25_prev50","null",0,"fitted",0.48,0.683399348339417,0.364611801784855
135,"k25_prev50","null",0,"pc1",0.48,0.275030142123294,0.350402295705591
136,"k25_prev50","null",0,"fitted",0.5,0.530947563271203,0.983798909450583
136,"k25_prev50","null",0,"pc1",0.5,0.162028551647803,0.0640784930207808
137,"k25_prev50","null",0,"fitted",0.52,0.406694898118507,0.945346002057223
137,"k25_prev50","null",0,"pc1",0.52,0.923785640240363,0.98454258480237
138,"k25_prev50","null",0,"fitted",0.5025,0.339675863934909,0.0541285470696667
138,"k25_prev50","null",0,"pc1",0.5025,0.932138794186737,0.877656340481634
139,"k25_prev50","null",0,"fitted",0.4975,0.608140565416832,0.15109264886523
139,"k25_prev50","null",0,"pc1",0.4975,0.748168377395535,0.860441891313712
140,"k25_prev50","null",0,"fitted",0.5225,0.322568990818046,0.0520788981168853
140,"k25_prev50","null",0,"pc1",0.5225,0.0321019403031774,0.051562272583513
141,"k25_prev50","null",0,"fitted",0.51,0.824291236322735,0.854932434537658
141,"k25_prev50","null",0,"pc1",0.51,0.93342719182001,0.299108456340137
142,"k25_prev50","null",0,"fitted",0.515,0.089863208762979,0.199328031104094
142,"k25_prev50","null",0,"pc1",0.515,0.847180607863416,0.842509837512269
143,"k25_prev50","null",0,"fitted",0.5175,0.221198676190311,0.270214704996682
143,"k25_prev50","null",0,"pc1",0.5175,0.548062509356456,0.0378645313277869
144,"k25_prev50","null",0,"fitted",0.49,0.836353554516725,0.732339536944266
144,"k25_prev50","null",0,"pc1",0.49,0.533832757844396,0.72746153805587
145,"k25_prev50","null",0,"fitted",0.495,0.424738331690166,0.100179908614165
145,"k25_prev50","null",0,"pc1",0.495,0.518951724970402,0.485382482991443
146,"k25_prev50","null",0,"fitted",0.5175,0.674900479330308,0.128101564921411
146,"k25_prev50","null",0,"pc1",0.5175,0.888384412799533,0.900729304627996
147,"k25_prev50","null",0,"fitted",0.5125,0.682609601970216,0.280643607282291
147,"k25_prev50","null",0,"pc1",0.5125,0.396569271184879,0.913331458028332
148,"k25_prev50","null",0,"fitted",0.5225,0.928804290582291,0.419217270495729
148,"k25_prev50","null",0,"pc1",0.5225,0.159315990351172,0.400422681905546
149,"k25_prev50","null",0,"fitted",0.4975,0.615247247501098,0.994471089858585
149,"k25_prev50","null",0,"pc1",0.4975,0.894085547664594,0.871067252426209
150,"k25_prev50","null",0,"fitted",0.4725,0.0869845700523834,0.975233969656688
150,"k25_prev50","null",0,"pc1",0.4725,0.445878236012113,0.0927057887043652
151,"k25_prev50","null",0,"fitted",0.49,0.775637530493559,0.925576640264598
151,"k25_prev50","null",0,"pc1",0.49,0.779124447150996,0.125562779284423
152,"k25_prev50","null",0,"fitted",0.525,0.247251837457913,0.594557371568405
152,"k25_prev50","null",0,"pc1",0.525,0.680916605671961,0.234881375474903
153,"k25_prev50","null",0,"fitted",0.4875,0.220058864859473,0.741950832985631
153,"k25_prev50","null",0,"pc1",0.4875,0.139871620651706,0.224776532220507
154,"k25_prev50","null",0,"fitted",0.4725,0.257749626098868,0.601184864487271
154,"k25_prev50","null",0,"pc1",0.4725,0.844407440651772,0.727547256882879
155,"k25_prev50","null",0,"fitted",0.48,0.571260627583609,0.968134168782317
155,"k25_prev50","null",0,"pc1",0.48,0.0394372653393065,0.0178293495485301
156,"k25_prev50","null",0,"fitted",0.525,0.508548110709474,0.232184892623781
156,"k25_prev50","null",0,"pc1",0.525,0.995500527899035,0.723823919220304
157,"k25_prev50","null",0,"fitted",0.4925,0.511685287728003,0.596299384073425
157,"k25_prev50","null",0,"pc1",0.4925,0.455761024560222,0.522470939352063
158,"k25_prev50","null",0,"fitted",0.505,0.186823527640232,0.0992103704745682
158,"k25_prev50","null",0,"pc1",0.505,0.784094386594725,0.65969367089685
159,"k25_prev50","null",0,"fitted",0.4975,0.71808672698772,0.558459459630135
159,"k25_prev50","null",0,"pc1",0.4975,0.863703971094691,0.803634750220647
160,"k25_prev50","null",0,"fitted",0.5075,0.0117207917466056,0.630553318878135
160,"k25_prev50","null",0,"pc1",0.5075,0.796062119415636,0.800451803395722
161,"k25_prev50","null",0,"fitted",0.5125,0.311632167794557,0.236268384782361
161,"k25_prev50","null",0,"pc1",0.5125,0.970795694684512,0.937396168869342
162,"k25_prev50","null",0,"fitted",0.5125,0.327257663413088,0.322152455258838
162,"k25_prev50","null",0,"pc1",0.5125,0.723302048154872,0.587419089376339
163,"k25_prev50","null",0,"fitted",0.4875,0.69609134406873,0.861394395650943
163,"k25_prev50","null",0,"pc1",0.4875,0.897113484191234,0.271600942769113
164,"k25_prev50","null",0,"fitted",0.4825,0.0878197457987679,0.607846620371781
164,"k25_prev50","null",0,"pc1",0.4825,0.848787890867659,0.468148516102206
165,"k25_prev50","null",0,"fitted",0.4925,0.72485222400155,0.0981587261108826
165,"k25_prev50","null",0,"pc1",0.4925,0.467016546903415,0.0899391861444432
166,"k25_prev50","null",0,"fitted",0.5,0.138911231007982,0.10751997904536
166,"k25_prev50","null",0,"pc1",0.5,0.301662409492358,0.137091678235498
167,"k25_prev50","null",0,"fitted",0.4775,0.032844083850034,0.885176324509568
167,"k25_prev50","null",0,"pc1",0.4775,0.812434394636109,0.257378796094247
168,"k25_prev50","null",0,"fitted",0.515,0.188280791497071,0.292408653488195
168,"k25_prev50","null",0,"pc1",0.515,0.939431468446086,0.790109667378693
169,"k25_prev50","null",0,"fitted",0.5175,0.329938334187218,0.963390496074446
169,"k25_prev50","null",0,"pc1",0.5175,0.889636949941471,0.576455183758405
170,"k25_prev50","null",0,"fitted",0.52,0.191092148124152,0.585123180767384
170,"k25_prev50","null",0,"pc1",0.52,0.378554106593745,0.56216649149795
171,"k25_prev50","null",0,"fitted",0.5175,0.892758484866573,0.469232263910572
171,"k25_prev50","null",0,"pc1",0.5175,0.947075782500258,0.700622276198887
172,"k25_prev50","null",0,"fitted",0.5025,0.556523999752539,0.901535263462949
172,"k25_prev50","null",0,"pc1",0.5025,0.706349503832613,0.33374503788153
173,"k25_prev50","null",0,"fitted",0.5075,0.713775453184731,0.470528772551228
173,"k25_prev50","null",0,"pc1",0.5075,0.707563395031259,0.697334711530712
174,"k25_prev50","null",0,"fitted",0.4775,0.969098844708987,0.919773756167671
174,"k25_prev50","null",0,"pc1",0.4775,0.779639893411482,0.617711194397414
175,"k25_prev50","null",0,"fitted",0.4825,0.0322601201139668,0.557167596358006
175,"k25_prev50","null",0,"pc1",0.4825,0.0743010452374263,0.727666451204969
176,"k25_prev50","null",0,"fitted",0.4775,0.0828625997973065,0.861833391491266
176,"k25_prev50","null",0,"pc1",0.4775,0.842307939663224,0.36103097867065
177,"k25_prev50","null",0,"fitted",0.515,0.413322665615465,0.864645139012143
177,"k25_prev50","null",0,"pc1",0.515,0.765836656782324,0.97896995995732
178,"k25_prev50","null",0,"fitted",0.4825,0.585066501429224,0.330525217260143
178,"k25_prev50","null",0,"pc1",0.4825,0.68226955625274,0.768865681469974
179,"k25_prev50","null",0,"fitted",0.505,0.746212929601609,0.221695433637076
179,"k25_prev50","null",0,"pc1",0.505,0.411176740216719,0.361846592545678
180,"k25_prev50","null",0,"fitted",0.5125,0.875165137007644,0.696519997134126
180,"k25_prev50","null",0,"pc1",0.5125,0.903203159629654,0.830023915886324
181,"k25_prev50","null",0,"fitted",0.5025,0.608691885261511,0.993801771398611
181,"k25_prev50","null",0,"pc1",0.5025,0.715784253557587,0.37430035772261
182,"k25_prev50","null",0,"fitted",0.51,0.170337990939014,0.603427946531705
182,"k25_prev50","null",0,"pc1",0.51,0.237229219643689,0.125588822825556
183,"k25_prev50","null",0,"fitted",0.535,0.808288971495838,0.373163432947902
183,"k25_prev50","null",0,"pc1",0.535,0.84802375224843,0.182032942773804
184,"k25_prev50","null",0,"fitted",0.51,0.375253326648573,0.745224788903198
184,"k25_prev50","null",0,"pc1",0.51,0.988871206193933,0.977831231438005
185,"k25_prev50","null",0,"fitted",0.475,0.8966727577508,0.703986491180849
185,"k25_prev50","null",0,"pc1",0.475,0.744974831679985,0.523724380236698
186,"k25_prev50","null",0,"fitted",0.505,0.924316832360108,0.592607004232092
186,"k25_prev50","null",0,"pc1",0.505,0.75039593212544,0.496429242205862
187,"k25_prev50","null",0,"fitted",0.5,0.779659588407346,0.715581131717928
187,"k25_prev50","null",0,"pc1",0.5,0.361904490309228,0.32835888607757
188,"k25_prev50","null",0,"fitted",0.4775,0.683698555451913,0.846113928406054
188,"k25_prev50","null",0,"pc1",0.4775,0.203775498370555,0.327226522543599
189,"k25_prev50","null",0,"fitted",0.525,0.802220097591297,0.440809127145255
189,"k25_prev50","null",0,"pc1",0.525,0.421110888837881,0.958558747007928
190,"k25_prev50","null",0,"fitted",0.4875,0.0720966473244911,0.00622483235730675
190,"k25_prev50","null",0,"pc1",0.4875,0.755056337469472,0.63571101911156
191,"k25_prev50","null",0,"fitted",0.5075,0.41014935195904,0.483759011657104
191,"k25_prev50","null",0,"pc1",0.5075,0.551802511373998,0.833865758671873
192,"k25_prev50","null",0,"fitted",0.525,0.26825148488078,0.136250174325948
192,"k25_prev50","null",0,"pc1",0.525,0.162666154652561,0.163611883200921
193,"k25_prev50","null",0,"fitted",0.495,0.731306251555826,0.686757421481579
193,"k25_prev50","null",0,"pc1",0.495,0.0108598348044987,0.359443410328229
194,"k25_prev50","null",0,"fitted",0.495,0.607304235221854,0.419287119446191
194,"k25_prev50","null",0,"pc1",0.495,0.54599763520078,0.0925420445255918
195,"k25_prev50","null",0,"fitted",0.5275,0.723247571610427,0.891805895678904
195,"k25_prev50","null",0,"pc1",0.5275,0.949076944026679,0.405744481585607
196,"k25_prev50","null",0,"fitted",0.4875,0.801072051771357,0.367228896911416
196,"k25_prev50","null",0,"pc1",0.4875,0.99182098667069,0.488323055029494
197,"k25_prev50","null",0,"fitted",0.485,0.582154187483833,0.929212540235469
197,"k25_prev50","null",0,"pc1",0.485,0.951084535168131,0.145601600597599
198,"k25_prev50","null",0,"fitted",0.5425,0.439526011965419,0.935984073340413
198,"k25_prev50","null",0,"pc1",0.5425,0.541480563472358,0.967124838976824
199,"k25_prev50","null",0,"fitted",0.4775,0.610834113149529,0.0671224556630391
199,"k25_prev50","null",0,"pc1",0.4775,0.5732535503236,0.778639388214195
200,"k25_prev50","null",0,"fitted",0.5075,0.0500792397502789,0.173856692081746
200,"k25_prev50","null",0,"pc1",0.5075,0.412734094353459,0.256748922443403
201,"k25_prev50","null",0,"fitted",0.4975,0.960835729528056,0.68376537974667
201,"k25_prev50","null",0,"pc1",0.4975,0.205488018498529,0.568263368997536
202,"k25_prev50","null",0,"fitted",0.475,0.171185744569491,0.831432642323916
202,"k25_prev50","null",0,"pc1",0.475,0.58324772588347,0.220784419633499
203,"k25_prev50","null",0,"fitted",0.49,0.238234076969553,0.20766099738638
203,"k25_prev50","null",0,"pc1",0.49,0.195736687877762,0.194925095002339
204,"k25_prev50","null",0,"fitted",0.49,0.280538174863686,0.635547493999638
204,"k25_prev50","null",0,"pc1",0.49,0.0657282616331906,0.135386355917207
205,"k25_prev50","null",0,"fitted",0.5275,0.496094631026043,0.145335162512113
205,"k25_prev50","null",0,"pc1",0.5275,0.671327754917389,0.874600540688732
206,"k25_prev50","null",0,"fitted",0.495,0.625159346748808,0.19614379582817
206,"k25_prev50","null",0,"pc1",0.495,0.986520004000553,0.312330454354593
207,"k25_prev50","null",0,"fitted",0.48,0.864313052346529,0.247000205666731
207,"k25_prev50","null",0,"pc1",0.48,0.347196154413656,0.90318978152092
208,"k25_prev50","null",0,"fitted",0.495,0.571754911023965,0.230661522419098
208,"k25_prev50","null",0,"pc1",0.495,0.623981088630472,0.682583915909384
209,"k25_prev50","null",0,"fitted",0.5025,0.0280387959551942,0.0624473498350528
209,"k25_prev50","null",0,"pc1",0.5025,0.0879570712958788,0.56779784505905
210,"k25_prev50","null",0,"fitted",0.5075,0.287390936574301,0.0250335758947413
210,"k25_prev50","null",0,"pc1",0.5075,0.671630794946393,0.239456767096644
211,"k25_prev50","null",0,"fitted",0.4625,0.386646977040403,0.165709873323454
211,"k25_prev50","null",0,"pc1",0.4625,0.888380297495344,0.898237648145401
212,"k25_prev50","null",0,"fitted",0.495,0.705558188155535,0.482655743807037
212,"k25_prev50","null",0,"pc1",0.495,0.547530981635459,0.895051540009738
213,"k25_prev50","null",0,"fitted",0.4975,0.81503359402704,0.668919424704727
213,"k25_prev50","null",0,"pc1",0.4975,0.159805842352238,0.0132906768286163
214,"k25_prev50","null",0,"fitted",0.5075,0.180802202732816,0.656382076096449
214,"k25_prev50","null",0,"pc1",0.5075,0.0817062506983999,0.917608605491373
215,"k25_prev50","null",0,"fitted",0.5075,0.366472211872384,0.116571615199019
215,"k25_prev50","null",0,"pc1",0.5075,0.96616423223542,0.732373214968997
216,"k25_prev50","null",0,"fitted",0.4775,0.447483000021988,0.803039732600919
216,"k25_prev50","null",0,"pc1",0.4775,0.752819432370275,0.919710357163674
217,"k25_prev50","null",0,"fitted",0.4975,0.778367053211229,0.41533889496542
217,"k25_prev50","null",0,"pc1",0.4975,0.408435086407032,0.0828495395237726
218,"k25_prev50","null",0,"fitted",0.51,0.331092279774837,0.69961678843052
218,"k25_prev50","null",0,"pc1",0.51,0.25412378144584,0.165345221464526
219,"k25_prev50","null",0,"fitted",0.5175,0.695662547361052,0.951758332563417
219,"k25_prev50","null",0,"pc1",0.5175,0.937889329840134,0.737753351324306
220,"k25_prev50","null",0,"fitted",0.4675,0.47021301157669,0.56203611002821
220,"k25_prev50","null",0,"pc1",0.4675,0.839166560111822,0.748416798363724
221,"k25_prev50","null",0,"fitted",0.5175,0.925050365225796,0.476340942001587
221,"k25_prev50","null",0,"pc1",0.5175,0.4398591302097,0.0588573975245922
222,"k25_prev50","null",0,"fitted",0.4875,0.338024687031198,0.661174941499067
222,"k25_prev50","null",0,"pc1",0.4875,0.645946345937313,0.765229298662314
223,"k25_prev50","null",0,"fitted",0.5025,0.785158733259486,0.851630554392203
223,"k25_prev50","null",0,"pc1",0.5025,0.91119809744759,0.871111268557102
224,"k25_prev50","null",0,"fitted",0.47,0.812963574634263,0.88013330090869
224,"k25_prev50","null",0,"pc1",0.47,0.861238651865699,0.855565405561479
225,"k25_prev50","null",0,"fitted",0.52,0.255346249461538,0.729302540801484
225,"k25_prev50","null",0,"pc1",0.52,0.900177007489526,0.426214141388491
226,"k25_prev50","null",0,"fitted",0.455,0.49351214502518,0.528999601503645
226,"k25_prev50","null",0,"pc1",0.455,0.994434043419584,0.592424247124352
227,"k25_prev50","null",0,"fitted",0.5025,0.652657001300935,0.77179461106983
227,"k25_prev50","null",0,"pc1",0.5025,0.682607641706196,0.229131831650906
228,"k25_prev50","null",0,"fitted",0.4875,0.289740972610639,0.413115784752875
228,"k25_prev50","null",0,"pc1",0.4875,0.477983045389584,0.901173076467955
229,"k25_prev50","null",0,"fitted",0.505,0.379632129450468,0.795470260920874
229,"k25_prev50","null",0,"pc1",0.505,0.82019234550075,0.279312520882164
230,"k25_prev50","null",0,"fitted",0.5025,0.049956545488962,0.0958482376700805
230,"k25_prev50","null",0,"pc1",0.5025,0.491210837551775,0.43036787649964
231,"k25_prev50","null",0,"fitted",0.5,0.0261880131205836,0.606796632848706
231,"k25_prev50","null",0,"pc1",0.5,0.761141902880166,0.980455306474338
232,"k25_prev50","null",0,"fitted",0.52,0.270183379184307,0.895234162112853
232,"k25_prev50","null",0,"pc1",0.52,0.551716720941998,0.274631514531647
233,"k25_prev50","null",0,"fitted",0.4725,0.53179003042555,0.411039397634554
233,"k25_prev50","null",0,"pc1",0.4725,0.480157542197333,0.043551090835415
234,"k25_prev50","null",0,"fitted",0.485,0.827143183597821,0.891025491905348
234,"k25_prev50","null",0,"pc1",0.485,0.431873970705019,0.885929324911015
235,"k25_prev50","null",0,"fitted",0.52,0.7587175694705,0.903614492825614
235,"k25_prev50","null",0,"pc1",0.52,0.532403345942703,0.230728590126865
236,"k25_prev50","null",0,"fitted",0.5125,0.207731579240013,0.651977160129984
236,"k25_prev50","null",0,"pc1",0.5125,0.13564007238319,0.715533947073905
237,"k25_prev50","null",0,"fitted",0.475,0.516599036826277,0.86766598734928
237,"k25_prev50","null",0,"pc1",0.475,0.318440447403748,0.241328837203069
238,"k25_prev50","null",0,"fitted",0.51,0.105855015160158,0.208474924647323
238,"k25_prev50","null",0,"pc1",0.51,0.121630080699821,0.0662367022679675
239,"k25_prev50","null",0,"fitted",0.495,0.80721228529463,0.581636507648033
239,"k25_prev50","null",0,"pc1",0.495,0.174651729993516,0.764832842171715
240,"k25_prev50","null",0,"fitted",0.51,0.460883712568997,0.3317590537696
240,"k25_prev50","null",0,"pc1",0.51,0.375024957178381,0.735856969275859
241,"k25_prev50","null",0,"fitted",0.4975,0.184848920791821,0.920791143713881
241,"k25_prev50","null",0,"pc1",0.4975,0.50071385488255,0.848735219922487
242,"k25_prev50","null",0,"fitted",0.515,0.315813899074781,0.451743209458536
242,"k25_prev50","null",0,"pc1",0.515,0.855514682346264,0.389875096641641
243,"k25_prev50","null",0,"fitted",0.465,0.706421629549654,0.381604714506991
243,"k25_prev50","null",0,"pc1",0.465,0.87574554284508,0.835168015872827
244,"k25_prev50","null",0,"fitted",0.4875,0.557799658838683,0.170851475867851
244,"k25_prev50","null",0,"pc1",0.4875,0.225861797819467,0.713616605773388
245,"k25_prev50","null",0,"fitted",0.5175,0.828003240743194,0.864939343495421
245,"k25_prev50","null",0,"pc1",0.5175,0.740795161968539,0.762685406869372
246,"k25_prev50","null",0,"fitted",0.5125,0.334938465535962,0.426078605905232
246,"k25_prev50","null",0,"pc1",0.5125,0.749528833502211,0.446659476294485
247,"k25_prev50","null",0,"fitted",0.51,0.166641457512724,0.501244841607844
247,"k25_prev50","null",0,"pc1",0.51,0.199405662044542,0.805834907040487
248,"k25_prev50","null",0,"fitted",0.4825,0.141130336226972,0.793145435260904
248,"k25_prev50","null",0,"pc1",0.4825,0.485515149640369,0.459941244551234
249,"k25_prev50","null",0,"fitted",0.4925,0.0156165730741857,0.0546971124023222
249,"k25_prev50","null",0,"pc1",0.4925,0.298366963229975,0.94165687144248
250,"k25_prev50","null",0,"fitted",0.495,0.0716443670681867,0.0103250878899864
250,"k25_prev50","null",0,"pc1",0.495,0.256366098265038,0.173950083961762
251,"k25_prev50","null",0,"fitted",0.51,0.471194977637805,0.210351204034653
251,"k25_prev50","null",0,"pc1",0.51,0.374150144624558,0.56616915568589
252,"k25_prev50","null",0,"fitted",0.5,0.99584059484771,0.898668884160601
252,"k25_prev50","null",0,"pc1",0.5,0.779648300635416,0.793921452600813
253,"k25_prev50","null",0,"fitted",0.4875,0.422876741266929,0.638376892069016
253,"k25_prev50","null",0,"pc1",0.4875,0.787071898917472,0.891801388556596
254,"k25_prev50","null",0,"fitted",0.52,0.317209693692899,0.78440007925351
254,"k25_prev50","null",0,"pc1",0.52,0.987537692488669,0.63705965036495
255,"k25_prev50","null",0,"fitted",0.4775,0.961164098878512,0.384436423452242
255,"k25_prev50","null",0,"pc1",0.4775,0.746695177360159,0.505989880146536
256,"k25_prev50","null",0,"fitted",0.4975,0.715687783636189,0.670765034785784
256,"k25_prev50","null",0,"pc1",0.4975,0.317439752816608,0.849046911737339
257,"k25_prev50","null",0,"fitted",0.47,0.842153463003351,0.17886647002944
257,"k25_prev50","null",0,"pc1",0.47,0.875911133310027,0.444537826781677
258,"k25_prev50","null",0,"fitted",0.51,0.276423659197351,0.221867977507851
258,"k25_prev50","null",0,"pc1",0.51,0.941874913681085,0.641090542617666
259,"k25_prev50","null",0,"fitted",0.5025,0.917458468914029,0.732759105685624
259,"k25_prev50","null",0,"pc1",0.5025,0.890175664743258,0.947395503250718
260,"k25_prev50","null",0,"fitted",0.5325,0.220776062487927,0.832361220114165
260,"k25_prev50","null",0,"pc1",0.5325,0.892601157069347,0.819032048399073
261,"k25_prev50","null",0,"fitted",0.495,0.551908124255546,0.606705792844398
261,"k25_prev50","null",0,"pc1",0.495,0.125351399906358,0.925808160423449
262,"k25_prev50","null",0,"fitted",0.5175,0.393105767730293,0.623072208263398
262,"k25_prev50","null",0,"pc1",0.5175,0.184975828794499,0.270156604684663
263,"k25_prev50","null",0,"fitted",0.4875,0.180469768845503,0.119871649469835
263,"k25_prev50","null",0,"pc1",0.4875,0.148854163252572,0.0246329058213525
264,"k25_prev50","null",0,"fitted",0.4825,0.700900938193367,0.489111024950285
264,"k25_prev50","null",0,"pc1",0.4825,0.508512182273403,0.596041992309844
265,"k25_prev50","null",0,"fitted",0.465,0.252993600453945,0.0915973612787209
265,"k25_prev50","null",0,"pc1",0.465,0.270111179413459,0.936142112861849
266,"k25_prev50","null",0,"fitted",0.5325,0.477908774897171,0.639752686432179
266,"k25_prev50","null",0,"pc1",0.5325,0.196744253291658,0.748429035094702
267,"k25_prev50","null",0,"fitted",0.4975,0.918034814082759,0.569612169447448
267,"k25_prev50","null",0,"pc1",0.4975,0.40411399079791,0.247362866022338
268,"k25_prev50","null",0,"fitted",0.505,0.396213752004996,0.609665020707847
268,"k25_prev50","null",0,"pc1",0.505,0.724029662107431,0.429780410823303
269,"k25_prev50","null",0,"fitted",0.4875,0.524155393633723,0.590228772400196
269,"k25_prev50","null",0,"pc1",0.4875,0.889918857090863,0.813354643958227
270,"k25_prev50","null",0,"fitted",0.5,0.176320830119035,0.172748587457057
270,"k25_prev50","null",0,"pc1",0.5,0.493764188400422,0.372896487553014
271,"k25_prev50","null",0,"fitted",0.51,0.154275791520254,0.0110300755151809
271,"k25_prev50","null",0,"pc1",0.51,0.119530986415631,0.0289948477475184
272,"k25_prev50","null",0,"fitted",0.5,0.797421362402464,0.624039468592191
272,"k25_prev50","null",0,"pc1",0.5,0.747654616695152,0.156057225915592
273,"k25_prev50","null",0,"fitted",0.475,0.738905714488237,0.284498717172082
273,"k25_prev50","null",0,"pc1",0.475,0.494186348042197,0.065450553853152
274,"k25_prev50","null",0,"fitted",0.4875,0.765600993547846,0.45398195346095
274,"k25_prev50","null",0,"pc1",0.4875,0.241181591635069,0.111986430454278
275,"k25_prev50","null",0,"fitted",0.4675,0.284917313584996,0.622045332773581
275,"k25_prev50","null",0,"pc1",0.4675,0.881386699427023,0.61489805498636
276,"k25_prev50","null",0,"fitted",0.5075,0.429194346824463,0.68579642353971
276,"k25_prev50","null",0,"pc1",0.5075,0.609338566438469,0.47588903125457
277,"k25_prev50","null",0,"fitted",0.505,0.0779540332803506,0.0638905379633052
277,"k25_prev50","null",0,"pc1",0.505,0.903646111298793,0.678782316864582
278,"k25_prev50","null",0,"fitted",0.505,0.120017912952531,0.32654544652629
278,"k25_prev50","null",0,"pc1",0.505,0.144809874784479,0.257680202197934
279,"k25_prev50","null",0,"fitted",0.5,0.289843598195118,0.372893959682407
279,"k25_prev50","null",0,"pc1",0.5,0.671545676866145,0.824525835239896
280,"k25_prev50","null",0,"fitted",0.48,0.738089696320586,0.318639100049107
280,"k25_prev50","null",0,"pc1",0.48,0.0316733296368916,0.146773753223021
281,"k25_prev50","null",0,"fitted",0.5175,0.960473070914037,0.684695607306697
281,"k25_prev50","null",0,"pc1",0.5175,0.532772789003642,0.248719173331983
282,"k25_prev50","null",0,"fitted",0.48,0.489173537316699,0.465226468806838
282,"k25_prev50","null",0,"pc1",0.48,0.535406897120246,0.925182979978993
283,"k25_prev50","null",0,"fitted",0.4925,0.822611209760232,0.717844646857425
283,"k25_prev50","null",0,"pc1",0.4925,0.148441543860304,0.828236622342651
284,"k25_prev50","null",0,"fitted",0.4775,0.755480530291461,0.652378094341677
284,"k25_prev50","null",0,"pc1",0.4775,0.995283146960013,0.401170791019847
285,"k25_prev50","null",0,"fitted",0.47,0.152890639701102,0.255257066790418
285,"k25_prev50","null",0,"pc1",0.47,0.300335048237761,0.355435741125566
286,"k25_prev50","null",0,"fitted",0.545,0.598562167951186,0.540298833263502
286,"k25_prev50","null",0,"pc1",0.545,0.416163770108931,0.634706387316807
287,"k25_prev50","null",0,"fitted",0.485,0.402793898131918,0.563354873078716
287,"k25_prev50","null",0,"pc1",0.485,0.817485122258434,0.219181432621173
288,"k25_prev50","null",0,"fitted",0.485,0.441836531379049,0.158218014943156
288,"k25_prev50","null",0,"pc1",0.485,0.379445333850058,0.886580292762223
289,"k25_prev50","null",0,"fitted",0.48,0.861998077552341,0.522847606818918
289,"k25_prev50","null",0,"pc1",0.48,0.605175040066987,0.587108566324271
290,"k25_prev50","null",0,"fitted",0.49,0.166109705567508,0.644929538798657
290,"k25_prev50","null",0,"pc1",0.49,0.712384490815071,0.230646886334758
291,"k25_prev50","null",0,"fitted",0.46,0.29243505990076,0.564423085820764
291,"k25_prev50","null",0,"pc1",0.46,0.225047379104613,0.386051396950404
292,"k25_prev50","null",0,"fitted",0.485,0.179854530385354,0.122499851746596
292,"k25_prev50","null",0,"pc1",0.485,0.237942537322332,0.220017722528647
293,"k25_prev50","null",0,"fitted",0.5225,0.872213697341107,0.369479473247881
293,"k25_prev50","null",0,"pc1",0.5225,0.31576195591486,0.218346541502975
294,"k25_prev50","null",0,"fitted",0.5,0.669279821390164,0.798077512830805
294,"k25_prev50","null",0,"pc1",0.5,0.123145252456406,0.955211400626378
295,"k25_prev50","null",0,"fitted",0.4825,0.0978269774355428,0.206244990724956
295,"k25_prev50","null",0,"pc1",0.4825,0.279899215973422,0.0432254343745873
296,"k25_prev50","null",0,"fitted",0.4775,0.65693412326304,0.268494533599753
296,"k25_prev50","null",0,"pc1",0.4775,0.540748813785011,0.322007880353737
297,"k25_prev50","null",0,"fitted",0.5,0.579950660986247,0.862915959836017
297,"k25_prev50","null",0,"pc1",0.5,0.909506070514274,0.445961660130162
298,"k25_prev50","null",0,"fitted",0.505,0.644428304606608,0.869185133450244
298,"k25_prev50","null",0,"pc1",0.505,0.610506283274326,0.828496543921847
299,"k25_prev50","null",0,"fitted",0.4875,0.218523653524083,0.304126266106161
299,"k25_prev50","null",0,"pc1",0.4875,0.0320004315336924,0.52406997051386
300,"k25_prev50","null",0,"fitted",0.5325,0.658436346285877,0.413973589841746
300,"k25_prev50","null",0,"pc1",0.5325,0.311967209674939,0.407808995242128
301,"k25_prev50","null",0,"fitted",0.5375,0.524646781756425,0.690465130958261
301,"k25_prev50","null",0,"pc1",0.5375,0.124697008794703,0.538734504728968
302,"k25_prev50","null",0,"fitted",0.475,0.658396665468268,0.539889328226513
302,"k25_prev50","null",0,"pc1",0.475,0.692605162548808,0.617973437261789
303,"k25_prev50","null",0,"fitted",0.49,0.729572538037439,0.835178208461587
303,"k25_prev50","null",0,"pc1",0.49,0.373185701627341,0.116878760661926
304,"k25_prev50","null",0,"fitted",0.53,0.427867923316133,0.307442559838126
304,"k25_prev50","null",0,"pc1",0.53,0.879979713887591,0.598879089922861
305,"k25_prev50","null",0,"fitted",0.5125,0.844106647217255,0.508589480036295
305,"k25_prev50","null",0,"pc1",0.5125,0.542415557944845,0.70968939306937
306,"k25_prev50","null",0,"fitted",0.485,0.727153226236882,0.514958676782933
306,"k25_prev50","null",0,"pc1",0.485,0.958003038431317,0.600189722605048
307,"k25_prev50","null",0,"fitted",0.5025,0.485690649810148,0.681188014454182
307,"k25_prev50","null",0,"pc1",0.5025,0.709338264516802,0.393146321807428
308,"k25_prev50","null",0,"fitted",0.4925,0.601240265064044,0.398005044445132
308,"k25_prev50","null",0,"pc1",0.4925,0.597530121469725,0.819837785730542
309,"k25_prev50","null",0,"fitted",0.475,0.107778533011814,0.304793668126966
309,"k25_prev50","null",0,"pc1",0.475,0.86439448739998,0.139156226519806
310,"k25_prev50","null",0,"fitted",0.4825,0.69653524951667,0.0613561487245208
310,"k25_prev50","null",0,"pc1",0.4825,0.297649389807625,0.128820885598669
311,"k25_prev50","null",0,"fitted",0.52,0.200329170452738,0.58223341246798
311,"k25_prev50","null",0,"pc1",0.52,0.44404035338015,0.231498541201835
312,"k25_prev50","null",0,"fitted",0.4975,0.059317933151797,0.689555085926394
312,"k25_prev50","null",0,"pc1",0.4975,0.451100688914423,0.290840546845611
313,"k25_prev50","null",0,"fitted",0.5325,0.110967163817921,0.0162061808520717
313,"k25_prev50","null",0,"pc1",0.5325,0.693215845366831,0.118413175654834
314,"k25_prev50","null",0,"fitted",0.4925,0.449344108048138,0.521524588795888
314,"k25_prev50","null",0,"pc1",0.4925,0.522852992531194,0.153627720467213
315,"k25_prev50","null",0,"fitted",0.475,0.784041482077329,0.272522174668492
315,"k25_prev50","null",0,"pc1",0.475,0.966332126277944,0.634190884861565
316,"k25_prev50","null",0,"fitted",0.53,0.218024422481542,0.829595444855362
316,"k25_prev50","null",0,"pc1",0.53,0.991934173397942,0.769380885292133
317,"k25_prev50","null",0,"fitted",0.51,0.484445122911736,0.372989603010918
317,"k25_prev50","null",0,"pc1",0.51,0.933373336923964,0.766372275719038
318,"k25_prev50","null",0,"fitted",0.485,0.674797681419532,0.384647362959731
318,"k25_prev50","null",0,"pc1",0.485,0.424836634869576,0.647058937077966
319,"k25_prev50","null",0,"fitted",0.475,0.8539672336698,0.47782944641872
319,"k25_prev50","null",0,"pc1",0.475,0.504639019588734,0.423422169611071
320,"k25_prev50","null",0,"fitted",0.515,0.126446763339049,0.0172740169009111
320,"k25_prev50","null",0,"pc1",0.515,0.219650378303399,0.0950774946315228
321,"k25_prev50","null",0,"fitted",0.505,0.437114973428379,0.870623818866714
321,"k25_prev50","null",0,"pc1",0.505,0.00842982244295665,0.477189261138233
322,"k25_prev50","null",0,"fitted",0.4925,0.82578381003673,0.722378191022829
322,"k25_prev50","null",0,"pc1",0.4925,0.158234850293587,0.037833313030652
323,"k25_prev50","null",0,"fitted",0.5125,0.905141215410612,0.986902830605693
323,"k25_prev50","null",0,"pc1",0.5125,0.443810067662647,0.409044007237609
324,"k25_prev50","null",0,"fitted",0.49,0.77250810697903,0.990221474274918
324,"k25_prev50","null",0,"pc1",0.49,0.407423852292782,0.0269606190267287
325,"k25_prev50","null",0,"fitted",0.505,0.889353011223194,0.517146967272582
325,"k25_prev50","null",0,"pc1",0.505,0.94678543335393,0.744002321977802
326,"k25_prev50","null",0,"fitted",0.465,0.321123388372489,0.723937567651811
326,"k25_prev50","null",0,"pc1",0.465,0.130750571042517,0.0017373514977137
327,"k25_prev50","null",0,"fitted",0.4725,0.878210739149247,0.26638853965535
327,"k25_prev50","null",0,"pc1",0.4725,0.607825904052596,0.389264446107572
328,"k25_prev50","null",0,"fitted",0.48,0.96814826766928,0.451762582635221
328,"k25_prev50","null",0,"pc1",0.48,0.281050223864619,0.335476007084257
329,"k25_prev50","null",0,"fitted",0.5225,0.875517654817293,0.752674701091774
329,"k25_prev50","null",0,"pc1",0.5225,0.588469285137602,0.703142370718355
330,"k25_prev50","null",0,"fitted",0.4575,0.154978963235795,0.639339946128551
330,"k25_prev50","null",0,"pc1",0.4575,0.7335453456239,0.799329959328688
331,"k25_prev50","null",0,"fitted",0.505,0.384716830100223,0.0730676503041447
331,"k25_prev50","null",0,"pc1",0.505,0.993422084699859,0.940733428189324
332,"k25_prev50","null",0,"fitted",0.4675,0.706589459128405,0.706939733254353
332,"k25_prev50","null",0,"pc1",0.4675,0.487384762511677,0.862628081318578
333,"k25_prev50","null",0,"fitted",0.485,0.951184995285715,0.890236179030721
333,"k25_prev50","null",0,"pc1",0.485,0.797149917206243,0.643906848285095
334,"k25_prev50","null",0,"fitted",0.47,0.886628653356065,0.384589197011529
334,"k25_prev50","null",0,"pc1",0.47,0.725886081213844,0.698860966920352
335,"k25_prev50","null",0,"fitted",0.54,0.519883194386647,0.697319134802437
335,"k25_prev50","null",0,"pc1",0.54,0.914872028874413,0.822390503998015
336,"k25_prev50","null",0,"fitted",0.49,0.0977605882119061,0.548414279069177
336,"k25_prev50","null",0,"pc1",0.49,0.623302789109979,0.424290500859589
337,"k25_prev50","null",0,"fitted",0.475,0.50245403409388,0.0507620385487705
337,"k25_prev50","null",0,"pc1",0.475,0.681707413099313,0.436690501365328
338,"k25_prev50","null",0,"fitted",0.5175,0.797566174906352,0.733489239457411
338,"k25_prev50","null",0,"pc1",0.5175,0.6139223005922,0.356083236366753
339,"k25_prev50","null",0,"fitted",0.465,0.155491310641899,0.103014038001713
339,"k25_prev50","null",0,"pc1",0.465,0.231951113102904,0.0379213773968862
340,"k25_prev50","null",0,"fitted",0.4875,0.360805356087363,0.254598117802075
340,"k25_prev50","null",0,"pc1",0.4875,0.875443687974079,0.630895952520988
341,"k25_prev50","null",0,"fitted",0.5175,0.396176743186913,0.479510603907129
341,"k25_prev50","null",0,"pc1",0.5175,0.325588808304829,0.954367823096789
342,"k25_prev50","null",0,"fitted",0.5025,0.742318175979615,0.413562245364456
342,"k25_prev50","null",0,"pc1",0.5025,0.489801717886286,0.95855519931558
343,"k25_prev50","null",0,"fitted",0.515,0.0752375835982391,0.0089402883043086
343,"k25_prev50","null",0,"pc1",0.515,0.755748580730247,0.539435067888647
344,"k25_prev50","null",0,"fitted",0.4925,0.477509475009234,0.627749830271326
344,"k25_prev50","null",0,"pc1",0.4925,0.416790468432526,0.992333645293193
345,"k25_prev50","null",0,"fitted",0.5025,0.324275834906878,0.916143309768134
345,"k25_prev50","null",0,"pc1",0.5025,0.144519444135635,0.82223137944406
346,"k25_prev50","null",0,"fitted",0.47,0.151280824192815,0.72823646915196
346,"k25_prev50","null",0,"pc1",0.47,0.712552383579658,0.115266414491009
347,"k25_prev50","null",0,"fitted",0.4975,0.157304686980946,0.315986266792345
347,"k25_prev50","null",0,"pc1",0.4975,0.830192498531087,0.220566072127538
348,"k25_prev50","null",0,"fitted",0.5075,0.260064216125995,0.0475005412435207
348,"k25_prev50","null",0,"pc1",0.5075,0.817372085966193,0.67738212272847
349,"k25_prev50","null",0,"fitted",0.4925,0.208866836284705,0.117237491216552
349,"k25_prev50","null",0,"pc1",0.4925,0.937409925697808,0.14733051934599
350,"k25_prev50","null",0,"fitted",0.495,0.421865120616255,0.783087393121386
350,"k25_prev50","null",0,"pc1",0.495,0.975981896544383,0.594298039345693
351,"k25_prev50","null",0,"fitted",0.52,0.383341088336905,0.917198999063132
351,"k25_prev50","null",0,"pc1",0.52,0.773138541098296,0.249473360279751
352,"k25_prev50","null",0,"fitted",0.495,0.974623414134261,0.571918706629465
352,"k25_prev50","null",0,"pc1",0.495,0.365710257695045,0.183709348213102
353,"k25_prev50","null",0,"fitted",0.4825,0.763009108048977,0.0793530693993161
353,"k25_prev50","null",0,"pc1",0.4825,0.548467555664724,0.688558261421526
354,"k25_prev50","null",0,"fitted",0.49,0.367007853144227,0.391083830500143
354,"k25_prev50","null",0,"pc1",0.49,0.703821718771788,0.414579462292216
355,"k25_prev50","null",0,"fitted",0.4875,0.589326809786635,0.370878588000394
355,"k25_prev50","null",0,"pc1",0.4875,0.410532977382456,0.924335343662456
356,"k25_prev50","null",0,"fitted",0.4925,0.671023772856901,0.298364612586483
356,"k25_prev50","null",0,"pc1",0.4925,0.0343438056814577,0.00679150620045121
357,"k25_prev50","null",0,"fitted",0.505,0.174523033612945,0.258864907564555
357,"k25_prev50","null",0,"pc1",0.505,0.606617862769129,0.957182324973334
358,"k25_prev50","null",0,"fitted",0.5075,0.49969471881259,0.772966937115587
358,"k25_prev50","null",0,"pc1",0.5075,0.38810879345205,0.113711427356005
359,"k25_prev50","null",0,"fitted",0.4825,0.879172086456706,0.386470194080813
359,"k25_prev50","null",0,"pc1",0.4825,0.79155627136953,0.625878930325785
360,"k25_prev50","null",0,"fitted",0.475,0.796336823221003,0.527235032488729
360,"k25_prev50","null",0,"pc1",0.475,0.706503542838826,0.208836806814028
361,"k25_prev50","null",0,"fitted",0.4925,0.588385658978952,0.952400566173349
361,"k25_prev50","null",0,"pc1",0.4925,0.836340813483837,0.930470135835892
362,"k25_prev50","null",0,"fitted",0.4825,0.129960577261391,0.112722669555967
362,"k25_prev50","null",0,"pc1",0.4825,0.156699166971344,0.242273883007878
363,"k25_prev50","null",0,"fitted",0.4825,0.407876022847922,0.594449556758986
363,"k25_prev50","null",0,"pc1",0.4825,0.154622917744358,0.945996191811815
364,"k25_prev50","null",0,"fitted",0.4975,0.771099350695851,0.505801931672553
364,"k25_prev50","null",0,"pc1",0.4975,0.313235186593401,0.640911748523779
365,"k25_prev50","null",0,"fitted",0.46,0.722099554000585,0.444197060632705
365,"k25_prev50","null",0,"pc1",0.46,0.747453482179703,0.740463953452055
366,"k25_prev50","null",0,"fitted",0.495,0.190291218637715,0.199128927067505
366,"k25_prev50","null",0,"pc1",0.495,0.444554534224998,0.276055911433738
367,"k25_prev50","null",0,"fitted",0.5125,0.203569366593612,0.804927146744754
367,"k25_prev50","null",0,"pc1",0.5125,0.0758150860845225,0.765198799210463
368,"k25_prev50","null",0,"fitted",0.455,0.631010298078874,0.512043011293196
368,"k25_prev50","null",0,"pc1",0.455,0.118125405572893,0.286014221107024
369,"k25_prev50","null",0,"fitted",0.5225,0.0115912251382548,0.726473893054702
369,"k25_prev50","null",0,"pc1",0.5225,0.657873587246947,0.948057943449999
370,"k25_prev50","null",0,"fitted",0.5025,0.303108305649377,0.648808852081919
370,"k25_prev50","null",0,"pc1",0.5025,0.0862927168536286,0.753823938946694
371,"k25_prev50","null",0,"fitted",0.4875,0.366681374028879,0.178325961820712
371,"k25_prev50","null",0,"pc1",0.4875,0.142072666590066,0.270244459239077
372,"k25_prev50","null",0,"fitted",0.475,0.61731816149354,0.29539903981932
372,"k25_prev50","null",0,"pc1",0.475,0.202265093295664,0.917040799829778
373,"k25_prev50","null",0,"fitted",0.515,0.677245059782911,0.243978008351169
373,"k25_prev50","null",0,"pc1",0.515,0.667733584382429,0.362664193156473
374,"k25_prev50","null",0,"fitted",0.48,0.0576709581637105,0.445520129946548
374,"k25_prev50","null",0,"pc1",0.48,0.752921411131585,0.0853656471716391
375,"k25_prev50","null",0,"fitted",0.5,0.901654497307268,0.798784565613605
375,"k25_prev50","null",0,"pc1",0.5,0.299314541082746,0.179761219795524
376,"k25_prev50","null",0,"fitted",0.49,0.216365382868743,0.949965344161672
376,"k25_prev50","null",0,"pc1",0.49,0.525081961036691,0.234958570073703
377,"k25_prev50","null",0,"fitted",0.505,0.760285369735553,0.911104705277518
377,"k25_prev50","null",0,"pc1",0.505,0.132056943452263,0.322341561383013
378,"k25_prev50","null",0,"fitted",0.495,0.409741543380037,0.32086101155966
378,"k25_prev50","null",0,"pc1",0.495,0.121047518951397,0.096147862774025
379,"k25_prev50","null",0,"fitted",0.4825,0.81142529700147,0.286602521367857
379,"k25_prev50","null",0,"pc1",0.4825,0.447885313830756,0.975559756223019
380,"k25_prev50","null",0,"fitted",0.5075,0.493937943507807,0.697299191358963
380,"k25_prev50","null",0,"pc1",0.5075,0.125477244690313,0.367768699531151
381,"k25_prev50","null",0,"fitted",0.48,0.0254544863332847,0.0108643213083068
381,"k25_prev50","null",0,"pc1",0.48,0.841630091200122,0.272140874740949
382,"k25_prev50","null",0,"fitted",0.49,0.160732611489784,0.0146062241585627
382,"k25_prev50","null",0,"pc1",0.49,0.7743368701793,0.789130933137736
383,"k25_prev50","null",0,"fitted",0.5125,0.411876633294774,0.609272745418153
383,"k25_prev50","null",0,"pc1",0.5125,0.522534864329718,0.227562389633877
384,"k25_prev50","null",0,"fitted",0.51,0.578888414164475,0.967015419274244
384,"k25_prev50","null",0,"pc1",0.51,0.867322261369771,0.378312108184572
385,"k25_prev50","null",0,"fitted",0.4975,0.567613176266238,0.833332000951083
385,"k25_prev50","null",0,"pc1",0.4975,0.825778838406436,0.502975180065073
386,"k25_prev50","null",0,"fitted",0.5425,0.0964240372385435,0.849567466463381
386,"k25_prev50","null",0,"pc1",0.5425,0.102340325843378,0.800147759516368
387,"k25_prev50","null",0,"fitted",0.4675,0.134180273848231,0.863285494897693
387,"k25_prev50","null",0,"pc1",0.4675,0.576214931047978,0.700581473950894
388,"k25_prev50","null",0,"fitted",0.5025,0.34206931004591,0.117608440638424
388,"k25_prev50","null",0,"pc1",0.5025,0.405987674885178,0.287592406292083
389,"k25_prev50","null",0,"fitted",0.48,0.810031711667115,0.68580447229948
389,"k25_prev50","null",0,"pc1",0.48,0.588188372967689,0.0443670144298725
390,"k25_prev50","null",0,"fitted",0.4725,0.693799403817774,0.291172658432409
390,"k25_prev50","null",0,"pc1",0.4725,0.72780926390333,0.962491199083543
391,"k25_prev50","null",0,"fitted",0.52,0.596567232181684,0.847096652826577
391,"k25_prev50","null",0,"pc1",0.52,0.446195853795028,0.755285035794787
392,"k25_prev50","null",0,"fitted",0.4925,0.0590456707546567,0.00545513753457194
392,"k25_prev50","null",0,"pc1",0.4925,0.281712295395813,0.0573594636444286
393,"k25_prev50","null",0,"fitted",0.5,0.449798459349761,0.186029552059937
393,"k25_prev50","null",0,"pc1",0.5,0.762239013484631,0.312124484423693
394,"k25_prev50","null",0,"fitted",0.525,0.0733420687116931,0.313934013691581
394,"k25_prev50","null",0,"pc1",0.525,0.822517803603497,0.770201894342825
395,"k25_prev50","null",0,"fitted",0.4575,0.0467917828077318,0.14638296812393
395,"k25_prev50","null",0,"pc1",0.4575,0.386149701983122,0.586830039380162
396,"k25_prev50","null",0,"fitted",0.505,0.61928172748066,0.336115217832656
396,"k25_prev50","null",0,"pc1",0.505,0.833793604672828,0.329799121516805
397,"k25_prev50","null",0,"fitted",0.5425,0.408115299989822,0.849338380051365
397,"k25_prev50","null",0,"pc1",0.5425,0.706980384108802,0.662670372592409
398,"k25_prev50","null",0,"fitted",0.505,0.111512598541126,0.86960764907641
398,"k25_prev50","null",0,"pc1",0.505,0.928766909194266,0.749343921218929
399,"k25_prev50","null",0,"fitted",0.495,0.629557007159153,0.596113352018049
399,"k25_prev50","null",0,"pc1",0.495,0.111513411219445,0.368012573627588
400,"k25_prev50","null",0,"fitted",0.4775,0.327443809570456,0.411595187891708
400,"k25_prev50","null",0,"pc1",0.4775,0.56164560484982,0.587035873294183
1,"k25_prev50","quadratic",0.5,"fitted",0.4525,0.545238931693615,0.283056248628093
1,"k25_prev50","quadratic",0.5,"pc1",0.4525,0.0977553703044858,0.205674858620621
2,"k25_prev50","quadratic",0.5,"fitted",0.5275,0.442830042126916,0.572745924676303
2,"k25_prev50","quadratic",0.5,"pc1",0.5275,0.761136825418484,0.866881849299949
3,"k25_prev50","quadratic",0.5,"fitted",0.4825,0.69016220889092,0.155399539717302
3,"k25_prev50","quadratic",0.5,"pc1",0.4825,0.541906894522682,0.340977819057306
4,"k25_prev50","quadratic",0.5,"fitted",0.4925,0.259438166899796,0.265940990184171
4,"k25_prev50","quadratic",0.5,"pc1",0.4925,0.747887412196729,0.25962913309762
5,"k25_prev50","quadratic",0.5,"fitted",0.5,0.0279851793323069,0.00392335196943683
5,"k25_prev50","quadratic",0.5,"pc1",0.5,0.276599749564423,0.00615818225398446
6,"k25_prev50","quadratic",0.5,"fitted",0.505,0.299575953485623,0.550821486295033
6,"k25_prev50","quadratic",0.5,"pc1",0.505,0.340354103912317,0.186390428299973
7,"k25_prev50","quadratic",0.5,"fitted",0.485,0.126667039855652,0.46846204865253
7,"k25_prev50","quadratic",0.5,"pc1",0.485,0.922032581605839,0.872761704587259
8,"k25_prev50","quadratic",0.5,"fitted",0.47,0.798760725312775,0.231971803797647
8,"k25_prev50","quadratic",0.5,"pc1",0.47,0.356467474891536,0.162933862023876
9,"k25_prev50","quadratic",0.5,"fitted",0.5275,0.236074608710593,0.790275625870303
9,"k25_prev50","quadratic",0.5,"pc1",0.5275,0.142699958515782,0.945011125880743
10,"k25_prev50","quadratic",0.5,"fitted",0.49,0.593167022573839,0.92086354183979
10,"k25_prev50","quadratic",0.5,"pc1",0.49,0.439891013895352,0.311441033470463
11,"k25_prev50","quadratic",0.5,"fitted",0.485,0.744582387583613,0.658109295976046
11,"k25_prev50","quadratic",0.5,"pc1",0.485,0.455472992398182,0.780511449174449
12,"k25_prev50","quadratic",0.5,"fitted",0.495,0.396834673292764,0.3120712794724
12,"k25_prev50","quadratic",0.5,"pc1",0.495,0.638817918948895,0.118314327519724
13,"k25_prev50","quadratic",0.5,"fitted",0.495,0.0260743207856269,0.167009807234708
13,"k25_prev50","quadratic",0.5,"pc1",0.495,0.122032559561433,0.661064689922008
14,"k25_prev50","quadratic",0.5,"fitted",0.4725,0.482021491050876,0.115272958273938
14,"k25_prev50","quadratic",0.5,"pc1",0.4725,0.611434401265638,0.927080350599521
15,"k25_prev50","quadratic",0.5,"fitted",0.505,0.138945373568932,0.0364179363172108
15,"k25_prev50","quadratic",0.5,"pc1",0.505,0.877438812287113,0.743589781471133
16,"k25_prev50","quadratic",0.5,"fitted",0.515,0.184886884209939,0.10964951535893
16,"k25_prev50","quadratic",0.5,"pc1",0.515,0.847346753345339,0.179163960410505
17,"k25_prev50","quadratic",0.5,"fitted",0.51,0.970256336873944,0.472358295399467
17,"k25_prev50","quadratic",0.5,"pc1",0.51,0.909629382049808,0.914463181702247
18,"k25_prev50","quadratic",0.5,"fitted",0.5125,0.599520623597846,0.189665882962071
18,"k25_prev50","quadratic",0.5,"pc1",0.5125,0.119549841262976,0.01335972100094
19,"k25_prev50","quadratic",0.5,"fitted",0.5225,0.788633488576473,0.747412363100756
19,"k25_prev50","quadratic",0.5,"pc1",0.5225,0.838009410816425,0.880711015704791
20,"k25_prev50","quadratic",0.5,"fitted",0.5225,0.526026379394111,0.307801451072803
20,"k25_prev50","quadratic",0.5,"pc1",0.5225,0.618301082394614,0.167098468037456
21,"k25_prev50","quadratic",0.5,"fitted",0.4975,0.0371980790011081,0.121970188159717
21,"k25_prev50","quadratic",0.5,"pc1",0.4975,0.15473361780287,0.0146030256661771
22,"k25_prev50","quadratic",0.5,"fitted",0.51,0.117359209592215,0.209643228432559
22,"k25_prev50","quadratic",0.5,"pc1",0.51,0.838724258171574,0.194497633102054
23,"k25_prev50","quadratic",0.5,"fitted",0.5225,0.345541777296727,0.715626993288318
23,"k25_prev50","quadratic",0.5,"pc1",0.5225,0.27544964735283,0.688910715188546
24,"k25_prev50","quadratic",0.5,"fitted",0.465,0.592154349779697,0.577841633339151
24,"k25_prev50","quadratic",0.5,"pc1",0.465,0.535696670827212,0.803849557797555
25,"k25_prev50","quadratic",0.5,"fitted",0.4725,0.0564074772614765,0.907946666352757
25,"k25_prev50","quadratic",0.5,"pc1",0.4725,0.538317812541012,0.496787937510257
26,"k25_prev50","quadratic",0.5,"fitted",0.5175,0.224371923736933,0.140872708291175
26,"k25_prev50","quadratic",0.5,"pc1",0.5175,0.741119281043886,0.434632344189173
27,"k25_prev50","quadratic",0.5,"fitted",0.5175,0.228609764601001,0.181857592715898
27,"k25_prev50","quadratic",0.5,"pc1",0.5175,0.897355742835051,0.281465641848512
28,"k25_prev50","quadratic",0.5,"fitted",0.525,0.00101171382490317,0.206517956143148
28,"k25_prev50","quadratic",0.5,"pc1",0.525,0.866190674387825,0.999400739539678
29,"k25_prev50","quadratic",0.5,"fitted",0.5225,0.00105543216319481,0.00926531511754103
29,"k25_prev50","quadratic",0.5,"pc1",0.5225,0.228187294604756,0.0964587010544385
30,"k25_prev50","quadratic",0.5,"fitted",0.5275,0.206486592645796,0.306272223721495
30,"k25_prev50","quadratic",0.5,"pc1",0.5275,0.0869040945391273,0.133688887902976
31,"k25_prev50","quadratic",0.5,"fitted",0.5175,0.669936198656967,0.898523876595692
31,"k25_prev50","quadratic",0.5,"pc1",0.5175,0.732819242143315,0.370395502641984
32,"k25_prev50","quadratic",0.5,"fitted",0.475,0.749810470640518,0.452839514704445
32,"k25_prev50","quadratic",0.5,"pc1",0.475,0.130617491957533,0.525485565030838
33,"k25_prev50","quadratic",0.5,"fitted",0.5025,0.845955794363675,0.828881723084291
33,"k25_prev50","quadratic",0.5,"pc1",0.5025,0.349640190928305,0.13292188684252
34,"k25_prev50","quadratic",0.5,"fitted",0.5225,0.779513057815103,0.240922890526482
34,"k25_prev50","quadratic",0.5,"pc1",0.5225,0.0504932519190685,0.196951078734197
35,"k25_prev50","quadratic",0.5,"fitted",0.535,0.834313360757828,0.581496693202899
35,"k25_prev50","quadratic",0.5,"pc1",0.535,0.53674322077791,0.0903055559542566
36,"k25_prev50","quadratic",0.5,"fitted",0.535,0.28980920990222,0.373075074806747
36,"k25_prev50","quadratic",0.5,"pc1",0.535,0.996577739639036,0.753286819481706
37,"k25_prev50","quadratic",0.5,"fitted",0.5025,0.10724117416303,0.278001960703255
37,"k25_prev50","quadratic",0.5,"pc1",0.5025,0.425915458443824,0.856879696401978
38,"k25_prev50","quadratic",0.5,"fitted",0.49,0.795488842750201,0.603545944991317
38,"k25_prev50","quadratic",0.5,"pc1",0.49,0.442018110570082,0.140282187547687
39,"k25_prev50","quadratic",0.5,"fitted",0.485,0.44977031678384,0.193610051325487
39,"k25_prev50","quadratic",0.5,"pc1",0.485,0.330046679278819,0.0204335758701573
40,"k25_prev50","quadratic",0.5,"fitted",0.4925,0.0184044651104814,0.00298927191826048
40,"k25_prev50","quadratic",0.5,"pc1",0.4925,0.854678416692055,0.234182220653975
41,"k25_prev50","quadratic",0.5,"fitted",0.5075,0.188901047293797,0.0072280394367662
41,"k25_prev50","quadratic",0.5,"pc1",0.5075,0.632547348683114,0.743319282285581
42,"k25_prev50","quadratic",0.5,"fitted",0.4975,0.23451873741226,0.340221037746588
42,"k25_prev50","quadratic",0.5,"pc1",0.4975,0.611444525447041,0.0976043421935798
43,"k25_prev50","quadratic",0.5,"fitted",0.505,0.520841766127528,0.257478986659141
43,"k25_prev50","quadratic",0.5,"pc1",0.505,0.71287952869972,0.44864996286747
44,"k25_prev50","quadratic",0.5,"fitted",0.4975,0.24057976192762,0.239723969337909
44,"k25_prev50","quadratic",0.5,"pc1",0.4975,0.399811089154821,0.238934889362638
45,"k25_prev50","quadratic",0.5,"fitted",0.515,0.738799667073222,0.060044075739082
45,"k25_prev50","quadratic",0.5,"pc1",0.515,0.230155363513555,0.493978617486968
46,"k25_prev50","quadratic",0.5,"fitted",0.4875,0.697026362499188,0.325718743167415
46,"k25_prev50","quadratic",0.5,"pc1",0.4875,0.400593377145353,0.767151715695629
47,"k25_prev50","quadratic",0.5,"fitted",0.535,0.472952297596179,0.121066145878896
47,"k25_prev50","quadratic",0.5,"pc1",0.535,0.0330053893460353,0.258803466123503
48,"k25_prev50","quadratic",0.5,"fitted",0.5275,0.543581418539403,0.493671567481465
48,"k25_prev50","quadratic",0.5,"pc1",0.5275,0.178731887625061,0.54112269570945
49,"k25_prev50","quadratic",0.5,"fitted",0.4975,0.0250013700741005,0.152996093836132
49,"k25_prev50","quadratic",0.5,"pc1",0.4975,0.550406050583965,0.116281187748362
50,"k25_prev50","quadratic",0.5,"fitted",0.5125,0.115831590861925,0.229655086343608
50,"k25_prev50","quadratic",0.5,"pc1",0.5125,0.754564717565803,0.731369988293105
51,"k25_prev50","quadratic",0.5,"fitted",0.4975,0.0216407681239361,0.702399664096837
51,"k25_prev50","quadratic",0.5,"pc1",0.4975,0.940770218014459,0.525573742650082
52,"k25_prev50","quadratic",0.5,"fitted",0.4875,0.0264441053612294,0.435861792618526
52,"k25_prev50","quadratic",0.5,"pc1",0.4875,0.219720724689784,0.251277617942297
53,"k25_prev50","quadratic",0.5,"fitted",0.5125,0.806993726926641,0.313166652271409
53,"k25_prev50","quadratic",0.5,"pc1",0.5125,0.1566646075996,0.478460060554079
54,"k25_prev50","quadratic",0.5,"fitted",0.5225,0.0295294281165543,0.470608317766881
54,"k25_prev50","quadratic",0.5,"pc1",0.5225,0.190714911319646,0.602933099299112
55,"k25_prev50","quadratic",0.5,"fitted",0.495,0.210383987803054,0.0594865072497123
55,"k25_prev50","quadratic",0.5,"pc1",0.495,0.827990745461986,0.224859566966252
56,"k25_prev50","quadratic",0.5,"fitted",0.4675,0.712507379649145,0.49520014467152
56,"k25_prev50","quadratic",0.5,"pc1",0.4675,0.673743308877685,0.761171221489324
57,"k25_prev50","quadratic",0.5,"fitted",0.495,0.558473540388338,0.827706125491289
57,"k25_prev50","quadratic",0.5,"pc1",0.495,0.556492378948451,0.764951041680778
58,"k25_prev50","quadratic",0.5,"fitted",0.525,0.000191630434241308,0.00705756085008968
58,"k25_prev50","quadratic",0.5,"pc1",0.525,0.70196144044691,0.10381178671808
59,"k25_prev50","quadratic",0.5,"fitted",0.54,0.868328404056174,0.263119186381349
59,"k25_prev50","quadratic",0.5,"pc1",0.54,0.705135908495226,0.383978619581211
60,"k25_prev50","quadratic",0.5,"fitted",0.52,0.0305343073546496,0.092852617552079
60,"k25_prev50","quadratic",0.5,"pc1",0.52,0.766091987009926,0.738652315026688
61,"k25_prev50","quadratic",0.5,"fitted",0.505,0.42547209071371,0.20550472888612
61,"k25_prev50","quadratic",0.5,"pc1",0.505,0.714667867511033,0.283047223404849
62,"k25_prev50","quadratic",0.5,"fitted",0.515,0.61864927238131,0.293635183784777
62,"k25_prev50","quadratic",0.5,"pc1",0.515,0.342936121831338,0.320562772752003
63,"k25_prev50","quadratic",0.5,"fitted",0.4825,0.68124956622851,0.334899313871091
63,"k25_prev50","quadratic",0.5,"pc1",0.4825,0.732433224885214,0.223387256977933
64,"k25_prev50","quadratic",0.5,"fitted",0.5075,0.257839398423614,0.0234201281499735
64,"k25_prev50","quadratic",0.5,"pc1",0.5075,0.307404092074145,0.819441899448994
65,"k25_prev50","quadratic",0.5,"fitted",0.495,0.45939904611782,0.0679540578098764
65,"k25_prev50","quadratic",0.5,"pc1",0.495,0.591345423063378,0.0623141021183045
66,"k25_prev50","quadratic",0.5,"fitted",0.5125,0.0365108242003569,0.00688538267462713
66,"k25_prev50","quadratic",0.5,"pc1",0.5125,0.0953432157420221,0.0187490354086851
67,"k25_prev50","quadratic",0.5,"fitted",0.51,0.0723577924442368,0.371456084263634
67,"k25_prev50","quadratic",0.5,"pc1",0.51,0.359828291530909,0.73258643457287
68,"k25_prev50","quadratic",0.5,"fitted",0.4675,0.454523214793259,0.190487403013787
68,"k25_prev50","quadratic",0.5,"pc1",0.4675,0.313187608836349,0.645765139742898
69,"k25_prev50","quadratic",0.5,"fitted",0.5025,0.709114983196825,0.274599650751708
69,"k25_prev50","quadratic",0.5,"pc1",0.5025,0.445569067668493,0.0665151515159172
70,"k25_prev50","quadratic",0.5,"fitted",0.5025,0.978895499293767,0.676179008925498
70,"k25_prev50","quadratic",0.5,"pc1",0.5025,0.792804193000172,0.531304895577729
71,"k25_prev50","quadratic",0.5,"fitted",0.51,0.104663003816179,0.076219814434223
71,"k25_prev50","quadratic",0.5,"pc1",0.51,0.894490455091064,0.189762789152981
72,"k25_prev50","quadratic",0.5,"fitted",0.4875,0.0963929643930515,0.103115425651232
72,"k25_prev50","quadratic",0.5,"pc1",0.4875,0.242273660477614,0.1617940173936
73,"k25_prev50","quadratic",0.5,"fitted",0.4725,0.816861922234894,0.26626708019818
73,"k25_prev50","quadratic",0.5,"pc1",0.4725,0.570843165517695,0.96640966065262
74,"k25_prev50","quadratic",0.5,"fitted",0.52,0.22599061504599,0.581465455952974
74,"k25_prev50","quadratic",0.5,"pc1",0.52,0.867008631464528,0.87034741532296
75,"k25_prev50","quadratic",0.5,"fitted",0.4825,0.23842741616718,0.112592581635848
75,"k25_prev50","quadratic",0.5,"pc1",0.4825,0.728309764640201,0.386979809590114
76,"k25_prev50","quadratic",0.5,"fitted",0.4975,0.154589649221041,0.763936299124567
76,"k25_prev50","quadratic",0.5,"pc1",0.4975,0.128635064686976,0.15304492779885
77,"k25_prev50","quadratic",0.5,"fitted",0.49,0.525591205957948,0.125914806591134
77,"k25_prev50","quadratic",0.5,"pc1",0.49,0.0228985681452702,0.183843888734831
78,"k25_prev50","quadratic",0.5,"fitted",0.4825,0.00656835334359052,0.928691816429761
78,"k25_prev50","quadratic",0.5,"pc1",0.4825,0.902462353556049,0.541052686385809
79,"k25_prev50","quadratic",0.5,"fitted",0.505,0.699981927444591,0.760815818734207
79,"k25_prev50","quadratic",0.5,"pc1",0.505,0.932603257517281,0.900374956474087
80,"k25_prev50","quadratic",0.5,"fitted",0.4825,0.329055846774509,0.898055577311959
80,"k25_prev50","quadratic",0.5,"pc1",0.4825,0.592251955858561,0.740022351092663
81,"k25_prev50","quadratic",0.5,"fitted",0.505,0.798463706993386,0.117434722021574
81,"k25_prev50","quadratic",0.5,"pc1",0.505,0.228025116027015,0.0918329590955382
82,"k25_prev50","quadratic",0.5,"fitted",0.515,0.307531448874906,0.129016609293241
82,"k25_prev50","quadratic",0.5,"pc1",0.515,0.221883690387892,0.0117815036001594
83,"k25_prev50","quadratic",0.5,"fitted",0.5,0.56873392460427,0.999996925011257
83,"k25_prev50","quadratic",0.5,"pc1",0.5,0.690945857569276,0.766492278542595
84,"k25_prev50","quadratic",0.5,"fitted",0.51,0.130849785307285,0.0484070981255658
84,"k25_prev50","quadratic",0.5,"pc1",0.51,0.148701094188149,0.483509175425852
85,"k25_prev50","quadratic",0.5,"fitted",0.4875,0.0568827719677436,0.106876934234416
85,"k25_prev50","quadratic",0.5,"pc1",0.4875,0.0780721417532632,0.661107881795399
86,"k25_prev50","quadratic",0.5,"fitted",0.5,0.156017188648201,0.0531565513168061
86,"k25_prev50","quadratic",0.5,"pc1",0.5,0.210420079724716,0.736234913501064
87,"k25_prev50","quadratic",0.5,"fitted",0.4875,0.196684999963579,0.265846415305469
87,"k25_prev50","quadratic",0.5,"pc1",0.4875,0.0899062492053391,0.0141923254442278
88,"k25_prev50","quadratic",0.5,"fitted",0.4975,0.469698091730663,0.694004155595668
88,"k25_prev50","quadratic",0.5,"pc1",0.4975,0.3840148142121,0.0566141877939333
89,"k25_prev50","quadratic",0.5,"fitted",0.4725,0.230360090798005,0.130494511920902
89,"k25_prev50","quadratic",0.5,"pc1",0.4725,0.129199799602585,0.585031814211577
90,"k25_prev50","quadratic",0.5,"fitted",0.4975,0.17941284399079,0.595988056397747
90,"k25_prev50","quadratic",0.5,"pc1",0.4975,0.453703372532615,0.87185958805696
91,"k25_prev50","quadratic",0.5,"fitted",0.49,0.654786651577512,0.890190207166194
91,"k25_prev50","quadratic",0.5,"pc1",0.49,0.609585785677692,0.973243213377613
92,"k25_prev50","quadratic",0.5,"fitted",0.49,0.0130897838684245,0.0553180253048321
92,"k25_prev50","quadratic",0.5,"pc1",0.49,0.579474854336264,0.48224340727318
93,"k25_prev50","quadratic",0.5,"fitted",0.485,0.0707824843752938,0.0159318181720294
93,"k25_prev50","quadratic",0.5,"pc1",0.485,0.867633375051426,0.996307210951865
94,"k25_prev50","quadratic",0.5,"fitted",0.505,0.288457153567958,0.135386849438875
94,"k25_prev50","quadratic",0.5,"pc1",0.505,0.562526497279721,0.96190249147173
95,"k25_prev50","quadratic",0.5,"fitted",0.4925,0.0948627723253272,0.23943530899923
95,"k25_prev50","quadratic",0.5,"pc1",0.4925,0.543842844640207,0.758989987039434
96,"k25_prev50","quadratic",0.5,"fitted",0.46,0.399426333368084,0.102505676489181
96,"k25_prev50","quadratic",0.5,"pc1",0.46,0.88155814229321,0.263715296193669
97,"k25_prev50","quadratic",0.5,"fitted",0.535,0.297889657421873,0.846663760484676
97,"k25_prev50","quadratic",0.5,"pc1",0.535,0.683185679070714,0.798676304736778
98,"k25_prev50","quadratic",0.5,"fitted",0.505,0.908174827366388,0.435098577079418
98,"k25_prev50","quadratic",0.5,"pc1",0.505,0.62929361741894,0.840785679685933
99,"k25_prev50","quadratic",0.5,"fitted",0.4925,0.0649485102300449,0.0517516437597635
99,"k25_prev50","quadratic",0.5,"pc1",0.4925,0.248630541991592,0.0178685102747618
100,"k25_prev50","quadratic",0.5,"fitted",0.475,0.834070648391391,0.240019456317923
100,"k25_prev50","quadratic",0.5,"pc1",0.475,0.546332972637705,0.769060603084747
101,"k25_prev50","quadratic",0.5,"fitted",0.4875,0.0692841044079689,0.0229387247151562
101,"k25_prev50","quadratic",0.5,"pc1",0.4875,0.906821897808779,0.400981668352874
102,"k25_prev50","quadratic",0.5,"fitted",0.4975,0.489070228990992,0.121042598171416
102,"k25_prev50","quadratic",0.5,"pc1",0.4975,0.460392600033629,0.705330032405064
103,"k25_prev50","quadratic",0.5,"fitted",0.4925,0.102257875625498,0.008828657028914
103,"k25_prev50","quadratic",0.5,"pc1",0.4925,0.412318543789693,0.021542429475775
104,"k25_prev50","quadratic",0.5,"fitted",0.5225,0.560934859018586,0.0480617757405096
104,"k25_prev50","quadratic",0.5,"pc1",0.5225,0.0923828785983422,0.0150279037923087
105,"k25_prev50","quadratic",0.5,"fitted",0.51,0.0673910706530695,0.138614776479887
105,"k25_prev50","quadratic",0.5,"pc1",0.51,0.524093689939541,0.435006212319555
106,"k25_prev50","quadratic",0.5,"fitted",0.495,0.72873643331945,0.699592694020962
106,"k25_prev50","quadratic",0.5,"pc1",0.495,0.499449356733165,0.935864874351167
107,"k25_prev50","quadratic",0.5,"fitted",0.4875,0.627164171128556,0.536170565669936
107,"k25_prev50","quadratic",0.5,"pc1",0.4875,0.785140575427562,0.560133928495508
108,"k25_prev50","quadratic",0.5,"fitted",0.4875,0.421289661280935,0.180221803912847
108,"k25_prev50","quadratic",0.5,"pc1",0.4875,0.71406003652484,0.227017240223593
109,"k25_prev50","quadratic",0.5,"fitted",0.4875,0.00204051354614898,0.00686591717852902
109,"k25_prev50","quadratic",0.5,"pc1",0.4875,0.924729090744044,0.429268146844846
110,"k25_prev50","quadratic",0.5,"fitted",0.495,0.053606767190253,0.336609122513481
110,"k25_prev50","quadratic",0.5,"pc1",0.495,0.43048352254114,0.451025526160653
111,"k25_prev50","quadratic",0.5,"fitted",0.4725,0.050763360135388,0.0166872964909193
111,"k25_prev50","quadratic",0.5,"pc1",0.4725,0.0857782177802143,0.196880198397646
112,"k25_prev50","quadratic",0.5,"fitted",0.505,0.584703506809285,0.273612826321821
112,"k25_prev50","quadratic",0.5,"pc1",0.505,0.333606876889098,0.964700600435617
113,"k25_prev50","quadratic",0.5,"fitted",0.48,0.978168779281104,0.881925537119009
113,"k25_prev50","quadratic",0.5,"pc1",0.48,0.105986731265398,0.326972367411286
114,"k25_prev50","quadratic",0.5,"fitted",0.5075,0.114453379302216,0.0467211270162819
114,"k25_prev50","quadratic",0.5,"pc1",0.5075,0.16248234440984,0.030940535146201
115,"k25_prev50","quadratic",0.5,"fitted",0.5325,0.372222169055515,0.345307222363445
115,"k25_prev50","quadratic",0.5,"pc1",0.5325,0.134193715817822,0.391588722390482
116,"k25_prev50","quadratic",0.5,"fitted",0.5125,0.640694650239789,0.792583599788998
116,"k25_prev50","quadratic",0.5,"pc1",0.5125,0.2734180114647,0.613048255925585
117,"k25_prev50","quadratic",0.5,"fitted",0.5,0.543763032595983,0.503908651720051
117,"k25_prev50","quadratic",0.5,"pc1",0.5,0.467261885240352,0.350976550969055
118,"k25_prev50","quadratic",0.5,"fitted",0.515,0.821398204460392,0.222944318077332
118,"k25_prev50","quadratic",0.5,"pc1",0.515,0.0438160980475949,0.0391170448908549
119,"k25_prev50","quadratic",0.5,"fitted",0.5025,0.70121808214786,0.233521596838885
119,"k25_prev50","quadratic",0.5,"pc1",0.5025,0.847398452584131,0.5140667977336
120,"k25_prev50","quadratic",0.5,"fitted",0.485,0.191434708619652,0.107115942938595
120,"k25_prev50","quadratic",0.5,"pc1",0.485,0.685945857326541,0.516778143273747
121,"k25_prev50","quadratic",0.5,"fitted",0.4825,0.0612441653884714,0.157827374520196
121,"k25_prev50","quadratic",0.5,"pc1",0.4825,0.963675089684266,0.46130318492573
122,"k25_prev50","quadratic",0.5,"fitted",0.485,0.692796096452124,0.49048687986619
122,"k25_prev50","quadratic",0.5,"pc1",0.485,0.665933026681234,0.868794207057003
123,"k25_prev50","quadratic",0.5,"fitted",0.54,0.50155500143652,0.653961083235342
123,"k25_prev50","quadratic",0.5,"pc1",0.54,0.388906911119568,0.028110980333907
124,"k25_prev50","quadratic",0.5,"fitted",0.495,0.169751274193877,0.326573474894092
124,"k25_prev50","quadratic",0.5,"pc1",0.495,0.254449894504109,0.331321558082742
125,"k25_prev50","quadratic",0.5,"fitted",0.5,0.778677975391393,0.807459642990154
125,"k25_prev50","quadratic",0.5,"pc1",0.5,0.596752181227269,0.292223747163868
126,"k25_prev50","quadratic",0.5,"fitted",0.515,0.939318765195276,0.733442325090618
126,"k25_prev50","quadratic",0.5,"pc1",0.515,0.58507036188059,0.494547184437784
127,"k25_prev50","quadratic",0.5,"fitted",0.47,0.289228415819889,0.0836105350302054
127,"k25_prev50","quadratic",0.5,"pc1",0.47,0.58907675599988,0.72944882007101
128,"k25_prev50","quadratic",0.5,"fitted",0.505,0.0172384351491298,0.764879364100089
128,"k25_prev50","quadratic",0.5,"pc1",0.505,0.142433147708859,0.91495785853929
129,"k25_prev50","quadratic",0.5,"fitted",0.485,0.436626953859859,0.858886954178466
129,"k25_prev50","quadratic",0.5,"pc1",0.485,0.649610893139471,0.76714237427172
130,"k25_prev50","quadratic",0.5,"fitted",0.515,0.225041663603898,0.414383061711337
130,"k25_prev50","quadratic",0.5,"pc1",0.515,0.770094792847215,0.391039745568426
131,"k25_prev50","quadratic",0.5,"fitted",0.4875,0.0781351946010682,0.113227540468113
131,"k25_prev50","quadratic",0.5,"pc1",0.4875,0.901697958679668,0.448198335864986
132,"k25_prev50","quadratic",0.5,"fitted",0.5575,0.606340916145344,0.767443112146252
132,"k25_prev50","quadratic",0.5,"pc1",0.5575,0.806044936113938,0.416166913404209
133,"k25_prev50","quadratic",0.5,"fitted",0.495,0.907853746625007,0.272826986828721
133,"k25_prev50","quadratic",0.5,"pc1",0.495,0.338129450734672,0.191512311178772
134,"k25_prev50","quadratic",0.5,"fitted",0.4775,0.156884114008376,0.0416753528463399
134,"k25_prev50","quadratic",0.5,"pc1",0.4775,0.733230824115764,0.7809090949194
135,"k25_prev50","quadratic",0.5,"fitted",0.4925,0.696567567844925,0.971944583748002
135,"k25_prev50","quadratic",0.5,"pc1",0.4925,0.520687705329095,0.837310656606899
136,"k25_prev50","quadratic",0.5,"fitted",0.4675,0.312319004857115,0.0512406489452922
136,"k25_prev50","quadratic",0.5,"pc1",0.4675,0.261587326352429,0.825932510640786
137,"k25_prev50","quadratic",0.5,"fitted",0.5275,0.680731848134289,0.272412517997554
137,"k25_prev50","quadratic",0.5,"pc1",0.5275,0.986725182838245,0.794632382291839
138,"k25_prev50","quadratic",0.5,"fitted",0.505,0.0782571748502336,0.031936956015103
138,"k25_prev50","quadratic",0.5,"pc1",0.505,0.988637724974847,0.869479270992023
139,"k25_prev50","quadratic",0.5,"fitted",0.515,0.323116540678597,0.0470542523648168
139,"k25_prev50","quadratic",0.5,"pc1",0.515,0.642057232077311,0.868423817904412
140,"k25_prev50","quadratic",0.5,"fitted",0.5075,0.909960966240362,0.790433661940587
140,"k25_prev50","quadratic",0.5,"pc1",0.5075,0.649409283053995,0.637690204112126
141,"k25_prev50","quadratic",0.5,"fitted",0.51,0.0367957046465603,0.35325820538679
141,"k25_prev50","quadratic",0.5,"pc1",0.51,0.242326341011171,0.035233057234233
142,"k25_prev50","quadratic",0.5,"fitted",0.5125,0.264924944853574,0.718126632512048
142,"k25_prev50","quadratic",0.5,"pc1",0.5125,0.307926537502401,0.232951134574836
143,"k25_prev50","quadratic",0.5,"fitted",0.5125,0.323365853581633,0.20601850562155
143,"k25_prev50","quadratic",0.5,"pc1",0.5125,0.95970658349151,0.329060181088241
144,"k25_prev50","quadratic",0.5,"fitted",0.4975,0.496686169406501,0.445571803288999
144,"k25_prev50","quadratic",0.5,"pc1",0.4975,0.908130749027654,0.816015093946364
145,"k25_prev50","quadratic",0.5,"fitted",0.505,0.238303353732299,0.135174573966887
145,"k25_prev50","quadratic",0.5,"pc1",0.505,0.554393010302794,0.747078646874677
146,"k25_prev50","quadratic",0.5,"fitted",0.5125,0.569050578334741,0.54390500922095
146,"k25_prev50","quadratic",0.5,"pc1",0.5125,0.356927985005153,0.192477276486371
147,"k25_prev50","quadratic",0.5,"fitted",0.5075,0.3361644221561,0.881180495422531
147,"k25_prev50","quadratic",0.5,"pc1",0.5075,0.688265618601802,0.687119435596179
148,"k25_prev50","quadratic",0.5,"fitted",0.5225,0.973687976834518,0.746210157418767
148,"k25_prev50","quadratic",0.5,"pc1",0.5225,0.18275390036154,0.0519647775105301
149,"k25_prev50","quadratic",0.5,"fitted",0.475,0.320116580284414,0.124128711810727
149,"k25_prev50","quadratic",0.5,"pc1",0.475,0.450937933507598,0.319749612588282
150,"k25_prev50","quadratic",0.5,"fitted",0.4975,0.28485930604512,0.541110096951832
150,"k25_prev50","quadratic",0.5,"pc1",0.4975,0.31312531244532,0.368748231800708
151,"k25_prev50","quadratic",0.5,"fitted",0.5125,0.40222086395471,0.0750115111091714
151,"k25_prev50","quadratic",0.5,"pc1",0.5125,0.613699949729125,0.100359047659001
152,"k25_prev50","quadratic",0.5,"fitted",0.52,0.340521806358382,0.225986543818068
152,"k25_prev50","quadratic",0.5,"pc1",0.52,0.801675202629607,0.631387536096582
153,"k25_prev50","quadratic",0.5,"fitted",0.4975,0.337817905058242,0.776255527547152
153,"k25_prev50","quadratic",0.5,"pc1",0.4975,0.116667941325372,0.0550402823009098
154,"k25_prev50","quadratic",0.5,"fitted",0.4775,0.714207388261984,0.452198026613882
154,"k25_prev50","quadratic",0.5,"pc1",0.4775,0.872949170975242,0.554453821811253
155,"k25_prev50","quadratic",0.5,"fitted",0.51,0.641002531757314,0.26812863754492
155,"k25_prev50","quadratic",0.5,"pc1",0.51,0.158112062099174,0.127674790892838
156,"k25_prev50","quadratic",0.5,"fitted",0.5325,0.0329167600588683,0.615501442150989
156,"k25_prev50","quadratic",0.5,"pc1",0.5325,0.623554822780946,0.377011058828196
157,"k25_prev50","quadratic",0.5,"fitted",0.5,0.786652528246162,0.331268202602102
157,"k25_prev50","quadratic",0.5,"pc1",0.5,0.380647845216891,0.686010258601561
158,"k25_prev50","quadratic",0.5,"fitted",0.505,0.310476073332321,0.871469616632759
158,"k25_prev50","quadratic",0.5,"pc1",0.505,0.445771448833111,0.566606355730843
159,"k25_prev50","quadratic",0.5,"fitted",0.5,0.507644065909513,0.109564112053186
159,"k25_prev50","quadratic",0.5,"pc1",0.5,0.86841177948221,0.513598204009892
160,"k25_prev50","quadratic",0.5,"fitted",0.5,0.0930597323229292,0.215362148625243
160,"k25_prev50","quadratic",0.5,"pc1",0.5,0.982970831250866,0.759728328352465
161,"k25_prev50","quadratic",0.5,"fitted",0.505,0.844876033648304,0.847286189240995
161,"k25_prev50","quadratic",0.5,"pc1",0.505,0.991397370145929,0.751370920039784
162,"k25_prev50","quadratic",0.5,"fitted",0.51,0.162770397498235,0.706136734368357
162,"k25_prev50","quadratic",0.5,"pc1",0.51,0.681732454931157,0.077707915809357
163,"k25_prev50","quadratic",0.5,"fitted",0.4875,0.0305513661715617,0.00683154355693261
163,"k25_prev50","quadratic",0.5,"pc1",0.4875,0.636480265222017,0.394567493136885
164,"k25_prev50","quadratic",0.5,"fitted",0.475,0.264435918039702,0.427444018000811
164,"k25_prev50","quadratic",0.5,"pc1",0.475,0.755367390495959,0.440042470352055
165,"k25_prev50","quadratic",0.5,"fitted",0.4875,0.255238626674783,0.0393194346172345
165,"k25_prev50","quadratic",0.5,"pc1",0.4875,0.306096037488342,0.0390843774210502
166,"k25_prev50","quadratic",0.5,"fitted",0.505,0.141092105533644,0.0957414449209979
166,"k25_prev50","quadratic",0.5,"pc1",0.505,0.583078339289447,0.0991648978246854
167,"k25_prev50","quadratic",0.5,"fitted",0.5025,0.000340324938746361,0.553791247888435
167,"k25_prev50","quadratic",0.5,"pc1",0.5025,0.590767765201029,0.657656893707743
168,"k25_prev50","quadratic",0.5,"fitted",0.5325,0.973826021477133,0.737486355415205
168,"k25_prev50","quadratic",0.5,"pc1",0.5325,0.764825409514166,0.591680876495905
169,"k25_prev50","quadratic",0.5,"fitted",0.5275,0.0530109995119843,0.275233455615697
169,"k25_prev50","quadratic",0.5,"pc1",0.5275,0.993869436501466,0.992311225051775
170,"k25_prev50","quadratic",0.5,"fitted",0.51,0.569005981222927,0.75844608551411
170,"k25_prev50","quadratic",0.5,"pc1",0.51,0.412716120077549,0.911142446787918
171,"k25_prev50","quadratic",0.5,"fitted",0.5375,0.175990161119413,0.102300286304873
171,"k25_prev50","quadratic",0.5,"pc1",0.5375,0.441007174951334,0.230723227185352
172,"k25_prev50","quadratic",0.5,"fitted",0.4875,0.850604083603598,0.524536034051678
172,"k25_prev50","quadratic",0.5,"pc1",0.4875,0.653601658112871,0.21187634456101
173,"k25_prev50","quadratic",0.5,"fitted",0.5125,0.329611895787124,0.412677041545267
173,"k25_prev50","quadratic",0.5,"pc1",0.5125,0.67185930834233,0.456665261822106
174,"k25_prev50","quadratic",0.5,"fitted",0.47,0.643648099142247,0.843315132849312
174,"k25_prev50","quadratic",0.5,"pc1",0.47,0.824465526378219,0.454022681667033
175,"k25_prev50","quadratic",0.5,"fitted",0.49,0.0412078185462639,0.113933742203205
175,"k25_prev50","quadratic",0.5,"pc1",0.49,0.136273373969767,0.303029295969634
176,"k25_prev50","quadratic",0.5,"fitted",0.4675,0.64776525433951,0.252759408697588
176,"k25_prev50","quadratic",0.5,"pc1",0.4675,0.522435874172842,0.818052936660424
177,"k25_prev50","quadratic",0.5,"fitted",0.5125,0.72778595003839,0.951593421745443
177,"k25_prev50","quadratic",0.5,"pc1",0.5125,0.919629087328715,0.959702537477862
178,"k25_prev50","quadratic",0.5,"fitted",0.4775,0.615987762272884,0.695563747540806
178,"k25_prev50","quadratic",0.5,"pc1",0.4775,0.00742483554048268,0.289049894943768
179,"k25_prev50","quadratic",0.5,"fitted",0.5275,0.620683405582426,0.104399410150799
179,"k25_prev50","quadratic",0.5,"pc1",0.5275,0.608414978134661,0.0480021650994835
180,"k25_prev50","quadratic",0.5,"fitted",0.5,0.0481450540317777,0.152950171275386
180,"k25_prev50","quadratic",0.5,"pc1",0.5,0.689544587989418,0.565025138676868
181,"k25_prev50","quadratic",0.5,"fitted",0.5225,0.297549790628714,0.535844260062455
181,"k25_prev50","quadratic",0.5,"pc1",0.5225,0.244029978127782,0.0720161656575169
182,"k25_prev50","quadratic",0.5,"fitted",0.495,0.419373955738444,0.795673984811537
182,"k25_prev50","quadratic",0.5,"pc1",0.495,0.478457473776571,0.204627380834438
183,"k25_prev50","quadratic",0.5,"fitted",0.51,0.440185124820057,0.19520696315167
183,"k25_prev50","quadratic",0.5,"pc1",0.51,0.163033760247731,0.841817402277259
184,"k25_prev50","quadratic",0.5,"fitted",0.525,0.608468479072084,0.246377323554205
184,"k25_prev50","quadratic",0.5,"pc1",0.525,0.970723766760099,0.401126031422466
185,"k25_prev50","quadratic",0.5,"fitted",0.4925,0.0258893191804916,0.48292333898224
185,"k25_prev50","quadratic",0.5,"pc1",0.4925,0.70594346140819,0.756467235772844
186,"k25_prev50","quadratic",0.5,"fitted",0.4975,0.136774079328176,0.0547315508397769
186,"k25_prev50","quadratic",0.5,"pc1",0.4975,0.505780940356091,0.340387373103645
187,"k25_prev50","quadratic",0.5,"fitted",0.52,0.144744995625551,0.966945735181437
187,"k25_prev50","quadratic",0.5,"pc1",0.52,0.242340183312411,0.805553123957426
188,"k25_prev50","quadratic",0.5,"fitted",0.4725,0.434109568616904,0.291589622436282
188,"k25_prev50","quadratic",0.5,"pc1",0.4725,0.777634822197981,0.637652749155661
189,"k25_prev50","quadratic",0.5,"fitted",0.5125,0.575443103067578,0.971551951048838
189,"k25_prev50","quadratic",0.5,"pc1",0.5125,0.258023523222444,0.901831582545555
190,"k25_prev50","quadratic",0.5,"fitted",0.5125,0.0100384284085756,0.0498587240365828
190,"k25_prev50","quadratic",0.5,"pc1",0.5125,0.729263781750476,0.519842257863713
191,"k25_prev50","quadratic",0.5,"fitted",0.5225,0.113510952383025,0.711445296798006
191,"k25_prev50","quadratic",0.5,"pc1",0.5225,0.69786451129353,0.75667005842258
192,"k25_prev50","quadratic",0.5,"fitted",0.4975,0.553950692138623,0.765273765131538
192,"k25_prev50","quadratic",0.5,"pc1",0.4975,0.199973945604676,0.877033371216715
193,"k25_prev50","quadratic",0.5,"fitted",0.505,0.46251761531696,0.00658114245238872
193,"k25_prev50","quadratic",0.5,"pc1",0.505,0.457102018360294,0.299317845653398
194,"k25_prev50","quadratic",0.5,"fitted",0.505,0.405757235448441,0.420807210793881
194,"k25_prev50","quadratic",0.5,"pc1",0.505,0.180838889392627,0.116381738204563
195,"k25_prev50","quadratic",0.5,"fitted",0.5425,0.0105812943007093,0.339442571171691
195,"k25_prev50","quadratic",0.5,"pc1",0.5425,0.692938002436013,0.6040919652613
196,"k25_prev50","quadratic",0.5,"fitted",0.505,0.704824939587195,0.234898464363389
196,"k25_prev50","quadratic",0.5,"pc1",0.505,0.484540369181809,0.449971378099627
197,"k25_prev50","quadratic",0.5,"fitted",0.475,0.273250447060168,0.506850187154673
197,"k25_prev50","quadratic",0.5,"pc1",0.475,0.944998396118069,0.452721960002312
198,"k25_prev50","quadratic",0.5,"fitted",0.53,0.362856866681146,0.812401931666939
198,"k25_prev50","quadratic",0.5,"pc1",0.53,0.837364291767202,0.831523815765259
199,"k25_prev50","quadratic",0.5,"fitted",0.4725,0.798554556792317,0.0920103812891826
199,"k25_prev50","quadratic",0.5,"pc1",0.4725,0.52252165568053,0.743960037142403
200,"k25_prev50","quadratic",0.5,"fitted",0.4925,0.301169229560864,0.32910139663311
200,"k25_prev50","quadratic",0.5,"pc1",0.4925,0.554620377436266,0.396961415306227
201,"k25_prev50","quadratic",0.5,"fitted",0.5125,0.907878955756412,0.691359443368113
201,"k25_prev50","quadratic",0.5,"pc1",0.5125,0.109413056810842,0.633484759193217
202,"k25_prev50","quadratic",0.5,"fitted",0.4875,0.354724265035932,0.173221155760696
202,"k25_prev50","quadratic",0.5,"pc1",0.4875,0.997612624700868,0.792533727773988
203,"k25_prev50","quadratic",0.5,"fitted",0.495,0.402575044853749,0.254698685102215
203,"k25_prev50","quadratic",0.5,"pc1",0.495,0.360827979910137,0.186741008316643
204,"k25_prev50","quadratic",0.5,"fitted",0.5025,0.636064978771572,0.350023762201284
204,"k25_prev50","quadratic",0.5,"pc1",0.5025,0.0930606373797402,0.609528567411153
205,"k25_prev50","quadratic",0.5,"fitted",0.535,0.890845310999058,0.701361605102613
205,"k25_prev50","quadratic",0.5,"pc1",0.535,0.734291628819513,0.965352956947986
206,"k25_prev50","quadratic",0.5,"fitted",0.5,0.604037708121726,0.651172483335997
206,"k25_prev50","quadratic",0.5,"pc1",0.5,0.900174727913864,0.796793464358376
207,"k25_prev50","quadratic",0.5,"fitted",0.4975,0.56299511892715,0.108801319843652
207,"k25_prev50","quadratic",0.5,"pc1",0.4975,0.262584871807143,0.179432119354685
208,"k25_prev50","quadratic",0.5,"fitted",0.5075,0.311030784910398,0.144392138795023
208,"k25_prev50","quadratic",0.5,"pc1",0.5075,0.407365150793799,0.341389938581725
209,"k25_prev50","quadratic",0.5,"fitted",0.49,0.718213040374096,0.602556049092707
209,"k25_prev50","quadratic",0.5,"pc1",0.49,0.140750442630445,0.498695416626832
210,"k25_prev50","quadratic",0.5,"fitted",0.51,0.000965377984515792,0.000144672676105295
210,"k25_prev50","quadratic",0.5,"pc1",0.51,0.73941681982359,0.533655316971806
211,"k25_prev50","quadratic",0.5,"fitted",0.465,0.347934462535572,0.508151470211424
211,"k25_prev50","quadratic",0.5,"pc1",0.465,0.679555691514225,0.265951842198358
212,"k25_prev50","quadratic",0.5,"fitted",0.4875,0.287173861452471,0.975561874698224
212,"k25_prev50","quadratic",0.5,"pc1",0.4875,0.853961806159163,0.486125653860902
213,"k25_prev50","quadratic",0.5,"fitted",0.4975,0.543292374290852,0.114495382944943
213,"k25_prev50","quadratic",0.5,"pc1",0.4975,0.00730659724055827,0.000851784431270208
214,"k25_prev50","quadratic",0.5,"fitted",0.4675,0.582050872923273,0.62275086172384
214,"k25_prev50","quadratic",0.5,"pc1",0.4675,0.0246115677828799,0.628050394492993
215,"k25_prev50","quadratic",0.5,"fitted",0.5175,0.466589193324531,0.0688391629405076
215,"k25_prev50","quadratic",0.5,"pc1",0.5175,0.454100275074796,0.291391265754374
216,"k25_prev50","quadratic",0.5,"fitted",0.485,0.113294369175787,0.674498532954405
216,"k25_prev50","quadratic",0.5,"pc1",0.485,0.816547868517225,0.947898811299044
217,"k25_prev50","quadratic",0.5,"fitted",0.5075,0.832948283509469,0.186671711244742
217,"k25_prev50","quadratic",0.5,"pc1",0.5075,0.689407319773462,0.299088646664589
218,"k25_prev50","quadratic",0.5,"fitted",0.5175,0.209607584453269,0.244284304254468
218,"k25_prev50","quadratic",0.5,"pc1",0.5175,0.873345399447597,0.461863837805634
219,"k25_prev50","quadratic",0.5,"fitted",0.49,0.0658047750791824,0.0639267268871955
219,"k25_prev50","quadratic",0.5,"pc1",0.49,0.544878342898692,0.0299157110931269
220,"k25_prev50","quadratic",0.5,"fitted",0.4875,0.311186891734231,0.673593254398444
220,"k25_prev50","quadratic",0.5,"pc1",0.4875,0.996475891382805,0.798991920996989
221,"k25_prev50","quadratic",0.5,"fitted",0.4975,0.103375586007105,0.0599179578271581
221,"k25_prev50","quadratic",0.5,"pc1",0.4975,0.248368572408738,0.0228643767400013
222,"k25_prev50","quadratic",0.5,"fitted",0.505,0.972543626803228,0.451435986496401
222,"k25_prev50","quadratic",0.5,"pc1",0.505,0.719897804266013,0.694295465647838
223,"k25_prev50","quadratic",0.5,"fitted",0.5,0.818098138553461,0.820602782810026
223,"k25_prev50","quadratic",0.5,"pc1",0.5,0.887819000087739,0.82709426483175
224,"k25_prev50","quadratic",0.5,"fitted",0.475,0.991664406236439,0.631114450049875
224,"k25_prev50","quadratic",0.5,"pc1",0.475,0.351179316780763,0.467949511967422
225,"k25_prev50","quadratic",0.5,"fitted",0.5075,0.143864781848363,0.211390715011609
225,"k25_prev50","quadratic",0.5,"pc1",0.5075,0.917994102335716,0.222143686598559
226,"k25_prev50","quadratic",0.5,"fitted",0.495,0.218300301592806,0.151575108547777
226,"k25_prev50","quadratic",0.5,"pc1",0.495,0.422272972966169,0.0705850268801678
227,"k25_prev50","quadratic",0.5,"fitted",0.4875,0.0796459924693169,0.122970531123363
227,"k25_prev50","quadratic",0.5,"pc1",0.4875,0.674289140876588,0.621990374536547
228,"k25_prev50","quadratic",0.5,"fitted",0.4975,0.539140888981998,0.540247069969825
228,"k25_prev50","quadratic",0.5,"pc1",0.4975,0.14568894347605,0.23989784743151
229,"k25_prev50","quadratic",0.5,"fitted",0.4725,0.563158235978118,0.27041808730534
229,"k25_prev50","quadratic",0.5,"pc1",0.4725,0.456464774826288,0.0650427528845335
230,"k25_prev50","quadratic",0.5,"fitted",0.4825,0.0364824151294167,0.0512933303269736
230,"k25_prev50","quadratic",0.5,"pc1",0.4825,0.872380413559827,0.219451937291844
231,"k25_prev50","quadratic",0.5,"fitted",0.5125,0.784633121561201,0.508328971023165
231,"k25_prev50","quadratic",0.5,"pc1",0.5125,0.382006263697791,0.104484432948216
232,"k25_prev50","quadratic",0.5,"fitted",0.525,0.380219023962302,0.237870828008849
232,"k25_prev50","quadratic",0.5,"pc1",0.525,0.983286105460122,0.396939554396239
233,"k25_prev50","quadratic",0.5,"fitted",0.4625,0.409037982975352,0.0220292168648404
233,"k25_prev50","quadratic",0.5,"pc1",0.4625,0.382158074361857,0.0255771098095033
234,"k25_prev50","quadratic",0.5,"fitted",0.4825,0.769889596915436,0.748467781840667
234,"k25_prev50","quadratic",0.5,"pc1",0.4825,0.662548044449534,0.142331825204624
235,"k25_prev50","quadratic",0.5,"fitted",0.51,0.779569933892877,0.50983486150783
235,"k25_prev50","quadratic",0.5,"pc1",0.51,0.642737010734829,0.599913007473367
236,"k25_prev50","quadratic",0.5,"fitted",0.495,0.000451195301795826,0.0656277659141795
236,"k25_prev50","quadratic",0.5,"pc1",0.495,0.157539493657066,0.249433224013346
237,"k25_prev50","quadratic",0.5,"fitted",0.4875,0.359795504978074,0.728050097279731
237,"k25_prev50","quadratic",0.5,"pc1",0.4875,0.316835864930478,0.136826928114135
238,"k25_prev50","quadratic",0.5,"fitted",0.5025,0.616519232492737,0.502291714096423
238,"k25_prev50","quadratic",0.5,"pc1",0.5025,0.186885642443765,0.45699571874611
239,"k25_prev50","quadratic",0.5,"fitted",0.4875,0.609589242699838,0.494251211918717
239,"k25_prev50","quadratic",0.5,"pc1",0.4875,0.298844770022407,0.71748990600395
240,"k25_prev50","quadratic",0.5,"fitted",0.5125,0.580848653735146,0.116596959080103
240,"k25_prev50","quadratic",0.5,"pc1",0.5125,0.682333445277261,0.585997369209782
241,"k25_prev50","quadratic",0.5,"fitted",0.4975,0.216065585880558,0.112013100471453
241,"k25_prev50","quadratic",0.5,"pc1",0.4975,0.857031867936534,0.244567274395075
242,"k25_prev50","quadratic",0.5,"fitted",0.53,0.233793852158898,0.0454451464293859
242,"k25_prev50","quadratic",0.5,"pc1",0.53,0.813653063669996,0.109078134824545
243,"k25_prev50","quadratic",0.5,"fitted",0.49,0.871544657431787,0.765401214941474
243,"k25_prev50","quadratic",0.5,"pc1",0.49,0.820297185375738,0.866237023959505
244,"k25_prev50","quadratic",0.5,"fitted",0.4825,0.00201296964308295,0.00429186574912155
244,"k25_prev50","quadratic",0.5,"pc1",0.4825,0.789676492071585,0.460571860454834
245,"k25_prev50","quadratic",0.5,"fitted",0.5325,0.796217121052976,0.529957995311043
245,"k25_prev50","quadratic",0.5,"pc1",0.5325,0.796291570136701,0.191458418254849
246,"k25_prev50","quadratic",0.5,"fitted",0.5225,0.381763683178959,0.718724575785764
246,"k25_prev50","quadratic",0.5,"pc1",0.5225,0.8328034257404,0.312596866435696
247,"k25_prev50","quadratic",0.5,"fitted",0.5025,0.171653372451989,0.248356302931601
247,"k25_prev50","quadratic",0.5,"pc1",0.5025,0.0878989948257516,0.825721432833534
248,"k25_prev50","quadratic",0.5,"fitted",0.47,0.319754695026208,0.46870884427492
248,"k25_prev50","quadratic",0.5,"pc1",0.47,0.991240851226825,0.908522667419661
249,"k25_prev50","quadratic",0.5,"fitted",0.5075,0.00096097794284522,0.0013244017557863
249,"k25_prev50","quadratic",0.5,"pc1",0.5075,0.688298813166609,0.539211579050855
250,"k25_prev50","quadratic",0.5,"fitted",0.49,0.0073929727628701,0.00836447369494442
250,"k25_prev50","quadratic",0.5,"pc1",0.49,0.28255277953067,0.100148476854302
251,"k25_prev50","quadratic",0.5,"fitted",0.5125,0.681756446733248,0.361263448389871
251,"k25_prev50","quadratic",0.5,"pc1",0.5125,0.971669062731855,0.667947537877832
252,"k25_prev50","quadratic",0.5,"fitted",0.5225,0.902969485692049,0.685872636780087
252,"k25_prev50","quadratic",0.5,"pc1",0.5225,0.396893323356188,0.171311544549949
253,"k25_prev50","quadratic",0.5,"fitted",0.4975,0.605938672048094,0.20243282015825
253,"k25_prev50","quadratic",0.5,"pc1",0.4975,0.882176332443677,0.863609412278499
254,"k25_prev50","quadratic",0.5,"fitted",0.51,0.0445359319366988,0.0398908613640897
254,"k25_prev50","quadratic",0.5,"pc1",0.51,0.749512545429012,0.800029233854527
255,"k25_prev50","quadratic",0.5,"fitted",0.47,0.493671371114661,0.0267915412583459
255,"k25_prev50","quadratic",0.5,"pc1",0.47,0.0617689739548741,0.0578613321060931
256,"k25_prev50","quadratic",0.5,"fitted",0.485,0.826129203362263,0.900406011637263
256,"k25_prev50","quadratic",0.5,"pc1",0.485,0.961884005246137,0.607883352391071
257,"k25_prev50","quadratic",0.5,"fitted",0.485,0.0726459155025379,0.468358318713402
257,"k25_prev50","quadratic",0.5,"pc1",0.485,0.116525886182092,0.714553661602838
258,"k25_prev50","quadratic",0.5,"fitted",0.51,0.104932054457972,0.327927685274133
258,"k25_prev50","quadratic",0.5,"pc1",0.51,0.966401695680523,0.740918100405566
259,"k25_prev50","quadratic",0.5,"fitted",0.5025,0.608854909446526,0.836458503705814
259,"k25_prev50","quadratic",0.5,"pc1",0.5025,0.691104916886121,0.171201323285197
260,"k25_prev50","quadratic",0.5,"fitted",0.5175,0.952498153969088,0.583076331732018
260,"k25_prev50","quadratic",0.5,"pc1",0.5175,0.876536664027347,0.458864732658416
261,"k25_prev50","quadratic",0.5,"fitted",0.4975,0.986316523664832,0.501641242243929
261,"k25_prev50","quadratic",0.5,"pc1",0.4975,0.277084915920965,0.70191984619086
262,"k25_prev50","quadratic",0.5,"fitted",0.5,0.121139543080173,0.748203873458103
262,"k25_prev50","quadratic",0.5,"pc1",0.5,0.216465794728574,0.16187677726833
263,"k25_prev50","quadratic",0.5,"fitted",0.48,0.237713847357357,0.934183301152287
263,"k25_prev50","quadratic",0.5,"pc1",0.48,0.441749019191778,0.0651711822858009
264,"k25_prev50","quadratic",0.5,"fitted",0.465,0.233212509188436,0.0453162227371553
264,"k25_prev50","quadratic",0.5,"pc1",0.465,0.251311538311734,0.842528854441963
265,"k25_prev50","quadratic",0.5,"fitted",0.5,0.0865417204788101,0.0909408538738972
265,"k25_prev50","quadratic",0.5,"pc1",0.5,0.152225179439928,0.78149945053359
266,"k25_prev50","quadratic",0.5,"fitted",0.5225,0.829930860997362,0.100567000576236
266,"k25_prev50","quadratic",0.5,"pc1",0.5225,0.88144705194285,0.702329848180689
267,"k25_prev50","quadratic",0.5,"fitted",0.5125,0.135714220463063,0.0539042407847512
267,"k25_prev50","quadratic",0.5,"pc1",0.5125,0.196547241489723,0.0529945560666147
268,"k25_prev50","quadratic",0.5,"fitted",0.495,0.152233627992164,0.5801078078007
268,"k25_prev50","quadratic",0.5,"pc1",0.495,0.783384451434238,0.450042230598802
269,"k25_prev50","quadratic",0.5,"fitted",0.4775,0.276387201002199,0.0164464001202168
269,"k25_prev50","quadratic",0.5,"pc1",0.4775,0.419750716910952,0.0611309269030462
270,"k25_prev50","quadratic",0.5,"fitted",0.495,0.0783321383349882,0.34275540295335
270,"k25_prev50","quadratic",0.5,"pc1",0.495,0.785425241083401,0.0574186012847822
271,"k25_prev50","quadratic",0.5,"fitted",0.5075,0.135083727186338,0.112116899014444
271,"k25_prev50","quadratic",0.5,"pc1",0.5075,0.232548495791713,0.297224140018917
272,"k25_prev50","quadratic",0.5,"fitted",0.485,0.509903541969507,0.449984035704264
272,"k25_prev50","quadratic",0.5,"pc1",0.485,0.955136314896053,0.683595151271575
273,"k25_prev50","quadratic",0.5,"fitted",0.4775,0.642966880068903,0.791346971681594
273,"k25_prev50","quadratic",0.5,"pc1",0.4775,0.334477196407669,0.0370505636565508
274,"k25_prev50","quadratic",0.5,"fitted",0.5075,0.337847969303475,0.258083069134014
274,"k25_prev50","quadratic",0.5,"pc1",0.5075,0.573038938412643,0.0974227975895008
275,"k25_prev50","quadratic",0.5,"fitted",0.5075,0.301246357622004,0.86844322064287
275,"k25_prev50","quadratic",0.5,"pc1",0.5075,0.884623640896743,0.991708381887461
276,"k25_prev50","quadratic",0.5,"fitted",0.5125,0.260356731807176,0.401437153722667
276,"k25_prev50","quadratic",0.5,"pc1",0.5125,0.745417788342282,0.367328567358407
277,"k25_prev50","quadratic",0.5,"fitted",0.5225,0.803857681317422,0.375257528714959
277,"k25_prev50","quadratic",0.5,"pc1",0.5225,0.489695685766316,0.331450624718432
278,"k25_prev50","quadratic",0.5,"fitted",0.5025,0.0670385937393772,0.660873525056984
278,"k25_prev50","quadratic",0.5,"pc1",0.5025,0.0784075508136032,0.897793506973911
279,"k25_prev50","quadratic",0.5,"fitted",0.5075,0.547931750045995,0.560267009717235
279,"k25_prev50","quadratic",0.5,"pc1",0.5075,0.407469032479484,0.41572021774881
280,"k25_prev50","quadratic",0.5,"fitted",0.485,0.527791642514973,0.541606808893806
280,"k25_prev50","quadratic",0.5,"pc1",0.485,0.314405845922395,0.9549302808956
281,"k25_prev50","quadratic",0.5,"fitted",0.4925,0.57111525617601,0.0799562755536788
281,"k25_prev50","quadratic",0.5,"pc1",0.4925,0.0315659227011169,5.90888140610257e-05
282,"k25_prev50","quadratic",0.5,"fitted",0.4875,0.109648216067259,0.0195399330008836
282,"k25_prev50","quadratic",0.5,"pc1",0.4875,0.91226724294245,0.893899289196571
283,"k25_prev50","quadratic",0.5,"fitted",0.4975,0.0793854688480184,0.74475069504343
283,"k25_prev50","quadratic",0.5,"pc1",0.4975,0.105750561021041,0.574100949012713
284,"k25_prev50","quadratic",0.5,"fitted",0.4975,0.638063109129832,0.359935332129628
284,"k25_prev50","quadratic",0.5,"pc1",0.4975,0.7890721687024,0.451054256651993
285,"k25_prev50","quadratic",0.5,"fitted",0.4925,0.615245556030308,0.712105575112108
285,"k25_prev50","quadratic",0.5,"pc1",0.4925,0.738370545465059,0.522832626006778
286,"k25_prev50","quadratic",0.5,"fitted",0.52,0.96317715850301,0.865139230658721
286,"k25_prev50","quadratic",0.5,"pc1",0.52,0.747871627796202,0.99156466188627
287,"k25_prev50","quadratic",0.5,"fitted",0.5075,0.183232794988822,0.0274583208531098
287,"k25_prev50","quadratic",0.5,"pc1",0.5075,0.960342651174445,0.778556977157603
288,"k25_prev50","quadratic",0.5,"fitted",0.5125,0.0290876680335077,0.162601160544381
288,"k25_prev50","quadratic",0.5,"pc1",0.5125,0.668550536288187,0.523195805631881
289,"k25_prev50","quadratic",0.5,"fitted",0.5,0.975491867046346,0.719642081712207
289,"k25_prev50","quadratic",0.5,"pc1",0.5,0.00437297380761581,0.891350786157556
290,"k25_prev50","quadratic",0.5,"fitted",0.4975,0.118538325224435,0.169126141061241
290,"k25_prev50","quadratic",0.5,"pc1",0.4975,0.605045177801112,0.173661135746046
291,"k25_prev50","quadratic",0.5,"fitted",0.4525,0.0161788041450985,0.0310919631718566
291,"k25_prev50","quadratic",0.5,"pc1",0.4525,0.8342069252423,0.719371590755813
292,"k25_prev50","quadratic",0.5,"fitted",0.485,0.0531943354868234,0.253098909848716
292,"k25_prev50","quadratic",0.5,"pc1",0.485,0.226241221202769,0.394143691633262
293,"k25_prev50","quadratic",0.5,"fitted",0.54,0.422947712413189,0.435817390548311
293,"k25_prev50","quadratic",0.5,"pc1",0.54,0.391321088439375,0.233953314815303
294,"k25_prev50","quadratic",0.5,"fitted",0.49,0.263603443074729,0.301072818231
294,"k25_prev50","quadratic",0.5,"pc1",0.49,0.0936751171864287,0.696031678520013
295,"k25_prev50","quadratic",0.5,"fitted",0.5025,0.564401245998389,0.487402000736544
295,"k25_prev50","quadratic",0.5,"pc1",0.5025,0.0858135000035459,0.0563635006233743
296,"k25_prev50","quadratic",0.5,"fitted",0.4925,0.215388354294734,0.292504679960375
296,"k25_prev50","quadratic",0.5,"pc1",0.4925,0.45647531111167,0.957692721294016
297,"k25_prev50","quadratic",0.5,"fitted",0.505,0.77402329192899,0.425962430358173
297,"k25_prev50","quadratic",0.5,"pc1",0.505,0.853348457453612,0.836488733927919
298,"k25_prev50","quadratic",0.5,"fitted",0.4925,0.27607638661521,0.0445178704749918
298,"k25_prev50","quadratic",0.5,"pc1",0.4925,0.306451631339942,0.586822337882363
299,"k25_prev50","quadratic",0.5,"fitted",0.5125,0.124274778150721,0.017310054751821
299,"k25_prev50","quadratic",0.5,"pc1",0.5125,0.0547587963830052,0.426834084551272
300,"k25_prev50","quadratic",0.5,"fitted",0.5125,0.655625661125983,0.244436502252856
300,"k25_prev50","quadratic",0.5,"pc1",0.5125,0.68480410111407,0.412241740025395
301,"k25_prev50","quadratic",0.5,"fitted",0.5075,0.600659426393179,0.269450014756696
301,"k25_prev50","quadratic",0.5,"pc1",0.5075,0.505239973892812,0.799607655244119
302,"k25_prev50","quadratic",0.5,"fitted",0.4925,0.684049054213013,0.80152303239628
302,"k25_prev50","quadratic",0.5,"pc1",0.4925,0.893338310856245,0.544794612042379
303,"k25_prev50","quadratic",0.5,"fitted",0.4875,0.0595618418949501,0.00898905127759864
303,"k25_prev50","quadratic",0.5,"pc1",0.4875,0.488761448673815,0.5194245066943
304,"k25_prev50","quadratic",0.5,"fitted",0.52,0.334212370126041,0.0648434753900935
304,"k25_prev50","quadratic",0.5,"pc1",0.52,0.573102783907622,0.533314000321598
305,"k25_prev50","quadratic",0.5,"fitted",0.5025,0.852325232039363,0.908599787535637
305,"k25_prev50","quadratic",0.5,"pc1",0.5025,0.508896828325485,0.805159457169666
306,"k25_prev50","quadratic",0.5,"fitted",0.5125,0.41345417749041,0.932035720612493
306,"k25_prev50","quadratic",0.5,"pc1",0.5125,0.843068939130706,0.758378930550624
307,"k25_prev50","quadratic",0.5,"fitted",0.5325,0.286495443257852,0.00902134451311198
307,"k25_prev50","quadratic",0.5,"pc1",0.5325,0.815375251628347,0.93777816307914
308,"k25_prev50","quadratic",0.5,"fitted",0.49,0.318226817133808,0.0972320872645713
308,"k25_prev50","quadratic",0.5,"pc1",0.49,0.89360275211598,0.658794106564129
309,"k25_prev50","quadratic",0.5,"fitted",0.47,0.196584317357659,0.781923143942386
309,"k25_prev50","quadratic",0.5,"pc1",0.47,0.519066359297778,0.0460720453575962
310,"k25_prev50","quadratic",0.5,"fitted",0.4925,0.682476088406982,0.0860458499694277
310,"k25_prev50","quadratic",0.5,"pc1",0.4925,0.138623376568943,0.0446121599884105
311,"k25_prev50","quadratic",0.5,"fitted",0.5275,0.82025695219448,0.30967267819196
311,"k25_prev50","quadratic",0.5,"pc1",0.5275,0.155156548905136,0.00443683588335564
312,"k25_prev50","quadratic",0.5,"fitted",0.485,0.570794643703038,0.239858157595022
312,"k25_prev50","quadratic",0.5,"pc1",0.485,0.551789532552154,0.366650428279541
313,"k25_prev50","quadratic",0.5,"fitted",0.525,0.690810771742329,0.290854098885045
313,"k25_prev50","quadratic",0.5,"pc1",0.525,0.790266095647465,0.599506796826969
314,"k25_prev50","quadratic",0.5,"fitted",0.5075,0.470481816834111,0.168617778366756
314,"k25_prev50","quadratic",0.5,"pc1",0.5075,0.474367471628785,0.296805346961903
315,"k25_prev50","quadratic",0.5,"fitted",0.4825,0.582550107053391,0.636558659634385
315,"k25_prev50","quadratic",0.5,"pc1",0.4825,0.834885719910173,0.954153679954505
316,"k25_prev50","quadratic",0.5,"fitted",0.51,0.61559185023301,0.315883779634862
316,"k25_prev50","quadratic",0.5,"pc1",0.51,0.832581651777111,0.605175640536147
317,"k25_prev50","quadratic",0.5,"fitted",0.48,0.663125740356049,0.258038351048071
317,"k25_prev50","quadratic",0.5,"pc1",0.48,0.993482009621382,0.618921066885665
318,"k25_prev50","quadratic",0.5,"fitted",0.5175,0.150123192119139,0.131485116129219
318,"k25_prev50","quadratic",0.5,"pc1",0.5175,0.531655707851945,0.192640297097372
319,"k25_prev50","quadratic",0.5,"fitted",0.475,0.032051713334013,0.00881858554150339
319,"k25_prev50","quadratic",0.5,"pc1",0.475,0.631511168351455,0.0708276898927807
320,"k25_prev50","quadratic",0.5,"fitted",0.5025,0.0922227854681706,0.196204986244882
320,"k25_prev50","quadratic",0.5,"pc1",0.5025,0.90531537507762,0.3553620219687
321,"k25_prev50","quadratic",0.5,"fitted",0.5125,0.150813330486869,0.117368903608281
321,"k25_prev50","quadratic",0.5,"pc1",0.5125,0.0417245314339634,0.273833559963978
322,"k25_prev50","quadratic",0.5,"fitted",0.4875,0.385541468373401,0.744893399827608
322,"k25_prev50","quadratic",0.5,"pc1",0.4875,0.344362206366584,0.0705274294443033
323,"k25_prev50","quadratic",0.5,"fitted",0.535,0.823183483592147,0.295685420240719
323,"k25_prev50","quadratic",0.5,"pc1",0.535,0.201166899237046,0.364962206143043
324,"k25_prev50","quadratic",0.5,"fitted",0.495,0.683122180635934,0.821945487989041
324,"k25_prev50","quadratic",0.5,"pc1",0.495,0.511432151230883,0.405489393355878
325,"k25_prev50","quadratic",0.5,"fitted",0.5125,0.0889875461627356,0.0220915255217682
325,"k25_prev50","quadratic",0.5,"pc1",0.5125,0.599332715112581,0.610079662977341
326,"k25_prev50","quadratic",0.5,"fitted",0.485,0.503792170823449,0.327176744744462
326,"k25_prev50","quadratic",0.5,"pc1",0.485,0.344864571005153,0.425762737879806
327,"k25_prev50","quadratic",0.5,"fitted",0.4825,0.390019183713806,0.660475015545883
327,"k25_prev50","quadratic",0.5,"pc1",0.4825,0.731099593260206,0.617586107943347
328,"k25_prev50","quadratic",0.5,"fitted",0.505,0.898266776642432,0.49887182499826
328,"k25_prev50","quadratic",0.5,"pc1",0.505,0.360979503055259,0.512541627785434
329,"k25_prev50","quadratic",0.5,"fitted",0.5025,0.670242930250073,0.157825201445847
329,"k25_prev50","quadratic",0.5,"pc1",0.5025,0.943703021862827,0.964879887456823
330,"k25_prev50","quadratic",0.5,"fitted",0.4975,0.193602926481933,0.358619456007777
330,"k25_prev50","quadratic",0.5,"pc1",0.4975,0.641702489352418,0.952944293259415
331,"k25_prev50","quadratic",0.5,"fitted",0.47,0.00607750658242678,0.000276201985822788
331,"k25_prev50","quadratic",0.5,"pc1",0.47,0.55454220674387,0.567488416703583
332,"k25_prev50","quadratic",0.5,"fitted",0.465,0.603801564471743,0.628167243556557
332,"k25_prev50","quadratic",0.5,"pc1",0.465,0.646539045690024,0.593078273724448
333,"k25_prev50","quadratic",0.5,"fitted",0.4675,0.168913725739165,0.108173356766034
333,"k25_prev50","quadratic",0.5,"pc1",0.4675,0.966740810149923,0.788847613605499
334,"k25_prev50","quadratic",0.5,"fitted",0.4525,0.603205163260423,0.138103879895277
334,"k25_prev50","quadratic",0.5,"pc1",0.4525,0.508721199708193,0.0965088833440663
335,"k25_prev50","quadratic",0.5,"fitted",0.525,0.716873540163684,0.763883174127047
335,"k25_prev50","quadratic",0.5,"pc1",0.525,0.92618660075782,0.892362060677659
336,"k25_prev50","quadratic",0.5,"fitted",0.4775,0.19072274065358,0.29140746577847
336,"k25_prev50","quadratic",0.5,"pc1",0.4775,0.521262642482679,0.392240235760056
337,"k25_prev50","quadratic",0.5,"fitted",0.4925,0.357041060675346,0.266528047334568
337,"k25_prev50","quadratic",0.5,"pc1",0.4925,0.472516056485872,0.307303224077798
338,"k25_prev50","quadratic",0.5,"fitted",0.52,0.277928969865757,0.112014266797174
338,"k25_prev50","quadratic",0.5,"pc1",0.52,0.766260304286549,0.366332761047177
339,"k25_prev50","quadratic",0.5,"fitted",0.4775,0.0382814772340827,0.00566931726172659
339,"k25_prev50","quadratic",0.5,"pc1",0.4775,0.181272343221242,0.0512693180885764
340,"k25_prev50","quadratic",0.5,"fitted",0.4875,0.21401814770787,0.00782843427922997
340,"k25_prev50","quadratic",0.5,"pc1",0.4875,0.132564940892463,0.0420365846635716
341,"k25_prev50","quadratic",0.5,"fitted",0.51,0.426812098378369,0.122708391330966
341,"k25_prev50","quadratic",0.5,"pc1",0.51,0.245143383425949,0.305026827532672
342,"k25_prev50","quadratic",0.5,"fitted",0.505,0.636043054925338,0.279633086846717
342,"k25_prev50","quadratic",0.5,"pc1",0.505,0.620976912699711,0.363236354324954
343,"k25_prev50","quadratic",0.5,"fitted",0.4825,0.400214247222277,0.152116211372153
343,"k25_prev50","quadratic",0.5,"pc1",0.4825,0.618738570823568,0.265116991118746
344,"k25_prev50","quadratic",0.5,"fitted",0.525,0.0150726054565086,0.454039914589351
344,"k25_prev50","quadratic",0.5,"pc1",0.525,0.115345922833068,0.686444297507473
345,"k25_prev50","quadratic",0.5,"fitted",0.4775,0.763384718139212,0.394817782413641
345,"k25_prev50","quadratic",0.5,"pc1",0.4775,0.712895644732946,0.752742249291469
346,"k25_prev50","quadratic",0.5,"fitted",0.4775,0.195633094356038,0.300708210592709
346,"k25_prev50","quadratic",0.5,"pc1",0.4775,0.463529042619606,0.142073803614188
347,"k25_prev50","quadratic",0.5,"fitted",0.485,0.463263672361201,0.814547578520826
347,"k25_prev50","quadratic",0.5,"pc1",0.485,0.909475182154632,0.645982929393045
348,"k25_prev50","quadratic",0.5,"fitted",0.525,0.125031204348836,0.0356452725635783
348,"k25_prev50","quadratic",0.5,"pc1",0.525,0.776065046483169,0.935510214555174
349,"k25_prev50","quadratic",0.5,"fitted",0.5125,0.290327799835213,0.543182690488077
349,"k25_prev50","quadratic",0.5,"pc1",0.5125,0.882703839823063,0.933085945243683
350,"k25_prev50","quadratic",0.5,"fitted",0.4875,0.0429254497953835,0.057989771824058
350,"k25_prev50","quadratic",0.5,"pc1",0.4875,0.69923324460087,0.210964469002289
351,"k25_prev50","quadratic",0.5,"fitted",0.5225,0.139344938301561,0.155595120073391
351,"k25_prev50","quadratic",0.5,"pc1",0.5225,0.183380516471744,0.00547458126542932
352,"k25_prev50","quadratic",0.5,"fitted",0.4925,0.832948026487176,0.678898322297553
352,"k25_prev50","quadratic",0.5,"pc1",0.4925,0.457398924582175,0.131552765823552
353,"k25_prev50","quadratic",0.5,"fitted",0.4925,0.374617974613776,0.879383614344472
353,"k25_prev50","quadratic",0.5,"pc1",0.4925,0.478824281086978,0.388487445327147
354,"k25_prev50","quadratic",0.5,"fitted",0.51,0.388388768471503,0.326134896317792
354,"k25_prev50","quadratic",0.5,"pc1",0.51,0.407963729947087,0.750132606933551
355,"k25_prev50","quadratic",0.5,"fitted",0.49,0.497221433665974,0.671772679898504
355,"k25_prev50","quadratic",0.5,"pc1",0.49,0.623984845230525,0.83211763474861
356,"k25_prev50","quadratic",0.5,"fitted",0.48,0.176158365853093,0.580292677879058
356,"k25_prev50","quadratic",0.5,"pc1",0.48,0.294703898311949,0.0564488812682036
357,"k25_prev50","quadratic",0.5,"fitted",0.5,0.216639673460981,0.747339249128997
357,"k25_prev50","quadratic",0.5,"pc1",0.5,0.617461328329639,0.391678526614777
358,"k25_prev50","quadratic",0.5,"fitted",0.47,0.851588565696061,0.928974078470557
358,"k25_prev50","quadratic",0.5,"pc1",0.47,0.624484946845572,0.0729955482903804
359,"k25_prev50","quadratic",0.5,"fitted",0.4775,0.572125495537909,0.267665768661871
359,"k25_prev50","quadratic",0.5,"pc1",0.4775,0.921608669511265,0.716158184932223
360,"k25_prev50","quadratic",0.5,"fitted",0.4625,0.0346591169994062,0.032645493071769
360,"k25_prev50","quadratic",0.5,"pc1",0.4625,0.859436480699039,0.498944795367962
361,"k25_prev50","quadratic",0.5,"fitted",0.4875,0.156595952882325,0.0659257535396276
361,"k25_prev50","quadratic",0.5,"pc1",0.4875,0.738272522122312,0.364539452665589
362,"k25_prev50","quadratic",0.5,"fitted",0.485,0.0988356335715896,0.0176310617911152
362,"k25_prev50","quadratic",0.5,"pc1",0.485,0.506171456849132,0.705435472950714
363,"k25_prev50","quadratic",0.5,"fitted",0.5075,0.040961671222854,0.874417079625305
363,"k25_prev50","quadratic",0.5,"pc1",0.5075,0.374199634357839,0.113066704820789
364,"k25_prev50","quadratic",0.5,"fitted",0.4875,0.172606378849371,0.275024184821724
364,"k25_prev50","quadratic",0.5,"pc1",0.4875,0.371893139456549,0.228396005282454
365,"k25_prev50","quadratic",0.5,"fitted",0.4925,0.470726675847878,0.932664501819911
365,"k25_prev50","quadratic",0.5,"pc1",0.4925,0.745537940980167,0.130030122598777
366,"k25_prev50","quadratic",0.5,"fitted",0.4725,0.0632168944229174,0.22489597003207
366,"k25_prev50","quadratic",0.5,"pc1",0.4725,0.380092517425658,0.0760648838647953
367,"k25_prev50","quadratic",0.5,"fitted",0.5325,0.372656074299345,0.289664083394628
367,"k25_prev50","quadratic",0.5,"pc1",0.5325,0.332645400330895,0.793972937271501
368,"k25_prev50","quadratic",0.5,"fitted",0.47,0.0511287173728101,0.056487535068613
368,"k25_prev50","quadratic",0.5,"pc1",0.47,0.0427754126843027,0.484858029358141
369,"k25_prev50","quadratic",0.5,"fitted",0.5025,0.087832567691855,0.785260141017433
369,"k25_prev50","quadratic",0.5,"pc1",0.5025,0.407110722943381,0.674008974441707
370,"k25_prev50","quadratic",0.5,"fitted",0.505,0.020826600527176,0.101610309970173
370,"k25_prev50","quadratic",0.5,"pc1",0.505,0.576551674390788,0.982080210974882
371,"k25_prev50","quadratic",0.5,"fitted",0.5025,0.386531093225575,0.748041031530676
371,"k25_prev50","quadratic",0.5,"pc1",0.5025,0.287521551222051,0.110742599738011
372,"k25_prev50","quadratic",0.5,"fitted",0.475,0.648495413123359,0.327810819513034
372,"k25_prev50","quadratic",0.5,"pc1",0.475,0.652692541490129,0.238088459570849
373,"k25_prev50","quadratic",0.5,"fitted",0.52,0.475423503750497,0.533219031973464
373,"k25_prev50","quadratic",0.5,"pc1",0.52,0.714952005889341,0.601075904788757
374,"k25_prev50","quadratic",0.5,"fitted",0.4925,0.0435640653234201,0.132678293285607
374,"k25_prev50","quadratic",0.5,"pc1",0.4925,0.196102773100981,0.348397273848494
375,"k25_prev50","quadratic",0.5,"fitted",0.5125,0.215189148402456,0.554557536225866
375,"k25_prev50","quadratic",0.5,"pc1",0.5125,0.397657326117381,0.380826024600758
376,"k25_prev50","quadratic",0.5,"fitted",0.49,0.454316615052445,0.357474657855033
376,"k25_prev50","quadratic",0.5,"pc1",0.49,0.616509822164709,0.232028664656809
377,"k25_prev50","quadratic",0.5,"fitted",0.505,0.7068884509781,0.423324725672279
377,"k25_prev50","quadratic",0.5,"pc1",0.505,0.0678109724917559,0.0144751287274372
378,"k25_prev50","quadratic",0.5,"fitted",0.5125,0.943122005720604,0.81734623411494
378,"k25_prev50","quadratic",0.5,"pc1",0.5125,0.0802741241141646,0.0181257128742716
379,"k25_prev50","quadratic",0.5,"fitted",0.47,0.353023342438622,0.822934310499137
379,"k25_prev50","quadratic",0.5,"pc1",0.47,0.241501953685693,0.89358197150646
380,"k25_prev50","quadratic",0.5,"fitted",0.515,0.312296391460548,0.191581883751628
380,"k25_prev50","quadratic",0.5,"pc1",0.515,0.228950794857151,0.589341542305802
381,"k25_prev50","quadratic",0.5,"fitted",0.49,0.00490979631342003,0.00770532825667281
381,"k25_prev50","quadratic",0.5,"pc1",0.49,0.983097573811056,0.687418368685999
382,"k25_prev50","quadratic",0.5,"fitted",0.5,0.8562933908857,0.614568490330892
382,"k25_prev50","quadratic",0.5,"pc1",0.5,0.259187220216031,0.0652300683495729
383,"k25_prev50","quadratic",0.5,"fitted",0.49,0.69438810727225,0.728824048631499
383,"k25_prev50","quadratic",0.5,"pc1",0.49,0.390773662716801,0.246971985121661
384,"k25_prev50","quadratic",0.5,"fitted",0.495,0.860123460902846,0.624701877052187
384,"k25_prev50","quadratic",0.5,"pc1",0.495,0.955033888574588,0.488325322387769
385,"k25_prev50","quadratic",0.5,"fitted",0.51,0.298306570416588,0.303629973887815
385,"k25_prev50","quadratic",0.5,"pc1",0.51,0.375851411700334,0.309536450874613
386,"k25_prev50","quadratic",0.5,"fitted",0.545,0.0890196553180888,0.706186783266489
386,"k25_prev50","quadratic",0.5,"pc1",0.545,0.000472472850382211,0.0327282932224897
387,"k25_prev50","quadratic",0.5,"fitted",0.47,0.0915064405771231,0.0996078850743162
387,"k25_prev50","quadratic",0.5,"pc1",0.47,0.903537142853605,0.726918998567882
388,"k25_prev50","quadratic",0.5,"fitted",0.5,0.102137248357123,0.0167487403468596
388,"k25_prev50","quadratic",0.5,"pc1",0.5,0.801312447742396,0.367292943138156
389,"k25_prev50","quadratic",0.5,"fitted",0.4875,0.111409603413209,0.278095746623405
389,"k25_prev50","quadratic",0.5,"pc1",0.4875,0.963671289569357,0.573530387417993
390,"k25_prev50","quadratic",0.5,"fitted",0.505,0.801582173510445,0.619254861972419
390,"k25_prev50","quadratic",0.5,"pc1",0.505,0.162061565248333,0.833757467450669
391,"k25_prev50","quadratic",0.5,"fitted",0.5125,0.066718813175364,0.0626248438964063
391,"k25_prev50","quadratic",0.5,"pc1",0.5125,0.747510243948482,0.191733839453154
392,"k25_prev50","quadratic",0.5,"fitted",0.4925,0.283543075962055,0.0506270203947909
392,"k25_prev50","quadratic",0.5,"pc1",0.4925,0.135669027678686,0.0485181361844367
393,"k25_prev50","quadratic",0.5,"fitted",0.5075,0.0187384358856097,0.0556937124932357
393,"k25_prev50","quadratic",0.5,"pc1",0.5075,0.364643203743121,0.0332836773961206
394,"k25_prev50","quadratic",0.5,"fitted",0.5275,0.00751798342436016,0.0685774597140605
394,"k25_prev50","quadratic",0.5,"pc1",0.5275,0.401858411345766,0.397369798289514
395,"k25_prev50","quadratic",0.5,"fitted",0.4475,0.229325787799527,0.20870725661748
395,"k25_prev50","quadratic",0.5,"pc1",0.4475,0.357248412655463,0.94516833847427
396,"k25_prev50","quadratic",0.5,"fitted",0.5,0.737382590771004,0.274196017555039
396,"k25_prev50","quadratic",0.5,"pc1",0.5,0.279970353184155,0.260494942691358
397,"k25_prev50","quadratic",0.5,"fitted",0.55,0.0376959400371117,0.116345955945047
397,"k25_prev50","quadratic",0.5,"pc1",0.55,0.825415900332603,0.986584108748147
398,"k25_prev50","quadratic",0.5,"fitted",0.5075,0.376760867651611,0.524515514985709
398,"k25_prev50","quadratic",0.5,"pc1",0.5075,0.689378490777335,0.860933537403502
399,"k25_prev50","quadratic",0.5,"fitted",0.48,0.244210342109462,0.517170368639673
399,"k25_prev50","quadratic",0.5,"pc1",0.48,0.624806092889399,0.286568221307574
400,"k25_prev50","quadratic",0.5,"fitted",0.495,0.721828146163515,0.209439730685874
400,"k25_prev50","quadratic",0.5,"pc1",0.495,0.396994292636944,0.758420093339948
1,"k25_prev50","quadratic",1,"fitted",0.4875,0.014821466493341,0.00330424951405439
1,"k25_prev50","quadratic",1,"pc1",0.4875,0.312412272633859,0.0207496623984068
2,"k25_prev50","quadratic",1,"fitted",0.5125,0.189156798573628,0.107307494397447
2,"k25_prev50","quadratic",1,"pc1",0.5125,0.824430640731356,0.94652330986608
3,"k25_prev50","quadratic",1,"fitted",0.4725,0.00400970430231473,0.00330074855885609
3,"k25_prev50","quadratic",1,"pc1",0.4725,0.417908250504516,0.414625972020778
4,"k25_prev50","quadratic",1,"fitted",0.49,0.0876006332387311,0.0186300424149559
4,"k25_prev50","quadratic",1,"pc1",0.49,0.0458178559413888,0.191675628739277
5,"k25_prev50","quadratic",1,"fitted",0.4925,0.284136925752813,0.0687307506859397
5,"k25_prev50","quadratic",1,"pc1",0.4925,0.214625910204819,0.0522969347965033
6,"k25_prev50","quadratic",1,"fitted",0.505,0.305122131158455,0.00912181725691508
6,"k25_prev50","quadratic",1,"pc1",0.505,0.00688130889901095,0.439205061939042
7,"k25_prev50","quadratic",1,"fitted",0.495,0.121381498838847,0.071232385576964
7,"k25_prev50","quadratic",1,"pc1",0.495,0.746216334777767,0.316576860388808
8,"k25_prev50","quadratic",1,"fitted",0.4925,0.325511503665173,0.0121832124973653
8,"k25_prev50","quadratic",1,"pc1",0.4925,0.548921997446635,0.0163510050922755
9,"k25_prev50","quadratic",1,"fitted",0.54,0.0545878180825013,0.119792140917684
9,"k25_prev50","quadratic",1,"pc1",0.54,0.455141289929714,0.723925875950723
10,"k25_prev50","quadratic",1,"fitted",0.4825,0.406912088382528,0.0744918075313766
10,"k25_prev50","quadratic",1,"pc1",0.4825,0.502972676716388,0.55374444490629
11,"k25_prev50","quadratic",1,"fitted",0.4775,0.252079595924393,0.0380594859652313
11,"k25_prev50","quadratic",1,"pc1",0.4775,0.153791866315226,0.756699295671223
12,"k25_prev50","quadratic",1,"fitted",0.5025,0.316779793388777,0.832432209977113
12,"k25_prev50","quadratic",1,"pc1",0.5025,0.385737311051604,0.844248461493997
13,"k25_prev50","quadratic",1,"fitted",0.5225,0.000535525632644362,0.00947381394505031
13,"k25_prev50","quadratic",1,"pc1",0.5225,0.687128816405237,0.564786376538408
14,"k25_prev50","quadratic",1,"fitted",0.495,0.216867973916987,0.0316273267105897
14,"k25_prev50","quadratic",1,"pc1",0.495,0.44546345125919,0.185252465838083
15,"k25_prev50","quadratic",1,"fitted",0.525,0.606046616133968,0.436325684403391
15,"k25_prev50","quadratic",1,"pc1",0.525,0.824049561236501,0.840232563017125
16,"k25_prev50","quadratic",1,"fitted",0.5275,0.159641090678757,0.360622156357509
16,"k25_prev50","quadratic",1,"pc1",0.5275,0.346123530741011,0.0179440859818576
17,"k25_prev50","quadratic",1,"fitted",0.5075,0.255210593775778,0.330438705678543
17,"k25_prev50","quadratic",1,"pc1",0.5075,0.762069678360322,0.721040864659021
18,"k25_prev50","quadratic",1,"fitted",0.53,0.72088279506672,0.2374039611593
18,"k25_prev50","quadratic",1,"pc1",0.53,0.201746022638593,0.00912439576180502
19,"k25_prev50","quadratic",1,"fitted",0.5,0.143093224841798,0.110200766612234
19,"k25_prev50","quadratic",1,"pc1",0.5,0.743610628911874,0.37859621292767
20,"k25_prev50","quadratic",1,"fitted",0.505,0.0415265287653509,0.0022076305943699
20,"k25_prev50","quadratic",1,"pc1",0.505,0.0672137696158716,0.0186370741530513
21,"k25_prev50","quadratic",1,"fitted",0.48,0.054926950017869,0.0399282574916294
21,"k25_prev50","quadratic",1,"pc1",0.48,0.766190494204808,0.217587389041731
22,"k25_prev50","quadratic",1,"fitted",0.4775,0.0124692348943911,0.00124203434437398
22,"k25_prev50","quadratic",1,"pc1",0.4775,0.129540444165,0.0225534832809162
23,"k25_prev50","quadratic",1,"fitted",0.515,0.112339465196228,0.523325061358881
23,"k25_prev50","quadratic",1,"pc1",0.515,0.276202867560245,0.583426816928248
24,"k25_prev50","quadratic",1,"fitted",0.47,0.00781707423280986,0.117561142994221
24,"k25_prev50","quadratic",1,"pc1",0.47,0.326902234169033,0.148089153889457
25,"k25_prev50","quadratic",1,"fitted",0.485,0.273496244349514,0.55163269190715
25,"k25_prev50","quadratic",1,"pc1",0.485,0.920857814681963,0.316717743451715
26,"k25_prev50","quadratic",1,"fitted",0.5125,0.00769298823793807,0.00253554083667917
26,"k25_prev50","quadratic",1,"pc1",0.5125,0.158705451061431,0.0588583804896852
27,"k25_prev50","quadratic",1,"fitted",0.5075,0.0210204038904599,0.0306014935229759
27,"k25_prev50","quadratic",1,"pc1",0.5075,0.300369809097353,0.609713223077204
28,"k25_prev50","quadratic",1,"fitted",0.52,0.0604210409964314,0.0106774305859169
28,"k25_prev50","quadratic",1,"pc1",0.52,0.0865779465223593,0.247448274609032
29,"k25_prev50","quadratic",1,"fitted",0.515,0.0961335640856241,0.00831639091050695
29,"k25_prev50","quadratic",1,"pc1",0.515,0.352884994916634,0.0327652345475086
30,"k25_prev50","quadratic",1,"fitted",0.525,0.000363218285595046,4.60650835061305e-05
30,"k25_prev50","quadratic",1,"pc1",0.525,0.0504075460582882,0.00309749007612892
31,"k25_prev50","quadratic",1,"fitted",0.5425,0.90545145935469,0.241066178160045
31,"k25_prev50","quadratic",1,"pc1",0.5425,0.801002708187964,0.981180218125212
32,"k25_prev50","quadratic",1,"fitted",0.445,0.625154369326332,0.198726535534147
32,"k25_prev50","quadratic",1,"pc1",0.445,0.966699346312401,0.940970756537037
33,"k25_prev50","quadratic",1,"fitted",0.5225,0.233343960263531,0.0447061524927529
33,"k25_prev50","quadratic",1,"pc1",0.5225,0.989703036827565,0.739627668454028
34,"k25_prev50","quadratic",1,"fitted",0.4775,0.273556119168171,0.0540819864392533
34,"k25_prev50","quadratic",1,"pc1",0.4775,0.234295067955958,0.0538542223802199
35,"k25_prev50","quadratic",1,"fitted",0.5275,0.207121784941799,0.0069952814989106
35,"k25_prev50","quadratic",1,"pc1",0.5275,0.566969302291405,0.046658864178625
36,"k25_prev50","quadratic",1,"fitted",0.5425,0.0921722872832856,0.0865911756732407
36,"k25_prev50","quadratic",1,"pc1",0.5425,0.237562719568424,0.0761760209773636
37,"k25_prev50","quadratic",1,"fitted",0.515,0.661640901756846,0.237343186826649
37,"k25_prev50","quadratic",1,"pc1",0.515,0.0714031735388104,0.00117839956782817
38,"k25_prev50","quadratic",1,"fitted",0.4925,0.56456161960564,0.155663660316578
38,"k25_prev50","quadratic",1,"pc1",0.4925,0.419266790114958,0.466539936532636
39,"k25_prev50","quadratic",1,"fitted",0.5025,0.352568575422316,0.106928849916646
39,"k25_prev50","quadratic",1,"pc1",0.5025,0.457393020776899,0.155441565459739
40,"k25_prev50","quadratic",1,"fitted",0.4925,0.0562113404328815,0.0491358801441903
40,"k25_prev50","quadratic",1,"pc1",0.4925,0.828895561643727,0.688269664122303
41,"k25_prev50","quadratic",1,"fitted",0.5125,0.165162662259525,0.0260514579139494
41,"k25_prev50","quadratic",1,"pc1",0.5125,0.643791108421178,0.320949291287785
42,"k25_prev50","quadratic",1,"fitted",0.465,0.265849424770557,0.25233476525893
42,"k25_prev50","quadratic",1,"pc1",0.465,0.911382597382135,0.857973140580662
43,"k25_prev50","quadratic",1,"fitted",0.4875,0.00418337147448755,0.0132389397382764
43,"k25_prev50","quadratic",1,"pc1",0.4875,0.521656780280833,0.11886445080759
44,"k25_prev50","quadratic",1,"fitted",0.505,0.00487904848412124,0.00271023645264301
44,"k25_prev50","quadratic",1,"pc1",0.505,0.229081268782682,0.876423975223061
45,"k25_prev50","quadratic",1,"fitted",0.52,0.112327484234594,0.00516330135743526
45,"k25_prev50","quadratic",1,"pc1",0.52,0.123055225198658,0.743992745262188
46,"k25_prev50","quadratic",1,"fitted",0.4975,0.832054600325069,0.526917738694705
46,"k25_prev50","quadratic",1,"pc1",0.4975,0.94552636837323,0.59253203631188
47,"k25_prev50","quadratic",1,"fitted",0.5175,0.690485612952501,0.679352209284401
47,"k25_prev50","quadratic",1,"pc1",0.5175,0.560547641977437,0.286322837485679
48,"k25_prev50","quadratic",1,"fitted",0.52,0.341477294545794,0.780468958787519
48,"k25_prev50","quadratic",1,"pc1",0.52,0.413290711578722,0.998198734145836
49,"k25_prev50","quadratic",1,"fitted",0.5025,0.0373263485984527,0.0121366149176327
49,"k25_prev50","quadratic",1,"pc1",0.5025,0.0462117072900542,0.0299197808981815
50,"k25_prev50","quadratic",1,"fitted",0.5125,0.306613844905893,0.202006657920514
50,"k25_prev50","quadratic",1,"pc1",0.5125,0.75361564691226,0.579922163399702
51,"k25_prev50","quadratic",1,"fitted",0.525,0.427697098812002,0.925465186069897
51,"k25_prev50","quadratic",1,"pc1",0.525,0.404134675934577,0.205848018547039
52,"k25_prev50","quadratic",1,"fitted",0.4975,0.216657935872621,0.155762282003045
52,"k25_prev50","quadratic",1,"pc1",0.4975,0.0074393959402439,0.0056932164041783
53,"k25_prev50","quadratic",1,"fitted",0.51,0.838295057799997,0.145453373325279
53,"k25_prev50","quadratic",1,"pc1",0.51,0.734235598413403,0.559932816772965
54,"k25_prev50","quadratic",1,"fitted",0.52,0.00813026500439018,0.046239902874801
54,"k25_prev50","quadratic",1,"pc1",0.52,0.377553045269392,0.16584389592145
55,"k25_prev50","quadratic",1,"fitted",0.4875,0.381053670083968,0.0337443790353447
55,"k25_prev50","quadratic",1,"pc1",0.4875,0.200477529829084,0.0862887389841378
56,"k25_prev50","quadratic",1,"fitted",0.4725,0.295285010566358,0.0138005549420057
56,"k25_prev50","quadratic",1,"pc1",0.4725,0.038793995475903,0.0117359202174075
57,"k25_prev50","quadratic",1,"fitted",0.4925,0.377757315420465,0.0971254333385774
57,"k25_prev50","quadratic",1,"pc1",0.4925,0.405536746343922,0.172035003372503
58,"k25_prev50","quadratic",1,"fitted",0.49,0.273409499793671,0.271934287374009
58,"k25_prev50","quadratic",1,"pc1",0.49,0.60320752292404,0.0893075984270153
59,"k25_prev50","quadratic",1,"fitted",0.5025,0.000923563521688209,7.25627385536054e-05
59,"k25_prev50","quadratic",1,"pc1",0.5025,0.512508478400041,0.890425026155211
60,"k25_prev50","quadratic",1,"fitted",0.5125,0.4962195430809,0.0516771000447401
60,"k25_prev50","quadratic",1,"pc1",0.5125,0.120737777269548,0.0171588380660512
61,"k25_prev50","quadratic",1,"fitted",0.5125,0.776979541886202,0.315844101999762
61,"k25_prev50","quadratic",1,"pc1",0.5125,0.804906418187391,0.767368036695032
62,"k25_prev50","quadratic",1,"fitted",0.505,0.933152523488877,0.370537913314916
62,"k25_prev50","quadratic",1,"pc1",0.505,0.650425151833759,0.489237284751642
63,"k25_prev50","quadratic",1,"fitted",0.485,0.00780226863024769,0.00444985830182543
63,"k25_prev50","quadratic",1,"pc1",0.485,0.917849366914055,0.571364129463496
64,"k25_prev50","quadratic",1,"fitted",0.5,0.0183414034563681,0.00434244172772769
64,"k25_prev50","quadratic",1,"pc1",0.5,0.113913989406917,0.093297559108961
65,"k25_prev50","quadratic",1,"fitted",0.4975,0.157668678270145,0.0396135447435709
65,"k25_prev50","quadratic",1,"pc1",0.4975,0.289217461295474,0.00293157796656796
66,"k25_prev50","quadratic",1,"fitted",0.49,0.0126737498487062,0.00272273222503894
66,"k25_prev50","quadratic",1,"pc1",0.49,0.26506113573244,0.286075463458063
67,"k25_prev50","quadratic",1,"fitted",0.4825,0.0333841878941884,0.0632924886941013
67,"k25_prev50","quadratic",1,"pc1",0.4825,0.990627658179004,0.678793142466266
68,"k25_prev50","quadratic",1,"fitted",0.5125,0.00421343549850017,0.00458297705259492
68,"k25_prev50","quadratic",1,"pc1",0.5125,0.829460887544094,0.907969114311887
69,"k25_prev50","quadratic",1,"fitted",0.4775,0.0779425701774528,0.140665845451178
69,"k25_prev50","quadratic",1,"pc1",0.4775,0.75276417541236,0.630823134395331
70,"k25_prev50","quadratic",1,"fitted",0.4825,0.0112216249437911,0.0145464391326195
70,"k25_prev50","quadratic",1,"pc1",0.4825,0.374271280313618,0.324036898924443
71,"k25_prev50","quadratic",1,"fitted",0.4975,0.00757196127626247,0.000125312918389797
71,"k25_prev50","quadratic",1,"pc1",0.4975,0.74777654607544,0.279650604067217
72,"k25_prev50","quadratic",1,"fitted",0.48,0.0205949261106421,0.101737375564502
72,"k25_prev50","quadratic",1,"pc1",0.48,0.174486870880485,0.336033127184501
73,"k25_prev50","quadratic",1,"fitted",0.4825,0.0385422167578323,0.0279108703677848
73,"k25_prev50","quadratic",1,"pc1",0.4825,0.374936001048555,0.181000307713015
74,"k25_prev50","quadratic",1,"fitted",0.495,0.534885916696888,0.787313097557668
74,"k25_prev50","quadratic",1,"pc1",0.495,0.470385081523464,0.570547265495769
75,"k25_prev50","quadratic",1,"fitted",0.4625,0.364967001127446,0.0753525793836718
75,"k25_prev50","quadratic",1,"pc1",0.4625,0.932354608729337,0.801047589364581
76,"k25_prev50","quadratic",1,"fitted",0.49,0.766631888307533,0.395993509318724
76,"k25_prev50","quadratic",1,"pc1",0.49,0.824956860046757,0.559248885366424
77,"k25_prev50","quadratic",1,"fitted",0.475,0.133230532535431,0.093907422791966
77,"k25_prev50","quadratic",1,"pc1",0.475,0.620263552116606,0.532652545996743
78,"k25_prev50","quadratic",1,"fitted",0.5,0.16249191759347,0.0373406950847655
78,"k25_prev50","quadratic",1,"pc1",0.5,0.363762504099063,0.244411690984533
79,"k25_prev50","quadratic",1,"fitted",0.48,0.106870745042827,0.824514049889739
79,"k25_prev50","quadratic",1,"pc1",0.48,0.992797840384164,0.999815993260114
80,"k25_prev50","quadratic",1,"fitted",0.51,0.0143014583702945,0.0693738826811583
80,"k25_prev50","quadratic",1,"pc1",0.51,0.553482587614437,0.291945498296311
81,"k25_prev50","quadratic",1,"fitted",0.4775,0.0494995787775546,0.0136990796510266
81,"k25_prev50","quadratic",1,"pc1",0.4775,0.201879692074432,0.0424377379775311
82,"k25_prev50","quadratic",1,"fitted",0.525,0.215561104310959,0.00910664005809603
82,"k25_prev50","quadratic",1,"pc1",0.525,0.517241727393972,0.0525192985262906
83,"k25_prev50","quadratic",1,"fitted",0.4825,0.0188574218143583,0.0460977822045742
83,"k25_prev50","quadratic",1,"pc1",0.4825,0.316633970008176,0.261465204902241
84,"k25_prev50","quadratic",1,"fitted",0.4925,0.00219902220250967,0.0141678073368985
84,"k25_prev50","quadratic",1,"pc1",0.4925,0.527383082723917,0.246343044156195
85,"k25_prev50","quadratic",1,"fitted",0.5125,0.88739339899595,0.186023490576859
85,"k25_prev50","quadratic",1,"pc1",0.5125,0.0598359772714372,0.657042982579611
86,"k25_prev50","quadratic",1,"fitted",0.5075,0.0179210524068408,0.00136229100424146
86,"k25_prev50","quadratic",1,"pc1",0.5075,0.198939542752204,0.414653539462438
87,"k25_prev50","quadratic",1,"fitted",0.515,0.733025268595099,0.271357107507098
87,"k25_prev50","quadratic",1,"pc1",0.515,0.0748403972354983,0.219793372804068
88,"k25_prev50","quadratic",1,"fitted",0.5075,0.818396309183637,0.168504013868066
88,"k25_prev50","quadratic",1,"pc1",0.5075,0.251371878964829,0.377267407550228
89,"k25_prev50","quadratic",1,"fitted",0.49,0.00627383405313586,0.00147418225558105
89,"k25_prev50","quadratic",1,"pc1",0.49,0.223668904377465,0.547876324495328
90,"k25_prev50","quadratic",1,"fitted",0.4875,0.0672417557775098,0.0789411258394033
90,"k25_prev50","quadratic",1,"pc1",0.4875,0.741771849125628,0.569800907370604
91,"k25_prev50","quadratic",1,"fitted",0.505,0.037113935263512,0.0109449264634837
91,"k25_prev50","quadratic",1,"pc1",0.505,0.471803602079495,0.736111960682551
92,"k25_prev50","quadratic",1,"fitted",0.48,0.319850897276673,0.0443281583311751
92,"k25_prev50","quadratic",1,"pc1",0.48,0.465940771524899,0.0711558682483417
93,"k25_prev50","quadratic",1,"fitted",0.485,0.615946098569431,0.14266690186993
93,"k25_prev50","quadratic",1,"pc1",0.485,0.204335334661774,0.185808499351848
94,"k25_prev50","quadratic",1,"fitted",0.5225,0.11036851370537,0.0226874039009626
94,"k25_prev50","quadratic",1,"pc1",0.5225,0.0837438109820449,0.035359996821193
95,"k25_prev50","quadratic",1,"fitted",0.5225,0.416239696366176,0.520121621424567
95,"k25_prev50","quadratic",1,"pc1",0.5225,0.972199548438412,0.4712943859067
96,"k25_prev50","quadratic",1,"fitted",0.4625,0.175485275608337,0.00294234058700971
96,"k25_prev50","quadratic",1,"pc1",0.4625,0.825660895932149,0.601334552932827
97,"k25_prev50","quadratic",1,"fitted",0.5325,0.298745368503336,0.0896665166660264
97,"k25_prev50","quadratic",1,"pc1",0.5325,0.821222669765371,0.589815657217961
98,"k25_prev50","quadratic",1,"fitted",0.515,0.113012615006998,0.0542700103188867
98,"k25_prev50","quadratic",1,"pc1",0.515,0.926597272594964,0.770285541287489
99,"k25_prev50","quadratic",1,"fitted",0.51,0.00719018902461821,0.0050459712140174
99,"k25_prev50","quadratic",1,"pc1",0.51,0.313507190985058,0.0192318286237549
100,"k25_prev50","quadratic",1,"fitted",0.505,0.481678571046212,0.0634572233219992
100,"k25_prev50","quadratic",1,"pc1",0.505,0.583369229789363,0.82014380515866
101,"k25_prev50","quadratic",1,"fitted",0.505,0.549884886921775,0.238641855377811
101,"k25_prev50","quadratic",1,"pc1",0.505,0.859563152990032,0.799273872939057
102,"k25_prev50","quadratic",1,"fitted",0.5175,0.00724825135901663,0.0391552387665175
102,"k25_prev50","quadratic",1,"pc1",0.5175,0.997378814089821,0.758286492885654
103,"k25_prev50","quadratic",1,"fitted",0.5075,1.45596086738031e-05,4.49158455175791e-05
103,"k25_prev50","quadratic",1,"pc1",0.5075,0.0399427476155569,0.00113855471379698
104,"k25_prev50","quadratic",1,"fitted",0.5175,0.00409820994715659,0.00163745017609929
104,"k25_prev50","quadratic",1,"pc1",0.5175,0.304043599154848,0.691561601210878
105,"k25_prev50","quadratic",1,"fitted",0.5,0.0204664620683281,0.0100287866028023
105,"k25_prev50","quadratic",1,"pc1",0.5,0.0930747957044019,0.0208302186920297
106,"k25_prev50","quadratic",1,"fitted",0.48,0.706396218870842,0.818594391151699
106,"k25_prev50","quadratic",1,"pc1",0.48,0.352843880028343,0.0832912676899774
107,"k25_prev50","quadratic",1,"fitted",0.495,0.00830796844470272,0.00631851284480045
107,"k25_prev50","quadratic",1,"pc1",0.495,0.0934447731544661,0.0119500260935008
108,"k25_prev50","quadratic",1,"fitted",0.4975,0.0750378911384426,0.0161555936640403
108,"k25_prev50","quadratic",1,"pc1",0.4975,0.868029908571573,0.921375281252689
109,"k25_prev50","quadratic",1,"fitted",0.4725,0.00271226697278193,0.00372986189541791
109,"k25_prev50","quadratic",1,"pc1",0.4725,0.517470389646114,0.0758609362508904
110,"k25_prev50","quadratic",1,"fitted",0.5125,0.0128794679465611,0.00254839314278887
110,"k25_prev50","quadratic",1,"pc1",0.5125,0.557154762088168,0.891355300170569
111,"k25_prev50","quadratic",1,"fitted",0.48,0.0867964894822447,0.0213835856185903
111,"k25_prev50","quadratic",1,"pc1",0.48,0.25212962060575,0.879920050366764
112,"k25_prev50","quadratic",1,"fitted",0.4925,0.118161665574267,0.0107068450743925
112,"k25_prev50","quadratic",1,"pc1",0.4925,0.441450517356005,0.39887485369961
113,"k25_prev50","quadratic",1,"fitted",0.465,0.161595358154866,0.45614472958485
113,"k25_prev50","quadratic",1,"pc1",0.465,0.166884816511513,0.424995433449345
114,"k25_prev50","quadratic",1,"fitted",0.48,0.783289625769301,0.550909694745231
114,"k25_prev50","quadratic",1,"pc1",0.48,0.116185333688462,0.0017800339498999
115,"k25_prev50","quadratic",1,"fitted",0.52,0.155356017317761,0.122634940591921
115,"k25_prev50","quadratic",1,"pc1",0.52,0.149845162454438,0.401736178779834
116,"k25_prev50","quadratic",1,"fitted",0.5075,0.233593182032256,0.13565955125442
116,"k25_prev50","quadratic",1,"pc1",0.5075,0.420119457684068,0.909286025490312
117,"k25_prev50","quadratic",1,"fitted",0.505,0.144191854061025,0.0122059263017722
117,"k25_prev50","quadratic",1,"pc1",0.505,0.581481252845493,0.0510853828014345
118,"k25_prev50","quadratic",1,"fitted",0.4975,0.0831751700234357,0.14928035347638
118,"k25_prev50","quadratic",1,"pc1",0.4975,0.150069560976623,0.00638263433296093
119,"k25_prev50","quadratic",1,"fitted",0.515,0.0786802266153456,0.0424584643230546
119,"k25_prev50","quadratic",1,"pc1",0.515,0.315820609309593,0.0329277048396581
120,"k25_prev50","quadratic",1,"fitted",0.4775,0.0089189101974384,0.000725352391641287
120,"k25_prev50","quadratic",1,"pc1",0.4775,0.411295657371904,0.95023787674807
121,"k25_prev50","quadratic",1,"fitted",0.51,0.0307421220809292,0.00332689620679671
121,"k25_prev50","quadratic",1,"pc1",0.51,0.128937323004743,0.102666083306562
122,"k25_prev50","quadratic",1,"fitted",0.4725,0.394994040859776,0.108594539472243
122,"k25_prev50","quadratic",1,"pc1",0.4725,0.0859478933424719,0.121105952215738
123,"k25_prev50","quadratic",1,"fitted",0.53,0.0489946988553061,0.0622823171471011
123,"k25_prev50","quadratic",1,"pc1",0.53,0.715755341456267,0.0355832304986232
124,"k25_prev50","quadratic",1,"fitted",0.5175,0.00739237088510691,0.00923321291871138
124,"k25_prev50","quadratic",1,"pc1",0.5175,0.448217299241221,0.31757298593338
125,"k25_prev50","quadratic",1,"fitted",0.545,0.0839288183337105,0.276190690168937
125,"k25_prev50","quadratic",1,"pc1",0.545,0.903861581555302,0.703991357068115
126,"k25_prev50","quadratic",1,"fitted",0.5125,0.169507211628751,0.449425432393848
126,"k25_prev50","quadratic",1,"pc1",0.5125,0.851649473876612,0.358246739747603
127,"k25_prev50","quadratic",1,"fitted",0.47,0.0237233072855613,0.0235803386867737
127,"k25_prev50","quadratic",1,"pc1",0.47,0.75003000822317,0.894577194842989
128,"k25_prev50","quadratic",1,"fitted",0.5425,0.348249952077982,0.811056585116651
128,"k25_prev50","quadratic",1,"pc1",0.5425,0.190338857946423,0.161351049775165
129,"k25_prev50","quadratic",1,"fitted",0.485,0.0435457875747278,0.0390670502624295
129,"k25_prev50","quadratic",1,"pc1",0.485,0.633038160488293,0.768627528983187
130,"k25_prev50","quadratic",1,"fitted",0.5075,0.122353703895615,0.237324682033837
130,"k25_prev50","quadratic",1,"pc1",0.5075,0.0526642805781838,0.11723954861751
131,"k25_prev50","quadratic",1,"fitted",0.5025,0.0594456530989982,0.00750466650721882
131,"k25_prev50","quadratic",1,"pc1",0.5025,0.877151532985143,0.70452184599915
132,"k25_prev50","quadratic",1,"fitted",0.5475,0.11111459988423,0.0369034405714384
132,"k25_prev50","quadratic",1,"pc1",0.5475,0.345860287927518,0.699250933702012
133,"k25_prev50","quadratic",1,"fitted",0.4875,0.713103716240462,0.224426041800945
133,"k25_prev50","quadratic",1,"pc1",0.4875,0.135402017711193,0.100960421712627
134,"k25_prev50","quadratic",1,"fitted",0.49,0.104766124614972,0.0334880980990642
134,"k25_prev50","quadratic",1,"pc1",0.49,0.749499703596682,0.27637889671744
135,"k25_prev50","quadratic",1,"fitted",0.4925,0.0979090861369729,0.0635468702451859
135,"k25_prev50","quadratic",1,"pc1",0.4925,0.568770911118745,0.168718110792431
136,"k25_prev50","quadratic",1,"fitted",0.51,0.00708927407743942,0.00186804367309312
136,"k25_prev50","quadratic",1,"pc1",0.51,0.24233340699255,0.27612946362058
137,"k25_prev50","quadratic",1,"fitted",0.5275,0.313102042302958,0.680783411606407
137,"k25_prev50","quadratic",1,"pc1",0.5275,0.921366175481074,0.296935388913582
138,"k25_prev50","quadratic",1,"fitted",0.5025,0.0164643110938072,0.00417667657559651
138,"k25_prev50","quadratic",1,"pc1",0.5025,0.540438333093832,0.770587132336399
139,"k25_prev50","quadratic",1,"fitted",0.5025,0.106802438778131,0.00103169208250109
139,"k25_prev50","quadratic",1,"pc1",0.5025,0.0970577954641224,0.0522942875381871
140,"k25_prev50","quadratic",1,"fitted",0.5125,0.310577093100755,0.632294097209503
140,"k25_prev50","quadratic",1,"pc1",0.5125,0.414970987896885,0.770142982917086
141,"k25_prev50","quadratic",1,"fitted",0.51,0.183516985261397,0.033842591648398
141,"k25_prev50","quadratic",1,"pc1",0.51,0.473822869476033,0.0492455283486466
142,"k25_prev50","quadratic",1,"fitted",0.4875,0.282994429791809,0.0682858572548544
142,"k25_prev50","quadratic",1,"pc1",0.4875,0.258315132808472,0.141553655482787
143,"k25_prev50","quadratic",1,"fitted",0.5025,0.416810303113693,0.120706149431323
143,"k25_prev50","quadratic",1,"pc1",0.5025,0.724813722900383,0.0606260705439692
144,"k25_prev50","quadratic",1,"fitted",0.5125,0.0280499126360424,0.0235863714096571
144,"k25_prev50","quadratic",1,"pc1",0.5125,0.580687863163087,0.0918395372257625
145,"k25_prev50","quadratic",1,"fitted",0.5,0.0209402111538146,0.00769620827885631
145,"k25_prev50","quadratic",1,"pc1",0.5,0.118103590823394,0.00608513790532439
146,"k25_prev50","quadratic",1,"fitted",0.535,0.1599890054599,0.0426552072913506
146,"k25_prev50","quadratic",1,"pc1",0.535,0.062696126869992,0.0844292799349501
147,"k25_prev50","quadratic",1,"fitted",0.4825,0.971626363562569,0.451061518430913
147,"k25_prev50","quadratic",1,"pc1",0.4825,0.136247736892774,0.86412503581976
148,"k25_prev50","quadratic",1,"fitted",0.49,0.362851062091857,0.0165911644696162
148,"k25_prev50","quadratic",1,"pc1",0.49,0.285617845784236,0.770591608694724
149,"k25_prev50","quadratic",1,"fitted",0.475,0.478777085639253,0.13252307580661
149,"k25_prev50","quadratic",1,"pc1",0.475,0.385226337922781,0.0730084776447146
150,"k25_prev50","quadratic",1,"fitted",0.4775,0.0526305951073313,0.00716965981815132
150,"k25_prev50","quadratic",1,"pc1",0.4775,0.254248042578363,0.719465626979007
151,"k25_prev50","quadratic",1,"fitted",0.485,0.210378983645079,0.0087560504919727
151,"k25_prev50","quadratic",1,"pc1",0.485,0.395249738024739,0.0452520396383561
152,"k25_prev50","quadratic",1,"fitted",0.5125,0.0527677678658981,0.194214516893766
152,"k25_prev50","quadratic",1,"pc1",0.5125,0.736910985012086,0.619929889147729
153,"k25_prev50","quadratic",1,"fitted",0.4875,0.13770680343572,0.0344019328812156
153,"k25_prev50","quadratic",1,"pc1",0.4875,0.00252910030422759,0.0253988862200331
154,"k25_prev50","quadratic",1,"fitted",0.495,0.0887494241862279,0.0128454505119757
154,"k25_prev50","quadratic",1,"pc1",0.495,0.873124913565766,0.671724730620959
155,"k25_prev50","quadratic",1,"fitted",0.4925,0.797340044554103,0.312366725914974
155,"k25_prev50","quadratic",1,"pc1",0.4925,0.0563303556094132,0.290097970525436
156,"k25_prev50","quadratic",1,"fitted",0.525,0.847738684539071,0.985069999011355
156,"k25_prev50","quadratic",1,"pc1",0.525,0.866751375131552,0.70404096102286
157,"k25_prev50","quadratic",1,"fitted",0.5075,0.324123003238753,0.0888439934272142
157,"k25_prev50","quadratic",1,"pc1",0.5075,0.502728379510062,0.846183051992643
158,"k25_prev50","quadratic",1,"fitted",0.515,0.0145395649966396,0.00410704266387052
158,"k25_prev50","quadratic",1,"pc1",0.515,0.201374445773973,0.250983292544548
159,"k25_prev50","quadratic",1,"fitted",0.5225,0.0267762093886681,0.000347717477853449
159,"k25_prev50","quadratic",1,"pc1",0.5225,0.0942555988102108,0.0187299333725343
160,"k25_prev50","quadratic",1,"fitted",0.5075,0.0328313084504194,0.00824992570339966
160,"k25_prev50","quadratic",1,"pc1",0.5075,0.132327382935407,0.130219900846181
161,"k25_prev50","quadratic",1,"fitted",0.505,0.105739563290302,0.165447894547587
161,"k25_prev50","quadratic",1,"pc1",0.505,0.97303539640247,0.846121632774718
162,"k25_prev50","quadratic",1,"fitted",0.5125,0.0700517388631708,0.0160471019743279
162,"k25_prev50","quadratic",1,"pc1",0.5125,0.884643108693937,0.37454499741882
163,"k25_prev50","quadratic",1,"fitted",0.475,0.66632534005352,0.111520679243431
163,"k25_prev50","quadratic",1,"pc1",0.475,0.892968471966274,0.855848888161115
164,"k25_prev50","quadratic",1,"fitted",0.47,0.0119256603049499,0.000611420662756879
164,"k25_prev50","quadratic",1,"pc1",0.47,0.81307325086474,0.571552951082954
165,"k25_prev50","quadratic",1,"fitted",0.5125,0.236202048385761,0.115697570173917
165,"k25_prev50","quadratic",1,"pc1",0.5125,0.347047089502822,0.0160827134954244
166,"k25_prev50","quadratic",1,"fitted",0.5125,0.0882926759140334,0.2226705802447
166,"k25_prev50","quadratic",1,"pc1",0.5125,0.921283650758242,0.688896354527525
167,"k25_prev50","quadratic",1,"fitted",0.48,0.080122148057731,0.295542759824621
167,"k25_prev50","quadratic",1,"pc1",0.48,0.0952108727505229,0.0676525053966839
168,"k25_prev50","quadratic",1,"fitted",0.515,0.680359320420723,0.0652287345447996
168,"k25_prev50","quadratic",1,"pc1",0.515,0.282072867566451,0.051493133940168
169,"k25_prev50","quadratic",1,"fitted",0.515,0.117681723435603,0.129262291589877
169,"k25_prev50","quadratic",1,"pc1",0.515,0.636224007750754,0.814720114857693
170,"k25_prev50","quadratic",1,"fitted",0.49,0.518077259432851,0.18019191876485
170,"k25_prev50","quadratic",1,"pc1",0.49,0.885218545128666,0.958384885687691
171,"k25_prev50","quadratic",1,"fitted",0.5075,0.21429667234835,0.247690382912025
171,"k25_prev50","quadratic",1,"pc1",0.5075,0.259074943984068,0.0736527923043726
172,"k25_prev50","quadratic",1,"fitted",0.4875,0.0967903839763318,0.0348023066079203
172,"k25_prev50","quadratic",1,"pc1",0.4875,0.66842754750386,0.824045211441244
173,"k25_prev50","quadratic",1,"fitted",0.49,0.137490735604679,0.143570777238826
173,"k25_prev50","quadratic",1,"pc1",0.49,0.300880172526139,0.522781318251031
174,"k25_prev50","quadratic",1,"fitted",0.505,0.119263882083729,0.0483597492003185
174,"k25_prev50","quadratic",1,"pc1",0.505,0.807826269260221,0.584680991529323
175,"k25_prev50","quadratic",1,"fitted",0.51,0.264430898422614,0.340687316180488
175,"k25_prev50","quadratic",1,"pc1",0.51,0.861699110717373,0.677061612840212
176,"k25_prev50","quadratic",1,"fitted",0.445,0.246388806693162,0.0527753445912329
176,"k25_prev50","quadratic",1,"pc1",0.445,0.612660732941183,0.783716494750332
177,"k25_prev50","quadratic",1,"fitted",0.495,0.235513867222213,0.628180420311076
177,"k25_prev50","quadratic",1,"pc1",0.495,0.0822824634080641,0.996934963153015
178,"k25_prev50","quadratic",1,"fitted",0.4825,0.467510768378881,0.113311818851405
178,"k25_prev50","quadratic",1,"pc1",0.4825,0.116676203417583,0.279535586790692
179,"k25_prev50","quadratic",1,"fitted",0.54,0.203796692558825,0.0281861256656357
179,"k25_prev50","quadratic",1,"pc1",0.54,0.768617163388433,0.167994968156739
180,"k25_prev50","quadratic",1,"fitted",0.5175,0.00321904010980478,0.00151989214752013
180,"k25_prev50","quadratic",1,"pc1",0.5175,0.305003024269636,0.0215768856838858
181,"k25_prev50","quadratic",1,"fitted",0.495,0.0474620857755385,0.00222112700840138
181,"k25_prev50","quadratic",1,"pc1",0.495,0.437556061060938,0.529134821020758
182,"k25_prev50","quadratic",1,"fitted",0.4675,0.0841799964331028,0.0568157977118844
182,"k25_prev50","quadratic",1,"pc1",0.4675,0.485691507574505,0.290610851142622
183,"k25_prev50","quadratic",1,"fitted",0.49,0.0310709613871455,0.0458163162048307
183,"k25_prev50","quadratic",1,"pc1",0.49,0.312563754827089,0.174416755162164
184,"k25_prev50","quadratic",1,"fitted",0.5025,0.00336618467255489,0.000129303625226229
184,"k25_prev50","quadratic",1,"pc1",0.5025,0.984784519853047,0.609792587965285
185,"k25_prev50","quadratic",1,"fitted",0.52,0.0250006354280239,0.00168324603068659
185,"k25_prev50","quadratic",1,"pc1",0.52,0.0587399004974487,0.0250072560996959
186,"k25_prev50","quadratic",1,"fitted",0.515,0.061338215171133,0.29280795532544
186,"k25_prev50","quadratic",1,"pc1",0.515,0.0981553865885902,0.0198031615938302
187,"k25_prev50","quadratic",1,"fitted",0.515,0.123909368128325,0.798497443954344
187,"k25_prev50","quadratic",1,"pc1",0.515,0.439762978055837,0.0987776572922576
188,"k25_prev50","quadratic",1,"fitted",0.47,0.392599119573058,0.00735724144014704
188,"k25_prev50","quadratic",1,"pc1",0.47,0.958133524301474,0.595092494197757
189,"k25_prev50","quadratic",1,"fitted",0.515,0.246828003188459,0.445320001855755
189,"k25_prev50","quadratic",1,"pc1",0.515,0.425209384558535,0.420777040884024
190,"k25_prev50","quadratic",1,"fitted",0.4975,0.3444502903394,0.729572557302299
190,"k25_prev50","quadratic",1,"pc1",0.4975,0.677620002926553,0.375458312774239
191,"k25_prev50","quadratic",1,"fitted",0.5375,0.0321488010957011,0.00577862055042722
191,"k25_prev50","quadratic",1,"pc1",0.5375,0.988838109892294,0.284563906312918
192,"k25_prev50","quadratic",1,"fitted",0.5025,0.43150242945897,0.91663342110649
192,"k25_prev50","quadratic",1,"pc1",0.5025,0.409975034478546,0.451982631043225
193,"k25_prev50","quadratic",1,"fitted",0.4875,0.0731376105013055,0.0183133798042847
193,"k25_prev50","quadratic",1,"pc1",0.4875,0.669951521141012,0.0895443087446528
194,"k25_prev50","quadratic",1,"fitted",0.53,0.665133811977448,0.0784688102633879
194,"k25_prev50","quadratic",1,"pc1",0.53,0.202266502176232,0.0303992961661947
195,"k25_prev50","quadratic",1,"fitted",0.5175,0.12102929878004,0.0441943682931382
195,"k25_prev50","quadratic",1,"pc1",0.5175,0.903190180902105,0.909881369301195
196,"k25_prev50","quadratic",1,"fitted",0.5075,0.0230680708758327,0.00191204772718923
196,"k25_prev50","quadratic",1,"pc1",0.5075,0.412978691450942,0.0853906300939851
197,"k25_prev50","quadratic",1,"fitted",0.5025,0.698427917308543,0.0826788149066304
197,"k25_prev50","quadratic",1,"pc1",0.5025,0.632860670107098,0.506505247328942
198,"k25_prev50","quadratic",1,"fitted",0.5,0.0348048090189541,0.00315363505875621
198,"k25_prev50","quadratic",1,"pc1",0.5,0.374264301923453,0.00570481292255542
199,"k25_prev50","quadratic",1,"fitted",0.5,0.818673887440321,0.454551039085596
199,"k25_prev50","quadratic",1,"pc1",0.5,0.706852201197113,0.554417874790198
200,"k25_prev50","quadratic",1,"fitted",0.4825,0.752092505803239,0.294743817783411
200,"k25_prev50","quadratic",1,"pc1",0.4825,0.565104325212378,0.359947638731643
201,"k25_prev50","quadratic",1,"fitted",0.505,0.771241037582241,0.20044571589109
201,"k25_prev50","quadratic",1,"pc1",0.505,0.259528981183649,0.425363281651469
202,"k25_prev50","quadratic",1,"fitted",0.5175,0.234073519117485,0.0303253819831297
202,"k25_prev50","quadratic",1,"pc1",0.5175,0.510333649760028,0.242130574836248
203,"k25_prev50","quadratic",1,"fitted",0.4775,0.7513371794633,0.102823364297283
203,"k25_prev50","quadratic",1,"pc1",0.4775,0.945085258628418,0.569478320281132
204,"k25_prev50","quadratic",1,"fitted",0.505,0.4935995563796,0.0454929760998871
204,"k25_prev50","quadratic",1,"pc1",0.505,0.762226546052558,0.881010808400656
205,"k25_prev50","quadratic",1,"fitted",0.51,0.0566421889841421,0.00635347327060498
205,"k25_prev50","quadratic",1,"pc1",0.51,0.0839171480832197,0.3789780527604
206,"k25_prev50","quadratic",1,"fitted",0.495,0.467226026520924,0.1496204501443
206,"k25_prev50","quadratic",1,"pc1",0.495,0.798815035235578,0.949043315341347
207,"k25_prev50","quadratic",1,"fitted",0.525,0.314985659627064,0.142076258364677
207,"k25_prev50","quadratic",1,"pc1",0.525,0.402923941080639,0.138545896771946
208,"k25_prev50","quadratic",1,"fitted",0.5225,0.312159261838262,0.124094829221914
208,"k25_prev50","quadratic",1,"pc1",0.5225,0.165825169435012,0.624911692443969
209,"k25_prev50","quadratic",1,"fitted",0.5,0.413460475392065,0.598307583539064
209,"k25_prev50","quadratic",1,"pc1",0.5,0.665775435516846,0.526567739235992
210,"k25_prev50","quadratic",1,"fitted",0.4975,0.0020471859732033,0.000285365884755584
210,"k25_prev50","quadratic",1,"pc1",0.4975,0.745288608386677,0.77160147969567
211,"k25_prev50","quadratic",1,"fitted",0.505,0.239419554187303,0.991290968715361
211,"k25_prev50","quadratic",1,"pc1",0.505,0.818452693781543,0.062660826718211
212,"k25_prev50","quadratic",1,"fitted",0.49,0.825941320187495,0.22577424142344
212,"k25_prev50","quadratic",1,"pc1",0.49,0.988593632224416,0.658568405343177
213,"k25_prev50","quadratic",1,"fitted",0.52,0.125584640226764,0.00725209834439222
213,"k25_prev50","quadratic",1,"pc1",0.52,0.00286694801536891,0.000212705345276509
214,"k25_prev50","quadratic",1,"fitted",0.475,0.0648765311950331,0.00619242061492287
214,"k25_prev50","quadratic",1,"pc1",0.475,0.318192065945947,0.319558684308709
215,"k25_prev50","quadratic",1,"fitted",0.54,0.0492811412342389,0.0734234765719084
215,"k25_prev50","quadratic",1,"pc1",0.54,0.0413615941671348,0.104885694365014
216,"k25_prev50","quadratic",1,"fitted",0.5175,0.000822049451477347,0.000533445153233281
216,"k25_prev50","quadratic",1,"pc1",0.5175,0.384893236546329,0.108659998604052
217,"k25_prev50","quadratic",1,"fitted",0.4925,0.0748217293995351,0.0135800298523949
217,"k25_prev50","quadratic",1,"pc1",0.4925,0.395623765494992,0.0117425847273116
218,"k25_prev50","quadratic",1,"fitted",0.5275,0.0829867230676619,0.00276423560704897
218,"k25_prev50","quadratic",1,"pc1",0.5275,0.243025130037927,0.958088969562662
219,"k25_prev50","quadratic",1,"fitted",0.495,0.0488433156790473,0.00585338113643963
219,"k25_prev50","quadratic",1,"pc1",0.495,0.0716181648552958,0.00119675403195818
220,"k25_prev50","quadratic",1,"fitted",0.485,0.149677734512404,0.00593542109732847
220,"k25_prev50","quadratic",1,"pc1",0.485,0.220019863126811,0.00505927695782882
221,"k25_prev50","quadratic",1,"fitted",0.495,0.203707232142975,0.336457378600175
221,"k25_prev50","quadratic",1,"pc1",0.495,0.0692554085799025,0.00102547606876036
222,"k25_prev50","quadratic",1,"fitted",0.4825,0.401026432000753,0.0411484835131347
222,"k25_prev50","quadratic",1,"pc1",0.4825,0.610526995592076,0.175436850695519
223,"k25_prev50","quadratic",1,"fitted",0.505,0.447985593961338,0.216615890902505
223,"k25_prev50","quadratic",1,"pc1",0.505,0.820296705620673,0.700547333138722
224,"k25_prev50","quadratic",1,"fitted",0.5025,0.476834947085746,0.181046573818142
224,"k25_prev50","quadratic",1,"pc1",0.5025,0.886361409065957,0.229481230512682
225,"k25_prev50","quadratic",1,"fitted",0.4775,0.0430751795620194,0.127003110217757
225,"k25_prev50","quadratic",1,"pc1",0.4775,0.416339021411519,0.105195147901615
226,"k25_prev50","quadratic",1,"fitted",0.5125,0.93637788769974,0.401436296437157
226,"k25_prev50","quadratic",1,"pc1",0.5125,0.48041005081419,0.0954071402696866
227,"k25_prev50","quadratic",1,"fitted",0.4725,0.0515846543645246,0.0783329806550146
227,"k25_prev50","quadratic",1,"pc1",0.4725,0.609802656621576,0.787862612457903
228,"k25_prev50","quadratic",1,"fitted",0.5125,0.223820965945191,0.0318629273431935
228,"k25_prev50","quadratic",1,"pc1",0.5125,0.0272219754768293,0.0184530676272211
229,"k25_prev50","quadratic",1,"fitted",0.5,0.0104004833982856,0.00118574109428904
229,"k25_prev50","quadratic",1,"pc1",0.5,0.963202582708688,0.675913382283281
230,"k25_prev50","quadratic",1,"fitted",0.4925,0.0085008379172401,0.00237422880757909
230,"k25_prev50","quadratic",1,"pc1",0.4925,0.353624591373992,0.222168911912565
231,"k25_prev50","quadratic",1,"fitted",0.5,0.569713255848555,0.946342436167108
231,"k25_prev50","quadratic",1,"pc1",0.5,0.713876335605116,0.383285597060149
232,"k25_prev50","quadratic",1,"fitted",0.5075,0.595144159527428,0.130985482924861
232,"k25_prev50","quadratic",1,"pc1",0.5075,0.995225728640152,0.263540941498648
233,"k25_prev50","quadratic",1,"fitted",0.4775,0.00189208700462329,0.000769729287336096
233,"k25_prev50","quadratic",1,"pc1",0.4775,0.00061169369767855,6.21364924290324e-05
234,"k25_prev50","quadratic",1,"fitted",0.5,0.413389663409698,0.0275321077308935
234,"k25_prev50","quadratic",1,"pc1",0.5,0.215899347223919,0.0135584678372072
235,"k25_prev50","quadratic",1,"fitted",0.5075,0.230050960060631,0.0218438692503593
235,"k25_prev50","quadratic",1,"pc1",0.5075,0.149640386731172,0.565168242939218
236,"k25_prev50","quadratic",1,"fitted",0.4975,0.121582032567338,0.00289354737930858
236,"k25_prev50","quadratic",1,"pc1",0.4975,0.081434018821098,0.0246824477656133
237,"k25_prev50","quadratic",1,"fitted",0.485,0.37612202195876,0.0142713175197628
237,"k25_prev50","quadratic",1,"pc1",0.485,0.0533671528532931,0.00245524910952799
238,"k25_prev50","quadratic",1,"fitted",0.5125,0.403047254108447,0.46760013297301
238,"k25_prev50","quadratic",1,"pc1",0.5125,0.124652583300565,0.327155490218946
239,"k25_prev50","quadratic",1,"fitted",0.525,0.0365443614430858,0.0394362602984154
239,"k25_prev50","quadratic",1,"pc1",0.525,0.552967448874753,0.584361377381361
240,"k25_prev50","quadratic",1,"fitted",0.505,0.247168679815227,0.104913665466813
240,"k25_prev50","quadratic",1,"pc1",0.505,0.0848295346949814,0.0452522277306717
241,"k25_prev50","quadratic",1,"fitted",0.4925,0.0225903597207854,0.0149200968786094
241,"k25_prev50","quadratic",1,"pc1",0.4925,0.051957946603879,0.0166831222281284
242,"k25_prev50","quadratic",1,"fitted",0.5275,0.704855337825426,0.304260316775823
242,"k25_prev50","quadratic",1,"pc1",0.5275,0.682938764153892,0.233302401849657
243,"k25_prev50","quadratic",1,"fitted",0.4725,0.199290776342658,0.015967612446707
243,"k25_prev50","quadratic",1,"pc1",0.4725,0.760175945688322,0.595027123023566
244,"k25_prev50","quadratic",1,"fitted",0.4525,0.121531450436635,0.197539435597807
244,"k25_prev50","quadratic",1,"pc1",0.4525,0.738688122862172,0.301498498174991
245,"k25_prev50","quadratic",1,"fitted",0.495,0.0590743605466298,0.0501842588098873
245,"k25_prev50","quadratic",1,"pc1",0.495,0.854211839970547,0.768443272175247
246,"k25_prev50","quadratic",1,"fitted",0.505,0.796373067705679,0.381488177858568
246,"k25_prev50","quadratic",1,"pc1",0.505,0.868219731288224,0.563573813242855
247,"k25_prev50","quadratic",1,"fitted",0.505,0.219984545462895,0.0484033980988892
247,"k25_prev50","quadratic",1,"pc1",0.505,0.946606886263932,0.753294816333909
248,"k25_prev50","quadratic",1,"fitted",0.4825,0.242441763916194,0.0259748235056847
248,"k25_prev50","quadratic",1,"pc1",0.4825,0.901558288622935,0.353369199260379
249,"k25_prev50","quadratic",1,"fitted",0.4825,0.000661018641606503,0.00258809752325317
249,"k25_prev50","quadratic",1,"pc1",0.4825,0.208395163672694,0.0653810607881494
250,"k25_prev50","quadratic",1,"fitted",0.5,0.584905765753495,0.197918713183846
250,"k25_prev50","quadratic",1,"pc1",0.5,0.311183927253834,0.184980180678824
251,"k25_prev50","quadratic",1,"fitted",0.5,0.365144027240165,0.0131045760575537
251,"k25_prev50","quadratic",1,"pc1",0.5,0.636694079917005,0.164734777263671
252,"k25_prev50","quadratic",1,"fitted",0.505,0.00115609212151724,0.0216979803177987
252,"k25_prev50","quadratic",1,"pc1",0.505,0.00860044201852506,0.00175439412754641
253,"k25_prev50","quadratic",1,"fitted",0.4925,0.173261837971902,0.0354421967435826
253,"k25_prev50","quadratic",1,"pc1",0.4925,0.820108695289559,0.889018091181783
254,"k25_prev50","quadratic",1,"fitted",0.4775,0.045635274845185,0.00281761397238944
254,"k25_prev50","quadratic",1,"pc1",0.4775,0.839009617277827,0.148137884221089
255,"k25_prev50","quadratic",1,"fitted",0.455,0.0356660837598606,0.0161687276581867
255,"k25_prev50","quadratic",1,"pc1",0.455,0.193521040886649,0.0337289648523971
256,"k25_prev50","quadratic",1,"fitted",0.4675,0.108000296427603,0.419596499251074
256,"k25_prev50","quadratic",1,"pc1",0.4675,0.328833090013824,0.985309816576627
257,"k25_prev50","quadratic",1,"fitted",0.4725,0.000331086141607262,0.000452179044116652
257,"k25_prev50","quadratic",1,"pc1",0.4725,0.134338397591161,0.316503810782319
258,"k25_prev50","quadratic",1,"fitted",0.505,0.00174803964729042,0.00195936650067052
258,"k25_prev50","quadratic",1,"pc1",0.505,0.486456633606532,0.478111858466129
259,"k25_prev50","quadratic",1,"fitted",0.5175,0.156015137378169,0.18304651090423
259,"k25_prev50","quadratic",1,"pc1",0.5175,0.496506072888201,0.101398178360678
260,"k25_prev50","quadratic",1,"fitted",0.5275,0.149305046509925,0.480178046152648
260,"k25_prev50","quadratic",1,"pc1",0.5275,0.393836597534299,0.0846377373065605
261,"k25_prev50","quadratic",1,"fitted",0.48,0.337258093605422,0.0320062026832488
261,"k25_prev50","quadratic",1,"pc1",0.48,0.157311469978684,0.157911168524698
262,"k25_prev50","quadratic",1,"fitted",0.5,0.287581340479305,0.697975671825137
262,"k25_prev50","quadratic",1,"pc1",0.5,0.701311299285064,0.361938089669894
263,"k25_prev50","quadratic",1,"fitted",0.485,0.118798264192019,0.017883765524876
263,"k25_prev50","quadratic",1,"pc1",0.485,0.700366719949835,0.281149781286433
264,"k25_prev50","quadratic",1,"fitted",0.47,0.254933630130761,0.0100528265918679
264,"k25_prev50","quadratic",1,"pc1",0.47,0.313812822015973,0.278404524123976
265,"k25_prev50","quadratic",1,"fitted",0.52,0.00344035710246837,0.121982869811345
265,"k25_prev50","quadratic",1,"pc1",0.52,0.408619311963922,0.365233181489369
266,"k25_prev50","quadratic",1,"fitted",0.5075,0.0441079037307452,0.380466594094732
266,"k25_prev50","quadratic",1,"pc1",0.5075,0.885465853351139,0.529791214990845
267,"k25_prev50","quadratic",1,"fitted",0.49,0.202026740526184,0.00318969265437941
267,"k25_prev50","quadratic",1,"pc1",0.49,0.7562553830238,0.675778871697258
268,"k25_prev50","quadratic",1,"fitted",0.495,0.716586922309188,0.0688797792954898
268,"k25_prev50","quadratic",1,"pc1",0.495,0.546453532290247,0.419266102800092
269,"k25_prev50","quadratic",1,"fitted",0.4975,0.266968246417946,0.0885821615470994
269,"k25_prev50","quadratic",1,"pc1",0.4975,0.0603368754184506,0.00886894277694394
270,"k25_prev50","quadratic",1,"fitted",0.48,0.690775040691045,0.186864371691489
270,"k25_prev50","quadratic",1,"pc1",0.48,0.0530171015552867,0.000434898010412743
271,"k25_prev50","quadratic",1,"fitted",0.5225,0.738908616997328,0.0938413541584563
271,"k25_prev50","quadratic",1,"pc1",0.5225,0.348825876268227,0.986621138389678
272,"k25_prev50","quadratic",1,"fitted",0.485,0.261556366509829,0.0434940664772093
272,"k25_prev50","quadratic",1,"pc1",0.485,0.651750693217597,0.432791538478021
273,"k25_prev50","quadratic",1,"fitted",0.4775,0.0765929571791252,0.136120093386265
273,"k25_prev50","quadratic",1,"pc1",0.4775,0.457860694788779,0.534163536032383
274,"k25_prev50","quadratic",1,"fitted",0.5125,0.0229117868211871,0.113533959788297
274,"k25_prev50","quadratic",1,"pc1",0.5125,0.354821050370075,0.182477531947885
275,"k25_prev50","quadratic",1,"fitted",0.505,0.184519866013709,0.0752646255473933
275,"k25_prev50","quadratic",1,"pc1",0.505,0.595235541522191,0.0419180997679052
276,"k25_prev50","quadratic",1,"fitted",0.4925,0.0022854506137453,0.000677996669327774
276,"k25_prev50","quadratic",1,"pc1",0.4925,0.457240312404358,0.0207990217444095
277,"k25_prev50","quadratic",1,"fitted",0.515,0.587255837570235,0.194426866063278
277,"k25_prev50","quadratic",1,"pc1",0.515,0.727919791547681,0.504762001200175
278,"k25_prev50","quadratic",1,"fitted",0.5275,0.196147388566438,0.416921984363196
278,"k25_prev50","quadratic",1,"pc1",0.5275,0.134289029054742,0.131206257651335
279,"k25_prev50","quadratic",1,"fitted",0.5075,0.459857371436099,0.69230998993264
279,"k25_prev50","quadratic",1,"pc1",0.5075,0.68226857798977,0.80882012032554
280,"k25_prev50","quadratic",1,"fitted",0.4775,0.0645453056991893,0.00655498550443323
280,"k25_prev50","quadratic",1,"pc1",0.4775,0.5890094936981,0.109632415728893
281,"k25_prev50","quadratic",1,"fitted",0.49,0.149692125670395,0.00754402554571154
281,"k25_prev50","quadratic",1,"pc1",0.49,0.00224332985506615,1.03354037866987e-05
282,"k25_prev50","quadratic",1,"fitted",0.5275,0.0100921573398753,0.00811732453084346
282,"k25_prev50","quadratic",1,"pc1",0.5275,0.938135063502923,0.415104063309322
283,"k25_prev50","quadratic",1,"fitted",0.4925,0.00568192485795116,0.0644031087374694
283,"k25_prev50","quadratic",1,"pc1",0.4925,0.229660594236262,0.461209775278912
284,"k25_prev50","quadratic",1,"fitted",0.5025,0.247842245718137,0.00967626785192865
284,"k25_prev50","quadratic",1,"pc1",0.5025,0.888412833792322,0.798139335921822
285,"k25_prev50","quadratic",1,"fitted",0.515,0.280472019164539,0.0241627582454015
285,"k25_prev50","quadratic",1,"pc1",0.515,0.863176182582522,0.568056138349136
286,"k25_prev50","quadratic",1,"fitted",0.5,0.259201505100218,0.00692218347497819
286,"k25_prev50","quadratic",1,"pc1",0.5,0.572894242037203,0.250530240854005
287,"k25_prev50","quadratic",1,"fitted",0.5125,0.924031540334416,0.390414828501526
287,"k25_prev50","quadratic",1,"pc1",0.5125,0.89702978490651,0.303641275419163
288,"k25_prev50","quadratic",1,"fitted",0.5375,0.275677534608284,0.0598390519551093
288,"k25_prev50","quadratic",1,"pc1",0.5375,0.10241262770652,0.0560050739802586
289,"k25_prev50","quadratic",1,"fitted",0.495,0.353945413461124,0.779120455839231
289,"k25_prev50","quadratic",1,"pc1",0.495,0.0807047452139644,0.140790874923226
290,"k25_prev50","quadratic",1,"fitted",0.51,0.7171431679142,0.167005554480449
290,"k25_prev50","quadratic",1,"pc1",0.51,0.36495765531615,0.027689391813398
291,"k25_prev50","quadratic",1,"fitted",0.495,0.0705634613231764,0.00727242336746914
291,"k25_prev50","quadratic",1,"pc1",0.495,0.251580455007093,0.617252066102662
292,"k25_prev50","quadratic",1,"fitted",0.4775,0.752914997823343,0.462916832991185
292,"k25_prev50","quadratic",1,"pc1",0.4775,0.606284150408356,0.184698911341012
293,"k25_prev50","quadratic",1,"fitted",0.53,0.0191438967484031,0.000960165255964762
293,"k25_prev50","quadratic",1,"pc1",0.53,0.00269792329608709,0.000930166887273431
294,"k25_prev50","quadratic",1,"fitted",0.4825,0.0161087538810143,0.00324983415940605
294,"k25_prev50","quadratic",1,"pc1",0.4825,0.0127885480880932,0.00304170852786645
295,"k25_prev50","quadratic",1,"fitted",0.4825,0.00577820037725885,0.899176932801627
295,"k25_prev50","quadratic",1,"pc1",0.4825,0.769959108734245,0.563048444567897
296,"k25_prev50","quadratic",1,"fitted",0.495,0.440492567194011,0.0744517766776456
296,"k25_prev50","quadratic",1,"pc1",0.495,0.0873825198514312,0.00848329550384608
297,"k25_prev50","quadratic",1,"fitted",0.51,0.526270886869746,0.32377915829695
297,"k25_prev50","quadratic",1,"pc1",0.51,0.97062050048495,0.918264555554249
298,"k25_prev50","quadratic",1,"fitted",0.4925,0.00756406748431571,0.000166600965031072
298,"k25_prev50","quadratic",1,"pc1",0.4925,0.665755293211055,0.0670806075849789
299,"k25_prev50","quadratic",1,"fitted",0.525,0.0411353951617188,0.0180055000973653
299,"k25_prev50","quadratic",1,"pc1",0.525,0.806399507976343,0.939457131485406
300,"k25_prev50","quadratic",1,"fitted",0.5325,0.0162634129619061,0.000905427802611936
300,"k25_prev50","quadratic",1,"pc1",0.5325,0.839620922980919,0.551113475403089
301,"k25_prev50","quadratic",1,"fitted",0.5025,0.191288512503504,0.152412260513306
301,"k25_prev50","quadratic",1,"pc1",0.5025,0.168403466898946,0.00954096691288009
302,"k25_prev50","quadratic",1,"fitted",0.4875,0.00814490435750947,0.0602613025800897
302,"k25_prev50","quadratic",1,"pc1",0.4875,0.523635174314074,0.0526989235395019
303,"k25_prev50","quadratic",1,"fitted",0.4975,0.516795927894055,0.472481101329112
303,"k25_prev50","quadratic",1,"pc1",0.4975,0.212634416589177,0.869268078124071
304,"k25_prev50","quadratic",1,"fitted",0.4975,0.0393452402597466,0.0047169903778308
304,"k25_prev50","quadratic",1,"pc1",0.4975,0.955174772586895,0.454341048987228
305,"k25_prev50","quadratic",1,"fitted",0.5125,0.720867973793231,0.156148641182934
305,"k25_prev50","quadratic",1,"pc1",0.5125,0.607874715504369,0.46500389317446
306,"k25_prev50","quadratic",1,"fitted",0.5175,0.809304872554322,0.921635605995438
306,"k25_prev50","quadratic",1,"pc1",0.5175,0.640609809044704,0.233775745710207
307,"k25_prev50","quadratic",1,"fitted",0.5225,0.472319982790708,0.0111961458993084
307,"k25_prev50","quadratic",1,"pc1",0.5225,0.715925650220197,0.214193598964841
308,"k25_prev50","quadratic",1,"fitted",0.5075,0.034761746888007,0.00482415067352082
308,"k25_prev50","quadratic",1,"pc1",0.5075,0.644698682091827,0.422134936350211
309,"k25_prev50","quadratic",1,"fitted",0.475,0.323173168862539,0.125891872876707
309,"k25_prev50","quadratic",1,"pc1",0.475,0.582515087422087,0.0679340412230851
310,"k25_prev50","quadratic",1,"fitted",0.51,0.193274081834117,0.120921080428286
310,"k25_prev50","quadratic",1,"pc1",0.51,0.570873145235701,0.536794040580859
311,"k25_prev50","quadratic",1,"fitted",0.485,0.233579658279096,0.0195465737648783
311,"k25_prev50","quadratic",1,"pc1",0.485,0.0059026238920008,0.000249381740759391
312,"k25_prev50","quadratic",1,"fitted",0.47,0.197240680497555,0.0671544523848528
312,"k25_prev50","quadratic",1,"pc1",0.47,0.566530739279089,0.594130523122449
313,"k25_prev50","quadratic",1,"fitted",0.4925,0.302806307597576,0.124896708465413
313,"k25_prev50","quadratic",1,"pc1",0.4925,0.204932629363502,0.107158397340277
314,"k25_prev50","quadratic",1,"fitted",0.4775,0.690711545631188,0.194669202131051
314,"k25_prev50","quadratic",1,"pc1",0.4775,0.176506293823254,0.352586336360785
315,"k25_prev50","quadratic",1,"fitted",0.4775,0.0506768878969258,0.11307182004058
315,"k25_prev50","quadratic",1,"pc1",0.4775,0.391849648195087,0.0320540837855394
316,"k25_prev50","quadratic",1,"fitted",0.5,0.521161894085662,0.445211158394905
316,"k25_prev50","quadratic",1,"pc1",0.5,0.652844114765106,0.620865486507656
317,"k25_prev50","quadratic",1,"fitted",0.5025,0.0517770162068278,0.0219179650206851
317,"k25_prev50","quadratic",1,"pc1",0.5025,0.443008983678811,0.0104080956979757
318,"k25_prev50","quadratic",1,"fitted",0.5075,0.00464244917816181,0.00033955793919993
318,"k25_prev50","quadratic",1,"pc1",0.5075,0.350046574358119,0.0376487141137309
319,"k25_prev50","quadratic",1,"fitted",0.4575,4.20929627578115e-05,2.79192112673243e-06
319,"k25_prev50","quadratic",1,"pc1",0.4575,0.161389907620319,0.00440952349775703
320,"k25_prev50","quadratic",1,"fitted",0.4875,0.388774555212956,0.395994420814646
320,"k25_prev50","quadratic",1,"pc1",0.4875,0.913319528588675,0.258050676091738
321,"k25_prev50","quadratic",1,"fitted",0.5,0.683578557031691,0.16792824197628
321,"k25_prev50","quadratic",1,"pc1",0.5,0.585840896856668,0.389847855373098
322,"k25_prev50","quadratic",1,"fitted",0.4725,0.84038286291543,0.880990248092715
322,"k25_prev50","quadratic",1,"pc1",0.4725,0.0708233983592521,0.61224267384644
323,"k25_prev50","quadratic",1,"fitted",0.5475,0.0144229697361271,0.0423861118613721
323,"k25_prev50","quadratic",1,"pc1",0.5475,0.532430864906288,0.31596184967876
324,"k25_prev50","quadratic",1,"fitted",0.4825,0.324910266723227,0.189337646248162
324,"k25_prev50","quadratic",1,"pc1",0.4825,0.385278376002534,0.820361738568858
325,"k25_prev50","quadratic",1,"fitted",0.5,0.0968671679894575,0.00779818462072313
325,"k25_prev50","quadratic",1,"pc1",0.5,0.110212962868192,0.0447843925827212
326,"k25_prev50","quadratic",1,"fitted",0.475,0.563634393364328,0.257141863389005
326,"k25_prev50","quadratic",1,"pc1",0.475,0.230316374927426,0.498045128351447
327,"k25_prev50","quadratic",1,"fitted",0.47,0.0210996950597329,0.109710345607352
327,"k25_prev50","quadratic",1,"pc1",0.47,0.0956041467282697,0.440825338900953
328,"k25_prev50","quadratic",1,"fitted",0.5175,0.503441718333504,0.128105250417144
328,"k25_prev50","quadratic",1,"pc1",0.5175,0.677376445835914,0.0320532566668017
329,"k25_prev50","quadratic",1,"fitted",0.4975,0.728794588692615,0.201796159404765
329,"k25_prev50","quadratic",1,"pc1",0.4975,0.646219949599448,0.706504160780358
330,"k25_prev50","quadratic",1,"fitted",0.515,0.834157758905522,0.189227250990338
330,"k25_prev50","quadratic",1,"pc1",0.515,0.860100058419752,0.547184659842296
331,"k25_prev50","quadratic",1,"fitted",0.485,0.00228418226138616,0.00116519916022417
331,"k25_prev50","quadratic",1,"pc1",0.485,0.0317476168308273,0.00499196581714223
332,"k25_prev50","quadratic",1,"fitted",0.455,0.803291846507074,0.885419990221319
332,"k25_prev50","quadratic",1,"pc1",0.455,0.657973529537348,0.938778390587756
333,"k25_prev50","quadratic",1,"fitted",0.4625,0.110504958567322,0.0104601142005102
333,"k25_prev50","quadratic",1,"pc1",0.4625,0.255477913873481,0.968036853296034
334,"k25_prev50","quadratic",1,"fitted",0.4725,0.105809270587792,0.0617038473861773
334,"k25_prev50","quadratic",1,"pc1",0.4725,0.0962172821637002,0.00552796344536954
335,"k25_prev50","quadratic",1,"fitted",0.5125,0.36333891410133,0.192944635516787
335,"k25_prev50","quadratic",1,"pc1",0.5125,0.90894308193853,0.856111836300649
336,"k25_prev50","quadratic",1,"fitted",0.4575,0.449731989910093,0.197039424410226
336,"k25_prev50","quadratic",1,"pc1",0.4575,0.130330779332477,0.399380839962673
337,"k25_prev50","quadratic",1,"fitted",0.5175,0.0081934441147461,0.00693367416230806
337,"k25_prev50","quadratic",1,"pc1",0.5175,0.253255365801683,0.991010239396658
338,"k25_prev50","quadratic",1,"fitted",0.5225,0.539761636473343,0.0538511421490959
338,"k25_prev50","quadratic",1,"pc1",0.5225,0.749474438775244,0.731625921228722
339,"k25_prev50","quadratic",1,"fitted",0.4725,0.000787737575729697,0.0002322422415314
339,"k25_prev50","quadratic",1,"pc1",0.4725,0.381041595623805,0.0207004587533361
340,"k25_prev50","quadratic",1,"fitted",0.48,0.268145496577625,0.00622824042331827
340,"k25_prev50","quadratic",1,"pc1",0.48,0.789168349858573,0.0653966136151153
341,"k25_prev50","quadratic",1,"fitted",0.51,0.00449410788033089,0.000550006614994492
341,"k25_prev50","quadratic",1,"pc1",0.51,0.619741547964572,0.33841055496671
342,"k25_prev50","quadratic",1,"fitted",0.515,0.135411110543659,0.0577735978730631
342,"k25_prev50","quadratic",1,"pc1",0.515,0.152815725339539,0.0328619502547242
343,"k25_prev50","quadratic",1,"fitted",0.485,0.282488113788533,0.65305145344413
343,"k25_prev50","quadratic",1,"pc1",0.485,0.365358767736189,0.0852280545298372
344,"k25_prev50","quadratic",1,"fitted",0.505,0.00737127639282065,0.156886241663827
344,"k25_prev50","quadratic",1,"pc1",0.505,0.253355015752004,0.331481951733321
345,"k25_prev50","quadratic",1,"fitted",0.47,0.255903723043598,0.194957579897044
345,"k25_prev50","quadratic",1,"pc1",0.47,0.739684833986944,0.34695856158046
346,"k25_prev50","quadratic",1,"fitted",0.4725,0.086214309894332,0.0767380578909242
346,"k25_prev50","quadratic",1,"pc1",0.4725,0.524898463770989,0.100655526807423
347,"k25_prev50","quadratic",1,"fitted",0.4725,0.395530755695833,0.0226821674319025
347,"k25_prev50","quadratic",1,"pc1",0.4725,0.658227020661345,0.356884872617692
348,"k25_prev50","quadratic",1,"fitted",0.51,0.103163348770729,0.00822513578799922
348,"k25_prev50","quadratic",1,"pc1",0.51,0.879359058338986,0.686822561035334
349,"k25_prev50","quadratic",1,"fitted",0.51,0.399998235140768,0.0355154015980532
349,"k25_prev50","quadratic",1,"pc1",0.51,0.821650198413483,0.287598067501941
350,"k25_prev50","quadratic",1,"fitted",0.465,0.00537979841587266,0.00151922112627589
350,"k25_prev50","quadratic",1,"pc1",0.465,0.0205138932676006,0.00285969301671107
351,"k25_prev50","quadratic",1,"fitted",0.515,0.128062998709143,0.00927244127471272
351,"k25_prev50","quadratic",1,"pc1",0.515,0.543997906428982,0.038225046392556
352,"k25_prev50","quadratic",1,"fitted",0.5025,0.578001555422809,0.0717579248817133
352,"k25_prev50","quadratic",1,"pc1",0.5025,0.443201468174106,0.478168705679704
353,"k25_prev50","quadratic",1,"fitted",0.5025,0.162644006593753,0.578538159320716
353,"k25_prev50","quadratic",1,"pc1",0.5025,0.765758904713813,0.410634015458573
354,"k25_prev50","quadratic",1,"fitted",0.505,0.665416129622997,0.307743792078333
354,"k25_prev50","quadratic",1,"pc1",0.505,0.323351628442015,0.263518710319967
355,"k25_prev50","quadratic",1,"fitted",0.505,0.0621483278699253,0.00113587828700867
355,"k25_prev50","quadratic",1,"pc1",0.505,0.0563384478388282,0.594963127128221
356,"k25_prev50","quadratic",1,"fitted",0.4775,0.0627524969425813,0.0572115464439432
356,"k25_prev50","quadratic",1,"pc1",0.4775,0.311089335813593,0.143815752654123
357,"k25_prev50","quadratic",1,"fitted",0.47,0.19239149837842,0.682575228956121
357,"k25_prev50","quadratic",1,"pc1",0.47,0.117205974433346,0.512443425666046
358,"k25_prev50","quadratic",1,"fitted",0.4775,0.329781163565295,0.801931065515501
358,"k25_prev50","quadratic",1,"pc1",0.4775,0.941415906718313,0.660152314635655
359,"k25_prev50","quadratic",1,"fitted",0.4975,0.00737241696350832,0.000400520442316532
359,"k25_prev50","quadratic",1,"pc1",0.4975,0.093888132091958,0.00232956773578519
360,"k25_prev50","quadratic",1,"fitted",0.46,0.0257341987240368,0.00898083058975307
360,"k25_prev50","quadratic",1,"pc1",0.46,0.482994230140416,0.831491076635186
361,"k25_prev50","quadratic",1,"fitted",0.5125,0.348659123088453,0.0920587572636158
361,"k25_prev50","quadratic",1,"pc1",0.5125,0.193801363822083,0.0297296332172788
362,"k25_prev50","quadratic",1,"fitted",0.4925,0.000915066056308866,0.00010962710806417
362,"k25_prev50","quadratic",1,"pc1",0.4925,0.433506202237087,0.114982997507424
363,"k25_prev50","quadratic",1,"fitted",0.51,0.0493137626626287,0.00134684729041989
363,"k25_prev50","quadratic",1,"pc1",0.51,0.0375147538384696,0.442924401862475
364,"k25_prev50","quadratic",1,"fitted",0.51,0.44095223169958,0.18997864835689
364,"k25_prev50","quadratic",1,"pc1",0.51,0.398431393667812,0.768723119428164
365,"k25_prev50","quadratic",1,"fitted",0.5,0.549811964511916,0.0382203102178202
365,"k25_prev50","quadratic",1,"pc1",0.5,0.542911369064489,0.322428096184157
366,"k25_prev50","quadratic",1,"fitted",0.4875,0.19050990389571,0.233292847236228
366,"k25_prev50","quadratic",1,"pc1",0.4875,0.214622007252997,0.0256445241736969
367,"k25_prev50","quadratic",1,"fitted",0.5375,0.228524177541736,0.0229584579050394
367,"k25_prev50","quadratic",1,"pc1",0.5375,0.598926398769275,0.575386111446798
368,"k25_prev50","quadratic",1,"fitted",0.4875,0.569764719375688,0.352674909763037
368,"k25_prev50","quadratic",1,"pc1",0.4875,0.0462788324535039,0.361592522338227
369,"k25_prev50","quadratic",1,"fitted",0.5125,0.443597334689519,0.0991172083875602
369,"k25_prev50","quadratic",1,"pc1",0.5125,0.647445114370606,0.700188201069622
370,"k25_prev50","quadratic",1,"fitted",0.5,0.395007758378946,0.0375940338034636
370,"k25_prev50","quadratic",1,"pc1",0.5,0.330202041304843,0.268521739393002
371,"k25_prev50","quadratic",1,"fitted",0.4975,0.0985859482360497,0.192664350705352
371,"k25_prev50","quadratic",1,"pc1",0.4975,0.763697206843786,0.496699264463553
372,"k25_prev50","quadratic",1,"fitted",0.5,0.0130228850117299,0.0180497483737296
372,"k25_prev50","quadratic",1,"pc1",0.5,0.168532651768973,0.017749158503986
373,"k25_prev50","quadratic",1,"fitted",0.53,0.224548598088956,0.0545366166505764
373,"k25_prev50","quadratic",1,"pc1",0.53,0.685713565391887,0.531848045388268
374,"k25_prev50","quadratic",1,"fitted",0.525,0.40050665211462,0.234720923645503
374,"k25_prev50","quadratic",1,"pc1",0.525,0.626240470479174,0.801647713910447
375,"k25_prev50","quadratic",1,"fitted",0.49,0.0143725027729589,0.00134491576064455
375,"k25_prev50","quadratic",1,"pc1",0.49,0.073619812509829,0.00679709407519868
376,"k25_prev50","quadratic",1,"fitted",0.4775,0.0192778451642193,0.0271929415518843
376,"k25_prev50","quadratic",1,"pc1",0.4775,0.923882756555185,0.78279606048699
377,"k25_prev50","quadratic",1,"fitted",0.485,0.0535383518821777,0.0199894231611772
377,"k25_prev50","quadratic",1,"pc1",0.485,0.0445116110022363,0.00538889293855616
378,"k25_prev50","quadratic",1,"fitted",0.4875,0.0685208683258702,0.0365389547142485
378,"k25_prev50","quadratic",1,"pc1",0.4875,0.0876115701491178,0.00201592532380346
379,"k25_prev50","quadratic",1,"fitted",0.48,0.568793133769577,0.257383231556074
379,"k25_prev50","quadratic",1,"pc1",0.48,0.287613417288717,0.267499776181777
380,"k25_prev50","quadratic",1,"fitted",0.5125,0.1637822834558,0.0326751060765654
380,"k25_prev50","quadratic",1,"pc1",0.5125,0.153702180781115,0.708407088423995
381,"k25_prev50","quadratic",1,"fitted",0.4875,0.0249277690235494,0.00752091173794556
381,"k25_prev50","quadratic",1,"pc1",0.4875,0.97820564480377,0.965817564586557
382,"k25_prev50","quadratic",1,"fitted",0.495,0.834337150398477,0.682756000948247
382,"k25_prev50","quadratic",1,"pc1",0.495,0.321026772223371,0.0146528710495232
383,"k25_prev50","quadratic",1,"fitted",0.4625,0.0110869023424185,0.0496725917926304
383,"k25_prev50","quadratic",1,"pc1",0.4625,0.524254808515133,0.158363494088097
384,"k25_prev50","quadratic",1,"fitted",0.505,0.485374093759736,0.157037473728711
384,"k25_prev50","quadratic",1,"pc1",0.505,0.947472216398577,0.412021967500418
385,"k25_prev50","quadratic",1,"fitted",0.4925,0.550669626648447,0.751789261733864
385,"k25_prev50","quadratic",1,"pc1",0.4925,0.0722902685876703,0.430354645939853
386,"k25_prev50","quadratic",1,"fitted",0.5375,0.621960896868295,0.27865179050906
386,"k25_prev50","quadratic",1,"pc1",0.5375,0.00275724437680802,0.02885442137988
387,"k25_prev50","quadratic",1,"fitted",0.47,0.107850538736127,0.0219226425035066
387,"k25_prev50","quadratic",1,"pc1",0.47,0.476870076722579,0.153749526379541
388,"k25_prev50","quadratic",1,"fitted",0.475,0.000188230887521845,2.74691571002794e-05
388,"k25_prev50","quadratic",1,"pc1",0.475,0.0501317210152376,0.00424149376795024
389,"k25_prev50","quadratic",1,"fitted",0.515,0.62208871820623,0.484368280495405
389,"k25_prev50","quadratic",1,"pc1",0.515,0.0603262263311866,0.0652394621704234
390,"k25_prev50","quadratic",1,"fitted",0.5175,0.172981437497658,0.148521303548976
390,"k25_prev50","quadratic",1,"pc1",0.5175,0.28042351880196,0.714865579498247
391,"k25_prev50","quadratic",1,"fitted",0.4975,0.0288401972141823,0.000174459752340539
391,"k25_prev50","quadratic",1,"pc1",0.4975,0.327750920035342,0.00331726264272225
392,"k25_prev50","quadratic",1,"fitted",0.49,0.0134179969886561,0.00219690344737344
392,"k25_prev50","quadratic",1,"pc1",0.49,0.868505757208624,0.085734795896677
393,"k25_prev50","quadratic",1,"fitted",0.52,0.0329972795835375,0.0073486280811772
393,"k25_prev50","quadratic",1,"pc1",0.52,0.044108855504758,0.00585279461384935
394,"k25_prev50","quadratic",1,"fitted",0.4975,0.154392684203578,0.0236476985283034
394,"k25_prev50","quadratic",1,"pc1",0.4975,0.251131744432751,0.186507663394629
395,"k25_prev50","quadratic",1,"fitted",0.465,0.158844057749948,0.0263968268508441
395,"k25_prev50","quadratic",1,"pc1",0.465,0.103614697983496,0.840729735047358
396,"k25_prev50","quadratic",1,"fitted",0.515,0.291393305134738,0.111364188365186
396,"k25_prev50","quadratic",1,"pc1",0.515,0.406373569192121,0.895311924863764
397,"k25_prev50","quadratic",1,"fitted",0.5225,0.0415713036557613,0.0271237185337541
397,"k25_prev50","quadratic",1,"pc1",0.5225,0.78682309974636,0.879231723944701
398,"k25_prev50","quadratic",1,"fitted",0.51,0.145620646868165,0.855889526137328
398,"k25_prev50","quadratic",1,"pc1",0.51,0.863260722795005,0.712183863401843
399,"k25_prev50","quadratic",1,"fitted",0.49,0.190544024563558,0.900680199900478
399,"k25_prev50","quadratic",1,"pc1",0.49,0.302633622388303,0.998262076795383
400,"k25_prev50","quadratic",1,"fitted",0.4925,0.0242277617723378,0.00567029732527091
400,"k25_prev50","quadratic",1,"pc1",0.4925,0.425742163916296,0.0405321283397514
1,"k25_prev50","quadratic",1.5,"fitted",0.4675,0.0920016538356104,0.00886848746952251
1,"k25_prev50","quadratic",1.5,"pc1",0.4675,0.987252470728949,0.999897373436289
2,"k25_prev50","quadratic",1.5,"fitted",0.5225,0.113269478074683,0.0072024986086443
2,"k25_prev50","quadratic",1.5,"pc1",0.5225,0.54780172656115,0.841544169291883
3,"k25_prev50","quadratic",1.5,"fitted",0.4875,0.114630985571266,0.031872590027082
3,"k25_prev50","quadratic",1.5,"pc1",0.4875,0.583135607360089,0.360277579188662
4,"k25_prev50","quadratic",1.5,"fitted",0.495,0.0962522742106166,0.0184702455168427
4,"k25_prev50","quadratic",1.5,"pc1",0.495,0.0682131261623762,0.934883448709978
5,"k25_prev50","quadratic",1.5,"fitted",0.4925,0.260788741206823,0.0843816505875884
5,"k25_prev50","quadratic",1.5,"pc1",0.4925,0.0314734188887682,0.0202159839427114
6,"k25_prev50","quadratic",1.5,"fitted",0.53,0.0293998546784338,0.000204952952242099
6,"k25_prev50","quadratic",1.5,"pc1",0.53,0.132357453771371,0.0563211174230762
7,"k25_prev50","quadratic",1.5,"fitted",0.5125,0.09124362098835,0.00294568424446506
7,"k25_prev50","quadratic",1.5,"pc1",0.5125,0.0583512035973384,0.0204999603959353
8,"k25_prev50","quadratic",1.5,"fitted",0.505,0.00793238730201729,0.00237573779090916
8,"k25_prev50","quadratic",1.5,"pc1",0.505,0.0891310079853068,0.00225325069060101
9,"k25_prev50","quadratic",1.5,"fitted",0.5125,0.157806346463062,0.567460149425819
9,"k25_prev50","quadratic",1.5,"pc1",0.5125,0.865412036875639,0.557704889328559
10,"k25_prev50","quadratic",1.5,"fitted",0.48,0.423729102633009,0.0539379139304876
10,"k25_prev50","quadratic",1.5,"pc1",0.48,0.246951389951173,0.384562403566522
11,"k25_prev50","quadratic",1.5,"fitted",0.5,0.0992229892672454,0.546780295541372
11,"k25_prev50","quadratic",1.5,"pc1",0.5,0.723385895768147,0.828993414459746
12,"k25_prev50","quadratic",1.5,"fitted",0.5,0.464814852549025,0.133379756399098
12,"k25_prev50","quadratic",1.5,"pc1",0.5,0.658203944925473,0.37483481988425
13,"k25_prev50","quadratic",1.5,"fitted",0.515,1.71999916798171e-06,0.00011373573340534
13,"k25_prev50","quadratic",1.5,"pc1",0.515,0.783425281621238,0.317054948918404
14,"k25_prev50","quadratic",1.5,"fitted",0.5175,0.260380621223259,0.0232664896208387
14,"k25_prev50","quadratic",1.5,"pc1",0.5175,0.823264357511408,0.634858304074928
15,"k25_prev50","quadratic",1.5,"fitted",0.505,0.126361259254322,0.381038669689491
15,"k25_prev50","quadratic",1.5,"pc1",0.505,0.38101927071705,0.537585077537431
16,"k25_prev50","quadratic",1.5,"fitted",0.55,0.777774371266566,0.297335648065815
16,"k25_prev50","quadratic",1.5,"pc1",0.55,0.46271402804185,0.0202575913909977
17,"k25_prev50","quadratic",1.5,"fitted",0.5275,0.0258122954665033,0.0012709695391393
17,"k25_prev50","quadratic",1.5,"pc1",0.5275,0.985179359325197,0.839635269888914
18,"k25_prev50","quadratic",1.5,"fitted",0.535,0.0244429669553619,0.00445592604283229
18,"k25_prev50","quadratic",1.5,"pc1",0.535,0.030154491828802,0.00127492472998314
19,"k25_prev50","quadratic",1.5,"fitted",0.4925,0.180253753939888,0.00810636824495292
19,"k25_prev50","quadratic",1.5,"pc1",0.4925,0.845093799517012,0.700592924447959
20,"k25_prev50","quadratic",1.5,"fitted",0.5125,0.538963707265979,0.033364931506757
20,"k25_prev50","quadratic",1.5,"pc1",0.5125,0.0436407306546476,0.177207519576074
21,"k25_prev50","quadratic",1.5,"fitted",0.49,0.860635423185024,0.161711609045215
21,"k25_prev50","quadratic",1.5,"pc1",0.49,0.995975477375006,0.824973473698504
22,"k25_prev50","quadratic",1.5,"fitted",0.4675,0.00218808842373974,0.000172336371827675
22,"k25_prev50","quadratic",1.5,"pc1",0.4675,0.00393825817806137,0.000631813276716464
23,"k25_prev50","quadratic",1.5,"fitted",0.5,0.589010984816184,0.0477027376568157
23,"k25_prev50","quadratic",1.5,"pc1",0.5,0.657979599518537,0.562175676090301
24,"k25_prev50","quadratic",1.5,"fitted",0.495,0.13969204634398,0.642897076799192
24,"k25_prev50","quadratic",1.5,"pc1",0.495,0.303288105058004,0.048828963492859
25,"k25_prev50","quadratic",1.5,"fitted",0.4975,0.0423263497937538,0.0488610472778191
25,"k25_prev50","quadratic",1.5,"pc1",0.4975,0.58434358964411,0.0616816273724273
26,"k25_prev50","quadratic",1.5,"fitted",0.4975,0.667597424147014,0.111585245301536
26,"k25_prev50","quadratic",1.5,"pc1",0.4975,0.167868245210952,0.0304966115501687
27,"k25_prev50","quadratic",1.5,"fitted",0.5075,0.330750747422528,0.0250487047201641
27,"k25_prev50","quadratic",1.5,"pc1",0.5075,0.0522370621216696,0.383194583089769
28,"k25_prev50","quadratic",1.5,"fitted",0.54,0.437069546531569,0.0689715642269049
28,"k25_prev50","quadratic",1.5,"pc1",0.54,0.564734591608558,0.0994570862703898
29,"k25_prev50","quadratic",1.5,"fitted",0.515,0.255218210646678,0.0483299624960685
29,"k25_prev50","quadratic",1.5,"pc1",0.515,0.69741861902541,0.213231888897883
30,"k25_prev50","quadratic",1.5,"fitted",0.525,0.0261172846900601,0.00789219330464475
30,"k25_prev50","quadratic",1.5,"pc1",0.525,0.00730929354224408,0.000107485336411695
31,"k25_prev50","quadratic",1.5,"fitted",0.515,0.841917571466247,0.169825885156767
31,"k25_prev50","quadratic",1.5,"pc1",0.515,0.944379422480654,0.563069682882355
32,"k25_prev50","quadratic",1.5,"fitted",0.4475,0.197573493062422,0.0631403081742621
32,"k25_prev50","quadratic",1.5,"pc1",0.4475,0.743438249483631,0.52124771108754
33,"k25_prev50","quadratic",1.5,"fitted",0.4875,0.14148826361089,0.00224694755400889
33,"k25_prev50","quadratic",1.5,"pc1",0.4875,0.808449753364276,0.173726122279588
34,"k25_prev50","quadratic",1.5,"fitted",0.4875,0.182541219457324,0.0213401602728149
34,"k25_prev50","quadratic",1.5,"pc1",0.4875,0.0349121597005406,0.00684547656710288
35,"k25_prev50","quadratic",1.5,"fitted",0.5375,0.218431706074453,0.123044810768554
35,"k25_prev50","quadratic",1.5,"pc1",0.5375,0.400278201932488,0.00948286288084144
36,"k25_prev50","quadratic",1.5,"fitted",0.515,0.225661595222054,0.0772610970549819
36,"k25_prev50","quadratic",1.5,"pc1",0.515,0.179218187973931,0.00611388222816078
37,"k25_prev50","quadratic",1.5,"fitted",0.5125,0.0107428371948713,0.0599200364372117
37,"k25_prev50","quadratic",1.5,"pc1",0.5125,0.496975861578419,0.041602360383126
38,"k25_prev50","quadratic",1.5,"fitted",0.5025,0.131610827067062,0.129757858182703
38,"k25_prev50","quadratic",1.5,"pc1",0.5025,0.610902028789883,0.870903086630999
39,"k25_prev50","quadratic",1.5,"fitted",0.49,0.547834772115323,0.335038998687198
39,"k25_prev50","quadratic",1.5,"pc1",0.49,0.0574241976805911,0.124577910788102
40,"k25_prev50","quadratic",1.5,"fitted",0.5125,0.0261022104707813,0.0705646090763928
40,"k25_prev50","quadratic",1.5,"pc1",0.5125,0.408758508943454,0.358027737547506
41,"k25_prev50","quadratic",1.5,"fitted",0.5,0.485330540048626,0.7037872670483
41,"k25_prev50","quadratic",1.5,"pc1",0.5,0.84548800874398,0.913045344085067
42,"k25_prev50","quadratic",1.5,"fitted",0.47,0.746646376369046,0.394433562134429
42,"k25_prev50","quadratic",1.5,"pc1",0.47,0.61378903058306,0.474607959532366
43,"k25_prev50","quadratic",1.5,"fitted",0.4725,0.000209808128961431,2.17786249915308e-05
43,"k25_prev50","quadratic",1.5,"pc1",0.4725,0.783967590890206,0.931432427690176
44,"k25_prev50","quadratic",1.5,"fitted",0.5125,0.00807999130867976,0.000232843700818886
44,"k25_prev50","quadratic",1.5,"pc1",0.5125,0.839304506879966,0.760987000814446
45,"k25_prev50","quadratic",1.5,"fitted",0.4875,0.25733636124028,0.0228716476669026
45,"k25_prev50","quadratic",1.5,"pc1",0.4875,0.00643693838996906,0.726698854230582
46,"k25_prev50","quadratic",1.5,"fitted",0.51,0.701659686682019,0.314714358538958
46,"k25_prev50","quadratic",1.5,"pc1",0.51,0.0990262972462158,0.00655151766023743
47,"k25_prev50","quadratic",1.5,"fitted",0.515,0.820285372000226,0.600437864068371
47,"k25_prev50","quadratic",1.5,"pc1",0.515,0.769037191503694,0.111292754246446
48,"k25_prev50","quadratic",1.5,"fitted",0.5325,0.140020936011555,0.775522957922594
48,"k25_prev50","quadratic",1.5,"pc1",0.5325,0.240225856025853,0.20920978850976
49,"k25_prev50","quadratic",1.5,"fitted",0.495,0.359105670806088,0.119626905727909
49,"k25_prev50","quadratic",1.5,"pc1",0.495,0.644627345231115,0.178122603513113
50,"k25_prev50","quadratic",1.5,"fitted",0.52,0.219270730377808,0.0578163739895776
50,"k25_prev50","quadratic",1.5,"pc1",0.52,0.917216638762918,0.754585142268539
51,"k25_prev50","quadratic",1.5,"fitted",0.5425,0.921158130674461,0.43404053169024
51,"k25_prev50","quadratic",1.5,"pc1",0.5425,0.203027409731751,0.327354452942898
52,"k25_prev50","quadratic",1.5,"fitted",0.515,0.160237617479638,0.0195235755746295
52,"k25_prev50","quadratic",1.5,"pc1",0.515,0.00990259476135957,0.00640904273417808
53,"k25_prev50","quadratic",1.5,"fitted",0.515,0.289098460093195,0.0560771728096645
53,"k25_prev50","quadratic",1.5,"pc1",0.515,0.344359603612339,0.508524920332118
54,"k25_prev50","quadratic",1.5,"fitted",0.52,0.0217593880563508,0.00381785472296792
54,"k25_prev50","quadratic",1.5,"pc1",0.52,0.591277642667522,0.491383076008239
55,"k25_prev50","quadratic",1.5,"fitted",0.4725,0.293918532038889,0.0413031865343914
55,"k25_prev50","quadratic",1.5,"pc1",0.4725,0.0529400063487671,0.0020006097696349
56,"k25_prev50","quadratic",1.5,"fitted",0.47,0.0066972946103343,0.000993430957796471
56,"k25_prev50","quadratic",1.5,"pc1",0.47,0.00325184425679403,0.000414584556773123
57,"k25_prev50","quadratic",1.5,"fitted",0.48,0.0906031381054299,0.106179359446367
57,"k25_prev50","quadratic",1.5,"pc1",0.48,0.518789641680879,0.0914631319695037
58,"k25_prev50","quadratic",1.5,"fitted",0.52,0.392108065711186,0.92262148777925
58,"k25_prev50","quadratic",1.5,"pc1",0.52,0.59372282098985,0.139852430879013
59,"k25_prev50","quadratic",1.5,"fitted",0.52,0.0322537244642194,0.0116342327498535
59,"k25_prev50","quadratic",1.5,"pc1",0.52,0.508104770652338,0.829887991328281
60,"k25_prev50","quadratic",1.5,"fitted",0.505,0.361727350017208,0.168000818179765
60,"k25_prev50","quadratic",1.5,"pc1",0.505,0.0971641995125098,0.00169267458014399
61,"k25_prev50","quadratic",1.5,"fitted",0.485,0.0121343074631317,0.00429335653682661
61,"k25_prev50","quadratic",1.5,"pc1",0.485,0.313068741686992,0.8058356222768
62,"k25_prev50","quadratic",1.5,"fitted",0.525,0.26616652430643,0.0928947950257285
62,"k25_prev50","quadratic",1.5,"pc1",0.525,0.0968455780584498,0.55276093092771
63,"k25_prev50","quadratic",1.5,"fitted",0.5175,0.0192436232816676,0.022333881998481
63,"k25_prev50","quadratic",1.5,"pc1",0.5175,0.476326191854878,0.329674239705886
64,"k25_prev50","quadratic",1.5,"fitted",0.49,0.0164217700110271,0.00429414719582799
64,"k25_prev50","quadratic",1.5,"pc1",0.49,0.0630054418386774,0.117006607743792
65,"k25_prev50","quadratic",1.5,"fitted",0.4925,0.501420705229448,0.100396333291974
65,"k25_prev50","quadratic",1.5,"pc1",0.4925,0.437385366045622,0.0128687461466575
66,"k25_prev50","quadratic",1.5,"fitted",0.4825,0.0476144503697411,0.0115752453508831
66,"k25_prev50","quadratic",1.5,"pc1",0.4825,0.474114947916268,0.929899081884927
67,"k25_prev50","quadratic",1.5,"fitted",0.46,0.0427033731315234,0.0162234400627678
67,"k25_prev50","quadratic",1.5,"pc1",0.46,0.536584354915263,0.947769088107553
68,"k25_prev50","quadratic",1.5,"fitted",0.4875,0.0464210183344506,0.0137315579510271
68,"k25_prev50","quadratic",1.5,"pc1",0.4875,0.392712514295584,0.528205350351721
69,"k25_prev50","quadratic",1.5,"fitted",0.485,0.272136928072969,0.0556620880037565
69,"k25_prev50","quadratic",1.5,"pc1",0.485,0.52606981472834,0.272969392517071
70,"k25_prev50","quadratic",1.5,"fitted",0.51,0.897538855033182,0.372947632668987
70,"k25_prev50","quadratic",1.5,"pc1",0.51,0.18939956509731,0.0314899441551608
71,"k25_prev50","quadratic",1.5,"fitted",0.495,0.00338541278556437,0.00702834053471002
71,"k25_prev50","quadratic",1.5,"pc1",0.495,0.230226404521141,0.578931811049001
72,"k25_prev50","quadratic",1.5,"fitted",0.4825,0.240603900999123,0.0972759920745949
72,"k25_prev50","quadratic",1.5,"pc1",0.4825,0.0321818430436362,0.454584625509332
73,"k25_prev50","quadratic",1.5,"fitted",0.49,0.128776169957297,0.00789187230513599
73,"k25_prev50","quadratic",1.5,"pc1",0.49,0.116279241979176,0.000466318060839854
74,"k25_prev50","quadratic",1.5,"fitted",0.4625,0.686984472290846,0.205773909421796
74,"k25_prev50","quadratic",1.5,"pc1",0.4625,0.406729169829807,0.184990847845712
75,"k25_prev50","quadratic",1.5,"fitted",0.4825,0.135277363380037,0.0303669632021959
75,"k25_prev50","quadratic",1.5,"pc1",0.4825,0.531767087566734,0.106042966803015
76,"k25_prev50","quadratic",1.5,"fitted",0.495,0.390062631315874,0.0802063013520116
76,"k25_prev50","quadratic",1.5,"pc1",0.495,0.572412801552411,0.482312327915449
77,"k25_prev50","quadratic",1.5,"fitted",0.475,0.000825134069008304,0.0978706077394369
77,"k25_prev50","quadratic",1.5,"pc1",0.475,0.886637884501035,0.369200123420578
78,"k25_prev50","quadratic",1.5,"fitted",0.4875,0.218916850067462,0.0280580072347245
78,"k25_prev50","quadratic",1.5,"pc1",0.4875,0.713714590450118,0.0439872551850721
79,"k25_prev50","quadratic",1.5,"fitted",0.455,0.0208393529551528,0.00831325188918486
79,"k25_prev50","quadratic",1.5,"pc1",0.455,0.732042613205687,0.893239731724736
80,"k25_prev50","quadratic",1.5,"fitted",0.4825,0.830108560976905,0.427214430039635
80,"k25_prev50","quadratic",1.5,"pc1",0.4825,0.262880349707659,0.535653036910122
81,"k25_prev50","quadratic",1.5,"fitted",0.5075,0.348678681121098,0.0462795586306531
81,"k25_prev50","quadratic",1.5,"pc1",0.5075,0.190500898366578,0.00504485892693474
82,"k25_prev50","quadratic",1.5,"fitted",0.5175,0.00157483609666265,4.56165259374863e-05
82,"k25_prev50","quadratic",1.5,"pc1",0.5175,0.115255628909133,0.0329097627733966
83,"k25_prev50","quadratic",1.5,"fitted",0.4825,0.236997228656942,0.987475136235934
83,"k25_prev50","quadratic",1.5,"pc1",0.4825,0.352564900269717,0.132921956998479
84,"k25_prev50","quadratic",1.5,"fitted",0.5025,0.46926785030796,0.128972212825199
84,"k25_prev50","quadratic",1.5,"pc1",0.5025,0.633169935621187,0.333515675771191
85,"k25_prev50","quadratic",1.5,"fitted",0.4925,0.682653245335297,0.102964718418246
85,"k25_prev50","quadratic",1.5,"pc1",0.4925,0.406444249449223,0.245356017455406
86,"k25_prev50","quadratic",1.5,"fitted",0.4825,0.233432048728511,0.499624272877238
86,"k25_prev50","quadratic",1.5,"pc1",0.4825,0.269682411977645,0.333138642999647
87,"k25_prev50","quadratic",1.5,"fitted",0.51,0.662474119215934,0.139042936176907
87,"k25_prev50","quadratic",1.5,"pc1",0.51,0.441450878141136,0.988030231570205
88,"k25_prev50","quadratic",1.5,"fitted",0.495,0.731833793008461,0.621506852525284
88,"k25_prev50","quadratic",1.5,"pc1",0.495,0.951511896993872,0.937809261415259
89,"k25_prev50","quadratic",1.5,"fitted",0.49,0.0450716784053261,0.00160820559186758
89,"k25_prev50","quadratic",1.5,"pc1",0.49,0.33747043937707,0.376191786783863
90,"k25_prev50","quadratic",1.5,"fitted",0.47,0.0169766974990566,0.000989375617402755
90,"k25_prev50","quadratic",1.5,"pc1",0.47,0.908866939667343,0.608547467311841
91,"k25_prev50","quadratic",1.5,"fitted",0.5075,0.0064172125421923,0.00279348644932731
91,"k25_prev50","quadratic",1.5,"pc1",0.5075,0.720416156642233,0.925231993428566
92,"k25_prev50","quadratic",1.5,"fitted",0.5025,0.388461729609429,0.0778529434630757
92,"k25_prev50","quadratic",1.5,"pc1",0.5025,0.25307133801311,0.00253164401091388
93,"k25_prev50","quadratic",1.5,"fitted",0.49,0.278922913305725,0.315888813761389
93,"k25_prev50","quadratic",1.5,"pc1",0.49,0.0751161039107466,0.0401873195122036
94,"k25_prev50","quadratic",1.5,"fitted",0.525,0.186270547875103,0.0174810364365448
94,"k25_prev50","quadratic",1.5,"pc1",0.525,0.142679540852175,0.0118053639428684
95,"k25_prev50","quadratic",1.5,"fitted",0.5175,0.238905185966126,0.638845316340127
95,"k25_prev50","quadratic",1.5,"pc1",0.5175,0.540399640557948,0.596183229414121
96,"k25_prev50","quadratic",1.5,"fitted",0.465,0.00732112690652886,0.000195370656461247
96,"k25_prev50","quadratic",1.5,"pc1",0.465,0.97315210855902,0.610417598858757
97,"k25_prev50","quadratic",1.5,"fitted",0.5175,0.0498680827804985,0.222592634917813
97,"k25_prev50","quadratic",1.5,"pc1",0.5175,0.538310064610742,0.224016628171586
98,"k25_prev50","quadratic",1.5,"fitted",0.53,0.000628183876486998,7.51239022456218e-05
98,"k25_prev50","quadratic",1.5,"pc1",0.53,0.456594059703982,0.875978047049717
99,"k25_prev50","quadratic",1.5,"fitted",0.505,0.00179481693618533,5.09978116784993e-05
99,"k25_prev50","quadratic",1.5,"pc1",0.505,0.00688642742320833,0.000698158584574449
100,"k25_prev50","quadratic",1.5,"fitted",0.5,0.434175508762353,0.118977798993149
100,"k25_prev50","quadratic",1.5,"pc1",0.5,0.769440074610181,0.268155209088454
101,"k25_prev50","quadratic",1.5,"fitted",0.5,0.0712306314030979,0.0604054962931935
101,"k25_prev50","quadratic",1.5,"pc1",0.5,0.0824335283615785,0.23762100636886
102,"k25_prev50","quadratic",1.5,"fitted",0.5225,0.384613990822718,0.329853534363851
102,"k25_prev50","quadratic",1.5,"pc1",0.5225,0.999123233901679,0.675500074696636
103,"k25_prev50","quadratic",1.5,"fitted",0.505,0.000118852883166154,2.04685793598891e-05
103,"k25_prev50","quadratic",1.5,"pc1",0.505,0.133686561077424,0.00194185720465512
104,"k25_prev50","quadratic",1.5,"fitted",0.515,0.729654710670739,0.194273732818634
104,"k25_prev50","quadratic",1.5,"pc1",0.515,0.404672303214466,0.846464171789875
105,"k25_prev50","quadratic",1.5,"fitted",0.51,0.0602865487635247,0.153697446806603
105,"k25_prev50","quadratic",1.5,"pc1",0.51,0.351519136659055,0.0233901806151826
106,"k25_prev50","quadratic",1.5,"fitted",0.505,0.0346993117172146,0.339963040623107
106,"k25_prev50","quadratic",1.5,"pc1",0.505,0.702067980228923,0.249115605716176
107,"k25_prev50","quadratic",1.5,"fitted",0.48,0.189060369529546,0.0891116150487523
107,"k25_prev50","quadratic",1.5,"pc1",0.48,0.0208956753714393,0.00941510919140542
108,"k25_prev50","quadratic",1.5,"fitted",0.485,0.894957473181209,0.157135603519533
108,"k25_prev50","quadratic",1.5,"pc1",0.485,0.599110274400589,0.139407723043982
109,"k25_prev50","quadratic",1.5,"fitted",0.4975,0.287434700542392,0.0356736086801359
109,"k25_prev50","quadratic",1.5,"pc1",0.4975,0.782778724456404,0.732431093348983
110,"k25_prev50","quadratic",1.5,"fitted",0.48,0.327244149195932,0.00687182321729196
110,"k25_prev50","quadratic",1.5,"pc1",0.48,0.624061815688751,0.582339669200183
111,"k25_prev50","quadratic",1.5,"fitted",0.4675,0.396260627123024,0.0650735174666774
111,"k25_prev50","quadratic",1.5,"pc1",0.4675,0.0333158247149636,0.140335631199893
112,"k25_prev50","quadratic",1.5,"fitted",0.53,0.109021899624795,0.267998616889848
112,"k25_prev50","quadratic",1.5,"pc1",0.53,0.17666931988895,0.42087400333571
113,"k25_prev50","quadratic",1.5,"fitted",0.4825,0.0177227201464411,0.00308660963753682
113,"k25_prev50","quadratic",1.5,"pc1",0.4825,0.726822547951032,0.506768808785451
114,"k25_prev50","quadratic",1.5,"fitted",0.48,0.845222250610719,0.221269192024613
114,"k25_prev50","quadratic",1.5,"pc1",0.48,0.0315705652174627,4.77750960368173e-05
115,"k25_prev50","quadratic",1.5,"fitted",0.5275,0.582712092233412,0.3315688748367
115,"k25_prev50","quadratic",1.5,"pc1",0.5275,0.0778519972769101,0.240970738725769
116,"k25_prev50","quadratic",1.5,"fitted",0.515,0.000843874630941932,1.33325745919066e-05
116,"k25_prev50","quadratic",1.5,"pc1",0.515,0.594161698525564,0.587980486325256
117,"k25_prev50","quadratic",1.5,"fitted",0.5075,0.334855469439825,0.0937252699782808
117,"k25_prev50","quadratic",1.5,"pc1",0.5075,0.85924011349881,0.145520238700557
118,"k25_prev50","quadratic",1.5,"fitted",0.4975,0.0475749550625353,0.017138331743682
118,"k25_prev50","quadratic",1.5,"pc1",0.4975,0.0433889390717257,0.00105783284991912
119,"k25_prev50","quadratic",1.5,"fitted",0.4925,0.320783126978497,0.021256559320097
119,"k25_prev50","quadratic",1.5,"pc1",0.4925,0.2931932419189,0.0104196063168145
120,"k25_prev50","quadratic",1.5,"fitted",0.485,0.0128209924327787,0.0188762465790683
120,"k25_prev50","quadratic",1.5,"pc1",0.485,0.119668094200206,0.926344368414739
121,"k25_prev50","quadratic",1.5,"fitted",0.4825,0.0267112046549558,0.00105715120846184
121,"k25_prev50","quadratic",1.5,"pc1",0.4825,0.103492806149292,0.00301074573473181
122,"k25_prev50","quadratic",1.5,"fitted",0.47,0.00919847523892325,0.0529744108049858
122,"k25_prev50","quadratic",1.5,"pc1",0.47,0.378613186769304,0.0392939306295339
123,"k25_prev50","quadratic",1.5,"fitted",0.495,0.0809181261541082,0.00126732380422556
123,"k25_prev50","quadratic",1.5,"pc1",0.495,0.187662434451146,0.00634605119280252
124,"k25_prev50","quadratic",1.5,"fitted",0.5125,0.588975716083016,0.501755398685687
124,"k25_prev50","quadratic",1.5,"pc1",0.5125,0.244606223480419,0.489855688577834
125,"k25_prev50","quadratic",1.5,"fitted",0.53,0.740245582578672,0.307921477276355
125,"k25_prev50","quadratic",1.5,"pc1",0.53,0.872139619134826,0.738956203777423
126,"k25_prev50","quadratic",1.5,"fitted",0.5275,0.496578214235851,0.164400698601066
126,"k25_prev50","quadratic",1.5,"pc1",0.5275,0.663323751016033,0.0559539496685389
127,"k25_prev50","quadratic",1.5,"fitted",0.48,0.820352951891308,0.413151765069856
127,"k25_prev50","quadratic",1.5,"pc1",0.48,0.241760978141589,0.875948425620169
128,"k25_prev50","quadratic",1.5,"fitted",0.54,0.177419046998279,0.0470863275727067
128,"k25_prev50","quadratic",1.5,"pc1",0.54,0.256096862680562,0.230491762317066
129,"k25_prev50","quadratic",1.5,"fitted",0.515,0.297726492884387,0.212340280024682
129,"k25_prev50","quadratic",1.5,"pc1",0.515,0.197612034069733,0.816118498824371
130,"k25_prev50","quadratic",1.5,"fitted",0.495,0.583442358030822,0.119919777476119
130,"k25_prev50","quadratic",1.5,"pc1",0.495,0.355496823705289,0.940740093981997
131,"k25_prev50","quadratic",1.5,"fitted",0.4925,0.0757715992309501,0.00393926718852466
131,"k25_prev50","quadratic",1.5,"pc1",0.4925,0.682780482458437,0.933860522876068
132,"k25_prev50","quadratic",1.5,"fitted",0.5175,0.074355769138875,0.0189977601980199
132,"k25_prev50","quadratic",1.5,"pc1",0.5175,0.0550300263412743,0.673001376327441
133,"k25_prev50","quadratic",1.5,"fitted",0.4775,0.00102553769648317,6.91480013674806e-05
133,"k25_prev50","quadratic",1.5,"pc1",0.4775,0.00778663535479751,0.00719855287139359
134,"k25_prev50","quadratic",1.5,"fitted",0.4875,0.225622535772414,0.335443276044883
134,"k25_prev50","quadratic",1.5,"pc1",0.4875,0.260367717781968,0.0742825374351002
135,"k25_prev50","quadratic",1.5,"fitted",0.5,0.00838135273355556,0.000485576036831192
135,"k25_prev50","quadratic",1.5,"pc1",0.5,0.576184636475129,0.027887939251505
136,"k25_prev50","quadratic",1.5,"fitted",0.5025,0.00365778854533805,0.000241842381505042
136,"k25_prev50","quadratic",1.5,"pc1",0.5025,0.436030080047069,0.50540639871689
137,"k25_prev50","quadratic",1.5,"fitted",0.5275,0.178359379813925,0.0447617872264339
137,"k25_prev50","quadratic",1.5,"pc1",0.5275,0.33053056382978,0.362040435233132
138,"k25_prev50","quadratic",1.5,"fitted",0.4875,0.185748568098036,0.118581774542885
138,"k25_prev50","quadratic",1.5,"pc1",0.4875,0.337242231891257,0.61865701385084
139,"k25_prev50","quadratic",1.5,"fitted",0.5225,5.73954435717505e-05,1.36535688728401e-05
139,"k25_prev50","quadratic",1.5,"pc1",0.5225,0.0573107368632791,0.0364930987739476
140,"k25_prev50","quadratic",1.5,"fitted",0.5075,0.661935184661898,0.797612581568671
140,"k25_prev50","quadratic",1.5,"pc1",0.5075,0.537485837555956,0.810376140768116
141,"k25_prev50","quadratic",1.5,"fitted",0.5,0.000306866699831376,4.17165899595506e-05
141,"k25_prev50","quadratic",1.5,"pc1",0.5,0.099351442141514,0.000434899082799367
142,"k25_prev50","quadratic",1.5,"fitted",0.485,0.110600124344276,0.0291549096564709
142,"k25_prev50","quadratic",1.5,"pc1",0.485,0.570586220701177,0.0526068092999493
143,"k25_prev50","quadratic",1.5,"fitted",0.515,0.176410783845378,0.218852236706503
143,"k25_prev50","quadratic",1.5,"pc1",0.515,0.0952786728317376,0.0155283943565272
144,"k25_prev50","quadratic",1.5,"fitted",0.505,0.263877063787485,0.01815123770075
144,"k25_prev50","quadratic",1.5,"pc1",0.505,0.126560609448201,0.0260949173435372
145,"k25_prev50","quadratic",1.5,"fitted",0.5025,0.02430926094144,0.00122294638509668
145,"k25_prev50","quadratic",1.5,"pc1",0.5025,0.271442613361041,0.00523941676037853
146,"k25_prev50","quadratic",1.5,"fitted",0.53,0.266503545872854,0.0386995442904754
146,"k25_prev50","quadratic",1.5,"pc1",0.53,0.470520685568487,0.0609711983215935
147,"k25_prev50","quadratic",1.5,"fitted",0.4775,0.265419110327068,0.985261311209561
147,"k25_prev50","quadratic",1.5,"pc1",0.4775,0.450193151568101,0.783151433089875
148,"k25_prev50","quadratic",1.5,"fitted",0.5075,0.776515673254696,0.229044677726724
148,"k25_prev50","quadratic",1.5,"pc1",0.5075,0.161896695181316,0.148629382213756
149,"k25_prev50","quadratic",1.5,"fitted",0.4875,0.565058528405064,0.0174755447406587
149,"k25_prev50","quadratic",1.5,"pc1",0.4875,0.142248669084305,0.0150208905532199
150,"k25_prev50","quadratic",1.5,"fitted",0.4875,0.0448331485787766,0.0156460569044101
150,"k25_prev50","quadratic",1.5,"pc1",0.4875,0.245329844304884,0.200299865707686
151,"k25_prev50","quadratic",1.5,"fitted",0.5025,0.0521027147923621,0.0184091064799132
151,"k25_prev50","quadratic",1.5,"pc1",0.5025,0.192987264701265,0.0132603217506679
152,"k25_prev50","quadratic",1.5,"fitted",0.5125,0.926419296496433,0.437493784821727
152,"k25_prev50","quadratic",1.5,"pc1",0.5125,0.615483212257352,0.503045470239967
153,"k25_prev50","quadratic",1.5,"fitted",0.49,0.0478879860731019,0.00176186325727867
153,"k25_prev50","quadratic",1.5,"pc1",0.49,0.0255024648998137,0.0170771650990287
154,"k25_prev50","quadratic",1.5,"fitted",0.5325,0.106356060923098,0.103556913965973
154,"k25_prev50","quadratic",1.5,"pc1",0.5325,0.369956348169137,0.429972640344783
155,"k25_prev50","quadratic",1.5,"fitted",0.4725,0.352565825203331,0.0588230630016824
155,"k25_prev50","quadratic",1.5,"pc1",0.4725,0.150105065582682,0.107447890557762
156,"k25_prev50","quadratic",1.5,"fitted",0.5025,0.935522878850316,0.707214237926247
156,"k25_prev50","quadratic",1.5,"pc1",0.5025,0.939277640422265,0.70769523340351
157,"k25_prev50","quadratic",1.5,"fitted",0.5225,0.633048531190381,0.1828876404754
157,"k25_prev50","quadratic",1.5,"pc1",0.5225,0.206414670536205,0.83361452689085
158,"k25_prev50","quadratic",1.5,"fitted",0.4925,0.168980148750161,0.00543457873683162
158,"k25_prev50","quadratic",1.5,"pc1",0.4925,0.0781097570378313,0.0516792856770211
159,"k25_prev50","quadratic",1.5,"fitted",0.5325,0.641875339635906,0.058052924784124
159,"k25_prev50","quadratic",1.5,"pc1",0.5325,0.150310650686186,0.0520916412287782
160,"k25_prev50","quadratic",1.5,"fitted",0.5025,0.00560225521912394,0.00343837318102513
160,"k25_prev50","quadratic",1.5,"pc1",0.5025,0.614204251563728,0.308761625779936
161,"k25_prev50","quadratic",1.5,"fitted",0.5,0.572101570284379,0.0759633134962673
161,"k25_prev50","quadratic",1.5,"pc1",0.5,0.201937909382626,0.528462348058943
162,"k25_prev50","quadratic",1.5,"fitted",0.49,0.150847620494363,0.0534274726831295
162,"k25_prev50","quadratic",1.5,"pc1",0.49,0.359890832891486,0.354099095070061
163,"k25_prev50","quadratic",1.5,"fitted",0.485,0.0193876757244394,0.00151526542363778
163,"k25_prev50","quadratic",1.5,"pc1",0.485,0.378768148653048,0.697103013008085
164,"k25_prev50","quadratic",1.5,"fitted",0.4725,0.683163954331095,0.649937068177962
164,"k25_prev50","quadratic",1.5,"pc1",0.4725,0.966202745499501,0.790848493521101
165,"k25_prev50","quadratic",1.5,"fitted",0.5025,0.0119636646368646,0.00731558670574639
165,"k25_prev50","quadratic",1.5,"pc1",0.5025,0.00155821960472668,0.00318590973766897
166,"k25_prev50","quadratic",1.5,"fitted",0.4925,0.0732674902835797,0.0171838539209903
166,"k25_prev50","quadratic",1.5,"pc1",0.4925,0.878516508965034,0.800099297439136
167,"k25_prev50","quadratic",1.5,"fitted",0.5075,0.624537556364932,0.0670993603466082
167,"k25_prev50","quadratic",1.5,"pc1",0.5075,0.337746867469142,0.973142834497631
168,"k25_prev50","quadratic",1.5,"fitted",0.52,0.0520756132211095,0.0131411712173553
168,"k25_prev50","quadratic",1.5,"pc1",0.52,0.188293915896032,0.0610035718172472
169,"k25_prev50","quadratic",1.5,"fitted",0.5125,0.708973589925823,0.263100608806181
169,"k25_prev50","quadratic",1.5,"pc1",0.5125,0.767549951431462,0.344636598901245
170,"k25_prev50","quadratic",1.5,"fitted",0.48,0.696924717462569,0.0661572862731767
170,"k25_prev50","quadratic",1.5,"pc1",0.48,0.856798592870692,0.272259718477123
171,"k25_prev50","quadratic",1.5,"fitted",0.4975,0.0263555121651368,0.018847471054098
171,"k25_prev50","quadratic",1.5,"pc1",0.4975,0.0176896852044409,0.00120200257050085
172,"k25_prev50","quadratic",1.5,"fitted",0.4925,0.190516514704424,0.00364809268490074
172,"k25_prev50","quadratic",1.5,"pc1",0.4925,0.761389386774761,0.756466099668631
173,"k25_prev50","quadratic",1.5,"fitted",0.48,0.103379649558786,0.204743929624736
173,"k25_prev50","quadratic",1.5,"pc1",0.48,0.729778529183102,0.854005138319809
174,"k25_prev50","quadratic",1.5,"fitted",0.485,0.0336271495013079,0.0164636413591783
174,"k25_prev50","quadratic",1.5,"pc1",0.485,0.614493402159849,0.0660523856000881
175,"k25_prev50","quadratic",1.5,"fitted",0.515,0.0711752999942821,0.0809078153241253
175,"k25_prev50","quadratic",1.5,"pc1",0.515,0.807318013686821,0.584480566873954
176,"k25_prev50","quadratic",1.5,"fitted",0.44,0.697501576467713,0.532306180849213
176,"k25_prev50","quadratic",1.5,"pc1",0.44,0.406611484754606,0.276598561459937
177,"k25_prev50","quadratic",1.5,"fitted",0.505,0.382530843855319,0.159327438532785
177,"k25_prev50","quadratic",1.5,"pc1",0.505,0.443507777821935,0.965510599675041
178,"k25_prev50","quadratic",1.5,"fitted",0.49,0.176028180391423,0.452479358229043
178,"k25_prev50","quadratic",1.5,"pc1",0.49,0.0637870483727747,0.00834844732859263
179,"k25_prev50","quadratic",1.5,"fitted",0.505,0.00405630540848234,0.00028724436381955
179,"k25_prev50","quadratic",1.5,"pc1",0.505,0.0452615676770262,0.00885296729490492
180,"k25_prev50","quadratic",1.5,"fitted",0.4875,0.00337058122928613,0.00193015083539594
180,"k25_prev50","quadratic",1.5,"pc1",0.4875,0.12497138969859,0.0208448478545112
181,"k25_prev50","quadratic",1.5,"fitted",0.505,0.00731629571805914,0.0011949335014374
181,"k25_prev50","quadratic",1.5,"pc1",0.505,0.946078834031173,0.457565731417102
182,"k25_prev50","quadratic",1.5,"fitted",0.4675,0.0924474471638652,0.0345823744786307
182,"k25_prev50","quadratic",1.5,"pc1",0.4675,0.734716889150831,0.17479815788699
183,"k25_prev50","quadratic",1.5,"fitted",0.4925,0.462946094217555,0.015617246938419
183,"k25_prev50","quadratic",1.5,"pc1",0.4925,0.370682931570262,0.11480376143287
184,"k25_prev50","quadratic",1.5,"fitted",0.515,0.00240591120689715,0.000229144602023945
184,"k25_prev50","quadratic",1.5,"pc1",0.515,0.94928971726811,0.8767333040967
185,"k25_prev50","quadratic",1.5,"fitted",0.5025,0.0837484939116131,0.00962230376140005
185,"k25_prev50","quadratic",1.5,"pc1",0.5025,0.125455030775611,0.0984261045618968
186,"k25_prev50","quadratic",1.5,"fitted",0.515,0.102573458141947,0.206426642505451
186,"k25_prev50","quadratic",1.5,"pc1",0.515,0.0205770736822557,0.0426106212255942
187,"k25_prev50","quadratic",1.5,"fitted",0.505,0.380692533313876,0.0579498142875331
187,"k25_prev50","quadratic",1.5,"pc1",0.505,0.4728474918163,0.496793435137598
188,"k25_prev50","quadratic",1.5,"fitted",0.4675,0.419221637960739,0.0603431818410556
188,"k25_prev50","quadratic",1.5,"pc1",0.4675,0.236237352116541,0.340093949752796
189,"k25_prev50","quadratic",1.5,"fitted",0.5175,0.244318980868588,0.0086552004604632
189,"k25_prev50","quadratic",1.5,"pc1",0.5175,0.858013338285702,0.812906899728942
190,"k25_prev50","quadratic",1.5,"fitted",0.4925,0.131759667187462,0.840774426952746
190,"k25_prev50","quadratic",1.5,"pc1",0.4925,0.500349111417989,0.700747156541788
191,"k25_prev50","quadratic",1.5,"fitted",0.505,0.0633083671135788,0.000750129010581913
191,"k25_prev50","quadratic",1.5,"pc1",0.505,0.993194606386174,0.822211088085199
192,"k25_prev50","quadratic",1.5,"fitted",0.4875,0.0252937249946661,0.0327453683196872
192,"k25_prev50","quadratic",1.5,"pc1",0.4875,0.104933571149772,0.0286266152374802
193,"k25_prev50","quadratic",1.5,"fitted",0.46,0.415652500746846,0.0551933030010232
193,"k25_prev50","quadratic",1.5,"pc1",0.46,0.269968645359685,0.053124250842244
194,"k25_prev50","quadratic",1.5,"fitted",0.485,0.109730363930506,0.00584070767617983
194,"k25_prev50","quadratic",1.5,"pc1",0.485,0.750961296966445,0.371087324174186
195,"k25_prev50","quadratic",1.5,"fitted",0.5225,0.18777993720544,0.239367321513097
195,"k25_prev50","quadratic",1.5,"pc1",0.5225,0.998659972250732,0.707406016634539
196,"k25_prev50","quadratic",1.5,"fitted",0.51,0.0411329158931582,0.0104209126589422
196,"k25_prev50","quadratic",1.5,"pc1",0.51,0.269190084443925,0.0312035695122082
197,"k25_prev50","quadratic",1.5,"fitted",0.5175,0.464422774353158,0.209402279451395
197,"k25_prev50","quadratic",1.5,"pc1",0.5175,0.145083080812266,0.332997050196877
198,"k25_prev50","quadratic",1.5,"fitted",0.52,0.00539737066263424,0.0510189197144093
198,"k25_prev50","quadratic",1.5,"pc1",0.52,0.0274845459810436,0.000285857175884807
199,"k25_prev50","quadratic",1.5,"fitted",0.4875,0.771351803247233,0.652597473325541
199,"k25_prev50","quadratic",1.5,"pc1",0.4875,0.663070908789422,0.546725291954734
200,"k25_prev50","quadratic",1.5,"fitted",0.4975,0.221794152100848,0.022221151701142
200,"k25_prev50","quadratic",1.5,"pc1",0.4975,0.0431192626459881,0.0333506760679668
201,"k25_prev50","quadratic",1.5,"fitted",0.525,0.0212417936930251,0.0392707973626857
201,"k25_prev50","quadratic",1.5,"pc1",0.525,0.580213206374629,0.491719372481092
202,"k25_prev50","quadratic",1.5,"fitted",0.5,0.135603551035445,0.00524222668882712
202,"k25_prev50","quadratic",1.5,"pc1",0.5,0.349732538252303,0.303393110636555
203,"k25_prev50","quadratic",1.5,"fitted",0.47,0.0505015472575525,0.033477070423085
203,"k25_prev50","quadratic",1.5,"pc1",0.47,0.307100226499175,0.0268715530275048
204,"k25_prev50","quadratic",1.5,"fitted",0.5125,0.113716455253213,0.073099404335615
204,"k25_prev50","quadratic",1.5,"pc1",0.5125,0.286777902901148,0.993855196271491
205,"k25_prev50","quadratic",1.5,"fitted",0.5325,0.107503988286194,0.0534521086103033
205,"k25_prev50","quadratic",1.5,"pc1",0.5325,0.224360185318296,0.752553676272995
206,"k25_prev50","quadratic",1.5,"fitted",0.52,0.784561834857865,0.0549870321266807
206,"k25_prev50","quadratic",1.5,"pc1",0.52,0.859511746062286,0.879595086772816
207,"k25_prev50","quadratic",1.5,"fitted",0.515,0.690334140905994,0.317548973264367
207,"k25_prev50","quadratic",1.5,"pc1",0.515,0.24002881821891,0.17384141566074
208,"k25_prev50","quadratic",1.5,"fitted",0.5325,0.690652133766654,0.360033189484465
208,"k25_prev50","quadratic",1.5,"pc1",0.5325,0.663030906161053,0.549110794201855
209,"k25_prev50","quadratic",1.5,"fitted",0.5025,0.0177746994911199,0.0029410197690749
209,"k25_prev50","quadratic",1.5,"pc1",0.5025,0.25849561662037,0.0282025699816838
210,"k25_prev50","quadratic",1.5,"fitted",0.5025,0.0523532346037674,0.00248424232663413
210,"k25_prev50","quadratic",1.5,"pc1",0.5025,0.2359742060779,0.56690965998142
211,"k25_prev50","quadratic",1.5,"fitted",0.5,0.674788885380651,0.83569975508437
211,"k25_prev50","quadratic",1.5,"pc1",0.5,0.524341584212138,0.0652374791244668
212,"k25_prev50","quadratic",1.5,"fitted",0.515,0.00244679706314943,0.00220862138793931
212,"k25_prev50","quadratic",1.5,"pc1",0.515,0.97307865582028,0.971536376328902
213,"k25_prev50","quadratic",1.5,"fitted",0.5225,0.289480070347593,0.0706739898312253
213,"k25_prev50","quadratic",1.5,"pc1",0.5225,0.00336116641158712,0.0178052220605895
214,"k25_prev50","quadratic",1.5,"fitted",0.5,0.19607052835233,0.116028021716029
214,"k25_prev50","quadratic",1.5,"pc1",0.5,0.616638630820315,0.393309093390931
215,"k25_prev50","quadratic",1.5,"fitted",0.515,0.509314736115866,0.0356543361185804
215,"k25_prev50","quadratic",1.5,"pc1",0.515,0.139101954644832,0.11382591676861
216,"k25_prev50","quadratic",1.5,"fitted",0.52,0.0283797120711382,0.00503983766686522
216,"k25_prev50","quadratic",1.5,"pc1",0.52,0.36935851898479,0.210832403868145
217,"k25_prev50","quadratic",1.5,"fitted",0.5325,0.00296345110990281,5.44924281828951e-05
217,"k25_prev50","quadratic",1.5,"pc1",0.5325,0.118845397575334,0.000764710374317912
218,"k25_prev50","quadratic",1.5,"fitted",0.5175,0.0846701721041487,0.00441137182403195
218,"k25_prev50","quadratic",1.5,"pc1",0.5175,0.294161625490467,0.350116769759728
219,"k25_prev50","quadratic",1.5,"fitted",0.505,0.35865416613574,0.185073676309371
219,"k25_prev50","quadratic",1.5,"pc1",0.505,0.00432938956918139,1.10128216095351e-05
220,"k25_prev50","quadratic",1.5,"fitted",0.515,0.116964059680421,0.00344722880452508
220,"k25_prev50","quadratic",1.5,"pc1",0.515,0.00508862856467773,3.56348147879659e-05
221,"k25_prev50","quadratic",1.5,"fitted",0.4925,0.295380596661024,0.061460035489337
221,"k25_prev50","quadratic",1.5,"pc1",0.4925,0.00461279850496654,9.52704948753436e-06
222,"k25_prev50","quadratic",1.5,"fitted",0.4825,0.0256237303292761,0.0013923083116395
222,"k25_prev50","quadratic",1.5,"pc1",0.4825,0.330181100452185,0.0145696965755908
223,"k25_prev50","quadratic",1.5,"fitted",0.485,0.180175345483146,0.0462638769219668
223,"k25_prev50","quadratic",1.5,"pc1",0.485,0.220600594653276,0.12478671089197
224,"k25_prev50","quadratic",1.5,"fitted",0.4975,0.205173744946422,0.218237843142063
224,"k25_prev50","quadratic",1.5,"pc1",0.4975,0.181618715459123,0.0653789505403699
225,"k25_prev50","quadratic",1.5,"fitted",0.49,0.0724466960546195,0.034743419855788
225,"k25_prev50","quadratic",1.5,"pc1",0.49,0.602339545210653,0.620505485154889
226,"k25_prev50","quadratic",1.5,"fitted",0.52,0.279076704724066,0.311963750145607
226,"k25_prev50","quadratic",1.5,"pc1",0.52,0.101067383832648,0.00257242608950348
227,"k25_prev50","quadratic",1.5,"fitted",0.49,0.0214564920095215,0.274378521708959
227,"k25_prev50","quadratic",1.5,"pc1",0.49,0.981543815476165,0.984440749511364
228,"k25_prev50","quadratic",1.5,"fitted",0.5025,0.08011920611696,0.149721968757716
228,"k25_prev50","quadratic",1.5,"pc1",0.5025,0.548638315966377,0.468069715564622
229,"k25_prev50","quadratic",1.5,"fitted",0.485,0.899573147696307,0.334190963271251
229,"k25_prev50","quadratic",1.5,"pc1",0.485,0.484117421395333,0.747743806210952
230,"k25_prev50","quadratic",1.5,"fitted",0.475,0.0234039662110658,0.00406815847298647
230,"k25_prev50","quadratic",1.5,"pc1",0.475,0.0830130587647493,0.0366661758046787
231,"k25_prev50","quadratic",1.5,"fitted",0.48,0.451269885973169,0.181141007793738
231,"k25_prev50","quadratic",1.5,"pc1",0.48,0.869344840832784,0.869630918194135
232,"k25_prev50","quadratic",1.5,"fitted",0.5025,0.0155203735179077,0.0286731690934965
232,"k25_prev50","quadratic",1.5,"pc1",0.5025,0.922162179716115,0.445478606393463
233,"k25_prev50","quadratic",1.5,"fitted",0.475,0.784211757089245,0.309655060187227
233,"k25_prev50","quadratic",1.5,"pc1",0.475,0.000149073506502617,5.61228384595713e-05
234,"k25_prev50","quadratic",1.5,"fitted",0.5025,0.0550166518359776,0.00575768930558351
234,"k25_prev50","quadratic",1.5,"pc1",0.5025,0.0157156392002448,0.00021577255292482
235,"k25_prev50","quadratic",1.5,"fitted",0.515,0.483195470335394,0.0737708781409299
235,"k25_prev50","quadratic",1.5,"pc1",0.515,0.073899420101613,0.876256132193471
236,"k25_prev50","quadratic",1.5,"fitted",0.4825,0.0842255288195706,0.0143513619798346
236,"k25_prev50","quadratic",1.5,"pc1",0.4825,0.0412067982122775,0.02425616656605
237,"k25_prev50","quadratic",1.5,"fitted",0.495,0.0466752084539579,0.0677784730649338
237,"k25_prev50","quadratic",1.5,"pc1",0.495,0.00650051945053409,0.001565053610869
238,"k25_prev50","quadratic",1.5,"fitted",0.5175,0.223274208998827,0.184541948630185
238,"k25_prev50","quadratic",1.5,"pc1",0.5175,0.222715743088939,0.247881504837927
239,"k25_prev50","quadratic",1.5,"fitted",0.49,0.0810734772291288,0.00313561340117641
239,"k25_prev50","quadratic",1.5,"pc1",0.49,0.0982587145671001,0.29468071095203
240,"k25_prev50","quadratic",1.5,"fitted",0.5125,0.0799128670126343,0.00414051445611174
240,"k25_prev50","quadratic",1.5,"pc1",0.5125,0.0707924579994096,0.00277623491778434
241,"k25_prev50","quadratic",1.5,"fitted",0.5025,0.0223152667560096,0.00575596581563798
241,"k25_prev50","quadratic",1.5,"pc1",0.5025,0.360736701249203,0.00833842969094678
242,"k25_prev50","quadratic",1.5,"fitted",0.5075,0.117248083699986,0.34762088879461
242,"k25_prev50","quadratic",1.5,"pc1",0.5075,0.0184332953748264,0.000739034701562669
243,"k25_prev50","quadratic",1.5,"fitted",0.4575,0.00314287179214878,0.036953539838679
243,"k25_prev50","quadratic",1.5,"pc1",0.4575,0.960099467126927,0.837856342674119
244,"k25_prev50","quadratic",1.5,"fitted",0.4825,0.604504260108314,0.0973102498085976
244,"k25_prev50","quadratic",1.5,"pc1",0.4825,0.324997212506144,0.012309619877128
245,"k25_prev50","quadratic",1.5,"fitted",0.52,0.834602167607817,0.237848936624499
245,"k25_prev50","quadratic",1.5,"pc1",0.52,0.270114008080949,0.516007279140613
246,"k25_prev50","quadratic",1.5,"fitted",0.505,0.292092467928733,0.0674606853688069
246,"k25_prev50","quadratic",1.5,"pc1",0.505,0.916971570080217,0.803280049134643
247,"k25_prev50","quadratic",1.5,"fitted",0.5275,0.216658660726469,0.0570420941920987
247,"k25_prev50","quadratic",1.5,"pc1",0.5275,0.374586408483029,0.983136911694947
248,"k25_prev50","quadratic",1.5,"fitted",0.4925,0.0222838173224718,0.00737986709204907
248,"k25_prev50","quadratic",1.5,"pc1",0.4925,0.77242748460255,0.889425001797286
249,"k25_prev50","quadratic",1.5,"fitted",0.48,0.00348606446357314,0.0042515490351589
249,"k25_prev50","quadratic",1.5,"pc1",0.48,0.313420791378495,0.209535413811274
250,"k25_prev50","quadratic",1.5,"fitted",0.5075,0.188977041266335,0.0188595294083516
250,"k25_prev50","quadratic",1.5,"pc1",0.5075,0.145461738285609,0.00593013406301557
251,"k25_prev50","quadratic",1.5,"fitted",0.505,0.148243365149882,0.0139125534533244
251,"k25_prev50","quadratic",1.5,"pc1",0.505,0.0235143127757084,0.0102206429071425
252,"k25_prev50","quadratic",1.5,"fitted",0.4925,0.212100719629002,0.120038431607366
252,"k25_prev50","quadratic",1.5,"pc1",0.4925,0.0898091592107934,0.00919599592370257
253,"k25_prev50","quadratic",1.5,"fitted",0.495,0.132749235128308,0.017622169322373
253,"k25_prev50","quadratic",1.5,"pc1",0.495,0.470468822862008,0.112224933104218
254,"k25_prev50","quadratic",1.5,"fitted",0.5,0.00635983756810554,0.00839586533666048
254,"k25_prev50","quadratic",1.5,"pc1",0.5,0.65782003882498,0.0684110769156074
255,"k25_prev50","quadratic",1.5,"fitted",0.46,0.00633556809035318,0.000429965293907264
255,"k25_prev50","quadratic",1.5,"pc1",0.46,0.403636680695104,0.159470244419839
256,"k25_prev50","quadratic",1.5,"fitted",0.475,0.0701250133685452,0.00479675081521047
256,"k25_prev50","quadratic",1.5,"pc1",0.475,0.370863001961079,0.940085596165348
257,"k25_prev50","quadratic",1.5,"fitted",0.46,0.00018606538282151,0.000122095049436499
257,"k25_prev50","quadratic",1.5,"pc1",0.46,0.500871807110909,0.408781585093732
258,"k25_prev50","quadratic",1.5,"fitted",0.5025,0.0169172836682396,0.00418472764293409
258,"k25_prev50","quadratic",1.5,"pc1",0.5025,0.686432904681766,0.839720025046705
259,"k25_prev50","quadratic",1.5,"fitted",0.5075,0.117765242391716,0.0893266396389043
259,"k25_prev50","quadratic",1.5,"pc1",0.5075,0.776541027875456,0.491674762462287
260,"k25_prev50","quadratic",1.5,"fitted",0.54,0.640987650686824,0.918237667350361
260,"k25_prev50","quadratic",1.5,"pc1",0.54,0.172729345802395,0.0320754516460381
261,"k25_prev50","quadratic",1.5,"fitted",0.4975,0.0401468753974171,0.00175591473002057
261,"k25_prev50","quadratic",1.5,"pc1",0.4975,0.272682903253598,0.0329153065815964
262,"k25_prev50","quadratic",1.5,"fitted",0.47,0.0635246225370933,0.00092261165379881
262,"k25_prev50","quadratic",1.5,"pc1",0.47,0.592653106021465,0.517458317009288
263,"k25_prev50","quadratic",1.5,"fitted",0.505,0.0816580024837175,0.00502109338926404
263,"k25_prev50","quadratic",1.5,"pc1",0.505,0.993273713457675,0.918643603621386
264,"k25_prev50","quadratic",1.5,"fitted",0.48,0.370012903781709,0.012905140064983
264,"k25_prev50","quadratic",1.5,"pc1",0.48,0.0623885754949627,0.00146689827121149
265,"k25_prev50","quadratic",1.5,"fitted",0.5025,0.0546437130539059,0.0467789615542905
265,"k25_prev50","quadratic",1.5,"pc1",0.5025,0.0719170074530104,0.579645640664702
266,"k25_prev50","quadratic",1.5,"fitted",0.5075,0.0679637048040851,0.0191402419191968
266,"k25_prev50","quadratic",1.5,"pc1",0.5075,0.278798163037231,0.00568123133472853
267,"k25_prev50","quadratic",1.5,"fitted",0.49,0.493594020772698,0.0552119105998023
267,"k25_prev50","quadratic",1.5,"pc1",0.49,0.851659067214769,0.2920455133184
268,"k25_prev50","quadratic",1.5,"fitted",0.51,0.0193135789073184,0.0439849586854791
268,"k25_prev50","quadratic",1.5,"pc1",0.51,0.553640840749474,0.050032925824911
269,"k25_prev50","quadratic",1.5,"fitted",0.505,0.406206895745471,0.141319854894822
269,"k25_prev50","quadratic",1.5,"pc1",0.505,0.000362668283542034,1.25686615215503e-05
270,"k25_prev50","quadratic",1.5,"fitted",0.48,0.85371774348334,0.0795203752228948
270,"k25_prev50","quadratic",1.5,"pc1",0.48,0.0335775407620795,0.000484608196584024
271,"k25_prev50","quadratic",1.5,"fitted",0.5275,0.0038573217695852,0.000409730763009875
271,"k25_prev50","quadratic",1.5,"pc1",0.5275,0.827619164874439,0.42243314144796
272,"k25_prev50","quadratic",1.5,"fitted",0.485,0.0817617337743453,0.0111610586122469
272,"k25_prev50","quadratic",1.5,"pc1",0.485,0.130261314132425,0.139075690868051
273,"k25_prev50","quadratic",1.5,"fitted",0.47,0.0226529815592957,0.2118726852466
273,"k25_prev50","quadratic",1.5,"pc1",0.47,0.134306459853388,0.159045805821147
274,"k25_prev50","quadratic",1.5,"fitted",0.5175,0.681671142916312,0.968001798753421
274,"k25_prev50","quadratic",1.5,"pc1",0.5175,0.347297685298437,0.419163323293493
275,"k25_prev50","quadratic",1.5,"fitted",0.5025,0.02363377469351,0.00340593990234517
275,"k25_prev50","quadratic",1.5,"pc1",0.5025,0.0160045696162685,0.00360367758635938
276,"k25_prev50","quadratic",1.5,"fitted",0.485,0.00095061882153491,0.00556321309542485
276,"k25_prev50","quadratic",1.5,"pc1",0.485,0.254719740464542,0.0118996667273843
277,"k25_prev50","quadratic",1.5,"fitted",0.5,0.255716427557978,0.505276533489193
277,"k25_prev50","quadratic",1.5,"pc1",0.5,0.571041701080603,0.0581872606697147
278,"k25_prev50","quadratic",1.5,"fitted",0.5225,0.435914746335263,0.356231091436071
278,"k25_prev50","quadratic",1.5,"pc1",0.5225,0.102942710566281,0.0294441395506084
279,"k25_prev50","quadratic",1.5,"fitted",0.4825,0.341658665857927,0.071516338261759
279,"k25_prev50","quadratic",1.5,"pc1",0.4825,0.880848677040599,0.445653256903608
280,"k25_prev50","quadratic",1.5,"fitted",0.4825,0.0371465726025558,0.00159056442500616
280,"k25_prev50","quadratic",1.5,"pc1",0.4825,0.851149449800318,0.192830550084086
281,"k25_prev50","quadratic",1.5,"fitted",0.5025,0.429018402778281,0.0149141587672894
281,"k25_prev50","quadratic",1.5,"pc1",0.5025,0.009203236807377,9.33939458772626e-05
282,"k25_prev50","quadratic",1.5,"fitted",0.485,0.336736853403707,0.0156207624788083
282,"k25_prev50","quadratic",1.5,"pc1",0.485,0.877735964197665,0.555314391168769
283,"k25_prev50","quadratic",1.5,"fitted",0.4875,0.00393346634986569,0.0403076103759078
283,"k25_prev50","quadratic",1.5,"pc1",0.4875,0.508094067809462,0.827634851287005
284,"k25_prev50","quadratic",1.5,"fitted",0.49,0.354495271415683,0.165955229785468
284,"k25_prev50","quadratic",1.5,"pc1",0.49,0.320463185143681,0.977026214754364
285,"k25_prev50","quadratic",1.5,"fitted",0.5075,0.0743603408376887,0.0679852890702859
285,"k25_prev50","quadratic",1.5,"pc1",0.5075,0.802182077053076,0.908900406035092
286,"k25_prev50","quadratic",1.5,"fitted",0.505,0.109951167920755,0.00427488757168237
286,"k25_prev50","quadratic",1.5,"pc1",0.505,0.172426494146416,0.0131925164974043
287,"k25_prev50","quadratic",1.5,"fitted",0.52,0.286350126900079,0.125579721106115
287,"k25_prev50","quadratic",1.5,"pc1",0.52,0.751752770855355,0.924585753512921
288,"k25_prev50","quadratic",1.5,"fitted",0.485,0.781739535755193,0.261035831193547
288,"k25_prev50","quadratic",1.5,"pc1",0.485,0.203441263923923,0.451925550250983
289,"k25_prev50","quadratic",1.5,"fitted",0.5,0.605744077746638,0.542223094216374
289,"k25_prev50","quadratic",1.5,"pc1",0.5,0.680760477021483,0.434932118797497
290,"k25_prev50","quadratic",1.5,"fitted",0.5275,0.154643507913793,0.0144460018966359
290,"k25_prev50","quadratic",1.5,"pc1",0.5275,0.359887365625456,0.0804687522165384
291,"k25_prev50","quadratic",1.5,"fitted",0.4975,0.0392654135406472,0.19461590007249
291,"k25_prev50","quadratic",1.5,"pc1",0.4975,0.921298066577959,0.929336951722514
292,"k25_prev50","quadratic",1.5,"fitted",0.4725,0.637176484568669,0.386340275535898
292,"k25_prev50","quadratic",1.5,"pc1",0.4725,0.255696455027901,0.881502091677512
293,"k25_prev50","quadratic",1.5,"fitted",0.5,0.230099214934922,0.0278636997415244
293,"k25_prev50","quadratic",1.5,"pc1",0.5,0.00436506596008435,0.00640653310099581
294,"k25_prev50","quadratic",1.5,"fitted",0.48,0.173445216155684,0.0172668344688416
294,"k25_prev50","quadratic",1.5,"pc1",0.48,0.0342681282279577,0.000810463382776128
295,"k25_prev50","quadratic",1.5,"fitted",0.4975,0.29164444657907,0.786135373065482
295,"k25_prev50","quadratic",1.5,"pc1",0.4975,0.701108353573307,0.806984078463147
296,"k25_prev50","quadratic",1.5,"fitted",0.49,0.168382516362632,0.0713708956184911
296,"k25_prev50","quadratic",1.5,"pc1",0.49,0.00178349915638842,3.04080362394377e-05
297,"k25_prev50","quadratic",1.5,"fitted",0.52,0.467919803309685,0.28227434406965
297,"k25_prev50","quadratic",1.5,"pc1",0.52,0.895885377355842,0.962514289492894
298,"k25_prev50","quadratic",1.5,"fitted",0.5075,0.015087606213211,0.000811478635089902
298,"k25_prev50","quadratic",1.5,"pc1",0.5075,0.37509184945245,0.216492759790095
299,"k25_prev50","quadratic",1.5,"fitted",0.5375,0.356782131424765,0.759803788030931
299,"k25_prev50","quadratic",1.5,"pc1",0.5375,0.934549337843388,0.286635655520017
300,"k25_prev50","quadratic",1.5,"fitted",0.5325,0.192989132586006,0.0183921309155866
300,"k25_prev50","quadratic",1.5,"pc1",0.5325,0.61359044797974,0.0377402645354661
301,"k25_prev50","quadratic",1.5,"fitted",0.51,0.388278249657235,0.0162251395991617
301,"k25_prev50","quadratic",1.5,"pc1",0.51,0.237412114626513,0.0183849687716701
302,"k25_prev50","quadratic",1.5,"fitted",0.475,0.0817780085865571,0.0343682924601401
302,"k25_prev50","quadratic",1.5,"pc1",0.475,0.0888424565442097,0.00609073872924792
303,"k25_prev50","quadratic",1.5,"fitted",0.52,0.0841032817778365,0.0100206556258898
303,"k25_prev50","quadratic",1.5,"pc1",0.52,0.0360184988268419,0.00682712817132924
304,"k25_prev50","quadratic",1.5,"fitted",0.4825,0.000213075730128631,0.000154449718756444
304,"k25_prev50","quadratic",1.5,"pc1",0.4825,0.919604871109572,0.869742230416917
305,"k25_prev50","quadratic",1.5,"fitted",0.5125,0.0230932289018109,0.00791761327177665
305,"k25_prev50","quadratic",1.5,"pc1",0.5125,0.626187981289818,0.806055850313563
306,"k25_prev50","quadratic",1.5,"fitted",0.5,0.421646634204918,0.140347650065018
306,"k25_prev50","quadratic",1.5,"pc1",0.5,0.010373154154514,0.0197559480964863
307,"k25_prev50","quadratic",1.5,"fitted",0.5125,0.836857737770533,0.22821692605765
307,"k25_prev50","quadratic",1.5,"pc1",0.5125,0.039214063819941,0.988578710602667
308,"k25_prev50","quadratic",1.5,"fitted",0.5025,0.0419843069568606,0.0128795961030609
308,"k25_prev50","quadratic",1.5,"pc1",0.5025,0.0791568665582127,0.468448045753029
309,"k25_prev50","quadratic",1.5,"fitted",0.485,0.120028807908822,0.0171525309518422
309,"k25_prev50","quadratic",1.5,"pc1",0.485,0.299677593892557,0.007590243342252
310,"k25_prev50","quadratic",1.5,"fitted",0.4975,0.474267234832604,0.324057012739193
310,"k25_prev50","quadratic",1.5,"pc1",0.4975,0.629034964474177,0.562150671691546
311,"k25_prev50","quadratic",1.5,"fitted",0.5,0.0112273478431728,0.00649671634107118
311,"k25_prev50","quadratic",1.5,"pc1",0.5,0.0035682951275029,0.000425764198746181
312,"k25_prev50","quadratic",1.5,"fitted",0.475,0.249346618309683,0.0411789749116107
312,"k25_prev50","quadratic",1.5,"pc1",0.475,0.48387642079908,0.653262687688691
313,"k25_prev50","quadratic",1.5,"fitted",0.4975,0.00555768092613018,0.00272541906995627
313,"k25_prev50","quadratic",1.5,"pc1",0.4975,0.109915140712154,0.0268308512081907
314,"k25_prev50","quadratic",1.5,"fitted",0.49,0.187209400706335,0.047778213878017
314,"k25_prev50","quadratic",1.5,"pc1",0.49,0.499332377604779,0.45889898901709
315,"k25_prev50","quadratic",1.5,"fitted",0.4675,0.456943795724495,0.0795213665032005
315,"k25_prev50","quadratic",1.5,"pc1",0.4675,0.298140709544941,0.0464055914119038
316,"k25_prev50","quadratic",1.5,"fitted",0.5025,0.822806527694185,0.247474569979966
316,"k25_prev50","quadratic",1.5,"pc1",0.5025,0.324237436331584,0.14185097356493
317,"k25_prev50","quadratic",1.5,"fitted",0.5175,0.211646373807588,0.0256137319120454
317,"k25_prev50","quadratic",1.5,"pc1",0.5175,0.729674133196136,0.154357540984373
318,"k25_prev50","quadratic",1.5,"fitted",0.47,0.186662575861998,0.0208918500446125
318,"k25_prev50","quadratic",1.5,"pc1",0.47,0.636975708070332,0.0418655697854757
319,"k25_prev50","quadratic",1.5,"fitted",0.4725,0.000535214247698867,8.18773953537022e-06
319,"k25_prev50","quadratic",1.5,"pc1",0.4725,0.00256604384542158,5.96568292369204e-05
320,"k25_prev50","quadratic",1.5,"fitted",0.5325,0.0305523714033058,0.00207310574877162
320,"k25_prev50","quadratic",1.5,"pc1",0.5325,0.918297581938568,0.311887685450673
321,"k25_prev50","quadratic",1.5,"fitted",0.5075,0.109217002867921,0.0237945081252448
321,"k25_prev50","quadratic",1.5,"pc1",0.5075,0.581483828746892,0.231088952275801
322,"k25_prev50","quadratic",1.5,"fitted",0.5,0.0402066106049722,0.0223339551955536
322,"k25_prev50","quadratic",1.5,"pc1",0.5,0.489926771967621,0.585323343098755
323,"k25_prev50","quadratic",1.5,"fitted",0.5275,0.649565661774142,0.0732132238761368
323,"k25_prev50","quadratic",1.5,"pc1",0.5275,0.402316444095384,0.261984768496481
324,"k25_prev50","quadratic",1.5,"fitted",0.5075,0.0950003721424177,0.0791616378499551
324,"k25_prev50","quadratic",1.5,"pc1",0.5075,0.840579629240304,0.73241307119685
325,"k25_prev50","quadratic",1.5,"fitted",0.51,0.0365506712862066,0.00742434639465395
325,"k25_prev50","quadratic",1.5,"pc1",0.51,0.105680300930789,0.043230098689922
326,"k25_prev50","quadratic",1.5,"fitted",0.4725,0.490605879820747,0.293851258352369
326,"k25_prev50","quadratic",1.5,"pc1",0.4725,0.0533082964029199,0.18361014964124
327,"k25_prev50","quadratic",1.5,"fitted",0.475,0.259400796740672,0.00703645468954783
327,"k25_prev50","quadratic",1.5,"pc1",0.475,0.339299584970521,0.210747396241433
328,"k25_prev50","quadratic",1.5,"fitted",0.5,0.785092562588391,0.13086219804087
328,"k25_prev50","quadratic",1.5,"pc1",0.5,0.401051130550481,0.133590069911839
329,"k25_prev50","quadratic",1.5,"fitted",0.515,0.563684113428888,0.116758265607501
329,"k25_prev50","quadratic",1.5,"pc1",0.515,0.656523659661651,0.813851601627433
330,"k25_prev50","quadratic",1.5,"fitted",0.485,0.0881797134716872,0.185583598678215
330,"k25_prev50","quadratic",1.5,"pc1",0.485,0.598132963776771,0.615834943283812
331,"k25_prev50","quadratic",1.5,"fitted",0.5,0.0756587790985824,0.00258544989655018
331,"k25_prev50","quadratic",1.5,"pc1",0.5,0.00412235940137085,0.00278183830780887
332,"k25_prev50","quadratic",1.5,"fitted",0.4825,0.683944256656814,0.68036275891906
332,"k25_prev50","quadratic",1.5,"pc1",0.4825,0.47716181456654,0.634296145342708
333,"k25_prev50","quadratic",1.5,"fitted",0.4725,0.0345281812757877,0.0212233130093159
333,"k25_prev50","quadratic",1.5,"pc1",0.4725,0.0967245244432647,0.0999746854178672
334,"k25_prev50","quadratic",1.5,"fitted",0.4975,0.260720464206626,0.258747029376742
334,"k25_prev50","quadratic",1.5,"pc1",0.4975,0.0031738724921051,0.0408539797699551
335,"k25_prev50","quadratic",1.5,"fitted",0.545,0.274787821527478,0.0404301450610456
335,"k25_prev50","quadratic",1.5,"pc1",0.545,0.809239605336311,0.819509686783411
336,"k25_prev50","quadratic",1.5,"fitted",0.495,0.443677624945932,0.255384448596582
336,"k25_prev50","quadratic",1.5,"pc1",0.495,0.317963233847223,0.694274919324914
337,"k25_prev50","quadratic",1.5,"fitted",0.54,0.307250224915192,0.32537687226693
337,"k25_prev50","quadratic",1.5,"pc1",0.54,0.514067213439186,0.218344616821841
338,"k25_prev50","quadratic",1.5,"fitted",0.4875,0.185536237826928,0.0325391851131841
338,"k25_prev50","quadratic",1.5,"pc1",0.4875,0.848244133513443,0.68901806369683
339,"k25_prev50","quadratic",1.5,"fitted",0.475,0.00116134987627237,0.000126935920927496
339,"k25_prev50","quadratic",1.5,"pc1",0.475,0.595253783637345,0.050306977238366
340,"k25_prev50","quadratic",1.5,"fitted",0.4725,0.0193393050405379,0.0010252603846973
340,"k25_prev50","quadratic",1.5,"pc1",0.4725,0.452562779778391,0.0680006779556828
341,"k25_prev50","quadratic",1.5,"fitted",0.5,1.6450452872574e-05,4.43852289988556e-06
341,"k25_prev50","quadratic",1.5,"pc1",0.5,0.0772746381485758,0.0300338190611753
342,"k25_prev50","quadratic",1.5,"fitted",0.5025,0.766430091861367,0.0919902928809344
342,"k25_prev50","quadratic",1.5,"pc1",0.5025,0.124662198849446,0.156121275192509
343,"k25_prev50","quadratic",1.5,"fitted",0.4975,0.325396233630116,0.140134455482349
343,"k25_prev50","quadratic",1.5,"pc1",0.4975,0.757193640663178,0.10822372459526
344,"k25_prev50","quadratic",1.5,"fitted",0.525,0.0490958350844637,0.00240412180343041
344,"k25_prev50","quadratic",1.5,"pc1",0.525,0.063008765039661,0.0547788727417665
345,"k25_prev50","quadratic",1.5,"fitted",0.4925,0.0351042424764996,0.0433095064159981
345,"k25_prev50","quadratic",1.5,"pc1",0.4925,0.208414835724736,0.0824369260352986
346,"k25_prev50","quadratic",1.5,"fitted",0.49,0.0378747847731831,0.119533841747062
346,"k25_prev50","quadratic",1.5,"pc1",0.49,0.841694391131687,0.642072190159677
347,"k25_prev50","quadratic",1.5,"fitted",0.5175,0.122639365761553,0.000656847573401453
347,"k25_prev50","quadratic",1.5,"pc1",0.5175,0.185203134290652,0.586280365825653
348,"k25_prev50","quadratic",1.5,"fitted",0.5175,0.28465346105379,0.116128154979754
348,"k25_prev50","quadratic",1.5,"pc1",0.5175,0.785941754266813,0.626975720246288
349,"k25_prev50","quadratic",1.5,"fitted",0.4975,0.0675515916113855,0.027446042622973
349,"k25_prev50","quadratic",1.5,"pc1",0.4975,0.279218647053099,0.676033370222997
350,"k25_prev50","quadratic",1.5,"fitted",0.5075,0.396375806200683,0.0702865642292038
350,"k25_prev50","quadratic",1.5,"pc1",0.5075,3.34251720572887e-05,3.62988051498814e-05
351,"k25_prev50","quadratic",1.5,"fitted",0.51,0.0296162347062127,0.00292610531749704
351,"k25_prev50","quadratic",1.5,"pc1",0.51,0.210211485004004,0.0117773044875806
352,"k25_prev50","quadratic",1.5,"fitted",0.48,0.0356695823088906,0.0063791269272131
352,"k25_prev50","quadratic",1.5,"pc1",0.48,0.705432871965119,0.61931178587088
353,"k25_prev50","quadratic",1.5,"fitted",0.4825,0.0556110809564461,0.00366621476754181
353,"k25_prev50","quadratic",1.5,"pc1",0.4825,0.778114200226177,0.230173757142074
354,"k25_prev50","quadratic",1.5,"fitted",0.52,0.479890559727414,0.478691226461107
354,"k25_prev50","quadratic",1.5,"pc1",0.52,0.00752095975174283,0.000442401462573239
355,"k25_prev50","quadratic",1.5,"fitted",0.505,0.165786078150014,0.0169364167057062
355,"k25_prev50","quadratic",1.5,"pc1",0.505,0.347530768958509,0.469790738531695
356,"k25_prev50","quadratic",1.5,"fitted",0.4625,0.0287444456774775,0.0256456901167861
356,"k25_prev50","quadratic",1.5,"pc1",0.4625,0.4786209052981,0.412232052783393
357,"k25_prev50","quadratic",1.5,"fitted",0.485,0.512659436377886,0.248131836975865
357,"k25_prev50","quadratic",1.5,"pc1",0.485,0.190728030578197,0.0289568649479127
358,"k25_prev50","quadratic",1.5,"fitted",0.4875,0.408235427179185,0.389321904292925
358,"k25_prev50","quadratic",1.5,"pc1",0.4875,0.569316784869727,0.136941164765558
359,"k25_prev50","quadratic",1.5,"fitted",0.5025,0.327690883061432,0.0247089376377232
359,"k25_prev50","quadratic",1.5,"pc1",0.5025,0.00248294871939692,0.00112504635675004
360,"k25_prev50","quadratic",1.5,"fitted",0.455,0.0174361738293491,0.000304229072627504
360,"k25_prev50","quadratic",1.5,"pc1",0.455,0.370030024859077,0.919799281430628
361,"k25_prev50","quadratic",1.5,"fitted",0.4925,0.345725453131701,0.180425320628471
361,"k25_prev50","quadratic",1.5,"pc1",0.4925,0.0226862185564064,0.0520990395727374
362,"k25_prev50","quadratic",1.5,"fitted",0.505,0.0168058034587658,0.00323880106796604
362,"k25_prev50","quadratic",1.5,"pc1",0.505,0.188596361393484,0.123585221907371
363,"k25_prev50","quadratic",1.5,"fitted",0.5125,0.00462018367025263,0.129615156742887
363,"k25_prev50","quadratic",1.5,"pc1",0.5125,0.41521396467949,0.698304082272316
364,"k25_prev50","quadratic",1.5,"fitted",0.505,0.0322035457216088,0.0247237220463372
364,"k25_prev50","quadratic",1.5,"pc1",0.505,0.391974665423309,0.161065611078514
365,"k25_prev50","quadratic",1.5,"fitted",0.5,0.0383656435953947,0.0033829634851934
365,"k25_prev50","quadratic",1.5,"pc1",0.5,0.205912509469428,0.307527877204686
366,"k25_prev50","quadratic",1.5,"fitted",0.4875,0.0839695487497863,0.0107404411321745
366,"k25_prev50","quadratic",1.5,"pc1",0.4875,0.332152905093144,0.366963407583585
367,"k25_prev50","quadratic",1.5,"fitted",0.5125,0.169298088994459,0.0647721964272477
367,"k25_prev50","quadratic",1.5,"pc1",0.5125,0.875659168580646,0.915215324646801
368,"k25_prev50","quadratic",1.5,"fitted",0.5,0.220243965031016,0.772241655219782
368,"k25_prev50","quadratic",1.5,"pc1",0.5,0.245300997282744,0.753789792682861
369,"k25_prev50","quadratic",1.5,"fitted",0.485,0.171475298288903,0.0070353634807121
369,"k25_prev50","quadratic",1.5,"pc1",0.485,0.268982512502881,0.612742354377609
370,"k25_prev50","quadratic",1.5,"fitted",0.5125,0.724064498369459,0.0640781603824465
370,"k25_prev50","quadratic",1.5,"pc1",0.5125,0.958018081676529,0.879874581089884
371,"k25_prev50","quadratic",1.5,"fitted",0.5025,0.0284022782484479,0.00123280927849412
371,"k25_prev50","quadratic",1.5,"pc1",0.5025,0.655732268768724,0.661539509990852
372,"k25_prev50","quadratic",1.5,"fitted",0.5125,0.00443743529019658,0.000579572101800263
372,"k25_prev50","quadratic",1.5,"pc1",0.5125,0.00247356464131654,0.000111816631509276
373,"k25_prev50","quadratic",1.5,"fitted",0.5475,0.321963404622833,0.373249532447184
373,"k25_prev50","quadratic",1.5,"pc1",0.5475,0.50778369151064,0.919999130498646
374,"k25_prev50","quadratic",1.5,"fitted",0.515,0.120739794115883,0.117412784366613
374,"k25_prev50","quadratic",1.5,"pc1",0.515,0.775774358272404,0.607048967230565
375,"k25_prev50","quadratic",1.5,"fitted",0.52,0.137750233344623,0.036425233451937
375,"k25_prev50","quadratic",1.5,"pc1",0.52,0.053123208217813,0.000550081279564907
376,"k25_prev50","quadratic",1.5,"fitted",0.4975,0.261693029680248,0.126910019414957
376,"k25_prev50","quadratic",1.5,"pc1",0.4975,0.881595766894474,0.707058585428489
377,"k25_prev50","quadratic",1.5,"fitted",0.495,0.29160462342927,0.516217617241856
377,"k25_prev50","quadratic",1.5,"pc1",0.495,0.895041870427595,0.489442968127654
378,"k25_prev50","quadratic",1.5,"fitted",0.515,0.588556470372793,0.0182389169576627
378,"k25_prev50","quadratic",1.5,"pc1",0.515,0.278209292408474,0.0577211165918861
379,"k25_prev50","quadratic",1.5,"fitted",0.495,0.0807962914847615,0.0302804355728346
379,"k25_prev50","quadratic",1.5,"pc1",0.495,0.0751234594417439,0.0393715995319701
380,"k25_prev50","quadratic",1.5,"fitted",0.525,0.331346544738996,0.00791970121322605
380,"k25_prev50","quadratic",1.5,"pc1",0.525,0.350768414695549,0.83917836304491
381,"k25_prev50","quadratic",1.5,"fitted",0.49,0.0632119234678895,0.0392339477533209
381,"k25_prev50","quadratic",1.5,"pc1",0.49,0.680161236853836,0.123891245030589
382,"k25_prev50","quadratic",1.5,"fitted",0.47,0.865085149031273,0.593500687580682
382,"k25_prev50","quadratic",1.5,"pc1",0.47,0.228782896895163,0.00915286136116056
383,"k25_prev50","quadratic",1.5,"fitted",0.5,0.0194581421208285,0.000921883762210474
383,"k25_prev50","quadratic",1.5,"pc1",0.5,0.16321072714952,0.0124483493031766
384,"k25_prev50","quadratic",1.5,"fitted",0.5325,0.117786557796177,0.753921113020692
384,"k25_prev50","quadratic",1.5,"pc1",0.5325,0.662317754308816,0.242350516588258
385,"k25_prev50","quadratic",1.5,"fitted",0.5,0.396892910881722,0.491979253957765
385,"k25_prev50","quadratic",1.5,"pc1",0.5,0.116296220929398,0.225422291585656
386,"k25_prev50","quadratic",1.5,"fitted",0.51,0.0171507272887873,0.000420273920999303
386,"k25_prev50","quadratic",1.5,"pc1",0.51,0.000800599132055324,6.48689199963526e-05
387,"k25_prev50","quadratic",1.5,"fitted",0.4675,0.45422789166277,0.244046094954184
387,"k25_prev50","quadratic",1.5,"pc1",0.4675,0.19984390642266,0.0925539335070016
388,"k25_prev50","quadratic",1.5,"fitted",0.4725,5.84088780559711e-05,1.47500436897818e-06
388,"k25_prev50","quadratic",1.5,"pc1",0.4725,0.000967725828063815,9.77226136906761e-05
389,"k25_prev50","quadratic",1.5,"fitted",0.5075,0.571670065856901,0.247239819497015
389,"k25_prev50","quadratic",1.5,"pc1",0.5075,0.0143830867940817,0.778140123525711
390,"k25_prev50","quadratic",1.5,"fitted",0.54,0.126525435603101,0.352596914894026
390,"k25_prev50","quadratic",1.5,"pc1",0.54,0.162638149815617,0.147295408707249
391,"k25_prev50","quadratic",1.5,"fitted",0.48,0.0020944298404354,2.68767753550669e-05
391,"k25_prev50","quadratic",1.5,"pc1",0.48,0.00342193410546954,6.38856303777358e-05
392,"k25_prev50","quadratic",1.5,"fitted",0.4925,0.262209212625987,0.028785901472612
392,"k25_prev50","quadratic",1.5,"pc1",0.4925,0.26387079539823,0.0657327611041933
393,"k25_prev50","quadratic",1.5,"fitted",0.4975,0.0380668761295083,0.000534332206583166
393,"k25_prev50","quadratic",1.5,"pc1",0.4975,3.68660987259961e-06,4.35392558673087e-08
394,"k25_prev50","quadratic",1.5,"fitted",0.5025,0.112107199897789,0.0279021096071392
394,"k25_prev50","quadratic",1.5,"pc1",0.5025,0.295567502256799,0.0181785507414669
395,"k25_prev50","quadratic",1.5,"fitted",0.4975,0.928662375218262,0.421464155274654
395,"k25_prev50","quadratic",1.5,"pc1",0.4975,0.156867519602295,0.970611379562146
396,"k25_prev50","quadratic",1.5,"fitted",0.53,0.945071889221842,0.705714356229677
396,"k25_prev50","quadratic",1.5,"pc1",0.53,0.173769928684017,0.949514929446208
397,"k25_prev50","quadratic",1.5,"fitted",0.5175,0.622975810484834,0.149504773070177
397,"k25_prev50","quadratic",1.5,"pc1",0.5175,0.944139381600064,0.781034330414315
398,"k25_prev50","quadratic",1.5,"fitted",0.485,0.918837730738311,0.759437598931636
398,"k25_prev50","quadratic",1.5,"pc1",0.485,0.897751236590124,0.825910954600916
399,"k25_prev50","quadratic",1.5,"fitted",0.49,0.0244625022912086,0.000552413345444647
399,"k25_prev50","quadratic",1.5,"pc1",0.49,0.0860347675623458,0.0923560573010884
400,"k25_prev50","quadratic",1.5,"fitted",0.49,0.22961660240391,0.0072752367912754
400,"k25_prev50","quadratic",1.5,"pc1",0.49,0.277820864383824,0.00452442004559273
1,"k25_prev50","offindex",1,"fitted",0.475,0.2510434045074,0.074830416542299
1,"k25_prev50","offindex",1,"pc1",0.475,0.100634290191509,0.876188038519195
2,"k25_prev50","offindex",1,"fitted",0.5125,0.846742231964432,0.833289246031847
2,"k25_prev50","offindex",1,"pc1",0.5125,0.723684439650151,0.454544331995751
3,"k25_prev50","offindex",1,"fitted",0.4975,0.0495681357537743,0.0678208326402776
3,"k25_prev50","offindex",1,"pc1",0.4975,0.834299040916936,0.384208391200294
4,"k25_prev50","offindex",1,"fitted",0.4925,0.10436147432029,0.544509237362311
4,"k25_prev50","offindex",1,"pc1",0.4925,0.283407053829494,0.182199951399837
5,"k25_prev50","offindex",1,"fitted",0.5075,0.346045147004253,0.231701252448623
5,"k25_prev50","offindex",1,"pc1",0.5075,0.129038294519231,0.563845023583429
6,"k25_prev50","offindex",1,"fitted",0.475,0.452746386216006,0.843692623154096
6,"k25_prev50","offindex",1,"pc1",0.475,0.014163220540282,0.401248918633885
7,"k25_prev50","offindex",1,"fitted",0.53,0.353469000316041,0.24280685260823
7,"k25_prev50","offindex",1,"pc1",0.53,0.822996476346931,0.347318238579274
8,"k25_prev50","offindex",1,"fitted",0.5225,0.579641742664105,0.335736500922268
8,"k25_prev50","offindex",1,"pc1",0.5225,0.774818503624058,0.534741687077126
9,"k25_prev50","offindex",1,"fitted",0.515,0.0999492222739259,0.354816026919207
9,"k25_prev50","offindex",1,"pc1",0.515,0.739972625481176,0.559882834243711
10,"k25_prev50","offindex",1,"fitted",0.495,0.477209113892043,0.414122994485747
10,"k25_prev50","offindex",1,"pc1",0.495,0.452863983823585,0.469663796047801
11,"k25_prev50","offindex",1,"fitted",0.51,0.868934520397892,0.236544547853637
11,"k25_prev50","offindex",1,"pc1",0.51,0.386710964528934,0.747299875971987
12,"k25_prev50","offindex",1,"fitted",0.4825,0.674782834144605,0.625179761423482
12,"k25_prev50","offindex",1,"pc1",0.4825,0.409498031031558,0.0374520437113709
13,"k25_prev50","offindex",1,"fitted",0.515,0.03967022729197,0.606553018649315
13,"k25_prev50","offindex",1,"pc1",0.515,0.630781180287172,0.72121225647478
14,"k25_prev50","offindex",1,"fitted",0.515,0.487983084896857,0.256529539241968
14,"k25_prev50","offindex",1,"pc1",0.515,0.702620303856825,0.625475581879284
15,"k25_prev50","offindex",1,"fitted",0.4875,0.297929591292786,0.0702962236647064
15,"k25_prev50","offindex",1,"pc1",0.4875,0.856957137471244,0.956228148666767
16,"k25_prev50","offindex",1,"fitted",0.515,0.584400003510737,0.16556476476414
16,"k25_prev50","offindex",1,"pc1",0.515,0.270674163177909,0.0680118375615748
17,"k25_prev50","offindex",1,"fitted",0.5125,0.133323694039295,0.793201514748518
17,"k25_prev50","offindex",1,"pc1",0.5125,0.348713709215021,0.427141589222365
18,"k25_prev50","offindex",1,"fitted",0.4975,0.296837425483599,0.755574448124967
18,"k25_prev50","offindex",1,"pc1",0.4975,0.134524424754545,0.0472667664379308
19,"k25_prev50","offindex",1,"fitted",0.505,0.636698115697995,0.709655744041503
19,"k25_prev50","offindex",1,"pc1",0.505,0.493328478415713,0.844112171732795
20,"k25_prev50","offindex",1,"fitted",0.5175,0.571305194803701,0.829281090377728
20,"k25_prev50","offindex",1,"pc1",0.5175,0.216505208808073,0.155374473336123
21,"k25_prev50","offindex",1,"fitted",0.455,0.768764156828231,0.61732617114454
21,"k25_prev50","offindex",1,"pc1",0.455,0.314014767646805,0.627881929897587
22,"k25_prev50","offindex",1,"fitted",0.5,0.0558874581841052,0.217019099140597
22,"k25_prev50","offindex",1,"pc1",0.5,0.989167592088241,0.840123821360436
23,"k25_prev50","offindex",1,"fitted",0.505,0.237342628460404,0.508658239337892
23,"k25_prev50","offindex",1,"pc1",0.505,0.342509794849325,0.877640122546669
24,"k25_prev50","offindex",1,"fitted",0.515,0.276629986952774,0.297620064241414
24,"k25_prev50","offindex",1,"pc1",0.515,0.35092577482439,0.099459600339149
25,"k25_prev50","offindex",1,"fitted",0.52,0.409422700301944,0.917910591166264
25,"k25_prev50","offindex",1,"pc1",0.52,0.664256292398378,0.335548662965389
26,"k25_prev50","offindex",1,"fitted",0.51,0.62622121429523,0.938533596387121
26,"k25_prev50","offindex",1,"pc1",0.51,0.848280641163671,0.989374380692678
27,"k25_prev50","offindex",1,"fitted",0.54,0.341500881996387,0.404199102438808
27,"k25_prev50","offindex",1,"pc1",0.54,0.913583588823191,0.678659426710898
28,"k25_prev50","offindex",1,"fitted",0.52,0.946508496363209,0.762311129284126
28,"k25_prev50","offindex",1,"pc1",0.52,0.161295901797642,0.526381190836611
29,"k25_prev50","offindex",1,"fitted",0.495,0.0858894849543829,0.921643305973577
29,"k25_prev50","offindex",1,"pc1",0.495,0.562100435365012,0.49814046070056
30,"k25_prev50","offindex",1,"fitted",0.5025,0.603119717424386,0.31687747462839
30,"k25_prev50","offindex",1,"pc1",0.5025,0.398210628740388,0.382622369247123
31,"k25_prev50","offindex",1,"fitted",0.5125,0.739326566915135,0.834004380305277
31,"k25_prev50","offindex",1,"pc1",0.5125,0.620376066020673,0.239316359199319
32,"k25_prev50","offindex",1,"fitted",0.4675,0.0808935809231257,0.0348872265113203
32,"k25_prev50","offindex",1,"pc1",0.4675,0.370389030110353,0.618338715680555
33,"k25_prev50","offindex",1,"fitted",0.475,0.18530363304993,0.0459191787939943
33,"k25_prev50","offindex",1,"pc1",0.475,0.3728005839634,0.0167231159903756
34,"k25_prev50","offindex",1,"fitted",0.515,0.929667997306131,0.630327003357811
34,"k25_prev50","offindex",1,"pc1",0.515,0.710841829707525,0.636314871800817
35,"k25_prev50","offindex",1,"fitted",0.5075,0.34307939708938,0.0963100104731649
35,"k25_prev50","offindex",1,"pc1",0.5075,0.827810167373642,0.503045904583229
36,"k25_prev50","offindex",1,"fitted",0.5125,0.74626796782351,0.57608374413915
36,"k25_prev50","offindex",1,"pc1",0.5125,0.963869608758003,0.991815487103224
37,"k25_prev50","offindex",1,"fitted",0.5175,0.636283157706872,0.858807717339761
37,"k25_prev50","offindex",1,"pc1",0.5175,0.360368852509186,0.97299489130676
38,"k25_prev50","offindex",1,"fitted",0.4875,0.615174451952279,0.560039656419163
38,"k25_prev50","offindex",1,"pc1",0.4875,0.572263189984489,0.539142464657964
39,"k25_prev50","offindex",1,"fitted",0.51,0.792208590251195,0.443531469279554
39,"k25_prev50","offindex",1,"pc1",0.51,0.467120588852415,0.519764293047729
40,"k25_prev50","offindex",1,"fitted",0.4875,0.420398687590136,0.507960472900173
40,"k25_prev50","offindex",1,"pc1",0.4875,0.829054744347458,0.178339576520278
41,"k25_prev50","offindex",1,"fitted",0.51,0.0619157883431782,0.26384222174555
41,"k25_prev50","offindex",1,"pc1",0.51,0.386489635086573,0.168650042662996
42,"k25_prev50","offindex",1,"fitted",0.4775,0.186188255674303,0.671203533545431
42,"k25_prev50","offindex",1,"pc1",0.4775,0.673198827538551,0.384004197983277
43,"k25_prev50","offindex",1,"fitted",0.485,0.456809988120559,0.0407482785441672
43,"k25_prev50","offindex",1,"pc1",0.485,0.576012306324845,0.412794656180844
44,"k25_prev50","offindex",1,"fitted",0.495,0.941819714804588,0.781634912636184
44,"k25_prev50","offindex",1,"pc1",0.495,0.201770694303911,0.361370577926244
45,"k25_prev50","offindex",1,"fitted",0.475,0.945120979756572,0.636024140879737
45,"k25_prev50","offindex",1,"pc1",0.475,0.104152955057742,0.204409423385394
46,"k25_prev50","offindex",1,"fitted",0.47,0.781338649734447,0.758676580668385
46,"k25_prev50","offindex",1,"pc1",0.47,0.911028242750404,0.985620767682232
47,"k25_prev50","offindex",1,"fitted",0.5275,0.528511600348537,0.0943472793946989
47,"k25_prev50","offindex",1,"pc1",0.5275,0.745214488500715,0.531471341370097
48,"k25_prev50","offindex",1,"fitted",0.49,0.90324739113312,0.399431670799319
48,"k25_prev50","offindex",1,"pc1",0.49,0.783676621000821,0.581396330167437
49,"k25_prev50","offindex",1,"fitted",0.5,0.308020403330193,0.7501933363747
49,"k25_prev50","offindex",1,"pc1",0.5,0.618471298874012,0.637157576965463
50,"k25_prev50","offindex",1,"fitted",0.5125,0.744912289620701,0.582166661110227
50,"k25_prev50","offindex",1,"pc1",0.5125,0.496701746427524,0.261335242944737
51,"k25_prev50","offindex",1,"fitted",0.52,0.195481536349731,0.383642114287151
51,"k25_prev50","offindex",1,"pc1",0.52,0.736885770872713,0.257039721283012
52,"k25_prev50","offindex",1,"fitted",0.5075,0.677946168930319,0.60884290820268
52,"k25_prev50","offindex",1,"pc1",0.5075,0.139386525812757,0.382715220026838
53,"k25_prev50","offindex",1,"fitted",0.485,0.540915154413857,0.0953965651304169
53,"k25_prev50","offindex",1,"pc1",0.485,0.738078088758517,0.205900431375142
54,"k25_prev50","offindex",1,"fitted",0.495,0.0210784155693726,0.191963392192375
54,"k25_prev50","offindex",1,"pc1",0.495,0.0620418742698401,0.552593575639462
55,"k25_prev50","offindex",1,"fitted",0.48,0.30269965295862,0.5397938509139
55,"k25_prev50","offindex",1,"pc1",0.48,0.483650297642065,0.394413387308248
56,"k25_prev50","offindex",1,"fitted",0.4675,0.21073053915003,0.999774034259341
56,"k25_prev50","offindex",1,"pc1",0.4675,0.107643595699659,0.408770068338073
57,"k25_prev50","offindex",1,"fitted",0.48,0.775958781674154,0.552745760222455
57,"k25_prev50","offindex",1,"pc1",0.48,0.825153997654781,0.514792281804471
58,"k25_prev50","offindex",1,"fitted",0.51,0.774132895157193,0.482829786192097
58,"k25_prev50","offindex",1,"pc1",0.51,0.598602610690278,0.387982923979659
59,"k25_prev50","offindex",1,"fitted",0.5025,0.491307102121401,0.531525903327544
59,"k25_prev50","offindex",1,"pc1",0.5025,0.609437994921819,0.658487899774161
60,"k25_prev50","offindex",1,"fitted",0.5125,0.421115692260583,0.692197304079685
60,"k25_prev50","offindex",1,"pc1",0.5125,0.387764163828433,0.524039379379999
61,"k25_prev50","offindex",1,"fitted",0.5225,0.857293259093148,0.697320763789694
61,"k25_prev50","offindex",1,"pc1",0.5225,0.205236351852754,0.717469035082515
62,"k25_prev50","offindex",1,"fitted",0.505,0.611230161876335,0.649611225911742
62,"k25_prev50","offindex",1,"pc1",0.505,0.447042524412503,0.328197562744071
63,"k25_prev50","offindex",1,"fitted",0.51,0.121651127421913,0.971947029928048
63,"k25_prev50","offindex",1,"pc1",0.51,0.345205321962929,0.24527372359893
64,"k25_prev50","offindex",1,"fitted",0.49,0.587552205112087,0.105553946987775
64,"k25_prev50","offindex",1,"pc1",0.49,0.568671379935764,0.775410166951089
65,"k25_prev50","offindex",1,"fitted",0.49,0.498942562578639,0.17788594626709
65,"k25_prev50","offindex",1,"pc1",0.49,0.646473694922545,0.147655535095815
66,"k25_prev50","offindex",1,"fitted",0.5,0.425757601007254,0.303123120826165
66,"k25_prev50","offindex",1,"pc1",0.5,0.949416862731019,0.552939565980957
67,"k25_prev50","offindex",1,"fitted",0.5125,0.615192836765508,0.0977101405743031
67,"k25_prev50","offindex",1,"pc1",0.5125,0.932672810486455,0.300723835797874
68,"k25_prev50","offindex",1,"fitted",0.4925,0.737024895830333,0.445264915679765
68,"k25_prev50","offindex",1,"pc1",0.4925,0.607954459432927,0.0987923034344851
69,"k25_prev50","offindex",1,"fitted",0.48,0.0603003518695164,0.206241827856857
69,"k25_prev50","offindex",1,"pc1",0.48,0.79496036246219,0.461986730745695
70,"k25_prev50","offindex",1,"fitted",0.4875,0.922816122115092,0.242311943360293
70,"k25_prev50","offindex",1,"pc1",0.4875,0.694284753585392,0.313598225275686
71,"k25_prev50","offindex",1,"fitted",0.53,0.0944514148777571,0.643457155199166
71,"k25_prev50","offindex",1,"pc1",0.53,0.911648492272712,0.243651537315288
72,"k25_prev50","offindex",1,"fitted",0.495,0.260770043364069,0.200943467721504
72,"k25_prev50","offindex",1,"pc1",0.495,0.348686904355535,0.22333762518989
73,"k25_prev50","offindex",1,"fitted",0.5,0.611589708013529,0.194316195209932
73,"k25_prev50","offindex",1,"pc1",0.5,0.0406522282846388,0.289574320314964
74,"k25_prev50","offindex",1,"fitted",0.4925,0.576399498232493,0.874453567833596
74,"k25_prev50","offindex",1,"pc1",0.4925,0.458009165743508,0.38328381050425
75,"k25_prev50","offindex",1,"fitted",0.4925,0.111626689024336,0.168236799945209
75,"k25_prev50","offindex",1,"pc1",0.4925,0.986078863022951,0.971918421341686
76,"k25_prev50","offindex",1,"fitted",0.4875,0.107240752945947,0.377366233905436
76,"k25_prev50","offindex",1,"pc1",0.4875,0.757941569063342,0.770231294843071
77,"k25_prev50","offindex",1,"fitted",0.4625,0.65102604500396,0.864845854435051
77,"k25_prev50","offindex",1,"pc1",0.4625,0.554779542282904,0.0841646102490086
78,"k25_prev50","offindex",1,"fitted",0.5,0.212269487291979,0.381812826132415
78,"k25_prev50","offindex",1,"pc1",0.5,0.739154897452841,0.0376549032443875
79,"k25_prev50","offindex",1,"fitted",0.49,0.559911197270579,0.986650478587915
79,"k25_prev50","offindex",1,"pc1",0.49,0.175194448853516,0.0276033177785824
80,"k25_prev50","offindex",1,"fitted",0.4925,0.44799769358145,0.261564558000484
80,"k25_prev50","offindex",1,"pc1",0.4925,0.776126565765391,0.251110423729207
81,"k25_prev50","offindex",1,"fitted",0.51,0.224185554406336,0.655543543322842
81,"k25_prev50","offindex",1,"pc1",0.51,0.836388089793551,0.258529376784786
82,"k25_prev50","offindex",1,"fitted",0.4975,0.0420780862394221,0.862963946024444
82,"k25_prev50","offindex",1,"pc1",0.4975,0.765136089952353,0.38911990109123
83,"k25_prev50","offindex",1,"fitted",0.5125,0.497898453199713,0.492032164030946
83,"k25_prev50","offindex",1,"pc1",0.5125,0.139661880327085,0.0194588578672836
84,"k25_prev50","offindex",1,"fitted",0.515,0.875089227432097,0.379357805385787
84,"k25_prev50","offindex",1,"pc1",0.515,0.528485361970526,0.800291913450357
85,"k25_prev50","offindex",1,"fitted",0.5125,0.10772966347268,0.6981285300215
85,"k25_prev50","offindex",1,"pc1",0.5125,0.313965429533591,0.822345374051189
86,"k25_prev50","offindex",1,"fitted",0.4775,0.192892592660215,0.103378036740924
86,"k25_prev50","offindex",1,"pc1",0.4775,0.280618424588765,0.809574619198243
87,"k25_prev50","offindex",1,"fitted",0.485,0.545685302613713,0.698480503289578
87,"k25_prev50","offindex",1,"pc1",0.485,0.55368193832861,0.563246029182536
88,"k25_prev50","offindex",1,"fitted",0.4975,0.157342682094574,0.965187905501011
88,"k25_prev50","offindex",1,"pc1",0.4975,0.59799000688826,0.544599206144907
89,"k25_prev50","offindex",1,"fitted",0.4825,0.881254030275462,0.906230309763663
89,"k25_prev50","offindex",1,"pc1",0.4825,0.580869268686494,0.93443416050085
90,"k25_prev50","offindex",1,"fitted",0.5125,0.398407507820856,0.560414006070568
90,"k25_prev50","offindex",1,"pc1",0.5125,0.126677156860851,0.871242525891754
91,"k25_prev50","offindex",1,"fitted",0.485,0.570645005844447,0.442645640778309
91,"k25_prev50","offindex",1,"pc1",0.485,0.230119764245801,0.167015223860968
92,"k25_prev50","offindex",1,"fitted",0.4975,0.540357303179604,0.488231791460057
92,"k25_prev50","offindex",1,"pc1",0.4975,0.347464705024033,0.025224423144166
93,"k25_prev50","offindex",1,"fitted",0.48,0.845129870155384,0.772666956890861
93,"k25_prev50","offindex",1,"pc1",0.48,0.332884961498076,0.561466453998406
94,"k25_prev50","offindex",1,"fitted",0.5025,0.0312972670600309,0.00450454611468476
94,"k25_prev50","offindex",1,"pc1",0.5025,0.504145867133917,0.337414096318629
95,"k25_prev50","offindex",1,"fitted",0.5125,0.716169444195492,0.210714811116785
95,"k25_prev50","offindex",1,"pc1",0.5125,0.700529528095875,0.811347914382677
96,"k25_prev50","offindex",1,"fitted",0.445,0.48090788115895,0.211682904079239
96,"k25_prev50","offindex",1,"pc1",0.445,0.711350731243739,0.110457764979537
97,"k25_prev50","offindex",1,"fitted",0.515,0.409869784676242,0.914243182141196
97,"k25_prev50","offindex",1,"pc1",0.515,0.987521579020272,0.699007769479391
98,"k25_prev50","offindex",1,"fitted",0.5,0.897279641537933,0.813108114009494
98,"k25_prev50","offindex",1,"pc1",0.5,0.354714350456422,0.389273484852013
99,"k25_prev50","offindex",1,"fitted",0.49,0.641144774164282,0.533870234129189
99,"k25_prev50","offindex",1,"pc1",0.49,0.174031116756588,0.0686512616125109
100,"k25_prev50","offindex",1,"fitted",0.495,0.728260708356129,0.917065745164782
100,"k25_prev50","offindex",1,"pc1",0.495,0.0629629562230895,0.0913768817876226
101,"k25_prev50","offindex",1,"fitted",0.475,0.400776092570266,0.635010662572048
101,"k25_prev50","offindex",1,"pc1",0.475,0.168353317499208,0.0749934896375929
102,"k25_prev50","offindex",1,"fitted",0.4875,0.051438384362682,0.0786128664735333
102,"k25_prev50","offindex",1,"pc1",0.4875,0.176087702607598,0.401066141428333
103,"k25_prev50","offindex",1,"fitted",0.4975,0.540541122902179,0.513774804297544
103,"k25_prev50","offindex",1,"pc1",0.4975,0.408333664515019,0.437461961975994
104,"k25_prev50","offindex",1,"fitted",0.5225,0.641310922982404,0.712308693076169
104,"k25_prev50","offindex",1,"pc1",0.5225,0.861994815983963,0.311792492497554
105,"k25_prev50","offindex",1,"fitted",0.4525,0.419377224909008,0.39823084388601
105,"k25_prev50","offindex",1,"pc1",0.4525,0.917985041372098,0.554646618272375
106,"k25_prev50","offindex",1,"fitted",0.495,0.803892100431744,0.528365608280592
106,"k25_prev50","offindex",1,"pc1",0.495,0.98630220576411,0.888352548136825
107,"k25_prev50","offindex",1,"fitted",0.4975,0.694079000926957,0.673108660406053
107,"k25_prev50","offindex",1,"pc1",0.4975,0.482125581915322,0.592799824011992
108,"k25_prev50","offindex",1,"fitted",0.495,0.538609848910422,0.686695571660058
108,"k25_prev50","offindex",1,"pc1",0.495,0.823589829466342,0.840660100970308
109,"k25_prev50","offindex",1,"fitted",0.53,0.937892447665751,0.530917845510902
109,"k25_prev50","offindex",1,"pc1",0.53,0.582278857322485,0.948654021888293
110,"k25_prev50","offindex",1,"fitted",0.495,0.530450794132725,0.170332281253477
110,"k25_prev50","offindex",1,"pc1",0.495,0.586307159549531,0.7669725696436
111,"k25_prev50","offindex",1,"fitted",0.475,0.76818273974646,0.0790887002790237
111,"k25_prev50","offindex",1,"pc1",0.475,0.411383284374491,0.949129281914074
112,"k25_prev50","offindex",1,"fitted",0.475,0.494255985598742,0.111136540195369
112,"k25_prev50","offindex",1,"pc1",0.475,0.0328819440557935,0.00127895217649709
113,"k25_prev50","offindex",1,"fitted",0.5275,0.122807827330309,0.257787747218248
113,"k25_prev50","offindex",1,"pc1",0.5275,0.547218875637934,0.372859903992791
114,"k25_prev50","offindex",1,"fitted",0.525,0.407580736304054,0.792412344098788
114,"k25_prev50","offindex",1,"pc1",0.525,0.0622215023369803,0.0140429702578336
115,"k25_prev50","offindex",1,"fitted",0.52,0.452975717839217,0.243737324120552
115,"k25_prev50","offindex",1,"pc1",0.52,0.244116184168423,0.137171755994435
116,"k25_prev50","offindex",1,"fitted",0.515,0.793488600936215,0.875426050014131
116,"k25_prev50","offindex",1,"pc1",0.515,0.89506641007638,0.626713023092999
117,"k25_prev50","offindex",1,"fitted",0.4925,0.113815254319597,0.118078044126041
117,"k25_prev50","offindex",1,"pc1",0.4925,0.690037681958216,0.785031127595066
118,"k25_prev50","offindex",1,"fitted",0.49,0.76293953824544,0.480742669342424
118,"k25_prev50","offindex",1,"pc1",0.49,0.502058249820401,0.0383554775294515
119,"k25_prev50","offindex",1,"fitted",0.5075,0.715993818421178,0.911786892915542
119,"k25_prev50","offindex",1,"pc1",0.5075,0.616128076599859,0.585904110874819
120,"k25_prev50","offindex",1,"fitted",0.4925,0.139527400639366,0.513428391018312
120,"k25_prev50","offindex",1,"pc1",0.4925,0.384461076322489,0.952650253186536
121,"k25_prev50","offindex",1,"fitted",0.5125,0.672988882349528,0.526237306911011
121,"k25_prev50","offindex",1,"pc1",0.5125,0.0969092737475005,0.419133548796141
122,"k25_prev50","offindex",1,"fitted",0.4975,0.109734411403353,0.54391220347578
122,"k25_prev50","offindex",1,"pc1",0.4975,0.738518021549348,0.933411618017369
123,"k25_prev50","offindex",1,"fitted",0.4825,0.644752143902276,0.498822892474755
123,"k25_prev50","offindex",1,"pc1",0.4825,0.272492191372522,0.142666838577659
124,"k25_prev50","offindex",1,"fitted",0.5025,0.487366906785733,0.492567666188414
124,"k25_prev50","offindex",1,"pc1",0.5025,0.217232059644056,0.0269374725279758
125,"k25_prev50","offindex",1,"fitted",0.5325,0.664306011707078,0.770820229164628
125,"k25_prev50","offindex",1,"pc1",0.5325,0.204440673249316,0.856024384971079
126,"k25_prev50","offindex",1,"fitted",0.5275,0.613192854631467,0.517237721118031
126,"k25_prev50","offindex",1,"pc1",0.5275,0.121099141994537,0.496734380968393
127,"k25_prev50","offindex",1,"fitted",0.475,0.155126716265655,0.369762426729366
127,"k25_prev50","offindex",1,"pc1",0.475,0.818508009397239,0.358580320788795
128,"k25_prev50","offindex",1,"fitted",0.49,0.537313903447091,0.736874303825178
128,"k25_prev50","offindex",1,"pc1",0.49,0.108195877520281,0.181166584773669
129,"k25_prev50","offindex",1,"fitted",0.4975,0.654516718000743,0.677084975361089
129,"k25_prev50","offindex",1,"pc1",0.4975,0.13183361418184,0.727496736968728
130,"k25_prev50","offindex",1,"fitted",0.505,0.371283037667184,0.144765967709808
130,"k25_prev50","offindex",1,"pc1",0.505,0.399413049596966,0.711002084124441
131,"k25_prev50","offindex",1,"fitted",0.505,0.0705443457634981,0.334069154592906
131,"k25_prev50","offindex",1,"pc1",0.505,0.924612156520385,0.879340738425049
132,"k25_prev50","offindex",1,"fitted",0.54,0.982377254964866,0.877371648810937
132,"k25_prev50","offindex",1,"pc1",0.54,0.0537536250273373,0.24064310752599
133,"k25_prev50","offindex",1,"fitted",0.5,0.451791177655504,0.119088061525452
133,"k25_prev50","offindex",1,"pc1",0.5,0.506530923850515,0.0812781061722239
134,"k25_prev50","offindex",1,"fitted",0.52,0.00200264983549614,0.00172438387547769
134,"k25_prev50","offindex",1,"pc1",0.52,0.977272194198188,0.564166199858568
135,"k25_prev50","offindex",1,"fitted",0.5175,0.370461774133396,0.668329449506724
135,"k25_prev50","offindex",1,"pc1",0.5175,0.499529391557609,0.0529131881512392
136,"k25_prev50","offindex",1,"fitted",0.4925,0.309455664243985,0.934248812147903
136,"k25_prev50","offindex",1,"pc1",0.4925,0.931639796064368,0.455800624848891
137,"k25_prev50","offindex",1,"fitted",0.5125,0.737762110950241,0.0888210252994263
137,"k25_prev50","offindex",1,"pc1",0.5125,0.822590698970413,0.311997482942124
138,"k25_prev50","offindex",1,"fitted",0.5125,0.895711745884834,0.622983780648934
138,"k25_prev50","offindex",1,"pc1",0.5125,0.50694075401767,0.691799007119328
139,"k25_prev50","offindex",1,"fitted",0.48,0.0616644700691923,0.538995053764544
139,"k25_prev50","offindex",1,"pc1",0.48,0.804945529983302,0.834947410933455
140,"k25_prev50","offindex",1,"fitted",0.5025,0.367065862259958,0.164238644807293
140,"k25_prev50","offindex",1,"pc1",0.5025,0.716767980880676,0.89917143853559
141,"k25_prev50","offindex",1,"fitted",0.51,0.703436940190679,0.159006639185547
141,"k25_prev50","offindex",1,"pc1",0.51,0.445968949333781,0.255443081751164
142,"k25_prev50","offindex",1,"fitted",0.5125,0.232242849889882,0.948073917812049
142,"k25_prev50","offindex",1,"pc1",0.5125,0.785479611344586,0.764323098324721
143,"k25_prev50","offindex",1,"fitted",0.5025,0.866391131601678,0.560167813120386
143,"k25_prev50","offindex",1,"pc1",0.5025,0.86263585790005,0.598310132574341
144,"k25_prev50","offindex",1,"fitted",0.5275,0.892631174108296,0.635106357860399
144,"k25_prev50","offindex",1,"pc1",0.5275,0.141943453973203,0.0813990319710411
145,"k25_prev50","offindex",1,"fitted",0.4925,0.665789489467965,0.18072904336935
145,"k25_prev50","offindex",1,"pc1",0.4925,0.294908652289,0.198523201593937
146,"k25_prev50","offindex",1,"fitted",0.525,0.162910713843652,0.230940431387226
146,"k25_prev50","offindex",1,"pc1",0.525,0.324761562421564,0.315766664204396
147,"k25_prev50","offindex",1,"fitted",0.51,0.422500399731206,0.737546283518346
147,"k25_prev50","offindex",1,"pc1",0.51,0.440801537841709,0.956900723699208
148,"k25_prev50","offindex",1,"fitted",0.475,0.927048510550787,0.289088961056069
148,"k25_prev50","offindex",1,"pc1",0.475,0.061790278744641,0.14947685543217
149,"k25_prev50","offindex",1,"fitted",0.4875,0.141349931115255,0.605805393683005
149,"k25_prev50","offindex",1,"pc1",0.4875,0.149729166466986,0.650682154901554
150,"k25_prev50","offindex",1,"fitted",0.4725,0.228221570893577,0.0547500018865776
150,"k25_prev50","offindex",1,"pc1",0.4725,0.634310442956359,0.889093450704203
151,"k25_prev50","offindex",1,"fitted",0.515,0.687210368158364,0.403705594202625
151,"k25_prev50","offindex",1,"pc1",0.515,0.824546479630764,0.737862227957988
152,"k25_prev50","offindex",1,"fitted",0.5325,0.295944780080934,0.920283455226569
152,"k25_prev50","offindex",1,"pc1",0.5325,0.776802089861727,0.394630541179979
153,"k25_prev50","offindex",1,"fitted",0.5025,0.930015461292277,0.93303238405289
153,"k25_prev50","offindex",1,"pc1",0.5025,0.117698024397156,0.724978699747607
154,"k25_prev50","offindex",1,"fitted",0.4925,0.107822718355799,0.0713131626623493
154,"k25_prev50","offindex",1,"pc1",0.4925,0.32397906695724,0.424757619483841
155,"k25_prev50","offindex",1,"fitted",0.495,0.869068894919256,0.690067914140208
155,"k25_prev50","offindex",1,"pc1",0.495,0.443805372383475,0.686213131824281
156,"k25_prev50","offindex",1,"fitted",0.5125,0.823346345378974,0.97975214053031
156,"k25_prev50","offindex",1,"pc1",0.5125,0.374701192785326,0.332485968522225
157,"k25_prev50","offindex",1,"fitted",0.4925,0.590107785237978,0.263985521128232
157,"k25_prev50","offindex",1,"pc1",0.4925,0.629942432557038,0.206424323914412
158,"k25_prev50","offindex",1,"fitted",0.5175,0.460655856427972,0.249904481713807
158,"k25_prev50","offindex",1,"pc1",0.5175,0.0679414348893934,0.706974801043651
159,"k25_prev50","offindex",1,"fitted",0.5025,0.0310305071693794,0.0112080741993962
159,"k25_prev50","offindex",1,"pc1",0.5025,0.250776367099776,0.415994100390867
160,"k25_prev50","offindex",1,"fitted",0.4875,0.00990933568420482,0.172436092516468
160,"k25_prev50","offindex",1,"pc1",0.4875,0.55532043363165,0.343827132753315
161,"k25_prev50","offindex",1,"fitted",0.5075,0.494455642083503,0.544867546938651
161,"k25_prev50","offindex",1,"pc1",0.5075,0.693491417466081,0.970496524651888
162,"k25_prev50","offindex",1,"fitted",0.525,0.228400285322468,0.181637420493605
162,"k25_prev50","offindex",1,"pc1",0.525,0.210869151320573,0.640023210643742
163,"k25_prev50","offindex",1,"fitted",0.505,0.335124667869895,0.238437800303653
163,"k25_prev50","offindex",1,"pc1",0.505,0.127899158482197,0.207319175043289
164,"k25_prev50","offindex",1,"fitted",0.4975,0.594445314959795,0.69814359944003
164,"k25_prev50","offindex",1,"pc1",0.4975,0.501337504547062,0.654106514555451
165,"k25_prev50","offindex",1,"fitted",0.4975,0.746005576573497,0.461229160195275
165,"k25_prev50","offindex",1,"pc1",0.4975,0.223640976655839,0.879330286260482
166,"k25_prev50","offindex",1,"fitted",0.48,0.820083621000544,0.432792864443593
166,"k25_prev50","offindex",1,"pc1",0.48,0.635560514969052,0.123912221655451
167,"k25_prev50","offindex",1,"fitted",0.5125,0.923361639089749,0.455315706447692
167,"k25_prev50","offindex",1,"pc1",0.5125,0.059481819881717,0.0852119459988432
168,"k25_prev50","offindex",1,"fitted",0.5225,0.649779210312421,0.473072880565777
168,"k25_prev50","offindex",1,"pc1",0.5225,0.135833603203426,0.912504011551164
169,"k25_prev50","offindex",1,"fitted",0.4875,0.0360573684987808,0.118121653734953
169,"k25_prev50","offindex",1,"pc1",0.4875,0.960093297074149,0.923302621780041
170,"k25_prev50","offindex",1,"fitted",0.525,0.725080021290342,0.539365988816013
170,"k25_prev50","offindex",1,"pc1",0.525,0.238919080947511,0.501179269186973
171,"k25_prev50","offindex",1,"fitted",0.49,0.0689660557517534,0.192010437674076
171,"k25_prev50","offindex",1,"pc1",0.49,0.996488154312231,0.875455913742983
172,"k25_prev50","offindex",1,"fitted",0.515,0.448163083853197,0.418822692974292
172,"k25_prev50","offindex",1,"pc1",0.515,0.559226558446762,0.172456677324072
173,"k25_prev50","offindex",1,"fitted",0.5,0.731076713015866,0.518835255956472
173,"k25_prev50","offindex",1,"pc1",0.5,0.479240665770513,0.504712415801091
174,"k25_prev50","offindex",1,"fitted",0.4825,0.101254902774452,0.0522800297889945
174,"k25_prev50","offindex",1,"pc1",0.4825,0.217917020630158,0.0934494134253478
175,"k25_prev50","offindex",1,"fitted",0.4725,0.2841071527038,0.206964902724689
175,"k25_prev50","offindex",1,"pc1",0.4725,0.897527227058911,0.75609224033815
176,"k25_prev50","offindex",1,"fitted",0.4775,0.0699811075048365,0.718370563145725
176,"k25_prev50","offindex",1,"pc1",0.4775,0.69283661253818,0.892381314257512
177,"k25_prev50","offindex",1,"fitted",0.4675,0.472090290378102,0.130372506304374
177,"k25_prev50","offindex",1,"pc1",0.4675,0.460138913912043,0.219968986843962
178,"k25_prev50","offindex",1,"fitted",0.4975,0.406676429149732,0.327171712579017
178,"k25_prev50","offindex",1,"pc1",0.4975,0.236538165147683,0.482872098456068
179,"k25_prev50","offindex",1,"fitted",0.475,0.822832734146873,0.426634409611872
179,"k25_prev50","offindex",1,"pc1",0.475,0.848029336698294,0.714688705451947
180,"k25_prev50","offindex",1,"fitted",0.52,0.517436261788332,0.802660534311504
180,"k25_prev50","offindex",1,"pc1",0.52,0.629599373896823,0.934537845554653
181,"k25_prev50","offindex",1,"fitted",0.4925,0.312213213609871,0.131521479670062
181,"k25_prev50","offindex",1,"pc1",0.4925,0.36739620310367,0.341797937269079
182,"k25_prev50","offindex",1,"fitted",0.4725,0.495548581976504,0.0910871367515008
182,"k25_prev50","offindex",1,"pc1",0.4725,0.964344402154873,0.689605940908184
183,"k25_prev50","offindex",1,"fitted",0.495,0.105331664061039,0.0389512394345159
183,"k25_prev50","offindex",1,"pc1",0.495,0.5246517926766,0.0524618346008972
184,"k25_prev50","offindex",1,"fitted",0.5075,0.572782038510407,0.408133106202053
184,"k25_prev50","offindex",1,"pc1",0.5075,0.692494389247173,0.993880104826666
185,"k25_prev50","offindex",1,"fitted",0.53,0.396637607912613,0.442642789290224
185,"k25_prev50","offindex",1,"pc1",0.53,0.546769727349219,0.593658444285839
186,"k25_prev50","offindex",1,"fitted",0.5225,0.111023095084839,0.00340142817900169
186,"k25_prev50","offindex",1,"pc1",0.5225,0.801495702904529,0.811464382973708
187,"k25_prev50","offindex",1,"fitted",0.5225,0.69923141007405,0.169935359015776
187,"k25_prev50","offindex",1,"pc1",0.5225,0.276171171954168,0.684537761294618
188,"k25_prev50","offindex",1,"fitted",0.4925,0.385035928511443,0.471633101666529
188,"k25_prev50","offindex",1,"pc1",0.4925,0.497207660236944,0.461046145663186
189,"k25_prev50","offindex",1,"fitted",0.4975,0.458255523432194,0.397596546053477
189,"k25_prev50","offindex",1,"pc1",0.4975,0.400722900318565,0.144605569971255
190,"k25_prev50","offindex",1,"fitted",0.49,0.721763864298105,0.960143209312429
190,"k25_prev50","offindex",1,"pc1",0.49,0.339488643886521,0.887726299224148
191,"k25_prev50","offindex",1,"fitted",0.515,0.0290774112748486,0.931064637682622
191,"k25_prev50","offindex",1,"pc1",0.515,0.802907731577358,0.0872959112924913
192,"k25_prev50","offindex",1,"fitted",0.515,0.772142864805222,0.208723882348409
192,"k25_prev50","offindex",1,"pc1",0.515,0.427261085594088,0.0221176826787599
193,"k25_prev50","offindex",1,"fitted",0.4975,0.319343800166949,0.434281325965341
193,"k25_prev50","offindex",1,"pc1",0.4975,0.845819653200658,0.44583050195187
194,"k25_prev50","offindex",1,"fitted",0.525,0.111983668007089,0.9413576327076
194,"k25_prev50","offindex",1,"pc1",0.525,0.87286486557956,0.300405473041884
195,"k25_prev50","offindex",1,"fitted",0.49,0.15090359846653,0.59095915537248
195,"k25_prev50","offindex",1,"pc1",0.49,0.459550336595359,0.899282505847198
196,"k25_prev50","offindex",1,"fitted",0.515,0.126448754689243,0.453213796726894
196,"k25_prev50","offindex",1,"pc1",0.515,0.663051773284669,0.923257538267983
197,"k25_prev50","offindex",1,"fitted",0.485,0.580019397885226,0.730921287997734
197,"k25_prev50","offindex",1,"pc1",0.485,0.75791904642677,0.452432130251065
198,"k25_prev50","offindex",1,"fitted",0.51,0.993438462863809,0.486342282121393
198,"k25_prev50","offindex",1,"pc1",0.51,0.475226231493256,0.683918450659124
199,"k25_prev50","offindex",1,"fitted",0.4925,0.414885066788171,0.860917291917019
199,"k25_prev50","offindex",1,"pc1",0.4925,0.910864243280989,0.992161849283835
200,"k25_prev50","offindex",1,"fitted",0.52,0.0866116093855664,0.0656891982669265
200,"k25_prev50","offindex",1,"pc1",0.52,0.626073069143333,0.889401829696004
201,"k25_prev50","offindex",1,"fitted",0.5,0.201276650855619,0.767725147171273
201,"k25_prev50","offindex",1,"pc1",0.5,0.255389711034668,0.145131640689692
202,"k25_prev50","offindex",1,"fitted",0.49,0.571310887577701,0.795874040769229
202,"k25_prev50","offindex",1,"pc1",0.49,0.944000876245479,0.947542461314795
203,"k25_prev50","offindex",1,"fitted",0.495,0.795582973583407,0.9515098734538
203,"k25_prev50","offindex",1,"pc1",0.495,0.328423197176689,0.182530766322802
204,"k25_prev50","offindex",1,"fitted",0.5075,0.645770378116905,0.417604981199438
204,"k25_prev50","offindex",1,"pc1",0.5075,0.922939179142323,0.831712451694844
205,"k25_prev50","offindex",1,"fitted",0.5,0.491293723897416,0.887146744830398
205,"k25_prev50","offindex",1,"pc1",0.5,0.78143935076988,0.836019194041566
206,"k25_prev50","offindex",1,"fitted",0.4875,0.524440658169769,0.355658230846446
206,"k25_prev50","offindex",1,"pc1",0.4875,0.851234608438932,0.977803048812073
207,"k25_prev50","offindex",1,"fitted",0.5225,0.887126082638304,0.484674509535704
207,"k25_prev50","offindex",1,"pc1",0.5225,0.206408105031286,0.0289611254134727
208,"k25_prev50","offindex",1,"fitted",0.5025,0.563318694370491,0.204272471985594
208,"k25_prev50","offindex",1,"pc1",0.5025,0.897988017325863,0.700486494156814
209,"k25_prev50","offindex",1,"fitted",0.51,0.593666739189172,0.861518642749887
209,"k25_prev50","offindex",1,"pc1",0.51,0.688795080289931,0.961342744994739
210,"k25_prev50","offindex",1,"fitted",0.5125,0.855781176608899,0.74525941721062
210,"k25_prev50","offindex",1,"pc1",0.5125,0.526363093649793,0.670989594638455
211,"k25_prev50","offindex",1,"fitted",0.4925,0.311873625496718,0.891410544763206
211,"k25_prev50","offindex",1,"pc1",0.4925,0.775401046418127,0.844793370389138
212,"k25_prev50","offindex",1,"fitted",0.5,0.148087274774673,0.289409655968811
212,"k25_prev50","offindex",1,"pc1",0.5,0.434561349901781,0.161637559625867
213,"k25_prev50","offindex",1,"fitted",0.5125,0.53857001199179,0.421569308105755
213,"k25_prev50","offindex",1,"pc1",0.5125,0.0656645239696366,0.0211036696423297
214,"k25_prev50","offindex",1,"fitted",0.5,0.596378727518271,0.957101569897687
214,"k25_prev50","offindex",1,"pc1",0.5,0.821933447621004,0.774861723623952
215,"k25_prev50","offindex",1,"fitted",0.5025,0.496730639540362,0.645105530763445
215,"k25_prev50","offindex",1,"pc1",0.5025,0.617892285093363,0.66907291444563
216,"k25_prev50","offindex",1,"fitted",0.515,0.0973286018565549,0.610508231407865
216,"k25_prev50","offindex",1,"pc1",0.515,0.38778610159562,0.952595708823504
217,"k25_prev50","offindex",1,"fitted",0.4975,0.630464261143507,0.698393235185719
217,"k25_prev50","offindex",1,"pc1",0.4975,0.328493324112733,0.781691380022358
218,"k25_prev50","offindex",1,"fitted",0.51,0.0531663134491889,0.632956866542173
218,"k25_prev50","offindex",1,"pc1",0.51,0.245100209198948,0.776501479580161
219,"k25_prev50","offindex",1,"fitted",0.4925,0.779077081961178,0.908712087045518
219,"k25_prev50","offindex",1,"pc1",0.4925,0.747723219911465,0.239970286089741
220,"k25_prev50","offindex",1,"fitted",0.4875,0.0936152096147806,0.451423371900464
220,"k25_prev50","offindex",1,"pc1",0.4875,0.467226433706953,0.0920712744167126
221,"k25_prev50","offindex",1,"fitted",0.47,0.774689313184101,0.28606889307661
221,"k25_prev50","offindex",1,"pc1",0.47,0.825970451661189,0.964503739331424
222,"k25_prev50","offindex",1,"fitted",0.5275,0.32453155080883,0.618547517334429
222,"k25_prev50","offindex",1,"pc1",0.5275,0.628746470608037,0.347916038517223
223,"k25_prev50","offindex",1,"fitted",0.4725,0.282327849349859,0.364017910583505
223,"k25_prev50","offindex",1,"pc1",0.4725,0.979083866888449,0.564685100985296
224,"k25_prev50","offindex",1,"fitted",0.5,0.859665203118738,0.540039481034419
224,"k25_prev50","offindex",1,"pc1",0.5,0.276990010301362,0.110199394527952
225,"k25_prev50","offindex",1,"fitted",0.49,0.298361014360621,0.786131896586463
225,"k25_prev50","offindex",1,"pc1",0.49,0.209907869378082,0.0516029968664738
226,"k25_prev50","offindex",1,"fitted",0.51,0.80507899035039,0.80191686311095
226,"k25_prev50","offindex",1,"pc1",0.51,0.851230342935474,0.555218266463479
227,"k25_prev50","offindex",1,"fitted",0.5025,0.134639431652748,0.144837728491435
227,"k25_prev50","offindex",1,"pc1",0.5025,0.43715110674925,0.176357589730918
228,"k25_prev50","offindex",1,"fitted",0.4975,0.0867826784047339,0.00240399855560924
228,"k25_prev50","offindex",1,"pc1",0.4975,0.808749801237811,0.346355910080401
229,"k25_prev50","offindex",1,"fitted",0.4975,0.933288694631382,0.634778914783485
229,"k25_prev50","offindex",1,"pc1",0.4975,0.579873038285917,0.391020668866582
230,"k25_prev50","offindex",1,"fitted",0.4975,0.355806140413431,0.900015021968735
230,"k25_prev50","offindex",1,"pc1",0.4975,0.779742551999337,0.75398062164509
231,"k25_prev50","offindex",1,"fitted",0.49,0.94104116602636,0.363423935160538
231,"k25_prev50","offindex",1,"pc1",0.49,0.88734556338386,0.851124519531411
232,"k25_prev50","offindex",1,"fitted",0.4975,0.515904867057666,0.359708415467368
232,"k25_prev50","offindex",1,"pc1",0.4975,0.74616496765607,0.638780235582799
233,"k25_prev50","offindex",1,"fitted",0.505,0.0115996517689634,0.189346319954368
233,"k25_prev50","offindex",1,"pc1",0.505,0.748767741003887,0.0886948548330381
234,"k25_prev50","offindex",1,"fitted",0.49,0.0343850350839534,0.0174980294953899
234,"k25_prev50","offindex",1,"pc1",0.49,0.0855953203283024,0.00412022247573174
235,"k25_prev50","offindex",1,"fitted",0.495,0.639496115734211,0.442746383307682
235,"k25_prev50","offindex",1,"pc1",0.495,0.754970652476528,0.833076654592772
236,"k25_prev50","offindex",1,"fitted",0.505,0.435137348765651,0.9287964775539
236,"k25_prev50","offindex",1,"pc1",0.505,0.516652992275164,0.142024793570698
237,"k25_prev50","offindex",1,"fitted",0.48,0.397466935904952,0.168549322491673
237,"k25_prev50","offindex",1,"pc1",0.48,0.21840176224649,0.0369520979708237
238,"k25_prev50","offindex",1,"fitted",0.52,0.0875599288913868,0.132865661344287
238,"k25_prev50","offindex",1,"pc1",0.52,0.0335088245546203,0.50456508484753
239,"k25_prev50","offindex",1,"fitted",0.5075,0.555930046766623,0.0576918184084694
239,"k25_prev50","offindex",1,"pc1",0.5075,0.667508334681214,0.233360862059926
240,"k25_prev50","offindex",1,"fitted",0.5125,0.582664220967141,0.979303645816284
240,"k25_prev50","offindex",1,"pc1",0.5125,0.936500281362162,0.618326850969743
241,"k25_prev50","offindex",1,"fitted",0.5325,0.884764407234495,0.755889726372267
241,"k25_prev50","offindex",1,"pc1",0.5325,0.604530253996846,0.775467647672116
242,"k25_prev50","offindex",1,"fitted",0.51,0.636212219749248,0.491783750223449
242,"k25_prev50","offindex",1,"pc1",0.51,0.31207572178959,0.600440355981519
243,"k25_prev50","offindex",1,"fitted",0.4925,0.645080622627586,0.422517164925075
243,"k25_prev50","offindex",1,"pc1",0.4925,0.736195047166134,0.842297924525335
244,"k25_prev50","offindex",1,"fitted",0.4625,0.584412137277821,0.459899809196393
244,"k25_prev50","offindex",1,"pc1",0.4625,0.651532134231512,0.953408763719789
245,"k25_prev50","offindex",1,"fitted",0.465,0.93805291581476,0.545479900932999
245,"k25_prev50","offindex",1,"pc1",0.465,0.165643456564579,0.324178741982631
246,"k25_prev50","offindex",1,"fitted",0.48,0.226658962409426,0.0341195193370203
246,"k25_prev50","offindex",1,"pc1",0.48,0.277291747792774,0.141456270038981
247,"k25_prev50","offindex",1,"fitted",0.51,0.27536363196338,0.159835180968093
247,"k25_prev50","offindex",1,"pc1",0.51,0.975933617819852,0.960282669428741
248,"k25_prev50","offindex",1,"fitted",0.5,0.891011855216662,0.842751212049939
248,"k25_prev50","offindex",1,"pc1",0.5,0.589802827197266,0.291474278234766
249,"k25_prev50","offindex",1,"fitted",0.5,0.757398336210915,0.278423302886261
249,"k25_prev50","offindex",1,"pc1",0.5,0.622589093155165,0.263962441920082
250,"k25_prev50","offindex",1,"fitted",0.465,0.150781970845502,0.0181900498935732
250,"k25_prev50","offindex",1,"pc1",0.465,0.50673140005147,0.203279909517502
251,"k25_prev50","offindex",1,"fitted",0.49,0.0046257646786495,0.00616552677617721
251,"k25_prev50","offindex",1,"pc1",0.49,0.190449327909834,0.0900955573278228
252,"k25_prev50","offindex",1,"fitted",0.5225,0.723224277638316,0.885655951660198
252,"k25_prev50","offindex",1,"pc1",0.5225,0.855738230703266,0.88438531198128
253,"k25_prev50","offindex",1,"fitted",0.4875,0.0605515169612914,0.139958320002556
253,"k25_prev50","offindex",1,"pc1",0.4875,0.135205257498924,0.0654386860483829
254,"k25_prev50","offindex",1,"fitted",0.5025,0.33850995817372,0.209847615006394
254,"k25_prev50","offindex",1,"pc1",0.5025,0.414919414207002,0.11899562739454
255,"k25_prev50","offindex",1,"fitted",0.495,0.298044652515916,0.0746962043978434
255,"k25_prev50","offindex",1,"pc1",0.495,0.587701356662453,0.66262998108514
256,"k25_prev50","offindex",1,"fitted",0.49,0.232408675866066,0.680609191066726
256,"k25_prev50","offindex",1,"pc1",0.49,0.913053401437889,0.449949552739472
257,"k25_prev50","offindex",1,"fitted",0.515,0.25799068798651,0.487000007457154
257,"k25_prev50","offindex",1,"pc1",0.515,0.426010922963966,0.0788905221176541
258,"k25_prev50","offindex",1,"fitted",0.4725,0.617778567898634,0.58402524480722
258,"k25_prev50","offindex",1,"pc1",0.4725,0.326818357226529,0.79400673597425
259,"k25_prev50","offindex",1,"fitted",0.525,0.473488661415127,0.606774063357145
259,"k25_prev50","offindex",1,"pc1",0.525,0.855316751789131,0.948106312236709
260,"k25_prev50","offindex",1,"fitted",0.5225,0.553874587099266,0.916858390795981
260,"k25_prev50","offindex",1,"pc1",0.5225,0.918176976816801,0.870158143485053
261,"k25_prev50","offindex",1,"fitted",0.51,0.836334593382842,0.932478322632001
261,"k25_prev50","offindex",1,"pc1",0.51,0.695784523197955,0.869454426355688
262,"k25_prev50","offindex",1,"fitted",0.5125,0.692985053564353,0.712132108674216
262,"k25_prev50","offindex",1,"pc1",0.5125,0.789945675117848,0.673329340155094
263,"k25_prev50","offindex",1,"fitted",0.4875,0.715875993929185,0.134800745608916
263,"k25_prev50","offindex",1,"pc1",0.4875,0.440880240676297,0.381934510657037
264,"k25_prev50","offindex",1,"fitted",0.5,0.947052083693861,0.720629999088986
264,"k25_prev50","offindex",1,"pc1",0.5,0.71762020485822,0.292862963894384
265,"k25_prev50","offindex",1,"fitted",0.4875,0.800161694363995,0.288807235786039
265,"k25_prev50","offindex",1,"pc1",0.4875,0.992632160283606,0.906993365871812
266,"k25_prev50","offindex",1,"fitted",0.495,0.0633424040477948,0.915757304864523
266,"k25_prev50","offindex",1,"pc1",0.495,0.295952140308152,0.122555950154835
267,"k25_prev50","offindex",1,"fitted",0.4875,0.506742723463133,0.712091536622544
267,"k25_prev50","offindex",1,"pc1",0.4875,0.676905254747947,0.432905011036748
268,"k25_prev50","offindex",1,"fitted",0.5225,0.966553677631254,0.589708278849733
268,"k25_prev50","offindex",1,"pc1",0.5225,0.234560645144374,0.720532083723156
269,"k25_prev50","offindex",1,"fitted",0.505,0.128395127911,0.496253420424426
269,"k25_prev50","offindex",1,"pc1",0.505,0.90453297805819,0.959380020120655
270,"k25_prev50","offindex",1,"fitted",0.49,0.922832914290926,0.306049480923909
270,"k25_prev50","offindex",1,"pc1",0.49,0.315460103781108,0.712900586349194
271,"k25_prev50","offindex",1,"fitted",0.5075,0.258687275233449,0.435750619356707
271,"k25_prev50","offindex",1,"pc1",0.5075,0.961361487340904,0.182491382902593
272,"k25_prev50","offindex",1,"fitted",0.4875,0.673726354197917,0.768561174649487
272,"k25_prev50","offindex",1,"pc1",0.4875,0.185777031257978,0.146294195563294
273,"k25_prev50","offindex",1,"fitted",0.4725,0.3851125110701,0.593604819292129
273,"k25_prev50","offindex",1,"pc1",0.4725,0.52929886136573,0.330215473482825
274,"k25_prev50","offindex",1,"fitted",0.465,0.054605550846895,0.0792037191678931
274,"k25_prev50","offindex",1,"pc1",0.465,0.720858226049134,0.870290802420474
275,"k25_prev50","offindex",1,"fitted",0.52,0.0396189802561857,0.762347589885243
275,"k25_prev50","offindex",1,"pc1",0.52,0.224406535251845,0.618401797267368
276,"k25_prev50","offindex",1,"fitted",0.5025,0.241944658849785,0.341540126588303
276,"k25_prev50","offindex",1,"pc1",0.5025,0.199374645118302,0.633274226307695
277,"k25_prev50","offindex",1,"fitted",0.4975,0.903898791998307,0.73161594905401
277,"k25_prev50","offindex",1,"pc1",0.4975,0.156706836700949,0.952321028305867
278,"k25_prev50","offindex",1,"fitted",0.5475,0.957666892738226,0.909995200099124
278,"k25_prev50","offindex",1,"pc1",0.5475,0.739440336095733,0.178841899547421
279,"k25_prev50","offindex",1,"fitted",0.4975,0.62391819757964,0.148924432732001
279,"k25_prev50","offindex",1,"pc1",0.4975,0.349941052367635,0.233349797146465
280,"k25_prev50","offindex",1,"fitted",0.4975,0.763971757273801,0.806834785321227
280,"k25_prev50","offindex",1,"pc1",0.4975,0.781577359702028,0.815553042485793
281,"k25_prev50","offindex",1,"fitted",0.49,0.467149215281833,0.574259736472493
281,"k25_prev50","offindex",1,"pc1",0.49,0.061590498169425,0.938435197126056
282,"k25_prev50","offindex",1,"fitted",0.475,0.895509704103197,0.986537406557877
282,"k25_prev50","offindex",1,"pc1",0.475,0.263502726219707,0.671480629422251
283,"k25_prev50","offindex",1,"fitted",0.48,0.382949536595539,0.290088141612841
283,"k25_prev50","offindex",1,"pc1",0.48,0.079840978419393,0.0134806635903866
284,"k25_prev50","offindex",1,"fitted",0.4975,0.0801429932106762,0.945304095366164
284,"k25_prev50","offindex",1,"pc1",0.4975,0.182484033923664,0.652395130596545
285,"k25_prev50","offindex",1,"fitted",0.515,0.39490489497501,0.828583835385395
285,"k25_prev50","offindex",1,"pc1",0.515,0.519190511185721,0.669234751697057
286,"k25_prev50","offindex",1,"fitted",0.4825,0.345786991859446,0.261342409871133
286,"k25_prev50","offindex",1,"pc1",0.4825,0.798432779241424,0.58001031111232
287,"k25_prev50","offindex",1,"fitted",0.52,0.731364258769955,0.317222101822217
287,"k25_prev50","offindex",1,"pc1",0.52,0.777391274240245,0.406208304479917
288,"k25_prev50","offindex",1,"fitted",0.5175,0.898503813313446,0.442031137016417
288,"k25_prev50","offindex",1,"pc1",0.5175,0.292925302657511,0.400148111609298
289,"k25_prev50","offindex",1,"fitted",0.4875,0.17429110425165,0.705439817801056
289,"k25_prev50","offindex",1,"pc1",0.4875,0.706232775482714,0.0961335049173201
290,"k25_prev50","offindex",1,"fitted",0.495,0.753625210007491,0.925251260207899
290,"k25_prev50","offindex",1,"pc1",0.495,0.260715137994023,0.224023865495355
291,"k25_prev50","offindex",1,"fitted",0.4525,0.787407713229011,0.810923545233217
291,"k25_prev50","offindex",1,"pc1",0.4525,0.345876117973063,0.426394864968641
292,"k25_prev50","offindex",1,"fitted",0.495,0.00565254053856123,0.24356703845625
292,"k25_prev50","offindex",1,"pc1",0.495,0.839058136069631,0.666012862241912
293,"k25_prev50","offindex",1,"fitted",0.5075,0.641176600014341,0.707690758984314
293,"k25_prev50","offindex",1,"pc1",0.5075,0.690120296810063,0.469132004976001
294,"k25_prev50","offindex",1,"fitted",0.5025,0.38340555910284,0.519132867582899
294,"k25_prev50","offindex",1,"pc1",0.5025,0.434423079234343,0.318740828586334
295,"k25_prev50","offindex",1,"fitted",0.4725,0.857101048253444,0.68692894051841
295,"k25_prev50","offindex",1,"pc1",0.4725,0.824970575094053,0.859723702856974
296,"k25_prev50","offindex",1,"fitted",0.4925,0.717891267205161,0.843505084933219
296,"k25_prev50","offindex",1,"pc1",0.4925,0.815225834330679,0.921171527788019
297,"k25_prev50","offindex",1,"fitted",0.5,0.195494532898367,0.453332799416103
297,"k25_prev50","offindex",1,"pc1",0.5,0.788273652598733,0.340761458678763
298,"k25_prev50","offindex",1,"fitted",0.4775,0.809584611566693,0.432039732050591
298,"k25_prev50","offindex",1,"pc1",0.4775,0.476110391429334,0.631449752904093
299,"k25_prev50","offindex",1,"fitted",0.5,0.240495637955864,0.366958343311325
299,"k25_prev50","offindex",1,"pc1",0.5,0.756149841332451,0.598227232136089
300,"k25_prev50","offindex",1,"fitted",0.515,0.624781387361585,0.935239529339606
300,"k25_prev50","offindex",1,"pc1",0.515,0.568915083119546,0.33600355040089
301,"k25_prev50","offindex",1,"fitted",0.525,0.00773632170229066,0.963226328286597
301,"k25_prev50","offindex",1,"pc1",0.525,0.0538087276890488,0.563095903675422
302,"k25_prev50","offindex",1,"fitted",0.5,0.568951003541943,0.211257930231879
302,"k25_prev50","offindex",1,"pc1",0.5,0.186705792227321,0.0484763271887619
303,"k25_prev50","offindex",1,"fitted",0.505,0.855828257015093,0.7835585908575
303,"k25_prev50","offindex",1,"pc1",0.505,0.984128687894153,0.917754095576337
304,"k25_prev50","offindex",1,"fitted",0.485,0.0733807065451474,0.836081657258646
304,"k25_prev50","offindex",1,"pc1",0.485,0.191082859628482,0.157672822202665
305,"k25_prev50","offindex",1,"fitted",0.5,0.976799111385099,0.858450510065932
305,"k25_prev50","offindex",1,"pc1",0.5,0.706885176777009,0.0558224595524667
306,"k25_prev50","offindex",1,"fitted",0.52,0.825151704051396,0.887201535028178
306,"k25_prev50","offindex",1,"pc1",0.52,0.784682325803219,0.219891136836275
307,"k25_prev50","offindex",1,"fitted",0.5025,0.384007447526658,0.070328375216569
307,"k25_prev50","offindex",1,"pc1",0.5025,0.257442122097059,0.631258627050441
308,"k25_prev50","offindex",1,"fitted",0.5225,0.970211075209299,0.225069426190035
308,"k25_prev50","offindex",1,"pc1",0.5225,0.372120101409962,0.24269788991955
309,"k25_prev50","offindex",1,"fitted",0.4925,0.232927029798744,0.868705629286324
309,"k25_prev50","offindex",1,"pc1",0.4925,0.431155056220892,0.386090066012977
310,"k25_prev50","offindex",1,"fitted",0.4725,0.784318495763339,0.259797076789343
310,"k25_prev50","offindex",1,"pc1",0.4725,0.902087291600808,0.574881104697446
311,"k25_prev50","offindex",1,"fitted",0.475,0.369256225547682,0.294384807520014
311,"k25_prev50","offindex",1,"pc1",0.475,0.999658032037862,0.947569920621997
312,"k25_prev50","offindex",1,"fitted",0.505,0.509794971187597,0.717416513219459
312,"k25_prev50","offindex",1,"pc1",0.505,0.98659432283604,0.686900978233258
313,"k25_prev50","offindex",1,"fitted",0.5025,0.725038692666829,0.86013597132783
313,"k25_prev50","offindex",1,"pc1",0.5025,0.624213726701725,0.335347697839193
314,"k25_prev50","offindex",1,"fitted",0.5,0.610738680057324,0.490477084378498
314,"k25_prev50","offindex",1,"pc1",0.5,0.802324707588217,0.811856033003791
315,"k25_prev50","offindex",1,"fitted",0.465,0.90035971113583,0.77019571333219
315,"k25_prev50","offindex",1,"pc1",0.465,0.730608144262367,0.845863316717185
316,"k25_prev50","offindex",1,"fitted",0.5125,0.520558686069504,0.475374357573592
316,"k25_prev50","offindex",1,"pc1",0.5125,0.673026320627043,0.867320961705125
317,"k25_prev50","offindex",1,"fitted",0.4875,0.646369409865152,0.582548218274228
317,"k25_prev50","offindex",1,"pc1",0.4875,0.45129335301052,0.291489215569176
318,"k25_prev50","offindex",1,"fitted",0.4875,0.807453321738238,0.749548989819749
318,"k25_prev50","offindex",1,"pc1",0.4875,0.732613378413578,0.537975251874547
319,"k25_prev50","offindex",1,"fitted",0.485,0.955810276819665,0.375348687671017
319,"k25_prev50","offindex",1,"pc1",0.485,0.0672862313799631,0.0510137040506542
320,"k25_prev50","offindex",1,"fitted",0.525,0.0639109169086649,0.81893070826208
320,"k25_prev50","offindex",1,"pc1",0.525,0.681791464709562,0.846919978195191
321,"k25_prev50","offindex",1,"fitted",0.5075,0.770342700860359,0.27897891154647
321,"k25_prev50","offindex",1,"pc1",0.5075,0.376040588701342,0.0382650231243994
322,"k25_prev50","offindex",1,"fitted",0.525,0.108590457853296,0.0918531032074303
322,"k25_prev50","offindex",1,"pc1",0.525,0.700429471858349,0.672073935411595
323,"k25_prev50","offindex",1,"fitted",0.5175,0.188073487896704,0.31510788639996
323,"k25_prev50","offindex",1,"pc1",0.5175,0.697727859906683,0.189897967112309
324,"k25_prev50","offindex",1,"fitted",0.485,0.327640451492097,0.998890713204619
324,"k25_prev50","offindex",1,"pc1",0.485,0.0690808397267849,0.0577554968461131
325,"k25_prev50","offindex",1,"fitted",0.5125,0.0205827947897081,0.553657742471384
325,"k25_prev50","offindex",1,"pc1",0.5125,0.191485300410708,0.604293966410514
326,"k25_prev50","offindex",1,"fitted",0.49,0.691803311203598,0.142384476540695
326,"k25_prev50","offindex",1,"pc1",0.49,0.38255730969821,0.871840908740377
327,"k25_prev50","offindex",1,"fitted",0.4825,0.974865888453395,0.825675902151606
327,"k25_prev50","offindex",1,"pc1",0.4825,0.116333043715252,0.572874436792188
328,"k25_prev50","offindex",1,"fitted",0.515,0.885466222062168,0.836093292592943
328,"k25_prev50","offindex",1,"pc1",0.515,0.433569656730204,0.96661691745285
329,"k25_prev50","offindex",1,"fitted",0.5025,0.681119542739438,0.612702707686046
329,"k25_prev50","offindex",1,"pc1",0.5025,0.863152142475905,0.607609581522137
330,"k25_prev50","offindex",1,"fitted",0.4675,0.0249891195389478,0.00126576790584376
330,"k25_prev50","offindex",1,"pc1",0.4675,0.479345808706592,0.923519187356854
331,"k25_prev50","offindex",1,"fitted",0.5025,0.702784428068982,0.16406362209624
331,"k25_prev50","offindex",1,"pc1",0.5025,0.213635906336202,0.242961601901286
332,"k25_prev50","offindex",1,"fitted",0.49,0.0635807802407891,0.7010041322405
332,"k25_prev50","offindex",1,"pc1",0.49,0.295543410575174,0.671631693159637
333,"k25_prev50","offindex",1,"fitted",0.5125,0.808583716965082,0.586543743747554
333,"k25_prev50","offindex",1,"pc1",0.5125,0.212186933215745,0.621315219766657
334,"k25_prev50","offindex",1,"fitted",0.4925,0.283021448458913,0.339918638140618
334,"k25_prev50","offindex",1,"pc1",0.4925,0.570043274914886,0.0553782883047542
335,"k25_prev50","offindex",1,"fitted",0.5425,0.721206913848859,0.166481047172886
335,"k25_prev50","offindex",1,"pc1",0.5425,0.943239114738382,0.146087522874872
336,"k25_prev50","offindex",1,"fitted",0.49,0.62685211437415,0.599084482634446
336,"k25_prev50","offindex",1,"pc1",0.49,0.0537521836047108,0.103419261488087
337,"k25_prev50","offindex",1,"fitted",0.5175,0.869551476847773,0.869003150793235
337,"k25_prev50","offindex",1,"pc1",0.5175,0.130482882173542,0.160215098601698
338,"k25_prev50","offindex",1,"fitted",0.515,0.878903565516909,0.646097703751695
338,"k25_prev50","offindex",1,"pc1",0.515,0.604428800334754,0.409825747809468
339,"k25_prev50","offindex",1,"fitted",0.5025,0.15209229144608,0.448092825381559
339,"k25_prev50","offindex",1,"pc1",0.5025,0.223959487081998,0.169613908581341
340,"k25_prev50","offindex",1,"fitted",0.5275,0.230416699082686,0.773661464983162
340,"k25_prev50","offindex",1,"pc1",0.5275,0.0802936997783261,0.435635778928611
341,"k25_prev50","offindex",1,"fitted",0.4975,0.83206916030297,0.497926622355704
341,"k25_prev50","offindex",1,"pc1",0.4975,0.598157981362573,0.258717563600051
342,"k25_prev50","offindex",1,"fitted",0.5225,0.531622226748029,0.766361929642636
342,"k25_prev50","offindex",1,"pc1",0.5225,0.838283905341412,0.417529031835
343,"k25_prev50","offindex",1,"fitted",0.51,9.64052398080284e-05,0.388967689030694
343,"k25_prev50","offindex",1,"pc1",0.51,0.98878501846384,0.551636588642595
344,"k25_prev50","offindex",1,"fitted",0.5,0.264188756166184,0.64128096125527
344,"k25_prev50","offindex",1,"pc1",0.5,0.226891368597496,0.600028017657218
345,"k25_prev50","offindex",1,"fitted",0.4625,0.919222542408605,0.621542877591279
345,"k25_prev50","offindex",1,"pc1",0.4625,0.885621293972766,0.936210355441316
346,"k25_prev50","offindex",1,"fitted",0.5,0.844105626787249,0.3345948928003
346,"k25_prev50","offindex",1,"pc1",0.5,0.43407522154043,0.570152147974177
347,"k25_prev50","offindex",1,"fitted",0.4875,0.87776072404494,0.719081049426742
347,"k25_prev50","offindex",1,"pc1",0.4875,0.872903918999003,0.573077614197179
348,"k25_prev50","offindex",1,"fitted",0.51,0.76103630823529,0.589457591878061
348,"k25_prev50","offindex",1,"pc1",0.51,0.539809322845076,0.840969144082927
349,"k25_prev50","offindex",1,"fitted",0.48,0.220180038148513,0.0307831927865339
349,"k25_prev50","offindex",1,"pc1",0.48,0.630219928662513,0.94032828799461
350,"k25_prev50","offindex",1,"fitted",0.475,0.315329255422149,0.616261003348096
350,"k25_prev50","offindex",1,"pc1",0.475,0.589928182473834,0.706020855611642
351,"k25_prev50","offindex",1,"fitted",0.5125,0.254496008352988,0.439603968845954
351,"k25_prev50","offindex",1,"pc1",0.5125,0.77734359161622,0.268044209797272
352,"k25_prev50","offindex",1,"fitted",0.515,0.959960110120931,0.926594454498246
352,"k25_prev50","offindex",1,"pc1",0.515,0.156266441166035,0.849890404553245
353,"k25_prev50","offindex",1,"fitted",0.5,0.890580861651742,0.695156357449006
353,"k25_prev50","offindex",1,"pc1",0.5,0.875596651077908,0.8440149436785
354,"k25_prev50","offindex",1,"fitted",0.485,0.0865243936476692,0.114143175875244
354,"k25_prev50","offindex",1,"pc1",0.485,0.215650094424787,0.644835890864525
355,"k25_prev50","offindex",1,"fitted",0.47,0.253630327156296,0.0671180322645448
355,"k25_prev50","offindex",1,"pc1",0.47,0.393214242990658,0.12433459335697
356,"k25_prev50","offindex",1,"fitted",0.49,0.984545706884935,0.290964020072425
356,"k25_prev50","offindex",1,"pc1",0.49,0.585160477014193,0.619676117632285
357,"k25_prev50","offindex",1,"fitted",0.4675,0.497160210266348,0.554917448342537
357,"k25_prev50","offindex",1,"pc1",0.4675,0.510752327906027,0.652999943071169
358,"k25_prev50","offindex",1,"fitted",0.495,0.0926574180822877,0.0943404432663411
358,"k25_prev50","offindex",1,"pc1",0.495,0.523003575970408,0.862078862473299
359,"k25_prev50","offindex",1,"fitted",0.5025,0.358947071012104,0.319955667775952
359,"k25_prev50","offindex",1,"pc1",0.5025,0.19440249670211,0.0818226943413765
360,"k25_prev50","offindex",1,"fitted",0.4675,0.051954490597154,0.793155650950222
360,"k25_prev50","offindex",1,"pc1",0.4675,0.64459858320268,0.0982829784221452
361,"k25_prev50","offindex",1,"fitted",0.5,0.104051590735187,0.551415154467109
361,"k25_prev50","offindex",1,"pc1",0.5,0.76405332938482,0.260030835832768
362,"k25_prev50","offindex",1,"fitted",0.5175,0.598288006338376,0.0982030468513769
362,"k25_prev50","offindex",1,"pc1",0.5175,0.416117215892685,0.593599586760451
363,"k25_prev50","offindex",1,"fitted",0.515,0.087768026491676,0.259974751995735
363,"k25_prev50","offindex",1,"pc1",0.515,0.628582693959844,0.454839673016436
364,"k25_prev50","offindex",1,"fitted",0.5075,0.826587508377919,0.8458031681953
364,"k25_prev50","offindex",1,"pc1",0.5075,0.408704191886141,0.705078017742875
365,"k25_prev50","offindex",1,"fitted",0.4775,0.833615526957166,0.360076208473778
365,"k25_prev50","offindex",1,"pc1",0.4775,0.775116831445234,0.193774060852804
366,"k25_prev50","offindex",1,"fitted",0.5025,0.417286521750389,0.106053573325827
366,"k25_prev50","offindex",1,"pc1",0.5025,0.316571540410873,0.247346666754404
367,"k25_prev50","offindex",1,"fitted",0.4975,0.693627203308345,0.95708061395164
367,"k25_prev50","offindex",1,"pc1",0.4975,0.691054482083505,0.228101189387993
368,"k25_prev50","offindex",1,"fitted",0.4875,0.362424619620319,0.890205194722343
368,"k25_prev50","offindex",1,"pc1",0.4875,0.216294101707118,0.112555960256026
369,"k25_prev50","offindex",1,"fitted",0.5125,0.252062013857582,0.609343631127274
369,"k25_prev50","offindex",1,"pc1",0.5125,0.581786246232504,0.23031093715682
370,"k25_prev50","offindex",1,"fitted",0.51,0.586686202416102,0.171916596908603
370,"k25_prev50","offindex",1,"pc1",0.51,0.407371320160606,0.565622096368351
371,"k25_prev50","offindex",1,"fitted",0.4875,0.208481784157483,0.966705655910529
371,"k25_prev50","offindex",1,"pc1",0.4875,0.797604176497005,0.968331618991047
372,"k25_prev50","offindex",1,"fitted",0.5125,0.893933092206466,0.278349729653171
372,"k25_prev50","offindex",1,"pc1",0.5125,0.54631564696764,0.0442381677933437
373,"k25_prev50","offindex",1,"fitted",0.445,0.269857347599215,0.522819261382752
373,"k25_prev50","offindex",1,"pc1",0.445,0.198783580740221,0.260163519263444
374,"k25_prev50","offindex",1,"fitted",0.51,0.173404919869309,0.0216110382055554
374,"k25_prev50","offindex",1,"pc1",0.51,0.318423233957012,0.678072124288554
375,"k25_prev50","offindex",1,"fitted",0.5,0.113567695226157,0.25925522478249
375,"k25_prev50","offindex",1,"pc1",0.5,0.516217763156922,0.783538998624936
376,"k25_prev50","offindex",1,"fitted",0.5125,0.442077563818604,0.355969711004945
376,"k25_prev50","offindex",1,"pc1",0.5125,0.587859789279938,0.311723013550938
377,"k25_prev50","offindex",1,"fitted",0.48,0.256768675309935,0.366639191054933
377,"k25_prev50","offindex",1,"pc1",0.48,0.145277939459306,0.057600808671272
378,"k25_prev50","offindex",1,"fitted",0.4875,0.185628701168625,0.917091568031439
378,"k25_prev50","offindex",1,"pc1",0.4875,0.470444948430276,0.673024318689358
379,"k25_prev50","offindex",1,"fitted",0.4975,0.783029778385788,0.984517660649767
379,"k25_prev50","offindex",1,"pc1",0.4975,0.989065157631708,0.733448479790238
380,"k25_prev50","offindex",1,"fitted",0.5375,0.301313672421801,0.335840746581752
380,"k25_prev50","offindex",1,"pc1",0.5375,0.465757384717631,0.28388056570988
381,"k25_prev50","offindex",1,"fitted",0.4825,0.998529530127102,0.72530178535626
381,"k25_prev50","offindex",1,"pc1",0.4825,0.821860585572704,0.370256327393993
382,"k25_prev50","offindex",1,"fitted",0.475,0.668846262313367,0.51931815345761
382,"k25_prev50","offindex",1,"pc1",0.475,0.520373771313952,0.673509955367462
383,"k25_prev50","offindex",1,"fitted",0.51,0.253274094462502,0.336743895877105
383,"k25_prev50","offindex",1,"pc1",0.51,0.223250124901994,0.105809616402798
384,"k25_prev50","offindex",1,"fitted",0.505,0.54776364249883,0.943678729328468
384,"k25_prev50","offindex",1,"pc1",0.505,0.243124749888336,0.335743406517834
385,"k25_prev50","offindex",1,"fitted",0.4875,0.265015454957138,0.555405547246493
385,"k25_prev50","offindex",1,"pc1",0.4875,0.425739179903482,0.530298564734685
386,"k25_prev50","offindex",1,"fitted",0.5175,0.0603181401974898,0.0387074034127188
386,"k25_prev50","offindex",1,"pc1",0.5175,0.285811944729907,0.0849332996914864
387,"k25_prev50","offindex",1,"fitted",0.535,0.872074911225924,0.711206065611165
387,"k25_prev50","offindex",1,"pc1",0.535,0.797614156376404,0.706071877908511
388,"k25_prev50","offindex",1,"fitted",0.505,0.911854553002156,0.689585997941294
388,"k25_prev50","offindex",1,"pc1",0.505,0.0051492543802133,0.558824806552431
389,"k25_prev50","offindex",1,"fitted",0.4875,0.322426033667118,0.403869090014122
389,"k25_prev50","offindex",1,"pc1",0.4875,0.25485804579541,0.875532861006347
390,"k25_prev50","offindex",1,"fitted",0.4975,0.965673326278042,0.853294768849518
390,"k25_prev50","offindex",1,"pc1",0.4975,0.561019606255523,0.53472510464625
391,"k25_prev50","offindex",1,"fitted",0.475,0.329550831226798,0.668959875902645
391,"k25_prev50","offindex",1,"pc1",0.475,0.417473695691906,0.557606231997424
392,"k25_prev50","offindex",1,"fitted",0.52,0.455122745490165,0.582753497713318
392,"k25_prev50","offindex",1,"pc1",0.52,0.18886431519612,0.855518055064023
393,"k25_prev50","offindex",1,"fitted",0.525,0.394528985491519,0.533238630496166
393,"k25_prev50","offindex",1,"pc1",0.525,0.027666055752292,0.226260976828388
394,"k25_prev50","offindex",1,"fitted",0.5075,0.812354010730259,0.569487372540686
394,"k25_prev50","offindex",1,"pc1",0.5075,0.495072105958962,0.784712282123333
395,"k25_prev50","offindex",1,"fitted",0.46,0.30354287345312,0.0222280127467116
395,"k25_prev50","offindex",1,"pc1",0.46,0.272375147191564,0.331448350126898
396,"k25_prev50","offindex",1,"fitted",0.48,0.402077097637145,0.79940825183347
396,"k25_prev50","offindex",1,"pc1",0.48,0.964042117897654,0.506246998076032
397,"k25_prev50","offindex",1,"fitted",0.5075,0.592025850740495,0.170136499095875
397,"k25_prev50","offindex",1,"pc1",0.5075,0.472113886761669,0.0290580689238331
398,"k25_prev50","offindex",1,"fitted",0.5025,0.720989719787241,0.565276576574191
398,"k25_prev50","offindex",1,"pc1",0.5025,0.800879216511797,0.534767762709581
399,"k25_prev50","offindex",1,"fitted",0.5,0.386367287548829,0.4057294159648
399,"k25_prev50","offindex",1,"pc1",0.5,0.499153453946295,0.0968413762688115
400,"k25_prev50","offindex",1,"fitted",0.4875,0.332555869970179,0.318622217911984
400,"k25_prev50","offindex",1,"pc1",0.4875,0.152838707551467,0.499670131891651
1,"k25_prev50","offindex",1.5,"fitted",0.4775,0.587271750069479,0.142811579990644
1,"k25_prev50","offindex",1.5,"pc1",0.4775,0.659098943475419,0.278920504626247
2,"k25_prev50","offindex",1.5,"fitted",0.4775,0.608299958251291,0.392401200110728
2,"k25_prev50","offindex",1.5,"pc1",0.4775,0.909631052189224,0.300693738032365
3,"k25_prev50","offindex",1.5,"fitted",0.4925,0.259277890049099,0.133868664197098
3,"k25_prev50","offindex",1.5,"pc1",0.4925,0.656743667847871,0.0819370616333651
4,"k25_prev50","offindex",1.5,"fitted",0.51,0.489857396405523,0.388537376185725
4,"k25_prev50","offindex",1.5,"pc1",0.51,0.945242199400792,0.927641771295869
5,"k25_prev50","offindex",1.5,"fitted",0.5025,0.323582670903789,0.538181728197265
5,"k25_prev50","offindex",1.5,"pc1",0.5025,0.325565612443402,0.933913872972987
6,"k25_prev50","offindex",1.5,"fitted",0.49,0.566597060283242,0.723842343487814
6,"k25_prev50","offindex",1.5,"pc1",0.49,0.774770545345677,0.542577173941182
7,"k25_prev50","offindex",1.5,"fitted",0.5,0.425215107044835,0.602600359902334
7,"k25_prev50","offindex",1.5,"pc1",0.5,0.449123099754972,0.488965215626729
8,"k25_prev50","offindex",1.5,"fitted",0.53,0.739766016460113,0.543065859204271
8,"k25_prev50","offindex",1.5,"pc1",0.53,0.822221476540675,0.663897256146361
9,"k25_prev50","offindex",1.5,"fitted",0.53,0.231661198491499,0.599357009734973
9,"k25_prev50","offindex",1.5,"pc1",0.53,0.503956925951856,0.535925850077969
10,"k25_prev50","offindex",1.5,"fitted",0.49,0.701255093168901,0.345347275508712
10,"k25_prev50","offindex",1.5,"pc1",0.49,0.744323359218199,0.537992014664186
11,"k25_prev50","offindex",1.5,"fitted",0.5,0.922987116682888,0.851319315473622
11,"k25_prev50","offindex",1.5,"pc1",0.5,0.241909791979686,0.692491508680972
12,"k25_prev50","offindex",1.5,"fitted",0.4875,0.956689727747789,0.463508542197502
12,"k25_prev50","offindex",1.5,"pc1",0.4875,0.482698329635102,0.0505579374674553
13,"k25_prev50","offindex",1.5,"fitted",0.5225,0.959197867650535,0.708183168410751
13,"k25_prev50","offindex",1.5,"pc1",0.5225,0.806861896510441,0.972298430626538
14,"k25_prev50","offindex",1.5,"fitted",0.5175,0.974840966162871,0.311952559351086
14,"k25_prev50","offindex",1.5,"pc1",0.5175,0.616915148535131,0.186447261998036
15,"k25_prev50","offindex",1.5,"fitted",0.4975,0.509755981334409,0.331394957960992
15,"k25_prev50","offindex",1.5,"pc1",0.4975,0.584632920998133,0.871122960475878
16,"k25_prev50","offindex",1.5,"fitted",0.51,0.230136021093897,0.230239896974738
16,"k25_prev50","offindex",1.5,"pc1",0.51,0.100452666680238,0.00424692811662353
17,"k25_prev50","offindex",1.5,"fitted",0.5125,0.72786318872743,0.583334615837694
17,"k25_prev50","offindex",1.5,"pc1",0.5125,0.329358831862795,0.8836883560305
18,"k25_prev50","offindex",1.5,"fitted",0.505,0.104700643224147,0.515442695170223
18,"k25_prev50","offindex",1.5,"pc1",0.505,0.106031148954554,0.0815465604971977
19,"k25_prev50","offindex",1.5,"fitted",0.49,0.563219155136431,0.734621405924417
19,"k25_prev50","offindex",1.5,"pc1",0.49,0.731039240841253,0.495328550089454
20,"k25_prev50","offindex",1.5,"fitted",0.5325,0.464128691365116,0.509075757045092
20,"k25_prev50","offindex",1.5,"pc1",0.5325,0.476704502253791,0.248327570387532
21,"k25_prev50","offindex",1.5,"fitted",0.48,0.923592209721751,0.63592926691502
21,"k25_prev50","offindex",1.5,"pc1",0.48,0.360390368232764,0.804392126647669
22,"k25_prev50","offindex",1.5,"fitted",0.495,0.265994196525258,0.59253646656513
22,"k25_prev50","offindex",1.5,"pc1",0.495,0.590800739020325,0.567853250635774
23,"k25_prev50","offindex",1.5,"fitted",0.4775,0.212067234860334,0.277471499451633
23,"k25_prev50","offindex",1.5,"pc1",0.4775,0.782181400089351,0.710953731927351
24,"k25_prev50","offindex",1.5,"fitted",0.5225,0.939326202932112,0.916910607832446
24,"k25_prev50","offindex",1.5,"pc1",0.5225,0.218827030439005,0.613512206182244
25,"k25_prev50","offindex",1.5,"fitted",0.4975,0.0544493687623976,0.468794672291828
25,"k25_prev50","offindex",1.5,"pc1",0.4975,0.726083067280721,0.153949986850003
26,"k25_prev50","offindex",1.5,"fitted",0.4975,0.399731861751351,0.50849232583816
26,"k25_prev50","offindex",1.5,"pc1",0.4975,0.818605263931769,0.720925971250597
27,"k25_prev50","offindex",1.5,"fitted",0.5225,0.550593257738103,0.243674766177139
27,"k25_prev50","offindex",1.5,"pc1",0.5225,0.365737310272668,0.277142978609112
28,"k25_prev50","offindex",1.5,"fitted",0.5325,0.839022229554797,0.745555093316921
28,"k25_prev50","offindex",1.5,"pc1",0.5325,0.205878524900849,0.606233063453199
29,"k25_prev50","offindex",1.5,"fitted",0.495,0.818974010427459,0.538662719831218
29,"k25_prev50","offindex",1.5,"pc1",0.495,0.463273785781049,0.647606064537597
30,"k25_prev50","offindex",1.5,"fitted",0.4975,0.800497459454724,0.797406423080314
30,"k25_prev50","offindex",1.5,"pc1",0.4975,0.640776009205487,0.761870800750875
31,"k25_prev50","offindex",1.5,"fitted",0.5125,0.132094552197237,0.841360926405589
31,"k25_prev50","offindex",1.5,"pc1",0.5125,0.851640159130606,0.207396132448719
32,"k25_prev50","offindex",1.5,"fitted",0.4725,0.559308334383784,0.109641106155477
32,"k25_prev50","offindex",1.5,"pc1",0.4725,0.80659844353801,0.250605030762599
33,"k25_prev50","offindex",1.5,"fitted",0.4675,0.711485246737199,0.425009978450637
33,"k25_prev50","offindex",1.5,"pc1",0.4675,0.632654013849382,0.0250611060457956
34,"k25_prev50","offindex",1.5,"fitted",0.4975,0.368999924216456,0.0806971864935552
34,"k25_prev50","offindex",1.5,"pc1",0.4975,0.212650173252813,0.260660612416091
35,"k25_prev50","offindex",1.5,"fitted",0.515,0.525877139591561,0.223278974243223
35,"k25_prev50","offindex",1.5,"pc1",0.515,0.778000395207129,0.187773938893482
36,"k25_prev50","offindex",1.5,"fitted",0.49,0.98427785500723,0.5660369352461
36,"k25_prev50","offindex",1.5,"pc1",0.49,0.913506472731982,0.804720364362838
37,"k25_prev50","offindex",1.5,"fitted",0.5175,0.697820033875463,0.73960309041409
37,"k25_prev50","offindex",1.5,"pc1",0.5175,0.638324865972918,0.979420987053735
38,"k25_prev50","offindex",1.5,"fitted",0.495,0.678506149819,0.598946275712521
38,"k25_prev50","offindex",1.5,"pc1",0.495,0.501168341394965,0.877211127612087
39,"k25_prev50","offindex",1.5,"fitted",0.515,0.128997291691882,0.435487653125023
39,"k25_prev50","offindex",1.5,"pc1",0.515,0.036995786285422,0.029247067157849
40,"k25_prev50","offindex",1.5,"fitted",0.465,0.628934198569717,0.993684813574799
40,"k25_prev50","offindex",1.5,"pc1",0.465,0.436944515831862,0.170547716931478
41,"k25_prev50","offindex",1.5,"fitted",0.5,0.513675461186166,0.614429450116069
41,"k25_prev50","offindex",1.5,"pc1",0.5,0.45952574093155,0.167636961361661
42,"k25_prev50","offindex",1.5,"fitted",0.4875,0.17439115176078,0.985115696060392
42,"k25_prev50","offindex",1.5,"pc1",0.4875,0.784301312136104,0.230535119992969
43,"k25_prev50","offindex",1.5,"fitted",0.465,0.4516026310654,0.0881280979218679
43,"k25_prev50","offindex",1.5,"pc1",0.465,0.657302757640249,0.225738655965484
44,"k25_prev50","offindex",1.5,"fitted",0.485,0.16779825601555,0.744587939537885
44,"k25_prev50","offindex",1.5,"pc1",0.485,0.858199884215344,0.623504116118893
45,"k25_prev50","offindex",1.5,"fitted",0.4975,0.929460773840626,0.757549890652852
45,"k25_prev50","offindex",1.5,"pc1",0.4975,0.242393708082121,0.192422921730489
46,"k25_prev50","offindex",1.5,"fitted",0.5,0.61639791791733,0.687793860867002
46,"k25_prev50","offindex",1.5,"pc1",0.5,0.548011587795173,0.897587248181949
47,"k25_prev50","offindex",1.5,"fitted",0.535,0.962570983195781,0.997101696299028
47,"k25_prev50","offindex",1.5,"pc1",0.535,0.624346079413356,0.86909170052878
48,"k25_prev50","offindex",1.5,"fitted",0.505,0.932900858874735,0.632836272596823
48,"k25_prev50","offindex",1.5,"pc1",0.505,0.568821014282572,0.504915983802667
49,"k25_prev50","offindex",1.5,"fitted",0.495,0.622278098344146,0.451628983505287
49,"k25_prev50","offindex",1.5,"pc1",0.495,0.41282257563334,0.661910701190386
50,"k25_prev50","offindex",1.5,"fitted",0.4975,0.435248139977578,0.880540434898264
50,"k25_prev50","offindex",1.5,"pc1",0.4975,0.962756649463967,0.498029162242599
51,"k25_prev50","offindex",1.5,"fitted",0.5125,0.10286672267207,0.287797297741834
51,"k25_prev50","offindex",1.5,"pc1",0.5125,0.432244791990747,0.0715420903060642
52,"k25_prev50","offindex",1.5,"fitted",0.515,0.373068216030578,0.592875075103287
52,"k25_prev50","offindex",1.5,"pc1",0.515,0.447616185825065,0.494476532408871
53,"k25_prev50","offindex",1.5,"fitted",0.48,0.936157542422845,0.177789883297043
53,"k25_prev50","offindex",1.5,"pc1",0.48,0.7762030791962,0.166898143943068
54,"k25_prev50","offindex",1.5,"fitted",0.4975,0.876145122533529,0.210741295086136
54,"k25_prev50","offindex",1.5,"pc1",0.4975,0.158390625304229,0.300267829667776
55,"k25_prev50","offindex",1.5,"fitted",0.4875,0.907435830446397,0.658433960457004
55,"k25_prev50","offindex",1.5,"pc1",0.4875,0.790449114891272,0.580874537522587
56,"k25_prev50","offindex",1.5,"fitted",0.4825,0.808086727628436,0.822546566562483
56,"k25_prev50","offindex",1.5,"pc1",0.4825,0.288028605335364,0.934172373394935
57,"k25_prev50","offindex",1.5,"fitted",0.5,0.741078082882038,0.822110368052934
57,"k25_prev50","offindex",1.5,"pc1",0.5,0.805291351819027,0.274422453466407
58,"k25_prev50","offindex",1.5,"fitted",0.535,0.483432130937879,0.787631340940246
58,"k25_prev50","offindex",1.5,"pc1",0.535,0.222414728623897,0.127594412204105
59,"k25_prev50","offindex",1.5,"fitted",0.5025,0.968217053131829,0.463354590665403
59,"k25_prev50","offindex",1.5,"pc1",0.5025,0.895278402464629,0.812664112811856
60,"k25_prev50","offindex",1.5,"fitted",0.4925,0.181171017121703,0.457813573462779
60,"k25_prev50","offindex",1.5,"pc1",0.4925,0.567874244630604,0.541463291766616
61,"k25_prev50","offindex",1.5,"fitted",0.52,0.74465131750999,0.220929739684
61,"k25_prev50","offindex",1.5,"pc1",0.52,0.551560473336886,0.562415255050215
62,"k25_prev50","offindex",1.5,"fitted",0.5175,0.229906980303011,0.862884022915957
62,"k25_prev50","offindex",1.5,"pc1",0.5175,0.697901022974435,0.757614094848785
63,"k25_prev50","offindex",1.5,"fitted",0.4975,0.957572852223695,0.764450623664848
63,"k25_prev50","offindex",1.5,"pc1",0.4975,0.922590962081906,0.726703783301168
64,"k25_prev50","offindex",1.5,"fitted",0.4975,0.803931943406612,0.127962233952542
64,"k25_prev50","offindex",1.5,"pc1",0.4975,0.401857619161801,0.654733007882601
65,"k25_prev50","offindex",1.5,"fitted",0.5025,0.475038401535913,0.156717088242352
65,"k25_prev50","offindex",1.5,"pc1",0.5025,0.590475954567234,0.184603840231893
66,"k25_prev50","offindex",1.5,"fitted",0.525,0.465316996878773,0.156919068001414
66,"k25_prev50","offindex",1.5,"pc1",0.525,0.685384335655665,0.236928363639277
67,"k25_prev50","offindex",1.5,"fitted",0.5075,0.770263906258749,0.198727606199391
67,"k25_prev50","offindex",1.5,"pc1",0.5075,0.160983661351853,0.0748405629807639
68,"k25_prev50","offindex",1.5,"fitted",0.495,0.978026024076359,0.728092441313852
68,"k25_prev50","offindex",1.5,"pc1",0.495,0.470447561377995,0.494355671135147
69,"k25_prev50","offindex",1.5,"fitted",0.5075,0.981427972100067,0.951251633793748
69,"k25_prev50","offindex",1.5,"pc1",0.5075,0.20470100220897,0.893445498627436
70,"k25_prev50","offindex",1.5,"fitted",0.5125,0.716427056979177,0.261824938709379
70,"k25_prev50","offindex",1.5,"pc1",0.5125,0.437478760034595,0.11509299903876
71,"k25_prev50","offindex",1.5,"fitted",0.5225,0.0971965300477988,0.905635585521225
71,"k25_prev50","offindex",1.5,"pc1",0.5225,0.873727425404662,0.301736804321787
72,"k25_prev50","offindex",1.5,"fitted",0.4825,0.536940604034053,0.743471313177652
72,"k25_prev50","offindex",1.5,"pc1",0.4825,0.369471990997378,0.299224036295026
73,"k25_prev50","offindex",1.5,"fitted",0.49,0.997716817815415,0.724696591111201
73,"k25_prev50","offindex",1.5,"pc1",0.49,0.0196544371287006,0.990236884613986
74,"k25_prev50","offindex",1.5,"fitted",0.48,0.486647975402774,0.762929640606116
74,"k25_prev50","offindex",1.5,"pc1",0.48,0.893328255041914,0.131031821394821
75,"k25_prev50","offindex",1.5,"fitted",0.4825,0.14344532155749,0.442884212034841
75,"k25_prev50","offindex",1.5,"pc1",0.4825,0.50038760445922,0.396669152393159
76,"k25_prev50","offindex",1.5,"fitted",0.495,0.191101459773816,0.137326284003002
76,"k25_prev50","offindex",1.5,"pc1",0.495,0.583375671167847,0.741276228852596
77,"k25_prev50","offindex",1.5,"fitted",0.4775,0.999582126402438,0.765339391374467
77,"k25_prev50","offindex",1.5,"pc1",0.4775,0.748114429050974,0.429243064326947
78,"k25_prev50","offindex",1.5,"fitted",0.5075,0.569170328334019,0.218334085050194
78,"k25_prev50","offindex",1.5,"pc1",0.5075,0.985580505538291,0.603689876980995
79,"k25_prev50","offindex",1.5,"fitted",0.4925,0.0283384945301514,0.966033355727322
79,"k25_prev50","offindex",1.5,"pc1",0.4925,0.11204765966952,0.0151435952865262
80,"k25_prev50","offindex",1.5,"fitted",0.51,0.804252172063054,0.143381299033605
80,"k25_prev50","offindex",1.5,"pc1",0.51,0.172258162454878,0.143736503027074
81,"k25_prev50","offindex",1.5,"fitted",0.52,0.770784841702976,0.776450595858112
81,"k25_prev50","offindex",1.5,"pc1",0.52,0.817028393175605,0.952219526435265
82,"k25_prev50","offindex",1.5,"fitted",0.5025,0.873793323336732,0.371719135807415
82,"k25_prev50","offindex",1.5,"pc1",0.5025,0.817027929407448,0.374205252935687
83,"k25_prev50","offindex",1.5,"fitted",0.5125,0.609649690701804,0.901663048741326
83,"k25_prev50","offindex",1.5,"pc1",0.5125,0.0681518605661703,0.00959619977095927
84,"k25_prev50","offindex",1.5,"fitted",0.5125,0.285764824469211,0.0952569876806553
84,"k25_prev50","offindex",1.5,"pc1",0.5125,0.354026386345264,0.971911625787495
85,"k25_prev50","offindex",1.5,"fitted",0.5,0.369230102459256,0.315790441863202
85,"k25_prev50","offindex",1.5,"pc1",0.5,0.817418319814691,0.537637222610854
86,"k25_prev50","offindex",1.5,"fitted",0.465,0.880559220681534,0.269014962013851
86,"k25_prev50","offindex",1.5,"pc1",0.465,0.508564422927895,0.377983471876708
87,"k25_prev50","offindex",1.5,"fitted",0.495,0.195587023699993,0.198045684797121
87,"k25_prev50","offindex",1.5,"pc1",0.495,0.930939359448357,0.434119203769714
88,"k25_prev50","offindex",1.5,"fitted",0.4925,0.879139943045265,0.951992383288641
88,"k25_prev50","offindex",1.5,"pc1",0.4925,0.646635778072994,0.671608003829218
89,"k25_prev50","offindex",1.5,"fitted",0.4825,0.435821604426207,0.675237080345671
89,"k25_prev50","offindex",1.5,"pc1",0.4825,0.50201411913166,0.842196856111472
90,"k25_prev50","offindex",1.5,"fitted",0.5075,0.463188435487685,0.541534846547129
90,"k25_prev50","offindex",1.5,"pc1",0.5075,0.441194299213087,0.652698607926381
91,"k25_prev50","offindex",1.5,"fitted",0.485,0.238378027461768,0.961091635884995
91,"k25_prev50","offindex",1.5,"pc1",0.485,0.649007567402467,0.428591816244735
92,"k25_prev50","offindex",1.5,"fitted",0.5075,0.416014130731679,0.498028280942923
92,"k25_prev50","offindex",1.5,"pc1",0.5075,0.194365690090691,0.00746826433042247
93,"k25_prev50","offindex",1.5,"fitted",0.49,0.402197928035625,0.325850657553128
93,"k25_prev50","offindex",1.5,"pc1",0.49,0.690457648231705,0.907762058431461
94,"k25_prev50","offindex",1.5,"fitted",0.47,0.0415809791490926,0.035173923585947
94,"k25_prev50","offindex",1.5,"pc1",0.47,0.169272956850124,0.449315589011941
95,"k25_prev50","offindex",1.5,"fitted",0.5025,0.129226263516809,0.0821930231057472
95,"k25_prev50","offindex",1.5,"pc1",0.5025,0.0784511623430367,0.597494284520812
96,"k25_prev50","offindex",1.5,"fitted",0.475,0.919414081788021,0.388691738340559
96,"k25_prev50","offindex",1.5,"pc1",0.475,0.340403692201491,0.0683725231175621
97,"k25_prev50","offindex",1.5,"fitted",0.4975,0.735513385901278,0.956019458921246
97,"k25_prev50","offindex",1.5,"pc1",0.4975,0.98707606681205,0.593487780535057
98,"k25_prev50","offindex",1.5,"fitted",0.4975,0.793730712592014,0.541651654875006
98,"k25_prev50","offindex",1.5,"pc1",0.4975,0.636524437223987,0.345502356271736
99,"k25_prev50","offindex",1.5,"fitted",0.485,0.415494350339134,0.817173333753093
99,"k25_prev50","offindex",1.5,"pc1",0.485,0.772613632526077,0.749183197537883
100,"k25_prev50","offindex",1.5,"fitted",0.52,0.0276260502790245,0.834703539991934
100,"k25_prev50","offindex",1.5,"pc1",0.52,0.815563627785541,0.567464365792224
101,"k25_prev50","offindex",1.5,"fitted",0.4625,0.75969794349607,0.360845237799114
101,"k25_prev50","offindex",1.5,"pc1",0.4625,0.528940045396076,0.557578781358288
102,"k25_prev50","offindex",1.5,"fitted",0.485,0.243155382752241,0.646324578874141
102,"k25_prev50","offindex",1.5,"pc1",0.485,0.0937997545410011,0.237811791319826
103,"k25_prev50","offindex",1.5,"fitted",0.51,0.331534354795485,0.186814509089909
103,"k25_prev50","offindex",1.5,"pc1",0.51,0.671511223042788,0.10600380324391
104,"k25_prev50","offindex",1.5,"fitted",0.53,0.528838104656355,0.538543599263512
104,"k25_prev50","offindex",1.5,"pc1",0.53,0.684130616744156,0.615614692413634
105,"k25_prev50","offindex",1.5,"fitted",0.495,0.239749749154691,0.335995662395254
105,"k25_prev50","offindex",1.5,"pc1",0.495,0.867094572782728,0.507746315920489
106,"k25_prev50","offindex",1.5,"fitted",0.5075,0.921030820382086,0.597913852246853
106,"k25_prev50","offindex",1.5,"pc1",0.5075,0.950089688497243,0.624191208336439
107,"k25_prev50","offindex",1.5,"fitted",0.475,0.216927700484412,0.210962014647537
107,"k25_prev50","offindex",1.5,"pc1",0.475,0.0986073530660759,0.338586930496658
108,"k25_prev50","offindex",1.5,"fitted",0.4875,0.290185880131176,0.0963252760099153
108,"k25_prev50","offindex",1.5,"pc1",0.4875,0.529457604244893,0.678766500578128
109,"k25_prev50","offindex",1.5,"fitted",0.5275,0.818372790119759,0.361591219495946
109,"k25_prev50","offindex",1.5,"pc1",0.5275,0.113601335950392,0.373824603569478
110,"k25_prev50","offindex",1.5,"fitted",0.475,0.361397277982584,0.680851455496246
110,"k25_prev50","offindex",1.5,"pc1",0.475,0.294090348825345,0.142332516446701
111,"k25_prev50","offindex",1.5,"fitted",0.495,0.645486605446496,0.291206685459776
111,"k25_prev50","offindex",1.5,"pc1",0.495,0.517116197376553,0.932835004723441
112,"k25_prev50","offindex",1.5,"fitted",0.4875,0.452603745371284,0.466323422292804
112,"k25_prev50","offindex",1.5,"pc1",0.4875,0.254826895767476,0.0237458776429235
113,"k25_prev50","offindex",1.5,"fitted",0.515,0.964839654763221,0.251170664025482
113,"k25_prev50","offindex",1.5,"pc1",0.515,0.409125136622687,0.296779194070117
114,"k25_prev50","offindex",1.5,"fitted",0.53,0.992280577033755,0.697295104533693
114,"k25_prev50","offindex",1.5,"pc1",0.53,0.0173659308506841,0.0475334302314379
115,"k25_prev50","offindex",1.5,"fitted",0.5075,0.156101082915677,0.548294806040912
115,"k25_prev50","offindex",1.5,"pc1",0.5075,0.615446925898005,0.435773660531255
116,"k25_prev50","offindex",1.5,"fitted",0.5175,0.668215396282417,0.574369674392717
116,"k25_prev50","offindex",1.5,"pc1",0.5175,0.795041730117159,0.550056502440162
117,"k25_prev50","offindex",1.5,"fitted",0.48,0.561877437951393,0.876544748148086
117,"k25_prev50","offindex",1.5,"pc1",0.48,0.844957396077571,0.841344555221057
118,"k25_prev50","offindex",1.5,"fitted",0.4975,0.438356702450613,0.907017337832593
118,"k25_prev50","offindex",1.5,"pc1",0.4975,0.301936301232918,0.313698512526072
119,"k25_prev50","offindex",1.5,"fitted",0.5,0.317910826200382,0.313594739706636
119,"k25_prev50","offindex",1.5,"pc1",0.5,0.755357627609322,0.953049345238846
120,"k25_prev50","offindex",1.5,"fitted",0.5125,0.439705620729387,0.622048700270394
120,"k25_prev50","offindex",1.5,"pc1",0.5125,0.404316779058969,0.97012608875719
121,"k25_prev50","offindex",1.5,"fitted",0.515,0.101872908632961,0.487396258039352
121,"k25_prev50","offindex",1.5,"pc1",0.515,0.208916240234153,0.312463876508801
122,"k25_prev50","offindex",1.5,"fitted",0.485,0.901555362058813,0.669787380246527
122,"k25_prev50","offindex",1.5,"pc1",0.485,0.661226565198981,0.89656431049026
123,"k25_prev50","offindex",1.5,"fitted",0.4825,0.149638856004225,0.625205128906988
123,"k25_prev50","offindex",1.5,"pc1",0.4825,0.194201541211537,0.0544979934845948
124,"k25_prev50","offindex",1.5,"fitted",0.5025,0.667671132682613,0.556817684672335
124,"k25_prev50","offindex",1.5,"pc1",0.5025,0.167485971596363,0.16391191447523
125,"k25_prev50","offindex",1.5,"fitted",0.5425,0.464718291832172,0.664009939769263
125,"k25_prev50","offindex",1.5,"pc1",0.5425,0.674862960380938,0.65377872805172
126,"k25_prev50","offindex",1.5,"fitted",0.51,0.906624102576243,0.994684386047498
126,"k25_prev50","offindex",1.5,"pc1",0.51,0.547236074116009,0.924074280246957
127,"k25_prev50","offindex",1.5,"fitted",0.465,0.218632168077321,0.538047244414425
127,"k25_prev50","offindex",1.5,"pc1",0.465,0.877202542070869,0.778872005514213
128,"k25_prev50","offindex",1.5,"fitted",0.49,0.54631569438009,0.861066584857153
128,"k25_prev50","offindex",1.5,"pc1",0.49,0.933868816294874,0.648228579167848
129,"k25_prev50","offindex",1.5,"fitted",0.5025,0.464283101197308,0.0745913236640144
129,"k25_prev50","offindex",1.5,"pc1",0.5025,0.570876644630656,0.943411418599067
130,"k25_prev50","offindex",1.5,"fitted",0.495,0.115735718258356,0.538377246160367
130,"k25_prev50","offindex",1.5,"pc1",0.495,0.439443545948026,0.913987786877048
131,"k25_prev50","offindex",1.5,"fitted",0.5125,0.70376350924844,0.524022613281143
131,"k25_prev50","offindex",1.5,"pc1",0.5125,0.696568461787067,0.129404695424372
132,"k25_prev50","offindex",1.5,"fitted",0.5275,0.45362371291508,0.807837617191643
132,"k25_prev50","offindex",1.5,"pc1",0.5275,0.305044468935,0.526771095215956
133,"k25_prev50","offindex",1.5,"fitted",0.4925,0.297370386910741,0.187518219963396
133,"k25_prev50","offindex",1.5,"pc1",0.4925,0.131433256481292,0.0636232119559538
134,"k25_prev50","offindex",1.5,"fitted",0.505,0.0529928090058989,0.0572781083196313
134,"k25_prev50","offindex",1.5,"pc1",0.505,0.893184508753582,0.834291515533278
135,"k25_prev50","offindex",1.5,"fitted",0.505,0.202003462765178,0.730761554554926
135,"k25_prev50","offindex",1.5,"pc1",0.505,0.688570664214627,0.120705591044754
136,"k25_prev50","offindex",1.5,"fitted",0.5125,0.175318303484793,0.645543955705091
136,"k25_prev50","offindex",1.5,"pc1",0.5125,0.847433267298661,0.810467783728333
137,"k25_prev50","offindex",1.5,"fitted",0.505,0.990570941411776,0.376110606464793
137,"k25_prev50","offindex",1.5,"pc1",0.505,0.676823426514255,0.71716322432762
138,"k25_prev50","offindex",1.5,"fitted",0.51,0.0108365272705505,0.0694815806374902
138,"k25_prev50","offindex",1.5,"pc1",0.51,0.763981882773983,0.93135615607297
139,"k25_prev50","offindex",1.5,"fitted",0.495,0.05226322288816,0.592861891692142
139,"k25_prev50","offindex",1.5,"pc1",0.495,0.948988003658316,0.450669993286006
140,"k25_prev50","offindex",1.5,"fitted",0.49,0.0954570052599604,0.00943923752897846
140,"k25_prev50","offindex",1.5,"pc1",0.49,0.872288921741032,0.65723892319406
141,"k25_prev50","offindex",1.5,"fitted",0.5175,0.993420424823798,0.982198782901504
141,"k25_prev50","offindex",1.5,"pc1",0.5175,0.212678132890611,0.424775044166551
142,"k25_prev50","offindex",1.5,"fitted",0.4975,0.383969503956941,0.504868357270323
142,"k25_prev50","offindex",1.5,"pc1",0.4975,0.976383618057957,0.992961613503121
143,"k25_prev50","offindex",1.5,"fitted",0.515,0.778388339393809,0.674843740827011
143,"k25_prev50","offindex",1.5,"pc1",0.515,0.960443347497154,0.465340180822846
144,"k25_prev50","offindex",1.5,"fitted",0.5175,0.275246683925629,0.851747497881276
144,"k25_prev50","offindex",1.5,"pc1",0.5175,0.310532696738686,0.0992003278169162
145,"k25_prev50","offindex",1.5,"fitted",0.5025,0.434099939250367,0.227599062320373
145,"k25_prev50","offindex",1.5,"pc1",0.5025,0.496824455680543,0.114412198516402
146,"k25_prev50","offindex",1.5,"fitted",0.5075,0.81453446204503,0.506308039669091
146,"k25_prev50","offindex",1.5,"pc1",0.5075,0.616931133577609,0.654789724279708
147,"k25_prev50","offindex",1.5,"fitted",0.51,0.250906420050646,0.0386799022208734
147,"k25_prev50","offindex",1.5,"pc1",0.51,0.65522475367796,0.610690189256757
148,"k25_prev50","offindex",1.5,"fitted",0.4875,0.581530240306499,0.130733186856735
148,"k25_prev50","offindex",1.5,"pc1",0.4875,0.102920671776399,0.598846183361936
149,"k25_prev50","offindex",1.5,"fitted",0.49,0.102744153555029,0.438549979577471
149,"k25_prev50","offindex",1.5,"pc1",0.49,0.197455156888058,0.902938361244553
150,"k25_prev50","offindex",1.5,"fitted",0.4575,0.814668137134723,0.464048465201744
150,"k25_prev50","offindex",1.5,"pc1",0.4575,0.121227583517431,0.272986540975181
151,"k25_prev50","offindex",1.5,"fitted",0.5,0.732301097958912,0.905596115119795
151,"k25_prev50","offindex",1.5,"pc1",0.5,0.585029792374958,0.91938496194323
152,"k25_prev50","offindex",1.5,"fitted",0.5175,0.689137038124013,0.993399333829375
152,"k25_prev50","offindex",1.5,"pc1",0.5175,0.391639673733411,0.353351423608691
153,"k25_prev50","offindex",1.5,"fitted",0.4925,0.613974524967119,0.586162004684213
153,"k25_prev50","offindex",1.5,"pc1",0.4925,0.214819090948241,0.503969279215532
154,"k25_prev50","offindex",1.5,"fitted",0.5225,0.801735870241193,0.097894553856342
154,"k25_prev50","offindex",1.5,"pc1",0.5225,0.019986003964775,0.178641886740937
155,"k25_prev50","offindex",1.5,"fitted",0.4875,0.832197025517389,0.926504439261444
155,"k25_prev50","offindex",1.5,"pc1",0.4875,0.287816391034956,0.854053873664453
156,"k25_prev50","offindex",1.5,"fitted",0.505,0.515486432749692,0.176064708942855
156,"k25_prev50","offindex",1.5,"pc1",0.505,0.655579295871099,0.193296347120061
157,"k25_prev50","offindex",1.5,"fitted",0.4825,0.570681009156857,0.156454228606129
157,"k25_prev50","offindex",1.5,"pc1",0.4825,0.484842590757348,0.410029288898395
158,"k25_prev50","offindex",1.5,"fitted",0.5025,0.503122249839412,0.0631754513708871
158,"k25_prev50","offindex",1.5,"pc1",0.5025,0.211550804863632,0.741242398480865
159,"k25_prev50","offindex",1.5,"fitted",0.495,0.813280958006999,0.342639528045481
159,"k25_prev50","offindex",1.5,"pc1",0.495,0.0172081257252783,0.250942443011561
160,"k25_prev50","offindex",1.5,"fitted",0.4925,0.573357505994735,0.403502162211163
160,"k25_prev50","offindex",1.5,"pc1",0.4925,0.727108178744666,0.159422313680661
161,"k25_prev50","offindex",1.5,"fitted",0.485,0.0500379615169686,0.147839676313423
161,"k25_prev50","offindex",1.5,"pc1",0.485,0.286525941437366,0.571992236629208
162,"k25_prev50","offindex",1.5,"fitted",0.5275,0.186525775998473,0.739603492729525
162,"k25_prev50","offindex",1.5,"pc1",0.5275,0.154879726830382,0.853344978913792
163,"k25_prev50","offindex",1.5,"fitted",0.5225,0.169432044406445,0.155099811444799
163,"k25_prev50","offindex",1.5,"pc1",0.5225,0.290091226882108,0.0241590119742692
164,"k25_prev50","offindex",1.5,"fitted",0.505,0.0996389233987587,0.791460152828112
164,"k25_prev50","offindex",1.5,"pc1",0.505,0.923430989678116,0.606783500629562
165,"k25_prev50","offindex",1.5,"fitted",0.4875,0.962155318708949,0.96637722068874
165,"k25_prev50","offindex",1.5,"pc1",0.4875,0.518000060889956,0.300090955569434
166,"k25_prev50","offindex",1.5,"fitted",0.4875,0.73831374009754,0.873047763420641
166,"k25_prev50","offindex",1.5,"pc1",0.4875,0.392508696176058,0.139502958171029
167,"k25_prev50","offindex",1.5,"fitted",0.5075,0.785161717087898,0.54236966129784
167,"k25_prev50","offindex",1.5,"pc1",0.5075,0.0982580988683388,0.216337578164642
168,"k25_prev50","offindex",1.5,"fitted",0.5375,0.463676207243619,0.110214045233024
168,"k25_prev50","offindex",1.5,"pc1",0.5375,0.244723228686843,0.329517358350472
169,"k25_prev50","offindex",1.5,"fitted",0.4725,0.0289809048469201,0.0213630565876023
169,"k25_prev50","offindex",1.5,"pc1",0.4725,0.765845476364127,0.702680231432477
170,"k25_prev50","offindex",1.5,"fitted",0.51,0.026826683117248,0.104650708499894
170,"k25_prev50","offindex",1.5,"pc1",0.51,0.343827529609885,0.212047084007783
171,"k25_prev50","offindex",1.5,"fitted",0.5,0.607688311777129,0.372608057272911
171,"k25_prev50","offindex",1.5,"pc1",0.5,0.92973348320851,0.859883172143473
172,"k25_prev50","offindex",1.5,"fitted",0.49,0.214412699580523,0.124954348158527
172,"k25_prev50","offindex",1.5,"pc1",0.49,0.643191674144212,0.636671841450964
173,"k25_prev50","offindex",1.5,"fitted",0.4925,0.394191454496739,0.497277566901506
173,"k25_prev50","offindex",1.5,"pc1",0.4925,0.224602224263783,0.293373572626502
174,"k25_prev50","offindex",1.5,"fitted",0.4875,0.27461465971322,0.149290359165722
174,"k25_prev50","offindex",1.5,"pc1",0.4875,0.412776096498988,0.170050132093248
175,"k25_prev50","offindex",1.5,"fitted",0.495,0.266480410499909,0.260917519342124
175,"k25_prev50","offindex",1.5,"pc1",0.495,0.967552444238519,0.805724006053256
176,"k25_prev50","offindex",1.5,"fitted",0.4675,0.0527605772697541,0.674300293195814
176,"k25_prev50","offindex",1.5,"pc1",0.4675,0.875449319243709,0.975442081272751
177,"k25_prev50","offindex",1.5,"fitted",0.485,0.113362130265393,0.972349410253908
177,"k25_prev50","offindex",1.5,"pc1",0.485,0.910221935563092,0.938195060767363
178,"k25_prev50","offindex",1.5,"fitted",0.495,0.357301303779374,0.401546409443664
178,"k25_prev50","offindex",1.5,"pc1",0.495,0.142504763664883,0.354115587800146
179,"k25_prev50","offindex",1.5,"fitted",0.4775,0.0526555184831987,0.519392179459963
179,"k25_prev50","offindex",1.5,"pc1",0.4775,0.328354606804462,0.864544804897852
180,"k25_prev50","offindex",1.5,"fitted",0.5125,0.98092064644833,0.684524217829529
180,"k25_prev50","offindex",1.5,"pc1",0.5125,0.346126334389778,0.663926438911546
181,"k25_prev50","offindex",1.5,"fitted",0.4975,0.181009749698332,0.932494023479643
181,"k25_prev50","offindex",1.5,"pc1",0.4975,0.655404937606934,0.243279021949784
182,"k25_prev50","offindex",1.5,"fitted",0.4925,0.0461784851182314,0.0584487452085903
182,"k25_prev50","offindex",1.5,"pc1",0.4925,0.896236150252261,0.804555517014514
183,"k25_prev50","offindex",1.5,"fitted",0.5025,0.802956714184138,0.245992912231124
183,"k25_prev50","offindex",1.5,"pc1",0.5025,0.343058423344262,0.067437951463708
184,"k25_prev50","offindex",1.5,"fitted",0.515,0.925667825180689,0.805973705686527
184,"k25_prev50","offindex",1.5,"pc1",0.515,0.915252274468652,0.432762363619578
185,"k25_prev50","offindex",1.5,"fitted",0.51,0.15154346515362,0.865377187129521
185,"k25_prev50","offindex",1.5,"pc1",0.51,0.621870976909551,0.230871520306398
186,"k25_prev50","offindex",1.5,"fitted",0.52,0.0840833863289588,0.150088139513462
186,"k25_prev50","offindex",1.5,"pc1",0.52,0.162265304385595,0.702457055642438
187,"k25_prev50","offindex",1.5,"fitted",0.5175,0.75088980267949,0.280027610147335
187,"k25_prev50","offindex",1.5,"pc1",0.5175,0.413955179833111,0.91839292056485
188,"k25_prev50","offindex",1.5,"fitted",0.4975,0.582572992723245,0.184023494823024
188,"k25_prev50","offindex",1.5,"pc1",0.4975,0.53332330206165,0.760379356344085
189,"k25_prev50","offindex",1.5,"fitted",0.5075,0.510586722499744,0.700133521828981
189,"k25_prev50","offindex",1.5,"pc1",0.5075,0.749125188900489,0.201795159636759
190,"k25_prev50","offindex",1.5,"fitted",0.4925,0.623993061289472,0.236092856739026
190,"k25_prev50","offindex",1.5,"pc1",0.4925,0.154193651192416,0.0695514349850359
191,"k25_prev50","offindex",1.5,"fitted",0.535,0.494590910715426,0.336177899617288
191,"k25_prev50","offindex",1.5,"pc1",0.535,0.795838665354189,0.133549401600368
192,"k25_prev50","offindex",1.5,"fitted",0.505,0.977395749933792,0.987024306364227
192,"k25_prev50","offindex",1.5,"pc1",0.505,0.781077860116279,0.587187866615165
193,"k25_prev50","offindex",1.5,"fitted",0.485,0.563669347727872,0.801650397056649
193,"k25_prev50","offindex",1.5,"pc1",0.485,0.639194902697323,0.649291599551836
194,"k25_prev50","offindex",1.5,"fitted",0.5025,0.969209845213478,0.593280113145356
194,"k25_prev50","offindex",1.5,"pc1",0.5025,0.446093745319859,0.0540460234716718
195,"k25_prev50","offindex",1.5,"fitted",0.49,0.175277316292711,0.398528480904784
195,"k25_prev50","offindex",1.5,"pc1",0.49,0.0451452366454264,0.118779998524162
196,"k25_prev50","offindex",1.5,"fitted",0.5225,0.449004974495607,0.744085377469858
196,"k25_prev50","offindex",1.5,"pc1",0.5225,0.994925286721842,0.578542034629753
197,"k25_prev50","offindex",1.5,"fitted",0.49,0.059071284577821,0.213968099973833
197,"k25_prev50","offindex",1.5,"pc1",0.49,0.968570762232402,0.971228412595552
198,"k25_prev50","offindex",1.5,"fitted",0.5025,0.783742151332589,0.464109800880996
198,"k25_prev50","offindex",1.5,"pc1",0.5025,0.808085177898708,0.511491673355908
199,"k25_prev50","offindex",1.5,"fitted",0.505,0.473605470727294,0.349579268963701
199,"k25_prev50","offindex",1.5,"pc1",0.505,0.54707849194692,0.983694635708487
200,"k25_prev50","offindex",1.5,"fitted",0.51,0.0593575445351409,0.133439638084753
200,"k25_prev50","offindex",1.5,"pc1",0.51,0.623092107026841,0.684893422744107
201,"k25_prev50","offindex",1.5,"fitted",0.4975,0.67267996921698,0.280086004813483
201,"k25_prev50","offindex",1.5,"pc1",0.4975,0.233769895555222,0.0877861760546392
202,"k25_prev50","offindex",1.5,"fitted",0.495,0.503228894671934,0.63365936276695
202,"k25_prev50","offindex",1.5,"pc1",0.495,0.972211393914497,0.830474583559466
203,"k25_prev50","offindex",1.5,"fitted",0.4775,0.392653480926136,0.804626933438869
203,"k25_prev50","offindex",1.5,"pc1",0.4775,0.0230070088053497,0.303130906312312
204,"k25_prev50","offindex",1.5,"fitted",0.5275,0.957249561745892,0.839210808950567
204,"k25_prev50","offindex",1.5,"pc1",0.5275,0.230465697352076,0.907747364502743
205,"k25_prev50","offindex",1.5,"fitted",0.4925,0.609767684205151,0.563993301983315
205,"k25_prev50","offindex",1.5,"pc1",0.4925,0.770059835233966,0.735639382795573
206,"k25_prev50","offindex",1.5,"fitted",0.505,0.0621906912913789,0.569244315166201
206,"k25_prev50","offindex",1.5,"pc1",0.505,0.818168461110216,0.263710980565496
207,"k25_prev50","offindex",1.5,"fitted",0.5325,0.296166522551918,0.896386477946064
207,"k25_prev50","offindex",1.5,"pc1",0.5325,0.115544449485048,0.0379529559160913
208,"k25_prev50","offindex",1.5,"fitted",0.5075,0.746232905345553,0.467927438566469
208,"k25_prev50","offindex",1.5,"pc1",0.5075,0.745441793456031,0.456799678050996
209,"k25_prev50","offindex",1.5,"fitted",0.525,0.192576783433829,0.210089733592981
209,"k25_prev50","offindex",1.5,"pc1",0.525,0.233461174145214,0.455692758429803
210,"k25_prev50","offindex",1.5,"fitted",0.515,0.455836661309282,0.159680851616137
210,"k25_prev50","offindex",1.5,"pc1",0.515,0.815528088322961,0.604011700491135
211,"k25_prev50","offindex",1.5,"fitted",0.48,0.411236295861269,0.327426217646985
211,"k25_prev50","offindex",1.5,"pc1",0.48,0.814200398303482,0.26601146360645
212,"k25_prev50","offindex",1.5,"fitted",0.4875,0.0361432961853247,0.473390732316881
212,"k25_prev50","offindex",1.5,"pc1",0.4875,0.855291391682864,0.648691075367352
213,"k25_prev50","offindex",1.5,"fitted",0.495,0.801910604954357,0.851880956361406
213,"k25_prev50","offindex",1.5,"pc1",0.495,0.0534526503176413,0.139233228657607
214,"k25_prev50","offindex",1.5,"fitted",0.4975,0.610106392913619,0.767491786513531
214,"k25_prev50","offindex",1.5,"pc1",0.4975,0.242553154708572,0.53644674790712
215,"k25_prev50","offindex",1.5,"fitted",0.5075,0.746156769657793,0.110998746380282
215,"k25_prev50","offindex",1.5,"pc1",0.5075,0.479192697017197,0.733180311349544
216,"k25_prev50","offindex",1.5,"fitted",0.4925,0.493066571007658,0.856622816402489
216,"k25_prev50","offindex",1.5,"pc1",0.4925,0.158007626870764,0.960289104432626
217,"k25_prev50","offindex",1.5,"fitted",0.5175,0.225759550885978,0.31194463124427
217,"k25_prev50","offindex",1.5,"pc1",0.5175,0.449325587515032,0.408824594291109
218,"k25_prev50","offindex",1.5,"fitted",0.5275,0.705793006426201,0.405319452960466
218,"k25_prev50","offindex",1.5,"pc1",0.5275,0.727739467834154,0.204043530314088
219,"k25_prev50","offindex",1.5,"fitted",0.495,0.911240814682177,0.807473139152229
219,"k25_prev50","offindex",1.5,"pc1",0.495,0.841238981468536,0.219746299849203
220,"k25_prev50","offindex",1.5,"fitted",0.4775,0.0624321699649923,0.0600301974802281
220,"k25_prev50","offindex",1.5,"pc1",0.4775,0.495301299661523,0.0358746308093189
221,"k25_prev50","offindex",1.5,"fitted",0.4725,0.68118125162314,0.233938081884778
221,"k25_prev50","offindex",1.5,"pc1",0.4725,0.882749810441048,0.270185799401352
222,"k25_prev50","offindex",1.5,"fitted",0.525,0.401465872276475,0.911142120012587
222,"k25_prev50","offindex",1.5,"pc1",0.525,0.385453182747366,0.200753128595527
223,"k25_prev50","offindex",1.5,"fitted",0.4725,0.108792596185646,0.962533394783046
223,"k25_prev50","offindex",1.5,"pc1",0.4725,0.895914345126989,0.833372644921054
224,"k25_prev50","offindex",1.5,"fitted",0.5,0.885729842534609,0.548374971171555
224,"k25_prev50","offindex",1.5,"pc1",0.5,0.406604459338928,0.265059731570297
225,"k25_prev50","offindex",1.5,"fitted",0.52,0.291391585142618,0.974460011031268
225,"k25_prev50","offindex",1.5,"pc1",0.52,0.872589039764173,0.711372055898811
226,"k25_prev50","offindex",1.5,"fitted",0.4875,0.59129398006826,0.316728376007017
226,"k25_prev50","offindex",1.5,"pc1",0.4875,0.879080309580943,0.709845604870682
227,"k25_prev50","offindex",1.5,"fitted",0.4875,0.0408475122885635,0.036499475137424
227,"k25_prev50","offindex",1.5,"pc1",0.4875,0.872478017780813,0.830600954505937
228,"k25_prev50","offindex",1.5,"fitted",0.4975,0.0773537485924964,0.0101032263263106
228,"k25_prev50","offindex",1.5,"pc1",0.4975,0.256388217388766,0.262882469453001
229,"k25_prev50","offindex",1.5,"fitted",0.5075,0.824807603613584,0.251531908046982
229,"k25_prev50","offindex",1.5,"pc1",0.5075,0.469991375377149,0.679824181876607
230,"k25_prev50","offindex",1.5,"fitted",0.5075,0.076248930449297,0.962826807764223
230,"k25_prev50","offindex",1.5,"pc1",0.5075,0.988412751436142,0.887251454491997
231,"k25_prev50","offindex",1.5,"fitted",0.51,0.122390069095025,0.0375941509494888
231,"k25_prev50","offindex",1.5,"pc1",0.51,0.700975350352022,0.185358511442493
232,"k25_prev50","offindex",1.5,"fitted",0.5225,0.854222589899816,0.617188570481045
232,"k25_prev50","offindex",1.5,"pc1",0.5225,0.880471343693162,0.725893097146659
233,"k25_prev50","offindex",1.5,"fitted",0.495,0.467197871231108,0.266476374889204
233,"k25_prev50","offindex",1.5,"pc1",0.495,0.704056219549247,0.0712094198525884
234,"k25_prev50","offindex",1.5,"fitted",0.495,0.07238140012283,0.0022789557559999
234,"k25_prev50","offindex",1.5,"pc1",0.495,0.156781507217324,0.012517142791249
235,"k25_prev50","offindex",1.5,"fitted",0.4875,0.53780100117916,0.929036206153714
235,"k25_prev50","offindex",1.5,"pc1",0.4875,0.61509157664019,0.761853195848808
236,"k25_prev50","offindex",1.5,"fitted",0.4975,0.817111645853458,0.200448497301789
236,"k25_prev50","offindex",1.5,"pc1",0.4975,0.709826216141946,0.43516025673422
237,"k25_prev50","offindex",1.5,"fitted",0.49,0.419464900230049,0.121950128096853
237,"k25_prev50","offindex",1.5,"pc1",0.49,0.00169734362025076,0.046188930199158
238,"k25_prev50","offindex",1.5,"fitted",0.495,0.319160709488733,0.16734907716082
238,"k25_prev50","offindex",1.5,"pc1",0.495,0.446661394098337,0.518837073749787
239,"k25_prev50","offindex",1.5,"fitted",0.505,0.242852747372052,0.0157364893108101
239,"k25_prev50","offindex",1.5,"pc1",0.505,0.565005024679899,0.123321641665885
240,"k25_prev50","offindex",1.5,"fitted",0.4925,0.718596223781356,0.478413955069696
240,"k25_prev50","offindex",1.5,"pc1",0.4925,0.556706455394547,0.493056995989621
241,"k25_prev50","offindex",1.5,"fitted",0.5025,0.756479816781213,0.779241148779274
241,"k25_prev50","offindex",1.5,"pc1",0.5025,0.713520678542813,0.503520375415603
242,"k25_prev50","offindex",1.5,"fitted",0.485,0.691429034477919,0.328044582141231
242,"k25_prev50","offindex",1.5,"pc1",0.485,0.385891922264037,0.924430727208736
243,"k25_prev50","offindex",1.5,"fitted",0.5075,0.985448055046738,0.541731774803004
243,"k25_prev50","offindex",1.5,"pc1",0.5075,0.852993646486194,0.672721187156223
244,"k25_prev50","offindex",1.5,"fitted",0.47,0.834025605958616,0.403997223301794
244,"k25_prev50","offindex",1.5,"pc1",0.47,0.815148941926854,0.404734528626118
245,"k25_prev50","offindex",1.5,"fitted",0.475,0.480567155493445,0.616653698939956
245,"k25_prev50","offindex",1.5,"pc1",0.475,0.38557188586692,0.550595403725957
246,"k25_prev50","offindex",1.5,"fitted",0.4975,0.0585640898998814,0.00167272820686537
246,"k25_prev50","offindex",1.5,"pc1",0.4975,0.43858278232384,0.579544118837849
247,"k25_prev50","offindex",1.5,"fitted",0.5075,0.100127863697246,0.228675514704907
247,"k25_prev50","offindex",1.5,"pc1",0.5075,0.938600294723696,0.997196803915214
248,"k25_prev50","offindex",1.5,"fitted",0.515,0.886906617225932,0.638241294492321
248,"k25_prev50","offindex",1.5,"pc1",0.515,0.339254317206891,0.128789748241531
249,"k25_prev50","offindex",1.5,"fitted",0.5025,0.947792573894898,0.860443434959802
249,"k25_prev50","offindex",1.5,"pc1",0.5025,0.792736762447475,0.77431462295702
250,"k25_prev50","offindex",1.5,"fitted",0.4725,0.193140731086971,0.0680126873426204
250,"k25_prev50","offindex",1.5,"pc1",0.4725,0.339845346914044,0.22171829691998
251,"k25_prev50","offindex",1.5,"fitted",0.48,0.00913221611924686,0.0299230500239849
251,"k25_prev50","offindex",1.5,"pc1",0.48,0.923900632772265,0.576413882114676
252,"k25_prev50","offindex",1.5,"fitted",0.5125,0.856468537416441,0.807120950691961
252,"k25_prev50","offindex",1.5,"pc1",0.5125,0.954410368096941,0.728664371574066
253,"k25_prev50","offindex",1.5,"fitted",0.515,0.34470588615871,0.874100697122895
253,"k25_prev50","offindex",1.5,"pc1",0.515,0.105993991224154,0.191908146924401
254,"k25_prev50","offindex",1.5,"fitted",0.51,0.823318682622794,0.46716801506656
254,"k25_prev50","offindex",1.5,"pc1",0.51,0.176140643752294,0.140795338947143
255,"k25_prev50","offindex",1.5,"fitted",0.5,0.272685298752285,0.0936920618455146
255,"k25_prev50","offindex",1.5,"pc1",0.5,0.644467140787878,0.787674916395862
256,"k25_prev50","offindex",1.5,"fitted",0.5125,0.0765148857139717,0.799327731674917
256,"k25_prev50","offindex",1.5,"pc1",0.5125,0.736994897323313,0.312499607986811
257,"k25_prev50","offindex",1.5,"fitted",0.495,0.392989839059606,0.90662153042109
257,"k25_prev50","offindex",1.5,"pc1",0.495,0.456697550305515,0.313209375506612
258,"k25_prev50","offindex",1.5,"fitted",0.52,0.947808910031869,0.80619833580081
258,"k25_prev50","offindex",1.5,"pc1",0.52,0.57085925506892,0.165709728423863
259,"k25_prev50","offindex",1.5,"fitted",0.485,0.279198400481168,0.0120033868498823
259,"k25_prev50","offindex",1.5,"pc1",0.485,0.981361226528695,0.833960589561499
260,"k25_prev50","offindex",1.5,"fitted",0.5075,0.87040544982456,0.555941860310911
260,"k25_prev50","offindex",1.5,"pc1",0.5075,0.940441098102802,0.973056196993691
261,"k25_prev50","offindex",1.5,"fitted",0.5125,0.854908323488093,0.441571720256702
261,"k25_prev50","offindex",1.5,"pc1",0.5125,0.768672093872453,0.641364867353979
262,"k25_prev50","offindex",1.5,"fitted",0.5,0.550568519741359,0.665915675646052
262,"k25_prev50","offindex",1.5,"pc1",0.5,0.979198008905565,0.352302272682256
263,"k25_prev50","offindex",1.5,"fitted",0.4825,0.451371855957865,0.949164464896811
263,"k25_prev50","offindex",1.5,"pc1",0.4825,0.689727397365709,0.549966331992453
264,"k25_prev50","offindex",1.5,"fitted",0.5225,0.53933001202682,0.851482291890661
264,"k25_prev50","offindex",1.5,"pc1",0.5225,0.639189005109209,0.373964326882503
265,"k25_prev50","offindex",1.5,"fitted",0.49,0.782216360414712,0.463516931704273
265,"k25_prev50","offindex",1.5,"pc1",0.49,0.637143200134542,0.635685948220066
266,"k25_prev50","offindex",1.5,"fitted",0.505,0.18069441508088,0.359866691880055
266,"k25_prev50","offindex",1.5,"pc1",0.505,0.915506029537819,0.760334988420928
267,"k25_prev50","offindex",1.5,"fitted",0.475,0.580518082355145,0.180195569933986
267,"k25_prev50","offindex",1.5,"pc1",0.475,0.464438813682191,0.257101452163741
268,"k25_prev50","offindex",1.5,"fitted",0.5075,0.0619154822242778,0.526953460081537
268,"k25_prev50","offindex",1.5,"pc1",0.5075,0.372513695488032,0.497643039661031
269,"k25_prev50","offindex",1.5,"fitted",0.5,0.665634268889246,0.173305965586339
269,"k25_prev50","offindex",1.5,"pc1",0.5,0.801879083140939,0.640964374330793
270,"k25_prev50","offindex",1.5,"fitted",0.5025,0.658130461268162,0.371135845483734
270,"k25_prev50","offindex",1.5,"pc1",0.5025,0.679453074617285,0.802198270495846
271,"k25_prev50","offindex",1.5,"fitted",0.515,0.608362353567721,0.966347041957736
271,"k25_prev50","offindex",1.5,"pc1",0.515,0.893623088060805,0.900002679095522
272,"k25_prev50","offindex",1.5,"fitted",0.485,0.57137075960207,0.835208307588945
272,"k25_prev50","offindex",1.5,"pc1",0.485,0.226242620201365,0.951050362630736
273,"k25_prev50","offindex",1.5,"fitted",0.495,0.904102939861725,0.621684714855744
273,"k25_prev50","offindex",1.5,"pc1",0.495,0.386713047162617,0.476117513161481
274,"k25_prev50","offindex",1.5,"fitted",0.4925,0.217522602735948,0.689705325483611
274,"k25_prev50","offindex",1.5,"pc1",0.4925,0.632853286442576,0.228110871372919
275,"k25_prev50","offindex",1.5,"fitted",0.52,0.696570903928575,0.698653991517357
275,"k25_prev50","offindex",1.5,"pc1",0.52,0.840625985447502,0.906034958627667
276,"k25_prev50","offindex",1.5,"fitted",0.485,0.243464939145389,0.823176220166521
276,"k25_prev50","offindex",1.5,"pc1",0.485,0.280291590111261,0.993395899529782
277,"k25_prev50","offindex",1.5,"fitted",0.495,0.729202860781326,0.725876761864851
277,"k25_prev50","offindex",1.5,"pc1",0.495,0.443591433279336,0.971987114990585
278,"k25_prev50","offindex",1.5,"fitted",0.4975,0.911634559035763,0.952540922960529
278,"k25_prev50","offindex",1.5,"pc1",0.4975,0.759304736741276,0.112539489994432
279,"k25_prev50","offindex",1.5,"fitted",0.49,0.444252044439222,0.0846711212529153
279,"k25_prev50","offindex",1.5,"pc1",0.49,0.425210399862281,0.100038735272965
280,"k25_prev50","offindex",1.5,"fitted",0.5125,0.97823126164036,0.421107033399723
280,"k25_prev50","offindex",1.5,"pc1",0.5125,0.965626217630322,0.544205541927835
281,"k25_prev50","offindex",1.5,"fitted",0.5075,0.76996955578546,0.81167033661015
281,"k25_prev50","offindex",1.5,"pc1",0.5075,0.124521785085986,0.96495241819092
282,"k25_prev50","offindex",1.5,"fitted",0.485,0.525263312221789,0.929471209274352
282,"k25_prev50","offindex",1.5,"pc1",0.485,0.83225537809324,0.988293998279658
283,"k25_prev50","offindex",1.5,"fitted",0.49,0.171625548413625,0.121322275624724
283,"k25_prev50","offindex",1.5,"pc1",0.49,0.979919723885571,0.759386891365666
284,"k25_prev50","offindex",1.5,"fitted",0.49,0.457214033947289,0.889142091054957
284,"k25_prev50","offindex",1.5,"pc1",0.49,0.0936727038309251,0.735962382139641
285,"k25_prev50","offindex",1.5,"fitted",0.5,0.820964700230272,0.441947110436694
285,"k25_prev50","offindex",1.5,"pc1",0.5,0.279855066832654,0.147592590054927
286,"k25_prev50","offindex",1.5,"fitted",0.5,0.0156270023738423,0.824855569671838
286,"k25_prev50","offindex",1.5,"pc1",0.5,0.771341061071171,0.723066795374694
287,"k25_prev50","offindex",1.5,"fitted",0.5225,0.794044751837782,0.955035765129613
287,"k25_prev50","offindex",1.5,"pc1",0.5225,0.41147671929244,0.378224489006401
288,"k25_prev50","offindex",1.5,"fitted",0.5,0.893147298136296,0.903367440231866
288,"k25_prev50","offindex",1.5,"pc1",0.5,0.113421724382758,0.00507479971376745
289,"k25_prev50","offindex",1.5,"fitted",0.51,0.955939442687307,0.618193963949111
289,"k25_prev50","offindex",1.5,"pc1",0.51,0.584929176023314,0.63584508162074
290,"k25_prev50","offindex",1.5,"fitted",0.495,0.148120591984982,0.772552310106045
290,"k25_prev50","offindex",1.5,"pc1",0.495,0.508762483696833,0.143437039853063
291,"k25_prev50","offindex",1.5,"fitted",0.46,0.226048294133538,0.231783486206161
291,"k25_prev50","offindex",1.5,"pc1",0.46,0.630446316146873,0.493454371995193
292,"k25_prev50","offindex",1.5,"fitted",0.495,0.0352028971418122,0.248732263693072
292,"k25_prev50","offindex",1.5,"pc1",0.495,0.938959140642528,0.823572361238611
293,"k25_prev50","offindex",1.5,"fitted",0.515,0.0689027729877825,0.345202425880937
293,"k25_prev50","offindex",1.5,"pc1",0.515,0.834556858474978,0.835434470358168
294,"k25_prev50","offindex",1.5,"fitted",0.4925,0.482362207935534,0.320269549928899
294,"k25_prev50","offindex",1.5,"pc1",0.4925,0.781727192462685,0.682438492827479
295,"k25_prev50","offindex",1.5,"fitted",0.48,0.335665357550536,0.537004113482331
295,"k25_prev50","offindex",1.5,"pc1",0.48,0.941881218468419,0.426052566221447
296,"k25_prev50","offindex",1.5,"fitted",0.48,0.141907081781906,0.757815296685395
296,"k25_prev50","offindex",1.5,"pc1",0.48,0.635912700864792,0.811765542443227
297,"k25_prev50","offindex",1.5,"fitted",0.5075,0.798493880454144,0.115471066086009
297,"k25_prev50","offindex",1.5,"pc1",0.5075,0.679627621175386,0.0715847949809961
298,"k25_prev50","offindex",1.5,"fitted",0.5025,0.376131443309311,0.106338358289085
298,"k25_prev50","offindex",1.5,"pc1",0.5025,0.8183261795851,0.519719198771842
299,"k25_prev50","offindex",1.5,"fitted",0.4925,0.850424870441683,0.345201965486994
299,"k25_prev50","offindex",1.5,"pc1",0.4925,0.577408484687721,0.712138564381645
300,"k25_prev50","offindex",1.5,"fitted",0.505,0.587908704582041,0.728531448421029
300,"k25_prev50","offindex",1.5,"pc1",0.505,0.704861919637829,0.854658175315758
301,"k25_prev50","offindex",1.5,"fitted",0.5025,0.0694155968098782,0.54162356629128
301,"k25_prev50","offindex",1.5,"pc1",0.5025,0.000808164060909444,0.163025679602275
302,"k25_prev50","offindex",1.5,"fitted",0.485,0.806221127761045,0.155599011279439
302,"k25_prev50","offindex",1.5,"pc1",0.485,0.270364395572051,0.193496798658053
303,"k25_prev50","offindex",1.5,"fitted",0.5225,0.442386254340045,0.869546008973075
303,"k25_prev50","offindex",1.5,"pc1",0.5225,0.911549444386451,0.983821999078347
304,"k25_prev50","offindex",1.5,"fitted",0.5175,0.152602888858526,0.31549335823439
304,"k25_prev50","offindex",1.5,"pc1",0.5175,0.850510962714985,0.18517325509743
305,"k25_prev50","offindex",1.5,"fitted",0.4925,0.886460739436486,0.271382172947865
305,"k25_prev50","offindex",1.5,"pc1",0.4925,0.221454857566181,0.0487182233474087
306,"k25_prev50","offindex",1.5,"fitted",0.505,0.397751766388852,0.997483388046141
306,"k25_prev50","offindex",1.5,"pc1",0.505,0.642103215488992,0.235233161163811
307,"k25_prev50","offindex",1.5,"fitted",0.48,0.278793521497289,0.664908927992115
307,"k25_prev50","offindex",1.5,"pc1",0.48,0.168370140606919,0.254853974786216
308,"k25_prev50","offindex",1.5,"fitted",0.505,0.611964258872423,0.62378368655912
308,"k25_prev50","offindex",1.5,"pc1",0.505,0.118889344730183,0.333972560967071
309,"k25_prev50","offindex",1.5,"fitted",0.505,0.588594022152199,0.717222936151593
309,"k25_prev50","offindex",1.5,"pc1",0.505,0.642165617074903,0.483364677432982
310,"k25_prev50","offindex",1.5,"fitted",0.485,0.837067940857936,0.3050173945267
310,"k25_prev50","offindex",1.5,"pc1",0.485,0.986087672627843,0.85097482446596
311,"k25_prev50","offindex",1.5,"fitted",0.48,0.164003671610661,0.876920593516636
311,"k25_prev50","offindex",1.5,"pc1",0.48,0.977390946988884,0.967865120376015
312,"k25_prev50","offindex",1.5,"fitted",0.5,0.636449535748851,0.513600355157982
312,"k25_prev50","offindex",1.5,"pc1",0.5,0.989164247365545,0.977491189129023
313,"k25_prev50","offindex",1.5,"fitted",0.49,0.152566014345423,0.68242853363706
313,"k25_prev50","offindex",1.5,"pc1",0.49,0.977152675540124,0.52133836788086
314,"k25_prev50","offindex",1.5,"fitted",0.5025,0.388987430936643,0.495380711909571
314,"k25_prev50","offindex",1.5,"pc1",0.5025,0.535359123311963,0.358769197615403
315,"k25_prev50","offindex",1.5,"fitted",0.47,0.229506111153519,0.391456590098322
315,"k25_prev50","offindex",1.5,"pc1",0.47,0.75962759261445,0.609677577112895
316,"k25_prev50","offindex",1.5,"fitted",0.505,0.861811418758031,0.279236354070524
316,"k25_prev50","offindex",1.5,"pc1",0.505,0.830737125014976,0.919354622259835
317,"k25_prev50","offindex",1.5,"fitted",0.4875,0.616148968085691,0.47657415346659
317,"k25_prev50","offindex",1.5,"pc1",0.4875,0.263207528103959,0.304341748469861
318,"k25_prev50","offindex",1.5,"fitted",0.505,0.490521848244774,0.619593130900933
318,"k25_prev50","offindex",1.5,"pc1",0.505,0.683610007984388,0.0813201978444038
319,"k25_prev50","offindex",1.5,"fitted",0.4975,0.64162727095564,0.0968695569704198
319,"k25_prev50","offindex",1.5,"pc1",0.4975,0.0166082613947659,0.0162736792086871
320,"k25_prev50","offindex",1.5,"fitted",0.5175,0.336158851603829,0.737203892999059
320,"k25_prev50","offindex",1.5,"pc1",0.5175,0.649239351172028,0.230246472659233
321,"k25_prev50","offindex",1.5,"fitted",0.4675,0.792519819663975,0.306768196699973
321,"k25_prev50","offindex",1.5,"pc1",0.4675,0.415528117417613,0.100226612977452
322,"k25_prev50","offindex",1.5,"fitted",0.5175,0.531273598134898,0.116734117783848
322,"k25_prev50","offindex",1.5,"pc1",0.5175,0.280007698603334,0.261556966983828
323,"k25_prev50","offindex",1.5,"fitted",0.5175,0.354867955069799,0.972467901021088
323,"k25_prev50","offindex",1.5,"pc1",0.5175,0.606937869968932,0.620404350439968
324,"k25_prev50","offindex",1.5,"fitted",0.4975,0.356992896567266,0.602929968346148
324,"k25_prev50","offindex",1.5,"pc1",0.4975,0.0668475379051741,0.452012073265686
325,"k25_prev50","offindex",1.5,"fitted",0.5025,0.305450881483834,0.546479450132896
325,"k25_prev50","offindex",1.5,"pc1",0.5025,0.453801986460278,0.517934484230922
326,"k25_prev50","offindex",1.5,"fitted",0.5025,0.266163583761082,0.211800294959281
326,"k25_prev50","offindex",1.5,"pc1",0.5025,0.118715956560496,0.152604568771002
327,"k25_prev50","offindex",1.5,"fitted",0.485,0.729748748914403,0.578084096556625
327,"k25_prev50","offindex",1.5,"pc1",0.485,0.130101356996792,0.450541036229068
328,"k25_prev50","offindex",1.5,"fitted",0.5025,0.185363991118763,0.626692732976173
328,"k25_prev50","offindex",1.5,"pc1",0.5025,0.740418439481004,0.698507520348447
329,"k25_prev50","offindex",1.5,"fitted",0.515,0.27600985003433,0.994781008433109
329,"k25_prev50","offindex",1.5,"pc1",0.515,0.959780911402735,0.681124155922645
330,"k25_prev50","offindex",1.5,"fitted",0.49,0.0637383771035778,0.00187235916933171
330,"k25_prev50","offindex",1.5,"pc1",0.49,0.61110977002547,0.922652309411375
331,"k25_prev50","offindex",1.5,"fitted",0.4975,0.58526230970761,0.831785056209548
331,"k25_prev50","offindex",1.5,"pc1",0.4975,0.437180934610075,0.595922000666738
332,"k25_prev50","offindex",1.5,"fitted",0.505,0.755926642318992,0.955473589177511
332,"k25_prev50","offindex",1.5,"pc1",0.505,0.148685232361823,0.896160129759275
333,"k25_prev50","offindex",1.5,"fitted",0.49,0.555373450471068,0.798561382675507
333,"k25_prev50","offindex",1.5,"pc1",0.49,0.484094613910412,0.651145950620326
334,"k25_prev50","offindex",1.5,"fitted",0.5025,0.350880530797754,0.19482647345271
334,"k25_prev50","offindex",1.5,"pc1",0.5025,0.880670874012172,0.635301400359174
335,"k25_prev50","offindex",1.5,"fitted",0.5275,0.430595487734075,0.906696059791501
335,"k25_prev50","offindex",1.5,"pc1",0.5275,0.528126084538655,0.439038110800737
336,"k25_prev50","offindex",1.5,"fitted",0.5,0.821888273230509,0.703281948019002
336,"k25_prev50","offindex",1.5,"pc1",0.5,0.10164038070002,0.518139960774634
337,"k25_prev50","offindex",1.5,"fitted",0.5,0.38330279652717,0.828042591792971
337,"k25_prev50","offindex",1.5,"pc1",0.5,0.0543342066647743,0.63111653615535
338,"k25_prev50","offindex",1.5,"fitted",0.5175,0.380436031131621,0.53457259607402
338,"k25_prev50","offindex",1.5,"pc1",0.5175,0.145153053992996,0.443111225200984
339,"k25_prev50","offindex",1.5,"fitted",0.505,0.245774215849536,0.25355949662978
339,"k25_prev50","offindex",1.5,"pc1",0.505,0.274504150444617,0.971053163363758
340,"k25_prev50","offindex",1.5,"fitted",0.5125,0.365278735013357,0.60137143854525
340,"k25_prev50","offindex",1.5,"pc1",0.5125,0.473328768009443,0.873001400967007
341,"k25_prev50","offindex",1.5,"fitted",0.515,0.142674079602883,0.206337505293429
341,"k25_prev50","offindex",1.5,"pc1",0.515,0.908674100850748,0.994133372473413
342,"k25_prev50","offindex",1.5,"fitted",0.5525,0.0121800882345678,0.737122781724926
342,"k25_prev50","offindex",1.5,"pc1",0.5525,0.376403643994382,0.665684546278653
343,"k25_prev50","offindex",1.5,"fitted",0.51,0.416337137420274,0.815129072385617
343,"k25_prev50","offindex",1.5,"pc1",0.51,0.759643020356401,0.167027474029003
344,"k25_prev50","offindex",1.5,"fitted",0.52,0.683812093791432,0.542309212813576
344,"k25_prev50","offindex",1.5,"pc1",0.52,0.131821980096494,0.965670096406413
345,"k25_prev50","offindex",1.5,"fitted",0.49,0.48531271464577,0.572392237691143
345,"k25_prev50","offindex",1.5,"pc1",0.49,0.894409095840458,0.694832523484881
346,"k25_prev50","offindex",1.5,"fitted",0.5075,0.440502528349857,0.878846221402713
346,"k25_prev50","offindex",1.5,"pc1",0.5075,0.412401072886851,0.533885981108328
347,"k25_prev50","offindex",1.5,"fitted",0.485,0.563888596246272,0.427149692717618
347,"k25_prev50","offindex",1.5,"pc1",0.485,0.276382508949654,0.197304946898129
348,"k25_prev50","offindex",1.5,"fitted",0.515,0.875447020601585,0.950973666839215
348,"k25_prev50","offindex",1.5,"pc1",0.515,0.171490267304829,0.316800073168828
349,"k25_prev50","offindex",1.5,"fitted",0.4825,0.656773913092579,0.860876435142642
349,"k25_prev50","offindex",1.5,"pc1",0.4825,0.818797309378101,0.215071094464509
350,"k25_prev50","offindex",1.5,"fitted",0.475,0.937790308947388,0.563218208450559
350,"k25_prev50","offindex",1.5,"pc1",0.475,0.866205742932702,0.899443636335115
351,"k25_prev50","offindex",1.5,"fitted",0.5175,0.743458526204127,0.196535940707081
351,"k25_prev50","offindex",1.5,"pc1",0.5175,0.994158973915514,0.513822750589659
352,"k25_prev50","offindex",1.5,"fitted",0.5175,0.580054197797534,0.975892128031014
352,"k25_prev50","offindex",1.5,"pc1",0.5175,0.0236783420152057,0.590631721938711
353,"k25_prev50","offindex",1.5,"fitted",0.49,0.46797234735452,0.650385765946539
353,"k25_prev50","offindex",1.5,"pc1",0.49,0.919810451280025,0.760004377897017
354,"k25_prev50","offindex",1.5,"fitted",0.4975,0.020777485450331,0.0482010223135269
354,"k25_prev50","offindex",1.5,"pc1",0.4975,0.753255482946614,0.782678706625112
355,"k25_prev50","offindex",1.5,"fitted",0.4925,0.420844346172347,0.0823471606335722
355,"k25_prev50","offindex",1.5,"pc1",0.4925,0.266176546886475,0.123513234673238
356,"k25_prev50","offindex",1.5,"fitted",0.495,0.703601702042381,0.627087777631542
356,"k25_prev50","offindex",1.5,"pc1",0.495,0.782813805113231,0.968867994018505
357,"k25_prev50","offindex",1.5,"fitted",0.4925,0.85017236420992,0.811177791163923
357,"k25_prev50","offindex",1.5,"pc1",0.4925,0.610834557523182,0.952347612229655
358,"k25_prev50","offindex",1.5,"fitted",0.4925,0.345094553118208,0.671503480039771
358,"k25_prev50","offindex",1.5,"pc1",0.4925,0.311536332692615,0.723914411962354
359,"k25_prev50","offindex",1.5,"fitted",0.515,0.49448007902103,0.492027648368427
359,"k25_prev50","offindex",1.5,"pc1",0.515,0.420671520101816,0.310902491318217
360,"k25_prev50","offindex",1.5,"fitted",0.465,0.688733831670188,0.881203763115957
360,"k25_prev50","offindex",1.5,"pc1",0.465,0.84025995281549,0.976691989631564
361,"k25_prev50","offindex",1.5,"fitted",0.49,0.854272859165182,0.480523134500251
361,"k25_prev50","offindex",1.5,"pc1",0.49,0.341902522175959,0.316990152060631
362,"k25_prev50","offindex",1.5,"fitted",0.5125,0.0978212611337965,0.0604694749005681
362,"k25_prev50","offindex",1.5,"pc1",0.5125,0.44974254251983,0.631694415143824
363,"k25_prev50","offindex",1.5,"fitted",0.5175,0.804737250520815,0.893945310996388
363,"k25_prev50","offindex",1.5,"pc1",0.5175,0.782138069346878,0.153640872384817
364,"k25_prev50","offindex",1.5,"fitted",0.5,0.455228257472421,0.2676542884309
364,"k25_prev50","offindex",1.5,"pc1",0.5,0.286461680536729,0.519638856976731
365,"k25_prev50","offindex",1.5,"fitted",0.485,0.567641275380598,0.315195286005291
365,"k25_prev50","offindex",1.5,"pc1",0.485,0.782107373271604,0.3439420792002
366,"k25_prev50","offindex",1.5,"fitted",0.4875,0.514195112940977,0.14259625357062
366,"k25_prev50","offindex",1.5,"pc1",0.4875,0.541203295692083,0.494942737708826
367,"k25_prev50","offindex",1.5,"fitted",0.47,0.583353451991658,0.603179847862827
367,"k25_prev50","offindex",1.5,"pc1",0.47,0.181405423997143,0.371297320905038
368,"k25_prev50","offindex",1.5,"fitted",0.49,0.366072693515312,0.632502547813862
368,"k25_prev50","offindex",1.5,"pc1",0.49,0.0795820271816794,0.74373137619483
369,"k25_prev50","offindex",1.5,"fitted",0.5175,0.561769608325135,0.489650124992904
369,"k25_prev50","offindex",1.5,"pc1",0.5175,0.819300805467557,0.233436794726041
370,"k25_prev50","offindex",1.5,"fitted",0.53,0.376987611752988,0.464225790416979
370,"k25_prev50","offindex",1.5,"pc1",0.53,0.144743112592957,0.586869924835644
371,"k25_prev50","offindex",1.5,"fitted",0.4975,0.23482515866695,0.53548085412767
371,"k25_prev50","offindex",1.5,"pc1",0.4975,0.858663098126742,0.500324798622554
372,"k25_prev50","offindex",1.5,"fitted",0.4825,0.330263063995591,0.358174212602298
372,"k25_prev50","offindex",1.5,"pc1",0.4825,0.594204994775769,0.637385086813178
373,"k25_prev50","offindex",1.5,"fitted",0.465,0.402162074361126,0.688810750334636
373,"k25_prev50","offindex",1.5,"pc1",0.465,0.542515277418701,0.429902367483178
374,"k25_prev50","offindex",1.5,"fitted",0.505,0.491222065304454,0.079269832791899
374,"k25_prev50","offindex",1.5,"pc1",0.505,0.785952103501082,0.911656560707766
375,"k25_prev50","offindex",1.5,"fitted",0.51,0.343424035945568,0.661118160405332
375,"k25_prev50","offindex",1.5,"pc1",0.51,0.409657461309134,0.562947039672527
376,"k25_prev50","offindex",1.5,"fitted",0.51,0.0808647434714137,0.653105900342652
376,"k25_prev50","offindex",1.5,"pc1",0.51,0.234400689732103,0.491742037098189
377,"k25_prev50","offindex",1.5,"fitted",0.5025,0.913953497816787,0.73332085308719
377,"k25_prev50","offindex",1.5,"pc1",0.5025,0.107495199732522,0.0108204173034314
378,"k25_prev50","offindex",1.5,"fitted",0.49,0.514414982518915,0.86273249243989
378,"k25_prev50","offindex",1.5,"pc1",0.49,0.576232331466786,0.67741772739428
379,"k25_prev50","offindex",1.5,"fitted",0.505,0.793113682044125,0.41914725709741
379,"k25_prev50","offindex",1.5,"pc1",0.505,0.930515505435966,0.778790673881706
380,"k25_prev50","offindex",1.5,"fitted",0.5575,0.63871827021104,0.565762874556424
380,"k25_prev50","offindex",1.5,"pc1",0.5575,0.567780293307099,0.253067529716107
381,"k25_prev50","offindex",1.5,"fitted",0.5025,0.741546538589825,0.972681091094344
381,"k25_prev50","offindex",1.5,"pc1",0.5025,0.702782286366677,0.625099212937633
382,"k25_prev50","offindex",1.5,"fitted",0.5125,0.305721425699784,0.286305834909844
382,"k25_prev50","offindex",1.5,"pc1",0.5125,0.960547176228188,0.6739989764587
383,"k25_prev50","offindex",1.5,"fitted",0.505,0.507912998333076,0.507193056182583
383,"k25_prev50","offindex",1.5,"pc1",0.505,0.286749591690728,0.620241396855247
384,"k25_prev50","offindex",1.5,"fitted",0.4875,0.883170259928049,0.877104395804654
384,"k25_prev50","offindex",1.5,"pc1",0.4875,0.273071195678725,0.798958960835748
385,"k25_prev50","offindex",1.5,"fitted",0.5,0.17761612652515,0.320905309884616
385,"k25_prev50","offindex",1.5,"pc1",0.5,0.485826026188125,0.392294902127797
386,"k25_prev50","offindex",1.5,"fitted",0.52,0.490233526402334,0.716926467327792
386,"k25_prev50","offindex",1.5,"pc1",0.52,0.94928434742536,0.244526456616882
387,"k25_prev50","offindex",1.5,"fitted",0.5275,0.533701958178966,0.524029230871614
387,"k25_prev50","offindex",1.5,"pc1",0.5275,0.941450298049016,0.954064856553008
388,"k25_prev50","offindex",1.5,"fitted",0.5125,0.505035644177012,0.431976776859151
388,"k25_prev50","offindex",1.5,"pc1",0.5125,0.0625760107793787,0.341956872582545
389,"k25_prev50","offindex",1.5,"fitted",0.5025,0.885012083307609,0.61037105232324
389,"k25_prev50","offindex",1.5,"pc1",0.5025,0.185886603127876,0.54413000181349
390,"k25_prev50","offindex",1.5,"fitted",0.4825,0.249732008692843,0.600344692364174
390,"k25_prev50","offindex",1.5,"pc1",0.4825,0.937796627872176,0.192764794063748
391,"k25_prev50","offindex",1.5,"fitted",0.4575,0.518382564615871,0.312683748992277
391,"k25_prev50","offindex",1.5,"pc1",0.4575,0.190574432481379,0.501538109790683
392,"k25_prev50","offindex",1.5,"fitted",0.5275,0.329583603138613,0.384498101597964
392,"k25_prev50","offindex",1.5,"pc1",0.5275,0.0925910191844374,0.479903325395787
393,"k25_prev50","offindex",1.5,"fitted",0.4875,0.179817314234378,0.349231870471473
393,"k25_prev50","offindex",1.5,"pc1",0.4875,0.215263675900765,0.396431212583641
394,"k25_prev50","offindex",1.5,"fitted",0.5175,0.131855207703105,0.623378410433358
394,"k25_prev50","offindex",1.5,"pc1",0.5175,0.100024930481511,0.812662933891623
395,"k25_prev50","offindex",1.5,"fitted",0.48,0.773749845466118,0.953955728706897
395,"k25_prev50","offindex",1.5,"pc1",0.48,0.417939125448224,0.641417393681308
396,"k25_prev50","offindex",1.5,"fitted",0.5025,0.20713640749825,0.282002944117781
396,"k25_prev50","offindex",1.5,"pc1",0.5025,0.717307846414422,0.567183013903243
397,"k25_prev50","offindex",1.5,"fitted",0.5175,0.662408096904165,0.967887053438053
397,"k25_prev50","offindex",1.5,"pc1",0.5175,0.293370608657362,0.518771166256328
398,"k25_prev50","offindex",1.5,"fitted",0.4825,0.909754032447576,0.489204880918737
398,"k25_prev50","offindex",1.5,"pc1",0.4825,0.738998910841607,0.93910983089425
399,"k25_prev50","offindex",1.5,"fitted",0.505,0.283637499386381,0.212690090705367
399,"k25_prev50","offindex",1.5,"pc1",0.505,0.89055703047944,0.129904414763847
400,"k25_prev50","offindex",1.5,"fitted",0.4875,0.86049171081049,0.913034455565224
400,"k25_prev50","offindex",1.5,"pc1",0.4875,0.152356285569329,0.281582336811698
1,"k25_prev08","null",0,"fitted",0.09,0.667697899547868,0.0893538098443236
1,"k25_prev08","null",0,"pc1",0.09,0.885031717928621,0.85732704805899
2,"k25_prev08","null",0,"fitted",0.085,0.152629826888899,0.00164302886005741
2,"k25_prev08","null",0,"pc1",0.085,0.129674034409298,0.310563951830013
3,"k25_prev08","null",0,"fitted",0.07,0.177697931721057,0.000968280057757509
3,"k25_prev08","null",0,"pc1",0.07,0.0817617901118263,0.301644092906343
4,"k25_prev08","null",0,"fitted",0.075,0.00249853964159152,6.59538779834712e-06
4,"k25_prev08","null",0,"pc1",0.075,0.0235104492903438,0.515240812670033
5,"k25_prev08","null",0,"fitted",0.095,0.038790150861337,0.00131581835883776
5,"k25_prev08","null",0,"pc1",0.095,0.0500862823606025,0.0526887584136106
6,"k25_prev08","null",0,"fitted",0.1,0.353481330791753,0.169917603472897
6,"k25_prev08","null",0,"pc1",0.1,0.463104346743455,0.539474506740026
7,"k25_prev08","null",0,"fitted",0.0775,0.0108547427708389,0.00165711065440222
7,"k25_prev08","null",0,"pc1",0.0775,0.924486785362717,0.428806627831443
8,"k25_prev08","null",0,"fitted",0.055,4.10922045733786e-05,2.09500057133383e-05
8,"k25_prev08","null",0,"pc1",0.055,0.530148114766913,0.557417412814068
9,"k25_prev08","null",0,"fitted",0.0775,0.309002353352707,0.00669107368911792
9,"k25_prev08","null",0,"pc1",0.0775,0.991391776659369,0.3241693448755
10,"k25_prev08","null",0,"fitted",0.065,0.015242133702206,9.55985933083214e-05
10,"k25_prev08","null",0,"pc1",0.065,0.951000442267406,0.895101452188883
11,"k25_prev08","null",0,"fitted",0.0825,0.000108790040713069,3.58031573199913e-06
11,"k25_prev08","null",0,"pc1",0.0825,0.21530718139035,0.646461293243668
12,"k25_prev08","null",0,"fitted",0.075,0.00970833304297147,8.22896178036547e-05
12,"k25_prev08","null",0,"pc1",0.075,0.318344317177923,0.0917233427883526
13,"k25_prev08","null",0,"fitted",0.09,0.0502208836474441,0.0230862333560808
13,"k25_prev08","null",0,"pc1",0.09,0.389344429642968,0.632841508023006
14,"k25_prev08","null",0,"fitted",0.0575,0.000991224009958325,1.0404437355116e-05
14,"k25_prev08","null",0,"pc1",0.0575,0.702625139549609,0.250794164150778
15,"k25_prev08","null",0,"fitted",0.0875,0.112268993340487,0.000704064209426702
15,"k25_prev08","null",0,"pc1",0.0875,0.0839328537781783,0.580429666528436
16,"k25_prev08","null",0,"fitted",0.08,0.838533090339422,0.23166766379889
16,"k25_prev08","null",0,"pc1",0.08,0.679805157406107,0.505643350406233
17,"k25_prev08","null",0,"fitted",0.0825,0.00896932241424309,0.00179257708839065
17,"k25_prev08","null",0,"pc1",0.0825,0.176372284476048,0.0444573740953463
18,"k25_prev08","null",0,"fitted",0.085,0.398930486517548,0.116307500099861
18,"k25_prev08","null",0,"pc1",0.085,0.640957819981286,0.616746227803315
19,"k25_prev08","null",0,"fitted",0.08,0.19486625645567,0.00731645345669318
19,"k25_prev08","null",0,"pc1",0.08,0.849036794080714,0.28326656108855
20,"k25_prev08","null",0,"fitted",0.075,0.0227064533561532,3.60548774446245e-05
20,"k25_prev08","null",0,"pc1",0.075,0.599474790948999,0.815352365061401
21,"k25_prev08","null",0,"fitted",0.075,0.000894306111024479,1.08459775862713e-05
21,"k25_prev08","null",0,"pc1",0.075,0.225928913718599,0.195449066000518
22,"k25_prev08","null",0,"fitted",0.09,0.0161055290658667,9.72598275390535e-05
22,"k25_prev08","null",0,"pc1",0.09,0.312811543472059,0.620957683461769
23,"k25_prev08","null",0,"fitted",0.0625,0.000494844381455861,1.72390263086797e-06
23,"k25_prev08","null",0,"pc1",0.0625,0.215848052995474,0.161484568935013
24,"k25_prev08","null",0,"fitted",0.0775,0.0167117038993678,5.32159994841575e-05
24,"k25_prev08","null",0,"pc1",0.0775,0.632827870891524,0.896246977698093
25,"k25_prev08","null",0,"fitted",0.085,0.181396756110144,0.00319200305714928
25,"k25_prev08","null",0,"pc1",0.085,0.287239782432708,0.00283622442590292
26,"k25_prev08","null",0,"fitted",0.0775,0.592263697167846,0.0155429007270849
26,"k25_prev08","null",0,"pc1",0.0775,0.0265292471586596,0.333752481908614
27,"k25_prev08","null",0,"fitted",0.07,0.081122213389538,0.00162900726046855
27,"k25_prev08","null",0,"pc1",0.07,0.340580833610804,0.0544869658106676
28,"k25_prev08","null",0,"fitted",0.095,0.38984617892343,0.00918072531062109
28,"k25_prev08","null",0,"pc1",0.095,0.964350119835351,0.857063625574395
29,"k25_prev08","null",0,"fitted",0.075,0.172630137666368,0.0200926172044149
29,"k25_prev08","null",0,"pc1",0.075,0.52294253387701,0.347201790127743
30,"k25_prev08","null",0,"fitted",0.07,0.0129318723902118,0.000144353173777034
30,"k25_prev08","null",0,"pc1",0.07,0.107748990719406,0.0269361700711136
31,"k25_prev08","null",0,"fitted",0.0925,0.0728807436869974,0.00131782471603303
31,"k25_prev08","null",0,"pc1",0.0925,0.981363216596615,0.409938770273797
32,"k25_prev08","null",0,"fitted",0.075,0.0214483891599848,0.00137410939631621
32,"k25_prev08","null",0,"pc1",0.075,0.476358229420937,0.444815883353454
33,"k25_prev08","null",0,"fitted",0.0925,0.0244650094921468,0.011885629034549
33,"k25_prev08","null",0,"pc1",0.0925,0.96119860675324,0.488653582813394
34,"k25_prev08","null",0,"fitted",0.075,0.0860002437700708,0.000726467932417263
34,"k25_prev08","null",0,"pc1",0.075,0.555441492559455,0.864137553493007
35,"k25_prev08","null",0,"fitted",0.0625,0.0221919458980259,0.00202213549714536
35,"k25_prev08","null",0,"pc1",0.0625,0.953759242884023,0.962960925178282
36,"k25_prev08","null",0,"fitted",0.085,0.035716390479373,0.000247535932244025
36,"k25_prev08","null",0,"pc1",0.085,0.458827397681783,0.655329009523657
37,"k25_prev08","null",0,"fitted",0.0675,0.118631238511829,0.00149573040378559
37,"k25_prev08","null",0,"pc1",0.0675,0.809221655969362,0.0804059540632495
38,"k25_prev08","null",0,"fitted",0.0825,0.197426899472752,0.00106387012638498
38,"k25_prev08","null",0,"pc1",0.0825,0.816039968956014,0.341803962331885
39,"k25_prev08","null",0,"fitted",0.095,0.000246991832412835,3.84788107821166e-07
39,"k25_prev08","null",0,"pc1",0.095,0.389090194846984,0.125489073594794
40,"k25_prev08","null",0,"fitted",0.0875,0.117969163793351,0.00573856625345914
40,"k25_prev08","null",0,"pc1",0.0875,0.715223784284971,0.529864171606061
41,"k25_prev08","null",0,"fitted",0.0675,0.0134076473281133,0.00431165972368053
41,"k25_prev08","null",0,"pc1",0.0675,0.893390002591973,0.646356953703943
42,"k25_prev08","null",0,"fitted",0.0725,0.0116374025443617,0.0102332303151197
42,"k25_prev08","null",0,"pc1",0.0725,0.594247885641866,0.733115576850835
43,"k25_prev08","null",0,"fitted",0.085,0.281532228653343,0.0564994713039363
43,"k25_prev08","null",0,"pc1",0.085,0.77810309319616,0.37492179579342
44,"k25_prev08","null",0,"fitted",0.0875,0.00872594466103904,9.27696852121018e-05
44,"k25_prev08","null",0,"pc1",0.0875,0.0667105437686191,0.64386890215168
45,"k25_prev08","null",0,"fitted",0.09,0.702768450126109,0.19785580205699
45,"k25_prev08","null",0,"pc1",0.09,0.491594446569766,0.320405745791449
46,"k25_prev08","null",0,"fitted",0.095,0.113406168841271,0.151864070430127
46,"k25_prev08","null",0,"pc1",0.095,0.478156564642163,0.72166532969497
47,"k25_prev08","null",0,"fitted",0.065,0.0073086640602249,0.0061249990283655
47,"k25_prev08","null",0,"pc1",0.065,0.26532617094,0.130976745799214
48,"k25_prev08","null",0,"fitted",0.0975,0.0106618788009261,0.000170224888145443
48,"k25_prev08","null",0,"pc1",0.0975,0.604132179592326,0.0205133531392869
49,"k25_prev08","null",0,"fitted",0.0825,0.0269221867472953,0.000177398658310457
49,"k25_prev08","null",0,"pc1",0.0825,0.259526391340843,0.350530737316238
50,"k25_prev08","null",0,"fitted",0.0625,0.00847287983442213,4.37640678454532e-05
50,"k25_prev08","null",0,"pc1",0.0625,0.728658551205589,0.89571703961526
51,"k25_prev08","null",0,"fitted",0.0775,0.202032173284841,0.00947833209671667
51,"k25_prev08","null",0,"pc1",0.0775,0.548719301830806,0.129067788446684
52,"k25_prev08","null",0,"fitted",0.0725,0.111153684324166,0.00207716069338326
52,"k25_prev08","null",0,"pc1",0.0725,0.593765229192498,0.475911479367045
53,"k25_prev08","null",0,"fitted",0.085,0.0114616017015814,2.58378351030153e-05
53,"k25_prev08","null",0,"pc1",0.085,0.619435583233439,0.0803408708881659
54,"k25_prev08","null",0,"fitted",0.08,0.108312554885889,0.00561607233160821
54,"k25_prev08","null",0,"pc1",0.08,0.868920300622648,0.625919121119066
55,"k25_prev08","null",0,"fitted",0.0725,0.752468611515795,0.0796087697449982
55,"k25_prev08","null",0,"pc1",0.0725,0.892498346036799,0.926898350911929
56,"k25_prev08","null",0,"fitted",0.0775,0.00158470527105103,2.5242546473403e-05
56,"k25_prev08","null",0,"pc1",0.0775,0.746295404441372,0.455043213106767
57,"k25_prev08","null",0,"fitted",0.0875,0.40604910119217,0.0167523250816175
57,"k25_prev08","null",0,"pc1",0.0875,0.777899093447326,0.528763411615383
58,"k25_prev08","null",0,"fitted",0.0925,0.00461141097566964,1.10527325576371e-05
58,"k25_prev08","null",0,"pc1",0.0925,0.545563782225167,0.136968308122234
59,"k25_prev08","null",0,"fitted",0.0875,0.162274990399509,0.0045055913194012
59,"k25_prev08","null",0,"pc1",0.0875,0.924977439137126,0.903343888399112
60,"k25_prev08","null",0,"fitted",0.0875,0.0121402063274705,3.68189389428064e-05
60,"k25_prev08","null",0,"pc1",0.0875,0.207277396879724,0.0966475160674473
61,"k25_prev08","null",0,"fitted",0.0775,0.343134835270561,0.0133268954091876
61,"k25_prev08","null",0,"pc1",0.0775,0.721798162013806,0.99590569104825
62,"k25_prev08","null",0,"fitted",0.09,0.00840177528696029,0.00109905937686228
62,"k25_prev08","null",0,"pc1",0.09,0.8941320548632,0.722865580466023
63,"k25_prev08","null",0,"fitted",0.0875,0.37078592584376,0.0364251789326927
63,"k25_prev08","null",0,"pc1",0.0875,0.67433436572839,0.602053753499356
64,"k25_prev08","null",0,"fitted",0.08,0.270604691171577,0.00899122015863529
64,"k25_prev08","null",0,"pc1",0.08,0.400751570175168,0.805531134119854
65,"k25_prev08","null",0,"fitted",0.0825,0.28619270136377,0.00585990373190381
65,"k25_prev08","null",0,"pc1",0.0825,0.772240898315691,0.246617978033538
66,"k25_prev08","null",0,"fitted",0.0825,0.00275006666233835,7.07072490613303e-05
66,"k25_prev08","null",0,"pc1",0.0825,0.500811163575301,0.769040601320731
67,"k25_prev08","null",0,"fitted",0.065,0.102061601513758,0.000962248531008014
67,"k25_prev08","null",0,"pc1",0.065,0.782387405806304,0.91741147030398
68,"k25_prev08","null",0,"fitted",0.0825,0.0454903838119537,0.00263972098104615
68,"k25_prev08","null",0,"pc1",0.0825,0.440127750153399,0.917910465445678
69,"k25_prev08","null",0,"fitted",0.085,0.074919461482003,0.0747161754625443
69,"k25_prev08","null",0,"pc1",0.085,0.319422276912484,0.0475929812399961
70,"k25_prev08","null",0,"fitted",0.075,0.333118102371345,0.0044280726839494
70,"k25_prev08","null",0,"pc1",0.075,0.354605040416132,0.810984373070942
71,"k25_prev08","null",0,"fitted",0.065,0.0463156023055988,0.00144255612918753
71,"k25_prev08","null",0,"pc1",0.065,0.702104059989598,0.669963053765034
72,"k25_prev08","null",0,"fitted",0.085,3.88000178629389e-05,1.56875760446429e-05
72,"k25_prev08","null",0,"pc1",0.085,0.607782133984318,0.523153459129384
73,"k25_prev08","null",0,"fitted",0.0875,0.00185232469685681,2.23495722817546e-07
73,"k25_prev08","null",0,"pc1",0.0875,0.324607317978077,0.109359728193847
74,"k25_prev08","null",0,"fitted",0.0875,0.00708150954868325,0.000851953651212711
74,"k25_prev08","null",0,"pc1",0.0875,0.344529025782162,0.321744931403648
75,"k25_prev08","null",0,"fitted",0.0925,0.0317744030047382,0.000157337117954071
75,"k25_prev08","null",0,"pc1",0.0925,0.579962496339806,0.374095811150204
76,"k25_prev08","null",0,"fitted",0.08,0.0192594089415408,0.000346967085644856
76,"k25_prev08","null",0,"pc1",0.08,0.219102307094113,0.16625909362236
77,"k25_prev08","null",0,"fitted",0.0925,0.212520481048702,0.137764157149902
77,"k25_prev08","null",0,"pc1",0.0925,0.0573214533040534,0.0702268645204589
78,"k25_prev08","null",0,"fitted",0.1175,0.117677580447092,0.000826626444879075
78,"k25_prev08","null",0,"pc1",0.1175,0.391755234637649,0.0110148974818471
79,"k25_prev08","null",0,"fitted",0.065,0.208290002019661,0.00725967978450304
79,"k25_prev08","null",0,"pc1",0.065,0.448644468517275,0.454458818150721
80,"k25_prev08","null",0,"fitted",0.0775,0.580432490218144,0.0172031905380284
80,"k25_prev08","null",0,"pc1",0.0775,0.197810441540798,0.174968416701969
81,"k25_prev08","null",0,"fitted",0.095,0.051212910827046,0.000347982547294623
81,"k25_prev08","null",0,"pc1",0.095,0.543672474537437,0.416116918396476
82,"k25_prev08","null",0,"fitted",0.09,0.185182465607231,0.0554256655729269
82,"k25_prev08","null",0,"pc1",0.09,0.978063949816933,0.481873709058999
83,"k25_prev08","null",0,"fitted",0.0925,0.127420980497428,0.0182980120174175
83,"k25_prev08","null",0,"pc1",0.0925,0.47330027343891,0.801124058879844
84,"k25_prev08","null",0,"fitted",0.0925,0.456383634914977,0.00866432380175097
84,"k25_prev08","null",0,"pc1",0.0925,0.627218298558149,0.20715598281318
85,"k25_prev08","null",0,"fitted",0.1,0.0557882642427483,0.0188754468183625
85,"k25_prev08","null",0,"pc1",0.1,0.471608038619719,0.700093663165727
86,"k25_prev08","null",0,"fitted",0.0875,0.0977374330206922,0.00592007594094313
86,"k25_prev08","null",0,"pc1",0.0875,0.585479714939636,0.458875429563992
87,"k25_prev08","null",0,"fitted",0.09,0.242656601644344,0.0109009359468015
87,"k25_prev08","null",0,"pc1",0.09,0.512570501241063,0.394323454583507
88,"k25_prev08","null",0,"fitted",0.08,0.464006967494686,0.0587098005629676
88,"k25_prev08","null",0,"pc1",0.08,0.551517044370033,0.781334012730243
89,"k25_prev08","null",0,"fitted",0.0875,0.0689461620677092,0.00165334399942929
89,"k25_prev08","null",0,"pc1",0.0875,0.691463865540332,0.835301857801664
90,"k25_prev08","null",0,"fitted",0.0775,0.124976157212327,0.0037691004264786
90,"k25_prev08","null",0,"pc1",0.0775,0.431739317771374,0.62782063451886
91,"k25_prev08","null",0,"fitted",0.095,0.0581686578815837,0.0123243018957775
91,"k25_prev08","null",0,"pc1",0.095,0.612057452841502,0.647131849232426
92,"k25_prev08","null",0,"fitted",0.075,0.350314674067054,0.0090729489830832
92,"k25_prev08","null",0,"pc1",0.075,0.527260744076888,0.151320220916301
93,"k25_prev08","null",0,"fitted",0.1025,0.173774399870488,0.100341176877264
93,"k25_prev08","null",0,"pc1",0.1025,0.886277339484403,0.325619447057059
94,"k25_prev08","null",0,"fitted",0.06,0.0361896211335098,8.45281929617858e-05
94,"k25_prev08","null",0,"pc1",0.06,0.488298582885867,0.709472585999512
95,"k25_prev08","null",0,"fitted",0.08,0.00041097386320188,5.01440273568132e-05
95,"k25_prev08","null",0,"pc1",0.08,0.429338570137582,0.462414598827222
96,"k25_prev08","null",0,"fitted",0.075,0.150601440432524,0.0413504173403133
96,"k25_prev08","null",0,"pc1",0.075,0.943124335100373,0.920057188661926
97,"k25_prev08","null",0,"fitted",0.0475,0.0336718432575117,6.69872418103123e-05
97,"k25_prev08","null",0,"pc1",0.0475,0.925881188186782,0.867134687003579
98,"k25_prev08","null",0,"fitted",0.065,0.0233993459459901,6.60220111173837e-05
98,"k25_prev08","null",0,"pc1",0.065,0.684436520077057,0.602686689501348
99,"k25_prev08","null",0,"fitted",0.0775,0.655654077140662,0.0361252484681335
99,"k25_prev08","null",0,"pc1",0.0775,0.166129762305807,0.617111296640955
100,"k25_prev08","null",0,"fitted",0.0775,0.00360285500180457,0.000182562108339668
100,"k25_prev08","null",0,"pc1",0.0775,0.794379266130655,0.716492706779784
101,"k25_prev08","null",0,"fitted",0.1025,0.019774044453711,0.00500553839333262
101,"k25_prev08","null",0,"pc1",0.1025,0.429223572761001,0.233552879862578
102,"k25_prev08","null",0,"fitted",0.085,0.047687108411685,0.000769665246404649
102,"k25_prev08","null",0,"pc1",0.085,0.850121375702406,0.179265180527105
103,"k25_prev08","null",0,"fitted",0.0775,0.0366507902629014,0.000179509952208168
103,"k25_prev08","null",0,"pc1",0.0775,0.293299211004839,0.0335070800281061
104,"k25_prev08","null",0,"fitted",0.0725,0.200478568919154,0.00536030259668108
104,"k25_prev08","null",0,"pc1",0.0725,0.84636523040321,0.610220723072939
105,"k25_prev08","null",0,"fitted",0.08,0.0396378394467392,0.000101585495784429
105,"k25_prev08","null",0,"pc1",0.08,0.771167988590561,0.621747630971232
106,"k25_prev08","null",0,"fitted",0.085,0.0900090221034606,0.0024736164648379
106,"k25_prev08","null",0,"pc1",0.085,0.216376382894373,0.00464608246560183
107,"k25_prev08","null",0,"fitted",0.0925,2.53364807216716e-05,1.67646240223362e-08
107,"k25_prev08","null",0,"pc1",0.0925,0.819965906292134,0.397829538380539
108,"k25_prev08","null",0,"fitted",0.0875,0.035882031264157,0.0013226436172602
108,"k25_prev08","null",0,"pc1",0.0875,0.641553775812568,0.77314843169162
109,"k25_prev08","null",0,"fitted",0.0775,0.0824074608808619,0.00041359662630791
109,"k25_prev08","null",0,"pc1",0.0775,0.803889808987323,0.810863897425868
110,"k25_prev08","null",0,"fitted",0.0775,0.00177901057464547,1.69314944353793e-06
110,"k25_prev08","null",0,"pc1",0.0775,0.585996251098153,0.480180533367368
111,"k25_prev08","null",0,"fitted",0.0775,0.0890893742229866,0.0161093167376374
111,"k25_prev08","null",0,"pc1",0.0775,0.841058320421647,0.342591232176229
112,"k25_prev08","null",0,"fitted",0.0875,0.0909211715818353,0.0148972250304167
112,"k25_prev08","null",0,"pc1",0.0875,0.827845208444871,0.471041010106029
113,"k25_prev08","null",0,"fitted",0.085,0.127695121190023,0.00503599917905673
113,"k25_prev08","null",0,"pc1",0.085,0.948163011793746,0.165762593665377
114,"k25_prev08","null",0,"fitted",0.0925,0.212590528724173,0.00206896800870671
114,"k25_prev08","null",0,"pc1",0.0925,0.736914650020626,0.796093907007124
115,"k25_prev08","null",0,"fitted",0.085,0.147849789545991,0.000441222448913092
115,"k25_prev08","null",0,"pc1",0.085,0.217081113706097,0.065326994156919
116,"k25_prev08","null",0,"fitted",0.0675,0.0770565561116345,0.000134895765275256
116,"k25_prev08","null",0,"pc1",0.0675,0.985709570700209,0.866170669742181
117,"k25_prev08","null",0,"fitted",0.06,0.0517370476847184,0.000784282669073821
117,"k25_prev08","null",0,"pc1",0.06,0.823273899635969,0.802711680274587
118,"k25_prev08","null",0,"fitted",0.0725,0.00401805654803034,0.00474727817616061
118,"k25_prev08","null",0,"pc1",0.0725,0.755318128430645,0.299381991367159
119,"k25_prev08","null",0,"fitted",0.0825,0.0523050329800108,0.0281043881472397
119,"k25_prev08","null",0,"pc1",0.0825,0.212824660140104,0.0669544565536455
120,"k25_prev08","null",0,"fitted",0.0825,0.118199737453712,0.00102069632875745
120,"k25_prev08","null",0,"pc1",0.0825,0.31127060274422,0.520247834561909
121,"k25_prev08","null",0,"fitted",0.0975,0.54144445298466,0.521649269681468
121,"k25_prev08","null",0,"pc1",0.0975,0.281906730640137,0.300136874550038
122,"k25_prev08","null",0,"fitted",0.0825,0.00650273270499602,1.41791722219065e-05
122,"k25_prev08","null",0,"pc1",0.0825,0.13260086193785,0.298549965969619
123,"k25_prev08","null",0,"fitted",0.0725,0.0129925655633472,3.27996415894205e-05
123,"k25_prev08","null",0,"pc1",0.0725,0.943121634871076,0.207660108239167
124,"k25_prev08","null",0,"fitted",0.0875,7.13798393894294e-05,1.07351974643066e-07
124,"k25_prev08","null",0,"pc1",0.0875,0.786315595364272,0.703430101816449
125,"k25_prev08","null",0,"fitted",0.0875,0.000787919056054687,1.35406876544675e-06
125,"k25_prev08","null",0,"pc1",0.0875,0.422291961574608,0.163159001167888
126,"k25_prev08","null",0,"fitted",0.08,0.0356283065426355,0.0114012506311508
126,"k25_prev08","null",0,"pc1",0.08,0.531763891011332,0.658248875615233
127,"k25_prev08","null",0,"fitted",0.095,0.0354203501844433,0.00112161366633612
127,"k25_prev08","null",0,"pc1",0.095,0.960559615632802,0.60334223303912
128,"k25_prev08","null",0,"fitted",0.0675,0.0785823746087453,0.00394648739180703
128,"k25_prev08","null",0,"pc1",0.0675,0.311281817502542,0.0348658895888261
129,"k25_prev08","null",0,"fitted",0.065,0.0479616272604714,0.00285515693766714
129,"k25_prev08","null",0,"pc1",0.065,0.475697563411266,0.568010597838887
130,"k25_prev08","null",0,"fitted",0.0775,0.0269175965233021,0.00555382039904295
130,"k25_prev08","null",0,"pc1",0.0775,0.266089423444029,0.84579648138214
131,"k25_prev08","null",0,"fitted",0.0725,0.00543442804968342,0.0029299286351685
131,"k25_prev08","null",0,"pc1",0.0725,0.0631267876264425,0.531091905075312
132,"k25_prev08","null",0,"fitted",0.08,0.463089268584993,0.0710367603445545
132,"k25_prev08","null",0,"pc1",0.08,0.0533621502077495,0.274641731836632
133,"k25_prev08","null",0,"fitted",0.08,0.00185993351533098,3.97960042108902e-06
133,"k25_prev08","null",0,"pc1",0.08,0.287650221183291,0.707662366933922
134,"k25_prev08","null",0,"fitted",0.0725,0.000427153573119621,2.82581040744745e-06
134,"k25_prev08","null",0,"pc1",0.0725,0.456390636991542,0.105664543602203
135,"k25_prev08","null",0,"fitted",0.0925,0.0802913286985033,0.000994515792618778
135,"k25_prev08","null",0,"pc1",0.0925,0.97511010745586,0.54125491391841
136,"k25_prev08","null",0,"fitted",0.0775,0.104745728333517,0.0019582445110653
136,"k25_prev08","null",0,"pc1",0.0775,0.637737248661989,0.596560543687659
137,"k25_prev08","null",0,"fitted",0.0875,0.00478884306029914,2.97908489323984e-05
137,"k25_prev08","null",0,"pc1",0.0875,0.307817600282378,0.507075797106176
138,"k25_prev08","null",0,"fitted",0.0875,0.000918783426601122,2.6489487645609e-06
138,"k25_prev08","null",0,"pc1",0.0875,0.670582340869851,0.4162697618441
139,"k25_prev08","null",0,"fitted",0.0725,0.201492470084416,0.00226542655714335
139,"k25_prev08","null",0,"pc1",0.0725,0.368491540853649,0.221211485558244
140,"k25_prev08","null",0,"fitted",0.1025,0.00591653498738243,0.00443600167145064
140,"k25_prev08","null",0,"pc1",0.1025,0.767672806133823,0.827723339977513
141,"k25_prev08","null",0,"fitted",0.0675,0.0110343184021315,7.6328267706538e-05
141,"k25_prev08","null",0,"pc1",0.0675,0.91821566618094,0.428165852773895
142,"k25_prev08","null",0,"fitted",0.0875,0.0153930760700334,0.000153820725572684
142,"k25_prev08","null",0,"pc1",0.0875,0.811661698119838,0.316298596500933
143,"k25_prev08","null",0,"fitted",0.085,0.261919250909042,0.00281166909271191
143,"k25_prev08","null",0,"pc1",0.085,0.507560979595655,0.361807796938528
144,"k25_prev08","null",0,"fitted",0.09,0.0911429761688809,0.00571799547112661
144,"k25_prev08","null",0,"pc1",0.09,0.846175229771595,0.709975758405054
145,"k25_prev08","null",0,"fitted",0.0875,0.135104648669908,0.0116690966329257
145,"k25_prev08","null",0,"pc1",0.0875,0.191638864819496,0.0521578473946787
146,"k25_prev08","null",0,"fitted",0.08,0.0287474821813256,0.00218236142138983
146,"k25_prev08","null",0,"pc1",0.08,0.542233506074303,0.188697821264829
147,"k25_prev08","null",0,"fitted",0.0775,0.0121104870224057,6.94933268537978e-05
147,"k25_prev08","null",0,"pc1",0.0775,0.597408482565915,0.295209307740635
148,"k25_prev08","null",0,"fitted",0.07,0.0298020074812299,0.0449436107032617
148,"k25_prev08","null",0,"pc1",0.07,0.00504992130164039,0.0554770586950628
149,"k25_prev08","null",0,"fitted",0.085,0.039532001078516,0.040948451299575
149,"k25_prev08","null",0,"pc1",0.085,0.1075766161858,0.0593966638554241
150,"k25_prev08","null",0,"fitted",0.1,0.0286976269779224,0.048821513081569
150,"k25_prev08","null",0,"pc1",0.1,0.817811587103129,0.391396612617514
151,"k25_prev08","null",0,"fitted",0.0925,0.021211700303978,0.000341077197445916
151,"k25_prev08","null",0,"pc1",0.0925,0.505910996576267,0.0629118564931515
152,"k25_prev08","null",0,"fitted",0.0775,0.00492678442646566,0.00262663837988142
152,"k25_prev08","null",0,"pc1",0.0775,0.555456945090836,0.778418667714266
153,"k25_prev08","null",0,"fitted",0.0875,0.00668453469160823,0.000610398388438127
153,"k25_prev08","null",0,"pc1",0.0875,0.16790101254315,0.524159049491511
154,"k25_prev08","null",0,"fitted",0.09,0.0254092584746566,0.000244388881668778
154,"k25_prev08","null",0,"pc1",0.09,0.3057771532065,0.269879757219401
155,"k25_prev08","null",0,"fitted",0.0825,0.455922744049333,0.039106121016107
155,"k25_prev08","null",0,"pc1",0.0825,0.609549345292139,0.240979639327491
156,"k25_prev08","null",0,"fitted",0.0825,0.000702057345742357,4.52175629161999e-07
156,"k25_prev08","null",0,"pc1",0.0825,0.383459171111265,0.0680849965835726
157,"k25_prev08","null",0,"fitted",0.075,0.0113961740611299,0.00260816222813343
157,"k25_prev08","null",0,"pc1",0.075,0.468355627993416,0.806967651698081
158,"k25_prev08","null",0,"fitted",0.085,0.0049935312515903,0.000661961663884547
158,"k25_prev08","null",0,"pc1",0.085,0.744519150947866,0.963190524143855
159,"k25_prev08","null",0,"fitted",0.0925,0.00572072947878621,0.000347008759780332
159,"k25_prev08","null",0,"pc1",0.0925,0.195378216359266,0.475818140200057
160,"k25_prev08","null",0,"fitted",0.095,0.00225444048189405,1.71863528225513e-05
160,"k25_prev08","null",0,"pc1",0.095,0.782284758226656,0.446502159155189
161,"k25_prev08","null",0,"fitted",0.0725,0.0155849917331867,0.00104860755829539
161,"k25_prev08","null",0,"pc1",0.0725,0.681093524733542,0.512550476515004
162,"k25_prev08","null",0,"fitted",0.1,0.0379301855895777,0.000869859448615395
162,"k25_prev08","null",0,"pc1",0.1,0.998974308678074,0.970105826329595
163,"k25_prev08","null",0,"fitted",0.0925,0.20812813178848,0.00237102859964633
163,"k25_prev08","null",0,"pc1",0.0925,0.605498776617246,0.125829467540733
164,"k25_prev08","null",0,"fitted",0.075,0.00552921995792621,9.5833300428616e-05
164,"k25_prev08","null",0,"pc1",0.075,0.547728680544688,0.0740222245439744
165,"k25_prev08","null",0,"fitted",0.0775,0.140229348046048,0.0196573031802403
165,"k25_prev08","null",0,"pc1",0.0775,0.303975899899055,0.903070631135463
166,"k25_prev08","null",0,"fitted",0.0775,0.10773660672589,0.00103211401001302
166,"k25_prev08","null",0,"pc1",0.0775,0.629717614414299,0.154052496211604
167,"k25_prev08","null",0,"fitted",0.0875,0.223709252093238,0.00188819817958952
167,"k25_prev08","null",0,"pc1",0.0875,0.479799721324776,0.877377301055632
168,"k25_prev08","null",0,"fitted",0.0775,0.404758138918689,0.039469127566425
168,"k25_prev08","null",0,"pc1",0.0775,0.45016759927961,0.557632678219317
169,"k25_prev08","null",0,"fitted",0.07,0.000643949017026246,5.32931430519135e-06
169,"k25_prev08","null",0,"pc1",0.07,0.126272185557112,0.212862406564419
170,"k25_prev08","null",0,"fitted",0.0725,0.0120546338415655,2.94990085389912e-05
170,"k25_prev08","null",0,"pc1",0.0725,0.365847413648305,0.160001137875431
171,"k25_prev08","null",0,"fitted",0.07,0.151749775936713,0.0277418794037783
171,"k25_prev08","null",0,"pc1",0.07,0.083021526239619,0.0229973910800884
172,"k25_prev08","null",0,"fitted",0.075,0.00305126509228304,5.80315562925815e-06
172,"k25_prev08","null",0,"pc1",0.075,0.0132740833605828,0.000618381997280482
173,"k25_prev08","null",0,"fitted",0.09,0.327245772577423,0.0772627573774183
173,"k25_prev08","null",0,"pc1",0.09,0.901719915948412,0.74136172233366
174,"k25_prev08","null",0,"fitted",0.0875,0.476690524137996,0.0074138775135062
174,"k25_prev08","null",0,"pc1",0.0875,0.644122215228446,0.985732626193255
175,"k25_prev08","null",0,"fitted",0.0875,0.0999581800463145,0.000993109830333849
175,"k25_prev08","null",0,"pc1",0.0875,0.450427542653066,0.678250176694888
176,"k25_prev08","null",0,"fitted",0.0975,0.0246039157642044,0.000197862047167097
176,"k25_prev08","null",0,"pc1",0.0975,0.208665825242611,0.956892188354745
177,"k25_prev08","null",0,"fitted",0.09,0.370195193200669,0.0217082659224815
177,"k25_prev08","null",0,"pc1",0.09,0.810199493217175,0.804742872142539
178,"k25_prev08","null",0,"fitted",0.0875,0.161068002916761,0.00146800265779867
178,"k25_prev08","null",0,"pc1",0.0875,0.253733011665514,0.0756036749573537
179,"k25_prev08","null",0,"fitted",0.0725,0.194648601173925,0.00854097819976152
179,"k25_prev08","null",0,"pc1",0.0725,0.345229581081485,0.0842790742110975
180,"k25_prev08","null",0,"fitted",0.0875,0.462660597977569,0.158306644005586
180,"k25_prev08","null",0,"pc1",0.0875,0.803679542358913,0.965519250909958
181,"k25_prev08","null",0,"fitted",0.0975,0.200689250869563,0.00239472026538134
181,"k25_prev08","null",0,"pc1",0.0975,0.738183635755709,0.217578087668288
182,"k25_prev08","null",0,"fitted",0.0775,0.130472729467622,0.00960715443209903
182,"k25_prev08","null",0,"pc1",0.0775,0.295064013868734,0.836272628818405
183,"k25_prev08","null",0,"fitted",0.08,0.190823026317803,0.014526907573249
183,"k25_prev08","null",0,"pc1",0.08,0.703386263986826,0.850357010897797
184,"k25_prev08","null",0,"fitted",0.07,0.00139862636964039,1.04664520794717e-06
184,"k25_prev08","null",0,"pc1",0.07,0.552164407307098,0.618715023011533
185,"k25_prev08","null",0,"fitted",0.095,0.0355097923508028,0.0022323757302436
185,"k25_prev08","null",0,"pc1",0.095,0.213869670465006,0.0827584712202802
186,"k25_prev08","null",0,"fitted",0.0675,0.00877099270281145,0.00477892601103735
186,"k25_prev08","null",0,"pc1",0.0675,0.248564299202006,0.162607187429918
187,"k25_prev08","null",0,"fitted",0.085,0.171523329056317,0.0050165049980132
187,"k25_prev08","null",0,"pc1",0.085,0.69193462227703,0.31008129161177
188,"k25_prev08","null",0,"fitted",0.075,0.0153184798825881,1.18387931899999e-05
188,"k25_prev08","null",0,"pc1",0.075,0.830930462609645,0.765427522972056
189,"k25_prev08","null",0,"fitted",0.1025,0.00117545004781505,0.000191056460758787
189,"k25_prev08","null",0,"pc1",0.1025,0.632643507919531,0.416300525480665
190,"k25_prev08","null",0,"fitted",0.085,0.124515913740588,0.0738553493507567
190,"k25_prev08","null",0,"pc1",0.085,0.519715511732884,0.387368886347027
191,"k25_prev08","null",0,"fitted",0.1,0.132780068486373,0.00132554473251723
191,"k25_prev08","null",0,"pc1",0.1,0.0205384563372917,0.402550661285612
192,"k25_prev08","null",0,"fitted",0.0525,0.439973477189427,0.0665968702595775
192,"k25_prev08","null",0,"pc1",0.0525,0.900713885218364,0.546389121150481
193,"k25_prev08","null",0,"fitted",0.095,0.0383165629336409,0.106757353782088
193,"k25_prev08","null",0,"pc1",0.095,0.841096755703709,0.369227354252537
194,"k25_prev08","null",0,"fitted",0.08,0.0927930321473055,0.00801877273353524
194,"k25_prev08","null",0,"pc1",0.08,0.146668001632559,0.360695073105752
195,"k25_prev08","null",0,"fitted",0.0825,0.0106398757541346,5.07645809457724e-05
195,"k25_prev08","null",0,"pc1",0.0825,0.558626767164258,0.283674088734267
196,"k25_prev08","null",0,"fitted",0.07,0.465390978401468,0.0682812042015759
196,"k25_prev08","null",0,"pc1",0.07,0.125117472202281,0.320791496906695
197,"k25_prev08","null",0,"fitted",0.0825,0.118095471351498,0.00567870218635524
197,"k25_prev08","null",0,"pc1",0.0825,0.492309065184476,0.5363541554668
198,"k25_prev08","null",0,"fitted",0.075,0.278523164247186,0.0590316323389833
198,"k25_prev08","null",0,"pc1",0.075,0.701720526543441,0.133193667979486
199,"k25_prev08","null",0,"fitted",0.1025,0.0237611598740723,0.000189213718926329
199,"k25_prev08","null",0,"pc1",0.1025,0.147994810543074,0.273592095511836
200,"k25_prev08","null",0,"fitted",0.0775,0.623089083517136,0.0632008731605284
200,"k25_prev08","null",0,"pc1",0.0775,0.910982050139601,0.491561341599825
201,"k25_prev08","null",0,"fitted",0.08,0.0316638942364753,0.00311153368264661
201,"k25_prev08","null",0,"pc1",0.08,0.948839937062257,0.188364298023821
202,"k25_prev08","null",0,"fitted",0.095,0.0296637659850696,0.00194977891392367
202,"k25_prev08","null",0,"pc1",0.095,0.396037588416701,0.575612544203073
203,"k25_prev08","null",0,"fitted",0.06,0.466691864598946,0.0483384710492727
203,"k25_prev08","null",0,"pc1",0.06,0.975445745148859,0.758471002889871
204,"k25_prev08","null",0,"fitted",0.075,0.0129053509007482,0.00175968298818041
204,"k25_prev08","null",0,"pc1",0.075,0.232457147573857,0.0350727970495991
205,"k25_prev08","null",0,"fitted",0.065,0.00789109245175623,0.000382380390117065
205,"k25_prev08","null",0,"pc1",0.065,0.00335576032142615,0.026278494376253
206,"k25_prev08","null",0,"fitted",0.0825,0.0285743082932943,0.000178016083995924
206,"k25_prev08","null",0,"pc1",0.0825,0.0724668526690663,0.352895149011539
207,"k25_prev08","null",0,"fitted",0.09,0.000481505868098031,2.02353698575131e-06
207,"k25_prev08","null",0,"pc1",0.09,0.381870505976089,0.876379425110509
208,"k25_prev08","null",0,"fitted",0.075,0.0433348456304925,0.00146735595248848
208,"k25_prev08","null",0,"pc1",0.075,0.686645592995889,0.614483732569139
209,"k25_prev08","null",0,"fitted",0.06,0.361499382643779,0.0101929881883325
209,"k25_prev08","null",0,"pc1",0.06,0.723591544702518,0.87253295323393
210,"k25_prev08","null",0,"fitted",0.0625,0.0119357297390564,2.59500086159381e-05
210,"k25_prev08","null",0,"pc1",0.0625,0.425811342384661,0.0853409255360894
211,"k25_prev08","null",0,"fitted",0.085,0.182680006918884,0.00347622394235003
211,"k25_prev08","null",0,"pc1",0.085,0.750728849713673,0.720096945033897
212,"k25_prev08","null",0,"fitted",0.065,0.398627117811191,0.0481974378112104
212,"k25_prev08","null",0,"pc1",0.065,0.853211296543257,0.486862443063395
213,"k25_prev08","null",0,"fitted",0.085,0.589224807368594,0.144358635349309
213,"k25_prev08","null",0,"pc1",0.085,0.450874704677057,0.0956706958656919
214,"k25_prev08","null",0,"fitted",0.0625,0.0060958323965139,2.51875057842854e-05
214,"k25_prev08","null",0,"pc1",0.0625,0.195540736558806,0.964090100530276
215,"k25_prev08","null",0,"fitted",0.08,0.0391072253081407,0.00749928040508907
215,"k25_prev08","null",0,"pc1",0.08,0.817544023630795,0.450560816991583
216,"k25_prev08","null",0,"fitted",0.09,0.546855207207267,0.0268728490850302
216,"k25_prev08","null",0,"pc1",0.09,0.280983623507992,0.636544320367007
217,"k25_prev08","null",0,"fitted",0.08,0.00810021492210067,1.83865078247081e-05
217,"k25_prev08","null",0,"pc1",0.08,0.249125394776754,0.131929642424966
218,"k25_prev08","null",0,"fitted",0.07,0.0706311094541868,0.00245090293263617
218,"k25_prev08","null",0,"pc1",0.07,0.851845783672267,0.954510791808047
219,"k25_prev08","null",0,"fitted",0.08,0.157501221745406,0.00304495444043007
219,"k25_prev08","null",0,"pc1",0.08,0.833202697651682,0.176075559392115
220,"k25_prev08","null",0,"fitted",0.095,0.00170700408901925,2.83685543570611e-05
220,"k25_prev08","null",0,"pc1",0.095,0.47666507361153,0.227518777540387
221,"k25_prev08","null",0,"fitted",0.08,0.643584806789718,0.101231651510583
221,"k25_prev08","null",0,"pc1",0.08,0.288634533826659,0.990611495113011
222,"k25_prev08","null",0,"fitted",0.08,0.00278970608367979,1.88964416247828e-06
222,"k25_prev08","null",0,"pc1",0.08,0.190285139435952,0.0640068824905504
223,"k25_prev08","null",0,"fitted",0.0725,0.00977955016145904,0.000365490269580993
223,"k25_prev08","null",0,"pc1",0.0725,0.628404819421674,0.775627114561221
224,"k25_prev08","null",0,"fitted",0.075,0.0339677722033649,0.00174248709246849
224,"k25_prev08","null",0,"pc1",0.075,0.346024806219641,0.623781135709865
225,"k25_prev08","null",0,"fitted",0.07,0.204887459031214,0.010166432814777
225,"k25_prev08","null",0,"pc1",0.07,0.826962463368082,0.777053756872533
226,"k25_prev08","null",0,"fitted",0.075,0.0470804870644477,0.00425892341806466
226,"k25_prev08","null",0,"pc1",0.075,0.256672249542613,0.0849438878555394
227,"k25_prev08","null",0,"fitted",0.07,0.00131265955699933,9.50889633366536e-07
227,"k25_prev08","null",0,"pc1",0.07,0.992963821291447,0.969643798249137
228,"k25_prev08","null",0,"fitted",0.0725,0.0125229357895402,0.000258292488605538
228,"k25_prev08","null",0,"pc1",0.0725,0.903655809034393,0.911390182534566
229,"k25_prev08","null",0,"fitted",0.07,0.362887534460477,0.00650274172397325
229,"k25_prev08","null",0,"pc1",0.07,0.945354073142813,0.479364912663882
230,"k25_prev08","null",0,"fitted",0.095,0.231648630849755,0.0238901670237243
230,"k25_prev08","null",0,"pc1",0.095,0.881040308058932,0.898325063678022
231,"k25_prev08","null",0,"fitted",0.0675,0.00976072561436325,1.36245927725431e-05
231,"k25_prev08","null",0,"pc1",0.0675,0.915060435663695,0.334921749572231
232,"k25_prev08","null",0,"fitted",0.09,0.850464576381317,0.250981398030704
232,"k25_prev08","null",0,"pc1",0.09,0.562924210980995,0.858249470404477
233,"k25_prev08","null",0,"fitted",0.0875,0.0456370524909643,0.00150093431281761
233,"k25_prev08","null",0,"pc1",0.0875,0.957402552296219,0.994046741119059
234,"k25_prev08","null",0,"fitted",0.065,0.00153855805986491,5.01389260565421e-06
234,"k25_prev08","null",0,"pc1",0.065,0.950110055624543,0.740428878006611
235,"k25_prev08","null",0,"fitted",0.085,0.687018721977061,0.0614003423261045
235,"k25_prev08","null",0,"pc1",0.085,0.462617214604633,0.613917484748068
236,"k25_prev08","null",0,"fitted",0.08,0.0299690405101001,0.000368283327431218
236,"k25_prev08","null",0,"pc1",0.08,0.123684180815935,0.158179527175233
237,"k25_prev08","null",0,"fitted",0.0925,0.0481680222321217,0.00509811055081522
237,"k25_prev08","null",0,"pc1",0.0925,0.751917237607598,0.74278151047225
238,"k25_prev08","null",0,"fitted",0.0925,0.000206449075199178,2.61765109588197e-08
238,"k25_prev08","null",0,"pc1",0.0925,0.766030850084772,0.683293484577241
239,"k25_prev08","null",0,"fitted",0.1025,0.323578696996486,0.0326469273407943
239,"k25_prev08","null",0,"pc1",0.1025,0.423213189430096,0.172823556090067
240,"k25_prev08","null",0,"fitted",0.08,0.297501701349071,0.18152382337747
240,"k25_prev08","null",0,"pc1",0.08,0.677137378361533,0.621052490703232
241,"k25_prev08","null",0,"fitted",0.08,0.00220444798829122,0.00394540905138252
241,"k25_prev08","null",0,"pc1",0.08,0.314899279189578,0.395040425290801
242,"k25_prev08","null",0,"fitted",0.0825,0.66156244195865,0.0265013444633379
242,"k25_prev08","null",0,"pc1",0.0825,0.700425729178998,0.519649288919671
243,"k25_prev08","null",0,"fitted",0.0575,0.325157128531834,0.00913178488157818
243,"k25_prev08","null",0,"pc1",0.0575,0.606289149723079,0.470237885553927
244,"k25_prev08","null",0,"fitted",0.0875,0.0300065892323467,0.00370770993566594
244,"k25_prev08","null",0,"pc1",0.0875,0.904221239308806,0.440387298276059
245,"k25_prev08","null",0,"fitted",0.0675,0.280709647333535,0.00805607303586287
245,"k25_prev08","null",0,"pc1",0.0675,0.548021029744911,0.446245701937451
246,"k25_prev08","null",0,"fitted",0.06,0.083906575622587,0.000722595830161987
246,"k25_prev08","null",0,"pc1",0.06,0.436568680773713,0.998587051170126
247,"k25_prev08","null",0,"fitted",0.075,0.0193015739417454,0.00106145552360903
247,"k25_prev08","null",0,"pc1",0.075,0.704799353569228,0.987225800222288
248,"k25_prev08","null",0,"fitted",0.065,0.392117801368792,0.0286393096784576
248,"k25_prev08","null",0,"pc1",0.065,0.746124377386407,0.19628007092153
249,"k25_prev08","null",0,"fitted",0.075,0.137222767798924,0.00986088151880038
249,"k25_prev08","null",0,"pc1",0.075,0.898154552776479,0.349498162008161
250,"k25_prev08","null",0,"fitted",0.09,0.114469052079432,0.065683501934904
250,"k25_prev08","null",0,"pc1",0.09,0.221920598067581,0.716861915821639
251,"k25_prev08","null",0,"fitted",0.09,0.0452756304612861,5.34568053091045e-05
251,"k25_prev08","null",0,"pc1",0.09,0.529477813376045,0.231651515452669
252,"k25_prev08","null",0,"fitted",0.07,0.0295898218252889,0.000117485859005395
252,"k25_prev08","null",0,"pc1",0.07,0.0616310867796195,0.286496582443974
253,"k25_prev08","null",0,"fitted",0.07,0.0476940835768727,0.0346610888866081
253,"k25_prev08","null",0,"pc1",0.07,0.535934685469179,0.383922227452459
254,"k25_prev08","null",0,"fitted",0.065,0.0211014517781503,5.89543290574479e-05
254,"k25_prev08","null",0,"pc1",0.065,0.0543637295652672,0.0481392280880979
255,"k25_prev08","null",0,"fitted",0.09,0.00488853215164209,8.46927322450952e-06
255,"k25_prev08","null",0,"pc1",0.09,0.175727440196266,0.129994584258684
256,"k25_prev08","null",0,"fitted",0.0775,0.0119986991915614,2.24800408784587e-05
256,"k25_prev08","null",0,"pc1",0.0775,0.733831711304113,0.266381942480081
257,"k25_prev08","null",0,"fitted",0.09,0.137039505945652,0.00585038710153429
257,"k25_prev08","null",0,"pc1",0.09,0.0887968869674103,0.493444060051809
258,"k25_prev08","null",0,"fitted",0.0725,0.0194868732930187,6.04171250573327e-05
258,"k25_prev08","null",0,"pc1",0.0725,0.80620250402504,0.768621761648892
259,"k25_prev08","null",0,"fitted",0.0925,0.188434659328781,0.0151765709731295
259,"k25_prev08","null",0,"pc1",0.0925,0.653358854681261,0.502047537186789
260,"k25_prev08","null",0,"fitted",0.07,0.00724994801133949,2.52547012217219e-05
260,"k25_prev08","null",0,"pc1",0.07,0.174194999873949,0.012133282846635
261,"k25_prev08","null",0,"fitted",0.065,0.13467608351342,0.0144383576636936
261,"k25_prev08","null",0,"pc1",0.065,0.695622754251789,0.1690634262028
262,"k25_prev08","null",0,"fitted",0.0725,0.109427801021196,0.00745932984482656
262,"k25_prev08","null",0,"pc1",0.0725,0.997230634151261,0.896124042173913
263,"k25_prev08","null",0,"fitted",0.0825,0.15245915667616,0.00115929643187673
263,"k25_prev08","null",0,"pc1",0.0825,0.424206757086624,0.765872981838591
264,"k25_prev08","null",0,"fitted",0.0825,0.224644363449726,0.00817956473215387
264,"k25_prev08","null",0,"pc1",0.0825,0.832239263309021,0.606183081991201
265,"k25_prev08","null",0,"fitted",0.07,0.00230819085904721,7.57801126813895e-05
265,"k25_prev08","null",0,"pc1",0.07,0.483391621699674,0.574115384364864
266,"k25_prev08","null",0,"fitted",0.085,0.0274564584293127,0.00021980238505348
266,"k25_prev08","null",0,"pc1",0.085,0.618210633523619,0.502032266562499
267,"k25_prev08","null",0,"fitted",0.0925,0.0323270318955158,0.000132836067758935
267,"k25_prev08","null",0,"pc1",0.0925,0.395573319835349,0.646223212350557
268,"k25_prev08","null",0,"fitted",0.0825,0.123029988328884,0.00352710747319951
268,"k25_prev08","null",0,"pc1",0.0825,0.786853238150715,0.24204090860587
269,"k25_prev08","null",0,"fitted",0.0725,0.48091401194718,0.00819501335922324
269,"k25_prev08","null",0,"pc1",0.0725,0.319763078983996,0.0715109073421405
270,"k25_prev08","null",0,"fitted",0.0925,0.0757943491314585,0.00145613259688282
270,"k25_prev08","null",0,"pc1",0.0925,0.0484096605765909,0.0016781652748552
271,"k25_prev08","null",0,"fitted",0.0875,0.00435885504379774,2.14342814552904e-06
271,"k25_prev08","null",0,"pc1",0.0875,0.87586806591862,0.788565607144243
272,"k25_prev08","null",0,"fitted",0.095,0.421320977214096,0.012621577652794
272,"k25_prev08","null",0,"pc1",0.095,0.993063125535147,0.509470362781807
273,"k25_prev08","null",0,"fitted",0.08,0.106364085917823,0.0135726651455869
273,"k25_prev08","null",0,"pc1",0.08,0.00282888013349392,0.264324601507283
274,"k25_prev08","null",0,"fitted",0.0775,0.015468971689207,7.13658596177558e-05
274,"k25_prev08","null",0,"pc1",0.0775,0.55363640023616,0.219670600060767
275,"k25_prev08","null",0,"fitted",0.08,0.824560145551604,0.449449130282338
275,"k25_prev08","null",0,"pc1",0.08,0.608260312850822,0.835811662870587
276,"k25_prev08","null",0,"fitted",0.0825,0.872259236815242,0.155239007921438
276,"k25_prev08","null",0,"pc1",0.0825,0.361014334943083,0.54636084132901
277,"k25_prev08","null",0,"fitted",0.09,0.254890180623587,0.243890902227328
277,"k25_prev08","null",0,"pc1",0.09,0.71245617012891,0.940305668142251
278,"k25_prev08","null",0,"fitted",0.09,0.123912351291151,0.0186481782982052
278,"k25_prev08","null",0,"pc1",0.09,0.698436880063517,0.980463934756013
279,"k25_prev08","null",0,"fitted",0.095,3.37828669965123e-05,2.24627450085002e-07
279,"k25_prev08","null",0,"pc1",0.095,0.061345454355783,0.23046475684743
280,"k25_prev08","null",0,"fitted",0.085,0.107351254620762,0.000803226321697714
280,"k25_prev08","null",0,"pc1",0.085,0.705737679857691,0.436964463245973
281,"k25_prev08","null",0,"fitted",0.0875,0.0533124193735709,0.0500608107801161
281,"k25_prev08","null",0,"pc1",0.0875,0.454544576025561,0.509800431432539
282,"k25_prev08","null",0,"fitted",0.08,0.00268468723700543,0.000400373542448151
282,"k25_prev08","null",0,"pc1",0.08,0.0853815330840045,0.491341613623732
283,"k25_prev08","null",0,"fitted",0.095,0.0301333196868618,0.000165553372227123
283,"k25_prev08","null",0,"pc1",0.095,0.28359271214489,0.00950279341133231
284,"k25_prev08","null",0,"fitted",0.09,0.263569508385314,0.00905753384522245
284,"k25_prev08","null",0,"pc1",0.09,0.013257077085546,0.648599022849445
285,"k25_prev08","null",0,"fitted",0.1,0.000613823438435634,0.000226768349103512
285,"k25_prev08","null",0,"pc1",0.1,0.279101845378042,0.114260480428921
286,"k25_prev08","null",0,"fitted",0.0675,2.93799604296208e-05,8.19583969435822e-06
286,"k25_prev08","null",0,"pc1",0.0675,0.0559172152533467,0.860618699064429
287,"k25_prev08","null",0,"fitted",0.085,0.285792220345529,0.0312375959580786
287,"k25_prev08","null",0,"pc1",0.085,0.85019057810484,0.219005841337435
288,"k25_prev08","null",0,"fitted",0.085,0.110582050363897,0.000862943064955379
288,"k25_prev08","null",0,"pc1",0.085,0.238980267574235,0.111336213293323
289,"k25_prev08","null",0,"fitted",0.0975,0.0713311864982353,0.000650386784656121
289,"k25_prev08","null",0,"pc1",0.0975,0.0280243501719371,0.26548598491712
290,"k25_prev08","null",0,"fitted",0.0775,0.0825474099006142,0.00101895771993576
290,"k25_prev08","null",0,"pc1",0.0775,0.385486685129882,0.808147259046989
291,"k25_prev08","null",0,"fitted",0.105,0.424476878104116,0.040397452435125
291,"k25_prev08","null",0,"pc1",0.105,0.387203411045824,0.187536385018515
292,"k25_prev08","null",0,"fitted",0.0875,0.000566165121853368,1.40145715477047e-06
292,"k25_prev08","null",0,"pc1",0.0875,0.354533055471109,0.48709317152716
293,"k25_prev08","null",0,"fitted",0.07,0.883209558773504,0.191654411993637
293,"k25_prev08","null",0,"pc1",0.07,0.529419799402112,0.757028889675712
294,"k25_prev08","null",0,"fitted",0.0725,0.0595259470941416,0.0319630677684036
294,"k25_prev08","null",0,"pc1",0.0725,0.192013991034258,0.0450648659808062
295,"k25_prev08","null",0,"fitted",0.0925,0.535795402716693,0.0744915264171204
295,"k25_prev08","null",0,"pc1",0.0925,0.332449081486695,0.79007607701755
296,"k25_prev08","null",0,"fitted",0.0825,0.0392046759977926,0.000227702922279915
296,"k25_prev08","null",0,"pc1",0.0825,0.35144388412638,0.321430774077437
297,"k25_prev08","null",0,"fitted",0.0675,0.0191990958029851,7.37172423306287e-05
297,"k25_prev08","null",0,"pc1",0.0675,0.280531326574229,0.992092739248218
298,"k25_prev08","null",0,"fitted",0.0825,0.10555856126034,0.000675667329054885
298,"k25_prev08","null",0,"pc1",0.0825,0.366864534868001,0.309075079191207
299,"k25_prev08","null",0,"fitted",0.0975,0.498679696627477,0.0144091322666051
299,"k25_prev08","null",0,"pc1",0.0975,0.359933821938114,0.183128285799425
300,"k25_prev08","null",0,"fitted",0.0725,0.395572519868729,0.0115796897747293
300,"k25_prev08","null",0,"pc1",0.0725,0.208392214686201,0.143195223511095
301,"k25_prev08","null",0,"fitted",0.0875,0.0767432695464659,0.131542370763703
301,"k25_prev08","null",0,"pc1",0.0875,0.27364484515542,0.342026935807948
302,"k25_prev08","null",0,"fitted",0.085,0.0808535151657646,0.000400675717866616
302,"k25_prev08","null",0,"pc1",0.085,0.242712491147534,0.149190425402596
303,"k25_prev08","null",0,"fitted",0.065,0.112804876442725,0.0200149610567866
303,"k25_prev08","null",0,"pc1",0.065,0.947899214959456,0.914687302404521
304,"k25_prev08","null",0,"fitted",0.0875,0.000528962101979724,3.2271715033616e-07
304,"k25_prev08","null",0,"pc1",0.0875,0.165975258952487,0.00520919618871041
305,"k25_prev08","null",0,"fitted",0.0775,0.082708899077688,0.00294250680766617
305,"k25_prev08","null",0,"pc1",0.0775,0.846300818319425,0.189738947376824
306,"k25_prev08","null",0,"fitted",0.095,0.0584713180295137,0.000329398435339634
306,"k25_prev08","null",0,"pc1",0.095,0.86653960706889,0.223120250700909
307,"k25_prev08","null",0,"fitted",0.0875,0.00294511069705938,6.62401587181449e-06
307,"k25_prev08","null",0,"pc1",0.0875,0.0978193668838276,0.821019484115416
308,"k25_prev08","null",0,"fitted",0.095,0.255260024381013,0.00539255645750192
308,"k25_prev08","null",0,"pc1",0.095,0.276228061631206,0.463705403135913
309,"k25_prev08","null",0,"fitted",0.09,0.0446991360939369,0.0165580041894529
309,"k25_prev08","null",0,"pc1",0.09,0.547038052962339,0.70831423504484
310,"k25_prev08","null",0,"fitted",0.0875,0.121170999387679,0.000375700709036364
310,"k25_prev08","null",0,"pc1",0.0875,0.245118626344244,0.688239176800241
311,"k25_prev08","null",0,"fitted",0.0675,0.563761676515954,0.0887035869368019
311,"k25_prev08","null",0,"pc1",0.0675,0.422787770916418,0.836811887714028
312,"k25_prev08","null",0,"fitted",0.085,0.0483775986479706,0.00324084134559977
312,"k25_prev08","null",0,"pc1",0.085,0.58201518087889,0.111809981257599
313,"k25_prev08","null",0,"fitted",0.075,0.0120189441324283,0.00121657219255011
313,"k25_prev08","null",0,"pc1",0.075,0.746352438186551,0.687343521770507
314,"k25_prev08","null",0,"fitted",0.0725,0.00229695103751504,3.76249963542907e-05
314,"k25_prev08","null",0,"pc1",0.0725,0.356494268992041,0.995673782209178
315,"k25_prev08","null",0,"fitted",0.0875,0.254976903701248,0.00863549918187512
315,"k25_prev08","null",0,"pc1",0.0875,0.801064839356984,0.243115499713746
316,"k25_prev08","null",0,"fitted",0.0775,0.036234057157066,0.00116082754917346
316,"k25_prev08","null",0,"pc1",0.0775,0.490547804934881,0.238215833639741
317,"k25_prev08","null",0,"fitted",0.075,0.0356892888231537,0.000294233157183243
317,"k25_prev08","null",0,"pc1",0.075,0.83120329203565,0.376162319153452
318,"k25_prev08","null",0,"fitted",0.0725,0.014095757642606,0.00276253855015574
318,"k25_prev08","null",0,"pc1",0.0725,0.94186660221993,0.750636501134823
319,"k25_prev08","null",0,"fitted",0.0875,0.00468181951787328,0.000219533982936504
319,"k25_prev08","null",0,"pc1",0.0875,0.765757654602009,0.825027269070252
320,"k25_prev08","null",0,"fitted",0.09,0.0309911381362166,0.000366693295229092
320,"k25_prev08","null",0,"pc1",0.09,0.172074913784132,0.76036744087872
321,"k25_prev08","null",0,"fitted",0.0875,0.531803163947207,0.0449998786217516
321,"k25_prev08","null",0,"pc1",0.0875,0.332299068635807,0.712089141420848
322,"k25_prev08","null",0,"fitted",0.0625,0.474508262753511,0.00789051035133581
322,"k25_prev08","null",0,"pc1",0.0625,0.91842685521747,0.670345258971469
323,"k25_prev08","null",0,"fitted",0.07,0.00242827262166401,6.34020612988451e-06
323,"k25_prev08","null",0,"pc1",0.07,0.980164286383513,0.673597927784385
324,"k25_prev08","null",0,"fitted",0.075,0.0127064883323551,3.59963923882711e-05
324,"k25_prev08","null",0,"pc1",0.075,0.0552627109694004,0.664733558447493
325,"k25_prev08","null",0,"fitted",0.0775,0.00524846866339646,0.000894941043434239
325,"k25_prev08","null",0,"pc1",0.0775,0.106320035936544,0.0712996052066275
326,"k25_prev08","null",0,"fitted",0.085,0.0332496480336149,0.00499411563221663
326,"k25_prev08","null",0,"pc1",0.085,0.695076178733131,0.974543219233896
327,"k25_prev08","null",0,"fitted",0.09,0.0100005451668828,0.000361645352758622
327,"k25_prev08","null",0,"pc1",0.09,0.242141239496513,0.0465778540825579
328,"k25_prev08","null",0,"fitted",0.0975,0.333420012461486,0.0106455496828644
328,"k25_prev08","null",0,"pc1",0.0975,0.69673952501976,0.845865726239037
329,"k25_prev08","null",0,"fitted",0.09,0.295512087458529,0.0123258464465555
329,"k25_prev08","null",0,"pc1",0.09,0.424303500515044,0.370370301636962
330,"k25_prev08","null",0,"fitted",0.0875,0.0323124146111596,0.00115037493398507
330,"k25_prev08","null",0,"pc1",0.0875,0.771142461918258,0.43224018524285
331,"k25_prev08","null",0,"fitted",0.0625,0.0275475941709238,0.00226741903675398
331,"k25_prev08","null",0,"pc1",0.0625,0.714813226309642,0.536572879633941
332,"k25_prev08","null",0,"fitted",0.095,0.447598900489508,0.011335058215641
332,"k25_prev08","null",0,"pc1",0.095,0.405181895521069,0.499466962948585
333,"k25_prev08","null",0,"fitted",0.0875,0.164856634356925,0.00342698565596877
333,"k25_prev08","null",0,"pc1",0.0875,0.385816775684704,0.875934120419
334,"k25_prev08","null",0,"fitted",0.0875,0.0978080344181833,0.00161614164074531
334,"k25_prev08","null",0,"pc1",0.0875,0.569423839855658,0.838922703783402
335,"k25_prev08","null",0,"fitted",0.09,0.00291308196112539,0.0627893646211706
335,"k25_prev08","null",0,"pc1",0.09,0.371239919138699,0.599847657045692
336,"k25_prev08","null",0,"fitted",0.0625,0.584798915491499,0.0279723411044572
336,"k25_prev08","null",0,"pc1",0.0625,0.879073741747341,0.124464687543171
337,"k25_prev08","null",0,"fitted",0.09,0.0197087635104704,0.000561540693274853
337,"k25_prev08","null",0,"pc1",0.09,0.538623478242271,0.836230195735261
338,"k25_prev08","null",0,"fitted",0.0925,0.0283061626589004,0.0106855505580362
338,"k25_prev08","null",0,"pc1",0.0925,0.545713645271386,0.967526281730061
339,"k25_prev08","null",0,"fitted",0.09,0.00987696369427571,0.000332776930437206
339,"k25_prev08","null",0,"pc1",0.09,0.918857190606499,0.876236832298719
340,"k25_prev08","null",0,"fitted",0.065,0.00952525928717096,8.55708231384256e-05
340,"k25_prev08","null",0,"pc1",0.065,0.656004004157565,0.45653129208218
341,"k25_prev08","null",0,"fitted",0.07,0.182995811809785,0.00350945709456474
341,"k25_prev08","null",0,"pc1",0.07,0.15171531738226,0.461156943938899
342,"k25_prev08","null",0,"fitted",0.08,0.0557186275185424,0.00289916440796201
342,"k25_prev08","null",0,"pc1",0.08,0.760117451293369,0.783282725635061
343,"k25_prev08","null",0,"fitted",0.065,0.000830554444907983,1.58702355543827e-05
343,"k25_prev08","null",0,"pc1",0.065,0.940457068662447,0.23864813244363
344,"k25_prev08","null",0,"fitted",0.065,0.022905612230971,9.78517547260971e-05
344,"k25_prev08","null",0,"pc1",0.065,0.596767674776045,0.0843446687715217
345,"k25_prev08","null",0,"fitted",0.0775,0.00030973660585687,6.97073311184404e-07
345,"k25_prev08","null",0,"pc1",0.0775,0.640770763534517,0.467129673630352
346,"k25_prev08","null",0,"fitted",0.0825,0.0324090671653686,0.014848330960866
346,"k25_prev08","null",0,"pc1",0.0825,0.898918331152063,0.635585939602861
347,"k25_prev08","null",0,"fitted",0.0925,0.00480338543789005,0.00153864765974532
347,"k25_prev08","null",0,"pc1",0.0925,0.502543222190059,0.904383755065528
348,"k25_prev08","null",0,"fitted",0.07,0.0515940910455921,0.000449259709865979
348,"k25_prev08","null",0,"pc1",0.07,0.852282907519901,0.358840399700717
349,"k25_prev08","null",0,"fitted",0.0825,0.0795118031336177,0.00183680569657474
349,"k25_prev08","null",0,"pc1",0.0825,0.638570238122515,0.40066835023488
350,"k25_prev08","null",0,"fitted",0.0825,0.509845673361204,0.232709181159586
350,"k25_prev08","null",0,"pc1",0.0825,0.699975225442265,0.350520203856672
351,"k25_prev08","null",0,"fitted",0.0725,0.0590576881965003,0.00122952933990794
351,"k25_prev08","null",0,"pc1",0.0725,0.954995002203797,0.166838725905168
352,"k25_prev08","null",0,"fitted",0.095,0.00410497065967708,9.42678331994351e-06
352,"k25_prev08","null",0,"pc1",0.095,0.669497640499423,0.357727373130639
353,"k25_prev08","null",0,"fitted",0.08,0.413989575586007,0.0264210623869134
353,"k25_prev08","null",0,"pc1",0.08,0.0563840749821409,0.225432356328749
354,"k25_prev08","null",0,"fitted",0.0775,0.0214182219129059,0.000237423072133369
354,"k25_prev08","null",0,"pc1",0.0775,0.841248360948752,0.278673772385509
355,"k25_prev08","null",0,"fitted",0.08,0.0680411629574877,0.0220914356156241
355,"k25_prev08","null",0,"pc1",0.08,0.498495580472092,0.66539800224804
356,"k25_prev08","null",0,"fitted",0.08,0.000285189645147232,2.24212072585939e-06
356,"k25_prev08","null",0,"pc1",0.08,0.187470126362933,0.0754922870601491
357,"k25_prev08","null",0,"fitted",0.0825,0.675731118019572,0.0458756752964187
357,"k25_prev08","null",0,"pc1",0.0825,0.753469724694846,0.394677379497774
358,"k25_prev08","null",0,"fitted",0.11,0.0490269424658044,0.00317981260818101
358,"k25_prev08","null",0,"pc1",0.11,0.437974390422492,0.984798375421624
359,"k25_prev08","null",0,"fitted",0.075,0.013638315731368,0.0016083728210623
359,"k25_prev08","null",0,"pc1",0.075,0.264729539683188,0.030565266044934
360,"k25_prev08","null",0,"fitted",0.095,0.245561742931196,0.0176016192496864
360,"k25_prev08","null",0,"pc1",0.095,0.195354438269129,0.662277989331245
361,"k25_prev08","null",0,"fitted",0.0875,0.00614457440163907,0.00774808736812593
361,"k25_prev08","null",0,"pc1",0.0875,0.400323021727157,0.427062607912541
362,"k25_prev08","null",0,"fitted",0.0725,0.073660666897881,0.00526721171053235
362,"k25_prev08","null",0,"pc1",0.0725,0.900573444702145,0.398259874605767
363,"k25_prev08","null",0,"fitted",0.08,0.0278950767416932,0.00528843644060473
363,"k25_prev08","null",0,"pc1",0.08,0.978316968110468,0.700569758730821
364,"k25_prev08","null",0,"fitted",0.0775,0.0114596916319325,0.000238614392254033
364,"k25_prev08","null",0,"pc1",0.0775,0.347530959906254,0.0256068317144611
365,"k25_prev08","null",0,"fitted",0.075,0.0197677798597907,0.00383645298626367
365,"k25_prev08","null",0,"pc1",0.075,0.722260685223871,0.860330731428917
366,"k25_prev08","null",0,"fitted",0.08,0.000671129713735286,8.10889293167971e-06
366,"k25_prev08","null",0,"pc1",0.08,0.436458104828445,0.169022381584701
367,"k25_prev08","null",0,"fitted",0.07,0.245837665278528,0.00414207279814516
367,"k25_prev08","null",0,"pc1",0.07,0.90937301970693,0.602383361392113
368,"k25_prev08","null",0,"fitted",0.095,0.141659905911459,0.0961567535824253
368,"k25_prev08","null",0,"pc1",0.095,0.701311915085175,0.167683490198919
369,"k25_prev08","null",0,"fitted",0.0725,0.0043712540599532,2.64922382431365e-06
369,"k25_prev08","null",0,"pc1",0.0725,0.119874857226143,0.216211330619668
370,"k25_prev08","null",0,"fitted",0.08,0.14979513127829,0.0028747207795512
370,"k25_prev08","null",0,"pc1",0.08,0.588415389770313,0.0774043219018439
371,"k25_prev08","null",0,"fitted",0.095,0.116078770517644,0.00484009779420969
371,"k25_prev08","null",0,"pc1",0.095,0.179914619508246,0.796030332661808
372,"k25_prev08","null",0,"fitted",0.06,0.03354619553857,9.53238737897433e-05
372,"k25_prev08","null",0,"pc1",0.06,0.302110238646318,0.73251060262709
373,"k25_prev08","null",0,"fitted",0.0825,0.00189335618823194,1.22811286248359e-05
373,"k25_prev08","null",0,"pc1",0.0825,0.336412147960657,0.196069358031042
374,"k25_prev08","null",0,"fitted",0.0675,0.0654753764684639,0.000848299606536207
374,"k25_prev08","null",0,"pc1",0.0675,0.9075375041378,0.911322179012906
375,"k25_prev08","null",0,"fitted",0.08,0.131598821938413,0.00144271629552351
375,"k25_prev08","null",0,"pc1",0.08,0.654528965971165,0.587612852898945
376,"k25_prev08","null",0,"fitted",0.0725,2.99580759796081e-05,1.7690835307782e-07
376,"k25_prev08","null",0,"pc1",0.0725,0.508855429896635,0.739102731362521
377,"k25_prev08","null",0,"fitted",0.1075,0.575342916953348,0.0189103583794556
377,"k25_prev08","null",0,"pc1",0.1075,0.0343424925090574,0.196177825411526
378,"k25_prev08","null",0,"fitted",0.06,0.421997773765671,0.0163240931327742
378,"k25_prev08","null",0,"pc1",0.06,0.923953895390786,0.939189008247683
379,"k25_prev08","null",0,"fitted",0.0825,0.696466019615312,0.101201381146479
379,"k25_prev08","null",0,"pc1",0.0825,0.00817386540222897,0.974833905383885
380,"k25_prev08","null",0,"fitted",0.0775,0.0379649318412547,0.00070986211211066
380,"k25_prev08","null",0,"pc1",0.0775,0.510404650737959,0.613741182723111
381,"k25_prev08","null",0,"fitted",0.0925,0.259005910303563,0.124967969498444
381,"k25_prev08","null",0,"pc1",0.0925,0.315847149174683,0.0154286927012309
382,"k25_prev08","null",0,"fitted",0.08,0.036379761953637,0.000482634231914303
382,"k25_prev08","null",0,"pc1",0.08,0.467122676659032,0.27467240866102
383,"k25_prev08","null",0,"fitted",0.08,0.00132026635501115,4.11778315678735e-06
383,"k25_prev08","null",0,"pc1",0.08,0.596248622965998,0.0984354782533697
384,"k25_prev08","null",0,"fitted",0.0675,0.129177957197457,0.00189482972544053
384,"k25_prev08","null",0,"pc1",0.0675,0.104013449280069,0.0805455702401161
385,"k25_prev08","null",0,"fitted",0.08,0.112128531510124,0.00211067267692955
385,"k25_prev08","null",0,"pc1",0.08,0.25173747167077,0.338665857423135
386,"k25_prev08","null",0,"fitted",0.0725,0.0159493871289261,0.00159577074043216
386,"k25_prev08","null",0,"pc1",0.0725,0.26292139118321,0.308767129378037
387,"k25_prev08","null",0,"fitted",0.1025,0.00485835522600264,0.0026956084464882
387,"k25_prev08","null",0,"pc1",0.1025,0.424103896116531,0.571158064600531
388,"k25_prev08","null",0,"fitted",0.075,4.20240483866019e-05,2.4006735377391e-08
388,"k25_prev08","null",0,"pc1",0.075,0.00110585735618385,0.000567925561095417
389,"k25_prev08","null",0,"fitted",0.0625,0.0165498634233394,0.000393409615560669
389,"k25_prev08","null",0,"pc1",0.0625,0.469865431869697,0.281628938453304
390,"k25_prev08","null",0,"fitted",0.0825,0.326501783135305,0.0079468834024301
390,"k25_prev08","null",0,"pc1",0.0825,0.963109722826412,0.79420155089703
391,"k25_prev08","null",0,"fitted",0.065,0.130018910952095,0.00130099041190723
391,"k25_prev08","null",0,"pc1",0.065,0.963805821953569,0.273716972566956
392,"k25_prev08","null",0,"fitted",0.085,0.710546636541853,0.0551244520567118
392,"k25_prev08","null",0,"pc1",0.085,0.607534467746391,0.276118428360597
393,"k25_prev08","null",0,"fitted",0.085,0.022815064859093,2.26469781090533e-05
393,"k25_prev08","null",0,"pc1",0.085,0.847652911429696,0.363291673035968
394,"k25_prev08","null",0,"fitted",0.08,0.00118427592874437,4.58363066702105e-06
394,"k25_prev08","null",0,"pc1",0.08,0.726796517366015,0.332805042731741
395,"k25_prev08","null",0,"fitted",0.0975,0.126077149411006,0.0260007181399883
395,"k25_prev08","null",0,"pc1",0.0975,0.662867242147602,0.157866013020235
396,"k25_prev08","null",0,"fitted",0.085,0.523203970480608,0.01914512463328
396,"k25_prev08","null",0,"pc1",0.085,0.347771546803496,0.570321815258361
397,"k25_prev08","null",0,"fitted",0.0575,0.0198283067279161,0.000220844131400444
397,"k25_prev08","null",0,"pc1",0.0575,0.137964650522408,0.0462738785806481
398,"k25_prev08","null",0,"fitted",0.0975,0.0839231068813151,0.000924273008187648
398,"k25_prev08","null",0,"pc1",0.0975,0.500406967581092,0.620973499295898
399,"k25_prev08","null",0,"fitted",0.075,0.00126762713450246,2.29893047132279e-05
399,"k25_prev08","null",0,"pc1",0.075,0.445234767804729,0.0413726442978816
400,"k25_prev08","null",0,"fitted",0.0775,0.00931098742253733,6.58488026736848e-05
400,"k25_prev08","null",0,"pc1",0.0775,0.626946099735076,0.866553549967704
1,"k25_prev08","quadratic",0.5,"fitted",0.0975,0.761936255295072,0.152457006041688
1,"k25_prev08","quadratic",0.5,"pc1",0.0975,0.369700041750013,0.104360199188821
2,"k25_prev08","quadratic",0.5,"fitted",0.08,0.0124037400826269,0.000149771890039951
2,"k25_prev08","quadratic",0.5,"pc1",0.08,0.0184686400346011,0.677559083762857
3,"k25_prev08","quadratic",0.5,"fitted",0.085,0.316721619624002,0.00644381558363105
3,"k25_prev08","quadratic",0.5,"pc1",0.085,0.609206433881417,0.445071897659751
4,"k25_prev08","quadratic",0.5,"fitted",0.075,0.00427018529266432,3.51917006831126e-05
4,"k25_prev08","quadratic",0.5,"pc1",0.075,0.288207026298776,0.934166333021368
5,"k25_prev08","quadratic",0.5,"fitted",0.0925,8.09187100732078e-05,6.45783673203226e-08
5,"k25_prev08","quadratic",0.5,"pc1",0.0925,0.0121493052557274,0.0252961974892035
6,"k25_prev08","quadratic",0.5,"fitted",0.0825,0.00561197934704616,2.90186515750079e-05
6,"k25_prev08","quadratic",0.5,"pc1",0.0825,0.117410592602863,0.356427640421793
7,"k25_prev08","quadratic",0.5,"fitted",0.0825,0.000710267867839454,1.57880137108268e-06
7,"k25_prev08","quadratic",0.5,"pc1",0.0825,0.329382021753468,0.923185741094089
8,"k25_prev08","quadratic",0.5,"fitted",0.0775,0.00539644053205368,8.39486866621719e-05
8,"k25_prev08","quadratic",0.5,"pc1",0.0775,0.855570278567667,0.692925161575552
9,"k25_prev08","quadratic",0.5,"fitted",0.07,0.101579980435277,0.00280258163057001
9,"k25_prev08","quadratic",0.5,"pc1",0.07,0.98291233040365,0.641179524789446
10,"k25_prev08","quadratic",0.5,"fitted",0.0775,0.00160368240260655,2.01829718475821e-05
10,"k25_prev08","quadratic",0.5,"pc1",0.0775,0.0632705558525872,0.675441535496898
11,"k25_prev08","quadratic",0.5,"fitted",0.075,0.00416868907509182,1.64300756630986e-05
11,"k25_prev08","quadratic",0.5,"pc1",0.075,0.101430249742512,0.500960224729915
12,"k25_prev08","quadratic",0.5,"fitted",0.085,0.0267086125507461,0.00039964347817012
12,"k25_prev08","quadratic",0.5,"pc1",0.085,0.346317635822388,0.106711509126571
13,"k25_prev08","quadratic",0.5,"fitted",0.09,0.0561762295770307,0.00247099731235645
13,"k25_prev08","quadratic",0.5,"pc1",0.09,0.694745504639288,0.447595415368223
14,"k25_prev08","quadratic",0.5,"fitted",0.0725,0.00102616644671549,0.00012847296591123
14,"k25_prev08","quadratic",0.5,"pc1",0.0725,0.195844634432045,0.189945785854468
15,"k25_prev08","quadratic",0.5,"fitted",0.08,0.00537538439759921,6.12085238967941e-05
15,"k25_prev08","quadratic",0.5,"pc1",0.08,0.141036319806649,0.168033130325424
16,"k25_prev08","quadratic",0.5,"fitted",0.0875,0.116996851810316,0.00271265873480853
16,"k25_prev08","quadratic",0.5,"pc1",0.0875,0.52275529725281,0.749444545572462
17,"k25_prev08","quadratic",0.5,"fitted",0.0775,3.78790766786263e-06,1.83504367257115e-09
17,"k25_prev08","quadratic",0.5,"pc1",0.0775,0.0152147373070498,0.000279170358143066
18,"k25_prev08","quadratic",0.5,"fitted",0.08,0.0324883276425831,0.00128335737069873
18,"k25_prev08","quadratic",0.5,"pc1",0.08,0.964101240274692,0.899439052604412
19,"k25_prev08","quadratic",0.5,"fitted",0.0925,0.0595522412916279,0.00079086660401384
19,"k25_prev08","quadratic",0.5,"pc1",0.0925,0.517628453005934,0.327359409257696
20,"k25_prev08","quadratic",0.5,"fitted",0.065,0.000526966482437663,2.68189904728544e-08
20,"k25_prev08","quadratic",0.5,"pc1",0.065,0.485775480543464,0.587964066572503
21,"k25_prev08","quadratic",0.5,"fitted",0.07,0.00742368537172844,2.45571553498802e-05
21,"k25_prev08","quadratic",0.5,"pc1",0.07,0.451944527877931,0.496580807892078
22,"k25_prev08","quadratic",0.5,"fitted",0.085,0.000450409559509257,3.66563460918456e-07
22,"k25_prev08","quadratic",0.5,"pc1",0.085,0.322933793407147,0.511519941769832
23,"k25_prev08","quadratic",0.5,"fitted",0.0625,0.000192221676664439,4.95138879674784e-07
23,"k25_prev08","quadratic",0.5,"pc1",0.0625,0.0736179682107676,0.149620563996396
24,"k25_prev08","quadratic",0.5,"fitted",0.0875,0.00067866282106277,3.28874441091198e-06
24,"k25_prev08","quadratic",0.5,"pc1",0.0875,0.470251325494104,0.747038345720042
25,"k25_prev08","quadratic",0.5,"fitted",0.0725,0.00605292387384293,1.19210416543725e-05
25,"k25_prev08","quadratic",0.5,"pc1",0.0725,0.0607090594848492,0.0266297959198998
26,"k25_prev08","quadratic",0.5,"fitted",0.075,0.0221774903071565,0.000615002499669171
26,"k25_prev08","quadratic",0.5,"pc1",0.075,0.157759851434051,0.0371717051054662
27,"k25_prev08","quadratic",0.5,"fitted",0.0825,1.8262952943493e-05,1.97162548842833e-06
27,"k25_prev08","quadratic",0.5,"pc1",0.0825,0.212223624673839,0.738374268520669
28,"k25_prev08","quadratic",0.5,"fitted",0.08,6.33496081680063e-05,9.45847499211894e-07
28,"k25_prev08","quadratic",0.5,"pc1",0.08,0.995983469888583,0.893476467467133
29,"k25_prev08","quadratic",0.5,"fitted",0.07,1.20146467288418e-05,1.31634558808713e-08
29,"k25_prev08","quadratic",0.5,"pc1",0.07,0.0471921827783944,0.566461448362706
30,"k25_prev08","quadratic",0.5,"fitted",0.0775,8.2763105535566e-07,0
30,"k25_prev08","quadratic",0.5,"pc1",0.0775,0.021116096558675,0.00129984259717886
31,"k25_prev08","quadratic",0.5,"fitted",0.0975,0.233904766810481,0.0026099148043045
31,"k25_prev08","quadratic",0.5,"pc1",0.0975,0.927747716795685,0.515712105836085
32,"k25_prev08","quadratic",0.5,"fitted",0.07,0.000158464463850483,2.54839952695818e-07
32,"k25_prev08","quadratic",0.5,"pc1",0.07,0.165517610456239,0.882893518747691
33,"k25_prev08","quadratic",0.5,"fitted",0.0925,0.0101620258871209,0.00159499808306007
33,"k25_prev08","quadratic",0.5,"pc1",0.0925,0.714639771603779,0.864799064617211
34,"k25_prev08","quadratic",0.5,"fitted",0.0575,0.0147796809859944,0.0079408895119526
34,"k25_prev08","quadratic",0.5,"pc1",0.0575,0.264773575797509,0.0649045946033306
35,"k25_prev08","quadratic",0.5,"fitted",0.075,0.200991901575112,0.00593404951238541
35,"k25_prev08","quadratic",0.5,"pc1",0.075,0.977641877044608,0.325106169965793
36,"k25_prev08","quadratic",0.5,"fitted",0.0575,0.00733067544594501,2.47033135791774e-05
36,"k25_prev08","quadratic",0.5,"pc1",0.0575,0.679995857179566,0.265198832076227
37,"k25_prev08","quadratic",0.5,"fitted",0.0875,0.000306510498251589,1.02943824131785e-07
37,"k25_prev08","quadratic",0.5,"pc1",0.0875,0.0615516705704711,0.0474699680209271
38,"k25_prev08","quadratic",0.5,"fitted",0.085,0.0402543431934108,0.000538663823817842
38,"k25_prev08","quadratic",0.5,"pc1",0.085,0.311113769966027,0.0627058354242986
39,"k25_prev08","quadratic",0.5,"fitted",0.07,0.0963140992406512,0.00106349725010801
39,"k25_prev08","quadratic",0.5,"pc1",0.07,0.637375243105807,0.207452367733004
40,"k25_prev08","quadratic",0.5,"fitted",0.08,0.00647827957519154,1.28583833798324e-05
40,"k25_prev08","quadratic",0.5,"pc1",0.08,0.877337672251046,0.274071282647741
41,"k25_prev08","quadratic",0.5,"fitted",0.07,0.0383550956021906,0.00108489923975674
41,"k25_prev08","quadratic",0.5,"pc1",0.07,0.87327142610162,0.407827518988825
42,"k25_prev08","quadratic",0.5,"fitted",0.075,0.0766676667276915,0.00221921657181101
42,"k25_prev08","quadratic",0.5,"pc1",0.075,0.459096012198313,0.923762228837838
43,"k25_prev08","quadratic",0.5,"fitted",0.085,0.00491968240150986,0.00094825366449236
43,"k25_prev08","quadratic",0.5,"pc1",0.085,0.63565398429979,0.648982155399034
44,"k25_prev08","quadratic",0.5,"fitted",0.0875,0.025649138732561,0.000121597260347661
44,"k25_prev08","quadratic",0.5,"pc1",0.0875,0.584014979960388,0.380685665842804
45,"k25_prev08","quadratic",0.5,"fitted",0.0875,1.7552783361019e-05,2.26355834076486e-09
45,"k25_prev08","quadratic",0.5,"pc1",0.0875,0.389959028162461,0.107483696545394
46,"k25_prev08","quadratic",0.5,"fitted",0.08,8.27436323598274e-05,2.86202517241207e-08
46,"k25_prev08","quadratic",0.5,"pc1",0.08,0.359930744132146,0.803192578514851
47,"k25_prev08","quadratic",0.5,"fitted",0.0775,0.0625481769109186,0.00613037753590051
47,"k25_prev08","quadratic",0.5,"pc1",0.0775,0.380849040213749,0.157848238837237
48,"k25_prev08","quadratic",0.5,"fitted",0.0925,0.0655208776865557,0.000917310157629414
48,"k25_prev08","quadratic",0.5,"pc1",0.0925,0.418725579818401,0.0330315415792073
49,"k25_prev08","quadratic",0.5,"fitted",0.08,0.00776689211070658,1.62696790773076e-05
49,"k25_prev08","quadratic",0.5,"pc1",0.08,0.909611841358391,0.872431801541883
50,"k25_prev08","quadratic",0.5,"fitted",0.055,6.00019642665872e-05,2.23174512092861e-07
50,"k25_prev08","quadratic",0.5,"pc1",0.055,0.955828162814257,0.845193341418726
51,"k25_prev08","quadratic",0.5,"fitted",0.075,0.113034021690353,0.00167880755827465
51,"k25_prev08","quadratic",0.5,"pc1",0.075,0.590763709400465,0.457961581367231
52,"k25_prev08","quadratic",0.5,"fitted",0.075,0.00258334241650626,4.5080393161756e-06
52,"k25_prev08","quadratic",0.5,"pc1",0.075,0.979800165603497,0.774054018074744
53,"k25_prev08","quadratic",0.5,"fitted",0.075,8.7723933437589e-05,4.31714059265786e-05
53,"k25_prev08","quadratic",0.5,"pc1",0.075,0.58845212852894,0.337945999291349
54,"k25_prev08","quadratic",0.5,"fitted",0.0825,0.0333977975715894,0.000178970225214958
54,"k25_prev08","quadratic",0.5,"pc1",0.0825,0.733690721894113,0.334635810719363
55,"k25_prev08","quadratic",0.5,"fitted",0.08,0.0257581760370582,0.00365784310827966
55,"k25_prev08","quadratic",0.5,"pc1",0.08,0.0456829820477275,0.271483886112122
56,"k25_prev08","quadratic",0.5,"fitted",0.075,0.0370229447174111,0.000372582313082459
56,"k25_prev08","quadratic",0.5,"pc1",0.075,0.367471996024706,0.133623680300922
57,"k25_prev08","quadratic",0.5,"fitted",0.085,7.27379008502727e-05,5.70189164772472e-08
57,"k25_prev08","quadratic",0.5,"pc1",0.085,0.397855339178495,0.517420584293069
58,"k25_prev08","quadratic",0.5,"fitted",0.09,0.00397403861525658,2.6106936654724e-06
58,"k25_prev08","quadratic",0.5,"pc1",0.09,0.312222330801694,0.405436257280595
59,"k25_prev08","quadratic",0.5,"fitted",0.075,5.14570559939642e-07,0
59,"k25_prev08","quadratic",0.5,"pc1",0.075,0.970769780092109,0.547407854725128
60,"k25_prev08","quadratic",0.5,"fitted",0.085,0.00910871452735984,0.000978338030217629
60,"k25_prev08","quadratic",0.5,"pc1",0.085,0.035814344383866,0.193487480536482
61,"k25_prev08","quadratic",0.5,"fitted",0.0825,0.000187171170247358,8.00020549940328e-06
61,"k25_prev08","quadratic",0.5,"pc1",0.0825,0.130468015563083,0.906422578064136
62,"k25_prev08","quadratic",0.5,"fitted",0.0775,0.00077294234592884,1.70183446979166e-06
62,"k25_prev08","quadratic",0.5,"pc1",0.0775,0.418591048971492,0.501188282982844
63,"k25_prev08","quadratic",0.5,"fitted",0.0675,0.0943225330890279,0.0354225527105339
63,"k25_prev08","quadratic",0.5,"pc1",0.0675,0.368662260003143,0.858113483007595
64,"k25_prev08","quadratic",0.5,"fitted",0.09,0.0832122019139019,0.0118417659079699
64,"k25_prev08","quadratic",0.5,"pc1",0.09,0.502824341781836,0.483084157137151
65,"k25_prev08","quadratic",0.5,"fitted",0.085,0.00380676553758241,6.35645100599547e-06
65,"k25_prev08","quadratic",0.5,"pc1",0.085,0.92308180124253,0.716608861203049
66,"k25_prev08","quadratic",0.5,"fitted",0.0875,0.117127051274399,0.000726474334096672
66,"k25_prev08","quadratic",0.5,"pc1",0.0875,0.699635223677972,0.624821797652748
67,"k25_prev08","quadratic",0.5,"fitted",0.0775,0.00267631898637566,7.84280508703272e-06
67,"k25_prev08","quadratic",0.5,"pc1",0.0775,0.622939152666707,0.0476381377914502
68,"k25_prev08","quadratic",0.5,"fitted",0.08,0.00364611932720271,2.40092109271561e-06
68,"k25_prev08","quadratic",0.5,"pc1",0.08,0.466397077163178,0.688357388543715
69,"k25_prev08","quadratic",0.5,"fitted",0.09,0.00306542463514015,0.00983327541571899
69,"k25_prev08","quadratic",0.5,"pc1",0.09,0.0553492576984721,0.00970068677653124
70,"k25_prev08","quadratic",0.5,"fitted",0.0875,0.0300714375303927,5.71841405894169e-05
70,"k25_prev08","quadratic",0.5,"pc1",0.0875,0.128589759947222,0.0584001568797682
71,"k25_prev08","quadratic",0.5,"fitted",0.0725,1.0868615076487e-05,5.33932731361375e-09
71,"k25_prev08","quadratic",0.5,"pc1",0.0725,0.800968735218913,0.63937113800102
72,"k25_prev08","quadratic",0.5,"fitted",0.09,0.000547835166399113,4.65706910812713e-07
72,"k25_prev08","quadratic",0.5,"pc1",0.09,0.783666190100208,0.410832235421843
73,"k25_prev08","quadratic",0.5,"fitted",0.0875,0.000150251167145399,6.01597669569465e-07
73,"k25_prev08","quadratic",0.5,"pc1",0.0875,0.037916950647376,0.00603505728674902
74,"k25_prev08","quadratic",0.5,"fitted",0.085,3.94922992628111e-05,1.12754978989216e-05
74,"k25_prev08","quadratic",0.5,"pc1",0.085,0.776665904387515,0.56153407867225
75,"k25_prev08","quadratic",0.5,"fitted",0.075,0.000198033485338311,4.76377891911461e-06
75,"k25_prev08","quadratic",0.5,"pc1",0.075,0.692542941127421,0.50100389279008
76,"k25_prev08","quadratic",0.5,"fitted",0.075,0.0266193090081874,0.000214566913500969
76,"k25_prev08","quadratic",0.5,"pc1",0.075,0.612772001885207,0.645516614172639
77,"k25_prev08","quadratic",0.5,"fitted",0.095,0.0350112535219675,0.000223696706041387
77,"k25_prev08","quadratic",0.5,"pc1",0.095,0.531550580123926,0.833301693584018
78,"k25_prev08","quadratic",0.5,"fitted",0.0975,0.00916028217990528,0.000418246283698021
78,"k25_prev08","quadratic",0.5,"pc1",0.0975,0.0595736041482989,0.00624867331459744
79,"k25_prev08","quadratic",0.5,"fitted",0.08,0.169207068409878,0.00233919852268971
79,"k25_prev08","quadratic",0.5,"pc1",0.08,0.794580805138575,0.629760966326067
80,"k25_prev08","quadratic",0.5,"fitted",0.085,0.0282084252590694,0.000531611682613065
80,"k25_prev08","quadratic",0.5,"pc1",0.085,0.433127537687442,0.187895851765605
81,"k25_prev08","quadratic",0.5,"fitted",0.105,0.0243621812342842,0.000249788607667778
81,"k25_prev08","quadratic",0.5,"pc1",0.105,0.386421616938646,0.876518347593544
82,"k25_prev08","quadratic",0.5,"fitted",0.09,0.00525290375631859,5.07123730879577e-05
82,"k25_prev08","quadratic",0.5,"pc1",0.09,0.68546040972741,0.82552215114341
83,"k25_prev08","quadratic",0.5,"fitted",0.085,0.0326355260489689,0.000182111820983932
83,"k25_prev08","quadratic",0.5,"pc1",0.085,0.658835063434266,0.738541420262536
84,"k25_prev08","quadratic",0.5,"fitted",0.09,0.317787453044366,0.0170566304785064
84,"k25_prev08","quadratic",0.5,"pc1",0.09,0.883945341194224,0.325906208631916
85,"k25_prev08","quadratic",0.5,"fitted",0.095,0.0305380316114321,0.000111358360074476
85,"k25_prev08","quadratic",0.5,"pc1",0.095,0.401394219097087,0.0788051503311031
86,"k25_prev08","quadratic",0.5,"fitted",0.0875,0.0227387970602027,0.000273892319530122
86,"k25_prev08","quadratic",0.5,"pc1",0.0875,0.500584290876987,0.46836705957005
87,"k25_prev08","quadratic",0.5,"fitted",0.0725,0.0524613309313783,0.0003103437259937
87,"k25_prev08","quadratic",0.5,"pc1",0.0725,0.265231616588948,0.971210332312084
88,"k25_prev08","quadratic",0.5,"fitted",0.0775,0.483839564914402,0.0361961095430875
88,"k25_prev08","quadratic",0.5,"pc1",0.0775,0.95893743473321,0.66802324961862
89,"k25_prev08","quadratic",0.5,"fitted",0.0675,0.00179857816110851,2.22066326882597e-06
89,"k25_prev08","quadratic",0.5,"pc1",0.0675,0.750770730963269,0.240476017503969
90,"k25_prev08","quadratic",0.5,"fitted",0.08,4.48914376671716e-06,2.98437998202949e-06
90,"k25_prev08","quadratic",0.5,"pc1",0.08,0.380685077708984,0.179455324205397
91,"k25_prev08","quadratic",0.5,"fitted",0.0875,0.0166085370671961,0.000286201892241489
91,"k25_prev08","quadratic",0.5,"pc1",0.0875,0.741940521866281,0.290251308908099
92,"k25_prev08","quadratic",0.5,"fitted",0.07,0.0213851455193192,0.000119752613505386
92,"k25_prev08","quadratic",0.5,"pc1",0.07,0.069141433248211,0.0067771224657257
93,"k25_prev08","quadratic",0.5,"fitted",0.08,0.00120480966583358,5.46749713903338e-06
93,"k25_prev08","quadratic",0.5,"pc1",0.08,0.612844875949403,0.286097644712305
94,"k25_prev08","quadratic",0.5,"fitted",0.08,0.0112556322373929,5.04971233022955e-05
94,"k25_prev08","quadratic",0.5,"pc1",0.08,0.806736998540438,0.299392600587429
95,"k25_prev08","quadratic",0.5,"fitted",0.0825,6.14296724922303e-05,5.76017561821907e-05
95,"k25_prev08","quadratic",0.5,"pc1",0.0825,0.658418145102718,0.683440649543589
96,"k25_prev08","quadratic",0.5,"fitted",0.065,0.00417971097455849,2.20258315763999e-05
96,"k25_prev08","quadratic",0.5,"pc1",0.065,0.620057577961316,0.940688347789219
97,"k25_prev08","quadratic",0.5,"fitted",0.06,1.22621139466705e-05,1.57103285935989e-09
97,"k25_prev08","quadratic",0.5,"pc1",0.06,0.518013703537793,0.245604714234176
98,"k25_prev08","quadratic",0.5,"fitted",0.0825,0.00166112539335739,8.03934151026864e-05
98,"k25_prev08","quadratic",0.5,"pc1",0.0825,0.271197349607394,0.0864112810876463
99,"k25_prev08","quadratic",0.5,"fitted",0.09,0.0402671176386894,0.016583971065932
99,"k25_prev08","quadratic",0.5,"pc1",0.09,0.626456952237719,0.591953559609093
100,"k25_prev08","quadratic",0.5,"fitted",0.08,0.00602368777636686,2.0531211928132e-05
100,"k25_prev08","quadratic",0.5,"pc1",0.08,0.961460886860645,0.412971368938671
101,"k25_prev08","quadratic",0.5,"fitted",0.0925,0.00406497499938041,0.00504968684511808
101,"k25_prev08","quadratic",0.5,"pc1",0.0925,0.253394035731451,0.833340455325152
102,"k25_prev08","quadratic",0.5,"fitted",0.0925,0.325476208567067,0.0552851487127222
102,"k25_prev08","quadratic",0.5,"pc1",0.0925,0.0356673801350407,0.832462476272697
103,"k25_prev08","quadratic",0.5,"fitted",0.0675,0.0230282064282612,0.000559055251199592
103,"k25_prev08","quadratic",0.5,"pc1",0.0675,0.104542277213567,0.0400703850102828
104,"k25_prev08","quadratic",0.5,"fitted",0.075,0.141926140020399,0.01865067657705
104,"k25_prev08","quadratic",0.5,"pc1",0.075,0.98880745162995,0.619103713492533
105,"k25_prev08","quadratic",0.5,"fitted",0.0825,0.0102327176856294,0.000824983478763808
105,"k25_prev08","quadratic",0.5,"pc1",0.0825,0.50647334473392,0.546633466125886
106,"k25_prev08","quadratic",0.5,"fitted",0.07,4.15307860566205e-05,5.1735351114246e-08
106,"k25_prev08","quadratic",0.5,"pc1",0.07,0.285714547680106,0.439416577243418
107,"k25_prev08","quadratic",0.5,"fitted",0.0875,3.76450930389405e-05,2.56406951226751e-08
107,"k25_prev08","quadratic",0.5,"pc1",0.0875,0.797937778836627,0.972304956226462
108,"k25_prev08","quadratic",0.5,"fitted",0.0825,3.36762992478867e-05,3.5163903122637e-07
108,"k25_prev08","quadratic",0.5,"pc1",0.0825,0.616898224556765,0.953766931146896
109,"k25_prev08","quadratic",0.5,"fitted",0.075,0.000628423962325209,1.33869318041935e-06
109,"k25_prev08","quadratic",0.5,"pc1",0.075,0.172771265728854,0.894600927873315
110,"k25_prev08","quadratic",0.5,"fitted",0.075,0.0299058876703431,0.00127075966171264
110,"k25_prev08","quadratic",0.5,"pc1",0.075,0.611481242023337,0.649500672612951
111,"k25_prev08","quadratic",0.5,"fitted",0.0825,0.00424303693334416,9.75859320792027e-05
111,"k25_prev08","quadratic",0.5,"pc1",0.0825,0.0662850350390317,0.754045658360316
112,"k25_prev08","quadratic",0.5,"fitted",0.065,0.000157513748842986,3.14614798657686e-08
112,"k25_prev08","quadratic",0.5,"pc1",0.065,0.901829006214918,0.796956973489255
113,"k25_prev08","quadratic",0.5,"fitted",0.085,0.0330593732615329,0.000277275040750702
113,"k25_prev08","quadratic",0.5,"pc1",0.085,0.626798718255286,0.276443838444326
114,"k25_prev08","quadratic",0.5,"fitted",0.0825,0.110154859581208,0.000472883138042945
114,"k25_prev08","quadratic",0.5,"pc1",0.0825,0.384864999115191,0.518685349345554
115,"k25_prev08","quadratic",0.5,"fitted",0.0825,0.00420525491962498,0.000106113228330207
115,"k25_prev08","quadratic",0.5,"pc1",0.0825,0.0113934447846121,0.00658921675659119
116,"k25_prev08","quadratic",0.5,"fitted",0.0825,0.00165190236294366,2.10894126362327e-06
116,"k25_prev08","quadratic",0.5,"pc1",0.0825,0.109667699164292,0.0721801349022673
117,"k25_prev08","quadratic",0.5,"fitted",0.0775,3.77820388486327e-06,1.53990733942067e-07
117,"k25_prev08","quadratic",0.5,"pc1",0.0775,0.723703641512321,0.345573541725061
118,"k25_prev08","quadratic",0.5,"fitted",0.095,0.0294537030191956,0.00343615812520237
118,"k25_prev08","quadratic",0.5,"pc1",0.095,0.127681443470299,0.171486709945251
119,"k25_prev08","quadratic",0.5,"fitted",0.0825,0.000198746117338278,0.000101901840218632
119,"k25_prev08","quadratic",0.5,"pc1",0.0825,0.907808533226468,0.617611888812625
120,"k25_prev08","quadratic",0.5,"fitted",0.0775,0.00127407068070584,3.80482223827361e-06
120,"k25_prev08","quadratic",0.5,"pc1",0.0775,0.685702832815459,0.530699046571408
121,"k25_prev08","quadratic",0.5,"fitted",0.09,0.0983934003195277,0.00420069206074414
121,"k25_prev08","quadratic",0.5,"pc1",0.09,0.295704893306845,0.487422586554608
122,"k25_prev08","quadratic",0.5,"fitted",0.0925,0.00190334274453918,2.02458342002387e-06
122,"k25_prev08","quadratic",0.5,"pc1",0.0925,0.110048017622637,0.0122056002145747
123,"k25_prev08","quadratic",0.5,"fitted",0.0825,0.00110696731976734,4.77667777998292e-07
123,"k25_prev08","quadratic",0.5,"pc1",0.0825,0.605762661142416,0.16558083235138
124,"k25_prev08","quadratic",0.5,"fitted",0.0925,7.54807688838621e-05,5.42074174436635e-08
124,"k25_prev08","quadratic",0.5,"pc1",0.0925,0.880526270203647,0.90345547881126
125,"k25_prev08","quadratic",0.5,"fitted",0.0775,0.0189228951730269,0.000105347681141454
125,"k25_prev08","quadratic",0.5,"pc1",0.0775,0.253038028219807,0.110310779331322
126,"k25_prev08","quadratic",0.5,"fitted",0.08,0.0484714325872494,0.000835904189383174
126,"k25_prev08","quadratic",0.5,"pc1",0.08,0.352555642113378,0.119060485281866
127,"k25_prev08","quadratic",0.5,"fitted",0.085,0.000640715332522301,5.01377276584947e-07
127,"k25_prev08","quadratic",0.5,"pc1",0.085,0.778092763488986,0.342033198950316
128,"k25_prev08","quadratic",0.5,"fitted",0.0775,0.209123030728182,0.0750899904069335
128,"k25_prev08","quadratic",0.5,"pc1",0.0775,0.867636240748516,0.660640109332419
129,"k25_prev08","quadratic",0.5,"fitted",0.07,0.000298381196911279,1.59169588331842e-06
129,"k25_prev08","quadratic",0.5,"pc1",0.07,0.320606866459003,0.247269065461482
130,"k25_prev08","quadratic",0.5,"fitted",0.085,0.00217563378586205,0.000669670290771918
130,"k25_prev08","quadratic",0.5,"pc1",0.085,0.0669646355047721,0.180982159723544
131,"k25_prev08","quadratic",0.5,"fitted",0.0825,0.0112320403626895,0.000695310523235793
131,"k25_prev08","quadratic",0.5,"pc1",0.0825,0.377262584907105,0.401807646133426
132,"k25_prev08","quadratic",0.5,"fitted",0.085,0.181751509872868,0.00831073842169505
132,"k25_prev08","quadratic",0.5,"pc1",0.085,0.713602577223133,0.805952164352428
133,"k25_prev08","quadratic",0.5,"fitted",0.07,1.09674151587136e-05,1.37786952958407e-08
133,"k25_prev08","quadratic",0.5,"pc1",0.07,0.707894876933822,0.273847453724054
134,"k25_prev08","quadratic",0.5,"fitted",0.0675,0.000179020599407664,8.03705335616911e-08
134,"k25_prev08","quadratic",0.5,"pc1",0.0675,0.00121253030581769,0.00021260609293916
135,"k25_prev08","quadratic",0.5,"fitted",0.0825,0.000887088092080934,4.34152811347177e-05
135,"k25_prev08","quadratic",0.5,"pc1",0.0825,0.656812613921513,0.826853918846616
136,"k25_prev08","quadratic",0.5,"fitted",0.0575,0.00589548525964934,7.00260555808185e-05
136,"k25_prev08","quadratic",0.5,"pc1",0.0575,0.634819659526729,0.660706127634269
137,"k25_prev08","quadratic",0.5,"fitted",0.0825,1.27430932472805e-07,9.27739514100523e-08
137,"k25_prev08","quadratic",0.5,"pc1",0.0825,0.324825079571072,0.938432158680533
138,"k25_prev08","quadratic",0.5,"fitted",0.07,3.91130980692544e-06,6.15813698923162e-08
138,"k25_prev08","quadratic",0.5,"pc1",0.07,0.442457124677208,0.139953583071117
139,"k25_prev08","quadratic",0.5,"fitted",0.0775,0.0128993387515485,3.72737950868895e-05
139,"k25_prev08","quadratic",0.5,"pc1",0.0775,0.480438844122876,0.339103291358144
140,"k25_prev08","quadratic",0.5,"fitted",0.0925,0.0406831357434323,0.00167436982892344
140,"k25_prev08","quadratic",0.5,"pc1",0.0925,0.820662109317444,0.590529585951802
141,"k25_prev08","quadratic",0.5,"fitted",0.08,0.000246103794116603,3.94943059589536e-07
141,"k25_prev08","quadratic",0.5,"pc1",0.08,0.0912306872914392,0.023310026562366
142,"k25_prev08","quadratic",0.5,"fitted",0.0825,0.000995938612796565,6.7829649208484e-07
142,"k25_prev08","quadratic",0.5,"pc1",0.0825,0.43211039735954,0.113362846902098
143,"k25_prev08","quadratic",0.5,"fitted",0.075,8.98029862239635e-06,2.6168342492916e-08
143,"k25_prev08","quadratic",0.5,"pc1",0.075,0.0378035099734171,0.167618752267914
144,"k25_prev08","quadratic",0.5,"fitted",0.0875,0.000544666767586577,6.47882146953549e-06
144,"k25_prev08","quadratic",0.5,"pc1",0.0875,0.696708250544183,0.887654714484362
145,"k25_prev08","quadratic",0.5,"fitted",0.08,0.00564156252019288,0.000867146008678099
145,"k25_prev08","quadratic",0.5,"pc1",0.08,0.0317715283901875,0.0138582182635119
146,"k25_prev08","quadratic",0.5,"fitted",0.0875,0.26660374613948,0.00407457884694784
146,"k25_prev08","quadratic",0.5,"pc1",0.0875,0.519805153622506,0.214801221076479
147,"k25_prev08","quadratic",0.5,"fitted",0.0775,0.00845404354841095,6.03512878423196e-05
147,"k25_prev08","quadratic",0.5,"pc1",0.0775,0.671438144267066,0.978760293611733
148,"k25_prev08","quadratic",0.5,"fitted",0.08,0.00567442278003338,1.05514910744287e-05
148,"k25_prev08","quadratic",0.5,"pc1",0.08,0.0371975661944468,0.958355917551385
149,"k25_prev08","quadratic",0.5,"fitted",0.08,0.00493514492738722,0.00229373213127704
149,"k25_prev08","quadratic",0.5,"pc1",0.08,0.0431553781623877,0.0204160586880947
150,"k25_prev08","quadratic",0.5,"fitted",0.095,0.0324193774956651,0.00147750331835272
150,"k25_prev08","quadratic",0.5,"pc1",0.095,0.649763420532708,0.270797411871101
151,"k25_prev08","quadratic",0.5,"fitted",0.09,0.00033676844285635,4.13529197551554e-08
151,"k25_prev08","quadratic",0.5,"pc1",0.09,0.199007081160865,0.218084046307865
152,"k25_prev08","quadratic",0.5,"fitted",0.0725,0.000442777438486974,3.42943662081652e-05
152,"k25_prev08","quadratic",0.5,"pc1",0.0725,0.991164193457614,0.970315760475634
153,"k25_prev08","quadratic",0.5,"fitted",0.085,1.17608117020662e-05,2.14175323209886e-06
153,"k25_prev08","quadratic",0.5,"pc1",0.085,0.162363749143315,0.114137242546777
154,"k25_prev08","quadratic",0.5,"fitted",0.0925,0.00439069902128342,2.7951316331043e-05
154,"k25_prev08","quadratic",0.5,"pc1",0.0925,0.188306551506505,0.589155609679952
155,"k25_prev08","quadratic",0.5,"fitted",0.08,0.0260495776142817,5.65750278993526e-05
155,"k25_prev08","quadratic",0.5,"pc1",0.08,0.92468468361732,0.787667045701919
156,"k25_prev08","quadratic",0.5,"fitted",0.075,0.000785537804009806,8.58772575274003e-07
156,"k25_prev08","quadratic",0.5,"pc1",0.075,0.503045329398918,0.886998671814067
157,"k25_prev08","quadratic",0.5,"fitted",0.08,1.01105422651848e-05,6.01066353578261e-07
157,"k25_prev08","quadratic",0.5,"pc1",0.08,0.594226409187526,0.563657400932164
158,"k25_prev08","quadratic",0.5,"fitted",0.0875,0.000278752897012402,1.0233843750207e-07
158,"k25_prev08","quadratic",0.5,"pc1",0.0875,0.778907287775172,0.470550015874117
159,"k25_prev08","quadratic",0.5,"fitted",0.0825,0.00311128254520199,1.83940015107131e-05
159,"k25_prev08","quadratic",0.5,"pc1",0.0825,0.681834869648924,0.675079121235532
160,"k25_prev08","quadratic",0.5,"fitted",0.0925,0.00436191027417321,2.79113450845081e-05
160,"k25_prev08","quadratic",0.5,"pc1",0.0925,0.690815220692611,0.558608157472263
161,"k25_prev08","quadratic",0.5,"fitted",0.0925,7.30819103974545e-05,7.86799485563705e-08
161,"k25_prev08","quadratic",0.5,"pc1",0.0925,0.617730235031848,0.146616398041361
162,"k25_prev08","quadratic",0.5,"fitted",0.0725,0.0244054590629398,0.00159777527982174
162,"k25_prev08","quadratic",0.5,"pc1",0.0725,0.396761664750195,0.307286959873759
163,"k25_prev08","quadratic",0.5,"fitted",0.0725,8.10995410613913e-05,3.93429531508893e-07
163,"k25_prev08","quadratic",0.5,"pc1",0.0725,0.909685368392304,0.342873502521635
164,"k25_prev08","quadratic",0.5,"fitted",0.08,0.000222155744790786,0.000839147113301464
164,"k25_prev08","quadratic",0.5,"pc1",0.08,0.616525220994515,0.0845134394862036
165,"k25_prev08","quadratic",0.5,"fitted",0.0725,0.00604822801267102,0.000129253678532448
165,"k25_prev08","quadratic",0.5,"pc1",0.0725,0.590819519772567,0.462149246705986
166,"k25_prev08","quadratic",0.5,"fitted",0.0925,0.329746631481417,0.00711985460435027
166,"k25_prev08","quadratic",0.5,"pc1",0.0925,0.56353179316851,0.361428348282364
167,"k25_prev08","quadratic",0.5,"fitted",0.0825,0.200994305070914,0.00232674235340335
167,"k25_prev08","quadratic",0.5,"pc1",0.0825,0.902419190615631,0.839080937777295
168,"k25_prev08","quadratic",0.5,"fitted",0.0775,0.281758905918596,0.0288910646393981
168,"k25_prev08","quadratic",0.5,"pc1",0.0775,0.285959973894719,0.0654568575384888
169,"k25_prev08","quadratic",0.5,"fitted",0.0775,0.00737516400825378,4.405792076978e-05
169,"k25_prev08","quadratic",0.5,"pc1",0.0775,0.00507765665060389,0.116003628874422
170,"k25_prev08","quadratic",0.5,"fitted",0.075,0.0146149739577002,6.46800592161156e-05
170,"k25_prev08","quadratic",0.5,"pc1",0.075,0.270815492553758,0.555480456396935
171,"k25_prev08","quadratic",0.5,"fitted",0.08,0.000109197411904627,0.000112463033434929
171,"k25_prev08","quadratic",0.5,"pc1",0.08,0.0135749455369597,0.00432876456809406
172,"k25_prev08","quadratic",0.5,"fitted",0.07,0.00253556715852432,1.86788895084611e-06
172,"k25_prev08","quadratic",0.5,"pc1",0.07,0.528090236734592,0.526955718482619
173,"k25_prev08","quadratic",0.5,"fitted",0.095,0.00278481006823983,0.00841914595540105
173,"k25_prev08","quadratic",0.5,"pc1",0.095,0.668922490673879,0.686719264682774
174,"k25_prev08","quadratic",0.5,"fitted",0.0825,0.0820922893307505,0.00263365021269979
174,"k25_prev08","quadratic",0.5,"pc1",0.0825,0.899777160954695,0.928907995173579
175,"k25_prev08","quadratic",0.5,"fitted",0.0875,0.000889719736429928,9.64972044936729e-06
175,"k25_prev08","quadratic",0.5,"pc1",0.0875,0.904816417227606,0.556793443803591
176,"k25_prev08","quadratic",0.5,"fitted",0.095,0.0591097330864458,0.000665809461570133
176,"k25_prev08","quadratic",0.5,"pc1",0.095,0.167150621286474,0.452375513948483
177,"k25_prev08","quadratic",0.5,"fitted",0.075,0.308590559942781,0.0314272120931123
177,"k25_prev08","quadratic",0.5,"pc1",0.075,0.820283615054758,0.7822027093563
178,"k25_prev08","quadratic",0.5,"fitted",0.08,4.45421112321709e-05,6.53603615674569e-10
178,"k25_prev08","quadratic",0.5,"pc1",0.08,0.00690520604393385,0.00184364107748092
179,"k25_prev08","quadratic",0.5,"fitted",0.08,0.0169793480863384,0.000106345325471158
179,"k25_prev08","quadratic",0.5,"pc1",0.08,0.983920640664196,0.973237975013694
180,"k25_prev08","quadratic",0.5,"fitted",0.08,0.0434851359160666,0.000366867213103528
180,"k25_prev08","quadratic",0.5,"pc1",0.08,0.292748021628624,0.154254558742224
181,"k25_prev08","quadratic",0.5,"fitted",0.0825,0.0605975560302674,0.00124342122885857
181,"k25_prev08","quadratic",0.5,"pc1",0.0825,0.700750879882344,0.941003968172733
182,"k25_prev08","quadratic",0.5,"fitted",0.0775,0.00687450641904119,0.00011865371711639
182,"k25_prev08","quadratic",0.5,"pc1",0.0775,0.760837393367882,0.964587763504992
183,"k25_prev08","quadratic",0.5,"fitted",0.0825,0.0952440481337946,0.00135578998394981
183,"k25_prev08","quadratic",0.5,"pc1",0.0825,0.537897248327988,0.74979628255508
184,"k25_prev08","quadratic",0.5,"fitted",0.0825,8.02509990427414e-06,2.54458065729324e-09
184,"k25_prev08","quadratic",0.5,"pc1",0.0825,0.841596324359762,0.611345886531789
185,"k25_prev08","quadratic",0.5,"fitted",0.08,0.0579446094574155,0.000142619607806482
185,"k25_prev08","quadratic",0.5,"pc1",0.08,0.0775463117704764,0.093577210273579
186,"k25_prev08","quadratic",0.5,"fitted",0.07,0.000327285691319346,1.25446757848202e-06
186,"k25_prev08","quadratic",0.5,"pc1",0.07,0.535087094963175,0.563450242620602
187,"k25_prev08","quadratic",0.5,"fitted",0.0875,0.444871640732923,0.0189508040580827
187,"k25_prev08","quadratic",0.5,"pc1",0.0875,0.136708954413281,0.639271342806823
188,"k25_prev08","quadratic",0.5,"fitted",0.0825,6.46030118545138e-06,0
188,"k25_prev08","quadratic",0.5,"pc1",0.0825,0.702671673165063,0.904026667105209
189,"k25_prev08","quadratic",0.5,"fitted",0.0925,0.00636321554365926,0.000390898205832046
189,"k25_prev08","quadratic",0.5,"pc1",0.0925,0.623953241470675,0.184735455856806
190,"k25_prev08","quadratic",0.5,"fitted",0.0925,0.0422071258622064,0.000451084619970454
190,"k25_prev08","quadratic",0.5,"pc1",0.0925,0.818380681373819,0.305528156248566
191,"k25_prev08","quadratic",0.5,"fitted",0.085,0.112921855961476,0.00354222541988236
191,"k25_prev08","quadratic",0.5,"pc1",0.085,0.0472956508897839,0.435186007822954
192,"k25_prev08","quadratic",0.5,"fitted",0.0625,0.000995839549912003,4.89908108969317e-07
192,"k25_prev08","quadratic",0.5,"pc1",0.0625,0.0659135606247877,0.00168445905756887
193,"k25_prev08","quadratic",0.5,"fitted",0.0925,0.233673715729505,0.00601846915118243
193,"k25_prev08","quadratic",0.5,"pc1",0.0925,0.372537638356886,0.123613127199033
194,"k25_prev08","quadratic",0.5,"fitted",0.065,0.00555008386424749,1.69699101828513e-05
194,"k25_prev08","quadratic",0.5,"pc1",0.065,0.222301713537373,0.186552658946256
195,"k25_prev08","quadratic",0.5,"fitted",0.07,0.00115335678224571,0.000232276681668031
195,"k25_prev08","quadratic",0.5,"pc1",0.07,0.539381738375898,0.331039746502931
196,"k25_prev08","quadratic",0.5,"fitted",0.0875,0.00468465836752707,6.66388280909924e-05
196,"k25_prev08","quadratic",0.5,"pc1",0.0875,0.083161554031265,0.211202900848185
197,"k25_prev08","quadratic",0.5,"fitted",0.0725,0.00416049736367829,5.1680703692103e-06
197,"k25_prev08","quadratic",0.5,"pc1",0.0725,0.810548785881337,0.706287361624349
198,"k25_prev08","quadratic",0.5,"fitted",0.09,0.0012997381756078,1.12177613030839e-05
198,"k25_prev08","quadratic",0.5,"pc1",0.09,0.16760720350976,0.0567589459162126
199,"k25_prev08","quadratic",0.5,"fitted",0.1075,0.00289423693937374,7.67084735631141e-06
199,"k25_prev08","quadratic",0.5,"pc1",0.1075,0.562475461238215,0.71843241979993
200,"k25_prev08","quadratic",0.5,"fitted",0.0725,8.16729713377651e-05,3.70775136238066e-06
200,"k25_prev08","quadratic",0.5,"pc1",0.0725,0.628913950487274,0.0582581213254099
201,"k25_prev08","quadratic",0.5,"fitted",0.0925,0.00133482238261473,1.22401811150086e-05
201,"k25_prev08","quadratic",0.5,"pc1",0.0925,0.452373725349298,0.0264692354323843
202,"k25_prev08","quadratic",0.5,"fitted",0.085,0.0439897284584991,0.000362050677419345
202,"k25_prev08","quadratic",0.5,"pc1",0.085,0.767098762013341,0.675878954240005
203,"k25_prev08","quadratic",0.5,"fitted",0.0675,8.3605617140492e-06,2.86853103492746e-08
203,"k25_prev08","quadratic",0.5,"pc1",0.0675,0.795728311351323,0.310451287709794
204,"k25_prev08","quadratic",0.5,"fitted",0.075,0.00349344273122987,0.00360068971623795
204,"k25_prev08","quadratic",0.5,"pc1",0.075,0.286226935044125,0.412773759963715
205,"k25_prev08","quadratic",0.5,"fitted",0.085,0.00149786440714161,2.15185197811607e-05
205,"k25_prev08","quadratic",0.5,"pc1",0.085,0.0887105594293166,0.0437236195097777
206,"k25_prev08","quadratic",0.5,"fitted",0.0725,4.33700402002746e-06,5.77679206692494e-08
206,"k25_prev08","quadratic",0.5,"pc1",0.0725,0.289880833081502,0.208725198952903
207,"k25_prev08","quadratic",0.5,"fitted",0.075,1.89218921988754e-05,2.00390261062555e-06
207,"k25_prev08","quadratic",0.5,"pc1",0.075,0.544204522957186,0.0719964031558984
208,"k25_prev08","quadratic",0.5,"fitted",0.085,0.115344656507183,0.00108848822317598
208,"k25_prev08","quadratic",0.5,"pc1",0.085,0.390111582868083,0.512875145636906
209,"k25_prev08","quadratic",0.5,"fitted",0.07,0.00690806499647345,4.74275089864529e-05
209,"k25_prev08","quadratic",0.5,"pc1",0.07,0.550696912627161,0.184608765584849
210,"k25_prev08","quadratic",0.5,"fitted",0.0775,0.00180378492967592,1.30446879864632e-06
210,"k25_prev08","quadratic",0.5,"pc1",0.0775,0.848369728117177,0.23705467484548
211,"k25_prev08","quadratic",0.5,"fitted",0.08,0.00289647347026734,5.33515166915022e-05
211,"k25_prev08","quadratic",0.5,"pc1",0.08,0.75498832910592,0.168302611361027
212,"k25_prev08","quadratic",0.5,"fitted",0.0825,0.0396682478380813,0.0174153916032206
212,"k25_prev08","quadratic",0.5,"pc1",0.0825,0.85527567780494,0.942396585088356
213,"k25_prev08","quadratic",0.5,"fitted",0.075,0.297134883566084,0.0105590905136622
213,"k25_prev08","quadratic",0.5,"pc1",0.075,0.505014547332342,0.116045746308852
214,"k25_prev08","quadratic",0.5,"fitted",0.0775,0.00137014699225668,4.90762894544972e-07
214,"k25_prev08","quadratic",0.5,"pc1",0.0775,0.682253536930186,0.762785957231755
215,"k25_prev08","quadratic",0.5,"fitted",0.0875,0.108843461843824,0.0566047342248671
215,"k25_prev08","quadratic",0.5,"pc1",0.0875,0.518907584858119,0.535180907381103
216,"k25_prev08","quadratic",0.5,"fitted",0.075,0.000459420277339362,0.000151735223964278
216,"k25_prev08","quadratic",0.5,"pc1",0.075,0.0142844232925693,0.723650367195823
217,"k25_prev08","quadratic",0.5,"fitted",0.075,6.97998478569328e-05,5.51847188978716e-05
217,"k25_prev08","quadratic",0.5,"pc1",0.075,0.0561313870294969,0.0541995153137516
218,"k25_prev08","quadratic",0.5,"fitted",0.075,0.00111773176790042,4.4544466527241e-05
218,"k25_prev08","quadratic",0.5,"pc1",0.075,0.613668315048077,0.27875182912936
219,"k25_prev08","quadratic",0.5,"fitted",0.0875,0.0389309580196529,0.00112674924426814
219,"k25_prev08","quadratic",0.5,"pc1",0.0875,0.471653641412648,0.317334091848075
220,"k25_prev08","quadratic",0.5,"fitted",0.085,0.0232010200881363,0.00161916684596897
220,"k25_prev08","quadratic",0.5,"pc1",0.085,0.730526980747184,0.166448129227218
221,"k25_prev08","quadratic",0.5,"fitted",0.0675,0.00986827047794725,0.000175039016293788
221,"k25_prev08","quadratic",0.5,"pc1",0.0675,0.567800079002991,0.389388393838385
222,"k25_prev08","quadratic",0.5,"fitted",0.07,0.00269780818645793,9.07207249167818e-06
222,"k25_prev08","quadratic",0.5,"pc1",0.07,0.879197611143464,0.175625833989169
223,"k25_prev08","quadratic",0.5,"fitted",0.08,0.145962924565374,0.00230718222744097
223,"k25_prev08","quadratic",0.5,"pc1",0.08,0.865447712282932,0.449974345806573
224,"k25_prev08","quadratic",0.5,"fitted",0.0775,0.0693082111837124,0.000754255318064834
224,"k25_prev08","quadratic",0.5,"pc1",0.0775,0.561769298941128,0.0806697185223235
225,"k25_prev08","quadratic",0.5,"fitted",0.085,0.00094346854523264,8.55624470785799e-06
225,"k25_prev08","quadratic",0.5,"pc1",0.085,0.343906772850686,0.710111838128518
226,"k25_prev08","quadratic",0.5,"fitted",0.0875,0.00142234150714482,0.00037583880044223
226,"k25_prev08","quadratic",0.5,"pc1",0.0875,0.341240961136203,0.108571062230906
227,"k25_prev08","quadratic",0.5,"fitted",0.085,0.0685446288686798,0.0018266847295787
227,"k25_prev08","quadratic",0.5,"pc1",0.085,0.824795496087661,0.872330215849062
228,"k25_prev08","quadratic",0.5,"fitted",0.085,0.00114342500687115,0.000152157566219002
228,"k25_prev08","quadratic",0.5,"pc1",0.085,0.712578400531435,0.869946523241551
229,"k25_prev08","quadratic",0.5,"fitted",0.08,0.0119619833602953,0.000738632495845604
229,"k25_prev08","quadratic",0.5,"pc1",0.08,0.991290071531302,0.980831129171494
230,"k25_prev08","quadratic",0.5,"fitted",0.0625,0.0866019689896121,0.00444863893046465
230,"k25_prev08","quadratic",0.5,"pc1",0.0625,0.300737310170816,0.77255151623405
231,"k25_prev08","quadratic",0.5,"fitted",0.075,0.00056221331035966,2.6538081421279e-07
231,"k25_prev08","quadratic",0.5,"pc1",0.075,0.235554531785191,0.138261664011598
232,"k25_prev08","quadratic",0.5,"fitted",0.07,0.0744387133540531,0.000604710634620087
232,"k25_prev08","quadratic",0.5,"pc1",0.07,0.00249594109806728,0.581222678130472
233,"k25_prev08","quadratic",0.5,"fitted",0.08,0.0599072699064105,0.00037463827849793
233,"k25_prev08","quadratic",0.5,"pc1",0.08,0.786856995871224,0.193893654062602
234,"k25_prev08","quadratic",0.5,"fitted",0.0775,0.00318946024779532,5.11303883321546e-06
234,"k25_prev08","quadratic",0.5,"pc1",0.0775,0.713750008246083,0.0824916661156893
235,"k25_prev08","quadratic",0.5,"fitted",0.095,0.063547095771181,0.000406103470703023
235,"k25_prev08","quadratic",0.5,"pc1",0.095,0.447166322411708,0.0419590255294784
236,"k25_prev08","quadratic",0.5,"fitted",0.0775,0.000145124917812156,3.03159800374431e-07
236,"k25_prev08","quadratic",0.5,"pc1",0.0775,0.321443921154267,0.0114974566000178
237,"k25_prev08","quadratic",0.5,"fitted",0.0875,0.0113916890662248,0.000400369775387488
237,"k25_prev08","quadratic",0.5,"pc1",0.0875,0.326639675805384,0.250877294747153
238,"k25_prev08","quadratic",0.5,"fitted",0.0875,0.00026818788996863,6.51655376948668e-06
238,"k25_prev08","quadratic",0.5,"pc1",0.0875,0.993811455853791,0.855527394185957
239,"k25_prev08","quadratic",0.5,"fitted",0.0875,0.115452438267799,0.000803246132626834
239,"k25_prev08","quadratic",0.5,"pc1",0.0875,0.376091823283491,0.193372696330235
240,"k25_prev08","quadratic",0.5,"fitted",0.08,0.19898808409087,0.00469767279317979
240,"k25_prev08","quadratic",0.5,"pc1",0.08,0.697745278603673,0.189589033824505
241,"k25_prev08","quadratic",0.5,"fitted",0.085,0.0153330507829572,0.00154110987142086
241,"k25_prev08","quadratic",0.5,"pc1",0.085,0.768375491534713,0.714156275847938
242,"k25_prev08","quadratic",0.5,"fitted",0.075,0.0341705472469312,0.000196002389961092
242,"k25_prev08","quadratic",0.5,"pc1",0.075,0.690654583285279,0.685872688340768
243,"k25_prev08","quadratic",0.5,"fitted",0.0725,0.265970099650593,0.0202385693325715
243,"k25_prev08","quadratic",0.5,"pc1",0.0725,0.608502854837309,0.666173699687042
244,"k25_prev08","quadratic",0.5,"fitted",0.085,0.508136887011971,0.104645818052344
244,"k25_prev08","quadratic",0.5,"pc1",0.085,0.380582443169836,0.135890682221481
245,"k25_prev08","quadratic",0.5,"fitted",0.07,8.00500479503086e-06,2.82247212046727e-07
245,"k25_prev08","quadratic",0.5,"pc1",0.07,0.160758284159405,0.799153467163702
246,"k25_prev08","quadratic",0.5,"fitted",0.0675,0.0224269386584176,7.60322513335687e-05
246,"k25_prev08","quadratic",0.5,"pc1",0.0675,0.0378064886102994,0.45940192273959
247,"k25_prev08","quadratic",0.5,"fitted",0.0775,0.0373324855902147,0.000265054431849543
247,"k25_prev08","quadratic",0.5,"pc1",0.0775,0.866915368549601,0.955083245904522
248,"k25_prev08","quadratic",0.5,"fitted",0.065,0.000628559301836917,4.25320940844465e-06
248,"k25_prev08","quadratic",0.5,"pc1",0.065,0.543692839920707,0.56796950380761
249,"k25_prev08","quadratic",0.5,"fitted",0.0625,0.0331953404488099,7.44893334225782e-05
249,"k25_prev08","quadratic",0.5,"pc1",0.0625,0.838329828023451,0.379610738771349
250,"k25_prev08","quadratic",0.5,"fitted",0.085,0.110358721755009,0.0111704853676795
250,"k25_prev08","quadratic",0.5,"pc1",0.085,0.0609231229750227,0.13512114229969
251,"k25_prev08","quadratic",0.5,"fitted",0.0875,0.0428532635300443,0.000465176505348497
251,"k25_prev08","quadratic",0.5,"pc1",0.0875,0.513870056078025,0.669784046393081
252,"k25_prev08","quadratic",0.5,"fitted",0.07,0.00572331363355849,2.19082821037997e-05
252,"k25_prev08","quadratic",0.5,"pc1",0.07,0.150714321716277,0.0133013908203021
253,"k25_prev08","quadratic",0.5,"fitted",0.075,0.00056135899182852,6.09433557396954e-07
253,"k25_prev08","quadratic",0.5,"pc1",0.075,0.950598365023038,0.800299510676654
254,"k25_prev08","quadratic",0.5,"fitted",0.0725,0.00167321378471041,1.66056576640372e-05
254,"k25_prev08","quadratic",0.5,"pc1",0.0725,0.158217453860967,0.0247943952049449
255,"k25_prev08","quadratic",0.5,"fitted",0.06,4.45634152126395e-05,3.1396159227981e-08
255,"k25_prev08","quadratic",0.5,"pc1",0.06,0.897915170426523,0.410406454231409
256,"k25_prev08","quadratic",0.5,"fitted",0.0775,0.054712454506485,0.00119257836815256
256,"k25_prev08","quadratic",0.5,"pc1",0.0775,0.19729940165332,0.507452863514301
257,"k25_prev08","quadratic",0.5,"fitted",0.0975,0.0131222127721414,0.000306837394992265
257,"k25_prev08","quadratic",0.5,"pc1",0.0975,0.208569778391491,0.403516394544121
258,"k25_prev08","quadratic",0.5,"fitted",0.08,0.00262249087609301,5.53573267125795e-05
258,"k25_prev08","quadratic",0.5,"pc1",0.08,0.0640193645219012,0.160502739401118
259,"k25_prev08","quadratic",0.5,"fitted",0.0975,2.56833159678616e-05,1.03585240807114e-06
259,"k25_prev08","quadratic",0.5,"pc1",0.0975,0.489589942193197,0.232006759973215
260,"k25_prev08","quadratic",0.5,"fitted",0.0825,0.186006810342348,0.00110239378391197
260,"k25_prev08","quadratic",0.5,"pc1",0.0825,0.0361698184039078,0.000447229682852601
261,"k25_prev08","quadratic",0.5,"fitted",0.085,0.00932559949196676,6.01312544336041e-05
261,"k25_prev08","quadratic",0.5,"pc1",0.085,0.104168824209884,0.0239185005074746
262,"k25_prev08","quadratic",0.5,"fitted",0.0725,0.00011395089237265,2.76774407599323e-05
262,"k25_prev08","quadratic",0.5,"pc1",0.0725,0.106672373267549,0.161515735346563
263,"k25_prev08","quadratic",0.5,"fitted",0.09,0.00348321337045843,9.35810205038301e-06
263,"k25_prev08","quadratic",0.5,"pc1",0.09,0.652079477239069,0.373382478704481
264,"k25_prev08","quadratic",0.5,"fitted",0.0925,0.0202948423716767,4.71590461799121e-05
264,"k25_prev08","quadratic",0.5,"pc1",0.0925,0.850304738336518,0.27550683346715
265,"k25_prev08","quadratic",0.5,"fitted",0.075,0.0174210795263943,0.000121922606416414
265,"k25_prev08","quadratic",0.5,"pc1",0.075,0.516239448527787,0.820323943554613
266,"k25_prev08","quadratic",0.5,"fitted",0.075,0.112486711554296,0.00726515184761778
266,"k25_prev08","quadratic",0.5,"pc1",0.075,0.485661110443731,0.26965675857591
267,"k25_prev08","quadratic",0.5,"fitted",0.095,0.020377758532909,2.23628221824868e-05
267,"k25_prev08","quadratic",0.5,"pc1",0.095,0.608122564523632,0.679417994996474
268,"k25_prev08","quadratic",0.5,"fitted",0.0675,0.00871430980654897,0.000399454315354153
268,"k25_prev08","quadratic",0.5,"pc1",0.0675,0.771264939155504,0.815190200257215
269,"k25_prev08","quadratic",0.5,"fitted",0.0825,0.0879294188072541,0.00512249460369052
269,"k25_prev08","quadratic",0.5,"pc1",0.0825,0.78313199904946,0.118495934744187
270,"k25_prev08","quadratic",0.5,"fitted",0.0925,0.0899537901421028,0.000471960487854028
270,"k25_prev08","quadratic",0.5,"pc1",0.0925,0.00412945936037457,0.000718257738056227
271,"k25_prev08","quadratic",0.5,"fitted",0.0925,0.000606810446527217,6.19050807282306e-07
271,"k25_prev08","quadratic",0.5,"pc1",0.0925,0.784544083529193,0.349701121301138
272,"k25_prev08","quadratic",0.5,"fitted",0.0925,0.0300955520495085,0.000618302478866184
272,"k25_prev08","quadratic",0.5,"pc1",0.0925,0.887946099869186,0.482603726695394
273,"k25_prev08","quadratic",0.5,"fitted",0.0775,0.00538269053872553,2.26064709871743e-05
273,"k25_prev08","quadratic",0.5,"pc1",0.0775,0.00950799564216465,0.295354912999339
274,"k25_prev08","quadratic",0.5,"fitted",0.085,3.36908377107648e-06,3.35455896394166e-09
274,"k25_prev08","quadratic",0.5,"pc1",0.085,0.371800946851851,0.724059778580761
275,"k25_prev08","quadratic",0.5,"fitted",0.085,0.0026007422228842,0.00779714229757489
275,"k25_prev08","quadratic",0.5,"pc1",0.085,0.0300232553697888,0.196307156619752
276,"k25_prev08","quadratic",0.5,"fitted",0.0725,0.00422070161594468,0.00279092935387271
276,"k25_prev08","quadratic",0.5,"pc1",0.0725,0.973456290229537,0.855097948954834
277,"k25_prev08","quadratic",0.5,"fitted",0.0825,0.183121371237849,0.0533996699558645
277,"k25_prev08","quadratic",0.5,"pc1",0.0825,0.930262487427858,0.337135937278051
278,"k25_prev08","quadratic",0.5,"fitted",0.0825,0.118326849386985,0.00146339855519129
278,"k25_prev08","quadratic",0.5,"pc1",0.0825,0.713182074523821,0.313269722815042
279,"k25_prev08","quadratic",0.5,"fitted",0.08,0.00691214207703827,1.11494645183008e-05
279,"k25_prev08","quadratic",0.5,"pc1",0.08,0.0865007674744023,0.478777666679082
280,"k25_prev08","quadratic",0.5,"fitted",0.0725,0.00043266853973023,0.000491474484434651
280,"k25_prev08","quadratic",0.5,"pc1",0.0725,0.882346284212157,0.654489233246208
281,"k25_prev08","quadratic",0.5,"fitted",0.09,0.0502972915800814,0.00109685816844629
281,"k25_prev08","quadratic",0.5,"pc1",0.09,0.128951355553806,0.0573156508030346
282,"k25_prev08","quadratic",0.5,"fitted",0.0775,0.0130550614796279,7.4366661254599e-06
282,"k25_prev08","quadratic",0.5,"pc1",0.0775,0.0651190248548522,0.128882040697281
283,"k25_prev08","quadratic",0.5,"fitted",0.08,0.0202022131691405,0.000138187038122739
283,"k25_prev08","quadratic",0.5,"pc1",0.08,0.648200252472597,0.265481633742223
284,"k25_prev08","quadratic",0.5,"fitted",0.0975,0.0180013698651054,7.15083634748037e-05
284,"k25_prev08","quadratic",0.5,"pc1",0.0975,0.113657601147075,0.527813629115777
285,"k25_prev08","quadratic",0.5,"fitted",0.0875,0.00312093463397767,2.87498337470105e-06
285,"k25_prev08","quadratic",0.5,"pc1",0.0875,0.863003837144827,0.535922119585778
286,"k25_prev08","quadratic",0.5,"fitted",0.0825,7.30346549904226e-08,0
286,"k25_prev08","quadratic",0.5,"pc1",0.0825,0.475936977970245,0.459572350878485
287,"k25_prev08","quadratic",0.5,"fitted",0.07,0.00137670394037248,0.0186020983666677
287,"k25_prev08","quadratic",0.5,"pc1",0.07,0.545196504093072,0.0860439831457676
288,"k25_prev08","quadratic",0.5,"fitted",0.08,0.000213446937758599,3.41244132062712e-07
288,"k25_prev08","quadratic",0.5,"pc1",0.08,0.208989070361922,0.0698551495062747
289,"k25_prev08","quadratic",0.5,"fitted",0.085,0.00450704534225221,7.2233707957281e-06
289,"k25_prev08","quadratic",0.5,"pc1",0.085,0.24871123214311,0.0802217140246968
290,"k25_prev08","quadratic",0.5,"fitted",0.08,0.0586124973202622,0.00387329541515224
290,"k25_prev08","quadratic",0.5,"pc1",0.08,0.273276169644235,0.378692451635974
291,"k25_prev08","quadratic",0.5,"fitted",0.0775,0.00115835417194821,3.45490188169428e-06
291,"k25_prev08","quadratic",0.5,"pc1",0.0775,0.47585538740858,0.158989110105337
292,"k25_prev08","quadratic",0.5,"fitted",0.0725,0.00173455830855818,8.10202825440864e-06
292,"k25_prev08","quadratic",0.5,"pc1",0.0725,0.0803429041185058,0.27035232538056
293,"k25_prev08","quadratic",0.5,"fitted",0.0925,0.338896067855262,0.0184348986457467
293,"k25_prev08","quadratic",0.5,"pc1",0.0925,0.203952456253889,0.626640660907371
294,"k25_prev08","quadratic",0.5,"fitted",0.075,0.0115357464546718,0.00496142575272973
294,"k25_prev08","quadratic",0.5,"pc1",0.075,0.0540269198348129,0.0458392955688973
295,"k25_prev08","quadratic",0.5,"fitted",0.0875,0.00210523326640821,1.84280872709275e-05
295,"k25_prev08","quadratic",0.5,"pc1",0.0875,0.287158093138648,0.51312118583494
296,"k25_prev08","quadratic",0.5,"fitted",0.085,0.0154632415988757,0.000816741540282773
296,"k25_prev08","quadratic",0.5,"pc1",0.085,0.27990178577574,0.791237449122113
297,"k25_prev08","quadratic",0.5,"fitted",0.0725,0.00441200472540193,0.00214863132560406
297,"k25_prev08","quadratic",0.5,"pc1",0.0725,0.248122161726837,0.136991112834386
298,"k25_prev08","quadratic",0.5,"fitted",0.095,0.00661483104836191,0.000190693330182179
298,"k25_prev08","quadratic",0.5,"pc1",0.095,0.901099006784122,0.504732677174369
299,"k25_prev08","quadratic",0.5,"fitted",0.095,0.110662230821823,0.000805144514103961
299,"k25_prev08","quadratic",0.5,"pc1",0.095,0.0503788698404771,0.91420889823692
300,"k25_prev08","quadratic",0.5,"fitted",0.0825,6.09550608983156e-05,2.0868945993513e-07
300,"k25_prev08","quadratic",0.5,"pc1",0.0825,0.165151395325442,0.00519036275727791
301,"k25_prev08","quadratic",0.5,"fitted",0.0975,0.0164447068482354,6.95059136525122e-05
301,"k25_prev08","quadratic",0.5,"pc1",0.0975,0.765598943045498,0.68412748674459
302,"k25_prev08","quadratic",0.5,"fitted",0.0825,0.00745085719437144,0.000264382927679385
302,"k25_prev08","quadratic",0.5,"pc1",0.0825,0.503284942098839,0.103466890437142
303,"k25_prev08","quadratic",0.5,"fitted",0.0725,0.0191784649085311,0.000193318499494
303,"k25_prev08","quadratic",0.5,"pc1",0.0725,0.349211868410137,0.595242392475969
304,"k25_prev08","quadratic",0.5,"fitted",0.08,9.0354065004683e-05,1.25842246179175e-07
304,"k25_prev08","quadratic",0.5,"pc1",0.08,0.125132704283479,0.00200050235867422
305,"k25_prev08","quadratic",0.5,"fitted",0.07,1.56494686875952e-07,0
305,"k25_prev08","quadratic",0.5,"pc1",0.07,0.0117507222089722,0.00407713295190681
306,"k25_prev08","quadratic",0.5,"fitted",0.0925,0.00241759494758464,0.000396084276473196
306,"k25_prev08","quadratic",0.5,"pc1",0.0925,0.196258286034112,0.0603887880128284
307,"k25_prev08","quadratic",0.5,"fitted",0.07,2.30156304903417e-07,0
307,"k25_prev08","quadratic",0.5,"pc1",0.07,0.707269635212378,0.350467681865312
308,"k25_prev08","quadratic",0.5,"fitted",0.0775,0.0074986914259163,0.000545945126909642
308,"k25_prev08","quadratic",0.5,"pc1",0.0775,0.265892385649532,0.575850319523523
309,"k25_prev08","quadratic",0.5,"fitted",0.0875,0.0624086199993097,0.00899659990349722
309,"k25_prev08","quadratic",0.5,"pc1",0.0875,0.715643394968056,0.763425526207016
310,"k25_prev08","quadratic",0.5,"fitted",0.09,0.0216027740731149,4.22898167004027e-05
310,"k25_prev08","quadratic",0.5,"pc1",0.09,0.285316964783039,0.909192586410577
311,"k25_prev08","quadratic",0.5,"fitted",0.0875,0.0125019806051604,0.00614975301433529
311,"k25_prev08","quadratic",0.5,"pc1",0.0875,0.323941702421877,0.158581922736585
312,"k25_prev08","quadratic",0.5,"fitted",0.085,0.00386171169677307,2.52946742420601e-05
312,"k25_prev08","quadratic",0.5,"pc1",0.085,0.468133805881219,0.593807133193224
313,"k25_prev08","quadratic",0.5,"fitted",0.0775,8.4737347982311e-05,4.68361838867892e-07
313,"k25_prev08","quadratic",0.5,"pc1",0.0775,0.140504637152382,0.2062320286514
314,"k25_prev08","quadratic",0.5,"fitted",0.0775,0.0192025249376173,0.000133302205002739
314,"k25_prev08","quadratic",0.5,"pc1",0.0775,0.721080382966681,0.492920418135688
315,"k25_prev08","quadratic",0.5,"fitted",0.0825,0.061882131466315,0.00104383016938669
315,"k25_prev08","quadratic",0.5,"pc1",0.0825,0.883964232755443,0.30125026529461
316,"k25_prev08","quadratic",0.5,"fitted",0.0775,0.03739643252111,0.000243030110113285
316,"k25_prev08","quadratic",0.5,"pc1",0.0775,0.299067890508677,0.0263474956178342
317,"k25_prev08","quadratic",0.5,"fitted",0.0775,0.133584280858199,0.00234057208986926
317,"k25_prev08","quadratic",0.5,"pc1",0.0775,0.477378528933528,0.689874653931848
318,"k25_prev08","quadratic",0.5,"fitted",0.0875,0.000395082612698827,4.07213069486545e-07
318,"k25_prev08","quadratic",0.5,"pc1",0.0875,0.534053118183161,0.392906256160201
319,"k25_prev08","quadratic",0.5,"fitted",0.085,0.00703848373310223,0.000191158766150057
319,"k25_prev08","quadratic",0.5,"pc1",0.085,0.669933135938505,0.653767564334757
320,"k25_prev08","quadratic",0.5,"fitted",0.075,0.0308710636603389,0.00163134288134348
320,"k25_prev08","quadratic",0.5,"pc1",0.075,0.209238450672359,0.174025072575308
321,"k25_prev08","quadratic",0.5,"fitted",0.0775,0.000802300342014783,3.06455497312008e-07
321,"k25_prev08","quadratic",0.5,"pc1",0.0775,0.102960843285206,0.0723360111991305
322,"k25_prev08","quadratic",0.5,"fitted",0.0925,0.00550035298425411,5.57397163047924e-06
322,"k25_prev08","quadratic",0.5,"pc1",0.0925,0.823276711340292,0.469035503115794
323,"k25_prev08","quadratic",0.5,"fitted",0.08,0.110242051316973,0.000897753383690247
323,"k25_prev08","quadratic",0.5,"pc1",0.08,0.616165037382301,0.961063841807913
324,"k25_prev08","quadratic",0.5,"fitted",0.0825,0.000316539460453402,5.13658719558663e-07
324,"k25_prev08","quadratic",0.5,"pc1",0.0825,0.112095054277871,0.642295655945943
325,"k25_prev08","quadratic",0.5,"fitted",0.0825,0.0002699912102615,9.33240787833745e-05
325,"k25_prev08","quadratic",0.5,"pc1",0.0825,0.126562909018329,0.0577815255752602
326,"k25_prev08","quadratic",0.5,"fitted",0.08,0.0117346981995838,0.00011688221273698
326,"k25_prev08","quadratic",0.5,"pc1",0.08,0.65646796356865,0.913567668838103
327,"k25_prev08","quadratic",0.5,"fitted",0.09,0.00920967753735535,8.49866687117062e-05
327,"k25_prev08","quadratic",0.5,"pc1",0.09,0.00789537406500362,0.177497950627797
328,"k25_prev08","quadratic",0.5,"fitted",0.095,0.245868987462169,0.00214182404482344
328,"k25_prev08","quadratic",0.5,"pc1",0.095,0.0845303482437523,0.425233368968351
329,"k25_prev08","quadratic",0.5,"fitted",0.075,0.00111881561789473,1.67450264232372e-06
329,"k25_prev08","quadratic",0.5,"pc1",0.075,0.116843209014033,0.0106611657139604
330,"k25_prev08","quadratic",0.5,"fitted",0.0775,0.00928374844452606,3.99218251359024e-05
330,"k25_prev08","quadratic",0.5,"pc1",0.0775,0.539392730848762,0.0327313777126361
331,"k25_prev08","quadratic",0.5,"fitted",0.065,0.00549401526322457,7.3994962714985e-05
331,"k25_prev08","quadratic",0.5,"pc1",0.065,0.613975523662201,0.100347400960574
332,"k25_prev08","quadratic",0.5,"fitted",0.095,0.423534361236429,0.106083041605119
332,"k25_prev08","quadratic",0.5,"pc1",0.095,0.0783166455244889,0.810256284807258
333,"k25_prev08","quadratic",0.5,"fitted",0.09,0.000366985478550186,1.41487982441291e-08
333,"k25_prev08","quadratic",0.5,"pc1",0.09,0.39065235723258,0.648474095356254
334,"k25_prev08","quadratic",0.5,"fitted",0.0725,0.00203174965169362,2.34827179423913e-05
334,"k25_prev08","quadratic",0.5,"pc1",0.0725,0.966806712363594,0.376479926431089
335,"k25_prev08","quadratic",0.5,"fitted",0.0875,0.000424108708528492,6.11296395502947e-07
335,"k25_prev08","quadratic",0.5,"pc1",0.0875,0.56717642691733,0.192732644318368
336,"k25_prev08","quadratic",0.5,"fitted",0.0775,0.00104277629477578,4.074827369005e-05
336,"k25_prev08","quadratic",0.5,"pc1",0.0775,0.704250620621203,0.126824090386959
337,"k25_prev08","quadratic",0.5,"fitted",0.08,0.190245348413571,0.00912210563235549
337,"k25_prev08","quadratic",0.5,"pc1",0.08,0.19656870728985,0.538769650133509
338,"k25_prev08","quadratic",0.5,"fitted",0.0975,0.00423536716926753,0.000556961486764429
338,"k25_prev08","quadratic",0.5,"pc1",0.0975,0.885207277170899,0.492122699122854
339,"k25_prev08","quadratic",0.5,"fitted",0.0775,4.49573491345667e-05,4.79605711811715e-07
339,"k25_prev08","quadratic",0.5,"pc1",0.0775,0.414378743444963,0.230525370727968
340,"k25_prev08","quadratic",0.5,"fitted",0.0775,0.0023371876717776,2.42408135247008e-05
340,"k25_prev08","quadratic",0.5,"pc1",0.0775,0.438269652608005,0.0996885774591623
341,"k25_prev08","quadratic",0.5,"fitted",0.0925,0.000634861497051831,1.0054361262446e-06
341,"k25_prev08","quadratic",0.5,"pc1",0.0925,0.315711623894991,0.462391082082242
342,"k25_prev08","quadratic",0.5,"fitted",0.0625,0.0724291689923863,0.000325133801660327
342,"k25_prev08","quadratic",0.5,"pc1",0.0625,0.907530149374802,0.338707438944661
343,"k25_prev08","quadratic",0.5,"fitted",0.0775,0.000839613794448968,2.197976594287e-06
343,"k25_prev08","quadratic",0.5,"pc1",0.0775,0.159009953750503,0.608712782910282
344,"k25_prev08","quadratic",0.5,"fitted",0.0775,0.104488222928934,0.0903256040045319
344,"k25_prev08","quadratic",0.5,"pc1",0.0775,0.449991455684322,0.553266375884326
345,"k25_prev08","quadratic",0.5,"fitted",0.0775,0.0012890818445026,3.30527967284944e-06
345,"k25_prev08","quadratic",0.5,"pc1",0.0775,0.0436917581750192,0.728501865967037
346,"k25_prev08","quadratic",0.5,"fitted",0.0875,0.0724074153581864,0.00587849813910402
346,"k25_prev08","quadratic",0.5,"pc1",0.0875,0.0947484043345613,0.995445689183682
347,"k25_prev08","quadratic",0.5,"fitted",0.0875,0.00678093304732563,0.00157825275942247
347,"k25_prev08","quadratic",0.5,"pc1",0.0875,0.95611193689827,0.574915211460494
348,"k25_prev08","quadratic",0.5,"fitted",0.07,0.000330680313213261,1.42426703420018e-06
348,"k25_prev08","quadratic",0.5,"pc1",0.07,0.941244183353287,0.895347174389703
349,"k25_prev08","quadratic",0.5,"fitted",0.07,0.00975528981866047,0.0027739845038639
349,"k25_prev08","quadratic",0.5,"pc1",0.07,0.11192463382903,0.433830122123192
350,"k25_prev08","quadratic",0.5,"fitted",0.0725,1.58619607159016e-05,3.58525078514305e-08
350,"k25_prev08","quadratic",0.5,"pc1",0.0725,0.643107181854216,0.0330227040317582
351,"k25_prev08","quadratic",0.5,"fitted",0.075,0.000862002506336279,0.000413827558437774
351,"k25_prev08","quadratic",0.5,"pc1",0.075,0.648641773487477,0.494296201400544
352,"k25_prev08","quadratic",0.5,"fitted",0.0825,0.00102310471234257,1.77498839415424e-06
352,"k25_prev08","quadratic",0.5,"pc1",0.0825,0.0228471942933055,0.010220003273493
353,"k25_prev08","quadratic",0.5,"fitted",0.0775,0.0343718437411881,0.000122490203233516
353,"k25_prev08","quadratic",0.5,"pc1",0.0775,0.408182871180927,0.101777614429743
354,"k25_prev08","quadratic",0.5,"fitted",0.07,8.62212331268486e-05,1.10857710566847e-07
354,"k25_prev08","quadratic",0.5,"pc1",0.07,0.490672045859817,0.173054645636581
355,"k25_prev08","quadratic",0.5,"fitted",0.0775,0.00352854171220429,1.49940982088204e-05
355,"k25_prev08","quadratic",0.5,"pc1",0.0775,0.0386084254460041,0.00381317616528598
356,"k25_prev08","quadratic",0.5,"fitted",0.08,0.00762640829438155,1.60986556483333e-05
356,"k25_prev08","quadratic",0.5,"pc1",0.08,0.321468865679318,0.421391220443052
357,"k25_prev08","quadratic",0.5,"fitted",0.075,0.0114509990651972,6.54329282208099e-05
357,"k25_prev08","quadratic",0.5,"pc1",0.075,0.842036789873004,0.309930821067159
358,"k25_prev08","quadratic",0.5,"fitted",0.095,0.0628188183645897,0.00877927871098039
358,"k25_prev08","quadratic",0.5,"pc1",0.095,0.588406824222121,0.491240955541253
359,"k25_prev08","quadratic",0.5,"fitted",0.0725,0.0177228878674793,0.000161897695182711
359,"k25_prev08","quadratic",0.5,"pc1",0.0725,0.540164523625961,0.0459630091441018
360,"k25_prev08","quadratic",0.5,"fitted",0.09,0.131626652116258,0.00250266493826246
360,"k25_prev08","quadratic",0.5,"pc1",0.09,0.393386000530177,0.83295116906359
361,"k25_prev08","quadratic",0.5,"fitted",0.0775,0.024241870625068,9.92010075717698e-05
361,"k25_prev08","quadratic",0.5,"pc1",0.0775,0.830141160542925,0.392989943560408
362,"k25_prev08","quadratic",0.5,"fitted",0.075,0.00785525334521298,2.08179349557858e-05
362,"k25_prev08","quadratic",0.5,"pc1",0.075,0.358910029850248,0.969939240039016
363,"k25_prev08","quadratic",0.5,"fitted",0.0875,0.0159378502365588,0.00113842455915769
363,"k25_prev08","quadratic",0.5,"pc1",0.0875,0.819835482102865,0.683451450179541
364,"k25_prev08","quadratic",0.5,"fitted",0.07,0.0438746881006414,0.00113101577161911
364,"k25_prev08","quadratic",0.5,"pc1",0.07,0.846579708407106,0.950175478385262
365,"k25_prev08","quadratic",0.5,"fitted",0.0775,0.00383751193732795,0.000332686315564046
365,"k25_prev08","quadratic",0.5,"pc1",0.0775,0.774990147630085,0.342477655472691
366,"k25_prev08","quadratic",0.5,"fitted",0.0725,0.504091388550573,0.0139957656987826
366,"k25_prev08","quadratic",0.5,"pc1",0.0725,0.0761776635480105,0.179153939154398
367,"k25_prev08","quadratic",0.5,"fitted",0.075,6.99923690783422e-07,2.85205170591496e-09
367,"k25_prev08","quadratic",0.5,"pc1",0.075,0.837870702991044,0.150013901142647
368,"k25_prev08","quadratic",0.5,"fitted",0.09,0.0210823029316021,6.69341087101705e-05
368,"k25_prev08","quadratic",0.5,"pc1",0.09,0.45761710349787,0.0430074709010529
369,"k25_prev08","quadratic",0.5,"fitted",0.07,0.000709641710648468,2.10522047350281e-07
369,"k25_prev08","quadratic",0.5,"pc1",0.07,0.214327335597167,0.738937278254864
370,"k25_prev08","quadratic",0.5,"fitted",0.0875,0.0426940387948718,0.0140077100201321
370,"k25_prev08","quadratic",0.5,"pc1",0.0875,0.850582730593768,0.597455924237466
371,"k25_prev08","quadratic",0.5,"fitted",0.08,0.0363028046319345,0.000131716553780525
371,"k25_prev08","quadratic",0.5,"pc1",0.08,0.178993206638647,0.346468731445259
372,"k25_prev08","quadratic",0.5,"fitted",0.0725,0.000200343716760809,2.56837154877232e-08
372,"k25_prev08","quadratic",0.5,"pc1",0.0725,0.0112767615471927,0.0728592298161298
373,"k25_prev08","quadratic",0.5,"fitted",0.0625,1.42156796030246e-05,6.37836661443458e-06
373,"k25_prev08","quadratic",0.5,"pc1",0.0625,0.0381729415567951,0.0178239161145471
374,"k25_prev08","quadratic",0.5,"fitted",0.085,0.00331567032250724,9.97244899103578e-07
374,"k25_prev08","quadratic",0.5,"pc1",0.085,0.562666824247137,0.528041133186841
375,"k25_prev08","quadratic",0.5,"fitted",0.0825,0.00736015514467969,2.77512521540402e-06
375,"k25_prev08","quadratic",0.5,"pc1",0.0825,0.898397757651887,0.756136974894167
376,"k25_prev08","quadratic",0.5,"fitted",0.075,0.000191037763304536,5.95700664351995e-08
376,"k25_prev08","quadratic",0.5,"pc1",0.075,0.555693216508481,0.811043546844581
377,"k25_prev08","quadratic",0.5,"fitted",0.0925,0.00308244274501246,7.23921941081507e-06
377,"k25_prev08","quadratic",0.5,"pc1",0.0925,0.333532280040361,0.195169497570546
378,"k25_prev08","quadratic",0.5,"fitted",0.0725,0.103178055689031,0.00113309118728933
378,"k25_prev08","quadratic",0.5,"pc1",0.0725,0.882476612878958,0.718865458167189
379,"k25_prev08","quadratic",0.5,"fitted",0.09,0.0787718528933887,0.11293626645474
379,"k25_prev08","quadratic",0.5,"pc1",0.09,0.185402947748681,0.489284633053158
380,"k25_prev08","quadratic",0.5,"fitted",0.08,0.00660649108072686,2.21713600659923e-05
380,"k25_prev08","quadratic",0.5,"pc1",0.08,0.240657920738112,0.608816349795598
381,"k25_prev08","quadratic",0.5,"fitted",0.085,0.397457744381774,0.0241375397999563
381,"k25_prev08","quadratic",0.5,"pc1",0.085,0.465384553084593,0.150962247207035
382,"k25_prev08","quadratic",0.5,"fitted",0.065,0.0665545114141912,0.035755230854261
382,"k25_prev08","quadratic",0.5,"pc1",0.065,0.876434826635382,0.477008181603673
383,"k25_prev08","quadratic",0.5,"fitted",0.0675,1.32797088048253e-05,1.4865623176874e-08
383,"k25_prev08","quadratic",0.5,"pc1",0.0675,0.25735116333198,0.015114380876551
384,"k25_prev08","quadratic",0.5,"fitted",0.0775,0.00326652628735369,8.66211578398612e-06
384,"k25_prev08","quadratic",0.5,"pc1",0.0775,0.297842074286111,0.202541658743576
385,"k25_prev08","quadratic",0.5,"fitted",0.08,0.00383688916576119,0.00334023155290397
385,"k25_prev08","quadratic",0.5,"pc1",0.08,0.541100710549115,0.588417201338572
386,"k25_prev08","quadratic",0.5,"fitted",0.0825,2.65539886965538e-05,2.29015681870726e-05
386,"k25_prev08","quadratic",0.5,"pc1",0.0825,0.178434928284789,0.0814318470191018
387,"k25_prev08","quadratic",0.5,"fitted",0.085,0.0166793751848759,2.71352231994149e-05
387,"k25_prev08","quadratic",0.5,"pc1",0.085,0.114291911352837,0.780472898560089
388,"k25_prev08","quadratic",0.5,"fitted",0.0825,0.0392113391597755,0.00026151001353647
388,"k25_prev08","quadratic",0.5,"pc1",0.0825,0.0151070539558691,0.00138225580227269
389,"k25_prev08","quadratic",0.5,"fitted",0.075,0.0463851818953313,0.000640928680259556
389,"k25_prev08","quadratic",0.5,"pc1",0.075,0.624097985857107,0.156025125042936
390,"k25_prev08","quadratic",0.5,"fitted",0.08,0.00518319582960713,4.27445041646379e-05
390,"k25_prev08","quadratic",0.5,"pc1",0.08,0.435433171734699,0.00940419818421523
391,"k25_prev08","quadratic",0.5,"fitted",0.0825,9.84841364681799e-07,0
391,"k25_prev08","quadratic",0.5,"pc1",0.0825,0.127362582322998,0.0144239267829378
392,"k25_prev08","quadratic",0.5,"fitted",0.075,0.0063638145784104,0.0116762204183489
392,"k25_prev08","quadratic",0.5,"pc1",0.075,0.707567370683126,0.340344666855614
393,"k25_prev08","quadratic",0.5,"fitted",0.0775,0.000110284977103747,9.34318681045099e-06
393,"k25_prev08","quadratic",0.5,"pc1",0.0775,0.218192312423298,0.146504425465058
394,"k25_prev08","quadratic",0.5,"fitted",0.085,0.000171202986374741,1.83208562598569e-06
394,"k25_prev08","quadratic",0.5,"pc1",0.085,0.453811008652355,0.216538542242879
395,"k25_prev08","quadratic",0.5,"fitted",0.085,0.00169437784843929,0.000112699814808881
395,"k25_prev08","quadratic",0.5,"pc1",0.085,0.47935782474915,0.37820161758856
396,"k25_prev08","quadratic",0.5,"fitted",0.085,0.546904774541824,0.0349697398635214
396,"k25_prev08","quadratic",0.5,"pc1",0.085,0.388884057822373,0.435844458379744
397,"k25_prev08","quadratic",0.5,"fitted",0.07,0.00133085475577177,2.69385777262876e-06
397,"k25_prev08","quadratic",0.5,"pc1",0.07,0.700631755452684,0.176167027130569
398,"k25_prev08","quadratic",0.5,"fitted",0.095,0.000395084757790154,7.83808403848063e-07
398,"k25_prev08","quadratic",0.5,"pc1",0.095,0.366473446678899,0.265456908068238
399,"k25_prev08","quadratic",0.5,"fitted",0.095,0.00535950898606941,6.33634681743711e-05
399,"k25_prev08","quadratic",0.5,"pc1",0.095,0.158575559062941,0.016595941368461
400,"k25_prev08","quadratic",0.5,"fitted",0.075,0.00697078754633029,6.89875304393794e-06
400,"k25_prev08","quadratic",0.5,"pc1",0.075,0.522682863348333,0.35085724401956
1,"k25_prev08","quadratic",1,"fitted",0.0825,0.130320688308208,0.0539601328764459
1,"k25_prev08","quadratic",1,"pc1",0.0825,0.14253242654034,0.554611336991629
2,"k25_prev08","quadratic",1,"fitted",0.0775,0.000230395472359812,1.71843735907729e-07
2,"k25_prev08","quadratic",1,"pc1",0.0775,0.0878445849323402,0.946742040106672
3,"k25_prev08","quadratic",1,"fitted",0.0925,0.0158605230802754,0.0011572439670865
3,"k25_prev08","quadratic",1,"pc1",0.0925,0.451343573489379,0.812311795981838
4,"k25_prev08","quadratic",1,"fitted",0.075,0.00273682760049787,2.0479138933216e-05
4,"k25_prev08","quadratic",1,"pc1",0.075,0.45190020920717,0.19452246300026
5,"k25_prev08","quadratic",1,"fitted",0.085,0.000180245659694767,5.85950349789588e-05
5,"k25_prev08","quadratic",1,"pc1",0.085,0.0038282105405103,0.0246803641461372
6,"k25_prev08","quadratic",1,"fitted",0.075,0.00015639086505459,2.48929562518541e-08
6,"k25_prev08","quadratic",1,"pc1",0.075,0.458244437841137,0.208706981649402
7,"k25_prev08","quadratic",1,"fitted",0.09,0.00119212793632095,7.03481944475115e-07
7,"k25_prev08","quadratic",1,"pc1",0.09,0.239964846858894,0.68166963635256
8,"k25_prev08","quadratic",1,"fitted",0.085,0.000127208682247471,9.30970363022254e-07
8,"k25_prev08","quadratic",1,"pc1",0.085,0.796677590019408,0.95767798149156
9,"k25_prev08","quadratic",1,"fitted",0.0725,0.00743684930976118,2.90617903451196e-05
9,"k25_prev08","quadratic",1,"pc1",0.0725,0.930749527115384,0.894543140624388
10,"k25_prev08","quadratic",1,"fitted",0.0825,0.00112825685923623,1.65228661168637e-05
10,"k25_prev08","quadratic",1,"pc1",0.0825,0.127234530495158,0.532206929113477
11,"k25_prev08","quadratic",1,"fitted",0.075,0.0180541331310182,0.000340158663453161
11,"k25_prev08","quadratic",1,"pc1",0.075,0.181775292611773,0.603732231902999
12,"k25_prev08","quadratic",1,"fitted",0.0825,0.000315982190943975,4.5298846282904e-06
12,"k25_prev08","quadratic",1,"pc1",0.0825,0.829270550252046,0.327904431616951
13,"k25_prev08","quadratic",1,"fitted",0.0925,0.0188560533474731,0.000624073024789507
13,"k25_prev08","quadratic",1,"pc1",0.0925,0.719037135644133,0.911732752120053
14,"k25_prev08","quadratic",1,"fitted",0.0775,2.18760911336879e-05,6.9710606176443e-09
14,"k25_prev08","quadratic",1,"pc1",0.0775,0.139075386757718,0.292779469926585
15,"k25_prev08","quadratic",1,"fitted",0.085,0.000383344163936483,2.60058418111164e-06
15,"k25_prev08","quadratic",1,"pc1",0.085,0.0733836602495093,0.108457993909573
16,"k25_prev08","quadratic",1,"fitted",0.075,0.0111983929524728,4.71561413739607e-05
16,"k25_prev08","quadratic",1,"pc1",0.075,0.78145391160639,0.742549845739135
17,"k25_prev08","quadratic",1,"fitted",0.0875,5.19703381401948e-05,4.77429302758736e-08
17,"k25_prev08","quadratic",1,"pc1",0.0875,0.0470472280305065,0.000658434419029019
18,"k25_prev08","quadratic",1,"fitted",0.0775,0.000741783478712676,1.54013381581386e-06
18,"k25_prev08","quadratic",1,"pc1",0.0775,0.790381213092506,0.117722633834892
19,"k25_prev08","quadratic",1,"fitted",0.095,0.00406720463290156,1.3503135602444e-05
19,"k25_prev08","quadratic",1,"pc1",0.095,0.297424393417324,0.392194831643299
20,"k25_prev08","quadratic",1,"fitted",0.065,0.0724137348035427,0.000143799093019426
20,"k25_prev08","quadratic",1,"pc1",0.065,0.408068998023785,0.385415126623058
21,"k25_prev08","quadratic",1,"fitted",0.0725,0.00521595901381322,0.000230564763847974
21,"k25_prev08","quadratic",1,"pc1",0.0725,0.194895694788945,0.104622874468002
22,"k25_prev08","quadratic",1,"fitted",0.0825,0.000133354351532944,1.39691877176773e-07
22,"k25_prev08","quadratic",1,"pc1",0.0825,0.614015638866178,0.233991842196816
23,"k25_prev08","quadratic",1,"fitted",0.0775,0.000349992637966423,6.30089139752599e-07
23,"k25_prev08","quadratic",1,"pc1",0.0775,0.0952778549191203,0.0141968224933852
24,"k25_prev08","quadratic",1,"fitted",0.0875,0.0177505942612981,2.13370599800866e-05
24,"k25_prev08","quadratic",1,"pc1",0.0875,0.851884873484298,0.624546360454867
25,"k25_prev08","quadratic",1,"fitted",0.0675,6.01301363145623e-08,0
25,"k25_prev08","quadratic",1,"pc1",0.0675,0.343997155205435,0.192879994601843
26,"k25_prev08","quadratic",1,"fitted",0.065,0.268903379848604,0.00851277655399807
26,"k25_prev08","quadratic",1,"pc1",0.065,0.21521748942706,0.0320344495946219
27,"k25_prev08","quadratic",1,"fitted",0.08,0.00344305732227501,0.000155963305132012
27,"k25_prev08","quadratic",1,"pc1",0.08,0.926417677353853,0.898398336220689
28,"k25_prev08","quadratic",1,"fitted",0.09,0.000297710922062544,7.6859054520817e-07
28,"k25_prev08","quadratic",1,"pc1",0.09,0.889595061004213,0.588667995938537
29,"k25_prev08","quadratic",1,"fitted",0.09,1.60765882006864e-05,0
29,"k25_prev08","quadratic",1,"pc1",0.09,0.335978489085311,0.0879119615044273
30,"k25_prev08","quadratic",1,"fitted",0.08,1.79348674780311e-05,3.02626356196711e-08
30,"k25_prev08","quadratic",1,"pc1",0.08,0.0391891027335758,0.0018456883591389
31,"k25_prev08","quadratic",1,"fitted",0.0925,0.0409981925461533,0.00022449982213224
31,"k25_prev08","quadratic",1,"pc1",0.0925,0.331610817095384,0.0807364700980548
32,"k25_prev08","quadratic",1,"fitted",0.0725,0.000223919301089781,1.41884033943995e-06
32,"k25_prev08","quadratic",1,"pc1",0.0725,0.0910948740909266,0.0485768391004752
33,"k25_prev08","quadratic",1,"fitted",0.0875,0.00271678634002437,0.000267305988079669
33,"k25_prev08","quadratic",1,"pc1",0.0875,0.762292616757076,0.99407895276993
34,"k25_prev08","quadratic",1,"fitted",0.0675,0.00338281416528308,0.000818537871716263
34,"k25_prev08","quadratic",1,"pc1",0.0675,0.253891939409277,0.0324381250960684
35,"k25_prev08","quadratic",1,"fitted",0.0775,0.00164887406894909,2.94639061704238e-07
35,"k25_prev08","quadratic",1,"pc1",0.0775,0.877488900710179,0.0986440862223976
36,"k25_prev08","quadratic",1,"fitted",0.0675,0.000428460097587013,9.32682740706348e-07
36,"k25_prev08","quadratic",1,"pc1",0.0675,0.401155262096943,0.124678407372309
37,"k25_prev08","quadratic",1,"fitted",0.085,1.18476344150853e-05,1.48792111964724e-09
37,"k25_prev08","quadratic",1,"pc1",0.085,0.0215882153010256,0.0115984798985383
38,"k25_prev08","quadratic",1,"fitted",0.1,0.0777353283214832,0.000726242753731121
38,"k25_prev08","quadratic",1,"pc1",0.1,0.334871602658877,0.370605758898183
39,"k25_prev08","quadratic",1,"fitted",0.0625,0.000136359142464348,6.73728555611319e-07
39,"k25_prev08","quadratic",1,"pc1",0.0625,0.410905925873874,0.643150427188049
40,"k25_prev08","quadratic",1,"fitted",0.095,7.54771477053939e-05,5.12002555907998e-08
40,"k25_prev08","quadratic",1,"pc1",0.095,0.786103457080502,0.0733296464445669
41,"k25_prev08","quadratic",1,"fitted",0.075,0.152904255642264,0.00205928761267771
41,"k25_prev08","quadratic",1,"pc1",0.075,0.954820586226769,0.644975877581863
42,"k25_prev08","quadratic",1,"fitted",0.07,0.0154081256342216,0.000228567371187594
42,"k25_prev08","quadratic",1,"pc1",0.07,0.434855304332615,0.918061420519221
43,"k25_prev08","quadratic",1,"fitted",0.0925,0.00829979023856064,3.46685633012545e-05
43,"k25_prev08","quadratic",1,"pc1",0.0925,0.449792096291505,0.121935724550156
44,"k25_prev08","quadratic",1,"fitted",0.095,0.00370516578448532,1.09586396468409e-06
44,"k25_prev08","quadratic",1,"pc1",0.095,0.240720435010511,0.584392964937986
45,"k25_prev08","quadratic",1,"fitted",0.0775,2.06646438294378e-08,1.29468504805885e-08
45,"k25_prev08","quadratic",1,"pc1",0.0775,0.251463739179846,0.976778925737062
46,"k25_prev08","quadratic",1,"fitted",0.0875,0.000355598523741452,5.93570456119963e-08
46,"k25_prev08","quadratic",1,"pc1",0.0875,0.61764646475611,0.204581423631096
47,"k25_prev08","quadratic",1,"fitted",0.0725,0.000846962130050977,1.98863326070775e-05
47,"k25_prev08","quadratic",1,"pc1",0.0725,0.0770593430827062,0.0160090108851847
48,"k25_prev08","quadratic",1,"fitted",0.0825,0.0029447581612998,4.48921716400541e-06
48,"k25_prev08","quadratic",1,"pc1",0.0825,0.369328101565508,0.0550609671814163
49,"k25_prev08","quadratic",1,"fitted",0.09,0.0164952297675188,0.000821634018926543
49,"k25_prev08","quadratic",1,"pc1",0.09,0.801556958382938,0.731689244631738
50,"k25_prev08","quadratic",1,"fitted",0.065,1.79516541866098e-05,1.29196364717643e-08
50,"k25_prev08","quadratic",1,"pc1",0.065,0.948819600139279,0.797680165845091
51,"k25_prev08","quadratic",1,"fitted",0.07,0.28963815016066,0.0276312135031296
51,"k25_prev08","quadratic",1,"pc1",0.07,0.829631982586212,0.365914331188685
52,"k25_prev08","quadratic",1,"fitted",0.075,6.04781905202412e-05,2.26860637511095e-05
52,"k25_prev08","quadratic",1,"pc1",0.075,0.356922697170358,0.624663970476156
53,"k25_prev08","quadratic",1,"fitted",0.0775,0.000204141574559502,5.48609458421723e-05
53,"k25_prev08","quadratic",1,"pc1",0.0775,0.789629313900458,0.46436874530768
54,"k25_prev08","quadratic",1,"fitted",0.0825,0.00219721241715165,4.75801113375418e-06
54,"k25_prev08","quadratic",1,"pc1",0.0825,0.855139559189325,0.693576718019562
55,"k25_prev08","quadratic",1,"fitted",0.08,0.00640236987383691,0.00233180558727697
55,"k25_prev08","quadratic",1,"pc1",0.08,0.3697278782032,0.778938965589756
56,"k25_prev08","quadratic",1,"fitted",0.08,0.0156197900491233,4.08271660313764e-05
56,"k25_prev08","quadratic",1,"pc1",0.08,0.284575321828407,0.15227732712688
57,"k25_prev08","quadratic",1,"fitted",0.07,0.00105195612837716,2.09657764216331e-06
57,"k25_prev08","quadratic",1,"pc1",0.07,0.581019386298676,0.232209266256649
58,"k25_prev08","quadratic",1,"fitted",0.0825,4.39654991792882e-05,5.58350492507742e-08
58,"k25_prev08","quadratic",1,"pc1",0.0825,0.174904120013956,0.0259427739198295
59,"k25_prev08","quadratic",1,"fitted",0.075,5.15991082555844e-05,5.28499555230155e-08
59,"k25_prev08","quadratic",1,"pc1",0.075,0.979890634128533,0.766750322832319
60,"k25_prev08","quadratic",1,"fitted",0.08,4.20003978596206e-06,2.15022877281257e-09
60,"k25_prev08","quadratic",1,"pc1",0.08,0.103149690896694,0.0364222374837851
61,"k25_prev08","quadratic",1,"fitted",0.0725,4.78569305204513e-05,2.24762330969241e-08
61,"k25_prev08","quadratic",1,"pc1",0.0725,0.351354786624438,0.956459608472933
62,"k25_prev08","quadratic",1,"fitted",0.085,0.000187374176765287,8.85423204755043e-08
62,"k25_prev08","quadratic",1,"pc1",0.085,0.665346483901083,0.199486103588477
63,"k25_prev08","quadratic",1,"fitted",0.0725,0.00158529225623238,4.5501598755493e-07
63,"k25_prev08","quadratic",1,"pc1",0.0725,0.414878796902931,0.065832137480377
64,"k25_prev08","quadratic",1,"fitted",0.0825,0.0100809532500336,9.74807716989101e-05
64,"k25_prev08","quadratic",1,"pc1",0.0825,0.404239713719919,0.0587140871091437
65,"k25_prev08","quadratic",1,"fitted",0.075,0.000223155934869435,8.3568719293492e-06
65,"k25_prev08","quadratic",1,"pc1",0.075,0.585290798869827,0.142737045548399
66,"k25_prev08","quadratic",1,"fitted",0.0875,0.00291312383060938,3.64329307220856e-05
66,"k25_prev08","quadratic",1,"pc1",0.0875,0.61882862323514,0.510752284207862
67,"k25_prev08","quadratic",1,"fitted",0.085,0.00268506521977718,1.93739113774072e-06
67,"k25_prev08","quadratic",1,"pc1",0.085,0.543680655929493,0.25009517769331
68,"k25_prev08","quadratic",1,"fitted",0.0825,1.83060489433728e-07,0
68,"k25_prev08","quadratic",1,"pc1",0.0825,0.995052744702595,0.745047104635953
69,"k25_prev08","quadratic",1,"fitted",0.0975,0.0101139438764249,0.00109319703566546
69,"k25_prev08","quadratic",1,"pc1",0.0975,0.105098778148995,0.0410343622285197
70,"k25_prev08","quadratic",1,"fitted",0.085,0.0229401151137469,0.000421754279186004
70,"k25_prev08","quadratic",1,"pc1",0.085,0.177733870188054,0.0507746107059446
71,"k25_prev08","quadratic",1,"fitted",0.07,0.00029831377014844,1.63063561764432e-07
71,"k25_prev08","quadratic",1,"pc1",0.07,0.954700018828958,0.534529561914008
72,"k25_prev08","quadratic",1,"fitted",0.0875,0.0013510965251039,2.03912776330917e-06
72,"k25_prev08","quadratic",1,"pc1",0.0875,0.721454954556701,0.172419150521716
73,"k25_prev08","quadratic",1,"fitted",0.085,1.0581869547277e-08,0
73,"k25_prev08","quadratic",1,"pc1",0.085,0.000877046755395572,5.94542521954455e-05
74,"k25_prev08","quadratic",1,"fitted",0.0775,8.78037367102458e-06,2.58094301486267e-09
74,"k25_prev08","quadratic",1,"pc1",0.0775,0.837087820494492,0.991286594109192
75,"k25_prev08","quadratic",1,"fitted",0.0775,0.0896903153403789,0.0029513120856558
75,"k25_prev08","quadratic",1,"pc1",0.0775,0.723514524593198,0.861337560475228
76,"k25_prev08","quadratic",1,"fitted",0.0775,0.012787445847978,5.03414936801061e-05
76,"k25_prev08","quadratic",1,"pc1",0.0775,0.195209527990896,0.827700989223682
77,"k25_prev08","quadratic",1,"fitted",0.0875,0.0856276613251301,0.00118489624316509
77,"k25_prev08","quadratic",1,"pc1",0.0875,0.435607815781536,0.978703455607463
78,"k25_prev08","quadratic",1,"fitted",0.085,0.0430056070669447,0.00144491344744213
78,"k25_prev08","quadratic",1,"pc1",0.085,0.223365120752028,0.0627468394117834
79,"k25_prev08","quadratic",1,"fitted",0.0825,0.0234019566935202,4.99207710695782e-05
79,"k25_prev08","quadratic",1,"pc1",0.0825,0.711350465474638,0.325838533377998
80,"k25_prev08","quadratic",1,"fitted",0.08,0.00356525203912872,4.72634455417342e-06
80,"k25_prev08","quadratic",1,"pc1",0.08,0.422305174222624,0.0911092856089679
81,"k25_prev08","quadratic",1,"fitted",0.0875,1.26180705961598e-06,1.20807475134654e-09
81,"k25_prev08","quadratic",1,"pc1",0.0875,0.30917982394067,0.678943120624618
82,"k25_prev08","quadratic",1,"fitted",0.09,0.00122846545389177,9.25095013926125e-07
82,"k25_prev08","quadratic",1,"pc1",0.09,0.600064498858916,0.854802969781802
83,"k25_prev08","quadratic",1,"fitted",0.085,0.03211282149664,7.53300672007295e-05
83,"k25_prev08","quadratic",1,"pc1",0.085,0.508293426688672,0.405596837048275
84,"k25_prev08","quadratic",1,"fitted",0.0825,0.351547874609475,0.0275880149211023
84,"k25_prev08","quadratic",1,"pc1",0.0825,0.512143118998731,0.275569779047944
85,"k25_prev08","quadratic",1,"fitted",0.09,0.00451300996123472,3.25531269673718e-06
85,"k25_prev08","quadratic",1,"pc1",0.09,0.402856280519858,0.0790946902621137
86,"k25_prev08","quadratic",1,"fitted",0.085,0.0183840522773998,0.000173293005202968
86,"k25_prev08","quadratic",1,"pc1",0.085,0.01017406629013,0.157765161860888
87,"k25_prev08","quadratic",1,"fitted",0.075,0.0570544199325816,0.00044013162695189
87,"k25_prev08","quadratic",1,"pc1",0.075,0.2530953483985,0.997056934217962
88,"k25_prev08","quadratic",1,"fitted",0.0775,0.207385726239543,0.00396385367367358
88,"k25_prev08","quadratic",1,"pc1",0.0775,0.808322856038958,0.265518771807032
89,"k25_prev08","quadratic",1,"fitted",0.0675,1.56525249310757e-05,6.77329958786999e-09
89,"k25_prev08","quadratic",1,"pc1",0.0675,0.853673463890754,0.843875209244998
90,"k25_prev08","quadratic",1,"fitted",0.08,5.31368206102556e-06,5.50594215487088e-06
90,"k25_prev08","quadratic",1,"pc1",0.08,0.623656705863278,0.403835722322995
91,"k25_prev08","quadratic",1,"fitted",0.0825,0.0279201285605368,0.000131524390104776
91,"k25_prev08","quadratic",1,"pc1",0.0825,0.66779970329258,0.345883767112899
92,"k25_prev08","quadratic",1,"fitted",0.08,0.000260040811596252,4.56230870859997e-08
92,"k25_prev08","quadratic",1,"pc1",0.08,0.00844433585964799,0.000143520055960522
93,"k25_prev08","quadratic",1,"fitted",0.0725,0.000540150521846416,2.21705751979329e-07
93,"k25_prev08","quadratic",1,"pc1",0.0725,0.0877982207098749,0.0164134859681745
94,"k25_prev08","quadratic",1,"fitted",0.085,0.0452374096770874,0.00269994868199785
94,"k25_prev08","quadratic",1,"pc1",0.085,0.638062250412341,0.259125816333811
95,"k25_prev08","quadratic",1,"fitted",0.0725,1.92090654260735e-06,4.99932498954081e-07
95,"k25_prev08","quadratic",1,"pc1",0.0725,0.898984253895841,0.689232761588762
96,"k25_prev08","quadratic",1,"fitted",0.07,0.143052084926588,0.00669955666210376
96,"k25_prev08","quadratic",1,"pc1",0.07,0.783236589020969,0.851297101069949
97,"k25_prev08","quadratic",1,"fitted",0.065,0.00073891884391708,3.59472015598605e-07
97,"k25_prev08","quadratic",1,"pc1",0.065,0.78534081786055,0.25974211154204
98,"k25_prev08","quadratic",1,"fitted",0.0775,0.000122727500053266,1.41420033683559e-07
98,"k25_prev08","quadratic",1,"pc1",0.0775,0.150388328914847,0.0386573735882849
99,"k25_prev08","quadratic",1,"fitted",0.075,0.000342671645364723,2.83932286793132e-07
99,"k25_prev08","quadratic",1,"pc1",0.075,0.606080763748401,0.0708116746731089
100,"k25_prev08","quadratic",1,"fitted",0.0775,0.000837143404488927,5.22151062987142e-06
100,"k25_prev08","quadratic",1,"pc1",0.0775,0.811370687345195,0.807852222523531
101,"k25_prev08","quadratic",1,"fitted",0.095,0.00686588239310415,0.00228468416003236
101,"k25_prev08","quadratic",1,"pc1",0.095,0.905027128993348,0.979702172845124
102,"k25_prev08","quadratic",1,"fitted",0.09,0.001238089640484,0.000163524823789674
102,"k25_prev08","quadratic",1,"pc1",0.09,0.0587751282786785,0.572394685638576
103,"k25_prev08","quadratic",1,"fitted",0.065,0.00601672316990309,4.92718576313722e-05
103,"k25_prev08","quadratic",1,"pc1",0.065,0.144472778916244,0.69818237057274
104,"k25_prev08","quadratic",1,"fitted",0.0725,0.217433069309,0.0697816577515352
104,"k25_prev08","quadratic",1,"pc1",0.0725,0.471296538043259,0.212772928825717
105,"k25_prev08","quadratic",1,"fitted",0.0875,0.00322670732178421,2.54160117773017e-05
105,"k25_prev08","quadratic",1,"pc1",0.0875,0.30324777916955,0.0731167102713928
106,"k25_prev08","quadratic",1,"fitted",0.0775,2.87223072352738e-05,2.11387978232835e-08
106,"k25_prev08","quadratic",1,"pc1",0.0775,0.323524316428228,0.123566466225443
107,"k25_prev08","quadratic",1,"fitted",0.0875,9.22222827581809e-05,1.44707326121818e-08
107,"k25_prev08","quadratic",1,"pc1",0.0875,0.47383713460627,0.529548067070679
108,"k25_prev08","quadratic",1,"fitted",0.075,0.000407014237806647,5.90632806529712e-06
108,"k25_prev08","quadratic",1,"pc1",0.075,0.807585004982428,0.740538050359282
109,"k25_prev08","quadratic",1,"fitted",0.08,0.0108667182855697,0.000148059311962268
109,"k25_prev08","quadratic",1,"pc1",0.08,0.177038312083857,0.520968176680146
110,"k25_prev08","quadratic",1,"fitted",0.07,0.0013143070892685,2.61386448641154e-06
110,"k25_prev08","quadratic",1,"pc1",0.07,0.809902399971016,0.305899506321216
111,"k25_prev08","quadratic",1,"fitted",0.08,2.68023058525024e-07,1.84330751107353e-07
111,"k25_prev08","quadratic",1,"pc1",0.08,0.141369081598665,0.263000256844552
112,"k25_prev08","quadratic",1,"fitted",0.0725,0.00158883139116694,1.78765583092044e-06
112,"k25_prev08","quadratic",1,"pc1",0.0725,0.627737905483002,0.912303725913409
113,"k25_prev08","quadratic",1,"fitted",0.085,0.0611408097110392,0.00140164045384417
113,"k25_prev08","quadratic",1,"pc1",0.085,0.63672055953284,0.542974368379858
114,"k25_prev08","quadratic",1,"fitted",0.0675,0.0135750069818671,9.03821384086179e-05
114,"k25_prev08","quadratic",1,"pc1",0.0675,0.00889324321762408,0.964145969659141
115,"k25_prev08","quadratic",1,"fitted",0.0775,0.0880232828055211,0.00502674250582724
115,"k25_prev08","quadratic",1,"pc1",0.0775,0.104531700848738,0.0727399337193337
116,"k25_prev08","quadratic",1,"fitted",0.08,0.037644808339704,0.000983901792817488
116,"k25_prev08","quadratic",1,"pc1",0.08,0.0504169205523383,0.0558080064207802
117,"k25_prev08","quadratic",1,"fitted",0.0775,0.00477308835078849,5.18185446840569e-05
117,"k25_prev08","quadratic",1,"pc1",0.0775,0.804094359241548,0.774874706232964
118,"k25_prev08","quadratic",1,"fitted",0.0875,0.0092718432679787,3.55635027255996e-05
118,"k25_prev08","quadratic",1,"pc1",0.0875,0.0339316139430109,0.0301839734537231
119,"k25_prev08","quadratic",1,"fitted",0.0775,0.000241232934191871,6.47881787928517e-05
119,"k25_prev08","quadratic",1,"pc1",0.0775,0.88273185262844,0.888839617041809
120,"k25_prev08","quadratic",1,"fitted",0.075,5.81079763246617e-05,1.79854143800284e-08
120,"k25_prev08","quadratic",1,"pc1",0.075,0.705725931255275,0.527063250553349
121,"k25_prev08","quadratic",1,"fitted",0.085,0.00297149637489191,0.00107331249828635
121,"k25_prev08","quadratic",1,"pc1",0.085,0.538286883123846,0.86112405067379
122,"k25_prev08","quadratic",1,"fitted",0.0825,0.000116868623759259,5.13875866303692e-08
122,"k25_prev08","quadratic",1,"pc1",0.0825,0.216455192966613,0.00696952501548309
123,"k25_prev08","quadratic",1,"fitted",0.075,0.000417136198732848,2.78256892527473e-07
123,"k25_prev08","quadratic",1,"pc1",0.075,0.151836723842609,0.00192878548604103
124,"k25_prev08","quadratic",1,"fitted",0.0925,7.66296670562383e-09,9.80171921405315e-09
124,"k25_prev08","quadratic",1,"pc1",0.0925,0.46391779999136,0.745490985646819
125,"k25_prev08","quadratic",1,"fitted",0.08,0.0739950846281902,0.000294615192089731
125,"k25_prev08","quadratic",1,"pc1",0.08,0.81896908024836,0.624355596218436
126,"k25_prev08","quadratic",1,"fitted",0.0875,0.000870928000562543,1.57561020786012e-07
126,"k25_prev08","quadratic",1,"pc1",0.0875,0.134226999375272,0.0038608225621608
127,"k25_prev08","quadratic",1,"fitted",0.0775,3.89503312647754e-06,0
127,"k25_prev08","quadratic",1,"pc1",0.0775,0.153943973361194,0.114934282877733
128,"k25_prev08","quadratic",1,"fitted",0.0725,0.556498592721654,0.0347061214886792
128,"k25_prev08","quadratic",1,"pc1",0.0725,0.947463114462447,0.315280007296764
129,"k25_prev08","quadratic",1,"fitted",0.0775,9.01434751288122e-08,0
129,"k25_prev08","quadratic",1,"pc1",0.0775,0.0840578241423874,0.926729658106826
130,"k25_prev08","quadratic",1,"fitted",0.08,0.0415136640729059,0.000443756835893705
130,"k25_prev08","quadratic",1,"pc1",0.08,0.467280637250698,0.517891917838058
131,"k25_prev08","quadratic",1,"fitted",0.085,0.00483416201707532,9.06008278064308e-05
131,"k25_prev08","quadratic",1,"pc1",0.085,0.217969807861085,0.459460153514662
132,"k25_prev08","quadratic",1,"fitted",0.0925,0.0563660300136433,0.00311425488311201
132,"k25_prev08","quadratic",1,"pc1",0.0925,0.87425208781853,0.909057785181677
133,"k25_prev08","quadratic",1,"fitted",0.0725,0.00251488960517987,7.54246440126671e-06
133,"k25_prev08","quadratic",1,"pc1",0.0725,0.508750251970936,0.846956445794659
134,"k25_prev08","quadratic",1,"fitted",0.08,0.00170311729710459,5.3776895958535e-06
134,"k25_prev08","quadratic",1,"pc1",0.08,0.0594318589960339,0.0125911430683598
135,"k25_prev08","quadratic",1,"fitted",0.075,0.00108387754250938,1.68540145633056e-05
135,"k25_prev08","quadratic",1,"pc1",0.075,0.312717409316467,0.146629338019737
136,"k25_prev08","quadratic",1,"fitted",0.065,8.15766765271952e-05,2.66316007024869e-08
136,"k25_prev08","quadratic",1,"pc1",0.065,0.383024262892578,0.319260497406458
137,"k25_prev08","quadratic",1,"fitted",0.0875,0.000417004265234056,8.74041233833722e-08
137,"k25_prev08","quadratic",1,"pc1",0.0875,0.753345818738638,0.30970522469694
138,"k25_prev08","quadratic",1,"fitted",0.075,0.00721956233922538,4.54329026411404e-05
138,"k25_prev08","quadratic",1,"pc1",0.075,0.602740893490907,0.16905703913782
139,"k25_prev08","quadratic",1,"fitted",0.085,0.00105549071548827,3.25485733092545e-05
139,"k25_prev08","quadratic",1,"pc1",0.085,0.521887660446411,0.105833393113211
140,"k25_prev08","quadratic",1,"fitted",0.085,7.60997696355181e-05,3.29445855040689e-08
140,"k25_prev08","quadratic",1,"pc1",0.085,0.268214052011829,0.269554502635063
141,"k25_prev08","quadratic",1,"fitted",0.0725,4.77129858629244e-05,7.98460223494502e-08
141,"k25_prev08","quadratic",1,"pc1",0.0725,0.200424490028072,0.022526422036351
142,"k25_prev08","quadratic",1,"fitted",0.085,0.0143703893597918,0.000109946287515705
142,"k25_prev08","quadratic",1,"pc1",0.085,0.508481044457651,0.734019038634587
143,"k25_prev08","quadratic",1,"fitted",0.085,0.000138194654096924,6.54941094690997e-07
143,"k25_prev08","quadratic",1,"pc1",0.085,0.310310659111708,0.0831645013421195
144,"k25_prev08","quadratic",1,"fitted",0.075,0.000406655339590944,5.80109583481203e-07
144,"k25_prev08","quadratic",1,"pc1",0.075,0.788504396490256,0.464510798551066
145,"k25_prev08","quadratic",1,"fitted",0.075,0.0106659830037972,0.00184342224163581
145,"k25_prev08","quadratic",1,"pc1",0.075,0.0901819972645056,0.123323678855724
146,"k25_prev08","quadratic",1,"fitted",0.0925,0.0354639290333481,0.000100946760426712
146,"k25_prev08","quadratic",1,"pc1",0.0925,0.524979700838804,0.060082547180444
147,"k25_prev08","quadratic",1,"fitted",0.07,8.38547153121372e-05,2.43726845372549e-08
147,"k25_prev08","quadratic",1,"pc1",0.07,0.818136244171689,0.582364594893333
148,"k25_prev08","quadratic",1,"fitted",0.08,0.0892342878206508,0.000396748313594708
148,"k25_prev08","quadratic",1,"pc1",0.08,0.25802208607661,0.933448624738838
149,"k25_prev08","quadratic",1,"fitted",0.0875,0.060817844072087,0.00053426175904725
149,"k25_prev08","quadratic",1,"pc1",0.0875,0.0222543740320686,0.000240135099458749
150,"k25_prev08","quadratic",1,"fitted",0.095,0.0109544762430466,0.000141642924136764
150,"k25_prev08","quadratic",1,"pc1",0.095,0.700301915431016,0.562189746182129
151,"k25_prev08","quadratic",1,"fitted",0.085,0.0225523513733812,2.90800211788511e-05
151,"k25_prev08","quadratic",1,"pc1",0.085,0.51918318750423,0.764399180592693
152,"k25_prev08","quadratic",1,"fitted",0.075,0.00185781121951278,1.63695261268249e-06
152,"k25_prev08","quadratic",1,"pc1",0.075,0.834540448761554,0.54366455647737
153,"k25_prev08","quadratic",1,"fitted",0.0775,6.72158757542007e-08,8.16449063911762e-09
153,"k25_prev08","quadratic",1,"pc1",0.0775,0.346419283976002,0.282329311366101
154,"k25_prev08","quadratic",1,"fitted",0.0775,0.000299800270592843,7.98000728829962e-08
154,"k25_prev08","quadratic",1,"pc1",0.0775,0.348210101253864,0.690533361880033
155,"k25_prev08","quadratic",1,"fitted",0.0825,0.0299899600978273,0.000844962420117668
155,"k25_prev08","quadratic",1,"pc1",0.0825,0.640382051636211,0.704179074457406
156,"k25_prev08","quadratic",1,"fitted",0.0825,0.00370836683856757,0.00013955510653374
156,"k25_prev08","quadratic",1,"pc1",0.0825,0.905693828928378,0.718835212411028
157,"k25_prev08","quadratic",1,"fitted",0.0775,4.25551711247252e-06,0
157,"k25_prev08","quadratic",1,"pc1",0.0775,0.0600220351481706,0.104401463682857
158,"k25_prev08","quadratic",1,"fitted",0.085,0.00138779550850576,2.20664395977899e-07
158,"k25_prev08","quadratic",1,"pc1",0.085,0.691569073485874,0.199034153097949
159,"k25_prev08","quadratic",1,"fitted",0.075,0.000102169763650739,6.56420330313878e-08
159,"k25_prev08","quadratic",1,"pc1",0.075,0.939630396111488,0.793329472262548
160,"k25_prev08","quadratic",1,"fitted",0.0875,7.09798619449309e-05,2.35250570135292e-08
160,"k25_prev08","quadratic",1,"pc1",0.0875,0.374085370185928,0.305695604671206
161,"k25_prev08","quadratic",1,"fitted",0.09,2.08590465078373e-05,0
161,"k25_prev08","quadratic",1,"pc1",0.09,0.638126728214053,0.215676167039839
162,"k25_prev08","quadratic",1,"fitted",0.0775,0.109333816872977,0.000718897506674421
162,"k25_prev08","quadratic",1,"pc1",0.0775,0.786580988052039,0.489434951282362
163,"k25_prev08","quadratic",1,"fitted",0.065,0.00489998119411705,2.54203629950212e-05
163,"k25_prev08","quadratic",1,"pc1",0.065,0.755827670582823,0.0663454625523615
164,"k25_prev08","quadratic",1,"fitted",0.085,0.00191708152243675,1.54188779927233e-05
164,"k25_prev08","quadratic",1,"pc1",0.085,0.510041370569199,0.0300480288023961
165,"k25_prev08","quadratic",1,"fitted",0.08,0.021109976666801,0.0220454365082666
165,"k25_prev08","quadratic",1,"pc1",0.08,0.874905458146837,0.565323007953754
166,"k25_prev08","quadratic",1,"fitted",0.0875,0.0859153945493065,0.000470311849556149
166,"k25_prev08","quadratic",1,"pc1",0.0875,0.472341612011996,0.777382536428211
167,"k25_prev08","quadratic",1,"fitted",0.0825,0.0379183868265016,0.000625487371944677
167,"k25_prev08","quadratic",1,"pc1",0.0825,0.826085611627919,0.945238262485341
168,"k25_prev08","quadratic",1,"fitted",0.08,0.0778651503108954,0.00253508376709877
168,"k25_prev08","quadratic",1,"pc1",0.08,0.423008268567537,0.0853747567587519
169,"k25_prev08","quadratic",1,"fitted",0.085,0.0016527035440782,9.06701293235113e-05
169,"k25_prev08","quadratic",1,"pc1",0.085,0.120162184959401,0.578493611970755
170,"k25_prev08","quadratic",1,"fitted",0.08,0.00865653403936051,0.000408416700133918
170,"k25_prev08","quadratic",1,"pc1",0.08,0.350366544652177,0.598224555445192
171,"k25_prev08","quadratic",1,"fitted",0.085,2.62378942939012e-06,9.97503308064474e-07
171,"k25_prev08","quadratic",1,"pc1",0.085,2.23483426697868e-05,2.08267329306899e-05
172,"k25_prev08","quadratic",1,"fitted",0.075,0.184941806182445,0.00365762687639726
172,"k25_prev08","quadratic",1,"pc1",0.075,0.23912369739446,0.79595254614325
173,"k25_prev08","quadratic",1,"fitted",0.0775,0.0236793422087542,6.52750001943758e-05
173,"k25_prev08","quadratic",1,"pc1",0.0775,0.250759022239073,0.659239530632797
174,"k25_prev08","quadratic",1,"fitted",0.0825,0.000136235680525898,3.50411410998674e-09
174,"k25_prev08","quadratic",1,"pc1",0.0825,0.874923602222208,0.698371861392081
175,"k25_prev08","quadratic",1,"fitted",0.085,0.00491411116307172,7.77108409644178e-06
175,"k25_prev08","quadratic",1,"pc1",0.085,0.808285424834749,0.739441997815735
176,"k25_prev08","quadratic",1,"fitted",0.0925,0.0757238734161489,0.000251449241595592
176,"k25_prev08","quadratic",1,"pc1",0.0925,0.0813755360168565,0.0667187848722529
177,"k25_prev08","quadratic",1,"fitted",0.08,0.00114911980452681,1.28022873135958e-06
177,"k25_prev08","quadratic",1,"pc1",0.08,0.460472163036332,0.347836249594069
178,"k25_prev08","quadratic",1,"fitted",0.085,0.00278269277017618,2.69916796769021e-06
178,"k25_prev08","quadratic",1,"pc1",0.085,0.0109283780668195,0.00387276292163785
179,"k25_prev08","quadratic",1,"fitted",0.0825,0.00961057781928032,1.63137398889734e-05
179,"k25_prev08","quadratic",1,"pc1",0.0825,0.497890294097544,0.486650797305628
180,"k25_prev08","quadratic",1,"fitted",0.08,0.0724405441966243,0.0121511299039665
180,"k25_prev08","quadratic",1,"pc1",0.08,0.275753368832892,0.33509273133539
181,"k25_prev08","quadratic",1,"fitted",0.0875,0.0256859848048336,8.39614892889085e-05
181,"k25_prev08","quadratic",1,"pc1",0.0875,0.279498736794625,0.944480847950337
182,"k25_prev08","quadratic",1,"fitted",0.065,8.11581550219653e-05,1.15743231887677e-07
182,"k25_prev08","quadratic",1,"pc1",0.065,0.837268126801943,0.80966657580692
183,"k25_prev08","quadratic",1,"fitted",0.085,0.0107857230514607,4.05009457226102e-05
183,"k25_prev08","quadratic",1,"pc1",0.085,0.302765185657665,0.0597198769978774
184,"k25_prev08","quadratic",1,"fitted",0.08,1.16745591538514e-06,3.61322871622605e-09
184,"k25_prev08","quadratic",1,"pc1",0.08,0.280541298130973,0.256770546369753
185,"k25_prev08","quadratic",1,"fitted",0.07,0.00623048580319707,4.69282923536429e-05
185,"k25_prev08","quadratic",1,"pc1",0.07,0.0918456316108545,0.274058057245905
186,"k25_prev08","quadratic",1,"fitted",0.08,0.00170944040878385,4.02392318532563e-06
186,"k25_prev08","quadratic",1,"pc1",0.08,0.346851084368834,0.559559792489398
187,"k25_prev08","quadratic",1,"fitted",0.085,0.031643589782423,0.000477638703772598
187,"k25_prev08","quadratic",1,"pc1",0.085,0.00931451898873037,0.238894596998076
188,"k25_prev08","quadratic",1,"fitted",0.0825,6.88639209104336e-05,3.9104443196214e-05
188,"k25_prev08","quadratic",1,"pc1",0.0825,0.595275986389636,0.854700914239415
189,"k25_prev08","quadratic",1,"fitted",0.09,0.000133061679122637,1.91508803643048e-05
189,"k25_prev08","quadratic",1,"pc1",0.09,0.916232198628226,0.670077163219379
190,"k25_prev08","quadratic",1,"fitted",0.095,0.0509907886877737,0.000135949025712012
190,"k25_prev08","quadratic",1,"pc1",0.095,0.956380870802485,0.412630360164259
191,"k25_prev08","quadratic",1,"fitted",0.0775,8.93571872543353e-05,3.01622505860522e-08
191,"k25_prev08","quadratic",1,"pc1",0.0775,0.289824637276499,0.0632923550553678
192,"k25_prev08","quadratic",1,"fitted",0.0725,0.00793545997558398,4.74883111489799e-06
192,"k25_prev08","quadratic",1,"pc1",0.0725,0.332099922023089,0.0118200066786239
193,"k25_prev08","quadratic",1,"fitted",0.08,0.0149370003590059,1.7568840301907e-05
193,"k25_prev08","quadratic",1,"pc1",0.08,0.394490837297266,0.163913116571344
194,"k25_prev08","quadratic",1,"fitted",0.0725,0.00406563821642425,9.11484162602338e-06
194,"k25_prev08","quadratic",1,"pc1",0.0725,0.33206224982219,0.0388719084294259
195,"k25_prev08","quadratic",1,"fitted",0.08,0.00725932078515923,2.19570729863561e-05
195,"k25_prev08","quadratic",1,"pc1",0.08,0.433551302653792,0.490535455188312
196,"k25_prev08","quadratic",1,"fitted",0.0825,0.0168180829702239,4.90069858787301e-05
196,"k25_prev08","quadratic",1,"pc1",0.0825,0.20672063961701,0.101116373292305
197,"k25_prev08","quadratic",1,"fitted",0.0775,0.0142171436109119,5.59702557079156e-05
197,"k25_prev08","quadratic",1,"pc1",0.0775,0.838151843630958,0.936089515201154
198,"k25_prev08","quadratic",1,"fitted",0.0875,0.00564823484275179,0.00010457501990202
198,"k25_prev08","quadratic",1,"pc1",0.0875,0.0489014088354436,0.00740564759681461
199,"k25_prev08","quadratic",1,"fitted",0.09,0.00295857101533104,5.74899986647281e-05
199,"k25_prev08","quadratic",1,"pc1",0.09,0.110709850816518,0.777606719394306
200,"k25_prev08","quadratic",1,"fitted",0.0725,0.00133456900909312,8.05028297246047e-07
200,"k25_prev08","quadratic",1,"pc1",0.0725,0.271442746404997,0.0175119226182359
201,"k25_prev08","quadratic",1,"fitted",0.0875,0.0005632279244423,1.02373926758048e-06
201,"k25_prev08","quadratic",1,"pc1",0.0875,0.114372539490878,0.00145982731431982
202,"k25_prev08","quadratic",1,"fitted",0.0775,0.0513125572934718,0.000108211951403758
202,"k25_prev08","quadratic",1,"pc1",0.0775,0.891021980887808,0.505944527737191
203,"k25_prev08","quadratic",1,"fitted",0.0725,0.00289955156426602,0.000359935299032665
203,"k25_prev08","quadratic",1,"pc1",0.0725,0.887067013958941,0.684291167281438
204,"k25_prev08","quadratic",1,"fitted",0.075,0.00091462143692389,0.000702649371866704
204,"k25_prev08","quadratic",1,"pc1",0.075,0.433453148321343,0.35109586141227
205,"k25_prev08","quadratic",1,"fitted",0.0775,0.00101877358911706,5.77300665960401e-06
205,"k25_prev08","quadratic",1,"pc1",0.0775,0.152463504426627,0.0774024069735014
206,"k25_prev08","quadratic",1,"fitted",0.0775,1.54572249055906e-06,9.10183262092801e-10
206,"k25_prev08","quadratic",1,"pc1",0.0775,0.719729559296781,0.185576784224284
207,"k25_prev08","quadratic",1,"fitted",0.08,2.71141894920834e-05,1.52852181356522e-07
207,"k25_prev08","quadratic",1,"pc1",0.08,0.21632724549191,0.0122897115795295
208,"k25_prev08","quadratic",1,"fitted",0.095,7.85061529128273e-05,8.34964171314567e-06
208,"k25_prev08","quadratic",1,"pc1",0.095,0.362746489586284,0.161777789509582
209,"k25_prev08","quadratic",1,"fitted",0.075,5.85957566689999e-07,0
209,"k25_prev08","quadratic",1,"pc1",0.075,0.765161830964143,0.0982421569139247
210,"k25_prev08","quadratic",1,"fitted",0.0775,0.0234780014264857,9.04714704850207e-05
210,"k25_prev08","quadratic",1,"pc1",0.0775,0.32323395937239,0.0307891238207283
211,"k25_prev08","quadratic",1,"fitted",0.0675,0.000214060633826563,2.31655677085385e-07
211,"k25_prev08","quadratic",1,"pc1",0.0675,0.292637463093888,0.0969361207834853
212,"k25_prev08","quadratic",1,"fitted",0.085,0.00216217237266203,0.0030569246987755
212,"k25_prev08","quadratic",1,"pc1",0.085,0.995258593480559,0.914007016524496
213,"k25_prev08","quadratic",1,"fitted",0.065,0.00659665984367619,0.000279273038022554
213,"k25_prev08","quadratic",1,"pc1",0.065,0.849139636742698,0.577529183334819
214,"k25_prev08","quadratic",1,"fitted",0.0825,0.006481259925191,8.72643913707449e-06
214,"k25_prev08","quadratic",1,"pc1",0.0825,0.952314212901004,0.888408191465012
215,"k25_prev08","quadratic",1,"fitted",0.0925,0.0136009511799502,0.00021252061714816
215,"k25_prev08","quadratic",1,"pc1",0.0925,0.700805675468479,0.125944893119385
216,"k25_prev08","quadratic",1,"fitted",0.075,0.0145367737009069,0.00199393915567592
216,"k25_prev08","quadratic",1,"pc1",0.075,0.263868929342862,0.417993510160882
217,"k25_prev08","quadratic",1,"fitted",0.085,8.09267210055697e-05,2.06648627628647e-05
217,"k25_prev08","quadratic",1,"pc1",0.085,0.0257390594791413,0.0110143276490151
218,"k25_prev08","quadratic",1,"fitted",0.08,0.000104420420665052,2.85047163650631e-08
218,"k25_prev08","quadratic",1,"pc1",0.08,0.208739196998302,0.115117462377374
219,"k25_prev08","quadratic",1,"fitted",0.0775,0.000952191377040279,4.60242392952281e-06
219,"k25_prev08","quadratic",1,"pc1",0.0775,0.258817101785662,0.00997376807770822
220,"k25_prev08","quadratic",1,"fitted",0.075,0.230306266752692,0.00890973866023792
220,"k25_prev08","quadratic",1,"pc1",0.075,0.879532172844513,0.530393190555207
221,"k25_prev08","quadratic",1,"fitted",0.0775,0.00922860779383483,0.000243264540408017
221,"k25_prev08","quadratic",1,"pc1",0.0775,0.950781069829392,0.48218663292043
222,"k25_prev08","quadratic",1,"fitted",0.075,0.0534051596045237,0.00207025636984071
222,"k25_prev08","quadratic",1,"pc1",0.075,0.835570637603526,0.134761199052069
223,"k25_prev08","quadratic",1,"fitted",0.075,0.0213317006563187,7.55034277819533e-05
223,"k25_prev08","quadratic",1,"pc1",0.075,0.439511968051186,0.114499605663929
224,"k25_prev08","quadratic",1,"fitted",0.0875,0.000313489193082939,2.98482217164775e-07
224,"k25_prev08","quadratic",1,"pc1",0.0875,0.455001947406889,0.174777516689817
225,"k25_prev08","quadratic",1,"fitted",0.09,0.00479746745611243,3.12926782471967e-05
225,"k25_prev08","quadratic",1,"pc1",0.09,0.604153937795949,0.840082116423633
226,"k25_prev08","quadratic",1,"fitted",0.0775,1.59745607408723e-07,0
226,"k25_prev08","quadratic",1,"pc1",0.0775,0.00506239388184504,4.29574457435633e-05
227,"k25_prev08","quadratic",1,"fitted",0.0825,0.00671022860016812,0.000112167023479715
227,"k25_prev08","quadratic",1,"pc1",0.0825,0.839146262349141,0.57520741921891
228,"k25_prev08","quadratic",1,"fitted",0.085,0.000159309655853979,5.88759592190513e-08
228,"k25_prev08","quadratic",1,"pc1",0.085,0.857093468841117,0.761793232035712
229,"k25_prev08","quadratic",1,"fitted",0.0675,0.107618317777239,0.00106867171244973
229,"k25_prev08","quadratic",1,"pc1",0.0675,0.800525577718539,0.251853411502527
230,"k25_prev08","quadratic",1,"fitted",0.08,0.00742789971879509,1.29994390554167e-05
230,"k25_prev08","quadratic",1,"pc1",0.08,0.538536335618095,0.365270855500118
231,"k25_prev08","quadratic",1,"fitted",0.075,0.000211028040025152,1.6112995112616e-06
231,"k25_prev08","quadratic",1,"pc1",0.075,0.587116188834473,0.48843224690797
232,"k25_prev08","quadratic",1,"fitted",0.0725,0.00304410417410683,1.27322435251598e-05
232,"k25_prev08","quadratic",1,"pc1",0.0725,0.0013371934606855,0.465786871638779
233,"k25_prev08","quadratic",1,"fitted",0.085,0.00319032341390468,1.42652515999764e-05
233,"k25_prev08","quadratic",1,"pc1",0.085,0.221748624120327,0.0134494339346334
234,"k25_prev08","quadratic",1,"fitted",0.0725,0.00181891083928787,1.93185417434183e-05
234,"k25_prev08","quadratic",1,"pc1",0.0725,0.795745073723998,0.060277373600868
235,"k25_prev08","quadratic",1,"fitted",0.0875,0.00665040251466276,5.70916735864735e-06
235,"k25_prev08","quadratic",1,"pc1",0.0875,0.382543853211901,0.0712959274030613
236,"k25_prev08","quadratic",1,"fitted",0.075,0,0
236,"k25_prev08","quadratic",1,"pc1",0.075,0.181873109588732,0.00160887553952571
237,"k25_prev08","quadratic",1,"fitted",0.09,0.235663251567042,0.00278103031853028
237,"k25_prev08","quadratic",1,"pc1",0.09,0.0360723982008551,0.330058496320098
238,"k25_prev08","quadratic",1,"fitted",0.0775,0.00332722145487108,7.76774839572614e-06
238,"k25_prev08","quadratic",1,"pc1",0.0775,0.840434027045346,0.133198670605724
239,"k25_prev08","quadratic",1,"fitted",0.0775,0.00935826570144949,1.33044658474635e-05
239,"k25_prev08","quadratic",1,"pc1",0.0775,0.766896544863717,0.304330444104399
240,"k25_prev08","quadratic",1,"fitted",0.0875,0.0192633636189921,0.000661592804681366
240,"k25_prev08","quadratic",1,"pc1",0.0875,0.253472461118789,0.0410920872905393
241,"k25_prev08","quadratic",1,"fitted",0.08,0.00571140875162213,0.00110324654898153
241,"k25_prev08","quadratic",1,"pc1",0.08,0.651647490120778,0.841771361417652
242,"k25_prev08","quadratic",1,"fitted",0.07,0.0152499464567846,4.56475140395707e-05
242,"k25_prev08","quadratic",1,"pc1",0.07,0.180538795372156,0.0203978835330185
243,"k25_prev08","quadratic",1,"fitted",0.0725,0.109239958923825,0.00113494427012928
243,"k25_prev08","quadratic",1,"pc1",0.0725,0.463813339205909,0.710977421070948
244,"k25_prev08","quadratic",1,"fitted",0.075,0.43882692322755,0.0476306153352897
244,"k25_prev08","quadratic",1,"pc1",0.075,0.915403357602529,0.31123803951613
245,"k25_prev08","quadratic",1,"fitted",0.0725,0.00413738176732414,5.71859087972193e-06
245,"k25_prev08","quadratic",1,"pc1",0.0725,0.763189959552292,0.275745789907556
246,"k25_prev08","quadratic",1,"fitted",0.075,0.00170030042791092,3.17375169012202e-05
246,"k25_prev08","quadratic",1,"pc1",0.075,0.161728728611754,0.646678286877096
247,"k25_prev08","quadratic",1,"fitted",0.0675,0.000311173117319985,3.91041423586369e-06
247,"k25_prev08","quadratic",1,"pc1",0.0675,0.281842448209789,0.412053552447668
248,"k25_prev08","quadratic",1,"fitted",0.0725,5.75637321142963e-07,0
248,"k25_prev08","quadratic",1,"pc1",0.0725,0.309769894215588,0.526358647445887
249,"k25_prev08","quadratic",1,"fitted",0.0675,0.0645761388786633,0.000213094282817794
249,"k25_prev08","quadratic",1,"pc1",0.0675,0.695417348302136,0.0890886353456155
250,"k25_prev08","quadratic",1,"fitted",0.0775,0.00953226481595504,0.00054598941624695
250,"k25_prev08","quadratic",1,"pc1",0.0775,0.159271169650638,0.223000935853222
251,"k25_prev08","quadratic",1,"fitted",0.0725,0.000248470155531422,3.15115929794274e-07
251,"k25_prev08","quadratic",1,"pc1",0.0725,0.211895273904106,0.0215636034064186
252,"k25_prev08","quadratic",1,"fitted",0.08,0.00133477190537579,2.75734415855489e-07
252,"k25_prev08","quadratic",1,"pc1",0.08,0.0957815078374024,0.0092878685221478
253,"k25_prev08","quadratic",1,"fitted",0.075,4.03697540976022e-05,7.5430384605113e-08
253,"k25_prev08","quadratic",1,"pc1",0.075,0.184646846666215,0.983436128011776
254,"k25_prev08","quadratic",1,"fitted",0.0825,0.00084319440968228,1.10372269768177e-06
254,"k25_prev08","quadratic",1,"pc1",0.0825,0.127721419834008,0.0820287838909743
255,"k25_prev08","quadratic",1,"fitted",0.065,1.12715929712071e-06,0
255,"k25_prev08","quadratic",1,"pc1",0.065,0.542602008769986,0.0551672372834285
256,"k25_prev08","quadratic",1,"fitted",0.0825,0.00660169216901263,1.85802293474202e-05
256,"k25_prev08","quadratic",1,"pc1",0.0825,0.0788331442201211,0.602214051075714
257,"k25_prev08","quadratic",1,"fitted",0.0925,0.0407184628272574,0.000188759917573833
257,"k25_prev08","quadratic",1,"pc1",0.0925,0.917590943929221,0.86816085856599
258,"k25_prev08","quadratic",1,"fitted",0.09,0.000102627407827294,5.51470166088031e-07
258,"k25_prev08","quadratic",1,"pc1",0.09,0.24324656839087,0.644323235375954
259,"k25_prev08","quadratic",1,"fitted",0.0925,0.00119655126782736,7.71368857788168e-07
259,"k25_prev08","quadratic",1,"pc1",0.0925,0.543356242534948,0.212362666017977
260,"k25_prev08","quadratic",1,"fitted",0.0825,0.00053698148120096,4.57104817330745e-07
260,"k25_prev08","quadratic",1,"pc1",0.0825,0.288159069655076,0.00783437294305211
261,"k25_prev08","quadratic",1,"fitted",0.0875,0.000128837245349511,4.18011197877988e-08
261,"k25_prev08","quadratic",1,"pc1",0.0875,0.0217861844103879,0.0285065502762185
262,"k25_prev08","quadratic",1,"fitted",0.0775,0.000701798736367332,2.25174324297583e-07
262,"k25_prev08","quadratic",1,"pc1",0.0775,0.719860708170917,0.380377590115295
263,"k25_prev08","quadratic",1,"fitted",0.0875,0.188613189089093,0.00278897645739762
263,"k25_prev08","quadratic",1,"pc1",0.0875,0.96821613281662,0.839909974282449
264,"k25_prev08","quadratic",1,"fitted",0.0875,0.00304370507147689,3.04566430875397e-06
264,"k25_prev08","quadratic",1,"pc1",0.0875,0.699077249027439,0.613904423024573
265,"k25_prev08","quadratic",1,"fitted",0.0775,0.0164812546025436,8.1215691750236e-05
265,"k25_prev08","quadratic",1,"pc1",0.0775,0.209110883925677,0.577378870882556
266,"k25_prev08","quadratic",1,"fitted",0.0825,0.00907939148559023,4.21314775564952e-05
266,"k25_prev08","quadratic",1,"pc1",0.0825,0.287030622047089,0.156246353154998
267,"k25_prev08","quadratic",1,"fitted",0.085,0.000538738108365688,7.7806256970625e-07
267,"k25_prev08","quadratic",1,"pc1",0.085,0.186787364399096,0.995671119787684
268,"k25_prev08","quadratic",1,"fitted",0.0725,0.0003077751907824,6.12307002856305e-06
268,"k25_prev08","quadratic",1,"pc1",0.0725,0.468209027464448,0.0713409142398951
269,"k25_prev08","quadratic",1,"fitted",0.085,0.0754301870342998,0.00254239287620428
269,"k25_prev08","quadratic",1,"pc1",0.085,0.508885457798465,0.0287265515596874
270,"k25_prev08","quadratic",1,"fitted",0.0825,0.0129793749641866,8.7985028309312e-05
270,"k25_prev08","quadratic",1,"pc1",0.0825,0.0683221505786747,0.00357568714382173
271,"k25_prev08","quadratic",1,"fitted",0.09,0.0050193771757997,1.36538701860367e-05
271,"k25_prev08","quadratic",1,"pc1",0.09,0.833305860328775,0.818730321013379
272,"k25_prev08","quadratic",1,"fitted",0.0875,0.00281197246964437,8.9024425860007e-06
272,"k25_prev08","quadratic",1,"pc1",0.0875,0.664429545527973,0.934286496556066
273,"k25_prev08","quadratic",1,"fitted",0.0725,6.0702685593661e-06,1.09498770051175e-08
273,"k25_prev08","quadratic",1,"pc1",0.0725,0.00296579508256867,0.106569757613112
274,"k25_prev08","quadratic",1,"fitted",0.0775,0.0414561972905012,0.00120261970391267
274,"k25_prev08","quadratic",1,"pc1",0.0775,0.690485779920857,0.989070318256057
275,"k25_prev08","quadratic",1,"fitted",0.0775,0.00956829497518996,0.00441282843363977
275,"k25_prev08","quadratic",1,"pc1",0.0775,0.0625807414529351,0.328696127306267
276,"k25_prev08","quadratic",1,"fitted",0.08,0.00674954487761648,4.28709237387803e-05
276,"k25_prev08","quadratic",1,"pc1",0.08,0.576258281425467,0.0953080640787081
277,"k25_prev08","quadratic",1,"fitted",0.09,0.185076923570462,0.0352377176804856
277,"k25_prev08","quadratic",1,"pc1",0.09,0.899556100033168,0.770815638998474
278,"k25_prev08","quadratic",1,"fitted",0.09,0.533388767558823,0.0185189375208732
278,"k25_prev08","quadratic",1,"pc1",0.09,0.403449716522816,0.176994456524494
279,"k25_prev08","quadratic",1,"fitted",0.0675,0.00108478578723292,6.65270091460002e-07
279,"k25_prev08","quadratic",1,"pc1",0.0675,0.112018604399585,0.105183922840538
280,"k25_prev08","quadratic",1,"fitted",0.075,0.00126957593306776,2.25883152316086e-06
280,"k25_prev08","quadratic",1,"pc1",0.075,0.277078617439134,0.129740250280273
281,"k25_prev08","quadratic",1,"fitted",0.09,0.00104375010194113,5.33629155530235e-06
281,"k25_prev08","quadratic",1,"pc1",0.09,0.0492672371315716,0.000471347125326371
282,"k25_prev08","quadratic",1,"fitted",0.07,0.0063662215230782,9.16823837537883e-06
282,"k25_prev08","quadratic",1,"pc1",0.07,0.125055084099899,0.187928585298928
283,"k25_prev08","quadratic",1,"fitted",0.08,0.000136918998754343,3.55586276201691e-07
283,"k25_prev08","quadratic",1,"pc1",0.08,0.312419402615963,0.245682739701926
284,"k25_prev08","quadratic",1,"fitted",0.08,0.000131066450775652,5.33365024146804e-07
284,"k25_prev08","quadratic",1,"pc1",0.08,0.527898001098307,0.197758664299491
285,"k25_prev08","quadratic",1,"fitted",0.09,0.0131696714983366,2.48584384087147e-05
285,"k25_prev08","quadratic",1,"pc1",0.09,0.852948302999333,0.2281267825779
286,"k25_prev08","quadratic",1,"fitted",0.0825,3.31119807128744e-08,0
286,"k25_prev08","quadratic",1,"pc1",0.0825,0.327410698313719,0.237429863062067
287,"k25_prev08","quadratic",1,"fitted",0.0825,0.0126815694449837,8.30035102250548e-05
287,"k25_prev08","quadratic",1,"pc1",0.0825,0.593152475858701,0.0759397690823256
288,"k25_prev08","quadratic",1,"fitted",0.0775,0.00711516115618471,7.97183406986424e-06
288,"k25_prev08","quadratic",1,"pc1",0.0775,0.0794516268938839,0.0429394071404741
289,"k25_prev08","quadratic",1,"fitted",0.0725,0.0592072874921934,0.000146190139303171
289,"k25_prev08","quadratic",1,"pc1",0.0725,0.0827141844882349,0.0702153101115035
290,"k25_prev08","quadratic",1,"fitted",0.0775,0.00607286662507756,3.32636617098592e-05
290,"k25_prev08","quadratic",1,"pc1",0.0775,0.0204472622494927,0.0487133146324874
291,"k25_prev08","quadratic",1,"fitted",0.08,0.000133571464366433,1.52093437399969e-07
291,"k25_prev08","quadratic",1,"pc1",0.08,0.413408846405515,0.166565546118889
292,"k25_prev08","quadratic",1,"fitted",0.0625,6.21696088176638e-06,0
292,"k25_prev08","quadratic",1,"pc1",0.0625,0.000501852092086974,0.160897384089792
293,"k25_prev08","quadratic",1,"fitted",0.0875,0.106635823994427,0.00076680079591307
293,"k25_prev08","quadratic",1,"pc1",0.0875,0.0554205241238421,0.345164729749493
294,"k25_prev08","quadratic",1,"fitted",0.07,0.00307745038678575,0.00179260428923422
294,"k25_prev08","quadratic",1,"pc1",0.07,0.0338935450900193,0.0714522936760225
295,"k25_prev08","quadratic",1,"fitted",0.0775,0.000325879531196782,1.79462643590256e-06
295,"k25_prev08","quadratic",1,"pc1",0.0775,0.947562154873101,0.923089706421068
296,"k25_prev08","quadratic",1,"fitted",0.0825,0.0304921974431495,0.00215462899405827
296,"k25_prev08","quadratic",1,"pc1",0.0825,0.482104120740597,0.939956163022145
297,"k25_prev08","quadratic",1,"fitted",0.0725,0.000607501489921281,2.44233236301739e-07
297,"k25_prev08","quadratic",1,"pc1",0.0725,0.25397468568299,0.660514170438517
298,"k25_prev08","quadratic",1,"fitted",0.0875,0.00222101710832323,1.92704997347137e-05
298,"k25_prev08","quadratic",1,"pc1",0.0875,0.82739480458123,0.539173506621298
299,"k25_prev08","quadratic",1,"fitted",0.1,0.0213188905433914,0.000124128070371099
299,"k25_prev08","quadratic",1,"pc1",0.1,0.522694557696497,0.861238339380551
300,"k25_prev08","quadratic",1,"fitted",0.075,3.89800538209695e-05,2.93249113880734e-09
300,"k25_prev08","quadratic",1,"pc1",0.075,0.033153252059094,0.000103757328088872
301,"k25_prev08","quadratic",1,"fitted",0.0875,5.49165526775308e-05,1.58364827695934e-07
301,"k25_prev08","quadratic",1,"pc1",0.0875,0.948928869634261,0.510071699131404
302,"k25_prev08","quadratic",1,"fitted",0.075,0.00216751921242309,2.26468195363427e-06
302,"k25_prev08","quadratic",1,"pc1",0.075,0.531296546024117,0.169558253350546
303,"k25_prev08","quadratic",1,"fitted",0.0775,0.103337654332452,0.000835547224760647
303,"k25_prev08","quadratic",1,"pc1",0.0775,0.536004506273575,0.657259849230674
304,"k25_prev08","quadratic",1,"fitted",0.08,0.000410456101332946,1.32239752015373e-06
304,"k25_prev08","quadratic",1,"pc1",0.08,0.0260557783925054,0.000256224247336512
305,"k25_prev08","quadratic",1,"fitted",0.07,0.00115183528215035,1.02232160992255e-06
305,"k25_prev08","quadratic",1,"pc1",0.07,0.343710803020005,0.0147010029815855
306,"k25_prev08","quadratic",1,"fitted",0.085,0.00142694928109144,7.15658509642392e-06
306,"k25_prev08","quadratic",1,"pc1",0.085,0.0496231784514615,0.000535644008200054
307,"k25_prev08","quadratic",1,"fitted",0.08,0.000350825501983065,1.77840256632145e-07
307,"k25_prev08","quadratic",1,"pc1",0.08,0.652337853752168,0.718047129239426
308,"k25_prev08","quadratic",1,"fitted",0.075,0.000595549226026781,3.66487858838305e-07
308,"k25_prev08","quadratic",1,"pc1",0.075,0.319078958656392,0.100828350942751
309,"k25_prev08","quadratic",1,"fitted",0.085,8.82181205008603e-06,1.84021642368748e-09
309,"k25_prev08","quadratic",1,"pc1",0.085,0.140601400232405,0.210885278148297
310,"k25_prev08","quadratic",1,"fitted",0.0825,0.0031221334657644,4.76043859776176e-06
310,"k25_prev08","quadratic",1,"pc1",0.0825,0.735683392808238,0.656613244006634
311,"k25_prev08","quadratic",1,"fitted",0.0975,0.00880868605110274,0.00178464440030002
311,"k25_prev08","quadratic",1,"pc1",0.0975,0.177135094219659,0.0760154189468253
312,"k25_prev08","quadratic",1,"fitted",0.0825,3.31741605036351e-05,2.3732383835906e-09
312,"k25_prev08","quadratic",1,"pc1",0.0825,0.747784039488455,0.107103016369687
313,"k25_prev08","quadratic",1,"fitted",0.0725,2.03018393291066e-05,2.24817168659186e-07
313,"k25_prev08","quadratic",1,"pc1",0.0725,0.0935231703432945,0.0543357508916835
314,"k25_prev08","quadratic",1,"fitted",0.0775,7.22813350554352e-05,1.9158270836428e-07
314,"k25_prev08","quadratic",1,"pc1",0.0775,0.63248548190514,0.0746740650470432
315,"k25_prev08","quadratic",1,"fitted",0.0825,0.0151679195237195,1.21085256231668e-05
315,"k25_prev08","quadratic",1,"pc1",0.0825,0.806201744587209,0.642201262723126
316,"k25_prev08","quadratic",1,"fitted",0.085,0.0388533216809221,0.00399315594269745
316,"k25_prev08","quadratic",1,"pc1",0.085,0.706406004575593,0.0557486467678054
317,"k25_prev08","quadratic",1,"fitted",0.0725,0.031193263181031,0.000112450760159089
317,"k25_prev08","quadratic",1,"pc1",0.0725,0.513894512529139,0.657044578341013
318,"k25_prev08","quadratic",1,"fitted",0.0825,1.39577991686846e-06,0
318,"k25_prev08","quadratic",1,"pc1",0.0825,0.458658339842868,0.0173536491951636
319,"k25_prev08","quadratic",1,"fitted",0.09,0.00901249042852026,1.43752065893121e-05
319,"k25_prev08","quadratic",1,"pc1",0.09,0.804588672073994,0.110305585820313
320,"k25_prev08","quadratic",1,"fitted",0.065,0.094286760452214,0.002967253704659
320,"k25_prev08","quadratic",1,"pc1",0.065,0.727277723641707,0.370280436588061
321,"k25_prev08","quadratic",1,"fitted",0.085,0.000537977520709831,3.73225992444937e-07
321,"k25_prev08","quadratic",1,"pc1",0.085,0.195235940517414,0.620852506174896
322,"k25_prev08","quadratic",1,"fitted",0.09,0.00184626454583814,1.37641748687578e-06
322,"k25_prev08","quadratic",1,"pc1",0.09,0.795075489915621,0.748588676545174
323,"k25_prev08","quadratic",1,"fitted",0.075,0.00357981908761063,1.12529574641806e-05
323,"k25_prev08","quadratic",1,"pc1",0.075,0.080168089209434,0.467794973522743
324,"k25_prev08","quadratic",1,"fitted",0.0825,1.24043035751864e-05,7.53697587563273e-07
324,"k25_prev08","quadratic",1,"pc1",0.0825,0.80400474307002,0.387645201318607
325,"k25_prev08","quadratic",1,"fitted",0.085,2.90045887465507e-05,6.58606442871523e-06
325,"k25_prev08","quadratic",1,"pc1",0.085,0.037841108197789,0.00630926526368747
326,"k25_prev08","quadratic",1,"fitted",0.0825,0.00127877034583967,2.15772934413216e-05
326,"k25_prev08","quadratic",1,"pc1",0.0825,0.544916328130698,0.429024560826681
327,"k25_prev08","quadratic",1,"fitted",0.09,0.000121049063323442,1.45981120525107e-08
327,"k25_prev08","quadratic",1,"pc1",0.09,0.0124365946072023,0.00313063897164012
328,"k25_prev08","quadratic",1,"fitted",0.0875,0.00282292010537388,6.6047518743062e-07
328,"k25_prev08","quadratic",1,"pc1",0.0875,0.372007549730437,0.891767649286779
329,"k25_prev08","quadratic",1,"fitted",0.08,0.00123767342047543,3.42557260435417e-06
329,"k25_prev08","quadratic",1,"pc1",0.08,0.612370895617967,0.493589848715776
330,"k25_prev08","quadratic",1,"fitted",0.075,0.00539055080499606,4.02400871315489e-05
330,"k25_prev08","quadratic",1,"pc1",0.075,0.67217057112239,0.152709617205099
331,"k25_prev08","quadratic",1,"fitted",0.07,0.0048763807108837,0.000191727302107036
331,"k25_prev08","quadratic",1,"pc1",0.07,0.065080370996968,0.0263086197441214
332,"k25_prev08","quadratic",1,"fitted",0.085,0.059800579012748,0.0220324843960439
332,"k25_prev08","quadratic",1,"pc1",0.085,0.0827371363124595,0.649977580957787
333,"k25_prev08","quadratic",1,"fitted",0.095,0.000186932455095823,2.50087659470211e-08
333,"k25_prev08","quadratic",1,"pc1",0.095,0.512384352229299,0.704842784901182
334,"k25_prev08","quadratic",1,"fitted",0.07,0.00274277215186602,0.000271757761918567
334,"k25_prev08","quadratic",1,"pc1",0.07,0.337723801826191,0.0658554390886906
335,"k25_prev08","quadratic",1,"fitted",0.0825,0.000238893340545387,6.5003370908201e-08
335,"k25_prev08","quadratic",1,"pc1",0.0825,0.537968074789147,0.782677688446641
336,"k25_prev08","quadratic",1,"fitted",0.0825,0.00317193687006712,4.50487771941344e-06
336,"k25_prev08","quadratic",1,"pc1",0.0825,0.6353403929945,0.179408152980233
337,"k25_prev08","quadratic",1,"fitted",0.075,0.00715381656148473,0.000118128797094164
337,"k25_prev08","quadratic",1,"pc1",0.075,0.178155316048264,0.181217434671942
338,"k25_prev08","quadratic",1,"fitted",0.09,0.175311841997359,0.00362141406644279
338,"k25_prev08","quadratic",1,"pc1",0.09,0.605480138497502,0.0411100632918326
339,"k25_prev08","quadratic",1,"fitted",0.085,1.27324503202964e-05,3.45541678603567e-08
339,"k25_prev08","quadratic",1,"pc1",0.085,0.114405716563777,0.097897350679182
340,"k25_prev08","quadratic",1,"fitted",0.0675,7.84250456834501e-05,1.6451009331675e-05
340,"k25_prev08","quadratic",1,"pc1",0.0675,0.032493840690544,0.0118070186011678
341,"k25_prev08","quadratic",1,"fitted",0.0825,0.00908912784334293,0.000393077081735971
341,"k25_prev08","quadratic",1,"pc1",0.0825,0.811953912514062,0.204695828743284
342,"k25_prev08","quadratic",1,"fitted",0.065,0.060913784545348,0.000472856215745776
342,"k25_prev08","quadratic",1,"pc1",0.065,0.892992550997383,0.383307971943499
343,"k25_prev08","quadratic",1,"fitted",0.075,0.000156213352490164,1.01074330682849e-07
343,"k25_prev08","quadratic",1,"pc1",0.075,0.0433123494952617,0.744670364294582
344,"k25_prev08","quadratic",1,"fitted",0.0875,0.0350181899711877,0.00308681832503432
344,"k25_prev08","quadratic",1,"pc1",0.0875,0.500749416474001,0.248602256486832
345,"k25_prev08","quadratic",1,"fitted",0.08,0.000883083969894893,1.71232622259154e-06
345,"k25_prev08","quadratic",1,"pc1",0.08,0.717355993078548,0.488502417838523
346,"k25_prev08","quadratic",1,"fitted",0.09,0.00152542941322908,0.000166819798497975
346,"k25_prev08","quadratic",1,"pc1",0.09,0.264658052223793,0.348271093833544
347,"k25_prev08","quadratic",1,"fitted",0.0775,0.00162123160615124,0.000129240320928536
347,"k25_prev08","quadratic",1,"pc1",0.0775,0.878955206885466,0.80599579589206
348,"k25_prev08","quadratic",1,"fitted",0.0625,0.000996236923253013,4.31328993344415e-06
348,"k25_prev08","quadratic",1,"pc1",0.0625,0.930753009741518,0.392779421094993
349,"k25_prev08","quadratic",1,"fitted",0.0875,1.25171243665623e-05,1.53139018232995e-06
349,"k25_prev08","quadratic",1,"pc1",0.0875,0.0281558943033813,0.00831115539098903
350,"k25_prev08","quadratic",1,"fitted",0.08,0.00136236152248281,1.64041322547881e-06
350,"k25_prev08","quadratic",1,"pc1",0.08,0.337129631188567,0.0241345999377494
351,"k25_prev08","quadratic",1,"fitted",0.0725,0.00113840471122739,7.30400487203298e-07
351,"k25_prev08","quadratic",1,"pc1",0.0725,0.579641488603151,0.140469927527711
352,"k25_prev08","quadratic",1,"fitted",0.08,0.00553738701382112,6.26848370909316e-05
352,"k25_prev08","quadratic",1,"pc1",0.08,0.178125910331091,0.0371857735352535
353,"k25_prev08","quadratic",1,"fitted",0.0825,0.001455429939899,9.93293539364171e-06
353,"k25_prev08","quadratic",1,"pc1",0.0825,0.64174535024811,0.144179209414716
354,"k25_prev08","quadratic",1,"fitted",0.0775,0.00173536494450355,2.83874049566979e-06
354,"k25_prev08","quadratic",1,"pc1",0.0775,0.073107996129458,0.00210563466617408
355,"k25_prev08","quadratic",1,"fitted",0.08,0.0891921430901357,0.0197800883040273
355,"k25_prev08","quadratic",1,"pc1",0.08,0.191984717628886,0.0132646416406206
356,"k25_prev08","quadratic",1,"fitted",0.0775,0.00368883854146873,4.48919918905055e-06
356,"k25_prev08","quadratic",1,"pc1",0.0775,0.131848285746741,0.450950130006652
357,"k25_prev08","quadratic",1,"fitted",0.0775,0.00334314081592724,3.06602503512554e-05
357,"k25_prev08","quadratic",1,"pc1",0.0775,0.299937309291938,0.0242790128069119
358,"k25_prev08","quadratic",1,"fitted",0.0825,0.214173062704756,0.00407555498147172
358,"k25_prev08","quadratic",1,"pc1",0.0825,0.441696926507807,0.422055622153272
359,"k25_prev08","quadratic",1,"fitted",0.075,0.00127340872218118,4.79665929442596e-06
359,"k25_prev08","quadratic",1,"pc1",0.075,0.107046010209427,0.0454172941117069
360,"k25_prev08","quadratic",1,"fitted",0.0875,0.0054215262266577,2.94073341176038e-05
360,"k25_prev08","quadratic",1,"pc1",0.0875,0.241716694970722,0.939097034471006
361,"k25_prev08","quadratic",1,"fitted",0.0775,0.00135216585782216,5.84923968582896e-06
361,"k25_prev08","quadratic",1,"pc1",0.0775,0.198742543955322,0.0108680281161293
362,"k25_prev08","quadratic",1,"fitted",0.075,0.0341791507839795,0.000182760371550073
362,"k25_prev08","quadratic",1,"pc1",0.075,0.210226278935785,0.594878910527329
363,"k25_prev08","quadratic",1,"fitted",0.0825,0.0013714266638305,2.77934742265451e-06
363,"k25_prev08","quadratic",1,"pc1",0.0825,0.68138772405074,0.336285238297744
364,"k25_prev08","quadratic",1,"fitted",0.08,0.0544712899314934,0.000143803100391304
364,"k25_prev08","quadratic",1,"pc1",0.08,0.767033928556528,0.415507659639585
365,"k25_prev08","quadratic",1,"fitted",0.09,0.00342978039488306,0.000156753466236559
365,"k25_prev08","quadratic",1,"pc1",0.09,0.481386878940404,0.0896892267994502
366,"k25_prev08","quadratic",1,"fitted",0.08,0.216183362255321,0.00371273554595397
366,"k25_prev08","quadratic",1,"pc1",0.08,0.144463903520255,0.37390812227923
367,"k25_prev08","quadratic",1,"fitted",0.0825,0.000130479462791988,2.62842557718912e-07
367,"k25_prev08","quadratic",1,"pc1",0.0825,0.920116688742759,0.455711341597497
368,"k25_prev08","quadratic",1,"fitted",0.085,2.4135228607558e-05,1.00808707825806e-07
368,"k25_prev08","quadratic",1,"pc1",0.085,0.181089412839497,0.794007875426839
369,"k25_prev08","quadratic",1,"fitted",0.0775,0.000124908210361929,9.68073754492593e-09
369,"k25_prev08","quadratic",1,"pc1",0.0775,0.131692111291558,0.372251460725637
370,"k25_prev08","quadratic",1,"fitted",0.09,0.00344352948133198,3.13351755683033e-05
370,"k25_prev08","quadratic",1,"pc1",0.09,0.453438225704362,0.715937405444555
371,"k25_prev08","quadratic",1,"fitted",0.085,0.00439240153672493,2.07972257151301e-05
371,"k25_prev08","quadratic",1,"pc1",0.085,0.378341769470982,0.406792434095212
372,"k25_prev08","quadratic",1,"fitted",0.0775,4.85224013777596e-05,6.40800734696967e-09
372,"k25_prev08","quadratic",1,"pc1",0.0775,0.014574312180001,0.139829452921061
373,"k25_prev08","quadratic",1,"fitted",0.07,6.16899229318735e-05,7.92615375555528e-08
373,"k25_prev08","quadratic",1,"pc1",0.07,0.272576226175501,0.067800957995761
374,"k25_prev08","quadratic",1,"fitted",0.08,0.0197692974336771,5.83662914439564e-05
374,"k25_prev08","quadratic",1,"pc1",0.08,0.718727260175318,0.272709607595119
375,"k25_prev08","quadratic",1,"fitted",0.0875,0.056388154514023,0.000599294978362863
375,"k25_prev08","quadratic",1,"pc1",0.0875,0.858431343303894,0.932847507057228
376,"k25_prev08","quadratic",1,"fitted",0.0775,1.0896818825934e-05,2.90155732773911e-09
376,"k25_prev08","quadratic",1,"pc1",0.0775,0.183603707558388,0.628716471974822
377,"k25_prev08","quadratic",1,"fitted",0.0775,0.000141590554584736,6.3032381558692e-07
377,"k25_prev08","quadratic",1,"pc1",0.0775,0.327193308495536,0.176015191883705
378,"k25_prev08","quadratic",1,"fitted",0.075,7.64138344608867e-05,3.82043155222611e-07
378,"k25_prev08","quadratic",1,"pc1",0.075,0.119667392039145,0.762880122477632
379,"k25_prev08","quadratic",1,"fitted",0.085,0.142269998092288,0.153719989014462
379,"k25_prev08","quadratic",1,"pc1",0.085,0.798965092260962,0.888585136117369
380,"k25_prev08","quadratic",1,"fitted",0.0725,4.57603090785463e-05,1.48761071239178e-08
380,"k25_prev08","quadratic",1,"pc1",0.0725,0.0791169812865762,0.384550056165864
381,"k25_prev08","quadratic",1,"fitted",0.0825,0.0233829638425883,7.32916214511992e-05
381,"k25_prev08","quadratic",1,"pc1",0.0825,0.575298202819538,0.511357575736383
382,"k25_prev08","quadratic",1,"fitted",0.075,0.0232838825347689,0.000348318655333246
382,"k25_prev08","quadratic",1,"pc1",0.075,0.820355488373478,0.614527255165828
383,"k25_prev08","quadratic",1,"fitted",0.065,0.00253568685546501,1.51030189654566e-05
383,"k25_prev08","quadratic",1,"pc1",0.065,0.411263796678087,0.339429326446813
384,"k25_prev08","quadratic",1,"fitted",0.085,0.0752495109568539,0.0012301998651516
384,"k25_prev08","quadratic",1,"pc1",0.085,0.334993186696151,0.189107657214668
385,"k25_prev08","quadratic",1,"fitted",0.0675,0.000406104996938383,0.0001695215251305
385,"k25_prev08","quadratic",1,"pc1",0.0675,0.258955544953718,0.0578047614828655
386,"k25_prev08","quadratic",1,"fitted",0.0775,0.0011537510373798,1.92750677960873e-05
386,"k25_prev08","quadratic",1,"pc1",0.0775,0.647654642499964,0.0482905780655933
387,"k25_prev08","quadratic",1,"fitted",0.0775,0.00850739891719243,1.60484737180555e-05
387,"k25_prev08","quadratic",1,"pc1",0.0775,0.286209098334394,0.502902162544105
388,"k25_prev08","quadratic",1,"fitted",0.075,0.00239755430743349,1.88883563152498e-05
388,"k25_prev08","quadratic",1,"pc1",0.075,0.00582270770062987,0.000107099001258604
389,"k25_prev08","quadratic",1,"fitted",0.0875,0.144087268454595,0.000588205947987919
389,"k25_prev08","quadratic",1,"pc1",0.0875,0.533303963461815,0.566161548736982
390,"k25_prev08","quadratic",1,"fitted",0.065,9.77007760493143e-05,1.99719789928388e-07
390,"k25_prev08","quadratic",1,"pc1",0.065,0.0397953204517045,0.000472866682784678
391,"k25_prev08","quadratic",1,"fitted",0.0925,0.000140689628739032,1.97380274347125e-08
391,"k25_prev08","quadratic",1,"pc1",0.0925,0.483740296492734,0.0331906071596343
392,"k25_prev08","quadratic",1,"fitted",0.065,5.26981017904271e-05,1.20984299245563e-08
392,"k25_prev08","quadratic",1,"pc1",0.065,0.257099463905787,0.00349552436163647
393,"k25_prev08","quadratic",1,"fitted",0.07,0.00739509419350282,3.06742772162583e-05
393,"k25_prev08","quadratic",1,"pc1",0.07,0.167331842713642,0.0223497016338403
394,"k25_prev08","quadratic",1,"fitted",0.0875,1.99914473641982e-07,0
394,"k25_prev08","quadratic",1,"pc1",0.0875,0.258489535971323,0.0069672891199305
395,"k25_prev08","quadratic",1,"fitted",0.0725,0.000524817322685722,6.28773668687188e-07
395,"k25_prev08","quadratic",1,"pc1",0.0725,0.771238566870812,0.701565321965386
396,"k25_prev08","quadratic",1,"fitted",0.085,0.0573191038321998,0.000392045760344795
396,"k25_prev08","quadratic",1,"pc1",0.085,0.84879107074179,0.419720609780249
397,"k25_prev08","quadratic",1,"fitted",0.0725,0.00440762149024998,4.45798237858064e-06
397,"k25_prev08","quadratic",1,"pc1",0.0725,0.849300189610921,0.365472216921611
398,"k25_prev08","quadratic",1,"fitted",0.0825,0.00107334919672064,8.78285089100928e-08
398,"k25_prev08","quadratic",1,"pc1",0.0825,0.174144143745473,0.237904263041071
399,"k25_prev08","quadratic",1,"fitted",0.0825,0.00115310267023228,1.87512010596524e-06
399,"k25_prev08","quadratic",1,"pc1",0.0825,0.0368775918222282,0.00151332271238247
400,"k25_prev08","quadratic",1,"fitted",0.0825,0.0278540911451571,6.295155948699e-05
400,"k25_prev08","quadratic",1,"pc1",0.0825,0.63050197374769,0.372884334561835
1,"k25_prev08","quadratic",1.5,"fitted",0.0825,0.00258593968410048,7.66316826994462e-07
1,"k25_prev08","quadratic",1.5,"pc1",0.0825,0.63272643475632,0.21606808297809
2,"k25_prev08","quadratic",1.5,"fitted",0.0825,0.00270014799244445,5.28818254619257e-06
2,"k25_prev08","quadratic",1.5,"pc1",0.0825,0.63030658478727,0.696899017462433
3,"k25_prev08","quadratic",1.5,"fitted",0.0925,0.00119221623351362,4.30590712374723e-06
3,"k25_prev08","quadratic",1.5,"pc1",0.0925,0.325206693218777,0.150065794685399
4,"k25_prev08","quadratic",1.5,"fitted",0.0775,0.00248038104389958,5.15902622733044e-06
4,"k25_prev08","quadratic",1.5,"pc1",0.0775,0.498797635374539,0.0837346092369673
5,"k25_prev08","quadratic",1.5,"fitted",0.085,3.9815372047558e-05,1.16591686305512e-08
5,"k25_prev08","quadratic",1.5,"pc1",0.085,0.00631744860793204,0.00212859648529928
6,"k25_prev08","quadratic",1.5,"fitted",0.0825,0.0011055123594379,1.34690864539433e-06
6,"k25_prev08","quadratic",1.5,"pc1",0.0825,0.135857900347743,0.0535735179113416
7,"k25_prev08","quadratic",1.5,"fitted",0.09,0.00073124656848611,3.61726746334057e-07
7,"k25_prev08","quadratic",1.5,"pc1",0.09,0.319551499348039,0.129705173928418
8,"k25_prev08","quadratic",1.5,"fitted",0.0825,0.00184300815876703,2.55108769717793e-05
8,"k25_prev08","quadratic",1.5,"pc1",0.0825,0.779422731912203,0.922722764148045
9,"k25_prev08","quadratic",1.5,"fitted",0.0775,2.9154878247728e-05,1.06326031080739e-05
9,"k25_prev08","quadratic",1.5,"pc1",0.0775,0.893656826186755,0.780281979162388
10,"k25_prev08","quadratic",1.5,"fitted",0.08,0.0257083138917398,2.78199626259079e-05
10,"k25_prev08","quadratic",1.5,"pc1",0.08,0.675853851553518,0.387164858803565
11,"k25_prev08","quadratic",1.5,"fitted",0.08,0.00225901951683505,0.00109361369716521
11,"k25_prev08","quadratic",1.5,"pc1",0.08,0.563176612630991,0.327304221480796
12,"k25_prev08","quadratic",1.5,"fitted",0.0825,0.000904866114097125,4.56584720542885e-06
12,"k25_prev08","quadratic",1.5,"pc1",0.0825,0.706114852117565,0.166598298372045
13,"k25_prev08","quadratic",1.5,"fitted",0.0875,0.00967148707294008,0.00012833276879598
13,"k25_prev08","quadratic",1.5,"pc1",0.0875,0.793539145121544,0.412039704064366
14,"k25_prev08","quadratic",1.5,"fitted",0.075,1.44826233228201e-07,0
14,"k25_prev08","quadratic",1.5,"pc1",0.075,0.184754986471393,0.600275685680088
15,"k25_prev08","quadratic",1.5,"fitted",0.08,0.0184297607139803,5.76169061854426e-05
15,"k25_prev08","quadratic",1.5,"pc1",0.08,0.145249415859551,0.7976486193385
16,"k25_prev08","quadratic",1.5,"fitted",0.075,7.22576196416913e-05,1.33399722768157e-06
16,"k25_prev08","quadratic",1.5,"pc1",0.075,0.333764480043673,0.0592690089603188
17,"k25_prev08","quadratic",1.5,"fitted",0.0925,0.000143930584428742,2.31926381211167e-07
17,"k25_prev08","quadratic",1.5,"pc1",0.0925,0.0143310038709641,5.7627983944375e-05
18,"k25_prev08","quadratic",1.5,"fitted",0.085,0.0002082264571871,1.46147811297404e-07
18,"k25_prev08","quadratic",1.5,"pc1",0.085,0.630640176739848,0.0770460486044314
19,"k25_prev08","quadratic",1.5,"fitted",0.1,0.000829410335516867,2.24268785320447e-06
19,"k25_prev08","quadratic",1.5,"pc1",0.1,0.190917853224955,0.13405455606203
20,"k25_prev08","quadratic",1.5,"fitted",0.07,0.023472936449437,4.8746930389254e-05
20,"k25_prev08","quadratic",1.5,"pc1",0.07,0.749685846542688,0.0890198532212267
21,"k25_prev08","quadratic",1.5,"fitted",0.0775,0.0167450968087548,0.000732061966184583
21,"k25_prev08","quadratic",1.5,"pc1",0.0775,0.72097018267361,0.617689661383934
22,"k25_prev08","quadratic",1.5,"fitted",0.08,6.17209537634444e-06,1.86104820443234e-09
22,"k25_prev08","quadratic",1.5,"pc1",0.08,0.598697112111917,0.289197352107242
23,"k25_prev08","quadratic",1.5,"fitted",0.07,0.0147187329376517,0.00104709607761511
23,"k25_prev08","quadratic",1.5,"pc1",0.07,0.121759929982789,0.191804037531308
24,"k25_prev08","quadratic",1.5,"fitted",0.08,0.00527251642256021,5.17811398781376e-06
24,"k25_prev08","quadratic",1.5,"pc1",0.08,0.917539794687668,0.736496341745109
25,"k25_prev08","quadratic",1.5,"fitted",0.07,2.83934566229771e-05,1.85170879740681e-08
25,"k25_prev08","quadratic",1.5,"pc1",0.07,0.18582905471753,0.019510907032662
26,"k25_prev08","quadratic",1.5,"fitted",0.07,0.00489896031620907,4.63446704359605e-05
26,"k25_prev08","quadratic",1.5,"pc1",0.07,0.0242083768149712,0.000281378697152834
27,"k25_prev08","quadratic",1.5,"fitted",0.0875,0.00775494185314984,1.58605316809002e-05
27,"k25_prev08","quadratic",1.5,"pc1",0.0875,0.894248993546468,0.917075835672815
28,"k25_prev08","quadratic",1.5,"fitted",0.0775,5.36057236886212e-05,1.78978278531083e-07
28,"k25_prev08","quadratic",1.5,"pc1",0.0775,0.61915922640229,0.879223061719189
29,"k25_prev08","quadratic",1.5,"fitted",0.075,0.00503141682711616,0.000340932486422973
29,"k25_prev08","quadratic",1.5,"pc1",0.075,0.41073108988318,0.0697707884670524
30,"k25_prev08","quadratic",1.5,"fitted",0.0825,4.68602003969032e-05,6.040278055508e-09
30,"k25_prev08","quadratic",1.5,"pc1",0.0825,0.0772857547021757,0.00235091256362585
31,"k25_prev08","quadratic",1.5,"fitted",0.0925,0.000453709524365853,5.83806121889907e-07
31,"k25_prev08","quadratic",1.5,"pc1",0.0925,0.421904772712995,0.164826403412407
32,"k25_prev08","quadratic",1.5,"fitted",0.075,0.0070760501151621,2.07151437456865e-05
32,"k25_prev08","quadratic",1.5,"pc1",0.075,0.608481375071888,0.219951480004176
33,"k25_prev08","quadratic",1.5,"fitted",0.085,0.00135244877111051,0.00130354280847589
33,"k25_prev08","quadratic",1.5,"pc1",0.085,0.638172112368368,0.826632418662926
34,"k25_prev08","quadratic",1.5,"fitted",0.07,0.00276309830988075,1.57254872699131e-05
34,"k25_prev08","quadratic",1.5,"pc1",0.07,0.742829411862684,0.297405390742668
35,"k25_prev08","quadratic",1.5,"fitted",0.0775,0.000163094827382082,5.34659236883783e-08
35,"k25_prev08","quadratic",1.5,"pc1",0.0775,0.864873721884075,0.108387553971435
36,"k25_prev08","quadratic",1.5,"fitted",0.0675,0.000959268229749899,1.63749620563092e-06
36,"k25_prev08","quadratic",1.5,"pc1",0.0675,0.5040727152197,0.0896362440434413
37,"k25_prev08","quadratic",1.5,"fitted",0.0825,0.00112633461435752,3.87549430214129e-07
37,"k25_prev08","quadratic",1.5,"pc1",0.0825,0.0135939298044343,0.00191566108489138
38,"k25_prev08","quadratic",1.5,"fitted",0.0975,0.0147859634863965,2.43022740245014e-05
38,"k25_prev08","quadratic",1.5,"pc1",0.0975,0.33227811834085,0.469973212602954
39,"k25_prev08","quadratic",1.5,"fitted",0.0675,1.55933053638257e-05,7.26802895645307e-08
39,"k25_prev08","quadratic",1.5,"pc1",0.0675,0.845490730331682,0.925585855244846
40,"k25_prev08","quadratic",1.5,"fitted",0.0875,0.000568610905947731,2.01725876447512e-07
40,"k25_prev08","quadratic",1.5,"pc1",0.0875,0.654340341547499,0.09137133559711
41,"k25_prev08","quadratic",1.5,"fitted",0.0725,0.423017352628188,0.0107629846707171
41,"k25_prev08","quadratic",1.5,"pc1",0.0725,0.99604375047188,0.879125544370523
42,"k25_prev08","quadratic",1.5,"fitted",0.0725,0.0747102227700849,0.000602232820628101
42,"k25_prev08","quadratic",1.5,"pc1",0.0725,0.436820854132789,0.76252369304116
43,"k25_prev08","quadratic",1.5,"fitted",0.09,0.000106336172144617,5.94759399508149e-08
43,"k25_prev08","quadratic",1.5,"pc1",0.09,0.220287775839951,0.0124997113072665
44,"k25_prev08","quadratic",1.5,"fitted",0.0975,0.00176526399196741,1.18516297420435e-06
44,"k25_prev08","quadratic",1.5,"pc1",0.0975,0.466568794789544,0.575839628092666
45,"k25_prev08","quadratic",1.5,"fitted",0.075,2.25517267748998e-07,0
45,"k25_prev08","quadratic",1.5,"pc1",0.075,0.313803669240714,0.904256522343141
46,"k25_prev08","quadratic",1.5,"fitted",0.0875,0.00126573771360505,2.60700232290745e-07
46,"k25_prev08","quadratic",1.5,"pc1",0.0875,0.669516253765777,0.103992991296509
47,"k25_prev08","quadratic",1.5,"fitted",0.0675,0.00687114394221511,5.79549924064615e-05
47,"k25_prev08","quadratic",1.5,"pc1",0.0675,0.123906509143365,0.0138890888247754
48,"k25_prev08","quadratic",1.5,"fitted",0.0825,0.0168550257154874,0.00247768178490504
48,"k25_prev08","quadratic",1.5,"pc1",0.0825,0.257614967381516,0.0576580401520148
49,"k25_prev08","quadratic",1.5,"fitted",0.0825,0.00481509628764898,3.27035433311806e-05
49,"k25_prev08","quadratic",1.5,"pc1",0.0825,0.990280697509013,0.823402591437215
50,"k25_prev08","quadratic",1.5,"fitted",0.0675,0.0066458066322469,2.35182951200397e-05
50,"k25_prev08","quadratic",1.5,"pc1",0.0675,0.995696065009068,0.896309748589154
51,"k25_prev08","quadratic",1.5,"fitted",0.0725,0.0860101959821439,0.00429883431239875
51,"k25_prev08","quadratic",1.5,"pc1",0.0725,0.676212631690621,0.242571149209883
52,"k25_prev08","quadratic",1.5,"fitted",0.08,0.000110896959532703,5.32384358820082e-08
52,"k25_prev08","quadratic",1.5,"pc1",0.08,0.763451591958968,0.744092631891876
53,"k25_prev08","quadratic",1.5,"fitted",0.08,0.000143322846872129,2.03339726834173e-07
53,"k25_prev08","quadratic",1.5,"pc1",0.08,0.630088978002526,0.105124108446434
54,"k25_prev08","quadratic",1.5,"fitted",0.085,0.000155047007282305,4.23825479822781e-07
54,"k25_prev08","quadratic",1.5,"pc1",0.085,0.693618442983731,0.993857914395739
55,"k25_prev08","quadratic",1.5,"fitted",0.085,0.00112918732058276,4.39812013590668e-05
55,"k25_prev08","quadratic",1.5,"pc1",0.085,0.128000730125342,0.0749582763624982
56,"k25_prev08","quadratic",1.5,"fitted",0.075,0.00124256982735971,3.18065918492039e-06
56,"k25_prev08","quadratic",1.5,"pc1",0.075,0.280380660556156,0.00949522474376097
57,"k25_prev08","quadratic",1.5,"fitted",0.0675,0.000929408010603927,2.61056256833925e-07
57,"k25_prev08","quadratic",1.5,"pc1",0.0675,0.427134909537824,0.0288877459197666
58,"k25_prev08","quadratic",1.5,"fitted",0.0825,0.00201398037455924,2.02734477076083e-05
58,"k25_prev08","quadratic",1.5,"pc1",0.0825,0.199552923223392,0.0196550143816341
59,"k25_prev08","quadratic",1.5,"fitted",0.0675,3.46844288179327e-07,0
59,"k25_prev08","quadratic",1.5,"pc1",0.0675,0.966153622764734,0.529062445675438
60,"k25_prev08","quadratic",1.5,"fitted",0.0775,1.82948212112954e-06,0
60,"k25_prev08","quadratic",1.5,"pc1",0.0775,0.1984202160708,0.370881979147899
61,"k25_prev08","quadratic",1.5,"fitted",0.0725,2.06523928897306e-05,4.40648295629842e-10
61,"k25_prev08","quadratic",1.5,"pc1",0.0725,0.327383060103281,0.57955455051467
62,"k25_prev08","quadratic",1.5,"fitted",0.085,0.000979318348664382,2.61115963962055e-07
62,"k25_prev08","quadratic",1.5,"pc1",0.085,0.676784304555507,0.198398020988685
63,"k25_prev08","quadratic",1.5,"fitted",0.0775,0.00442448366284487,1.40696785815297e-05
63,"k25_prev08","quadratic",1.5,"pc1",0.0775,0.948255978928407,0.238552413637903
64,"k25_prev08","quadratic",1.5,"fitted",0.0775,5.51733683492595e-05,6.41509880772162e-08
64,"k25_prev08","quadratic",1.5,"pc1",0.0775,0.132533003560774,0.00385987204924543
65,"k25_prev08","quadratic",1.5,"fitted",0.0875,0.000375321557628316,1.99033084125055e-06
65,"k25_prev08","quadratic",1.5,"pc1",0.0875,0.429696474157402,0.0183789036651545
66,"k25_prev08","quadratic",1.5,"fitted",0.085,0.00158113242212543,7.1595836503846e-07
66,"k25_prev08","quadratic",1.5,"pc1",0.085,0.852917254932309,0.741301189521829
67,"k25_prev08","quadratic",1.5,"fitted",0.0825,0.000284424877849077,3.87860806805307e-08
67,"k25_prev08","quadratic",1.5,"pc1",0.0825,0.677618220185262,0.682367779420596
68,"k25_prev08","quadratic",1.5,"fitted",0.085,2.80495569300321e-05,2.97149002898012e-05
68,"k25_prev08","quadratic",1.5,"pc1",0.085,0.976101648577232,0.503575052767509
69,"k25_prev08","quadratic",1.5,"fitted",0.0975,0.0182855952858513,0.0213526946582498
69,"k25_prev08","quadratic",1.5,"pc1",0.0975,0.112135909741482,0.0299182169986809
70,"k25_prev08","quadratic",1.5,"fitted",0.0825,0.0976075431875025,0.000914634659749058
70,"k25_prev08","quadratic",1.5,"pc1",0.0825,0.171714142778607,0.00905121740763959
71,"k25_prev08","quadratic",1.5,"fitted",0.08,0.00217553720298924,5.8940359777937e-05
71,"k25_prev08","quadratic",1.5,"pc1",0.08,0.857151194652563,0.26646950815968
72,"k25_prev08","quadratic",1.5,"fitted",0.0875,0.0403133036725583,0.000166820924095257
72,"k25_prev08","quadratic",1.5,"pc1",0.0875,0.720165876726578,0.498120705044145
73,"k25_prev08","quadratic",1.5,"fitted",0.09,2.62986100008078e-07,0
73,"k25_prev08","quadratic",1.5,"pc1",0.09,0.0362986863282276,0.00238639554910047
74,"k25_prev08","quadratic",1.5,"fitted",0.0775,6.80209950187916e-06,2.1114348047746e-09
74,"k25_prev08","quadratic",1.5,"pc1",0.0775,0.813416048371324,0.607022495102923
75,"k25_prev08","quadratic",1.5,"fitted",0.09,0.012881922769602,7.02863705923651e-05
75,"k25_prev08","quadratic",1.5,"pc1",0.09,0.980762220564179,0.594605881733879
76,"k25_prev08","quadratic",1.5,"fitted",0.0725,0.0132980004590136,5.39022717833681e-05
76,"k25_prev08","quadratic",1.5,"pc1",0.0725,0.336373890664943,0.400193805171146
77,"k25_prev08","quadratic",1.5,"fitted",0.0725,0.0225742412478935,3.41163452275417e-05
77,"k25_prev08","quadratic",1.5,"pc1",0.0725,0.769902529783425,0.925768741898852
78,"k25_prev08","quadratic",1.5,"fitted",0.0825,0.000967747759369475,7.76164547733327e-06
78,"k25_prev08","quadratic",1.5,"pc1",0.0825,0.0318811332014248,0.00113003961588964
79,"k25_prev08","quadratic",1.5,"fitted",0.0825,0.100972667355455,0.000997168270719051
79,"k25_prev08","quadratic",1.5,"pc1",0.0825,0.48302273726136,0.297606029908001
80,"k25_prev08","quadratic",1.5,"fitted",0.08,0.00534377936700814,2.76652017205947e-06
80,"k25_prev08","quadratic",1.5,"pc1",0.08,0.694932185560366,0.143126136674602
81,"k25_prev08","quadratic",1.5,"fitted",0.0825,2.46645048562755e-06,2.53353804602341e-09
81,"k25_prev08","quadratic",1.5,"pc1",0.0825,0.0289639310238758,0.0806949955063848
82,"k25_prev08","quadratic",1.5,"fitted",0.0825,0.000313506231135685,2.03445502888755e-07
82,"k25_prev08","quadratic",1.5,"pc1",0.0825,0.369873076473479,0.0201474535503572
83,"k25_prev08","quadratic",1.5,"fitted",0.075,0.00141103179758773,1.14487833169363e-05
83,"k25_prev08","quadratic",1.5,"pc1",0.075,0.0418923042977746,0.0220065280048112
84,"k25_prev08","quadratic",1.5,"fitted",0.075,0.0437503864332897,0.00199809088030412
84,"k25_prev08","quadratic",1.5,"pc1",0.075,0.572365028889492,0.142066739800179
85,"k25_prev08","quadratic",1.5,"fitted",0.095,0.000315368478845723,1.21078230996829e-07
85,"k25_prev08","quadratic",1.5,"pc1",0.095,0.085530290864245,0.0037629834687164
86,"k25_prev08","quadratic",1.5,"fitted",0.09,0.136976520866789,0.00365974592565721
86,"k25_prev08","quadratic",1.5,"pc1",0.09,0.268266394807646,0.0469874447978169
87,"k25_prev08","quadratic",1.5,"fitted",0.0775,0.00337211182065822,1.42804017418952e-05
87,"k25_prev08","quadratic",1.5,"pc1",0.0775,0.104145285477376,0.78697372328039
88,"k25_prev08","quadratic",1.5,"fitted",0.0775,0.00248897772931822,2.00682382989203e-06
88,"k25_prev08","quadratic",1.5,"pc1",0.0775,0.882586790087145,0.192912774462603
89,"k25_prev08","quadratic",1.5,"fitted",0.08,0.0021060537139761,7.85274520964663e-07
89,"k25_prev08","quadratic",1.5,"pc1",0.08,0.746039347635683,0.488579304806054
90,"k25_prev08","quadratic",1.5,"fitted",0.0775,5.0529676163702e-05,9.42443172002871e-06
90,"k25_prev08","quadratic",1.5,"pc1",0.0775,0.723866792132913,0.560850306708963
91,"k25_prev08","quadratic",1.5,"fitted",0.09,0.017392450819308,0.000101493866432878
91,"k25_prev08","quadratic",1.5,"pc1",0.09,0.448847202530471,0.523334279403413
92,"k25_prev08","quadratic",1.5,"fitted",0.07,0.00195121042447943,1.23157930529416e-05
92,"k25_prev08","quadratic",1.5,"pc1",0.07,0.0499353518497754,0.000110114984158027
93,"k25_prev08","quadratic",1.5,"fitted",0.0825,0.000370224284643283,5.94991206526174e-07
93,"k25_prev08","quadratic",1.5,"pc1",0.0825,0.00882575979916966,0.000564743731011008
94,"k25_prev08","quadratic",1.5,"fitted",0.0875,0.00407877276190027,2.2811605719375e-05
94,"k25_prev08","quadratic",1.5,"pc1",0.0875,0.233564940978829,0.0423956287043592
95,"k25_prev08","quadratic",1.5,"fitted",0.075,7.46590673539327e-06,4.83444017862489e-06
95,"k25_prev08","quadratic",1.5,"pc1",0.075,0.968913193848308,0.929227031951715
96,"k25_prev08","quadratic",1.5,"fitted",0.0725,0.0559285357851234,0.00387873787184112
96,"k25_prev08","quadratic",1.5,"pc1",0.0725,0.408536484819404,0.742689540342358
97,"k25_prev08","quadratic",1.5,"fitted",0.0675,0.00163567584959978,1.32582214664723e-05
97,"k25_prev08","quadratic",1.5,"pc1",0.0675,0.678368675807913,0.350493858739222
98,"k25_prev08","quadratic",1.5,"fitted",0.075,6.69862833579948e-06,0
98,"k25_prev08","quadratic",1.5,"pc1",0.075,0.316111477342424,0.316708510460831
99,"k25_prev08","quadratic",1.5,"fitted",0.0725,0.000308923849318687,2.56692397115899e-07
99,"k25_prev08","quadratic",1.5,"pc1",0.0725,0.406569775704522,0.034968532424454
100,"k25_prev08","quadratic",1.5,"fitted",0.08,0.00267045472554983,9.93921861724978e-06
100,"k25_prev08","quadratic",1.5,"pc1",0.08,0.765977597788707,0.780144642589684
101,"k25_prev08","quadratic",1.5,"fitted",0.0975,0.0160087443992172,0.00276251489385893
101,"k25_prev08","quadratic",1.5,"pc1",0.0975,0.981247869680626,0.771482437728556
102,"k25_prev08","quadratic",1.5,"fitted",0.0875,0.0943395215121298,0.00189924442356559
102,"k25_prev08","quadratic",1.5,"pc1",0.0875,0.235143542408062,0.333240716334867
103,"k25_prev08","quadratic",1.5,"fitted",0.07,0.0018617818076252,4.46309154600311e-06
103,"k25_prev08","quadratic",1.5,"pc1",0.07,0.00192164168675646,0.00150227216208909
104,"k25_prev08","quadratic",1.5,"fitted",0.08,0.0635285902246293,0.0205377015529975
104,"k25_prev08","quadratic",1.5,"pc1",0.08,0.272383100982444,0.0909595918080544
105,"k25_prev08","quadratic",1.5,"fitted",0.075,0.00135689322067356,2.86461162857243e-06
105,"k25_prev08","quadratic",1.5,"pc1",0.075,0.306790073675028,0.00776678866344449
106,"k25_prev08","quadratic",1.5,"fitted",0.0775,6.60677060015935e-05,7.02837121835387e-10
106,"k25_prev08","quadratic",1.5,"pc1",0.0775,0.717303506464858,0.232196832612155
107,"k25_prev08","quadratic",1.5,"fitted",0.08,0.00541009366057965,0.000244319808674454
107,"k25_prev08","quadratic",1.5,"pc1",0.08,0.581935672370123,0.127666207544911
108,"k25_prev08","quadratic",1.5,"fitted",0.0775,0.0045995863426701,1.36692053542831e-06
108,"k25_prev08","quadratic",1.5,"pc1",0.0775,0.816775292700235,0.785498679095453
109,"k25_prev08","quadratic",1.5,"fitted",0.0725,0.0077094539024043,9.6068537347449e-06
109,"k25_prev08","quadratic",1.5,"pc1",0.0725,0.104763129206688,0.250103824584532
110,"k25_prev08","quadratic",1.5,"fitted",0.0725,0.00818786847297825,9.71819512463057e-06
110,"k25_prev08","quadratic",1.5,"pc1",0.0725,0.493634088592185,0.164466317652956
111,"k25_prev08","quadratic",1.5,"fitted",0.08,4.83300373894657e-05,2.0953710988536e-09
111,"k25_prev08","quadratic",1.5,"pc1",0.08,0.460541236201454,0.357869164079688
112,"k25_prev08","quadratic",1.5,"fitted",0.0725,0.00293679511859135,3.77903499060306e-06
112,"k25_prev08","quadratic",1.5,"pc1",0.0725,0.89784451151694,0.604429034141105
113,"k25_prev08","quadratic",1.5,"fitted",0.0825,0.00203348916333324,8.05356103683597e-06
113,"k25_prev08","quadratic",1.5,"pc1",0.0825,0.902281609480172,0.706779622522291
114,"k25_prev08","quadratic",1.5,"fitted",0.0725,5.00652231654186e-05,4.36412381787932e-08
114,"k25_prev08","quadratic",1.5,"pc1",0.0725,0.0175046019513688,0.262483716244253
115,"k25_prev08","quadratic",1.5,"fitted",0.0775,0.0390706202343918,0.00162921633442359
115,"k25_prev08","quadratic",1.5,"pc1",0.0775,0.403901234810952,0.126121916132964
116,"k25_prev08","quadratic",1.5,"fitted",0.0825,0.337012138542808,0.0101332074584342
116,"k25_prev08","quadratic",1.5,"pc1",0.0825,0.166851366825157,0.232206040482763
117,"k25_prev08","quadratic",1.5,"fitted",0.075,1.2314189776097e-05,1.61865234549197e-08
117,"k25_prev08","quadratic",1.5,"pc1",0.075,0.914216585762261,0.340650708426015
118,"k25_prev08","quadratic",1.5,"fitted",0.0825,0.000343630071591994,2.42521514426386e-07
118,"k25_prev08","quadratic",1.5,"pc1",0.0825,0.00476400413667433,0.000192471898254998
119,"k25_prev08","quadratic",1.5,"fitted",0.0875,4.17005239987667e-05,1.48273102684726e-08
119,"k25_prev08","quadratic",1.5,"pc1",0.0875,0.809764111306334,0.755327721744283
120,"k25_prev08","quadratic",1.5,"fitted",0.0825,0.063265884790648,0.00114448445811499
120,"k25_prev08","quadratic",1.5,"pc1",0.0825,0.742911084076386,0.581416210615827
121,"k25_prev08","quadratic",1.5,"fitted",0.09,0.000378931387607917,1.35666399669887e-07
121,"k25_prev08","quadratic",1.5,"pc1",0.09,0.486102671849978,0.174170819982885
122,"k25_prev08","quadratic",1.5,"fitted",0.0825,2.81480531717504e-05,3.4206931953662e-08
122,"k25_prev08","quadratic",1.5,"pc1",0.0825,0.103046087096953,0.0256090742369919
123,"k25_prev08","quadratic",1.5,"fitted",0.0825,3.58675830424149e-05,0
123,"k25_prev08","quadratic",1.5,"pc1",0.0825,0.0156478514146531,3.33734765634031e-05
124,"k25_prev08","quadratic",1.5,"fitted",0.0875,4.30787363037144e-06,0
124,"k25_prev08","quadratic",1.5,"pc1",0.0875,0.623442773504556,0.989303946674211
125,"k25_prev08","quadratic",1.5,"fitted",0.075,0.000833224814482669,2.15898593558528e-06
125,"k25_prev08","quadratic",1.5,"pc1",0.075,0.806917562381026,0.401072052714609
126,"k25_prev08","quadratic",1.5,"fitted",0.075,8.97479503449983e-05,2.79874634578903e-09
126,"k25_prev08","quadratic",1.5,"pc1",0.075,0.0959663792451383,0.00749889931180481
127,"k25_prev08","quadratic",1.5,"fitted",0.08,5.52223420902109e-06,4.00228186758778e-06
127,"k25_prev08","quadratic",1.5,"pc1",0.08,0.0209286759387937,0.836688038013172
128,"k25_prev08","quadratic",1.5,"fitted",0.0775,0.112324340005072,0.00147094371205725
128,"k25_prev08","quadratic",1.5,"pc1",0.0775,0.980881762170276,0.322537043917161
129,"k25_prev08","quadratic",1.5,"fitted",0.08,0.000300821617615021,3.98806174084498e-07
129,"k25_prev08","quadratic",1.5,"pc1",0.08,0.492838951448146,0.606886810032857
130,"k25_prev08","quadratic",1.5,"fitted",0.085,0.0434681824864622,0.000321565823386383
130,"k25_prev08","quadratic",1.5,"pc1",0.085,0.501455027176145,0.360540900315079
131,"k25_prev08","quadratic",1.5,"fitted",0.0875,9.36272707584562e-05,2.39435875570848e-08
131,"k25_prev08","quadratic",1.5,"pc1",0.0875,0.241911543987411,0.575609084645803
132,"k25_prev08","quadratic",1.5,"fitted",0.0925,8.42718248564855e-05,0.000372789058766587
132,"k25_prev08","quadratic",1.5,"pc1",0.0925,0.992448552659615,0.829434697153826
133,"k25_prev08","quadratic",1.5,"fitted",0.07,0.00212479796786869,2.4426848508341e-06
133,"k25_prev08","quadratic",1.5,"pc1",0.07,0.626831790117594,0.26558693759717
134,"k25_prev08","quadratic",1.5,"fitted",0.075,0.00123569520806432,1.33943460889352e-06
134,"k25_prev08","quadratic",1.5,"pc1",0.075,0.0326437293652707,0.0291087603824367
135,"k25_prev08","quadratic",1.5,"fitted",0.07,0.000133414367886941,4.41887180180345e-08
135,"k25_prev08","quadratic",1.5,"pc1",0.07,0.175408927044263,0.0524977614815723
136,"k25_prev08","quadratic",1.5,"fitted",0.0725,3.59871381216958e-05,2.47127076580256e-08
136,"k25_prev08","quadratic",1.5,"pc1",0.0725,0.532364623903137,0.362075756633785
137,"k25_prev08","quadratic",1.5,"fitted",0.085,0.000990301075937783,5.34606523272529e-07
137,"k25_prev08","quadratic",1.5,"pc1",0.085,0.736703028633161,0.331927362404056
138,"k25_prev08","quadratic",1.5,"fitted",0.0675,2.76044631831729e-05,5.87693871345607e-08
138,"k25_prev08","quadratic",1.5,"pc1",0.0675,0.292502434112852,0.288640209840578
139,"k25_prev08","quadratic",1.5,"fitted",0.0775,0.00450985864182807,0.000294152497034572
139,"k25_prev08","quadratic",1.5,"pc1",0.0775,0.96915850536494,0.298952252759843
140,"k25_prev08","quadratic",1.5,"fitted",0.0875,2.94590366056724e-06,1.60976056928774e-07
140,"k25_prev08","quadratic",1.5,"pc1",0.0875,0.433132446772639,0.903680454858713
141,"k25_prev08","quadratic",1.5,"fitted",0.075,3.76767533594169e-06,5.17173048830699e-09
141,"k25_prev08","quadratic",1.5,"pc1",0.075,0.0909477546744399,0.00487586680966712
142,"k25_prev08","quadratic",1.5,"fitted",0.085,0.0378777531935738,0.000299288858366387
142,"k25_prev08","quadratic",1.5,"pc1",0.085,0.249729652965955,0.741543191318647
143,"k25_prev08","quadratic",1.5,"fitted",0.0825,0.00149431294698554,3.63490548305201e-06
143,"k25_prev08","quadratic",1.5,"pc1",0.0825,0.664656664266857,0.710242985661054
144,"k25_prev08","quadratic",1.5,"fitted",0.0675,0.00340765387240372,1.01974448106779e-05
144,"k25_prev08","quadratic",1.5,"pc1",0.0675,0.716610634170868,0.471963968529684
145,"k25_prev08","quadratic",1.5,"fitted",0.0775,0.0232405933685855,0.000360796626689641
145,"k25_prev08","quadratic",1.5,"pc1",0.0775,0.0250699908760472,0.000501354247868901
146,"k25_prev08","quadratic",1.5,"fitted",0.095,0.000165329118210322,7.5613365790872e-08
146,"k25_prev08","quadratic",1.5,"pc1",0.095,0.447975466443804,0.048908298938204
147,"k25_prev08","quadratic",1.5,"fitted",0.07,0.000218318537971829,6.27810918328864e-05
147,"k25_prev08","quadratic",1.5,"pc1",0.07,0.880892862805248,0.625823554411797
148,"k25_prev08","quadratic",1.5,"fitted",0.075,0.0198830825646327,1.73382275597822e-05
148,"k25_prev08","quadratic",1.5,"pc1",0.075,0.872718513312672,0.410299825430042
149,"k25_prev08","quadratic",1.5,"fitted",0.0875,0.0521213677137078,0.000630399418099392
149,"k25_prev08","quadratic",1.5,"pc1",0.0875,0.0663940455584074,0.00140219939086128
150,"k25_prev08","quadratic",1.5,"fitted",0.0925,0.000295575528107772,8.02915865802944e-05
150,"k25_prev08","quadratic",1.5,"pc1",0.0925,0.218654367472409,0.176424239295509
151,"k25_prev08","quadratic",1.5,"fitted",0.085,0.00614841895765861,5.66198896856385e-06
151,"k25_prev08","quadratic",1.5,"pc1",0.085,0.882689534500249,0.709887939033488
152,"k25_prev08","quadratic",1.5,"fitted",0.0725,0.0535197885237702,0.00439250223038279
152,"k25_prev08","quadratic",1.5,"pc1",0.0725,0.709378261537268,0.449101340785725
153,"k25_prev08","quadratic",1.5,"fitted",0.0775,3.83841353368553e-07,0
153,"k25_prev08","quadratic",1.5,"pc1",0.0775,0.333077860634228,0.364932440235067
154,"k25_prev08","quadratic",1.5,"fitted",0.0775,0.00012330846551234,5.1415056034898e-07
154,"k25_prev08","quadratic",1.5,"pc1",0.0775,0.67725478272876,0.831333080576223
155,"k25_prev08","quadratic",1.5,"fitted",0.07,0.0142828684629257,2.74328006150126e-05
155,"k25_prev08","quadratic",1.5,"pc1",0.07,0.709938405480814,0.410486049067502
156,"k25_prev08","quadratic",1.5,"fitted",0.085,0.393991928549452,0.0306398527546105
156,"k25_prev08","quadratic",1.5,"pc1",0.085,0.614174334653732,0.659548429950317
157,"k25_prev08","quadratic",1.5,"fitted",0.08,0.000511127233696618,6.60822537246197e-07
157,"k25_prev08","quadratic",1.5,"pc1",0.08,0.103260998612572,0.0300010681713212
158,"k25_prev08","quadratic",1.5,"fitted",0.0825,0.323641475910184,0.0407183312133843
158,"k25_prev08","quadratic",1.5,"pc1",0.0825,0.52057170069447,0.523130688059938
159,"k25_prev08","quadratic",1.5,"fitted",0.0825,0.000125148681351051,2.50800964440856e-08
159,"k25_prev08","quadratic",1.5,"pc1",0.0825,0.828895431324543,0.245287544634342
160,"k25_prev08","quadratic",1.5,"fitted",0.08,4.72437223042466e-05,1.47188461419034e-08
160,"k25_prev08","quadratic",1.5,"pc1",0.08,0.618729246956707,0.165416968739904
161,"k25_prev08","quadratic",1.5,"fitted",0.0875,0.000290917949767766,5.73404628223528e-08
161,"k25_prev08","quadratic",1.5,"pc1",0.0875,0.833252330001919,0.669177288194976
162,"k25_prev08","quadratic",1.5,"fitted",0.0825,0.0111206281451703,1.42355329295629e-05
162,"k25_prev08","quadratic",1.5,"pc1",0.0825,0.728226074388462,0.481287044922484
163,"k25_prev08","quadratic",1.5,"fitted",0.0725,0.000192056860190526,1.425882423578e-06
163,"k25_prev08","quadratic",1.5,"pc1",0.0725,0.442197587918108,0.16622819279098
164,"k25_prev08","quadratic",1.5,"fitted",0.075,0.00031293149051359,1.26529932642505e-07
164,"k25_prev08","quadratic",1.5,"pc1",0.075,0.135481267510767,0.0045694802195102
165,"k25_prev08","quadratic",1.5,"fitted",0.0725,0.0149249796711795,8.44878432618712e-05
165,"k25_prev08","quadratic",1.5,"pc1",0.0725,0.309826217484058,0.0431077896605812
166,"k25_prev08","quadratic",1.5,"fitted",0.0725,0.359620484938246,0.013127771730836
166,"k25_prev08","quadratic",1.5,"pc1",0.0725,0.466364348934564,0.54071506539638
167,"k25_prev08","quadratic",1.5,"fitted",0.085,0.00192893099184421,1.22089588128205e-06
167,"k25_prev08","quadratic",1.5,"pc1",0.085,0.338386667282841,0.934674748658218
168,"k25_prev08","quadratic",1.5,"fitted",0.0725,0.233603556068659,0.0065914116406367
168,"k25_prev08","quadratic",1.5,"pc1",0.0725,0.472081489615677,0.131466439122393
169,"k25_prev08","quadratic",1.5,"fitted",0.08,0.0100697553132759,0.000367623448559229
169,"k25_prev08","quadratic",1.5,"pc1",0.08,0.119266648230411,0.640990584655731
170,"k25_prev08","quadratic",1.5,"fitted",0.0825,0.0295174833932808,0.00019235462606948
170,"k25_prev08","quadratic",1.5,"pc1",0.0825,0.556922178272296,0.71005920812932
171,"k25_prev08","quadratic",1.5,"fitted",0.09,9.28596584071073e-08,3.94238431900007e-08
171,"k25_prev08","quadratic",1.5,"pc1",0.09,3.61715096763859e-08,5.60504975766207e-08
172,"k25_prev08","quadratic",1.5,"fitted",0.08,0.000512281385905311,2.26136056102888e-06
172,"k25_prev08","quadratic",1.5,"pc1",0.08,0.150555014578194,0.16713482826121
173,"k25_prev08","quadratic",1.5,"fitted",0.08,0.00354210369519337,3.05562444202767e-06
173,"k25_prev08","quadratic",1.5,"pc1",0.08,0.402478446894916,0.367780208380436
174,"k25_prev08","quadratic",1.5,"fitted",0.08,0.0018714672463731,5.74318156210119e-06
174,"k25_prev08","quadratic",1.5,"pc1",0.08,0.776960371334279,0.237588169608921
175,"k25_prev08","quadratic",1.5,"fitted",0.0775,0.0024255123796415,4.20986144766822e-05
175,"k25_prev08","quadratic",1.5,"pc1",0.0775,0.897109977508382,0.579383959333047
176,"k25_prev08","quadratic",1.5,"fitted",0.0775,0.00726159434053641,1.46426740852412e-05
176,"k25_prev08","quadratic",1.5,"pc1",0.0775,0.0693459272734996,0.364302775144236
177,"k25_prev08","quadratic",1.5,"fitted",0.0825,0.255554636756791,0.00375186454971099
177,"k25_prev08","quadratic",1.5,"pc1",0.0825,0.923094770527469,0.962512414866126
178,"k25_prev08","quadratic",1.5,"fitted",0.0825,0.0059847394097039,4.40323819206334e-06
178,"k25_prev08","quadratic",1.5,"pc1",0.0825,0.0161830069606194,0.00101998284427685
179,"k25_prev08","quadratic",1.5,"fitted",0.0825,0.00696863148113513,3.98685051261616e-06
179,"k25_prev08","quadratic",1.5,"pc1",0.0825,0.22065724921922,0.510588539501059
180,"k25_prev08","quadratic",1.5,"fitted",0.08,0.0614299594105802,0.000507722247606757
180,"k25_prev08","quadratic",1.5,"pc1",0.08,0.533618166663583,0.0992595102939553
181,"k25_prev08","quadratic",1.5,"fitted",0.09,0.262195329027911,0.00135175170559698
181,"k25_prev08","quadratic",1.5,"pc1",0.09,0.05189297976296,0.0405200810759579
182,"k25_prev08","quadratic",1.5,"fitted",0.075,0.024371355296837,0.000179456377448206
182,"k25_prev08","quadratic",1.5,"pc1",0.075,0.344111253138567,0.0470040856101811
183,"k25_prev08","quadratic",1.5,"fitted",0.0775,0.00327059283687448,2.86363280876945e-06
183,"k25_prev08","quadratic",1.5,"pc1",0.0775,0.0898241959242921,0.00222469032793893
184,"k25_prev08","quadratic",1.5,"fitted",0.095,3.48690161489085e-06,1.61161040068691e-09
184,"k25_prev08","quadratic",1.5,"pc1",0.095,0.978661807812033,0.659479792011979
185,"k25_prev08","quadratic",1.5,"fitted",0.0725,1.36360835533145e-05,7.16909311693215e-07
185,"k25_prev08","quadratic",1.5,"pc1",0.0725,0.635240625024882,0.163401319436257
186,"k25_prev08","quadratic",1.5,"fitted",0.0775,0.000385401096116622,1.42003207748154e-07
186,"k25_prev08","quadratic",1.5,"pc1",0.0775,0.222857349324853,0.170469651360335
187,"k25_prev08","quadratic",1.5,"fitted",0.0925,0.0360528493803888,0.000601390732675289
187,"k25_prev08","quadratic",1.5,"pc1",0.0925,0.0268795785168913,0.840304867095258
188,"k25_prev08","quadratic",1.5,"fitted",0.08,3.90733487765083e-05,5.91858980225624e-06
188,"k25_prev08","quadratic",1.5,"pc1",0.08,0.313200728853889,0.140209930797475
189,"k25_prev08","quadratic",1.5,"fitted",0.0825,0.000428791638700798,6.88012328597942e-05
189,"k25_prev08","quadratic",1.5,"pc1",0.0825,0.916934249842539,0.640680346425897
190,"k25_prev08","quadratic",1.5,"fitted",0.0925,0.108427826587209,0.0015306895993763
190,"k25_prev08","quadratic",1.5,"pc1",0.0925,0.913316240690795,0.858686516004042
191,"k25_prev08","quadratic",1.5,"fitted",0.075,0.000243209319258142,7.94197826392562e-08
191,"k25_prev08","quadratic",1.5,"pc1",0.075,0.60145530011311,0.193391625535211
192,"k25_prev08","quadratic",1.5,"fitted",0.07,0.00580556945043675,2.608124682002e-06
192,"k25_prev08","quadratic",1.5,"pc1",0.07,0.0973081220082943,0.00533113076932445
193,"k25_prev08","quadratic",1.5,"fitted",0.085,0.00133879452948138,4.65905021451718e-07
193,"k25_prev08","quadratic",1.5,"pc1",0.085,0.401509826974697,0.116778452547518
194,"k25_prev08","quadratic",1.5,"fitted",0.0725,0.302564411442726,0.00925379888919287
194,"k25_prev08","quadratic",1.5,"pc1",0.0725,0.260017125141925,0.164903149061574
195,"k25_prev08","quadratic",1.5,"fitted",0.075,0.0042112151211835,1.43129748089166e-05
195,"k25_prev08","quadratic",1.5,"pc1",0.075,0.366553971937153,0.420953777538758
196,"k25_prev08","quadratic",1.5,"fitted",0.0825,0.120936519809241,0.0013908484605083
196,"k25_prev08","quadratic",1.5,"pc1",0.0825,0.059926017839921,0.0078231286320507
197,"k25_prev08","quadratic",1.5,"fitted",0.0775,0.0233137112430276,0.000217013286952339
197,"k25_prev08","quadratic",1.5,"pc1",0.0775,0.664432297859283,0.609605688066876
198,"k25_prev08","quadratic",1.5,"fitted",0.08,0.0010100404664134,1.22324852025457e-06
198,"k25_prev08","quadratic",1.5,"pc1",0.08,0.0569987676318736,0.00524969862840297
199,"k25_prev08","quadratic",1.5,"fitted",0.09,0.000246919228879872,9.10725380665056e-07
199,"k25_prev08","quadratic",1.5,"pc1",0.09,0.122916265357396,0.911521984262862
200,"k25_prev08","quadratic",1.5,"fitted",0.075,1.69408966085305e-05,7.17259578064677e-06
200,"k25_prev08","quadratic",1.5,"pc1",0.075,0.14817663080695,0.064136400339796
201,"k25_prev08","quadratic",1.5,"fitted",0.0875,0.00169485866482755,8.77468424986816e-06
201,"k25_prev08","quadratic",1.5,"pc1",0.0875,0.085356370201057,0.000965169510228958
202,"k25_prev08","quadratic",1.5,"fitted",0.0725,0.000452281696460166,2.61805699341977e-07
202,"k25_prev08","quadratic",1.5,"pc1",0.0725,0.608099670666991,0.213075962280938
203,"k25_prev08","quadratic",1.5,"fitted",0.0725,8.12337081167458e-05,1.5990952606515e-07
203,"k25_prev08","quadratic",1.5,"pc1",0.0725,0.8902994125297,0.209425849865727
204,"k25_prev08","quadratic",1.5,"fitted",0.0825,0.00182973609636594,0.000686599670220001
204,"k25_prev08","quadratic",1.5,"pc1",0.0825,0.300048833163061,0.212001881043622
205,"k25_prev08","quadratic",1.5,"fitted",0.08,0.00577891589042578,3.60916747144113e-06
205,"k25_prev08","quadratic",1.5,"pc1",0.08,0.307576963940926,0.114513383025968
206,"k25_prev08","quadratic",1.5,"fitted",0.0775,0.00120335666047855,1.46370551901143e-07
206,"k25_prev08","quadratic",1.5,"pc1",0.0775,0.438168079191342,0.189851494313788
207,"k25_prev08","quadratic",1.5,"fitted",0.075,5.06954323701292e-05,4.82107174182289e-08
207,"k25_prev08","quadratic",1.5,"pc1",0.075,0.0300106530315467,0.000286350922262479
208,"k25_prev08","quadratic",1.5,"fitted",0.0875,9.79625874910628e-05,3.30789615935467e-05
208,"k25_prev08","quadratic",1.5,"pc1",0.0875,0.490969478118934,0.242844403071596
209,"k25_prev08","quadratic",1.5,"fitted",0.0825,9.37995784244805e-05,2.30276603230273e-07
209,"k25_prev08","quadratic",1.5,"pc1",0.0825,0.90954003693157,0.374921994195046
210,"k25_prev08","quadratic",1.5,"fitted",0.08,0.00217726234808269,6.72475201135558e-06
210,"k25_prev08","quadratic",1.5,"pc1",0.08,0.534018503704143,0.0860885839993023
211,"k25_prev08","quadratic",1.5,"fitted",0.075,0.000791946231351148,3.71428362972992e-05
211,"k25_prev08","quadratic",1.5,"pc1",0.075,0.0921603970959258,0.0922349035176029
212,"k25_prev08","quadratic",1.5,"fitted",0.09,0.000349959660054799,3.53387494681501e-05
212,"k25_prev08","quadratic",1.5,"pc1",0.09,0.853409814921383,0.923120040805021
213,"k25_prev08","quadratic",1.5,"fitted",0.075,0.0244987301362625,0.000825341985932093
213,"k25_prev08","quadratic",1.5,"pc1",0.075,0.433738554097471,0.270502493935276
214,"k25_prev08","quadratic",1.5,"fitted",0.0875,0.00054471067980455,1.00398548918967e-06
214,"k25_prev08","quadratic",1.5,"pc1",0.0875,0.829071762783446,0.950822791550848
215,"k25_prev08","quadratic",1.5,"fitted",0.09,0.0176258299382346,4.35881090568024e-05
215,"k25_prev08","quadratic",1.5,"pc1",0.09,0.668287385740593,0.0987366034843513
216,"k25_prev08","quadratic",1.5,"fitted",0.0725,0.000414959714791996,1.64096395138813e-07
216,"k25_prev08","quadratic",1.5,"pc1",0.0725,0.213576051258199,0.0555238952456065
217,"k25_prev08","quadratic",1.5,"fitted",0.0775,1.46512699842338e-05,1.34062010690439e-05
217,"k25_prev08","quadratic",1.5,"pc1",0.0775,0.0377420922626071,0.0062440169196506
218,"k25_prev08","quadratic",1.5,"fitted",0.08,0.000165091800816475,9.7278492705577e-08
218,"k25_prev08","quadratic",1.5,"pc1",0.08,0.180244288199436,0.0631218337439559
219,"k25_prev08","quadratic",1.5,"fitted",0.0725,0.000114150040390504,5.06466174554632e-08
219,"k25_prev08","quadratic",1.5,"pc1",0.0725,0.293987383828559,0.0101949648096762
220,"k25_prev08","quadratic",1.5,"fitted",0.075,0.249388779364628,0.00336577817481842
220,"k25_prev08","quadratic",1.5,"pc1",0.075,0.709854569093007,0.169917232914905
221,"k25_prev08","quadratic",1.5,"fitted",0.075,0.00991957373269314,1.48677076807768e-05
221,"k25_prev08","quadratic",1.5,"pc1",0.075,0.958565697963404,0.204178960525396
222,"k25_prev08","quadratic",1.5,"fitted",0.0725,0.0677040435430596,0.00046489744932332
222,"k25_prev08","quadratic",1.5,"pc1",0.0725,0.741275187761142,0.0729985333057146
223,"k25_prev08","quadratic",1.5,"fitted",0.075,0.0222322006809537,0.00013915158201927
223,"k25_prev08","quadratic",1.5,"pc1",0.075,0.547184001861737,0.0779274699746657
224,"k25_prev08","quadratic",1.5,"fitted",0.0775,0.000180257972210329,3.50923052616636e-07
224,"k25_prev08","quadratic",1.5,"pc1",0.0775,0.239194402330267,0.443279994670634
225,"k25_prev08","quadratic",1.5,"fitted",0.0875,0.000372843103763176,4.44092905782512e-07
225,"k25_prev08","quadratic",1.5,"pc1",0.0875,0.283833494346145,0.150096847737354
226,"k25_prev08","quadratic",1.5,"fitted",0.0775,2.02878135846518e-07,0
226,"k25_prev08","quadratic",1.5,"pc1",0.0775,0.000773113465216912,9.27411041840021e-06
227,"k25_prev08","quadratic",1.5,"fitted",0.09,0.000246540812459228,5.21260183905525e-08
227,"k25_prev08","quadratic",1.5,"pc1",0.09,0.883262311448342,0.403075008723775
228,"k25_prev08","quadratic",1.5,"fitted",0.0875,0.000100070247996742,1.32353171755639e-08
228,"k25_prev08","quadratic",1.5,"pc1",0.0875,0.930861384208808,0.607948479886325
229,"k25_prev08","quadratic",1.5,"fitted",0.0725,0.216227502229138,0.00352923218263268
229,"k25_prev08","quadratic",1.5,"pc1",0.0725,0.642381710393618,0.336779609374535
230,"k25_prev08","quadratic",1.5,"fitted",0.0675,0.0141489772871797,9.25113025674884e-05
230,"k25_prev08","quadratic",1.5,"pc1",0.0675,0.645898023723985,0.753581086934392
231,"k25_prev08","quadratic",1.5,"fitted",0.085,0.0148497836965542,0.000789024919450765
231,"k25_prev08","quadratic",1.5,"pc1",0.085,0.531479784608473,0.693521067998995
232,"k25_prev08","quadratic",1.5,"fitted",0.075,0.00165473250339854,5.85372358585801e-07
232,"k25_prev08","quadratic",1.5,"pc1",0.075,0.0576716125258256,0.0574979060471095
233,"k25_prev08","quadratic",1.5,"fitted",0.075,9.27337268415984e-05,5.70479019579295e-07
233,"k25_prev08","quadratic",1.5,"pc1",0.075,0.0181229937932412,0.00412630207317988
234,"k25_prev08","quadratic",1.5,"fitted",0.07,3.71486731665094e-06,8.42543812495933e-11
234,"k25_prev08","quadratic",1.5,"pc1",0.07,0.0718407389907298,0.000503472396907623
235,"k25_prev08","quadratic",1.5,"fitted",0.0875,8.91012839513428e-05,6.25236149520703e-08
235,"k25_prev08","quadratic",1.5,"pc1",0.0875,0.741524771772295,0.17028898930684
236,"k25_prev08","quadratic",1.5,"fitted",0.0775,8.88821238831383e-09,0
236,"k25_prev08","quadratic",1.5,"pc1",0.0775,0.0219622047758086,0.000279033683198815
237,"k25_prev08","quadratic",1.5,"fitted",0.0825,0.00707510492581243,7.01788171475481e-06
237,"k25_prev08","quadratic",1.5,"pc1",0.0825,0.369625312004909,0.0560216077232281
238,"k25_prev08","quadratic",1.5,"fitted",0.0825,0.00146468843433578,7.74016512439246e-07
238,"k25_prev08","quadratic",1.5,"pc1",0.0825,0.759070552871757,0.203398894613961
239,"k25_prev08","quadratic",1.5,"fitted",0.075,0.00866127389130089,8.67403646487297e-06
239,"k25_prev08","quadratic",1.5,"pc1",0.075,0.754127244942519,0.962131753956417
240,"k25_prev08","quadratic",1.5,"fitted",0.0825,0.0224745145917289,0.000218447816639711
240,"k25_prev08","quadratic",1.5,"pc1",0.0825,0.26572687329806,0.0318721898203397
241,"k25_prev08","quadratic",1.5,"fitted",0.0875,0.00148155239487002,5.15848301094746e-05
241,"k25_prev08","quadratic",1.5,"pc1",0.0875,0.218749797809508,0.123441960421787
242,"k25_prev08","quadratic",1.5,"fitted",0.0725,0.0108717522316835,1.90815029120772e-05
242,"k25_prev08","quadratic",1.5,"pc1",0.0725,0.239879306724114,0.0150791426140165
243,"k25_prev08","quadratic",1.5,"fitted",0.075,0.0848587716095758,0.00282484649067583
243,"k25_prev08","quadratic",1.5,"pc1",0.075,0.65302449971955,0.288446524122071
244,"k25_prev08","quadratic",1.5,"fitted",0.0875,0.461157754431897,0.0202601859953014
244,"k25_prev08","quadratic",1.5,"pc1",0.0875,0.327418181370072,0.232731999281015
245,"k25_prev08","quadratic",1.5,"fitted",0.075,0.0192929741173324,2.90847501311919e-05
245,"k25_prev08","quadratic",1.5,"pc1",0.075,0.65303140640055,0.914792286833754
246,"k25_prev08","quadratic",1.5,"fitted",0.075,0.0025966418987875,6.60875072444611e-07
246,"k25_prev08","quadratic",1.5,"pc1",0.075,0.2286176741459,0.559722351234935
247,"k25_prev08","quadratic",1.5,"fitted",0.07,0.0309312162958919,0.00092467990468037
247,"k25_prev08","quadratic",1.5,"pc1",0.07,0.840380201202299,0.792344532373808
248,"k25_prev08","quadratic",1.5,"fitted",0.0775,0.00221474953314638,1.28112972792582e-05
248,"k25_prev08","quadratic",1.5,"pc1",0.0775,0.771364038773406,0.889426687037096
249,"k25_prev08","quadratic",1.5,"fitted",0.06,0.443315492079985,0.158904004089671
249,"k25_prev08","quadratic",1.5,"pc1",0.06,0.702673134529094,0.439621604034883
250,"k25_prev08","quadratic",1.5,"fitted",0.0725,0.402524645927272,0.0379939977827362
250,"k25_prev08","quadratic",1.5,"pc1",0.0725,0.656671534585231,0.646786188180236
251,"k25_prev08","quadratic",1.5,"fitted",0.0725,0.00315709646942386,7.42600756886702e-07
251,"k25_prev08","quadratic",1.5,"pc1",0.0725,0.0820986765228193,0.00643751539821769
252,"k25_prev08","quadratic",1.5,"fitted",0.0875,0.00124507627790005,2.05372314820984e-07
252,"k25_prev08","quadratic",1.5,"pc1",0.0875,0.0477645748827011,0.00482651985866744
253,"k25_prev08","quadratic",1.5,"fitted",0.08,0.00022467405077542,1.47704196762355e-07
253,"k25_prev08","quadratic",1.5,"pc1",0.08,0.952817642538105,0.584363269832925
254,"k25_prev08","quadratic",1.5,"fitted",0.0825,0.000462457261635851,1.4504524389336e-06
254,"k25_prev08","quadratic",1.5,"pc1",0.0825,0.45704252364667,0.158753893821695
255,"k25_prev08","quadratic",1.5,"fitted",0.07,0.00574375459657772,1.9412662424334e-05
255,"k25_prev08","quadratic",1.5,"pc1",0.07,0.517204701541266,0.0615737636649313
256,"k25_prev08","quadratic",1.5,"fitted",0.0925,0.0182793461180383,0.000114522321610244
256,"k25_prev08","quadratic",1.5,"pc1",0.0925,0.114759729469417,0.163125707891015
257,"k25_prev08","quadratic",1.5,"fitted",0.0925,0.0310672305426036,0.000151485373006022
257,"k25_prev08","quadratic",1.5,"pc1",0.0925,0.867175770378497,0.867462592346921
258,"k25_prev08","quadratic",1.5,"fitted",0.0875,0.00042995713295868,1.53086694765214e-07
258,"k25_prev08","quadratic",1.5,"pc1",0.0875,0.584695110875824,0.316091644412101
259,"k25_prev08","quadratic",1.5,"fitted",0.09,0.00677040752398006,2.72253946542733e-05
259,"k25_prev08","quadratic",1.5,"pc1",0.09,0.315497629865575,0.175782702018341
260,"k25_prev08","quadratic",1.5,"fitted",0.085,0.00133069463130908,1.20971860551045e-06
260,"k25_prev08","quadratic",1.5,"pc1",0.085,0.38101660665351,0.0145416398026267
261,"k25_prev08","quadratic",1.5,"fitted",0.0825,8.77424073804089e-05,7.14126699996598e-08
261,"k25_prev08","quadratic",1.5,"pc1",0.0825,0.0484106339197137,0.0182587670685506
262,"k25_prev08","quadratic",1.5,"fitted",0.0675,0.000299840657644657,3.25311125148886e-07
262,"k25_prev08","quadratic",1.5,"pc1",0.0675,0.276565445138274,0.235310947460879
263,"k25_prev08","quadratic",1.5,"fitted",0.08,0.0336349839111099,0.00029712811021565
263,"k25_prev08","quadratic",1.5,"pc1",0.08,0.850940523481533,0.870792100467941
264,"k25_prev08","quadratic",1.5,"fitted",0.0775,0.00279422753826419,1.40759108528954e-05
264,"k25_prev08","quadratic",1.5,"pc1",0.0775,0.965213721089357,0.892595386239183
265,"k25_prev08","quadratic",1.5,"fitted",0.08,0.00101407870045045,3.18503693130801e-06
265,"k25_prev08","quadratic",1.5,"pc1",0.08,0.356949940356127,0.259590433216893
266,"k25_prev08","quadratic",1.5,"fitted",0.0675,0.00582912742939057,4.14038951581652e-05
266,"k25_prev08","quadratic",1.5,"pc1",0.0675,0.188826724640073,0.321321531755897
267,"k25_prev08","quadratic",1.5,"fitted",0.075,0.00242919068092806,0.00022551167059881
267,"k25_prev08","quadratic",1.5,"pc1",0.075,0.213971140057902,0.274038314857028
268,"k25_prev08","quadratic",1.5,"fitted",0.075,0.00146805046851539,7.89704490367082e-06
268,"k25_prev08","quadratic",1.5,"pc1",0.075,0.202245967099096,0.0263203385387831
269,"k25_prev08","quadratic",1.5,"fitted",0.0825,0.0268874515434628,0.000173273626413284
269,"k25_prev08","quadratic",1.5,"pc1",0.0825,0.243358938158259,0.00421569023138768
270,"k25_prev08","quadratic",1.5,"fitted",0.085,0.0093933255638009,8.08343627498598e-05
270,"k25_prev08","quadratic",1.5,"pc1",0.085,0.0185060062307101,0.000226386283788571
271,"k25_prev08","quadratic",1.5,"fitted",0.0925,0.003249049646188,4.66179249232201e-05
271,"k25_prev08","quadratic",1.5,"pc1",0.0925,0.454989818236745,0.948235797180428
272,"k25_prev08","quadratic",1.5,"fitted",0.09,0.00180276790103884,2.84643352153058e-05
272,"k25_prev08","quadratic",1.5,"pc1",0.09,0.498963811147029,0.226531267923148
273,"k25_prev08","quadratic",1.5,"fitted",0.0775,0.000476460478172624,3.80312398662319e-06
273,"k25_prev08","quadratic",1.5,"pc1",0.0775,0.0172583057055178,0.204121271463371
274,"k25_prev08","quadratic",1.5,"fitted",0.08,0.027458467250652,0.000366093611411822
274,"k25_prev08","quadratic",1.5,"pc1",0.08,0.493920021120919,0.65496862409677
275,"k25_prev08","quadratic",1.5,"fitted",0.085,0.00806383596541449,0.000136309607633889
275,"k25_prev08","quadratic",1.5,"pc1",0.085,0.12615958454993,0.919294412859128
276,"k25_prev08","quadratic",1.5,"fitted",0.0825,0.00204339280305366,4.93890798471952e-05
276,"k25_prev08","quadratic",1.5,"pc1",0.0825,0.581298053727438,0.0510312064379963
277,"k25_prev08","quadratic",1.5,"fitted",0.0875,0.00347545947385097,7.9304417331505e-05
277,"k25_prev08","quadratic",1.5,"pc1",0.0875,0.298386912172947,0.0035836372958824
278,"k25_prev08","quadratic",1.5,"fitted",0.0825,0.0377755285899459,0.000571718593977977
278,"k25_prev08","quadratic",1.5,"pc1",0.0825,0.293091412962122,0.198480138295239
279,"k25_prev08","quadratic",1.5,"fitted",0.0675,2.80358562567695e-05,3.03042613225557e-09
279,"k25_prev08","quadratic",1.5,"pc1",0.0675,0.117857513889062,0.0663165287233348
280,"k25_prev08","quadratic",1.5,"fitted",0.0725,6.50443787997279e-06,2.7552743420145e-09
280,"k25_prev08","quadratic",1.5,"pc1",0.0725,0.224238284476124,0.0487172131853277
281,"k25_prev08","quadratic",1.5,"fitted",0.0825,0.00102327601645713,9.35920861744322e-06
281,"k25_prev08","quadratic",1.5,"pc1",0.0825,0.00539541777616159,0.000174019549207705
282,"k25_prev08","quadratic",1.5,"fitted",0.0775,9.55259645174511e-06,3.33307237365688e-09
282,"k25_prev08","quadratic",1.5,"pc1",0.0775,0.525988030195839,0.515493074562148
283,"k25_prev08","quadratic",1.5,"fitted",0.08,0.00244177140810131,3.04527521899356e-06
283,"k25_prev08","quadratic",1.5,"pc1",0.08,0.334997228644244,0.239001468896668
284,"k25_prev08","quadratic",1.5,"fitted",0.0825,0.0217025821736626,0.000102660744517147
284,"k25_prev08","quadratic",1.5,"pc1",0.0825,0.823203012092488,0.112163227844635
285,"k25_prev08","quadratic",1.5,"fitted",0.0875,0.00369892286681472,8.28307605906797e-05
285,"k25_prev08","quadratic",1.5,"pc1",0.0875,0.921783903252128,0.529780319332143
286,"k25_prev08","quadratic",1.5,"fitted",0.085,0.000153545774384312,1.41794925800909e-08
286,"k25_prev08","quadratic",1.5,"pc1",0.085,0.185176248409547,0.0493699372073125
287,"k25_prev08","quadratic",1.5,"fitted",0.085,0.000504144957223174,2.33394304327561e-07
287,"k25_prev08","quadratic",1.5,"pc1",0.085,0.685572083074094,0.162215020969991
288,"k25_prev08","quadratic",1.5,"fitted",0.085,0.0394244208438534,0.00053750582232015
288,"k25_prev08","quadratic",1.5,"pc1",0.085,0.0317674763744649,0.565627112470481
289,"k25_prev08","quadratic",1.5,"fitted",0.0725,0.436931297804318,0.00613945450661235
289,"k25_prev08","quadratic",1.5,"pc1",0.0725,0.359910375025921,0.0449783661061438
290,"k25_prev08","quadratic",1.5,"fitted",0.075,0.012880080461227,6.78843342605262e-05
290,"k25_prev08","quadratic",1.5,"pc1",0.075,0.205973951242728,0.0968218963734182
291,"k25_prev08","quadratic",1.5,"fitted",0.0875,1.3781861403106e-05,1.42231195709996e-07
291,"k25_prev08","quadratic",1.5,"pc1",0.0875,0.728728709019332,0.913408959512835
292,"k25_prev08","quadratic",1.5,"fitted",0.07,0.000157102060565073,5.56404153861934e-08
292,"k25_prev08","quadratic",1.5,"pc1",0.07,0.369453579303568,0.779864717908387
293,"k25_prev08","quadratic",1.5,"fitted",0.0775,0.00110974253429075,1.55978436278126e-07
293,"k25_prev08","quadratic",1.5,"pc1",0.0775,0.0780931046884199,0.0104685371645205
294,"k25_prev08","quadratic",1.5,"fitted",0.0775,0.000203629457900867,8.70774889094594e-05
294,"k25_prev08","quadratic",1.5,"pc1",0.0775,0.0180071565387434,0.0240105071983981
295,"k25_prev08","quadratic",1.5,"fitted",0.08,0.000262951428595226,2.01942972566371e-07
295,"k25_prev08","quadratic",1.5,"pc1",0.08,0.966765889145934,0.994776906167007
296,"k25_prev08","quadratic",1.5,"fitted",0.075,0.00947418062731653,7.00786654312946e-05
296,"k25_prev08","quadratic",1.5,"pc1",0.075,0.307024723086609,0.0887544917881488
297,"k25_prev08","quadratic",1.5,"fitted",0.075,0.0309274041486995,0.000313620748730981
297,"k25_prev08","quadratic",1.5,"pc1",0.075,0.235113094932338,0.900308079844867
298,"k25_prev08","quadratic",1.5,"fitted",0.095,0.000528901094252854,1.62270106973672e-06
298,"k25_prev08","quadratic",1.5,"pc1",0.095,0.598335728983359,0.51721015256309
299,"k25_prev08","quadratic",1.5,"fitted",0.085,0.000795058928339532,3.45979897764526e-06
299,"k25_prev08","quadratic",1.5,"pc1",0.085,0.568651110408918,0.811287873324142
300,"k25_prev08","quadratic",1.5,"fitted",0.085,9.3990250652487e-06,1.34587332389913e-08
300,"k25_prev08","quadratic",1.5,"pc1",0.085,0.223746841952993,0.00153234477629316
301,"k25_prev08","quadratic",1.5,"fitted",0.085,0.000165809725170218,1.50360370154701e-07
301,"k25_prev08","quadratic",1.5,"pc1",0.085,0.802261664949674,0.273475147338138
302,"k25_prev08","quadratic",1.5,"fitted",0.07,0.070650728327061,0.000661728290383357
302,"k25_prev08","quadratic",1.5,"pc1",0.07,0.500155606555121,0.111154088517122
303,"k25_prev08","quadratic",1.5,"fitted",0.0725,0.0227686368978264,0.00217053459163186
303,"k25_prev08","quadratic",1.5,"pc1",0.0725,0.67887264248463,0.487700066792006
304,"k25_prev08","quadratic",1.5,"fitted",0.0875,0.00126567626323359,5.19000391085989e-06
304,"k25_prev08","quadratic",1.5,"pc1",0.0875,0.163382248132896,0.00429961789160438
305,"k25_prev08","quadratic",1.5,"fitted",0.0825,0.0892419600965081,0.00136375990888471
305,"k25_prev08","quadratic",1.5,"pc1",0.0825,0.23059952303336,0.0241791925486959
306,"k25_prev08","quadratic",1.5,"fitted",0.09,0.000365684749278561,1.70981238523105e-06
306,"k25_prev08","quadratic",1.5,"pc1",0.09,0.00840396409534838,5.75615643915173e-05
307,"k25_prev08","quadratic",1.5,"fitted",0.08,0.0181207688985863,2.98756762984187e-05
307,"k25_prev08","quadratic",1.5,"pc1",0.08,0.65336448904296,0.658537181054408
308,"k25_prev08","quadratic",1.5,"fitted",0.0675,0.000329451981843309,2.72472534024182e-06
308,"k25_prev08","quadratic",1.5,"pc1",0.0675,0.0788597940453919,0.0297833476062654
309,"k25_prev08","quadratic",1.5,"fitted",0.075,2.21210939174155e-05,6.46829811934424e-10
309,"k25_prev08","quadratic",1.5,"pc1",0.075,0.0849974714880701,0.00384918171372051
310,"k25_prev08","quadratic",1.5,"fitted",0.0825,0.0163248506657704,7.74804716368038e-05
310,"k25_prev08","quadratic",1.5,"pc1",0.0825,0.563861776365438,0.83057895354135
311,"k25_prev08","quadratic",1.5,"fitted",0.095,1.0222930741044e-05,2.42177125708842e-06
311,"k25_prev08","quadratic",1.5,"pc1",0.095,0.025667932064305,0.0260753135922988
312,"k25_prev08","quadratic",1.5,"fitted",0.075,8.58437294348757e-06,0
312,"k25_prev08","quadratic",1.5,"pc1",0.075,0.520743195541931,0.146181133381519
313,"k25_prev08","quadratic",1.5,"fitted",0.07,0.00170387365748781,1.16228890845171e-06
313,"k25_prev08","quadratic",1.5,"pc1",0.07,0.0492457822235369,0.0295730359954798
314,"k25_prev08","quadratic",1.5,"fitted",0.0725,0.00137348825605166,1.80254084325426e-06
314,"k25_prev08","quadratic",1.5,"pc1",0.0725,0.447341834289269,0.266147362181359
315,"k25_prev08","quadratic",1.5,"fitted",0.09,0.00337299016627979,7.87887692688116e-06
315,"k25_prev08","quadratic",1.5,"pc1",0.09,0.805385997157424,0.473082616396067
316,"k25_prev08","quadratic",1.5,"fitted",0.0875,0.142675431902016,0.0175056349889224
316,"k25_prev08","quadratic",1.5,"pc1",0.0875,0.681755046652692,0.0689985595186946
317,"k25_prev08","quadratic",1.5,"fitted",0.08,0.24014172732847,0.00528927232278276
317,"k25_prev08","quadratic",1.5,"pc1",0.08,0.646426743990621,0.514462993391712
318,"k25_prev08","quadratic",1.5,"fitted",0.085,0.000224912901930718,2.80649270045785e-07
318,"k25_prev08","quadratic",1.5,"pc1",0.085,0.146498514361825,0.00332661980016058
319,"k25_prev08","quadratic",1.5,"fitted",0.075,0.309943099628937,0.0273986120850465
319,"k25_prev08","quadratic",1.5,"pc1",0.075,0.890165415225134,0.129313469898474
320,"k25_prev08","quadratic",1.5,"fitted",0.07,0.339874419377331,0.00412201533632472
320,"k25_prev08","quadratic",1.5,"pc1",0.07,0.402695764868399,0.180658125211273
321,"k25_prev08","quadratic",1.5,"fitted",0.085,0.0608889900624173,0.000286722830855402
321,"k25_prev08","quadratic",1.5,"pc1",0.085,0.594391470759024,0.926546975180901
322,"k25_prev08","quadratic",1.5,"fitted",0.0925,0.0119264437336333,1.67085517992493e-05
322,"k25_prev08","quadratic",1.5,"pc1",0.0925,0.89315861721056,0.686846854474359
323,"k25_prev08","quadratic",1.5,"fitted",0.0725,0.000736906971562368,1.20491584798543e-06
323,"k25_prev08","quadratic",1.5,"pc1",0.0725,0.350157356012492,0.226729113592846
324,"k25_prev08","quadratic",1.5,"fitted",0.09,0.00148922124402051,4.93211048335773e-07
324,"k25_prev08","quadratic",1.5,"pc1",0.09,0.84979881888117,0.530467623738473
325,"k25_prev08","quadratic",1.5,"fitted",0.085,4.93393408704801e-05,8.53901758957054e-06
325,"k25_prev08","quadratic",1.5,"pc1",0.085,0.0526978387807406,0.00905782050542281
326,"k25_prev08","quadratic",1.5,"fitted",0.085,0.0056044979590717,0.000116015913191214
326,"k25_prev08","quadratic",1.5,"pc1",0.085,0.525616404496692,0.531912573745723
327,"k25_prev08","quadratic",1.5,"fitted",0.0925,1.09063712050439e-06,0
327,"k25_prev08","quadratic",1.5,"pc1",0.0925,0.00675741326245793,0.000333406112584478
328,"k25_prev08","quadratic",1.5,"fitted",0.09,0.000420447582993422,9.56743405611249e-08
328,"k25_prev08","quadratic",1.5,"pc1",0.09,0.548766622065713,0.631766153702689
329,"k25_prev08","quadratic",1.5,"fitted",0.0725,0.00297352728351052,0.000101562609362782
329,"k25_prev08","quadratic",1.5,"pc1",0.0725,0.572549537097236,0.482387638797843
330,"k25_prev08","quadratic",1.5,"fitted",0.08,0.00322292311356331,0.000230970977428413
330,"k25_prev08","quadratic",1.5,"pc1",0.08,0.453507588352059,0.219064276412848
331,"k25_prev08","quadratic",1.5,"fitted",0.075,0.00247874970763817,7.4753753820378e-07
331,"k25_prev08","quadratic",1.5,"pc1",0.075,0.0794529069591601,0.00332090240507843
332,"k25_prev08","quadratic",1.5,"fitted",0.0825,0.00693138444081776,1.55120064335712e-05
332,"k25_prev08","quadratic",1.5,"pc1",0.0825,0.377982092593877,0.60455827515489
333,"k25_prev08","quadratic",1.5,"fitted",0.0825,0.000867566004328912,1.91428551077344e-06
333,"k25_prev08","quadratic",1.5,"pc1",0.0825,0.626358102561744,0.399064879609179
334,"k25_prev08","quadratic",1.5,"fitted",0.07,0.00631933468556356,1.04547249570874e-05
334,"k25_prev08","quadratic",1.5,"pc1",0.07,0.382587146458551,0.0576109533911942
335,"k25_prev08","quadratic",1.5,"fitted",0.0775,0.000391159027663956,6.15796499459087e-07
335,"k25_prev08","quadratic",1.5,"pc1",0.0775,0.535005644005014,0.789661423872696
336,"k25_prev08","quadratic",1.5,"fitted",0.0825,0.0348051763823559,0.000400711461670422
336,"k25_prev08","quadratic",1.5,"pc1",0.0825,0.805462031837901,0.992222577087452
337,"k25_prev08","quadratic",1.5,"fitted",0.0725,0.00887605671945546,0.000354952288115551
337,"k25_prev08","quadratic",1.5,"pc1",0.0725,0.35325564488628,0.491035994547896
338,"k25_prev08","quadratic",1.5,"fitted",0.09,0.110486193397331,0.000477043854100412
338,"k25_prev08","quadratic",1.5,"pc1",0.09,0.948965852602811,0.656225477723259
339,"k25_prev08","quadratic",1.5,"fitted",0.08,1.46076408968909e-07,0
339,"k25_prev08","quadratic",1.5,"pc1",0.08,0.0274573661090939,0.257160227441292
340,"k25_prev08","quadratic",1.5,"fitted",0.0675,3.11715100642651e-06,2.82066858758867e-09
340,"k25_prev08","quadratic",1.5,"pc1",0.0675,0.13060389651799,0.00265603275534176
341,"k25_prev08","quadratic",1.5,"fitted",0.0875,0.000240131754782991,9.57391816935882e-08
341,"k25_prev08","quadratic",1.5,"pc1",0.0875,0.193707659740719,0.0170272971997064
342,"k25_prev08","quadratic",1.5,"fitted",0.0725,0.10797310921809,0.00570211705321477
342,"k25_prev08","quadratic",1.5,"pc1",0.0725,0.976089183444361,0.890278098551904
343,"k25_prev08","quadratic",1.5,"fitted",0.0775,7.06537765486903e-05,1.44730956108674e-08
343,"k25_prev08","quadratic",1.5,"pc1",0.0775,0.216042992235171,0.163180097834721
344,"k25_prev08","quadratic",1.5,"fitted",0.085,0.354802737366635,0.00866741687454353
344,"k25_prev08","quadratic",1.5,"pc1",0.085,0.332218945201338,0.0526751564050632
345,"k25_prev08","quadratic",1.5,"fitted",0.07,0.000292513401949912,3.66687301633917e-08
345,"k25_prev08","quadratic",1.5,"pc1",0.07,0.772627439782892,0.817740321837099
346,"k25_prev08","quadratic",1.5,"fitted",0.085,0.00425284636674994,0.00064546944890953
346,"k25_prev08","quadratic",1.5,"pc1",0.085,0.294911367618609,0.597170374487189
347,"k25_prev08","quadratic",1.5,"fitted",0.0825,1.18659279546574e-06,9.94548018384833e-08
347,"k25_prev08","quadratic",1.5,"pc1",0.0825,0.401501414028126,0.588946843951675
348,"k25_prev08","quadratic",1.5,"fitted",0.0775,0.026203559995386,0.000147360124103546
348,"k25_prev08","quadratic",1.5,"pc1",0.0775,0.892146671906857,0.700644390094908
349,"k25_prev08","quadratic",1.5,"fitted",0.0825,3.23889735209804e-06,1.57640341635901e-06
349,"k25_prev08","quadratic",1.5,"pc1",0.0825,0.0110782803016067,0.00436780520363389
350,"k25_prev08","quadratic",1.5,"fitted",0.085,0.000830027005457645,1.15074590389952e-06
350,"k25_prev08","quadratic",1.5,"pc1",0.085,0.0224481525163286,9.59983827640842e-05
351,"k25_prev08","quadratic",1.5,"fitted",0.0725,0.00168676867266715,8.55872933813728e-06
351,"k25_prev08","quadratic",1.5,"pc1",0.0725,0.0794078462192228,0.00674766919749203
352,"k25_prev08","quadratic",1.5,"fitted",0.08,0.00867700514137715,0.000169350373625865
352,"k25_prev08","quadratic",1.5,"pc1",0.08,0.0342295695270716,0.0505871506893681
353,"k25_prev08","quadratic",1.5,"fitted",0.075,0.0120392756310927,0.000119778672763693
353,"k25_prev08","quadratic",1.5,"pc1",0.075,0.972430282651437,0.741578093953555
354,"k25_prev08","quadratic",1.5,"fitted",0.0725,0.0291019819165322,5.6585177250712e-05
354,"k25_prev08","quadratic",1.5,"pc1",0.0725,0.0878265244782959,0.002457474205106
355,"k25_prev08","quadratic",1.5,"fitted",0.085,0.0137734468285364,0.00170008378929543
355,"k25_prev08","quadratic",1.5,"pc1",0.085,0.186492808514889,0.0104772549556692
356,"k25_prev08","quadratic",1.5,"fitted",0.08,0.00486871946909262,1.01578888578313e-06
356,"k25_prev08","quadratic",1.5,"pc1",0.08,0.23768895969921,0.649279085533345
357,"k25_prev08","quadratic",1.5,"fitted",0.0825,0.0275873877772441,7.57385942635747e-05
357,"k25_prev08","quadratic",1.5,"pc1",0.0825,0.248091369754272,0.0118536208271148
358,"k25_prev08","quadratic",1.5,"fitted",0.0775,0.326399945097524,0.0109997815300197
358,"k25_prev08","quadratic",1.5,"pc1",0.0775,0.352375244192425,0.0348017352090945
359,"k25_prev08","quadratic",1.5,"fitted",0.075,0.00591428626128498,5.62697306727422e-06
359,"k25_prev08","quadratic",1.5,"pc1",0.075,0.0236576878842499,0.00149826025460076
360,"k25_prev08","quadratic",1.5,"fitted",0.0825,2.89747725279454e-06,0
360,"k25_prev08","quadratic",1.5,"pc1",0.0825,0.667586373606227,0.709495744075193
361,"k25_prev08","quadratic",1.5,"fitted",0.07,0.00740145359305244,1.70170935682723e-05
361,"k25_prev08","quadratic",1.5,"pc1",0.07,0.131754388516378,0.00432118790450409
362,"k25_prev08","quadratic",1.5,"fitted",0.0675,0.00870299115219386,3.39397786242035e-05
362,"k25_prev08","quadratic",1.5,"pc1",0.0675,0.697115558691234,0.97629036558685
363,"k25_prev08","quadratic",1.5,"fitted",0.08,0.00204128154105998,6.24906189505836e-06
363,"k25_prev08","quadratic",1.5,"pc1",0.08,0.29249394759107,0.0354197601998317
364,"k25_prev08","quadratic",1.5,"fitted",0.0875,0.000176875786402575,4.5857510775571e-05
364,"k25_prev08","quadratic",1.5,"pc1",0.0875,0.583083441167105,0.52373237415711
365,"k25_prev08","quadratic",1.5,"fitted",0.0875,0.0116863259383352,0.0181691043333347
365,"k25_prev08","quadratic",1.5,"pc1",0.0875,0.764017854811507,0.137160422109314
366,"k25_prev08","quadratic",1.5,"fitted",0.0875,1.92821189070047e-05,9.03591154122196e-08
366,"k25_prev08","quadratic",1.5,"pc1",0.0875,0.170688827386919,0.0588916414566627
367,"k25_prev08","quadratic",1.5,"fitted",0.0875,0.000231118419153464,6.44165577368128e-06
367,"k25_prev08","quadratic",1.5,"pc1",0.0875,0.656720485283747,0.591034358567666
368,"k25_prev08","quadratic",1.5,"fitted",0.08,8.87645762426281e-06,5.15555664826195e-09
368,"k25_prev08","quadratic",1.5,"pc1",0.08,0.48563431018757,0.786302278326106
369,"k25_prev08","quadratic",1.5,"fitted",0.075,0.000707829362163181,6.86657084969511e-07
369,"k25_prev08","quadratic",1.5,"pc1",0.075,0.205495689151495,0.842185750308015
370,"k25_prev08","quadratic",1.5,"fitted",0.08,0.0101515177064151,4.97199482965005e-05
370,"k25_prev08","quadratic",1.5,"pc1",0.08,0.687297166437703,0.258930064962483
371,"k25_prev08","quadratic",1.5,"fitted",0.0925,0.00860836151474687,0.00117785633707967
371,"k25_prev08","quadratic",1.5,"pc1",0.0925,0.877683910821708,0.307180550423452
372,"k25_prev08","quadratic",1.5,"fitted",0.0775,4.87050834081515e-05,2.33612661437732e-08
372,"k25_prev08","quadratic",1.5,"pc1",0.0775,0.111821380292464,0.0804983761715985
373,"k25_prev08","quadratic",1.5,"fitted",0.0675,4.54507593583564e-06,0
373,"k25_prev08","quadratic",1.5,"pc1",0.0675,0.0714107592255598,0.00554314956263224
374,"k25_prev08","quadratic",1.5,"fitted",0.0825,0.00160894629170016,2.76095385853825e-06
374,"k25_prev08","quadratic",1.5,"pc1",0.0825,0.997019277003977,0.702234895627701
375,"k25_prev08","quadratic",1.5,"fitted",0.0875,0.241126289105566,0.0034330527219415
375,"k25_prev08","quadratic",1.5,"pc1",0.0875,0.582187246536269,0.227086330627421
376,"k25_prev08","quadratic",1.5,"fitted",0.0775,0.000152439636167401,2.5166062300741e-07
376,"k25_prev08","quadratic",1.5,"pc1",0.0775,0.231887545610834,0.839999887212036
377,"k25_prev08","quadratic",1.5,"fitted",0.0825,4.43251910338116e-05,1.77812844670555e-07
377,"k25_prev08","quadratic",1.5,"pc1",0.0825,0.889047155265752,0.535835135433661
378,"k25_prev08","quadratic",1.5,"fitted",0.0825,0.121581964911286,0.0101707690809967
378,"k25_prev08","quadratic",1.5,"pc1",0.0825,0.90152371858776,0.930012961532812
379,"k25_prev08","quadratic",1.5,"fitted",0.0825,0.053160640628791,0.0311382109942206
379,"k25_prev08","quadratic",1.5,"pc1",0.0825,0.704892746296426,0.580316963698387
380,"k25_prev08","quadratic",1.5,"fitted",0.075,0.000324487527577078,5.66824961412138e-08
380,"k25_prev08","quadratic",1.5,"pc1",0.075,0.269920315278513,0.704854751001759
381,"k25_prev08","quadratic",1.5,"fitted",0.0775,0.000304780800984172,1.79367291464061e-07
381,"k25_prev08","quadratic",1.5,"pc1",0.0775,0.477193655411703,0.384180883388552
382,"k25_prev08","quadratic",1.5,"fitted",0.0725,0.158751891734619,0.000958079060963346
382,"k25_prev08","quadratic",1.5,"pc1",0.0725,0.71293729378826,0.519261256660007
383,"k25_prev08","quadratic",1.5,"fitted",0.0725,0.00145778186992784,0.000371124133837553
383,"k25_prev08","quadratic",1.5,"pc1",0.0725,0.358100454004749,0.102900473864304
384,"k25_prev08","quadratic",1.5,"fitted",0.08,0.00940109882466444,1.72269128724256e-05
384,"k25_prev08","quadratic",1.5,"pc1",0.08,0.393939790888125,0.105269827659962
385,"k25_prev08","quadratic",1.5,"fitted",0.07,0.00368589299923228,0.000242808522444626
385,"k25_prev08","quadratic",1.5,"pc1",0.07,0.188094974624521,0.173050245714928
386,"k25_prev08","quadratic",1.5,"fitted",0.0825,0.00445893637806805,7.4854646399114e-06
386,"k25_prev08","quadratic",1.5,"pc1",0.0825,0.0560651777056402,0.00083846145736699
387,"k25_prev08","quadratic",1.5,"fitted",0.075,0.000396258489661516,4.88883911287097e-06
387,"k25_prev08","quadratic",1.5,"pc1",0.075,0.517014971166684,0.305091677059508
388,"k25_prev08","quadratic",1.5,"fitted",0.0725,0.0454908614150042,0.000174421372960976
388,"k25_prev08","quadratic",1.5,"pc1",0.0725,0.000105986733396124,3.6204730901046e-06
389,"k25_prev08","quadratic",1.5,"fitted",0.0825,0.0060082328878559,9.50097546148498e-06
389,"k25_prev08","quadratic",1.5,"pc1",0.0825,0.12956884085721,0.0239011502761819
390,"k25_prev08","quadratic",1.5,"fitted",0.0725,0.000197138218241966,3.28044795416815e-06
390,"k25_prev08","quadratic",1.5,"pc1",0.0725,0.00197786289835,7.27763539469795e-05
391,"k25_prev08","quadratic",1.5,"fitted",0.0825,0.000169875770406058,3.00679652287528e-08
391,"k25_prev08","quadratic",1.5,"pc1",0.0825,0.0159117143253036,0.000200134150954323
392,"k25_prev08","quadratic",1.5,"fitted",0.0725,7.11031483093816e-05,2.46180852370159e-08
392,"k25_prev08","quadratic",1.5,"pc1",0.0725,0.328846379797035,0.00761758430024839
393,"k25_prev08","quadratic",1.5,"fitted",0.075,0.00043077225053223,2.29491028824746e-06
393,"k25_prev08","quadratic",1.5,"pc1",0.075,0.0453621782289931,0.000286304550254912
394,"k25_prev08","quadratic",1.5,"fitted",0.085,4.48813763931355e-10,0
394,"k25_prev08","quadratic",1.5,"pc1",0.085,0.246632702041699,0.0392596773629954
395,"k25_prev08","quadratic",1.5,"fitted",0.0775,0.000909514564126246,8.63001122500817e-05
395,"k25_prev08","quadratic",1.5,"pc1",0.0775,0.934855926245911,0.831673172678307
396,"k25_prev08","quadratic",1.5,"fitted",0.0875,0.062597988209643,0.000127735686439756
396,"k25_prev08","quadratic",1.5,"pc1",0.0875,0.65572059999867,0.244036981845658
397,"k25_prev08","quadratic",1.5,"fitted",0.075,0.0029479340693318,1.01138188757233e-06
397,"k25_prev08","quadratic",1.5,"pc1",0.075,0.660937130691108,0.222215835775535
398,"k25_prev08","quadratic",1.5,"fitted",0.085,0.0055495033952756,5.61339620608337e-06
398,"k25_prev08","quadratic",1.5,"pc1",0.085,0.143027847942027,0.346098057445468
399,"k25_prev08","quadratic",1.5,"fitted",0.0825,0.00454569471376742,2.28797536183656e-06
399,"k25_prev08","quadratic",1.5,"pc1",0.0825,0.047256681939295,0.00089732947144483
400,"k25_prev08","quadratic",1.5,"fitted",0.0875,0.0269063458721712,0.000176990253208054
400,"k25_prev08","quadratic",1.5,"pc1",0.0875,0.950571445874567,0.18095909224012
1,"k25_prev08","offindex",1,"fitted",0.0775,0.0345194836169599,0.000146699253177451
1,"k25_prev08","offindex",1,"pc1",0.0775,0.853635698627881,0.975837083649084
2,"k25_prev08","offindex",1,"fitted",0.0775,0.00792327909805124,4.87089582206224e-05
2,"k25_prev08","offindex",1,"pc1",0.0775,0.523782377229204,0.74087695324005
3,"k25_prev08","offindex",1,"fitted",0.075,0.545739249628274,0.0447304344103721
3,"k25_prev08","offindex",1,"pc1",0.075,0.245285314980842,0.67655233968646
4,"k25_prev08","offindex",1,"fitted",0.09,0.41405687613706,0.0042586382426455
4,"k25_prev08","offindex",1,"pc1",0.09,0.455426387833975,0.448172921108932
5,"k25_prev08","offindex",1,"fitted",0.0625,0.856287963914427,0.268995360395111
5,"k25_prev08","offindex",1,"pc1",0.0625,0.4296745589631,0.330015556087181
6,"k25_prev08","offindex",1,"fitted",0.1,0.13430258823296,0.0625843165675304
6,"k25_prev08","offindex",1,"pc1",0.1,0.314213233627501,0.753404480656278
7,"k25_prev08","offindex",1,"fitted",0.0875,0.0842814288914668,0.00284149421076918
7,"k25_prev08","offindex",1,"pc1",0.0875,0.645952768369403,0.752909355176771
8,"k25_prev08","offindex",1,"fitted",0.065,0.113491971295529,0.0128122854940125
8,"k25_prev08","offindex",1,"pc1",0.065,0.804793144212551,0.653523652331578
9,"k25_prev08","offindex",1,"fitted",0.09,0.00648427916041328,0.000495156010139164
9,"k25_prev08","offindex",1,"pc1",0.09,0.274293929938696,0.113368453730871
10,"k25_prev08","offindex",1,"fitted",0.0725,0.0102200268211705,0.000260758124534743
10,"k25_prev08","offindex",1,"pc1",0.0725,0.809911813851674,0.267210471024045
11,"k25_prev08","offindex",1,"fitted",0.08,0.0670944291946921,0.000433476090517582
11,"k25_prev08","offindex",1,"pc1",0.08,0.127563462892494,0.0825092427334008
12,"k25_prev08","offindex",1,"fitted",0.0825,0.129833388319905,0.000877405143407284
12,"k25_prev08","offindex",1,"pc1",0.0825,0.615048444749321,0.657424832552734
13,"k25_prev08","offindex",1,"fitted",0.0725,0.198984733543901,0.0260943420341565
13,"k25_prev08","offindex",1,"pc1",0.0725,0.972945158336268,0.80347922389158
14,"k25_prev08","offindex",1,"fitted",0.0625,0.00837386110544514,1.28988214853631e-05
14,"k25_prev08","offindex",1,"pc1",0.0625,0.594540991297695,0.399798201879626
15,"k25_prev08","offindex",1,"fitted",0.085,0.389568322137241,0.037123705699906
15,"k25_prev08","offindex",1,"pc1",0.085,0.862387554731777,0.990288724615302
16,"k25_prev08","offindex",1,"fitted",0.08,0.321421148672382,0.00857674341220993
16,"k25_prev08","offindex",1,"pc1",0.08,0.924004000834132,0.71204504334101
17,"k25_prev08","offindex",1,"fitted",0.0875,0.0812919217847895,0.0244331699222818
17,"k25_prev08","offindex",1,"pc1",0.0875,0.245619337489702,0.531517823017894
18,"k25_prev08","offindex",1,"fitted",0.075,0.14868813228993,0.023702563522451
18,"k25_prev08","offindex",1,"pc1",0.075,0.310008849427908,0.867937394504477
19,"k25_prev08","offindex",1,"fitted",0.0975,0.895218115907972,0.208842538399948
19,"k25_prev08","offindex",1,"pc1",0.0975,0.973749368702651,0.784226576631278
20,"k25_prev08","offindex",1,"fitted",0.0825,0.316290791810554,0.0026674128366444
20,"k25_prev08","offindex",1,"pc1",0.0825,0.0395110864053081,0.00564949403619242
21,"k25_prev08","offindex",1,"fitted",0.085,0.0697605871601072,0.00305475867174732
21,"k25_prev08","offindex",1,"pc1",0.085,0.974112885557268,0.670048764544898
22,"k25_prev08","offindex",1,"fitted",0.07,0.0311086030706342,0.000191865754845422
22,"k25_prev08","offindex",1,"pc1",0.07,0.609539084190884,0.895431888893166
23,"k25_prev08","offindex",1,"fitted",0.065,0.451465490743032,0.0091605550803795
23,"k25_prev08","offindex",1,"pc1",0.065,0.906494608026433,0.18534766074483
24,"k25_prev08","offindex",1,"fitted",0.0875,0.465690315702033,0.254187841735068
24,"k25_prev08","offindex",1,"pc1",0.0875,0.04236184005098,0.221640432243418
25,"k25_prev08","offindex",1,"fitted",0.08,0.591365969239132,0.320962949910531
25,"k25_prev08","offindex",1,"pc1",0.08,0.871607620578429,0.522138322228686
26,"k25_prev08","offindex",1,"fitted",0.07,0.0898080102532288,0.0210776990978765
26,"k25_prev08","offindex",1,"pc1",0.07,0.567806392734109,0.559426658977083
27,"k25_prev08","offindex",1,"fitted",0.075,0.558925032635088,0.0219303680726475
27,"k25_prev08","offindex",1,"pc1",0.075,0.8884934379364,0.632681565666775
28,"k25_prev08","offindex",1,"fitted",0.0825,0.285885585141342,0.0100019164364313
28,"k25_prev08","offindex",1,"pc1",0.0825,0.978811336583516,0.802189199447475
29,"k25_prev08","offindex",1,"fitted",0.06,0.00294973710952384,9.28690417456579e-07
29,"k25_prev08","offindex",1,"pc1",0.06,0.754942423265228,0.51270529493615
30,"k25_prev08","offindex",1,"fitted",0.0725,0.144055737898603,0.0248420638165117
30,"k25_prev08","offindex",1,"pc1",0.0725,0.930090243465922,0.628221418058876
31,"k25_prev08","offindex",1,"fitted",0.1075,0.242587887404259,0.0130581925760651
31,"k25_prev08","offindex",1,"pc1",0.1075,0.754950140287692,0.349604532188985
32,"k25_prev08","offindex",1,"fitted",0.0775,0.112088569001524,0.00207703150930605
32,"k25_prev08","offindex",1,"pc1",0.0775,0.638481335559824,0.229821832720688
33,"k25_prev08","offindex",1,"fitted",0.0925,0.0155265801536439,0.0152182822658613
33,"k25_prev08","offindex",1,"pc1",0.0925,0.0449035864099383,0.336795213153916
34,"k25_prev08","offindex",1,"fitted",0.0875,0.294766824718145,0.0537893619997682
34,"k25_prev08","offindex",1,"pc1",0.0875,0.20493751384943,0.38037181700959
35,"k25_prev08","offindex",1,"fitted",0.0675,0.339715527208838,0.00936120271741314
35,"k25_prev08","offindex",1,"pc1",0.0675,0.945465959496732,0.881829296023635
36,"k25_prev08","offindex",1,"fitted",0.075,0.0905574193906681,0.00858436953645925
36,"k25_prev08","offindex",1,"pc1",0.075,0.987669207829942,0.861963558041589
37,"k25_prev08","offindex",1,"fitted",0.075,0.0953882040540341,0.00705958549765828
37,"k25_prev08","offindex",1,"pc1",0.075,0.628352204410382,0.862781636384308
38,"k25_prev08","offindex",1,"fitted",0.09,0.278894033888395,0.00673918559212883
38,"k25_prev08","offindex",1,"pc1",0.09,0.0244702116172291,0.154764200606837
39,"k25_prev08","offindex",1,"fitted",0.095,0.0288361390626413,0.00453068564368275
39,"k25_prev08","offindex",1,"pc1",0.095,0.468328719535539,0.259078630283513
40,"k25_prev08","offindex",1,"fitted",0.0875,0.0439223480595081,0.00686864114855334
40,"k25_prev08","offindex",1,"pc1",0.0875,0.422189273142463,0.277791892617093
41,"k25_prev08","offindex",1,"fitted",0.0725,0.446298743078137,0.167422106314083
41,"k25_prev08","offindex",1,"pc1",0.0725,0.433743391132775,0.430245305301369
42,"k25_prev08","offindex",1,"fitted",0.0875,0.699297390679056,0.0389507174606791
42,"k25_prev08","offindex",1,"pc1",0.0875,0.231783103412643,0.012252417899217
43,"k25_prev08","offindex",1,"fitted",0.07,0.858377288658704,0.163110389761664
43,"k25_prev08","offindex",1,"pc1",0.07,0.618841724380743,0.491140990769369
44,"k25_prev08","offindex",1,"fitted",0.09,0.0179336820966367,0.489728719624216
44,"k25_prev08","offindex",1,"pc1",0.09,0.160749997130477,0.0115029143856975
45,"k25_prev08","offindex",1,"fitted",0.085,0.163235446612663,0.00116847584612489
45,"k25_prev08","offindex",1,"pc1",0.085,0.147623144049043,0.821686859347547
46,"k25_prev08","offindex",1,"fitted",0.08,0.098167391252994,0.0185583566281544
46,"k25_prev08","offindex",1,"pc1",0.08,0.391199694819679,0.486774920716336
47,"k25_prev08","offindex",1,"fitted",0.0725,0.0124524224409645,7.39867675743078e-05
47,"k25_prev08","offindex",1,"pc1",0.0725,0.768553515439267,0.20276073228748
48,"k25_prev08","offindex",1,"fitted",0.08,0.207629460240574,0.0843162316134587
48,"k25_prev08","offindex",1,"pc1",0.08,0.620331349996944,0.50086970525431
49,"k25_prev08","offindex",1,"fitted",0.08,0.0668930395873543,0.0682925104397391
49,"k25_prev08","offindex",1,"pc1",0.08,0.430383475559409,0.80713676856827
50,"k25_prev08","offindex",1,"fitted",0.0825,0.398497898399939,0.0151487541705795
50,"k25_prev08","offindex",1,"pc1",0.0825,0.295423189172517,0.474001623455922
51,"k25_prev08","offindex",1,"fitted",0.08,0.0038224834789029,3.60343473553293e-05
51,"k25_prev08","offindex",1,"pc1",0.08,0.718490713974601,0.547842224222569
52,"k25_prev08","offindex",1,"fitted",0.0725,0.0154807919099523,0.000299352999713287
52,"k25_prev08","offindex",1,"pc1",0.0725,0.647807096687952,0.805481670185469
53,"k25_prev08","offindex",1,"fitted",0.0825,0.00714845458094915,8.28725342039149e-06
53,"k25_prev08","offindex",1,"pc1",0.0825,0.592089637499642,0.530543488903436
54,"k25_prev08","offindex",1,"fitted",0.0875,0.323553537993786,0.0104090732723268
54,"k25_prev08","offindex",1,"pc1",0.0875,0.932800405817119,0.748142218272143
55,"k25_prev08","offindex",1,"fitted",0.08,0.114625012171948,0.0361759440351014
55,"k25_prev08","offindex",1,"pc1",0.08,0.223470389623665,0.295027754733367
56,"k25_prev08","offindex",1,"fitted",0.09,0.804486404115416,0.0998706449323361
56,"k25_prev08","offindex",1,"pc1",0.09,0.617760688265709,0.377073794949607
57,"k25_prev08","offindex",1,"fitted",0.0625,0.00340537641687022,1.13871507787522e-05
57,"k25_prev08","offindex",1,"pc1",0.0625,0.880147914417946,0.604792632486083
58,"k25_prev08","offindex",1,"fitted",0.09,0.324790519582837,0.041700787568009
58,"k25_prev08","offindex",1,"pc1",0.09,0.987559434869034,0.714173726384959
59,"k25_prev08","offindex",1,"fitted",0.0875,0.0830371107885267,0.0229094760464704
59,"k25_prev08","offindex",1,"pc1",0.0875,0.960719316780151,0.892969786673785
60,"k25_prev08","offindex",1,"fitted",0.075,0.76516809403456,0.191005207144814
60,"k25_prev08","offindex",1,"pc1",0.075,0.964415692229977,0.880565581014199
61,"k25_prev08","offindex",1,"fitted",0.07,0.108606092065227,0.00108631638175261
61,"k25_prev08","offindex",1,"pc1",0.07,0.0969556986066202,0.300881251329934
62,"k25_prev08","offindex",1,"fitted",0.07,0.00164619632134511,0.000328266153667767
62,"k25_prev08","offindex",1,"pc1",0.07,0.374546015018983,0.588709163169197
63,"k25_prev08","offindex",1,"fitted",0.08,0.383325575605079,0.0236187753972736
63,"k25_prev08","offindex",1,"pc1",0.08,0.191167292471701,0.187253587918994
64,"k25_prev08","offindex",1,"fitted",0.07,0.0498349727384934,0.0276160298218791
64,"k25_prev08","offindex",1,"pc1",0.07,0.160651972551526,0.2870773797885
65,"k25_prev08","offindex",1,"fitted",0.08,0.423738571921518,0.12993759022672
65,"k25_prev08","offindex",1,"pc1",0.08,0.636501533121869,0.192104090691624
66,"k25_prev08","offindex",1,"fitted",0.0775,0.0200928807029253,0.00141410417244892
66,"k25_prev08","offindex",1,"pc1",0.0775,0.138141845268986,0.0617586770270813
67,"k25_prev08","offindex",1,"fitted",0.065,0.793571564561293,0.0643970289883611
67,"k25_prev08","offindex",1,"pc1",0.065,0.526922761768757,0.33047808464573
68,"k25_prev08","offindex",1,"fitted",0.085,0.274451811583708,0.00996797074177946
68,"k25_prev08","offindex",1,"pc1",0.085,0.948969943001338,0.660640851483245
69,"k25_prev08","offindex",1,"fitted",0.08,0.283225538001579,0.00626536565382274
69,"k25_prev08","offindex",1,"pc1",0.08,0.10477723219726,0.727295666877208
70,"k25_prev08","offindex",1,"fitted",0.0775,0.0380470557531373,0.0305254121401657
70,"k25_prev08","offindex",1,"pc1",0.0775,0.739641681047748,0.232791496432762
71,"k25_prev08","offindex",1,"fitted",0.0725,0.0132135826967921,3.01283601770175e-05
71,"k25_prev08","offindex",1,"pc1",0.0725,0.582277566151106,0.311362846130912
72,"k25_prev08","offindex",1,"fitted",0.0725,0.00586048844543874,8.39127654073124e-06
72,"k25_prev08","offindex",1,"pc1",0.0725,0.188293440709481,0.284519695129354
73,"k25_prev08","offindex",1,"fitted",0.08,0.235985060968652,0.00297539893309906
73,"k25_prev08","offindex",1,"pc1",0.08,0.858588817544174,0.96015226061246
74,"k25_prev08","offindex",1,"fitted",0.085,0.384819354104349,0.00547046122684547
74,"k25_prev08","offindex",1,"pc1",0.085,0.444315203224139,0.310487311111952
75,"k25_prev08","offindex",1,"fitted",0.0875,0.0437441327685242,0.0452790723642151
75,"k25_prev08","offindex",1,"pc1",0.0875,0.415786164613172,0.856157467087413
76,"k25_prev08","offindex",1,"fitted",0.09,0.202997557481468,0.00209743369326632
76,"k25_prev08","offindex",1,"pc1",0.09,0.168583866613268,0.372783102384327
77,"k25_prev08","offindex",1,"fitted",0.1,0.502182778788496,0.0281598114547581
77,"k25_prev08","offindex",1,"pc1",0.1,0.583574246106723,0.942951226944787
78,"k25_prev08","offindex",1,"fitted",0.095,0.141732357832954,0.00280118852812561
78,"k25_prev08","offindex",1,"pc1",0.095,0.27606010356916,0.00963282195838899
79,"k25_prev08","offindex",1,"fitted",0.08,0.0382411595125909,0.0796745433325391
79,"k25_prev08","offindex",1,"pc1",0.08,0.704962909264562,0.783907291302112
80,"k25_prev08","offindex",1,"fitted",0.075,0.0206700787342258,0.000278599314870398
80,"k25_prev08","offindex",1,"pc1",0.075,0.449721974654054,0.640798618690426
81,"k25_prev08","offindex",1,"fitted",0.09,0.000926353502498367,8.43760353252954e-07
81,"k25_prev08","offindex",1,"pc1",0.09,0.279698212154367,0.840054394460534
82,"k25_prev08","offindex",1,"fitted",0.0875,0.0122661479687743,2.60258229179966e-05
82,"k25_prev08","offindex",1,"pc1",0.0875,0.749075409100554,0.07758027759735
83,"k25_prev08","offindex",1,"fitted",0.065,0.155004037118978,0.00177345314639632
83,"k25_prev08","offindex",1,"pc1",0.065,0.668190460739982,0.863970613178723
84,"k25_prev08","offindex",1,"fitted",0.08,0.0625897877172032,0.0296515903982223
84,"k25_prev08","offindex",1,"pc1",0.08,0.755319412048164,0.946832638770758
85,"k25_prev08","offindex",1,"fitted",0.0725,0.000963024028952431,3.63588351703914e-06
85,"k25_prev08","offindex",1,"pc1",0.0725,0.94991145084371,0.855593143700089
86,"k25_prev08","offindex",1,"fitted",0.0875,0.17937130799274,0.0449130416520311
86,"k25_prev08","offindex",1,"pc1",0.0875,0.862471429900126,0.874538433589807
87,"k25_prev08","offindex",1,"fitted",0.0775,0.650748126493588,0.0279203466547653
87,"k25_prev08","offindex",1,"pc1",0.0775,0.163798987704234,0.956120062271677
88,"k25_prev08","offindex",1,"fitted",0.0875,0.739877205018971,0.499224724333124
88,"k25_prev08","offindex",1,"pc1",0.0875,0.713168579281748,0.543950539393701
89,"k25_prev08","offindex",1,"fitted",0.0775,0.0230519305176089,0.000336797010505485
89,"k25_prev08","offindex",1,"pc1",0.0775,0.974124937687562,0.891289482251064
90,"k25_prev08","offindex",1,"fitted",0.0775,0.0249230785870256,0.0011470944582892
90,"k25_prev08","offindex",1,"pc1",0.0775,0.188761170297212,0.567170300105347
91,"k25_prev08","offindex",1,"fitted",0.0675,0.427428330730879,0.0211916403761918
91,"k25_prev08","offindex",1,"pc1",0.0675,0.731310764371192,0.54572906423866
92,"k25_prev08","offindex",1,"fitted",0.07,0.333932466612123,0.00911615518006581
92,"k25_prev08","offindex",1,"pc1",0.07,0.883974732912367,0.605911446352241
93,"k25_prev08","offindex",1,"fitted",0.0825,0.154466930521709,0.0180107126134939
93,"k25_prev08","offindex",1,"pc1",0.0825,0.480079173386244,0.91673170880012
94,"k25_prev08","offindex",1,"fitted",0.0825,0.00367678108548597,4.05704206252189e-06
94,"k25_prev08","offindex",1,"pc1",0.0825,0.797082586925846,0.332643416132888
95,"k25_prev08","offindex",1,"fitted",0.08,0.00226517729848719,0.000453599058429233
95,"k25_prev08","offindex",1,"pc1",0.08,0.159177525973467,0.410382155478485
96,"k25_prev08","offindex",1,"fitted",0.0925,0.40464748197487,0.0523527792348703
96,"k25_prev08","offindex",1,"pc1",0.0925,0.487894032962867,0.328084282456171
97,"k25_prev08","offindex",1,"fitted",0.07,0.00243928145332739,5.92401027010858e-07
97,"k25_prev08","offindex",1,"pc1",0.07,0.305452308113911,0.777597562426933
98,"k25_prev08","offindex",1,"fitted",0.075,0.0595207526342398,0.0014451585417109
98,"k25_prev08","offindex",1,"pc1",0.075,0.459611549654354,0.347109129135069
99,"k25_prev08","offindex",1,"fitted",0.075,0.125687868649102,0.0593034449402006
99,"k25_prev08","offindex",1,"pc1",0.075,0.705187570725117,0.537813214609602
100,"k25_prev08","offindex",1,"fitted",0.0775,0.0118665462476704,2.70161791554591e-05
100,"k25_prev08","offindex",1,"pc1",0.0775,0.875990790512025,0.999320514780466
101,"k25_prev08","offindex",1,"fitted",0.085,0.00302870545697431,0.000541059938636845
101,"k25_prev08","offindex",1,"pc1",0.085,0.92344813108018,0.893366343016718
102,"k25_prev08","offindex",1,"fitted",0.075,0.919544041973422,0.666889702869864
102,"k25_prev08","offindex",1,"pc1",0.075,0.918223566489283,0.713738872375968
103,"k25_prev08","offindex",1,"fitted",0.0775,0.150816329462037,0.0020646183926214
103,"k25_prev08","offindex",1,"pc1",0.0775,0.171354749241996,0.160853921504338
104,"k25_prev08","offindex",1,"fitted",0.08,0.0104667289152618,5.7898993899963e-05
104,"k25_prev08","offindex",1,"pc1",0.08,0.819518840004295,0.995873543995504
105,"k25_prev08","offindex",1,"fitted",0.095,0.033677670971042,0.000923225205674783
105,"k25_prev08","offindex",1,"pc1",0.095,0.212309329339795,0.144752615695198
106,"k25_prev08","offindex",1,"fitted",0.0875,0.615028151823265,0.088246881764166
106,"k25_prev08","offindex",1,"pc1",0.0875,0.976701775527664,0.280499000519626
107,"k25_prev08","offindex",1,"fitted",0.0825,0.319624494871378,0.235876835871557
107,"k25_prev08","offindex",1,"pc1",0.0825,0.790921669919058,0.309262170389629
108,"k25_prev08","offindex",1,"fitted",0.0875,0.00762835414984264,6.7100555918298e-05
108,"k25_prev08","offindex",1,"pc1",0.0875,0.476880358289183,0.859515700836945
109,"k25_prev08","offindex",1,"fitted",0.07,0.3622498708434,0.0361252553674714
109,"k25_prev08","offindex",1,"pc1",0.07,0.814105159634144,0.270094011936025
110,"k25_prev08","offindex",1,"fitted",0.09,0.00199911992444068,1.08048762161861e-05
110,"k25_prev08","offindex",1,"pc1",0.09,0.284524802117856,0.0189606021468705
111,"k25_prev08","offindex",1,"fitted",0.075,0.179654119793907,0.023438786883805
111,"k25_prev08","offindex",1,"pc1",0.075,0.903382905042526,0.611550989386629
112,"k25_prev08","offindex",1,"fitted",0.07,0.371134907465991,0.0194938611244126
112,"k25_prev08","offindex",1,"pc1",0.07,0.693435547079451,0.278500918833488
113,"k25_prev08","offindex",1,"fitted",0.0725,0.106055426232606,0.00240922212563288
113,"k25_prev08","offindex",1,"pc1",0.0725,0.71349071145371,0.56686654187771
114,"k25_prev08","offindex",1,"fitted",0.0875,0.655634698447995,0.254416410643423
114,"k25_prev08","offindex",1,"pc1",0.0875,0.798080204986294,0.814352131397638
115,"k25_prev08","offindex",1,"fitted",0.0875,0.0108471367357976,0.000864572793464524
115,"k25_prev08","offindex",1,"pc1",0.0875,0.929168407960091,0.344252479312732
116,"k25_prev08","offindex",1,"fitted",0.07,0.526146917447746,0.255206862437984
116,"k25_prev08","offindex",1,"pc1",0.07,0.955710148573739,0.658529116725169
117,"k25_prev08","offindex",1,"fitted",0.0675,0.015043207903193,9.88499777863083e-05
117,"k25_prev08","offindex",1,"pc1",0.0675,0.693174767479791,0.78696584543549
118,"k25_prev08","offindex",1,"fitted",0.0775,0.0808027993090803,0.000959271115434257
118,"k25_prev08","offindex",1,"pc1",0.0775,0.194929059887795,0.562817004902526
119,"k25_prev08","offindex",1,"fitted",0.0925,0.0374738393236373,0.0235105595676228
119,"k25_prev08","offindex",1,"pc1",0.0925,0.533369322694468,0.857031416330258
120,"k25_prev08","offindex",1,"fitted",0.0725,0.0119049790744339,0.000425708187128171
120,"k25_prev08","offindex",1,"pc1",0.0725,0.02800415993698,0.852115375695533
121,"k25_prev08","offindex",1,"fitted",0.0825,0.86172983346857,0.118523476119712
121,"k25_prev08","offindex",1,"pc1",0.0825,0.358075997749314,0.0818531317964785
122,"k25_prev08","offindex",1,"fitted",0.08,0.333473628517673,0.0102810057241141
122,"k25_prev08","offindex",1,"pc1",0.08,0.533680500303197,0.402286441213589
123,"k25_prev08","offindex",1,"fitted",0.07,0.130435265213151,0.00150823763604957
123,"k25_prev08","offindex",1,"pc1",0.07,0.175079956288344,0.0104882317286092
124,"k25_prev08","offindex",1,"fitted",0.075,0.0768329896731607,0.00344297356571222
124,"k25_prev08","offindex",1,"pc1",0.075,0.82625330147736,0.93925580096255
125,"k25_prev08","offindex",1,"fitted",0.0875,0.324670016412286,0.0135916839150165
125,"k25_prev08","offindex",1,"pc1",0.0875,0.694789549513795,0.9350925126686
126,"k25_prev08","offindex",1,"fitted",0.07,0.409861719472324,0.191875146472164
126,"k25_prev08","offindex",1,"pc1",0.07,0.733345423687529,0.150270669077922
127,"k25_prev08","offindex",1,"fitted",0.0775,0.148262808362714,0.0360658942089465
127,"k25_prev08","offindex",1,"pc1",0.0775,0.816956699396831,0.496941750039651
128,"k25_prev08","offindex",1,"fitted",0.0975,0.27833891205949,0.0122570192699856
128,"k25_prev08","offindex",1,"pc1",0.0975,0.625457907864021,0.958782691890155
129,"k25_prev08","offindex",1,"fitted",0.0725,0.243378564929226,0.140916002066292
129,"k25_prev08","offindex",1,"pc1",0.0725,0.16408760666797,0.848162017442413
130,"k25_prev08","offindex",1,"fitted",0.085,0.0126910606710748,0.00242826329914048
130,"k25_prev08","offindex",1,"pc1",0.085,0.547582053157727,0.94424738371345
131,"k25_prev08","offindex",1,"fitted",0.0675,0.00117389371639032,5.5713674700808e-05
131,"k25_prev08","offindex",1,"pc1",0.0675,0.640495098234893,0.211976267493425
132,"k25_prev08","offindex",1,"fitted",0.09,0.458186125814234,0.0226071342004505
132,"k25_prev08","offindex",1,"pc1",0.09,0.768065820083307,0.858605631913323
133,"k25_prev08","offindex",1,"fitted",0.09,0.181582481373905,0.011709203354934
133,"k25_prev08","offindex",1,"pc1",0.09,0.438945397572501,0.239134783435106
134,"k25_prev08","offindex",1,"fitted",0.09,0.148346271211223,0.000997015145458358
134,"k25_prev08","offindex",1,"pc1",0.09,0.217296702069509,0.303400869541517
135,"k25_prev08","offindex",1,"fitted",0.0875,0.0103512847003266,9.55996191031039e-05
135,"k25_prev08","offindex",1,"pc1",0.0875,0.755282121596986,0.605759209974593
136,"k25_prev08","offindex",1,"fitted",0.0725,0.67696560261594,0.132666577427045
136,"k25_prev08","offindex",1,"pc1",0.0725,0.140702906195659,0.289573256103384
137,"k25_prev08","offindex",1,"fitted",0.095,0.572289344845294,0.0201708653296573
137,"k25_prev08","offindex",1,"pc1",0.095,0.983263372800502,0.763924924447849
138,"k25_prev08","offindex",1,"fitted",0.0925,0.130211677965546,0.00619529793300266
138,"k25_prev08","offindex",1,"pc1",0.0925,0.464542144783203,0.956340173375419
139,"k25_prev08","offindex",1,"fitted",0.0925,0.082400296524203,0.00272496394901944
139,"k25_prev08","offindex",1,"pc1",0.0925,0.233168869470515,0.163226970771721
140,"k25_prev08","offindex",1,"fitted",0.08,0.0299335819672,3.15365910726895e-05
140,"k25_prev08","offindex",1,"pc1",0.08,0.944468744939543,0.188043679413688
141,"k25_prev08","offindex",1,"fitted",0.08,0.176691768396845,0.00149156598731304
141,"k25_prev08","offindex",1,"pc1",0.08,0.804524898086579,0.74220072717439
142,"k25_prev08","offindex",1,"fitted",0.0775,0.138753657177063,0.00158847006000284
142,"k25_prev08","offindex",1,"pc1",0.0775,0.161282986516173,0.0198322484000678
143,"k25_prev08","offindex",1,"fitted",0.08,0.831350749661473,0.1550109050772
143,"k25_prev08","offindex",1,"pc1",0.08,0.606873882010762,0.66261320657924
144,"k25_prev08","offindex",1,"fitted",0.0775,0.198843027649754,0.00596774919783927
144,"k25_prev08","offindex",1,"pc1",0.0775,0.829582088095502,0.61773890687176
145,"k25_prev08","offindex",1,"fitted",0.0725,0.27810563703816,0.00961504231803878
145,"k25_prev08","offindex",1,"pc1",0.0725,0.278354246215315,0.156051999994692
146,"k25_prev08","offindex",1,"fitted",0.0875,0.50682265512245,0.106927090450115
146,"k25_prev08","offindex",1,"pc1",0.0875,0.894614291641044,0.631757699304657
147,"k25_prev08","offindex",1,"fitted",0.0725,0.00786538870871001,0.00168794457458377
147,"k25_prev08","offindex",1,"pc1",0.0725,0.756919266299774,0.552304562023476
148,"k25_prev08","offindex",1,"fitted",0.0825,0.568827233332802,0.0614822995292383
148,"k25_prev08","offindex",1,"pc1",0.0825,0.571486708033916,0.782174628734105
149,"k25_prev08","offindex",1,"fitted",0.0725,0.0903815362062541,0.000295415690845457
149,"k25_prev08","offindex",1,"pc1",0.0725,0.0412656226808517,0.0896676872433695
150,"k25_prev08","offindex",1,"fitted",0.08,0.308351162310401,0.0281889825200147
150,"k25_prev08","offindex",1,"pc1",0.08,0.65284857595477,0.809007347318119
151,"k25_prev08","offindex",1,"fitted",0.0825,0.0590814880443035,0.00286837062642475
151,"k25_prev08","offindex",1,"pc1",0.0825,0.317593546464756,0.177895733229329
152,"k25_prev08","offindex",1,"fitted",0.0825,0.819971650111092,0.108656903394879
152,"k25_prev08","offindex",1,"pc1",0.0825,0.88753102379436,0.815682298293613
153,"k25_prev08","offindex",1,"fitted",0.0775,0.318096549128477,0.00619360624544063
153,"k25_prev08","offindex",1,"pc1",0.0775,0.965046259423448,0.845557303612682
154,"k25_prev08","offindex",1,"fitted",0.08,1.2974595023918e-06,3.21175153139563e-09
154,"k25_prev08","offindex",1,"pc1",0.08,0.928675238365816,0.424131849175514
155,"k25_prev08","offindex",1,"fitted",0.0675,0.0573812312606717,0.00337838343838304
155,"k25_prev08","offindex",1,"pc1",0.0675,0.62589623962364,0.222884367605387
156,"k25_prev08","offindex",1,"fitted",0.07,0.22031885989968,0.00271962771251744
156,"k25_prev08","offindex",1,"pc1",0.07,0.662553598893657,0.966794635976536
157,"k25_prev08","offindex",1,"fitted",0.0825,0.575362925694418,0.0185088439646027
157,"k25_prev08","offindex",1,"pc1",0.0825,0.891367265964952,0.7858516055717
158,"k25_prev08","offindex",1,"fitted",0.1,0.178357839987894,0.00217321757418809
158,"k25_prev08","offindex",1,"pc1",0.1,0.78441487324042,0.976465698585609
159,"k25_prev08","offindex",1,"fitted",0.075,0.0858791525086881,0.0134412648223536
159,"k25_prev08","offindex",1,"pc1",0.075,0.9681755149707,0.946232992958223
160,"k25_prev08","offindex",1,"fitted",0.0875,0.157797940524028,0.0181689568044956
160,"k25_prev08","offindex",1,"pc1",0.0875,0.897909681973102,0.676887723723501
161,"k25_prev08","offindex",1,"fitted",0.0825,0.0132073366595543,0.00286333659183291
161,"k25_prev08","offindex",1,"pc1",0.0825,0.413453693076139,0.0919912285977629
162,"k25_prev08","offindex",1,"fitted",0.08,0.514868599783673,0.0557764846614168
162,"k25_prev08","offindex",1,"pc1",0.08,0.723892281168621,0.99111149252709
163,"k25_prev08","offindex",1,"fitted",0.0775,0.0434827462024721,0.00024140535174566
163,"k25_prev08","offindex",1,"pc1",0.0775,0.243412033276661,0.137262977620133
164,"k25_prev08","offindex",1,"fitted",0.0675,0.104065401276843,0.000633480499337535
164,"k25_prev08","offindex",1,"pc1",0.0675,0.358120435173421,0.780923597563465
165,"k25_prev08","offindex",1,"fitted",0.08,0.220195997071536,0.0113476116941152
165,"k25_prev08","offindex",1,"pc1",0.08,0.19398320401642,0.0815406695218395
166,"k25_prev08","offindex",1,"fitted",0.075,0.698191148400401,0.033401493014974
166,"k25_prev08","offindex",1,"pc1",0.075,0.72315561468914,0.23701948713772
167,"k25_prev08","offindex",1,"fitted",0.065,0.30417232677765,0.106463114430767
167,"k25_prev08","offindex",1,"pc1",0.065,0.364837976475893,0.229297988027871
168,"k25_prev08","offindex",1,"fitted",0.085,0.612916217839482,0.284345433065658
168,"k25_prev08","offindex",1,"pc1",0.085,0.645190268418078,0.191158363447136
169,"k25_prev08","offindex",1,"fitted",0.07,0.023233954057067,0.000161927554014452
169,"k25_prev08","offindex",1,"pc1",0.07,0.611167575470422,0.359163662936453
170,"k25_prev08","offindex",1,"fitted",0.08,0.146773658224476,0.00264199169507939
170,"k25_prev08","offindex",1,"pc1",0.08,0.101316464663186,0.0182745855798092
171,"k25_prev08","offindex",1,"fitted",0.0775,0.963836385355115,0.493266460859834
171,"k25_prev08","offindex",1,"pc1",0.0775,0.529506652357468,0.281321150248707
172,"k25_prev08","offindex",1,"fitted",0.075,0.0144072057915907,0.000108637762636921
172,"k25_prev08","offindex",1,"pc1",0.075,0.267850855101847,0.281866453810439
173,"k25_prev08","offindex",1,"fitted",0.0775,0.528517592812106,0.121284351784763
173,"k25_prev08","offindex",1,"pc1",0.0775,0.982015088219957,0.380973121661584
174,"k25_prev08","offindex",1,"fitted",0.08,0.00656987472691617,1.95096299903108e-05
174,"k25_prev08","offindex",1,"pc1",0.08,0.779009305683639,0.448050597946353
175,"k25_prev08","offindex",1,"fitted",0.085,0.234130910550277,0.00276301182906613
175,"k25_prev08","offindex",1,"pc1",0.085,0.5923978285738,0.767939760588959
176,"k25_prev08","offindex",1,"fitted",0.0825,0.275656046862451,0.0527466378955221
176,"k25_prev08","offindex",1,"pc1",0.0825,0.673401879612324,0.452130976196724
177,"k25_prev08","offindex",1,"fitted",0.085,0.0093280009682859,0.000721639312095013
177,"k25_prev08","offindex",1,"pc1",0.085,0.841330015044924,0.978581452219048
178,"k25_prev08","offindex",1,"fitted",0.08,0.0963307646761056,0.000339766794612339
178,"k25_prev08","offindex",1,"pc1",0.08,0.554202023102842,0.224496828676019
179,"k25_prev08","offindex",1,"fitted",0.105,0.732807793598779,0.245421847345153
179,"k25_prev08","offindex",1,"pc1",0.105,0.91922505571622,0.73616520169449
180,"k25_prev08","offindex",1,"fitted",0.0825,0.0130378699184035,3.09242574747515e-05
180,"k25_prev08","offindex",1,"pc1",0.0825,0.17537690608444,0.469532731064631
181,"k25_prev08","offindex",1,"fitted",0.085,0.544665640100027,0.0395109777112894
181,"k25_prev08","offindex",1,"pc1",0.085,0.592924763174471,0.306927783238319
182,"k25_prev08","offindex",1,"fitted",0.075,0.374595582477254,0.00875550795796065
182,"k25_prev08","offindex",1,"pc1",0.075,0.714333694969452,0.890780734964691
183,"k25_prev08","offindex",1,"fitted",0.0575,0.126961468423921,0.0654562160997434
183,"k25_prev08","offindex",1,"pc1",0.0575,0.688944239659734,0.558587846799332
184,"k25_prev08","offindex",1,"fitted",0.08,0.0280182993289122,0.000184975053012293
184,"k25_prev08","offindex",1,"pc1",0.08,0.907021082891554,0.957448204480171
185,"k25_prev08","offindex",1,"fitted",0.07,0.0134931996596972,0.000305605371161422
185,"k25_prev08","offindex",1,"pc1",0.07,0.407073039950675,0.62775945745346
186,"k25_prev08","offindex",1,"fitted",0.0875,0.251091682731571,0.00463536526687491
186,"k25_prev08","offindex",1,"pc1",0.0875,0.852153931469286,0.69297152341919
187,"k25_prev08","offindex",1,"fitted",0.075,0.126549042379243,0.0349612409908807
187,"k25_prev08","offindex",1,"pc1",0.075,0.240263600805591,0.0257777037551936
188,"k25_prev08","offindex",1,"fitted",0.06,0.0112382917862561,1.33358257088378e-05
188,"k25_prev08","offindex",1,"pc1",0.06,0.209522776843661,0.477758808049576
189,"k25_prev08","offindex",1,"fitted",0.08,0.00458442976508433,0.000141168350346055
189,"k25_prev08","offindex",1,"pc1",0.08,0.339355108580583,0.0831871186941888
190,"k25_prev08","offindex",1,"fitted",0.0925,0.0920790487963595,0.00433487162030288
190,"k25_prev08","offindex",1,"pc1",0.0925,0.978474002230752,0.921692128089197
191,"k25_prev08","offindex",1,"fitted",0.09,0.0296785230227478,0.00490558655800166
191,"k25_prev08","offindex",1,"pc1",0.09,0.977978087661514,0.940266266439362
192,"k25_prev08","offindex",1,"fitted",0.08,0.112543670310397,0.000829334203746201
192,"k25_prev08","offindex",1,"pc1",0.08,0.100415904524731,0.933894824950084
193,"k25_prev08","offindex",1,"fitted",0.085,0.0227490026179775,0.000415242036325036
193,"k25_prev08","offindex",1,"pc1",0.085,0.861983141343495,0.507420054650534
194,"k25_prev08","offindex",1,"fitted",0.08,0.0638284513603803,0.111805407062368
194,"k25_prev08","offindex",1,"pc1",0.08,0.181339592932667,0.275917711682338
195,"k25_prev08","offindex",1,"fitted",0.0675,0.243251381060198,0.00405799653839189
195,"k25_prev08","offindex",1,"pc1",0.0675,0.465078644159577,0.0197224225582272
196,"k25_prev08","offindex",1,"fitted",0.08,0.603396653174288,0.707331768481534
196,"k25_prev08","offindex",1,"pc1",0.08,0.408534446777555,0.127095414304031
197,"k25_prev08","offindex",1,"fitted",0.0725,0.403450692803004,0.0399204627919491
197,"k25_prev08","offindex",1,"pc1",0.0725,0.528543146057673,0.27641748025499
198,"k25_prev08","offindex",1,"fitted",0.0725,0.621593182290373,0.0536491944429914
198,"k25_prev08","offindex",1,"pc1",0.0725,0.336406610916955,0.00838621507595683
199,"k25_prev08","offindex",1,"fitted",0.0975,0.111315733130769,0.00248622334842086
199,"k25_prev08","offindex",1,"pc1",0.0975,0.753873601175539,0.824691822483994
200,"k25_prev08","offindex",1,"fitted",0.0725,0.335485604108852,0.101010305013526
200,"k25_prev08","offindex",1,"pc1",0.0725,0.749441625904932,0.342473127831618
201,"k25_prev08","offindex",1,"fitted",0.075,0.126432299444483,0.598135569391218
201,"k25_prev08","offindex",1,"pc1",0.075,0.601159404698383,0.364718353235401
202,"k25_prev08","offindex",1,"fitted",0.08,0.0309692408149724,0.000486847681195113
202,"k25_prev08","offindex",1,"pc1",0.08,0.909511011546252,0.634216247328181
203,"k25_prev08","offindex",1,"fitted",0.065,0.00627762001579224,1.09762908770961e-05
203,"k25_prev08","offindex",1,"pc1",0.065,0.0581618974348606,0.391406858948203
204,"k25_prev08","offindex",1,"fitted",0.065,0.260359068000079,0.0220353703690231
204,"k25_prev08","offindex",1,"pc1",0.065,0.433437690627627,0.071762020811511
205,"k25_prev08","offindex",1,"fitted",0.075,0.474608722138769,0.160993032435027
205,"k25_prev08","offindex",1,"pc1",0.075,0.749334757814434,0.134645806975399
206,"k25_prev08","offindex",1,"fitted",0.09,0.303159436154787,0.0199634082882221
206,"k25_prev08","offindex",1,"pc1",0.09,0.640415788479402,0.130252841129005
207,"k25_prev08","offindex",1,"fitted",0.08,0.558351042083604,0.0215971387257801
207,"k25_prev08","offindex",1,"pc1",0.08,0.948623306745525,0.792528159525497
208,"k25_prev08","offindex",1,"fitted",0.0775,0.0662616774096129,0.000494007585479239
208,"k25_prev08","offindex",1,"pc1",0.0775,0.464966330221796,0.961428056308987
209,"k25_prev08","offindex",1,"fitted",0.0675,0.0138643158958979,0.001066852404217
209,"k25_prev08","offindex",1,"pc1",0.0675,0.804769939190604,0.917051026937236
210,"k25_prev08","offindex",1,"fitted",0.0825,0.318229454106719,0.425439983757532
210,"k25_prev08","offindex",1,"pc1",0.0825,0.576473600157654,0.444998776549905
211,"k25_prev08","offindex",1,"fitted",0.0825,0.193961018257654,0.0037526123747208
211,"k25_prev08","offindex",1,"pc1",0.0825,0.482885394877155,0.115434761648789
212,"k25_prev08","offindex",1,"fitted",0.085,0.724605253867268,0.220356761466344
212,"k25_prev08","offindex",1,"pc1",0.085,0.385684894925977,0.0856658930809167
213,"k25_prev08","offindex",1,"fitted",0.075,0.00226738853675212,5.23380223116376e-06
213,"k25_prev08","offindex",1,"pc1",0.075,0.781155249858993,0.508725916322651
214,"k25_prev08","offindex",1,"fitted",0.075,5.76590936396393e-06,1.65605329449647e-09
214,"k25_prev08","offindex",1,"pc1",0.075,0.609425413317085,0.839811716153812
215,"k25_prev08","offindex",1,"fitted",0.075,0.427556748005171,0.468372305253217
215,"k25_prev08","offindex",1,"pc1",0.075,0.951215116072634,0.665392632967775
216,"k25_prev08","offindex",1,"fitted",0.085,0.0320122750506575,0.000367906075391278
216,"k25_prev08","offindex",1,"pc1",0.085,0.644827129599754,0.403167834707594
217,"k25_prev08","offindex",1,"fitted",0.0825,0.000555110470997988,0.000463007640485458
217,"k25_prev08","offindex",1,"pc1",0.0825,0.217660693985267,0.0352905043709448
218,"k25_prev08","offindex",1,"fitted",0.0725,0.512347442679148,0.0316144270008841
218,"k25_prev08","offindex",1,"pc1",0.0725,0.717382847806375,0.882205979673418
219,"k25_prev08","offindex",1,"fitted",0.0825,0.301979719150784,0.0158070031663091
219,"k25_prev08","offindex",1,"pc1",0.0825,0.35189162808288,0.354062026132059
220,"k25_prev08","offindex",1,"fitted",0.08,0.290434428978721,0.00215754596125284
220,"k25_prev08","offindex",1,"pc1",0.08,0.439694556958926,0.153870440074195
221,"k25_prev08","offindex",1,"fitted",0.0775,0.309004576322149,0.0636022477155963
221,"k25_prev08","offindex",1,"pc1",0.0775,0.934761907715098,0.877930117588983
222,"k25_prev08","offindex",1,"fitted",0.0775,0.332338500477392,0.0275565184940973
222,"k25_prev08","offindex",1,"pc1",0.0775,0.552698743118463,0.159080520554873
223,"k25_prev08","offindex",1,"fitted",0.075,0.418541682669682,0.0726226586692524
223,"k25_prev08","offindex",1,"pc1",0.075,0.578836494237588,0.354353088321265
224,"k25_prev08","offindex",1,"fitted",0.08,0.542477473798408,0.0274371084832766
224,"k25_prev08","offindex",1,"pc1",0.08,0.699423496201249,0.802057499248127
225,"k25_prev08","offindex",1,"fitted",0.075,0.840210428415268,0.0878541221267908
225,"k25_prev08","offindex",1,"pc1",0.075,0.966781758597122,0.950476174629206
226,"k25_prev08","offindex",1,"fitted",0.0775,0.0375050887984623,0.000237365662416389
226,"k25_prev08","offindex",1,"pc1",0.0775,0.197069422908611,0.112982538134743
227,"k25_prev08","offindex",1,"fitted",0.07,0.00233109715227164,9.33192957086604e-06
227,"k25_prev08","offindex",1,"pc1",0.07,0.993757689411691,0.485848292169845
228,"k25_prev08","offindex",1,"fitted",0.08,0.00659664557974138,3.40670579757063e-05
228,"k25_prev08","offindex",1,"pc1",0.08,0.819683390203843,0.596425477874144
229,"k25_prev08","offindex",1,"fitted",0.075,0.304222145029411,0.00565642853813664
229,"k25_prev08","offindex",1,"pc1",0.075,0.647269446187095,0.6633934378554
230,"k25_prev08","offindex",1,"fitted",0.085,0.00162510991179676,0.000658550918579803
230,"k25_prev08","offindex",1,"pc1",0.085,0.972395465472393,0.76565131890034
231,"k25_prev08","offindex",1,"fitted",0.0725,0.00495090442925483,1.04125326187976e-05
231,"k25_prev08","offindex",1,"pc1",0.0725,0.893876795433399,0.19670211684954
232,"k25_prev08","offindex",1,"fitted",0.085,0.0561345254732222,0.00193230692906377
232,"k25_prev08","offindex",1,"pc1",0.085,0.994206490604012,0.916373837975456
233,"k25_prev08","offindex",1,"fitted",0.0925,0.0407540319861655,0.242161057301849
233,"k25_prev08","offindex",1,"pc1",0.0925,0.982267420063606,0.947646828892079
234,"k25_prev08","offindex",1,"fitted",0.0725,0.0311685681215912,0.000108893754510841
234,"k25_prev08","offindex",1,"pc1",0.0725,0.905237600407954,0.683136805447511
235,"k25_prev08","offindex",1,"fitted",0.085,0.351725724889064,0.0382672296076232
235,"k25_prev08","offindex",1,"pc1",0.085,0.433755146127288,0.310828265679296
236,"k25_prev08","offindex",1,"fitted",0.085,0.0372843480294855,0.000477697740353555
236,"k25_prev08","offindex",1,"pc1",0.085,0.9902326703953,0.758018714304562
237,"k25_prev08","offindex",1,"fitted",0.085,0.0655413978129675,0.0740584639714188
237,"k25_prev08","offindex",1,"pc1",0.085,0.0961649134830772,0.0805018457402281
238,"k25_prev08","offindex",1,"fitted",0.08,0.0673646316639767,0.00381712436932435
238,"k25_prev08","offindex",1,"pc1",0.08,0.937576965784354,0.495817393668777
239,"k25_prev08","offindex",1,"fitted",0.0825,0.257254942407946,0.00232453923355957
239,"k25_prev08","offindex",1,"pc1",0.0825,0.397725556276627,0.0648423901730812
240,"k25_prev08","offindex",1,"fitted",0.0825,0.15649811161229,0.133925066949141
240,"k25_prev08","offindex",1,"pc1",0.0825,0.965496185795869,0.222767851014321
241,"k25_prev08","offindex",1,"fitted",0.0725,0.437063678576378,0.0227286407902734
241,"k25_prev08","offindex",1,"pc1",0.0725,0.0276549398013365,0.017823375239381
242,"k25_prev08","offindex",1,"fitted",0.085,0.434798863259883,0.0692722288294048
242,"k25_prev08","offindex",1,"pc1",0.085,0.259506500466243,0.738307743314201
243,"k25_prev08","offindex",1,"fitted",0.09,0.902930967348816,0.181324006188047
243,"k25_prev08","offindex",1,"pc1",0.09,0.713103648684661,0.228236455800979
244,"k25_prev08","offindex",1,"fitted",0.0875,0.458467877299703,0.0779280808509277
244,"k25_prev08","offindex",1,"pc1",0.0875,0.932337201104924,0.286212110235446
245,"k25_prev08","offindex",1,"fitted",0.09,0.0109623331192553,0.00310219093110897
245,"k25_prev08","offindex",1,"pc1",0.09,0.231786131391093,0.0703143604834305
246,"k25_prev08","offindex",1,"fitted",0.0825,0.152160909725388,0.0278792971106182
246,"k25_prev08","offindex",1,"pc1",0.0825,0.636021658425769,0.307692386883702
247,"k25_prev08","offindex",1,"fitted",0.065,0.118767891101867,0.0118830135267256
247,"k25_prev08","offindex",1,"pc1",0.065,0.56688879058501,0.305136324509743
248,"k25_prev08","offindex",1,"fitted",0.08,0.292613006717724,0.158820468044249
248,"k25_prev08","offindex",1,"pc1",0.08,0.880700239657254,0.284623632560598
249,"k25_prev08","offindex",1,"fitted",0.0875,0.041479372658453,0.000116177141881613
249,"k25_prev08","offindex",1,"pc1",0.0875,0.302620090429394,0.75205087064848
250,"k25_prev08","offindex",1,"fitted",0.08,0.05114948989662,0.000963335035334856
250,"k25_prev08","offindex",1,"pc1",0.08,0.0838051579163871,0.0470161681970376
251,"k25_prev08","offindex",1,"fitted",0.085,0.0545187732323096,0.000875269139646528
251,"k25_prev08","offindex",1,"pc1",0.085,0.540056558312508,0.532846222160848
252,"k25_prev08","offindex",1,"fitted",0.0575,0.635341075557858,0.232259131627964
252,"k25_prev08","offindex",1,"pc1",0.0575,0.957589732264972,0.399471128574238
253,"k25_prev08","offindex",1,"fitted",0.08,0.00350513734943758,0.000691015369178372
253,"k25_prev08","offindex",1,"pc1",0.08,0.856656257941995,0.975723938627379
254,"k25_prev08","offindex",1,"fitted",0.0725,0.465369519119409,0.0541276112675529
254,"k25_prev08","offindex",1,"pc1",0.0725,0.60951708192247,0.149689939568739
255,"k25_prev08","offindex",1,"fitted",0.0725,0.192829814244864,0.0046135331125241
255,"k25_prev08","offindex",1,"pc1",0.0725,0.372159407314405,0.336886463904448
256,"k25_prev08","offindex",1,"fitted",0.0675,0.181293852433599,0.00108415922553928
256,"k25_prev08","offindex",1,"pc1",0.0675,0.263224413812338,0.190750795410732
257,"k25_prev08","offindex",1,"fitted",0.09,0.564572255937106,0.149237255162355
257,"k25_prev08","offindex",1,"pc1",0.09,0.21312842374178,0.925332080544145
258,"k25_prev08","offindex",1,"fitted",0.0775,0.087074509864507,0.00170098349908643
258,"k25_prev08","offindex",1,"pc1",0.0775,0.1956444889694,0.0704597655595236
259,"k25_prev08","offindex",1,"fitted",0.0825,0.153444531785618,0.00977638654689827
259,"k25_prev08","offindex",1,"pc1",0.0825,0.587887251218795,0.323087138670307
260,"k25_prev08","offindex",1,"fitted",0.07,0.0486317552321952,0.00565583585390228
260,"k25_prev08","offindex",1,"pc1",0.07,0.366811897445938,0.516405278141633
261,"k25_prev08","offindex",1,"fitted",0.0925,0.126877753745629,0.00998682471080226
261,"k25_prev08","offindex",1,"pc1",0.0925,0.173014650514334,0.605553026284593
262,"k25_prev08","offindex",1,"fitted",0.0875,0.280346927353667,0.054732953730618
262,"k25_prev08","offindex",1,"pc1",0.0875,0.300903063571417,0.440596143587461
263,"k25_prev08","offindex",1,"fitted",0.0725,0.223457063918975,0.0249025085148229
263,"k25_prev08","offindex",1,"pc1",0.0725,0.493122796344728,0.142605468101074
264,"k25_prev08","offindex",1,"fitted",0.0875,8.18445650865307e-05,4.18634361842862e-07
264,"k25_prev08","offindex",1,"pc1",0.0875,0.290724158455789,0.533921811133831
265,"k25_prev08","offindex",1,"fitted",0.085,0.407372819138094,0.0422936405758231
265,"k25_prev08","offindex",1,"pc1",0.085,0.160255084049623,0.643897820150564
266,"k25_prev08","offindex",1,"fitted",0.0825,0.0479230949746383,0.0029172397580739
266,"k25_prev08","offindex",1,"pc1",0.0825,0.563201666397819,0.81242483701729
267,"k25_prev08","offindex",1,"fitted",0.0825,0.0550445597013485,0.0233353166458462
267,"k25_prev08","offindex",1,"pc1",0.0825,0.432551861766914,0.207235294490125
268,"k25_prev08","offindex",1,"fitted",0.075,0.713224572898003,0.290181322655305
268,"k25_prev08","offindex",1,"pc1",0.075,0.791894831820152,0.478788669396839
269,"k25_prev08","offindex",1,"fitted",0.075,0.438111894793963,0.0601185808577809
269,"k25_prev08","offindex",1,"pc1",0.075,0.68204682622853,0.374963088411658
270,"k25_prev08","offindex",1,"fitted",0.08,0.160546068685205,0.131860067235599
270,"k25_prev08","offindex",1,"pc1",0.08,0.550797148600595,0.191398428699065
271,"k25_prev08","offindex",1,"fitted",0.0775,0.0107203191434386,0.000835192517568473
271,"k25_prev08","offindex",1,"pc1",0.0775,0.923475805681411,0.843840168509942
272,"k25_prev08","offindex",1,"fitted",0.0675,0.251439660955033,0.0124210747460548
272,"k25_prev08","offindex",1,"pc1",0.0675,0.422468048150765,0.344747847751017
273,"k25_prev08","offindex",1,"fitted",0.0625,0.153695886356781,0.00472189080297314
273,"k25_prev08","offindex",1,"pc1",0.0625,0.533708852508095,0.854906521999946
274,"k25_prev08","offindex",1,"fitted",0.08,0.157746058563181,0.00508001834027327
274,"k25_prev08","offindex",1,"pc1",0.08,0.461778584355335,0.810768196875446
275,"k25_prev08","offindex",1,"fitted",0.055,0.941496786189023,0.186068012041733
275,"k25_prev08","offindex",1,"pc1",0.055,0.902908968003265,0.350742386428814
276,"k25_prev08","offindex",1,"fitted",0.085,0.827576267012622,0.437404823227579
276,"k25_prev08","offindex",1,"pc1",0.085,0.468253013949048,0.350767053074512
277,"k25_prev08","offindex",1,"fitted",0.075,0.192574655530318,0.0614905252293032
277,"k25_prev08","offindex",1,"pc1",0.075,0.528113590112103,0.497526330096664
278,"k25_prev08","offindex",1,"fitted",0.075,0.342383640347287,0.0113295666794342
278,"k25_prev08","offindex",1,"pc1",0.075,0.209237648242445,0.392961119193292
279,"k25_prev08","offindex",1,"fitted",0.0925,0.00644212095389307,3.88095506322905e-05
279,"k25_prev08","offindex",1,"pc1",0.0925,0.618476392579297,0.542487214054848
280,"k25_prev08","offindex",1,"fitted",0.0925,0.279956965016964,0.0144017682761225
280,"k25_prev08","offindex",1,"pc1",0.0925,0.775499347856945,0.574013602870711
281,"k25_prev08","offindex",1,"fitted",0.0875,0.315384214072895,0.019171639083026
281,"k25_prev08","offindex",1,"pc1",0.0875,0.84536886298907,0.597817986904085
282,"k25_prev08","offindex",1,"fitted",0.0725,0.000687140981775913,1.63470229352924e-07
282,"k25_prev08","offindex",1,"pc1",0.0725,0.835172422270606,0.880161559146009
283,"k25_prev08","offindex",1,"fitted",0.1,0.0548851020541634,0.00023652582222089
283,"k25_prev08","offindex",1,"pc1",0.1,0.790173264469646,0.927980369850425
284,"k25_prev08","offindex",1,"fitted",0.095,0.0513073531805197,0.00410418221873354
284,"k25_prev08","offindex",1,"pc1",0.095,0.127154459196868,0.0181156541522669
285,"k25_prev08","offindex",1,"fitted",0.0775,0.235816624276835,0.0210015349182133
285,"k25_prev08","offindex",1,"pc1",0.0775,0.046044928212415,0.100148133693019
286,"k25_prev08","offindex",1,"fitted",0.0775,0.00898376886296215,0.000152453189044999
286,"k25_prev08","offindex",1,"pc1",0.0775,0.6480457096564,0.161359418922363
287,"k25_prev08","offindex",1,"fitted",0.0875,0.0203390230292672,0.00830916393811365
287,"k25_prev08","offindex",1,"pc1",0.0875,0.91629959813106,0.944530002274436
288,"k25_prev08","offindex",1,"fitted",0.0825,0.343564660762847,0.0286978521278686
288,"k25_prev08","offindex",1,"pc1",0.0825,0.661138012887761,0.307094058850272
289,"k25_prev08","offindex",1,"fitted",0.0975,0.0497558818726367,0.0018786704376661
289,"k25_prev08","offindex",1,"pc1",0.0975,0.924991919623006,0.593411882085341
290,"k25_prev08","offindex",1,"fitted",0.08,0.501688391727722,0.0529631445444295
290,"k25_prev08","offindex",1,"pc1",0.08,0.373891138100523,0.613579075987283
291,"k25_prev08","offindex",1,"fitted",0.0775,0.421480153963062,0.0150796786180982
291,"k25_prev08","offindex",1,"pc1",0.0775,0.116157786670089,0.106181341617915
292,"k25_prev08","offindex",1,"fitted",0.075,0.00100283661939327,9.60474297873048e-07
292,"k25_prev08","offindex",1,"pc1",0.075,0.526483384182787,0.884519379492819
293,"k25_prev08","offindex",1,"fitted",0.07,0.878934521925227,0.140841603936011
293,"k25_prev08","offindex",1,"pc1",0.07,0.979636961871866,0.82820024221217
294,"k25_prev08","offindex",1,"fitted",0.0975,0.524745990486072,0.172513144896328
294,"k25_prev08","offindex",1,"pc1",0.0975,0.866568896047918,0.874152272577918
295,"k25_prev08","offindex",1,"fitted",0.09,0.00324565822729694,1.37678182422496e-05
295,"k25_prev08","offindex",1,"pc1",0.09,0.505757162795684,0.31923102168893
296,"k25_prev08","offindex",1,"fitted",0.0825,0.0973904990026978,0.00969907892134714
296,"k25_prev08","offindex",1,"pc1",0.0825,0.752715836791033,0.48753458993128
297,"k25_prev08","offindex",1,"fitted",0.07,0.0535420791492673,0.000267243669799022
297,"k25_prev08","offindex",1,"pc1",0.07,0.108694353831899,0.318066137536253
298,"k25_prev08","offindex",1,"fitted",0.075,0.0398001861330516,0.00156571347389001
298,"k25_prev08","offindex",1,"pc1",0.075,0.113977519169788,0.946801732419657
299,"k25_prev08","offindex",1,"fitted",0.075,0.0597269422051034,0.000419916961637679
299,"k25_prev08","offindex",1,"pc1",0.075,0.634597794439496,0.705828406030478
300,"k25_prev08","offindex",1,"fitted",0.0925,0.348572444827531,0.0040117449206627
300,"k25_prev08","offindex",1,"pc1",0.0925,0.13656587789401,0.462093674938193
301,"k25_prev08","offindex",1,"fitted",0.0825,0.0665289151468351,0.000512645609531237
301,"k25_prev08","offindex",1,"pc1",0.0825,0.830358212790147,0.8540919838145
302,"k25_prev08","offindex",1,"fitted",0.085,0.275099058007916,0.00831215726097301
302,"k25_prev08","offindex",1,"pc1",0.085,0.945886095177188,0.99681825321996
303,"k25_prev08","offindex",1,"fitted",0.08,0.444930849964009,0.0858839836779915
303,"k25_prev08","offindex",1,"pc1",0.08,0.913115845905534,0.983716725926427
304,"k25_prev08","offindex",1,"fitted",0.0775,0.722793047410732,0.155749256999341
304,"k25_prev08","offindex",1,"pc1",0.0775,0.991277533698746,0.616053425456264
305,"k25_prev08","offindex",1,"fitted",0.06,0.742911873191801,0.275494628871361
305,"k25_prev08","offindex",1,"pc1",0.06,0.314852529809649,0.224533315538867
306,"k25_prev08","offindex",1,"fitted",0.0825,0.443029950989104,0.289717997346301
306,"k25_prev08","offindex",1,"pc1",0.0825,0.517591060566774,0.891516730036866
307,"k25_prev08","offindex",1,"fitted",0.0725,0.00805059224548876,0.000344294405198453
307,"k25_prev08","offindex",1,"pc1",0.0725,0.0619988572164868,0.0324135198387223
308,"k25_prev08","offindex",1,"fitted",0.0775,0.00163223458317752,2.22132435249156e-05
308,"k25_prev08","offindex",1,"pc1",0.0775,0.318897213286748,0.0214924545367097
309,"k25_prev08","offindex",1,"fitted",0.0875,0.00714748155515565,6.99317463792593e-06
309,"k25_prev08","offindex",1,"pc1",0.0875,0.870235580648169,0.22816102192482
310,"k25_prev08","offindex",1,"fitted",0.0625,0.218367989278105,0.0154037206377964
310,"k25_prev08","offindex",1,"pc1",0.0625,0.362148831724127,0.68716549397348
311,"k25_prev08","offindex",1,"fitted",0.0825,0.253704471278894,0.0887173587530699
311,"k25_prev08","offindex",1,"pc1",0.0825,0.0378914573144549,0.0436798676682169
312,"k25_prev08","offindex",1,"fitted",0.08,0.0121953496810746,0.00836685363151557
312,"k25_prev08","offindex",1,"pc1",0.08,0.709500466905371,0.773181172598679
313,"k25_prev08","offindex",1,"fitted",0.0825,0.0599708719021703,0.0266282042088539
313,"k25_prev08","offindex",1,"pc1",0.0825,0.23573985127429,0.292007362625545
314,"k25_prev08","offindex",1,"fitted",0.0775,8.78565134454501e-05,3.65023491646355e-05
314,"k25_prev08","offindex",1,"pc1",0.0775,0.329016588190071,0.31696394958831
315,"k25_prev08","offindex",1,"fitted",0.0975,0.448303447874564,0.078938196310645
315,"k25_prev08","offindex",1,"pc1",0.0975,0.580959480037465,0.428959427721225
316,"k25_prev08","offindex",1,"fitted",0.0775,0.251305710572676,0.00350179232119452
316,"k25_prev08","offindex",1,"pc1",0.0775,0.527787997082944,0.0881415706668016
317,"k25_prev08","offindex",1,"fitted",0.0775,0.105074152992673,0.0023661034535355
317,"k25_prev08","offindex",1,"pc1",0.0775,0.898027286668063,0.462337504938295
318,"k25_prev08","offindex",1,"fitted",0.0675,0.169914162881874,0.106182308816826
318,"k25_prev08","offindex",1,"pc1",0.0675,0.583909473362131,0.395417081838581
319,"k25_prev08","offindex",1,"fitted",0.08,0.198142520046453,0.00853998170902592
319,"k25_prev08","offindex",1,"pc1",0.08,0.844379087915879,0.984874360613769
320,"k25_prev08","offindex",1,"fitted",0.0775,0.651374211411054,0.176336232981557
320,"k25_prev08","offindex",1,"pc1",0.0775,0.880473924509174,0.987786172418739
321,"k25_prev08","offindex",1,"fitted",0.07,0.325431141085176,0.0476075115361334
321,"k25_prev08","offindex",1,"pc1",0.07,0.382154364098868,0.598942212516033
322,"k25_prev08","offindex",1,"fitted",0.0675,0.21434612551955,0.0156368434323765
322,"k25_prev08","offindex",1,"pc1",0.0675,0.849223869308348,0.631626039526358
323,"k25_prev08","offindex",1,"fitted",0.065,0.00283406308014389,4.76020134665411e-06
323,"k25_prev08","offindex",1,"pc1",0.065,0.718841459318629,0.670465174590943
324,"k25_prev08","offindex",1,"fitted",0.0925,0.669462757724055,0.210151941976447
324,"k25_prev08","offindex",1,"pc1",0.0925,0.380910271388215,0.365996173709939
325,"k25_prev08","offindex",1,"fitted",0.0625,0.0334856056517023,0.00118377195373842
325,"k25_prev08","offindex",1,"pc1",0.0625,0.928824468228593,0.785561608213014
326,"k25_prev08","offindex",1,"fitted",0.0675,0.266910600604176,0.00287185279677638
326,"k25_prev08","offindex",1,"pc1",0.0675,0.746143125178729,0.454878530295456
327,"k25_prev08","offindex",1,"fitted",0.075,0.0470103905933942,0.000388996456904822
327,"k25_prev08","offindex",1,"pc1",0.075,0.734197153941254,0.931422965529872
328,"k25_prev08","offindex",1,"fitted",0.0825,0.444255970308484,0.0184081808140556
328,"k25_prev08","offindex",1,"pc1",0.0825,0.50979513077485,0.306394160321211
329,"k25_prev08","offindex",1,"fitted",0.075,0.0491942446415289,0.00187183383384715
329,"k25_prev08","offindex",1,"pc1",0.075,0.678421806175211,0.282481548813759
330,"k25_prev08","offindex",1,"fitted",0.09,0.148795759750619,0.00161556628841297
330,"k25_prev08","offindex",1,"pc1",0.09,0.835738315101845,0.463073815326837
331,"k25_prev08","offindex",1,"fitted",0.0675,0.475923620054439,0.0437206534865925
331,"k25_prev08","offindex",1,"pc1",0.0675,0.343151117499471,0.349161703834831
332,"k25_prev08","offindex",1,"fitted",0.07,0.024574140158007,0.000338110230362343
332,"k25_prev08","offindex",1,"pc1",0.07,0.801841305135368,0.732772201284616
333,"k25_prev08","offindex",1,"fitted",0.0775,0.713634978278868,0.047933124296993
333,"k25_prev08","offindex",1,"pc1",0.0775,0.241386238698589,0.264678021165549
334,"k25_prev08","offindex",1,"fitted",0.085,0.0354356136574975,0.000222133918198697
334,"k25_prev08","offindex",1,"pc1",0.085,0.227397587593682,0.151355110342277
335,"k25_prev08","offindex",1,"fitted",0.07,0.50802770401208,0.0297000789132611
335,"k25_prev08","offindex",1,"pc1",0.07,0.831097177261689,0.507212579635754
336,"k25_prev08","offindex",1,"fitted",0.075,0.33359482550756,0.0121882702036606
336,"k25_prev08","offindex",1,"pc1",0.075,0.255555095345875,0.383962543193265
337,"k25_prev08","offindex",1,"fitted",0.095,0.0252707896745407,8.16742562133044e-05
337,"k25_prev08","offindex",1,"pc1",0.095,0.103509294126034,0.606867599032725
338,"k25_prev08","offindex",1,"fitted",0.09,0.162730571428682,0.231719490153999
338,"k25_prev08","offindex",1,"pc1",0.09,0.284777137591597,0.568853575379738
339,"k25_prev08","offindex",1,"fitted",0.075,0.217563668025219,0.00756342999547033
339,"k25_prev08","offindex",1,"pc1",0.075,0.91523883059085,0.646038036113597
340,"k25_prev08","offindex",1,"fitted",0.0775,0.000151375863916337,2.40758126587304e-05
340,"k25_prev08","offindex",1,"pc1",0.0775,0.816781497172513,0.73852803119905
341,"k25_prev08","offindex",1,"fitted",0.0825,0.291774015581458,0.00243218335852446
341,"k25_prev08","offindex",1,"pc1",0.0825,0.827887665258911,0.550832124648851
342,"k25_prev08","offindex",1,"fitted",0.07,0.292414507741827,0.0266792647446455
342,"k25_prev08","offindex",1,"pc1",0.07,0.775133500866716,0.737179589785059
343,"k25_prev08","offindex",1,"fitted",0.0825,3.25648689730729e-05,5.56122628325717e-06
343,"k25_prev08","offindex",1,"pc1",0.0825,0.578519430236891,0.995425384790946
344,"k25_prev08","offindex",1,"fitted",0.0875,0.563480838312791,0.139086061502977
344,"k25_prev08","offindex",1,"pc1",0.0875,0.887414557838192,0.826989401083778
345,"k25_prev08","offindex",1,"fitted",0.07,0.266377149663589,0.00635858314086168
345,"k25_prev08","offindex",1,"pc1",0.07,0.743843923011017,0.274013777959811
346,"k25_prev08","offindex",1,"fitted",0.065,0.213969285573143,0.0578445282822223
346,"k25_prev08","offindex",1,"pc1",0.065,0.880481911824281,0.799454532803088
347,"k25_prev08","offindex",1,"fitted",0.0925,0.0536619226975588,0.0148780766588017
347,"k25_prev08","offindex",1,"pc1",0.0925,0.577747293454205,0.876303440845712
348,"k25_prev08","offindex",1,"fitted",0.0825,0.230153538499978,0.00884747931033847
348,"k25_prev08","offindex",1,"pc1",0.0825,0.598179803897865,0.466433043592483
349,"k25_prev08","offindex",1,"fitted",0.075,0.0248637812880991,0.0119065897270204
349,"k25_prev08","offindex",1,"pc1",0.075,0.560964021515011,0.814761298476185
350,"k25_prev08","offindex",1,"fitted",0.07,0.847101910994181,0.194982773064912
350,"k25_prev08","offindex",1,"pc1",0.07,0.804805874003762,0.59899127431058
351,"k25_prev08","offindex",1,"fitted",0.0775,0.0732697422646008,0.00104643954664796
351,"k25_prev08","offindex",1,"pc1",0.0775,0.36868442587509,0.0443485388179023
352,"k25_prev08","offindex",1,"fitted",0.0725,0.203517554737088,0.00164390381413726
352,"k25_prev08","offindex",1,"pc1",0.0725,0.893517739874375,0.668293467912327
353,"k25_prev08","offindex",1,"fitted",0.085,0.492024795586031,0.0148790931870979
353,"k25_prev08","offindex",1,"pc1",0.085,0.905922108193998,0.675768861031243
354,"k25_prev08","offindex",1,"fitted",0.085,0.157358950305966,0.00968772728676426
354,"k25_prev08","offindex",1,"pc1",0.085,0.825004352459416,0.419679769435394
355,"k25_prev08","offindex",1,"fitted",0.0775,0.919975037445719,0.570724623553459
355,"k25_prev08","offindex",1,"pc1",0.0775,0.355454893999861,0.952854322221052
356,"k25_prev08","offindex",1,"fitted",0.0725,0.0170476203565351,0.00033969455230376
356,"k25_prev08","offindex",1,"pc1",0.0725,0.163271806719231,0.714466904981814
357,"k25_prev08","offindex",1,"fitted",0.08,0.636600841447068,0.0449593502266651
357,"k25_prev08","offindex",1,"pc1",0.08,0.0735221378065986,0.267604447226312
358,"k25_prev08","offindex",1,"fitted",0.085,0.139771415012006,0.0201052656419349
358,"k25_prev08","offindex",1,"pc1",0.085,0.779108605481832,0.487389486150437
359,"k25_prev08","offindex",1,"fitted",0.08,0.409304494496221,0.0580399091622165
359,"k25_prev08","offindex",1,"pc1",0.08,0.513817964642852,0.185386371766669
360,"k25_prev08","offindex",1,"fitted",0.0775,0.0558955915483627,0.00337802414489763
360,"k25_prev08","offindex",1,"pc1",0.0775,0.935537292242699,0.883598736966475
361,"k25_prev08","offindex",1,"fitted",0.08,0.57062077308716,0.0747084607681678
361,"k25_prev08","offindex",1,"pc1",0.08,0.940297480746949,0.852681891790287
362,"k25_prev08","offindex",1,"fitted",0.0975,0.250120221051453,0.0157120343390327
362,"k25_prev08","offindex",1,"pc1",0.0975,0.633835333414483,0.386593872915001
363,"k25_prev08","offindex",1,"fitted",0.09,0.371069359162659,0.0140410495328104
363,"k25_prev08","offindex",1,"pc1",0.09,0.671439309387979,0.742224614041905
364,"k25_prev08","offindex",1,"fitted",0.0825,0.0183471006481866,0.000168451379467305
364,"k25_prev08","offindex",1,"pc1",0.0825,0.448951463381793,0.977614090146244
365,"k25_prev08","offindex",1,"fitted",0.085,0.056374542109087,0.000310775685059328
365,"k25_prev08","offindex",1,"pc1",0.085,0.732891442093039,0.476624612469445
366,"k25_prev08","offindex",1,"fitted",0.0875,0.0043618074837537,4.74843851732132e-05
366,"k25_prev08","offindex",1,"pc1",0.0875,0.434213080122515,0.164525330314923
367,"k25_prev08","offindex",1,"fitted",0.085,0.0117044223729236,0.00112369788661182
367,"k25_prev08","offindex",1,"pc1",0.085,0.264112774910583,0.570169094527155
368,"k25_prev08","offindex",1,"fitted",0.0875,0.472722937667634,0.110421359433348
368,"k25_prev08","offindex",1,"pc1",0.0875,0.676529470563895,0.666201540258673
369,"k25_prev08","offindex",1,"fitted",0.0825,0.480756863865418,0.0712365248747672
369,"k25_prev08","offindex",1,"pc1",0.0825,0.558281668470696,0.407173858897466
370,"k25_prev08","offindex",1,"fitted",0.0825,0.0163129003971003,0.0545652168387661
370,"k25_prev08","offindex",1,"pc1",0.0825,0.598923229714247,0.734434115788722
371,"k25_prev08","offindex",1,"fitted",0.08,0.0776317765135393,0.0180342654647323
371,"k25_prev08","offindex",1,"pc1",0.08,0.380579789568777,0.323924164496029
372,"k25_prev08","offindex",1,"fitted",0.0625,0.827674448902208,0.103923687566131
372,"k25_prev08","offindex",1,"pc1",0.0625,0.928668495780657,0.854792839511003
373,"k25_prev08","offindex",1,"fitted",0.07,0.238163644448043,0.126489709057459
373,"k25_prev08","offindex",1,"pc1",0.07,0.0872325384809409,0.821063220355669
374,"k25_prev08","offindex",1,"fitted",0.08,0.0519998915675243,0.00023830770280886
374,"k25_prev08","offindex",1,"pc1",0.08,0.0991657263310576,0.37899858022752
375,"k25_prev08","offindex",1,"fitted",0.0725,0.344842870282948,0.101124408881445
375,"k25_prev08","offindex",1,"pc1",0.0725,0.839194986810562,0.945867465905563
376,"k25_prev08","offindex",1,"fitted",0.0725,0.000595329033060255,4.26997068370127e-07
376,"k25_prev08","offindex",1,"pc1",0.0725,0.755866613394744,0.842962023930059
377,"k25_prev08","offindex",1,"fitted",0.075,0.0381580926683285,0.000585376456115561
377,"k25_prev08","offindex",1,"pc1",0.075,0.651210799449288,0.826043829561058
378,"k25_prev08","offindex",1,"fitted",0.0675,0.0906009126026681,0.0232084120443563
378,"k25_prev08","offindex",1,"pc1",0.0675,0.985197567515082,0.906045418743294
379,"k25_prev08","offindex",1,"fitted",0.0675,0.0294665537662957,0.000339686500592351
379,"k25_prev08","offindex",1,"pc1",0.0675,0.491291362843471,0.766301149455123
380,"k25_prev08","offindex",1,"fitted",0.0725,0.134266822793843,0.005860682638541
380,"k25_prev08","offindex",1,"pc1",0.0725,0.856974295340721,0.822568469942898
381,"k25_prev08","offindex",1,"fitted",0.09,0.577879013511278,0.0294157263428603
381,"k25_prev08","offindex",1,"pc1",0.09,0.607435896289306,0.730894066328467
382,"k25_prev08","offindex",1,"fitted",0.07,0.190717790595279,0.0112828230913846
382,"k25_prev08","offindex",1,"pc1",0.07,0.78530491941744,0.83558082350836
383,"k25_prev08","offindex",1,"fitted",0.0725,0.00101391084302915,9.17400174915706e-06
383,"k25_prev08","offindex",1,"pc1",0.0725,0.622578234622773,0.332462152074072
384,"k25_prev08","offindex",1,"fitted",0.06,0.136749579012942,0.00085253873508373
384,"k25_prev08","offindex",1,"pc1",0.06,0.384537159640006,0.0805220838730651
385,"k25_prev08","offindex",1,"fitted",0.0825,0.261220580051741,0.0114965591553868
385,"k25_prev08","offindex",1,"pc1",0.0825,0.44743392551291,0.717391577749238
386,"k25_prev08","offindex",1,"fitted",0.075,0.891298721966166,0.116852599205739
386,"k25_prev08","offindex",1,"pc1",0.075,0.19514430038053,0.31962195734839
387,"k25_prev08","offindex",1,"fitted",0.08,0.0247610530124938,0.000409926280527273
387,"k25_prev08","offindex",1,"pc1",0.08,0.0244887478011693,0.10860412475132
388,"k25_prev08","offindex",1,"fitted",0.0725,0.274020085241093,0.0137247309890596
388,"k25_prev08","offindex",1,"pc1",0.0725,0.955423658022116,0.226582624657227
389,"k25_prev08","offindex",1,"fitted",0.085,0.174172099622088,0.0110657068189697
389,"k25_prev08","offindex",1,"pc1",0.085,0.267698764104012,0.267833566444736
390,"k25_prev08","offindex",1,"fitted",0.085,0.0365560552428645,0.00128655313179782
390,"k25_prev08","offindex",1,"pc1",0.085,0.424499411245575,0.515996067304087
391,"k25_prev08","offindex",1,"fitted",0.0625,0.0031979724986374,1.67251264777679e-05
391,"k25_prev08","offindex",1,"pc1",0.0625,0.989976952613064,0.951429764537539
392,"k25_prev08","offindex",1,"fitted",0.0725,0.777908648105775,0.465293699092104
392,"k25_prev08","offindex",1,"pc1",0.0725,0.107508039795712,0.0145283066940677
393,"k25_prev08","offindex",1,"fitted",0.0875,0.361488324793623,0.0706528541157196
393,"k25_prev08","offindex",1,"pc1",0.0875,0.939218165275012,0.822077679011014
394,"k25_prev08","offindex",1,"fitted",0.095,0.0343972223543252,0.000257318804562812
394,"k25_prev08","offindex",1,"pc1",0.095,0.276339654784501,0.223169249688572
395,"k25_prev08","offindex",1,"fitted",0.0725,0.0143713706481997,0.00145934241121182
395,"k25_prev08","offindex",1,"pc1",0.0725,0.494324112026259,0.237096180143358
396,"k25_prev08","offindex",1,"fitted",0.09,0.196703461159426,0.00816716235681281
396,"k25_prev08","offindex",1,"pc1",0.09,0.255525931760225,0.765782151246104
397,"k25_prev08","offindex",1,"fitted",0.065,0.00357309001885353,6.85277924117322e-06
397,"k25_prev08","offindex",1,"pc1",0.065,0.934677370933533,0.68994355677079
398,"k25_prev08","offindex",1,"fitted",0.0775,0.199193527055146,0.00232997785311562
398,"k25_prev08","offindex",1,"pc1",0.0775,0.878620983960211,0.669782003225897
399,"k25_prev08","offindex",1,"fitted",0.085,0.165537297614352,0.0107062855662594
399,"k25_prev08","offindex",1,"pc1",0.085,0.0392644909863036,0.174364661083682
400,"k25_prev08","offindex",1,"fitted",0.0725,0.188020387086797,0.00385108420990576
400,"k25_prev08","offindex",1,"pc1",0.0725,0.2573269362815,0.30847767369602
1,"k25_prev08","offindex",1.5,"fitted",0.075,0.0760009555826245,0.00197220285647248
1,"k25_prev08","offindex",1.5,"pc1",0.075,0.89605290124561,0.84105109695568
2,"k25_prev08","offindex",1.5,"fitted",0.0775,0.00353326262815734,7.62749102173332e-05
2,"k25_prev08","offindex",1.5,"pc1",0.0775,0.665988144157745,0.556317051614612
3,"k25_prev08","offindex",1.5,"fitted",0.0775,0.00963790755908311,0.00101919260786709
3,"k25_prev08","offindex",1.5,"pc1",0.0775,0.606735142180679,0.409588622711748
4,"k25_prev08","offindex",1.5,"fitted",0.075,0.390718605160682,0.0529701482575358
4,"k25_prev08","offindex",1.5,"pc1",0.075,0.810118240397861,0.888245452981917
5,"k25_prev08","offindex",1.5,"fitted",0.0625,0.739572897203036,0.206657655054939
5,"k25_prev08","offindex",1.5,"pc1",0.0625,0.768843549728232,0.927853665933117
6,"k25_prev08","offindex",1.5,"fitted",0.0875,0.0139330407120841,0.00137332872490248
6,"k25_prev08","offindex",1.5,"pc1",0.0875,0.308256186298853,0.169850622832772
7,"k25_prev08","offindex",1.5,"fitted",0.0925,0.16009366225095,0.00477098335676873
7,"k25_prev08","offindex",1.5,"pc1",0.0925,0.930521552360048,0.821590825744738
8,"k25_prev08","offindex",1.5,"fitted",0.075,0.419757167914179,0.0106617080055065
8,"k25_prev08","offindex",1.5,"pc1",0.075,0.914817969158029,0.839263977649402
9,"k25_prev08","offindex",1.5,"fitted",0.085,0.0881486803761836,0.00912316647072475
9,"k25_prev08","offindex",1.5,"pc1",0.085,0.0484081901398304,0.251215164369882
10,"k25_prev08","offindex",1.5,"fitted",0.0925,0.558348938164221,0.0482671682441158
10,"k25_prev08","offindex",1.5,"pc1",0.0925,0.402642249153969,0.715824997342831
11,"k25_prev08","offindex",1.5,"fitted",0.09,0.517322406459009,0.065570338198279
11,"k25_prev08","offindex",1.5,"pc1",0.09,0.350227419911102,0.253179851591157
12,"k25_prev08","offindex",1.5,"fitted",0.0825,0.0451299794842995,0.0148381427848281
12,"k25_prev08","offindex",1.5,"pc1",0.0825,0.942559042416643,0.325007376128892
13,"k25_prev08","offindex",1.5,"fitted",0.08,0.127202657106467,0.00491981423520693
13,"k25_prev08","offindex",1.5,"pc1",0.08,0.877933886342459,0.255605477848005
14,"k25_prev08","offindex",1.5,"fitted",0.075,0.0982123041306859,0.00134683172305217
14,"k25_prev08","offindex",1.5,"pc1",0.075,0.548919078447539,0.828370784345709
15,"k25_prev08","offindex",1.5,"fitted",0.0825,0.863269696980184,0.0607412937570004
15,"k25_prev08","offindex",1.5,"pc1",0.0825,0.824813445520465,0.473786232790433
16,"k25_prev08","offindex",1.5,"fitted",0.0875,0.14596646590643,0.0068099851935477
16,"k25_prev08","offindex",1.5,"pc1",0.0875,0.671471214108603,0.916980470479925
17,"k25_prev08","offindex",1.5,"fitted",0.085,0.0985058597544531,0.0163325151193512
17,"k25_prev08","offindex",1.5,"pc1",0.085,0.299550194967142,0.973430076237098
18,"k25_prev08","offindex",1.5,"fitted",0.0725,0.866801243139497,0.420321065087966
18,"k25_prev08","offindex",1.5,"pc1",0.0725,0.396276472604034,0.752450349719343
19,"k25_prev08","offindex",1.5,"fitted",0.09,0.707963061469987,0.314163993267443
19,"k25_prev08","offindex",1.5,"pc1",0.09,0.536991097773498,0.898148839154963
20,"k25_prev08","offindex",1.5,"fitted",0.0925,0.475512909914178,0.0500902161184911
20,"k25_prev08","offindex",1.5,"pc1",0.0925,0.00973333625426176,0.423481785205433
21,"k25_prev08","offindex",1.5,"fitted",0.0825,0.0523294456588901,0.00105439961934806
21,"k25_prev08","offindex",1.5,"pc1",0.0825,0.950209320029244,0.990483627861199
22,"k25_prev08","offindex",1.5,"fitted",0.0875,0.0160358887236911,2.31396890363333e-05
22,"k25_prev08","offindex",1.5,"pc1",0.0875,0.845577296446634,0.80829928994136
23,"k25_prev08","offindex",1.5,"fitted",0.08,0.55645893981032,0.346554082532475
23,"k25_prev08","offindex",1.5,"pc1",0.08,0.955255692080135,0.427602235650104
24,"k25_prev08","offindex",1.5,"fitted",0.0875,0.968069613249237,0.384332877127805
24,"k25_prev08","offindex",1.5,"pc1",0.0875,0.0168842204450756,0.21383837248428
25,"k25_prev08","offindex",1.5,"fitted",0.075,0.762595720544017,0.552604992080967
25,"k25_prev08","offindex",1.5,"pc1",0.075,0.906514947453477,0.717956635347889
26,"k25_prev08","offindex",1.5,"fitted",0.075,0.0465141691781874,0.000168268864862764
26,"k25_prev08","offindex",1.5,"pc1",0.075,0.523882534733149,0.916023974971614
27,"k25_prev08","offindex",1.5,"fitted",0.07,0.000279601255358974,0.00144663061827521
27,"k25_prev08","offindex",1.5,"pc1",0.07,0.862526192931268,0.961359794303191
28,"k25_prev08","offindex",1.5,"fitted",0.08,0.271670342656307,0.00408317020712856
28,"k25_prev08","offindex",1.5,"pc1",0.08,0.961358535369283,0.895337765508161
29,"k25_prev08","offindex",1.5,"fitted",0.0725,0.000567745501400929,2.17997408125115e-07
29,"k25_prev08","offindex",1.5,"pc1",0.0725,0.130266747905675,0.343800054375597
30,"k25_prev08","offindex",1.5,"fitted",0.0775,0.283474250898503,0.0974206614700304
30,"k25_prev08","offindex",1.5,"pc1",0.0775,0.982180442571653,0.87048717467769
31,"k25_prev08","offindex",1.5,"fitted",0.0975,0.273292619380403,0.0641116480809929
31,"k25_prev08","offindex",1.5,"pc1",0.0975,0.375853034722102,0.246975899999356
32,"k25_prev08","offindex",1.5,"fitted",0.0875,0.0216857839819633,0.00217313283848386
32,"k25_prev08","offindex",1.5,"pc1",0.0875,0.815996880717784,0.616582936209069
33,"k25_prev08","offindex",1.5,"fitted",0.085,0.360070863792232,0.0151987098382149
33,"k25_prev08","offindex",1.5,"pc1",0.085,0.404158619831156,0.785364113797268
34,"k25_prev08","offindex",1.5,"fitted",0.075,0.0165447055878503,0.000191283283078825
34,"k25_prev08","offindex",1.5,"pc1",0.075,0.713797953626336,0.790449938931552
35,"k25_prev08","offindex",1.5,"fitted",0.08,0.00486280287169716,0.000761809520734569
35,"k25_prev08","offindex",1.5,"pc1",0.08,0.926156253754263,0.295500616117381
36,"k25_prev08","offindex",1.5,"fitted",0.075,0.893473003628556,0.309480911481417
36,"k25_prev08","offindex",1.5,"pc1",0.075,0.965491152029059,0.566560400573391
37,"k25_prev08","offindex",1.5,"fitted",0.09,0.638464008968963,0.0563778496816536
37,"k25_prev08","offindex",1.5,"pc1",0.09,0.634716303699656,0.997554720552685
38,"k25_prev08","offindex",1.5,"fitted",0.0825,0.00710085038159747,2.35604802458766e-05
38,"k25_prev08","offindex",1.5,"pc1",0.0825,0.375501705159058,0.645072331759923
39,"k25_prev08","offindex",1.5,"fitted",0.0875,0.0614260006922968,0.00117630804965474
39,"k25_prev08","offindex",1.5,"pc1",0.0875,0.12505332940034,0.0128276956198122
40,"k25_prev08","offindex",1.5,"fitted",0.0775,0.269046195000699,0.0332352177867675
40,"k25_prev08","offindex",1.5,"pc1",0.0775,0.618928914985505,0.368149818122516
41,"k25_prev08","offindex",1.5,"fitted",0.085,0.894533242054458,0.1982666247886
41,"k25_prev08","offindex",1.5,"pc1",0.085,0.549724201812756,0.633953136867521
42,"k25_prev08","offindex",1.5,"fitted",0.0925,0.213974920178945,0.00261797553469467
42,"k25_prev08","offindex",1.5,"pc1",0.0925,0.120676581251756,0.0044772706960835
43,"k25_prev08","offindex",1.5,"fitted",0.0825,0.395693157854752,0.0219498150397521
43,"k25_prev08","offindex",1.5,"pc1",0.0825,0.716100776442582,0.434131057816134
44,"k25_prev08","offindex",1.5,"fitted",0.08,0.934867295026665,0.433825726346263
44,"k25_prev08","offindex",1.5,"pc1",0.08,0.339138447325972,0.525620065562364
45,"k25_prev08","offindex",1.5,"fitted",0.0875,0.590019546487026,0.0795658391742275
45,"k25_prev08","offindex",1.5,"pc1",0.0875,0.249061509266541,0.399619092919244
46,"k25_prev08","offindex",1.5,"fitted",0.0825,0.600149723872484,0.0323589522359243
46,"k25_prev08","offindex",1.5,"pc1",0.0825,0.822054463702202,0.669242098373626
47,"k25_prev08","offindex",1.5,"fitted",0.0725,0.111673582284409,0.000527762374431306
47,"k25_prev08","offindex",1.5,"pc1",0.0725,0.96751709974673,0.701523574029625
48,"k25_prev08","offindex",1.5,"fitted",0.08,0.0136594331032172,0.00153801190116865
48,"k25_prev08","offindex",1.5,"pc1",0.08,0.67431816404007,0.260899691114304
49,"k25_prev08","offindex",1.5,"fitted",0.0725,0.591680304407873,0.245034898198966
49,"k25_prev08","offindex",1.5,"pc1",0.0725,0.183313021982892,0.558473122846965
50,"k25_prev08","offindex",1.5,"fitted",0.07,0.33530073366437,0.0245650573199435
50,"k25_prev08","offindex",1.5,"pc1",0.07,0.610729571939619,0.353184618154518
51,"k25_prev08","offindex",1.5,"fitted",0.085,0.00592154047519444,4.53807154612296e-05
51,"k25_prev08","offindex",1.5,"pc1",0.085,0.313762910137526,0.332400140821316
52,"k25_prev08","offindex",1.5,"fitted",0.0825,0.109223887236901,0.00288747999097039
52,"k25_prev08","offindex",1.5,"pc1",0.0825,0.378970272359894,0.18465259120102
53,"k25_prev08","offindex",1.5,"fitted",0.0875,0.524061685191025,0.0198388750067811
53,"k25_prev08","offindex",1.5,"pc1",0.0875,0.213503875295409,0.094356987223323
54,"k25_prev08","offindex",1.5,"fitted",0.0725,0.311152346114627,0.0423347568621614
54,"k25_prev08","offindex",1.5,"pc1",0.0725,0.950106067472935,0.814712265161673
55,"k25_prev08","offindex",1.5,"fitted",0.0925,0.161740778982993,0.0133501779228397
55,"k25_prev08","offindex",1.5,"pc1",0.0925,0.0704319777982635,0.755117573241172
56,"k25_prev08","offindex",1.5,"fitted",0.09,0.453358137418591,0.188780725379318
56,"k25_prev08","offindex",1.5,"pc1",0.09,0.577889689482019,0.2401967436129
57,"k25_prev08","offindex",1.5,"fitted",0.0825,0.736812109844418,0.0364530707341602
57,"k25_prev08","offindex",1.5,"pc1",0.0825,0.969813644776439,0.964635245683343
58,"k25_prev08","offindex",1.5,"fitted",0.0825,0.945032270768194,0.345123203028084
58,"k25_prev08","offindex",1.5,"pc1",0.0825,0.924026639048696,0.756183238562535
59,"k25_prev08","offindex",1.5,"fitted",0.085,0.721708506874193,0.298787367464067
59,"k25_prev08","offindex",1.5,"pc1",0.085,0.712406588370163,0.972807763505131
60,"k25_prev08","offindex",1.5,"fitted",0.075,0.51672494919768,0.829315784775248
60,"k25_prev08","offindex",1.5,"pc1",0.075,0.912159108782089,0.9126579212037
61,"k25_prev08","offindex",1.5,"fitted",0.0675,0.251131177208747,0.0650980551746958
61,"k25_prev08","offindex",1.5,"pc1",0.0675,0.591797608733219,0.795684632666791
62,"k25_prev08","offindex",1.5,"fitted",0.08,0.0369903424424035,0.000781851177672377
62,"k25_prev08","offindex",1.5,"pc1",0.08,0.337486532617341,0.052889195191087
63,"k25_prev08","offindex",1.5,"fitted",0.08,0.296064388365339,0.00717653187822886
63,"k25_prev08","offindex",1.5,"pc1",0.08,0.412199124035192,0.27117676044778
64,"k25_prev08","offindex",1.5,"fitted",0.085,0.0939713517183931,0.000534282008193609
64,"k25_prev08","offindex",1.5,"pc1",0.085,0.179445937390087,0.0458726543564587
65,"k25_prev08","offindex",1.5,"fitted",0.0825,0.234124903289966,0.0392723905439398
65,"k25_prev08","offindex",1.5,"pc1",0.0825,0.508629584510342,0.0708871745477053
66,"k25_prev08","offindex",1.5,"fitted",0.07,0.68487581861963,0.0350535546538159
66,"k25_prev08","offindex",1.5,"pc1",0.07,0.342864059454515,0.112297213243439
67,"k25_prev08","offindex",1.5,"fitted",0.0675,0.617871274555543,0.217997070173282
67,"k25_prev08","offindex",1.5,"pc1",0.0675,0.576697324785202,0.585628205787199
68,"k25_prev08","offindex",1.5,"fitted",0.0825,0.187248182880225,0.00339172574833135
68,"k25_prev08","offindex",1.5,"pc1",0.0825,0.818338644129992,0.556010309675608
69,"k25_prev08","offindex",1.5,"fitted",0.085,0.60054530238828,0.0408221462145119
69,"k25_prev08","offindex",1.5,"pc1",0.085,0.545629207588074,0.797956308593694
70,"k25_prev08","offindex",1.5,"fitted",0.08,0.0464322039543926,0.00955758523991923
70,"k25_prev08","offindex",1.5,"pc1",0.08,0.484450414503763,0.152114448198143
71,"k25_prev08","offindex",1.5,"fitted",0.08,0.0329205155317596,0.000209470201895323
71,"k25_prev08","offindex",1.5,"pc1",0.08,0.408561336239997,0.0743116471272949
72,"k25_prev08","offindex",1.5,"fitted",0.075,0.691131552163124,0.118699860565119
72,"k25_prev08","offindex",1.5,"pc1",0.075,0.30000465679296,0.918041537714821
73,"k25_prev08","offindex",1.5,"fitted",0.07,0.263626074876271,0.00807961177052086
73,"k25_prev08","offindex",1.5,"pc1",0.07,0.952261939069407,0.265268150996976
74,"k25_prev08","offindex",1.5,"fitted",0.08,0.268440740455641,0.0112964013237074
74,"k25_prev08","offindex",1.5,"pc1",0.08,0.417211266449361,0.259482175046389
75,"k25_prev08","offindex",1.5,"fitted",0.08,0.764852869428985,0.0741722872967305
75,"k25_prev08","offindex",1.5,"pc1",0.08,0.325790877510768,0.871261121507628
76,"k25_prev08","offindex",1.5,"fitted",0.0775,0.000660448456747398,1.70924202025358e-06
76,"k25_prev08","offindex",1.5,"pc1",0.0775,0.656164344316565,0.732064674501656
77,"k25_prev08","offindex",1.5,"fitted",0.0825,0.245127620920777,0.0196751000128514
77,"k25_prev08","offindex",1.5,"pc1",0.0825,0.294139583316968,0.508799921137794
78,"k25_prev08","offindex",1.5,"fitted",0.095,0.0467089137987817,0.000313391557227538
78,"k25_prev08","offindex",1.5,"pc1",0.095,0.343277320301097,0.0295203572479574
79,"k25_prev08","offindex",1.5,"fitted",0.0775,0.872775732480706,0.19349539240662
79,"k25_prev08","offindex",1.5,"pc1",0.0775,0.790972531761234,0.831281057242752
80,"k25_prev08","offindex",1.5,"fitted",0.08,0.029864207822582,0.0209148080380066
80,"k25_prev08","offindex",1.5,"pc1",0.08,0.248242734335815,0.467769529490503
81,"k25_prev08","offindex",1.5,"fitted",0.0825,0.000406333957590599,1.10136424424923e-07
81,"k25_prev08","offindex",1.5,"pc1",0.0825,0.425863033571734,0.896093815523449
82,"k25_prev08","offindex",1.5,"fitted",0.085,0.00155185989600248,0.000136033210486386
82,"k25_prev08","offindex",1.5,"pc1",0.085,0.727748794337036,0.679282250458772
83,"k25_prev08","offindex",1.5,"fitted",0.075,0.462943594165341,0.0288259103672825
83,"k25_prev08","offindex",1.5,"pc1",0.075,0.730196348359189,0.659496715900084
84,"k25_prev08","offindex",1.5,"fitted",0.0825,0.1662032729977,0.0357388768047268
84,"k25_prev08","offindex",1.5,"pc1",0.0825,0.722031859031351,0.249926055505639
85,"k25_prev08","offindex",1.5,"fitted",0.08,0.00187715437951352,1.26553438563048e-05
85,"k25_prev08","offindex",1.5,"pc1",0.08,0.425947463857797,0.172772346399664
86,"k25_prev08","offindex",1.5,"fitted",0.08,0.673216549458236,0.032524831721443
86,"k25_prev08","offindex",1.5,"pc1",0.08,0.924461654661829,0.89900001968249
87,"k25_prev08","offindex",1.5,"fitted",0.075,0.202238930615427,0.0292304289070817
87,"k25_prev08","offindex",1.5,"pc1",0.075,0.442461037836341,0.977368207793087
88,"k25_prev08","offindex",1.5,"fitted",0.07,0.753806811771078,0.153426018972856
88,"k25_prev08","offindex",1.5,"pc1",0.07,0.457284776144602,0.601463750815459
89,"k25_prev08","offindex",1.5,"fitted",0.0725,0.130371855317816,0.000710871877242836
89,"k25_prev08","offindex",1.5,"pc1",0.0725,0.268972063111566,0.158292740224605
90,"k25_prev08","offindex",1.5,"fitted",0.0775,0.0563669517581481,0.00733271737398633
90,"k25_prev08","offindex",1.5,"pc1",0.0775,0.916965137804437,0.912232102597271
91,"k25_prev08","offindex",1.5,"fitted",0.0825,0.195329521205889,0.00341946808003601
91,"k25_prev08","offindex",1.5,"pc1",0.0825,0.515137180129374,0.410132456443679
92,"k25_prev08","offindex",1.5,"fitted",0.08,0.419312091899715,0.036447538156259
92,"k25_prev08","offindex",1.5,"pc1",0.08,0.945207765071694,0.826474497925843
93,"k25_prev08","offindex",1.5,"fitted",0.0925,0.234201548505312,0.0134335255648913
93,"k25_prev08","offindex",1.5,"pc1",0.0925,0.427648610037307,0.494200116281396
94,"k25_prev08","offindex",1.5,"fitted",0.0775,0.188077633342494,0.00328465609408712
94,"k25_prev08","offindex",1.5,"pc1",0.0775,0.895542842861206,0.258013164767236
95,"k25_prev08","offindex",1.5,"fitted",0.07,0.170592245546831,0.218144641571857
95,"k25_prev08","offindex",1.5,"pc1",0.07,0.418819418702008,0.504933467138423
96,"k25_prev08","offindex",1.5,"fitted",0.0675,0.273185729578057,0.0106527231963276
96,"k25_prev08","offindex",1.5,"pc1",0.0675,0.0488457213458998,0.779540305918608
97,"k25_prev08","offindex",1.5,"fitted",0.0775,0.134305631982403,0.00701326354831899
97,"k25_prev08","offindex",1.5,"pc1",0.0775,0.203370229057618,0.0407218321163909
98,"k25_prev08","offindex",1.5,"fitted",0.0875,0.025671669536274,0.00308169677881898
98,"k25_prev08","offindex",1.5,"pc1",0.0875,0.546780844737973,0.176638520565168
99,"k25_prev08","offindex",1.5,"fitted",0.07,0.216049901912702,0.0286890369782027
99,"k25_prev08","offindex",1.5,"pc1",0.07,0.532800232435629,0.752166641911781
100,"k25_prev08","offindex",1.5,"fitted",0.0875,0.000137378135300903,2.34063169957111e-07
100,"k25_prev08","offindex",1.5,"pc1",0.0875,0.883567842052323,0.567181356372169
101,"k25_prev08","offindex",1.5,"fitted",0.0825,0.214560181806745,0.0028187377180664
101,"k25_prev08","offindex",1.5,"pc1",0.0825,0.623074231977517,0.335475376795187
102,"k25_prev08","offindex",1.5,"fitted",0.085,0.528427451320876,0.147400930126231
102,"k25_prev08","offindex",1.5,"pc1",0.085,0.952300329277757,0.607550588568872
103,"k25_prev08","offindex",1.5,"fitted",0.08,0.433465606867054,0.00773628647504565
103,"k25_prev08","offindex",1.5,"pc1",0.08,0.047552423040843,0.0780572151444447
104,"k25_prev08","offindex",1.5,"fitted",0.08,0.127474328001334,0.00196480108485941
104,"k25_prev08","offindex",1.5,"pc1",0.08,0.847603355119648,0.976417114623179
105,"k25_prev08","offindex",1.5,"fitted",0.095,0.0372631528713784,0.000739364463756886
105,"k25_prev08","offindex",1.5,"pc1",0.095,0.136458672807197,0.291651896919351
106,"k25_prev08","offindex",1.5,"fitted",0.0675,0.339576502753611,0.142744698343301
106,"k25_prev08","offindex",1.5,"pc1",0.0675,0.876774358232037,0.92359303258128
107,"k25_prev08","offindex",1.5,"fitted",0.075,0.499118458390943,0.0181288589914258
107,"k25_prev08","offindex",1.5,"pc1",0.075,0.724767751319876,0.756535848313042
108,"k25_prev08","offindex",1.5,"fitted",0.0775,0.0662362749134002,0.000905465442556652
108,"k25_prev08","offindex",1.5,"pc1",0.0775,0.6179376177289,0.911650233191241
109,"k25_prev08","offindex",1.5,"fitted",0.06,0.116355424690067,0.000909798393992856
109,"k25_prev08","offindex",1.5,"pc1",0.06,0.952559437451952,0.898105720671419
110,"k25_prev08","offindex",1.5,"fitted",0.075,0.00729627508121233,6.12594966400426e-05
110,"k25_prev08","offindex",1.5,"pc1",0.075,0.320673951912336,0.0306647992818623
111,"k25_prev08","offindex",1.5,"fitted",0.08,0.0323820607616182,0.0151520286443505
111,"k25_prev08","offindex",1.5,"pc1",0.08,0.712489169545504,0.740751581567609
112,"k25_prev08","offindex",1.5,"fitted",0.0775,0.418182991358642,0.00842913572979043
112,"k25_prev08","offindex",1.5,"pc1",0.0775,0.514832148029817,0.18972543698593
113,"k25_prev08","offindex",1.5,"fitted",0.08,0.0458254311324653,0.00122833939311173
113,"k25_prev08","offindex",1.5,"pc1",0.08,0.537231704026452,0.986180063415947
114,"k25_prev08","offindex",1.5,"fitted",0.0875,0.610727546331838,0.533105002032599
114,"k25_prev08","offindex",1.5,"pc1",0.0875,0.691814180468667,0.192345425217554
115,"k25_prev08","offindex",1.5,"fitted",0.075,0.0174786978259851,5.05857673424037e-05
115,"k25_prev08","offindex",1.5,"pc1",0.075,0.8929342962184,0.58526117006862
116,"k25_prev08","offindex",1.5,"fitted",0.0775,0.831794300594698,0.213480080857168
116,"k25_prev08","offindex",1.5,"pc1",0.0775,0.991420529975511,0.897045134296851
117,"k25_prev08","offindex",1.5,"fitted",0.0725,0.41578021623719,0.0314151924127841
117,"k25_prev08","offindex",1.5,"pc1",0.0725,0.58122807940317,0.447345602841597
118,"k25_prev08","offindex",1.5,"fitted",0.0875,0.438208780630523,0.110619927966287
118,"k25_prev08","offindex",1.5,"pc1",0.0875,0.313119311507073,0.237056305420331
119,"k25_prev08","offindex",1.5,"fitted",0.0725,0.0923774289441059,0.00129652653741075
119,"k25_prev08","offindex",1.5,"pc1",0.0725,0.767268679337381,0.891524267047019
120,"k25_prev08","offindex",1.5,"fitted",0.075,0.00295470452117241,7.78450350666926e-05
120,"k25_prev08","offindex",1.5,"pc1",0.075,0.0258793688564158,0.437342283734872
121,"k25_prev08","offindex",1.5,"fitted",0.0675,0.651283905071807,0.1170329484067
121,"k25_prev08","offindex",1.5,"pc1",0.0675,0.567452484513813,0.253375927745215
122,"k25_prev08","offindex",1.5,"fitted",0.0775,0.108038700420697,0.0422074946341584
122,"k25_prev08","offindex",1.5,"pc1",0.0775,0.561257490351379,0.603666674310634
123,"k25_prev08","offindex",1.5,"fitted",0.0875,0.513361231090961,0.155899976458275
123,"k25_prev08","offindex",1.5,"pc1",0.0875,0.60237975470131,0.145232077142727
124,"k25_prev08","offindex",1.5,"fitted",0.0875,0.0018619549777974,5.87748912894703e-06
124,"k25_prev08","offindex",1.5,"pc1",0.0875,0.7980783150516,0.792232072484989
125,"k25_prev08","offindex",1.5,"fitted",0.0825,0.0508858294288769,0.003825227188615
125,"k25_prev08","offindex",1.5,"pc1",0.0825,0.642408878868377,0.261753861694584
126,"k25_prev08","offindex",1.5,"fitted",0.0725,0.0596065132601791,0.00186103588926978
126,"k25_prev08","offindex",1.5,"pc1",0.0725,0.491819692106679,0.697669229471443
127,"k25_prev08","offindex",1.5,"fitted",0.0825,0.0260513034654271,0.000195674474246621
127,"k25_prev08","offindex",1.5,"pc1",0.0825,0.415895135314143,0.161918276943382
128,"k25_prev08","offindex",1.5,"fitted",0.0825,0.0453871027370556,0.000537005826251935
128,"k25_prev08","offindex",1.5,"pc1",0.0825,0.781131014458678,0.977954343379766
129,"k25_prev08","offindex",1.5,"fitted",0.0775,0.00828316460541911,3.36924377110082e-05
129,"k25_prev08","offindex",1.5,"pc1",0.0775,0.0549653241542494,0.165982826183365
130,"k25_prev08","offindex",1.5,"fitted",0.085,0.658760659105898,0.192651484408725
130,"k25_prev08","offindex",1.5,"pc1",0.085,0.321552749883579,0.902923304862712
131,"k25_prev08","offindex",1.5,"fitted",0.0675,0.000140750518921706,1.30944607157346e-07
131,"k25_prev08","offindex",1.5,"pc1",0.0675,0.490666526442703,0.723629227764434
132,"k25_prev08","offindex",1.5,"fitted",0.0825,0.334172173172824,0.0558877928248148
132,"k25_prev08","offindex",1.5,"pc1",0.0825,0.992143591590748,0.946991316880399
133,"k25_prev08","offindex",1.5,"fitted",0.0925,0.0168448033345159,0.000259336785370046
133,"k25_prev08","offindex",1.5,"pc1",0.0925,0.507206140103929,0.199411064711744
134,"k25_prev08","offindex",1.5,"fitted",0.09,0.0324306873114084,0.000136767075046174
134,"k25_prev08","offindex",1.5,"pc1",0.09,0.204352178063704,0.618611210588108
135,"k25_prev08","offindex",1.5,"fitted",0.075,0.00853336858689158,0.000178234798512755
135,"k25_prev08","offindex",1.5,"pc1",0.075,0.876833625211341,0.953374886494088
136,"k25_prev08","offindex",1.5,"fitted",0.085,0.38789627302187,0.0647602024499462
136,"k25_prev08","offindex",1.5,"pc1",0.085,0.289486094857775,0.30608599970707
137,"k25_prev08","offindex",1.5,"fitted",0.0975,0.122677511764012,0.0690157840480614
137,"k25_prev08","offindex",1.5,"pc1",0.0975,0.872535202946573,0.898223252245249
138,"k25_prev08","offindex",1.5,"fitted",0.085,0.254592757598413,0.0134115189610683
138,"k25_prev08","offindex",1.5,"pc1",0.085,0.563167634430616,0.907724841878817
139,"k25_prev08","offindex",1.5,"fitted",0.09,0.368803091057695,0.0194872201508247
139,"k25_prev08","offindex",1.5,"pc1",0.09,0.571426191230379,0.928199268090983
140,"k25_prev08","offindex",1.5,"fitted",0.0775,0.0474273886582965,1.98122790021626e-05
140,"k25_prev08","offindex",1.5,"pc1",0.0775,0.966811007134509,0.428518682615328
141,"k25_prev08","offindex",1.5,"fitted",0.085,0.00603108202050473,5.5842927134897e-05
141,"k25_prev08","offindex",1.5,"pc1",0.085,0.980055217467385,0.778459107683023
142,"k25_prev08","offindex",1.5,"fitted",0.075,0.307575662515972,0.0942573673046363
142,"k25_prev08","offindex",1.5,"pc1",0.075,0.782464002905654,0.542122744559251
143,"k25_prev08","offindex",1.5,"fitted",0.0775,0.225528735193766,0.565157650097365
143,"k25_prev08","offindex",1.5,"pc1",0.0775,0.428968123955257,0.931572877282325
144,"k25_prev08","offindex",1.5,"fitted",0.08,0.411738321564741,0.0505038928660134
144,"k25_prev08","offindex",1.5,"pc1",0.08,0.849154068613735,0.596377637516188
145,"k25_prev08","offindex",1.5,"fitted",0.0725,0.559138614050436,0.0352601853763899
145,"k25_prev08","offindex",1.5,"pc1",0.0725,0.323615110046885,0.102886322018479
146,"k25_prev08","offindex",1.5,"fitted",0.08,0.221517083145389,0.00706134181492279
146,"k25_prev08","offindex",1.5,"pc1",0.08,0.793779303717162,0.173871160341706
147,"k25_prev08","offindex",1.5,"fitted",0.08,0.0030395697738258,1.9209690430122e-05
147,"k25_prev08","offindex",1.5,"pc1",0.08,0.984725685433162,0.432312178557418
148,"k25_prev08","offindex",1.5,"fitted",0.0925,0.421853234768788,0.0297633946132537
148,"k25_prev08","offindex",1.5,"pc1",0.0925,0.894170490038153,0.661523100692419
149,"k25_prev08","offindex",1.5,"fitted",0.085,2.05536258834904e-05,1.81810508870228e-08
149,"k25_prev08","offindex",1.5,"pc1",0.085,0.329179885297816,0.239044520094717
150,"k25_prev08","offindex",1.5,"fitted",0.0875,0.0648424740116821,0.00979481600268861
150,"k25_prev08","offindex",1.5,"pc1",0.0875,0.38613306897806,0.222780714660113
151,"k25_prev08","offindex",1.5,"fitted",0.085,0.281455696393574,0.257692750664881
151,"k25_prev08","offindex",1.5,"pc1",0.085,0.22054527289681,0.393558258942742
152,"k25_prev08","offindex",1.5,"fitted",0.09,0.968181174583251,0.365836628697615
152,"k25_prev08","offindex",1.5,"pc1",0.09,0.803377165397211,0.637536259552105
153,"k25_prev08","offindex",1.5,"fitted",0.0775,0.013154367675174,0.000191363458350802
153,"k25_prev08","offindex",1.5,"pc1",0.0775,0.954834253959753,0.97425828592687
154,"k25_prev08","offindex",1.5,"fitted",0.0775,0.00947298853787648,0.000100475678815881
154,"k25_prev08","offindex",1.5,"pc1",0.0775,0.833388689319158,0.2640747125755
155,"k25_prev08","offindex",1.5,"fitted",0.065,0.0511226917876803,0.000518509910772957
155,"k25_prev08","offindex",1.5,"pc1",0.065,0.54851651063572,0.340049513968115
156,"k25_prev08","offindex",1.5,"fitted",0.07,0.518424716420328,0.0158784919664468
156,"k25_prev08","offindex",1.5,"pc1",0.07,0.828214183032868,0.601269710687925
157,"k25_prev08","offindex",1.5,"fitted",0.09,0.204461621356114,0.0128644177797541
157,"k25_prev08","offindex",1.5,"pc1",0.09,0.983443130513107,0.787107454632558
158,"k25_prev08","offindex",1.5,"fitted",0.075,0.52807894519764,0.0510707311566038
158,"k25_prev08","offindex",1.5,"pc1",0.075,0.0208093685235861,0.495218122737003
159,"k25_prev08","offindex",1.5,"fitted",0.0875,0.0232881079056256,0.00980747932383097
159,"k25_prev08","offindex",1.5,"pc1",0.0875,0.489601986331706,0.647983290239465
160,"k25_prev08","offindex",1.5,"fitted",0.0825,0.638965797477889,0.0650700901412641
160,"k25_prev08","offindex",1.5,"pc1",0.0825,0.845991242226167,0.770083561566437
161,"k25_prev08","offindex",1.5,"fitted",0.08,0.0807777434604899,0.00631090590955041
161,"k25_prev08","offindex",1.5,"pc1",0.08,0.99274349519612,0.952304573517587
162,"k25_prev08","offindex",1.5,"fitted",0.0725,0.402593648407639,0.00961516277565921
162,"k25_prev08","offindex",1.5,"pc1",0.0725,0.300516719510194,0.348350402301297
163,"k25_prev08","offindex",1.5,"fitted",0.085,0.505652032166486,0.105129690754673
163,"k25_prev08","offindex",1.5,"pc1",0.085,0.177681132121397,0.380541176188248
164,"k25_prev08","offindex",1.5,"fitted",0.07,0.0155602136339873,1.80574548003243e-05
164,"k25_prev08","offindex",1.5,"pc1",0.07,0.121512223422082,0.313672222876057
165,"k25_prev08","offindex",1.5,"fitted",0.09,0.00775708900081762,1.54097113029827e-05
165,"k25_prev08","offindex",1.5,"pc1",0.09,0.30221411168212,0.0166797516606101
166,"k25_prev08","offindex",1.5,"fitted",0.07,0.401205003620414,0.244162735000958
166,"k25_prev08","offindex",1.5,"pc1",0.07,0.492794404470469,0.261425324599119
167,"k25_prev08","offindex",1.5,"fitted",0.075,0.573144533462873,0.0303954535438029
167,"k25_prev08","offindex",1.5,"pc1",0.075,0.330291634918914,0.099976132024582
168,"k25_prev08","offindex",1.5,"fitted",0.0725,0.0221504749390961,0.000982769941836992
168,"k25_prev08","offindex",1.5,"pc1",0.0725,0.762291188314714,0.120553625396803
169,"k25_prev08","offindex",1.5,"fitted",0.0675,0.0781551444598479,0.000893735907648185
169,"k25_prev08","offindex",1.5,"pc1",0.0675,0.860410185133684,0.479710015896555
170,"k25_prev08","offindex",1.5,"fitted",0.085,0.493104320766098,0.0272273203358357
170,"k25_prev08","offindex",1.5,"pc1",0.085,0.0489569050475207,0.0980083052228115
171,"k25_prev08","offindex",1.5,"fitted",0.0775,0.524088596692298,0.0615048196452929
171,"k25_prev08","offindex",1.5,"pc1",0.0775,0.31879113164358,0.285077285305863
172,"k25_prev08","offindex",1.5,"fitted",0.0725,0.262939840457311,0.0672303351415935
172,"k25_prev08","offindex",1.5,"pc1",0.0725,0.661832890879377,0.811527951462482
173,"k25_prev08","offindex",1.5,"fitted",0.085,0.233208986686983,0.00413881376702996
173,"k25_prev08","offindex",1.5,"pc1",0.085,0.904621493699664,0.571928061710566
174,"k25_prev08","offindex",1.5,"fitted",0.0875,0.0523314361788016,0.0697527022625685
174,"k25_prev08","offindex",1.5,"pc1",0.0875,0.975925196436954,0.850819930084008
175,"k25_prev08","offindex",1.5,"fitted",0.0775,0.495862623341642,0.0346920506181977
175,"k25_prev08","offindex",1.5,"pc1",0.0775,0.551531541771534,0.689739279901354
176,"k25_prev08","offindex",1.5,"fitted",0.0775,0.0797209890022881,0.00360961684182981
176,"k25_prev08","offindex",1.5,"pc1",0.0775,0.904728592769114,0.815025334336418
177,"k25_prev08","offindex",1.5,"fitted",0.09,0.0310813037895785,0.00605423461770371
177,"k25_prev08","offindex",1.5,"pc1",0.09,0.668453793411026,0.820723268406401
178,"k25_prev08","offindex",1.5,"fitted",0.0775,0.00550338021340635,0.000172460620690873
178,"k25_prev08","offindex",1.5,"pc1",0.0775,0.56438110256344,0.689396017685658
179,"k25_prev08","offindex",1.5,"fitted",0.0925,0.469346844882432,0.0397483567968715
179,"k25_prev08","offindex",1.5,"pc1",0.0925,0.307377016666195,0.852397422588746
180,"k25_prev08","offindex",1.5,"fitted",0.0875,0.151418123350851,0.0025843096304754
180,"k25_prev08","offindex",1.5,"pc1",0.0875,0.861520830996982,0.8510680427474
181,"k25_prev08","offindex",1.5,"fitted",0.08,0.982781865188937,0.451861994815072
181,"k25_prev08","offindex",1.5,"pc1",0.08,0.477907297624473,0.733227168600788
182,"k25_prev08","offindex",1.5,"fitted",0.0725,0.571682599081258,0.120175909570838
182,"k25_prev08","offindex",1.5,"pc1",0.0725,0.652504820658475,0.933472015939773
183,"k25_prev08","offindex",1.5,"fitted",0.075,0.0204267129866201,8.57482113243435e-05
183,"k25_prev08","offindex",1.5,"pc1",0.075,0.93616726233599,0.708856734571647
184,"k25_prev08","offindex",1.5,"fitted",0.07,0.112452677415319,0.210114823724809
184,"k25_prev08","offindex",1.5,"pc1",0.07,0.618123961035997,0.766348961744115
185,"k25_prev08","offindex",1.5,"fitted",0.08,0.605487787826987,0.161705904561705
185,"k25_prev08","offindex",1.5,"pc1",0.08,0.285345266043373,0.945027527828202
186,"k25_prev08","offindex",1.5,"fitted",0.085,0.0270790699535957,0.000812847881986989
186,"k25_prev08","offindex",1.5,"pc1",0.085,0.302522284299447,0.584392987046455
187,"k25_prev08","offindex",1.5,"fitted",0.08,0.189990704472466,0.0313894113545431
187,"k25_prev08","offindex",1.5,"pc1",0.08,0.789937306096622,0.855135617516932
188,"k25_prev08","offindex",1.5,"fitted",0.07,0.00687350314632917,1.8722251544645e-05
188,"k25_prev08","offindex",1.5,"pc1",0.07,0.128340236500455,0.213559360627249
189,"k25_prev08","offindex",1.5,"fitted",0.075,0.0538399498622402,0.075183419239667
189,"k25_prev08","offindex",1.5,"pc1",0.075,0.779749959262119,0.321156747849695
190,"k25_prev08","offindex",1.5,"fitted",0.09,0.289728487675598,0.0041784319571383
190,"k25_prev08","offindex",1.5,"pc1",0.09,0.969341093208639,0.391251702727945
191,"k25_prev08","offindex",1.5,"fitted",0.075,0.0593408336960628,0.00353385318724575
191,"k25_prev08","offindex",1.5,"pc1",0.075,0.892662715368485,0.879630256783218
192,"k25_prev08","offindex",1.5,"fitted",0.0725,0.628112701534583,0.0253654367341868
192,"k25_prev08","offindex",1.5,"pc1",0.0725,0.137621685477312,0.54477635625463
193,"k25_prev08","offindex",1.5,"fitted",0.0875,0.1280947560628,0.00310141147403153
193,"k25_prev08","offindex",1.5,"pc1",0.0875,0.952517310249214,0.434179135202913
194,"k25_prev08","offindex",1.5,"fitted",0.0775,0.593823319483559,0.0421791014670616
194,"k25_prev08","offindex",1.5,"pc1",0.0775,0.195986576117814,0.55921296609647
195,"k25_prev08","offindex",1.5,"fitted",0.07,0.312178337847949,0.0349507529125642
195,"k25_prev08","offindex",1.5,"pc1",0.07,0.498780782628427,0.0627720816490577
196,"k25_prev08","offindex",1.5,"fitted",0.0775,0.672005553203976,0.0302676772479175
196,"k25_prev08","offindex",1.5,"pc1",0.0775,0.68767786466127,0.584364156195435
197,"k25_prev08","offindex",1.5,"fitted",0.085,0.0138045531879999,0.000892199221656731
197,"k25_prev08","offindex",1.5,"pc1",0.085,0.346866594936944,0.96816617179253
198,"k25_prev08","offindex",1.5,"fitted",0.08,0.310752310215943,0.0101206098740917
198,"k25_prev08","offindex",1.5,"pc1",0.08,0.499981426787331,0.456407516581512
199,"k25_prev08","offindex",1.5,"fitted",0.0875,0.229341779272905,0.121030823013902
199,"k25_prev08","offindex",1.5,"pc1",0.0875,0.757530819445072,0.998509281115194
200,"k25_prev08","offindex",1.5,"fitted",0.0725,0.361923461584378,0.0201421291867266
200,"k25_prev08","offindex",1.5,"pc1",0.0725,0.823390066024888,0.662988184874987
201,"k25_prev08","offindex",1.5,"fitted",0.08,0.168872063466622,0.00205207141509445
201,"k25_prev08","offindex",1.5,"pc1",0.08,0.930221212433593,0.841627702210925
202,"k25_prev08","offindex",1.5,"fitted",0.0825,0.0817100405571212,0.0105223251214779
202,"k25_prev08","offindex",1.5,"pc1",0.0825,0.946635446132866,0.289550567516015
203,"k25_prev08","offindex",1.5,"fitted",0.07,0.0155715223942575,0.000804693159371261
203,"k25_prev08","offindex",1.5,"pc1",0.07,0.133860848327003,0.151245975369537
204,"k25_prev08","offindex",1.5,"fitted",0.075,0.737517574137718,0.322810871177557
204,"k25_prev08","offindex",1.5,"pc1",0.075,0.627831688220874,0.474369784901246
205,"k25_prev08","offindex",1.5,"fitted",0.08,0.355655570029035,0.219729009410449
205,"k25_prev08","offindex",1.5,"pc1",0.08,0.686789979205974,0.339536664869272
206,"k25_prev08","offindex",1.5,"fitted",0.08,0.11054296846652,0.016525368416254
206,"k25_prev08","offindex",1.5,"pc1",0.08,0.641796545056176,0.10209397567818
207,"k25_prev08","offindex",1.5,"fitted",0.0825,0.346398211787099,0.0786735099733173
207,"k25_prev08","offindex",1.5,"pc1",0.0825,0.234468142874634,0.0507352903636813
208,"k25_prev08","offindex",1.5,"fitted",0.0875,0.438087548773502,0.043093721838165
208,"k25_prev08","offindex",1.5,"pc1",0.0875,0.479694033136126,0.637929220236366
209,"k25_prev08","offindex",1.5,"fitted",0.0675,0.0200661084445179,6.3812734816926e-05
209,"k25_prev08","offindex",1.5,"pc1",0.0675,0.796289333127617,0.925036573822675
210,"k25_prev08","offindex",1.5,"fitted",0.0875,0.121533231868884,0.00282237460970824
210,"k25_prev08","offindex",1.5,"pc1",0.0875,0.534884412504042,0.795391399018958
211,"k25_prev08","offindex",1.5,"fitted",0.08,0.0334477603958363,0.000176247374571892
211,"k25_prev08","offindex",1.5,"pc1",0.08,0.0675852897767484,0.0537626884887112
212,"k25_prev08","offindex",1.5,"fitted",0.0725,0.56386916105322,0.210740796886445
212,"k25_prev08","offindex",1.5,"pc1",0.0725,0.18089132340027,0.231028521856415
213,"k25_prev08","offindex",1.5,"fitted",0.0775,0.00145214044584496,2.02652432934602e-06
213,"k25_prev08","offindex",1.5,"pc1",0.0775,0.354941587622648,0.742605698929546
214,"k25_prev08","offindex",1.5,"fitted",0.07,9.37384055355039e-06,5.6280253124541e-08
214,"k25_prev08","offindex",1.5,"pc1",0.07,0.322758455478214,0.0956814873348466
215,"k25_prev08","offindex",1.5,"fitted",0.085,0.0125955249438124,6.10426595299973e-05
215,"k25_prev08","offindex",1.5,"pc1",0.085,0.512792670485865,0.971600699025549
216,"k25_prev08","offindex",1.5,"fitted",0.085,0.00162545766529187,0.00010718735542059
216,"k25_prev08","offindex",1.5,"pc1",0.085,0.935950885559005,0.919664153759114
217,"k25_prev08","offindex",1.5,"fitted",0.065,7.84567101708156e-06,2.92621593511733e-07
217,"k25_prev08","offindex",1.5,"pc1",0.065,0.356400779685036,0.151614516544819
218,"k25_prev08","offindex",1.5,"fitted",0.0775,0.0790033988785576,0.00510902077191755
218,"k25_prev08","offindex",1.5,"pc1",0.0775,0.682701593005376,0.628340839610939
219,"k25_prev08","offindex",1.5,"fitted",0.0825,0.310029359071994,0.031596759183985
219,"k25_prev08","offindex",1.5,"pc1",0.0825,0.246659714231793,0.290154576096933
220,"k25_prev08","offindex",1.5,"fitted",0.0775,0.412902569591398,0.0412184079541088
220,"k25_prev08","offindex",1.5,"pc1",0.0775,0.672195594386167,0.949990740793392
221,"k25_prev08","offindex",1.5,"fitted",0.0775,0.507713294312394,0.0700271186027537
221,"k25_prev08","offindex",1.5,"pc1",0.0775,0.772878402424574,0.536696904552671
222,"k25_prev08","offindex",1.5,"fitted",0.0775,0.145145421556576,0.00203591941440751
222,"k25_prev08","offindex",1.5,"pc1",0.0775,0.965188424140412,0.377342312698217
223,"k25_prev08","offindex",1.5,"fitted",0.08,0.204340252668479,0.0117710429848429
223,"k25_prev08","offindex",1.5,"pc1",0.08,0.72836592659302,0.478539539188666
224,"k25_prev08","offindex",1.5,"fitted",0.0875,0.962824619917766,0.747195503590293
224,"k25_prev08","offindex",1.5,"pc1",0.0875,0.756973599274185,0.450476999442553
225,"k25_prev08","offindex",1.5,"fitted",0.085,0.00425847903236143,3.71158921006476e-05
225,"k25_prev08","offindex",1.5,"pc1",0.085,0.650884863266551,0.092670278686835
226,"k25_prev08","offindex",1.5,"fitted",0.0675,0.274757893062749,0.00723201206123358
226,"k25_prev08","offindex",1.5,"pc1",0.0675,0.706080323700757,0.817755345123742
227,"k25_prev08","offindex",1.5,"fitted",0.0725,6.94592733330168e-08,0
227,"k25_prev08","offindex",1.5,"pc1",0.0725,0.948584060807888,0.548164058243365
228,"k25_prev08","offindex",1.5,"fitted",0.075,8.24984937020101e-05,3.20490898642056e-06
228,"k25_prev08","offindex",1.5,"pc1",0.075,0.133940157181017,0.865841120531277
229,"k25_prev08","offindex",1.5,"fitted",0.0775,0.284623841632962,0.00441999205184418
229,"k25_prev08","offindex",1.5,"pc1",0.0775,0.845003496586545,0.926434819658819
230,"k25_prev08","offindex",1.5,"fitted",0.0825,0.150205653075421,0.00199833578144748
230,"k25_prev08","offindex",1.5,"pc1",0.0825,0.985506092005298,0.777184701735335
231,"k25_prev08","offindex",1.5,"fitted",0.0825,0.16325430041092,0.0351754072095438
231,"k25_prev08","offindex",1.5,"pc1",0.0825,0.498350107827567,0.0275079543364408
232,"k25_prev08","offindex",1.5,"fitted",0.07,0.242475647336866,0.00941646422732934
232,"k25_prev08","offindex",1.5,"pc1",0.07,0.579608860258287,0.98487892487075
233,"k25_prev08","offindex",1.5,"fitted",0.0775,0.184302514308179,0.0894252362706442
233,"k25_prev08","offindex",1.5,"pc1",0.0775,0.715762311917803,0.748985972497053
234,"k25_prev08","offindex",1.5,"fitted",0.0675,0.0115471224492429,9.32460402218727e-05
234,"k25_prev08","offindex",1.5,"pc1",0.0675,0.899618183669087,0.807408931023073
235,"k25_prev08","offindex",1.5,"fitted",0.0675,0.279829263052032,0.0122938661321774
235,"k25_prev08","offindex",1.5,"pc1",0.0675,0.287633596612206,0.0940179274302846
236,"k25_prev08","offindex",1.5,"fitted",0.0875,0.157156537542772,0.0125942412825041
236,"k25_prev08","offindex",1.5,"pc1",0.0875,0.692288729911268,0.32509177254079
237,"k25_prev08","offindex",1.5,"fitted",0.0825,0.26499012371859,0.012604308957004
237,"k25_prev08","offindex",1.5,"pc1",0.0825,0.104457650531453,0.109490229205642
238,"k25_prev08","offindex",1.5,"fitted",0.09,0.168339580397346,0.0550724060824974
238,"k25_prev08","offindex",1.5,"pc1",0.09,0.761450880205861,0.386893727666719
239,"k25_prev08","offindex",1.5,"fitted",0.085,0.0791808732303871,0.0458907623852353
239,"k25_prev08","offindex",1.5,"pc1",0.085,0.903009576281837,0.460026765237701
240,"k25_prev08","offindex",1.5,"fitted",0.0925,0.920185590251232,0.677961256136123
240,"k25_prev08","offindex",1.5,"pc1",0.0925,0.565048087635637,0.0426155966024253
241,"k25_prev08","offindex",1.5,"fitted",0.0825,0.079247760291034,0.0543756726641611
241,"k25_prev08","offindex",1.5,"pc1",0.0825,0.236081163360534,0.014453998939022
242,"k25_prev08","offindex",1.5,"fitted",0.085,0.0696778330626596,0.0083432649720907
242,"k25_prev08","offindex",1.5,"pc1",0.085,0.963966435590257,0.855789251191543
243,"k25_prev08","offindex",1.5,"fitted",0.095,0.788618322693067,0.488809268269913
243,"k25_prev08","offindex",1.5,"pc1",0.095,0.563219707717376,0.220366231017342
244,"k25_prev08","offindex",1.5,"fitted",0.075,0.681922428967009,0.0589545170350227
244,"k25_prev08","offindex",1.5,"pc1",0.075,0.493297018780138,0.601292123901868
245,"k25_prev08","offindex",1.5,"fitted",0.08,0.0612713803953826,0.0195139490582622
245,"k25_prev08","offindex",1.5,"pc1",0.08,0.427239812193175,0.560310022991605
246,"k25_prev08","offindex",1.5,"fitted",0.0775,0.0290899942661165,0.000842203985254475
246,"k25_prev08","offindex",1.5,"pc1",0.0775,0.579288403903763,0.599293570224267
247,"k25_prev08","offindex",1.5,"fitted",0.0725,0.772124204426352,0.279637142419225
247,"k25_prev08","offindex",1.5,"pc1",0.0725,0.718208600176541,0.429325834352563
248,"k25_prev08","offindex",1.5,"fitted",0.0775,0.267342101125926,0.015820224179775
248,"k25_prev08","offindex",1.5,"pc1",0.0775,0.893266890955847,0.391463532067739
249,"k25_prev08","offindex",1.5,"fitted",0.095,0.366075560767489,0.0531805116922066
249,"k25_prev08","offindex",1.5,"pc1",0.095,0.554743428136217,0.553819308316701
250,"k25_prev08","offindex",1.5,"fitted",0.0775,0.00332257788471857,1.17751885956308e-05
250,"k25_prev08","offindex",1.5,"pc1",0.0775,0.487173493731477,0.62725084379274
251,"k25_prev08","offindex",1.5,"fitted",0.085,0.00373722738223348,3.23422580628119e-06
251,"k25_prev08","offindex",1.5,"pc1",0.085,0.510491311380761,0.0332492376127069
252,"k25_prev08","offindex",1.5,"fitted",0.0675,0.759819619121959,0.188718902870129
252,"k25_prev08","offindex",1.5,"pc1",0.0675,0.957422237299339,0.334571401159768
253,"k25_prev08","offindex",1.5,"fitted",0.085,0.00293855906969864,0.000468108789962174
253,"k25_prev08","offindex",1.5,"pc1",0.085,0.81524404723942,0.807226929970314
254,"k25_prev08","offindex",1.5,"fitted",0.085,0.69727294018156,0.730914831547055
254,"k25_prev08","offindex",1.5,"pc1",0.085,0.516827766260599,0.543617067863292
255,"k25_prev08","offindex",1.5,"fitted",0.0775,0.185139076543051,0.00394272438963028
255,"k25_prev08","offindex",1.5,"pc1",0.0775,0.367460194078961,0.906230492195796
256,"k25_prev08","offindex",1.5,"fitted",0.0825,0.001086708736735,5.04169232951046e-06
256,"k25_prev08","offindex",1.5,"pc1",0.0825,0.145465258647547,0.00104899966602734
257,"k25_prev08","offindex",1.5,"fitted",0.09,0.0553825935047245,0.00102810858267244
257,"k25_prev08","offindex",1.5,"pc1",0.09,0.788648422104182,0.473017334544304
258,"k25_prev08","offindex",1.5,"fitted",0.0675,3.40787651975649e-06,3.13483160541139e-08
258,"k25_prev08","offindex",1.5,"pc1",0.0675,0.299250748883833,0.314417398944026
259,"k25_prev08","offindex",1.5,"fitted",0.09,0.123187867376988,0.00139556812782016
259,"k25_prev08","offindex",1.5,"pc1",0.09,0.741850073165981,0.511605387177668
260,"k25_prev08","offindex",1.5,"fitted",0.07,0.128935315928262,0.00121677139673992
260,"k25_prev08","offindex",1.5,"pc1",0.07,0.493004008703421,0.26761204965048
261,"k25_prev08","offindex",1.5,"fitted",0.085,0.0335007629277012,0.00333799106152965
261,"k25_prev08","offindex",1.5,"pc1",0.085,0.692569675015796,0.600677130261399
262,"k25_prev08","offindex",1.5,"fitted",0.0825,0.246417547126073,0.130469723252757
262,"k25_prev08","offindex",1.5,"pc1",0.0825,0.584932862778574,0.252542290699452
263,"k25_prev08","offindex",1.5,"fitted",0.0825,0.165484823972976,0.259063786879745
263,"k25_prev08","offindex",1.5,"pc1",0.0825,0.565428658937206,0.64842841169386
264,"k25_prev08","offindex",1.5,"fitted",0.0725,0.000376213182820995,7.55986299340039e-05
264,"k25_prev08","offindex",1.5,"pc1",0.0725,0.225933503079408,0.720256151908598
265,"k25_prev08","offindex",1.5,"fitted",0.07,0.179640311386454,0.0267496184330684
265,"k25_prev08","offindex",1.5,"pc1",0.07,0.979398311190748,0.882779462165014
266,"k25_prev08","offindex",1.5,"fitted",0.085,0.0365322070306531,0.00414818411418361
266,"k25_prev08","offindex",1.5,"pc1",0.085,0.642358286932193,0.190571082366649
267,"k25_prev08","offindex",1.5,"fitted",0.08,0.217046026514247,0.00162756741976733
267,"k25_prev08","offindex",1.5,"pc1",0.08,0.143366497674464,0.081669680607857
268,"k25_prev08","offindex",1.5,"fitted",0.0825,0.153353260048696,0.037002510357558
268,"k25_prev08","offindex",1.5,"pc1",0.0825,0.675294870481483,0.79964088798129
269,"k25_prev08","offindex",1.5,"fitted",0.0775,0.333723605363864,0.0635600659784445
269,"k25_prev08","offindex",1.5,"pc1",0.0775,0.882896745819707,0.419684438365516
270,"k25_prev08","offindex",1.5,"fitted",0.0825,0.0459360106782077,0.0121024314215471
270,"k25_prev08","offindex",1.5,"pc1",0.0825,0.593065240182056,0.670854146132294
271,"k25_prev08","offindex",1.5,"fitted",0.0725,0.0208257609347009,0.000398035671873687
271,"k25_prev08","offindex",1.5,"pc1",0.0725,0.594561677649671,0.643601903639557
272,"k25_prev08","offindex",1.5,"fitted",0.0775,0.012363300980027,0.000422464938718892
272,"k25_prev08","offindex",1.5,"pc1",0.0775,0.285223143336655,0.580580146607423
273,"k25_prev08","offindex",1.5,"fitted",0.0575,0.612146711169269,0.338583516884061
273,"k25_prev08","offindex",1.5,"pc1",0.0575,0.519703586673985,0.5056511608756
274,"k25_prev08","offindex",1.5,"fitted",0.08,0.36516089070904,0.014232110678283
274,"k25_prev08","offindex",1.5,"pc1",0.08,0.649077532664007,0.915000152046792
275,"k25_prev08","offindex",1.5,"fitted",0.0775,0.365385979063474,0.0314212465055674
275,"k25_prev08","offindex",1.5,"pc1",0.0775,0.823049685387548,0.383278219626387
276,"k25_prev08","offindex",1.5,"fitted",0.085,0.706700429650091,0.211675243502243
276,"k25_prev08","offindex",1.5,"pc1",0.085,0.409069959085299,0.312050860827458
277,"k25_prev08","offindex",1.5,"fitted",0.0825,0.229052207825608,0.0133724061861255
277,"k25_prev08","offindex",1.5,"pc1",0.0825,0.160709228413918,0.899888323862419
278,"k25_prev08","offindex",1.5,"fitted",0.0675,0.837099204129545,0.156503289924175
278,"k25_prev08","offindex",1.5,"pc1",0.0675,0.360760609582088,0.234389725620683
279,"k25_prev08","offindex",1.5,"fitted",0.0825,0.0128183045322441,0.000705222601787403
279,"k25_prev08","offindex",1.5,"pc1",0.0825,0.869024440869539,0.989416091416558
280,"k25_prev08","offindex",1.5,"fitted",0.0825,0.480663159858291,0.0390290568542553
280,"k25_prev08","offindex",1.5,"pc1",0.0825,0.987995012799416,0.962034243233223
281,"k25_prev08","offindex",1.5,"fitted",0.095,0.136672200089462,0.0106222253521855
281,"k25_prev08","offindex",1.5,"pc1",0.095,0.963418831488516,0.844344811504583
282,"k25_prev08","offindex",1.5,"fitted",0.0775,8.44969816937713e-06,5.68377168219669e-07
282,"k25_prev08","offindex",1.5,"pc1",0.0775,0.902316218017004,0.863026348242198
283,"k25_prev08","offindex",1.5,"fitted",0.095,0.162590585483617,0.00201914829745653
283,"k25_prev08","offindex",1.5,"pc1",0.095,0.678486585942019,0.150807050120462
284,"k25_prev08","offindex",1.5,"fitted",0.09,0.0259822537087071,0.00265060248118165
284,"k25_prev08","offindex",1.5,"pc1",0.09,0.310249506624164,0.0691188429457383
285,"k25_prev08","offindex",1.5,"fitted",0.075,0.175148542257399,0.0584120730440042
285,"k25_prev08","offindex",1.5,"pc1",0.075,0.749373068853995,0.27950023842539
286,"k25_prev08","offindex",1.5,"fitted",0.07,0.000536760217338617,0.00314430132042842
286,"k25_prev08","offindex",1.5,"pc1",0.07,0.656067075667639,0.290200815106931
287,"k25_prev08","offindex",1.5,"fitted",0.0825,0.00279305748745085,5.16327156543372e-05
287,"k25_prev08","offindex",1.5,"pc1",0.0825,0.916564218758855,0.570849974849617
288,"k25_prev08","offindex",1.5,"fitted",0.0875,0.339032608654861,0.0363117941835007
288,"k25_prev08","offindex",1.5,"pc1",0.0875,0.305835635766622,0.245497857260887
289,"k25_prev08","offindex",1.5,"fitted",0.0775,0.0101928210058255,0.000338579116081261
289,"k25_prev08","offindex",1.5,"pc1",0.0775,0.851636521325626,0.608766120376029
290,"k25_prev08","offindex",1.5,"fitted",0.075,0.0592792928159299,0.000988224774086888
290,"k25_prev08","offindex",1.5,"pc1",0.075,0.0865778036367173,0.200182869863267
291,"k25_prev08","offindex",1.5,"fitted",0.08,0.164280817118728,0.00309963300232341
291,"k25_prev08","offindex",1.5,"pc1",0.08,0.889469540135998,0.673999474651998
292,"k25_prev08","offindex",1.5,"fitted",0.0775,0.0494617312149883,0.00063128703149018
292,"k25_prev08","offindex",1.5,"pc1",0.0775,0.835194557277421,0.480592821768106
293,"k25_prev08","offindex",1.5,"fitted",0.08,0.525912778339664,0.043404387085927
293,"k25_prev08","offindex",1.5,"pc1",0.08,0.843887111216929,0.944331661770849
294,"k25_prev08","offindex",1.5,"fitted",0.08,0.166096273801643,0.0123456264508982
294,"k25_prev08","offindex",1.5,"pc1",0.08,0.575178563292609,0.572848911974759
295,"k25_prev08","offindex",1.5,"fitted",0.0825,0.624388698127745,0.0334792871380045
295,"k25_prev08","offindex",1.5,"pc1",0.0825,0.773884706171855,0.395134176758356
296,"k25_prev08","offindex",1.5,"fitted",0.075,0.0937994134273273,0.00536336565193507
296,"k25_prev08","offindex",1.5,"pc1",0.075,0.625362289023549,0.253778920043041
297,"k25_prev08","offindex",1.5,"fitted",0.0775,0.0363559096877007,0.000392328296263122
297,"k25_prev08","offindex",1.5,"pc1",0.0775,0.155207506010667,0.0321155471087035
298,"k25_prev08","offindex",1.5,"fitted",0.0875,0.10786150453693,0.00114705522881808
298,"k25_prev08","offindex",1.5,"pc1",0.0875,0.543844376549489,0.959396583710987
299,"k25_prev08","offindex",1.5,"fitted",0.0675,0.0461470178831259,0.00086467750385566
299,"k25_prev08","offindex",1.5,"pc1",0.0675,0.923563294699706,0.444793736353183
300,"k25_prev08","offindex",1.5,"fitted",0.0675,0.114034561548831,0.00394064529691873
300,"k25_prev08","offindex",1.5,"pc1",0.0675,0.0701964053069254,0.849233314708021
301,"k25_prev08","offindex",1.5,"fitted",0.075,0.409813593332731,0.00760239057380907
301,"k25_prev08","offindex",1.5,"pc1",0.075,0.178726900483252,0.566332786079043
302,"k25_prev08","offindex",1.5,"fitted",0.0875,0.323848866636022,0.303828731669728
302,"k25_prev08","offindex",1.5,"pc1",0.0875,0.771568898427327,0.427510488212628
303,"k25_prev08","offindex",1.5,"fitted",0.075,0.311848025893877,0.234754888309396
303,"k25_prev08","offindex",1.5,"pc1",0.075,0.888620869551371,0.931031214068582
304,"k25_prev08","offindex",1.5,"fitted",0.0875,0.0695549095771174,0.0403370576015483
304,"k25_prev08","offindex",1.5,"pc1",0.0875,0.700729287099457,0.564389662327162
305,"k25_prev08","offindex",1.5,"fitted",0.0825,0.596013899429058,0.188402809224492
305,"k25_prev08","offindex",1.5,"pc1",0.0825,0.419501122325881,0.40361453348902
306,"k25_prev08","offindex",1.5,"fitted",0.0825,0.0242058732891106,0.000160760512422309
306,"k25_prev08","offindex",1.5,"pc1",0.0825,0.767741661752884,0.85478379833547
307,"k25_prev08","offindex",1.5,"fitted",0.0725,0.0166850089498607,0.0023630399808594
307,"k25_prev08","offindex",1.5,"pc1",0.0725,0.0407477738213664,0.174554249917463
308,"k25_prev08","offindex",1.5,"fitted",0.0825,0.0504559843894475,0.000636025361246739
308,"k25_prev08","offindex",1.5,"pc1",0.0825,0.498280052027684,0.0592054345821487
309,"k25_prev08","offindex",1.5,"fitted",0.085,0.104703473009499,0.00275257676951624
309,"k25_prev08","offindex",1.5,"pc1",0.085,0.937873009192282,0.238283085051175
310,"k25_prev08","offindex",1.5,"fitted",0.07,0.0517316764044832,0.000576043498062395
310,"k25_prev08","offindex",1.5,"pc1",0.07,0.757023892073039,0.570293530793852
311,"k25_prev08","offindex",1.5,"fitted",0.0775,8.40536947137593e-05,3.84639944339682e-08
311,"k25_prev08","offindex",1.5,"pc1",0.0775,0.217624735229946,0.669706415668238
312,"k25_prev08","offindex",1.5,"fitted",0.0725,0.0253847496551485,0.000128065516869946
312,"k25_prev08","offindex",1.5,"pc1",0.0725,0.966673162042756,0.807511665111068
313,"k25_prev08","offindex",1.5,"fitted",0.085,0.532755335451255,0.0107685530306404
313,"k25_prev08","offindex",1.5,"pc1",0.085,0.428222820291541,0.223864356822208
314,"k25_prev08","offindex",1.5,"fitted",0.0825,4.6823547736774e-05,3.48162272745256e-06
314,"k25_prev08","offindex",1.5,"pc1",0.0825,0.59193621098342,0.322816887061956
315,"k25_prev08","offindex",1.5,"fitted",0.0975,0.581336949891703,0.185937581658031
315,"k25_prev08","offindex",1.5,"pc1",0.0975,0.903179327526339,0.578257631237425
316,"k25_prev08","offindex",1.5,"fitted",0.0775,0.0864695805412531,0.0224896482375466
316,"k25_prev08","offindex",1.5,"pc1",0.0775,0.163477764535636,0.97276572282333
317,"k25_prev08","offindex",1.5,"fitted",0.085,0.11441620558463,0.00486838265118172
317,"k25_prev08","offindex",1.5,"pc1",0.085,0.886682106339184,0.538618718535635
318,"k25_prev08","offindex",1.5,"fitted",0.07,0.169551368658879,0.00957758861152658
318,"k25_prev08","offindex",1.5,"pc1",0.07,0.247334030463171,0.202835138867603
319,"k25_prev08","offindex",1.5,"fitted",0.0725,0.00569957788756914,0.00123277176087622
319,"k25_prev08","offindex",1.5,"pc1",0.0725,0.96081157039185,0.477459729906972
320,"k25_prev08","offindex",1.5,"fitted",0.0775,0.299317187933476,0.0209619594814445
320,"k25_prev08","offindex",1.5,"pc1",0.0775,0.755806387852561,0.363279934115347
321,"k25_prev08","offindex",1.5,"fitted",0.065,0.247064132548531,0.0702748642878411
321,"k25_prev08","offindex",1.5,"pc1",0.065,0.266391997985206,0.285900508343455
322,"k25_prev08","offindex",1.5,"fitted",0.075,0.117274618399859,0.0324434664331262
322,"k25_prev08","offindex",1.5,"pc1",0.075,0.993843793949947,0.957765539118823
323,"k25_prev08","offindex",1.5,"fitted",0.0675,0.0453719220204265,0.00101441711736538
323,"k25_prev08","offindex",1.5,"pc1",0.0675,0.853619361925287,0.902330103710488
324,"k25_prev08","offindex",1.5,"fitted",0.085,0.0478391685605137,0.01911010784859
324,"k25_prev08","offindex",1.5,"pc1",0.085,0.167311225357821,0.923903771489456
325,"k25_prev08","offindex",1.5,"fitted",0.0725,0.000194535518317496,9.91601799593678e-06
325,"k25_prev08","offindex",1.5,"pc1",0.0725,0.935832402737824,0.409658413653414
326,"k25_prev08","offindex",1.5,"fitted",0.07,0.218907668188318,0.00266085917289405
326,"k25_prev08","offindex",1.5,"pc1",0.07,0.645663693645308,0.473410882069246
327,"k25_prev08","offindex",1.5,"fitted",0.075,0.429585566084265,0.142910823882759
327,"k25_prev08","offindex",1.5,"pc1",0.075,0.764072585741111,0.758187164096688
328,"k25_prev08","offindex",1.5,"fitted",0.09,0.348167792907083,0.0619918269967425
328,"k25_prev08","offindex",1.5,"pc1",0.09,0.068874463630436,0.672140495473573
329,"k25_prev08","offindex",1.5,"fitted",0.0825,0.546704084758013,0.130151318002069
329,"k25_prev08","offindex",1.5,"pc1",0.0825,0.425300919800016,0.0897910612064061
330,"k25_prev08","offindex",1.5,"fitted",0.0875,0.0101239544163372,4.5403268049693e-05
330,"k25_prev08","offindex",1.5,"pc1",0.0875,0.662798218582846,0.609928653242838
331,"k25_prev08","offindex",1.5,"fitted",0.0625,0.950564818544882,0.1995660946978
331,"k25_prev08","offindex",1.5,"pc1",0.0625,0.409697655629723,0.514637833190666
332,"k25_prev08","offindex",1.5,"fitted",0.0825,0.243255609954982,0.0373238918554697
332,"k25_prev08","offindex",1.5,"pc1",0.0825,0.384690302786988,0.699070702076601
333,"k25_prev08","offindex",1.5,"fitted",0.0825,0.249067852974765,0.0425406510386545
333,"k25_prev08","offindex",1.5,"pc1",0.0825,0.711721662005256,0.250797061054106
334,"k25_prev08","offindex",1.5,"fitted",0.0775,0.0283331177355756,0.0205446123210185
334,"k25_prev08","offindex",1.5,"pc1",0.0775,0.320619491548884,0.114716410055691
335,"k25_prev08","offindex",1.5,"fitted",0.0775,0.0510138772351806,0.0043775086465212
335,"k25_prev08","offindex",1.5,"pc1",0.0775,0.841030858282356,0.764320016925962
336,"k25_prev08","offindex",1.5,"fitted",0.07,0.0255785656609817,0.000447945219568591
336,"k25_prev08","offindex",1.5,"pc1",0.07,0.198708319623788,0.737101144354579
337,"k25_prev08","offindex",1.5,"fitted",0.09,0.116589669248854,0.00104324139424006
337,"k25_prev08","offindex",1.5,"pc1",0.09,0.204040788064372,0.992771573454299
338,"k25_prev08","offindex",1.5,"fitted",0.08,0.293053244821751,0.00335559848282485
338,"k25_prev08","offindex",1.5,"pc1",0.08,0.449638595109657,0.584095026742698
339,"k25_prev08","offindex",1.5,"fitted",0.075,0.363928927817995,0.105324866615317
339,"k25_prev08","offindex",1.5,"pc1",0.075,0.254922705490523,0.326459130899847
340,"k25_prev08","offindex",1.5,"fitted",0.075,0.00142704332125199,0.000336391735966002
340,"k25_prev08","offindex",1.5,"pc1",0.075,0.41144523088341,0.148325416217708
341,"k25_prev08","offindex",1.5,"fitted",0.08,0.0884263608575709,0.000598454680083793
341,"k25_prev08","offindex",1.5,"pc1",0.08,0.75011554754214,0.832535020099094
342,"k25_prev08","offindex",1.5,"fitted",0.0775,0.0880242531883507,0.0093228108955834
342,"k25_prev08","offindex",1.5,"pc1",0.0775,0.434962288554778,0.25384193800242
343,"k25_prev08","offindex",1.5,"fitted",0.075,0.0051741674428456,0.000396032729725437
343,"k25_prev08","offindex",1.5,"pc1",0.075,0.569738960689709,0.350946479601461
344,"k25_prev08","offindex",1.5,"fitted",0.0775,0.0125394411774429,0.00266367358959985
344,"k25_prev08","offindex",1.5,"pc1",0.0775,0.808351808850096,0.959287050121774
345,"k25_prev08","offindex",1.5,"fitted",0.08,0.0366390230219088,0.00124511905465408
345,"k25_prev08","offindex",1.5,"pc1",0.08,0.708934919911324,0.728812292964611
346,"k25_prev08","offindex",1.5,"fitted",0.0775,0.4017756762397,0.0360816685502806
346,"k25_prev08","offindex",1.5,"pc1",0.0775,0.796046465770754,0.955008425384546
347,"k25_prev08","offindex",1.5,"fitted",0.08,0.266443919958723,0.0506956007327038
347,"k25_prev08","offindex",1.5,"pc1",0.08,0.786119283555957,0.941711460891782
348,"k25_prev08","offindex",1.5,"fitted",0.09,0.480381216885414,0.0421872011213404
348,"k25_prev08","offindex",1.5,"pc1",0.09,0.336612779494542,0.431034809090915
349,"k25_prev08","offindex",1.5,"fitted",0.07,0.0422825857877021,0.00145551341760553
349,"k25_prev08","offindex",1.5,"pc1",0.07,0.437236922568198,0.216331802113101
350,"k25_prev08","offindex",1.5,"fitted",0.0875,0.462678195137189,0.341815892559418
350,"k25_prev08","offindex",1.5,"pc1",0.0875,0.57172226728638,0.701864198775529
351,"k25_prev08","offindex",1.5,"fitted",0.075,0.493771425408343,0.14641567341078
351,"k25_prev08","offindex",1.5,"pc1",0.075,0.353617979786259,0.0600641308079533
352,"k25_prev08","offindex",1.5,"fitted",0.06,0.192742415361211,0.0184077631924273
352,"k25_prev08","offindex",1.5,"pc1",0.06,0.831699458277709,0.133925292588009
353,"k25_prev08","offindex",1.5,"fitted",0.085,0.378479495147334,0.671602426450045
353,"k25_prev08","offindex",1.5,"pc1",0.085,0.800181923769259,0.554094122354686
354,"k25_prev08","offindex",1.5,"fitted",0.075,0.0974709824599822,0.0216695632208954
354,"k25_prev08","offindex",1.5,"pc1",0.075,0.645156578880546,0.700188427581363
355,"k25_prev08","offindex",1.5,"fitted",0.085,1.94706282139467e-05,3.14263629708211e-06
355,"k25_prev08","offindex",1.5,"pc1",0.085,0.208179657288448,0.310891959174473
356,"k25_prev08","offindex",1.5,"fitted",0.075,0.442962746923926,0.0589220219175463
356,"k25_prev08","offindex",1.5,"pc1",0.075,0.267342968389099,0.798614795876191
357,"k25_prev08","offindex",1.5,"fitted",0.0825,0.0953379200580657,0.00138380845316699
357,"k25_prev08","offindex",1.5,"pc1",0.0825,0.145398246936763,0.784109242613259
358,"k25_prev08","offindex",1.5,"fitted",0.0775,0.0559371293872097,0.0383295485263784
358,"k25_prev08","offindex",1.5,"pc1",0.0775,0.824118294500483,0.725868175870444
359,"k25_prev08","offindex",1.5,"fitted",0.085,0.886056922608318,0.253707851624922
359,"k25_prev08","offindex",1.5,"pc1",0.085,0.996971724359643,0.972720123098398
360,"k25_prev08","offindex",1.5,"fitted",0.0775,0.0228500758870342,0.000498196480542168
360,"k25_prev08","offindex",1.5,"pc1",0.0775,0.871169970494427,0.916720095357103
361,"k25_prev08","offindex",1.5,"fitted",0.07,0.796907766346848,0.0527935128203126
361,"k25_prev08","offindex",1.5,"pc1",0.07,0.691942911134314,0.777043259093337
362,"k25_prev08","offindex",1.5,"fitted",0.075,0.456516819200681,0.120512241090371
362,"k25_prev08","offindex",1.5,"pc1",0.075,0.972101434253049,0.856633474937061
363,"k25_prev08","offindex",1.5,"fitted",0.0825,0.204463637511159,0.0113571680532321
363,"k25_prev08","offindex",1.5,"pc1",0.0825,0.230541000302676,0.863633783758934
364,"k25_prev08","offindex",1.5,"fitted",0.0775,0.663612429382588,0.0977114016950046
364,"k25_prev08","offindex",1.5,"pc1",0.0775,0.689295572732136,0.348863990562263
365,"k25_prev08","offindex",1.5,"fitted",0.085,0.0890821294387796,0.0137727096285183
365,"k25_prev08","offindex",1.5,"pc1",0.085,0.785190820424242,0.670644917942361
366,"k25_prev08","offindex",1.5,"fitted",0.0825,0.0200851638481299,0.000806363233701535
366,"k25_prev08","offindex",1.5,"pc1",0.0825,0.642205697058866,0.668069905219402
367,"k25_prev08","offindex",1.5,"fitted",0.0775,0.00684549592094541,0.000545152494007661
367,"k25_prev08","offindex",1.5,"pc1",0.0775,0.453688070817034,0.192977721697946
368,"k25_prev08","offindex",1.5,"fitted",0.08,0.0309210205521068,0.00135760232584636
368,"k25_prev08","offindex",1.5,"pc1",0.08,0.521770725453693,0.437861206110546
369,"k25_prev08","offindex",1.5,"fitted",0.0775,0.0189371931093633,0.00944614799011789
369,"k25_prev08","offindex",1.5,"pc1",0.0775,0.857750752419945,0.887833165846931
370,"k25_prev08","offindex",1.5,"fitted",0.075,0.0629613694335556,0.0200989610327769
370,"k25_prev08","offindex",1.5,"pc1",0.075,0.749279495610676,0.871986414893362
371,"k25_prev08","offindex",1.5,"fitted",0.0825,0.0449202383702242,0.00364130804998153
371,"k25_prev08","offindex",1.5,"pc1",0.0825,0.537378794436312,0.785603797133407
372,"k25_prev08","offindex",1.5,"fitted",0.065,0.0686883909003343,0.00623274036233434
372,"k25_prev08","offindex",1.5,"pc1",0.065,0.807532796236207,0.67817814573294
373,"k25_prev08","offindex",1.5,"fitted",0.065,0.243559929588514,0.00175034742252
373,"k25_prev08","offindex",1.5,"pc1",0.065,0.164142367047138,0.48462442437624
374,"k25_prev08","offindex",1.5,"fitted",0.095,0.238104815127028,0.00208212054306434
374,"k25_prev08","offindex",1.5,"pc1",0.095,0.0782785737101621,0.173440360617951
375,"k25_prev08","offindex",1.5,"fitted",0.08,0.776597293040262,0.0392140410354791
375,"k25_prev08","offindex",1.5,"pc1",0.08,0.523229241801879,0.945532129628625
376,"k25_prev08","offindex",1.5,"fitted",0.0725,0.000860772914587082,0.000217337198146428
376,"k25_prev08","offindex",1.5,"pc1",0.0725,0.797062817807919,0.97088558867022
377,"k25_prev08","offindex",1.5,"fitted",0.075,0.179329780106593,0.00271114113251003
377,"k25_prev08","offindex",1.5,"pc1",0.075,0.844566125500559,0.311178453714286
378,"k25_prev08","offindex",1.5,"fitted",0.075,0.687994839502082,0.200617964797338
378,"k25_prev08","offindex",1.5,"pc1",0.075,0.859163641082061,0.786188381971865
379,"k25_prev08","offindex",1.5,"fitted",0.075,0.0601485578621184,0.0066175934400905
379,"k25_prev08","offindex",1.5,"pc1",0.075,0.99671572191402,0.87461666204284
380,"k25_prev08","offindex",1.5,"fitted",0.0725,0.0668985687122761,0.0108869222231129
380,"k25_prev08","offindex",1.5,"pc1",0.0725,0.885022013047313,0.446471314407934
381,"k25_prev08","offindex",1.5,"fitted",0.085,0.792869810218465,0.129963758246438
381,"k25_prev08","offindex",1.5,"pc1",0.085,0.656765002569193,0.607616390063979
382,"k25_prev08","offindex",1.5,"fitted",0.08,0.374199698320536,0.10093504659916
382,"k25_prev08","offindex",1.5,"pc1",0.08,0.874849684371528,0.914352791426726
383,"k25_prev08","offindex",1.5,"fitted",0.0675,1.93011205906757e-07,0
383,"k25_prev08","offindex",1.5,"pc1",0.0675,0.954590078938224,0.458475687433813
384,"k25_prev08","offindex",1.5,"fitted",0.0775,0.936776428462954,0.129922433869032
384,"k25_prev08","offindex",1.5,"pc1",0.0775,0.619441484710622,0.339120845514593
385,"k25_prev08","offindex",1.5,"fitted",0.08,0.509415316941407,0.0720504754857487
385,"k25_prev08","offindex",1.5,"pc1",0.08,0.839071545406618,0.84206251842876
386,"k25_prev08","offindex",1.5,"fitted",0.065,0.321678994596245,0.0228539123914505
386,"k25_prev08","offindex",1.5,"pc1",0.065,0.323508600219105,0.33368923910839
387,"k25_prev08","offindex",1.5,"fitted",0.0825,0.394925196350879,0.0479646046260087
387,"k25_prev08","offindex",1.5,"pc1",0.0825,0.25062894272201,0.13207842496863
388,"k25_prev08","offindex",1.5,"fitted",0.0775,0.978802306326969,0.39861818305527
388,"k25_prev08","offindex",1.5,"pc1",0.0775,0.880220130890274,0.340659818514817
389,"k25_prev08","offindex",1.5,"fitted",0.0775,0.111868489670827,0.0054699194242791
389,"k25_prev08","offindex",1.5,"pc1",0.0775,0.021904168722688,0.0277396472595492
390,"k25_prev08","offindex",1.5,"fitted",0.0775,0.0150998129604798,0.000443517283446604
390,"k25_prev08","offindex",1.5,"pc1",0.0775,0.874788364658166,0.644017947576207
391,"k25_prev08","offindex",1.5,"fitted",0.07,0.272435776194913,0.00229606980346042
391,"k25_prev08","offindex",1.5,"pc1",0.07,0.719025812660072,0.926209318604953
392,"k25_prev08","offindex",1.5,"fitted",0.08,0.104235080389121,0.0333509012952221
392,"k25_prev08","offindex",1.5,"pc1",0.08,0.133072797957332,0.022487620799954
393,"k25_prev08","offindex",1.5,"fitted",0.0775,0.220315047868862,0.139401334036662
393,"k25_prev08","offindex",1.5,"pc1",0.0775,0.905243421977463,0.982814199741174
394,"k25_prev08","offindex",1.5,"fitted",0.0675,0.0105133979837604,0.000282666655274322
394,"k25_prev08","offindex",1.5,"pc1",0.0675,0.573971403012399,0.861332733414703
395,"k25_prev08","offindex",1.5,"fitted",0.0725,0.365865233979786,0.201762672504013
395,"k25_prev08","offindex",1.5,"pc1",0.0725,0.562363667696014,0.628853427690723
396,"k25_prev08","offindex",1.5,"fitted",0.0875,0.177246694226851,0.0605230616957166
396,"k25_prev08","offindex",1.5,"pc1",0.0875,0.602764299340838,0.556873034240898
397,"k25_prev08","offindex",1.5,"fitted",0.075,0.0024127234633492,2.61561994729931e-07
397,"k25_prev08","offindex",1.5,"pc1",0.075,0.861348998719481,0.913419385752474
398,"k25_prev08","offindex",1.5,"fitted",0.0775,0.950114352513894,0.110847129608031
398,"k25_prev08","offindex",1.5,"pc1",0.0775,0.789542591686906,0.715248574603916
399,"k25_prev08","offindex",1.5,"fitted",0.0775,0.0425130450755451,0.000485209836687095
399,"k25_prev08","offindex",1.5,"pc1",0.0775,0.182618993318809,0.642634990618873
400,"k25_prev08","offindex",1.5,"fitted",0.075,0.0335013667861359,0.000621968817061003
400,"k25_prev08","offindex",1.5,"pc1",0.075,0.531394241738119,0.627668731820268
