"rep","dep","rel","r2_hl","r2_edge","r0_hl","r0_edge","pp_hl","pp_edge"
1,"null",0,0.742562908593748,0.983319103438,0.860989129274418,0.990456831403649,0.7275,0.97
2,"null",0,0.886796434231796,0.751376506428654,0.939964858570013,0.822706614855415,0.8875,0.7525
3,"null",0,0.886642144253332,0.180467863796347,0.939730872477217,0.282841534211155,0.8775,0.215
4,"null",0,0.394739966546555,0.971745740435141,0.591708216990204,0.983730372794786,0.365,0.9675
5,"null",0,0.251188075220465,0.0544382565420189,0.403397443913478,0.117124098145789,0.245,0.0425
6,"null",0,0.767674698458289,0.255265986996285,0.873015793367139,0.376634248192311,0.775,0.2775
7,"null",0,0.212657700275133,0.0133979392913576,0.371093106541693,0.0428434613494605,0.2475,0.0125
8,"null",0,0.863195175542405,0.891719594162915,0.931134344504139,0.926977990166514,0.89,0.915
9,"null",0,0.670226754814891,0.305450208926365,0.802361765320543,0.434035882439631,0.6775,0.2825
10,"null",0,0.348171164876445,0.0856837525252427,0.503406765465997,0.154651572392279,0.335,0.0575
11,"null",0,0.0556571077334433,0.175080889747101,0.16272348154134,0.306899367602043,0.065,0.245
12,"null",0,0.185968223920465,0.530123231571773,0.350985128571238,0.640418616339724,0.2175,0.565
13,"null",0,0.842276274191335,0.274598570822999,0.909325451007114,0.401506782421508,0.85,0.29
14,"null",0,0.279278706319579,0.93664574494958,0.437984347222216,0.958095609455642,0.27,0.9275
15,"null",0,0.0806846813224866,0.00372234024544693,0.199001360455107,0.0191472028041662,0.095,0.01
16,"null",0,0.20800393055914,0.649069269464961,0.351060089377746,0.732929646287863,0.24,0.655
17,"null",0,0.294039690042153,0.822364144798159,0.42813715429459,0.861219360909374,0.28,0.815
18,"null",0,0.721319239877097,0.234500381976578,0.844477522834416,0.34436300809413,0.725,0.2425
19,"null",0,0.329768320924648,0.581659668153913,0.482438680148832,0.665677377993593,0.355,0.56
20,"null",0,0.889933357508252,0.542746094012602,0.94615430759989,0.653648378633561,0.905,0.555
21,"null",0,0.504105803444107,0.14929115854479,0.67042432264526,0.245885738807169,0.515,0.1725
22,"null",0,0.559253110589226,0.150963027941251,0.706128293967309,0.249317296163578,0.6,0.16
23,"null",0,0.0163197036709375,0.0141520639304951,0.0639486290396187,0.0532725228944521,0.0175,0.0275
24,"null",0,0.505159572689185,0.568977890169744,0.695496173106939,0.687492370388521,0.53,0.59
25,"null",0,0.884672850212263,0.2906357372787,0.939366208786787,0.409659264364395,0.9,0.255
26,"null",0,0.738785561072417,0.851380146911141,0.849200050140057,0.896836566625652,0.7875,0.86
27,"null",0,0.925594423406094,0.686250461695268,0.966353461190704,0.785411099642012,0.935,0.705
28,"null",0,0.574633009575481,0.329530286791051,0.721455676245523,0.460920555380869,0.585,0.3675
29,"null",0,0.93295637369387,0.677492084691571,0.966149469277873,0.7578275293409,0.9125,0.6925
30,"null",0,0.421860891123973,0.471301086962301,0.602800908760231,0.581798486064352,0.47,0.505
31,"null",0,0.180226483444375,0.769358937847359,0.337320671598897,0.833646110590607,0.1625,0.7525
32,"null",0,0.973542880492136,0.709776692449168,0.987717020278238,0.790148942413834,0.9875,0.715
33,"null",0,0.311554630206314,0.333885991946394,0.475345791083302,0.45328764534812,0.3525,0.3275
34,"null",0,0.51835627686798,0.401234863899044,0.681587020689368,0.513633186602566,0.515,0.3375
35,"null",0,0.0783874048277187,0.149084661236626,0.198405241580961,0.252405738568853,0.095,0.185
36,"null",0,0.502345764177822,0.649633100638562,0.652826635094995,0.731183789592434,0.5425,0.675
37,"null",0,0.130682672819643,0.175217317558337,0.289198440865581,0.288400867968108,0.115,0.195
38,"null",0,0.548953478966205,0.851098377584161,0.712776254912514,0.89926313508402,0.575,0.87
39,"null",0,0.664049216993782,0.47586399274875,0.781939017432264,0.563379403786266,0.71,0.435
40,"null",0,0.961449959364209,0.315489064703922,0.980094415168353,0.424712375926151,0.9575,0.34
41,"null",0,0.296684549163094,0.540236111348269,0.514260786008691,0.663168879240985,0.335,0.605
42,"null",0,0.75944341797361,0.735404061815983,0.855160068531149,0.806092329746117,0.77,0.7575
43,"null",0,0.453416237381738,0.980359534677553,0.616049375156226,0.987626934570688,0.465,0.9825
44,"null",0,0.265250909780696,0.818678786408502,0.437579057562179,0.869998476754693,0.3,0.83
45,"null",0,0.808723006843088,0.955921603714338,0.878849647184104,0.969917571406891,0.8075,0.975
46,"null",0,0.638432200121639,0.180049004734289,0.768596617078053,0.279941717383309,0.6425,0.15
47,"null",0,0.579735959352294,0.352614266348904,0.722273373856125,0.463305045658116,0.57,0.37
48,"null",0,0.919713157571255,0.973114038790079,0.957460341651876,0.983270954920197,0.93,0.98
49,"null",0,0.379483291577972,0.179296290882849,0.538456247522038,0.295950960753111,0.3475,0.175
50,"null",0,0.0504620468143973,0.178001993502293,0.128036349274587,0.27940047929043,0.065,0.185
51,"null",0,0.0816392106450926,0.0246910448977982,0.161919248993124,0.0599684848403469,0.085,0.0225
52,"null",0,0.23776260598255,0.80442695662099,0.385829881964237,0.85636853266253,0.235,0.7825
53,"null",0,0.969642606514921,0.708385760050189,0.98718023699663,0.789807683564774,0.9675,0.69
54,"null",0,0.280628035020458,0.723469255546502,0.47257155464861,0.795963293991529,0.2725,0.7625
55,"null",0,0.694428907425832,0.247905658256684,0.817886507694931,0.366807966718763,0.7025,0.25
56,"null",0,0.993140816772834,0.835873173474306,0.996948403146782,0.883724158933316,0.9925,0.805
57,"null",0,0.0335666973099902,0.0395583266006302,0.0995217023403047,0.0990023745916869,0.055,0.0625
58,"null",0,0.71889365096649,0.278624605795154,0.841000844803717,0.397144938925868,0.7525,0.26
59,"null",0,0.64850371183534,0.252548238552949,0.791473152848018,0.384595656961629,0.625,0.235
60,"null",0,0.952623424988895,0.925546785938947,0.975825537837489,0.948981512381509,0.9475,0.915
61,"null",0,0.0511109347628298,0.0436507740623917,0.14225354542549,0.107678467256034,0.0525,0.0475
62,"null",0,0.454866279673039,0.12367653292481,0.644110218912842,0.23001863292773,0.4475,0.12
63,"null",0,0.86009516830527,0.912267654637104,0.917864294322343,0.936362489246994,0.855,0.915
64,"null",0,0.718347697950019,0.19273576536939,0.824922724393607,0.284649574208796,0.7325,0.225
65,"null",0,0.828398229841371,0.193689512177904,0.914005534896489,0.312978794157363,0.835,0.2075
66,"null",0,0.65309307588295,0.293910602782297,0.792309330626018,0.427938570507682,0.7,0.3125
67,"null",0,0.118522994168178,0.803516439303439,0.231916942945765,0.853274463665536,0.1275,0.7875
68,"null",0,0.237015079108939,0.581079493305262,0.41593839582125,0.667336316951824,0.2125,0.56
69,"null",0,0.358339693616618,0.44898343253874,0.492910147651634,0.544198981590425,0.4225,0.4675
70,"null",0,0.406419055579785,0.0698246539933546,0.594288063232909,0.153316237646413,0.44,0.08
71,"null",0,0.285924382758126,0.200098516154504,0.447325492817559,0.308695376219171,0.265,0.225
72,"null",0,0.369937483819687,0.274650786640453,0.554168754279163,0.382947906946007,0.3925,0.3
73,"null",0,0.287045914591526,0.0787176633304709,0.468601098451816,0.152850731012915,0.3,0.0575
74,"null",0,0.976785534328668,0.728661976401719,0.989261758525256,0.799239479571483,0.9775,0.695
75,"null",0,0.234100559920852,0.359819176858271,0.382858463980215,0.474614392723722,0.2125,0.3325
76,"null",0,0.866476685613723,0.43727865332788,0.924716680815847,0.544034119326052,0.875,0.4575
77,"null",0,0.218720219608347,0.142593808530757,0.375973966964683,0.243030025186209,0.2425,0.17
78,"null",0,0.545429676957867,0.78811645280155,0.702401175531483,0.843339506085857,0.5325,0.7975
79,"null",0,0.0141428147144362,0.372648918770001,0.0511882994376075,0.491375353986788,0.0125,0.38
80,"null",0,0.515134881977619,0.297240013924266,0.663780816658314,0.409788186915725,0.455,0.2675
81,"null",0,0.393365370489367,0.380025687724528,0.616181264772903,0.521784340970426,0.38,0.37
82,"null",0,0.617372057290808,0.912810847979535,0.761688937388723,0.939238411537147,0.59,0.89
83,"null",0,0.191616684539184,0.0141577396854085,0.347091870272387,0.0481393766652133,0.1925,0.0225
84,"null",0,0.841088833167618,0.716499799903011,0.913294446828087,0.787410295213291,0.8675,0.7225
85,"null",0,0.928448426262987,0.650963984196238,0.960245985318478,0.729446212732315,0.9225,0.6375
86,"null",0,0.289327133596071,0.508986742603896,0.468576111757722,0.615539614698575,0.2975,0.5225
87,"null",0,0.920720103605079,0.902686764088223,0.961848802426361,0.935061525127225,0.93,0.9025
88,"null",0,0.521023715729179,0.0822691512637007,0.698752150862057,0.166816535009696,0.515,0.12
89,"null",0,0.737280075356613,0.488454983787535,0.829761196243499,0.590312292961525,0.7575,0.4925
90,"null",0,0.193743163939476,0.182402362821936,0.365476545738485,0.303001424505493,0.225,0.1975
91,"null",0,0.0154048583798323,0.54257783260852,0.0576148465240308,0.642948316584084,0.02,0.5225
92,"null",0,0.205563947675435,0.860840043589055,0.361007653615899,0.903709025021171,0.245,0.84
93,"null",0,0.309309749677131,0.217246061433162,0.49739912541581,0.330778404073397,0.325,0.175
94,"null",0,0.702926557333325,0.252228194407513,0.815507097796415,0.360614347527236,0.675,0.195
95,"null",0,0.564975397720441,0.894097511367575,0.731937057764544,0.929202114645552,0.5675,0.8725
96,"null",0,0.976752859251941,0.859507984628385,0.989022362911435,0.899509453006182,0.9875,0.865
97,"null",0,0.510413933274527,0.711163960587296,0.655411352429041,0.776105401368588,0.5,0.6925
98,"null",0,0.172582857409616,0.0589661961975727,0.30143997415271,0.122550486237788,0.1875,0.0475
99,"null",0,0.911702317473052,0.505915215280823,0.950567893505109,0.60899956012273,0.89,0.475
100,"null",0,0.65999167093206,0.209901985437204,0.793629851932642,0.32845101352611,0.685,0.2375
101,"null",0,0.226294303812449,0.689075695501345,0.401853396470119,0.771324383413853,0.22,0.7125
102,"null",0,0.893871852630047,0.606084218746831,0.936304514802013,0.680276379401157,0.9025,0.6175
103,"null",0,0.717507673311624,0.71109764653933,0.834404909705982,0.780849149798751,0.715,0.685
104,"null",0,0.195980472984753,0.51692521142735,0.369219488833368,0.631508692162219,0.22,0.5525
105,"null",0,0.681925618793113,0.914226210557716,0.818406406398302,0.946116191917946,0.66,0.91
106,"null",0,0.263225439764236,0.139796277381139,0.453144567213682,0.251649141481077,0.29,0.1425
107,"null",0,0.387378590502169,0.599517319868871,0.557902494966622,0.697710487111604,0.3725,0.61
108,"null",0,0.722534596642312,0.442671027884343,0.842934735269298,0.553774480845448,0.7525,0.4425
109,"null",0,0.133689569403814,0.0318080919105788,0.28344894659656,0.0875353496087901,0.1725,0.05
110,"null",0,0.74743371547111,0.521640545038528,0.852279729978831,0.621443191932599,0.795,0.5575
111,"null",0,0.0371215346906036,0.163677242952167,0.104445007299742,0.267696459519234,0.045,0.205
112,"null",0,0.775181851927597,0.934117727006918,0.867723960163652,0.955180942895669,0.74,0.9175
113,"null",0,0.421262183593385,0.20738139662671,0.61593068425883,0.323712845640906,0.4925,0.19
114,"null",0,0.511737517463517,0.431417667856813,0.673998060849291,0.547031087366875,0.515,0.4575
115,"null",0,0.255755716320158,0.917032504923127,0.415772513451491,0.945193234947043,0.2675,0.9125
116,"null",0,0.222734813042327,0.306563796634195,0.397755820660566,0.430590623169916,0.1975,0.33
117,"null",0,0.154895612275504,0.379951071150002,0.30545917190488,0.486755000506071,0.13,0.335
118,"null",0,0.877395294671245,0.805941690540825,0.933681192609134,0.862464701044209,0.855,0.7825
119,"null",0,0.0338715864490504,0.00320427298169401,0.115437008355452,0.0190107953675034,0.0325,0.0075
120,"null",0,0.425895949218524,0.770587398565872,0.643759830986765,0.847559686642814,0.4,0.7975
121,"null",0,0.281246319091329,0.190615431670772,0.457086427456057,0.296018526039763,0.3175,0.1825
122,"null",0,0.220404300415842,0.309310955703557,0.392623717583593,0.427660865123396,0.235,0.3325
123,"null",0,0.196868622202628,0.0727683945156372,0.352603919580263,0.151650257388497,0.2075,0.0825
124,"null",0,0.168727445044427,0.445160588409384,0.337988655062891,0.573939759132413,0.1975,0.46
125,"null",0,0.107089506542065,0.0748297811912493,0.214065553278721,0.154484471825249,0.1275,0.1125
126,"null",0,0.899722057319794,0.619096953523249,0.94838148595073,0.707308674310434,0.925,0.6575
127,"null",0,0.609256106433627,0.203367985444564,0.736701250368843,0.303956266706501,0.64,0.205
128,"null",0,0.1664676432828,0.947992087609187,0.355354015321083,0.967012295153995,0.165,0.9575
129,"null",0,0.37093698874971,0.0226798074378678,0.54081978168062,0.0646375961668593,0.3675,0.03
130,"null",0,0.596943178261412,0.780766485047861,0.757444287389373,0.853096563126316,0.64,0.815
131,"null",0,0.629474948700651,0.334423981245056,0.763298365540891,0.442744339205507,0.635,0.2975
132,"null",0,0.124486192040139,0.560429567752108,0.26701665391864,0.667586758123238,0.1025,0.57
133,"null",0,0.524907288726976,0.195602609480248,0.708446142632675,0.323742423517546,0.5075,0.1675
134,"null",0,0.800656434503017,0.931724737778099,0.874034564498073,0.950436634953088,0.795,0.9275
135,"null",0,0.88349571231256,0.435468833785105,0.941353757169969,0.567612192729411,0.8975,0.465
136,"null",0,0.847726309211506,0.887916112974901,0.921199067059721,0.922977607117456,0.81,0.885
137,"null",0,0.97885804734567,0.778842035054165,0.990988782770756,0.851555788172316,0.98,0.8525
138,"null",0,0.0650192304089923,0.0810731094327284,0.142698717937968,0.14721298531865,0.07,0.08
139,"null",0,0.194908212110469,0.427860101014058,0.33617880396318,0.544037542719952,0.225,0.445
140,"null",0,0.968584645906541,0.919796086620402,0.985133331108475,0.945769894486668,0.9875,0.9075
141,"null",0,0.825773143447482,0.723396190096147,0.900788460252836,0.79429954871172,0.8625,0.7425
142,"null",0,0.0875814974249309,0.845996635248413,0.199892329604029,0.899124348643219,0.075,0.865
143,"null",0,0.277836353233412,0.316305748823395,0.474798936030912,0.442113360884519,0.265,0.31
144,"null",0,0.653091645109211,0.273102787782559,0.799031050475826,0.394528737415358,0.62,0.23
145,"null",0,0.610183343749086,0.479263158480521,0.752659980689937,0.577468735175197,0.6075,0.47
146,"null",0,0.602102957247332,0.905034994244946,0.746447748517245,0.93718759424671,0.6175,0.905
147,"null",0,0.963247415840605,0.659426750517132,0.984728479169645,0.76491645888906,0.96,0.6375
148,"null",0,0.464319215563581,0.562454416317486,0.653982669446784,0.674555214908276,0.4875,0.5925
149,"null",0,0.975901307063955,0.893770415077556,0.988689475544554,0.926553159956864,0.975,0.87
150,"null",0,0.108538480628857,0.193722213778766,0.221825469243749,0.299561478027558,0.0925,0.195
151,"null",0,0.0422899811286229,0.424490959730636,0.118921031325361,0.540391687641098,0.045,0.4375
152,"null",0,0.662115393824429,0.96232025148499,0.816234935078259,0.977613452269612,0.6325,0.97
153,"null",0,0.188000629269931,0.0732506266707115,0.317260386820945,0.131315207941926,0.2075,0.0775
154,"null",0,0.673368540475153,0.206137167754315,0.799608505753515,0.320673633788628,0.6325,0.2225
155,"null",0,0.858558281100309,0.95710518686764,0.923147064239354,0.971008433496994,0.865,0.955
156,"null",0,0.424717967653311,0.536832972829015,0.600259891352404,0.644184505378249,0.49,0.515
157,"null",0,0.219974271480474,0.0485699754028086,0.400980024311793,0.115786048560831,0.235,0.0525
158,"null",0,0.960956612431162,0.362872074250879,0.981464824765454,0.488604969992,0.96,0.4275
159,"null",0,0.126473401660723,0.120124672735792,0.274703143316154,0.220443627131356,0.1425,0.0975
160,"null",0,0.960362905503609,0.951309231749357,0.979629869638066,0.965201029283504,0.9775,0.9475
161,"null",0,0.539860323550863,0.486907561115185,0.717663390526309,0.621948627686839,0.5525,0.565
162,"null",0,0.0840191588336742,0.0439189679024293,0.22497514780787,0.114567300664336,0.0775,0.0625
163,"null",0,0.382404310825049,0.855234129496863,0.548298480185135,0.898791070694688,0.4025,0.88
164,"null",0,0.0877929651322978,0.00880134851051184,0.213354255768287,0.0398745143349636,0.11,0.02
165,"null",0,0.351495511994508,0.823301232763931,0.541934383395043,0.880888191547419,0.415,0.8325
166,"null",0,0.471449470544142,0.0960399543985995,0.630630766980168,0.17074995210418,0.4775,0.1
167,"null",0,0.211671864533189,0.0159474164284107,0.352726028873138,0.0434501771100331,0.2025,0.015
168,"null",0,0.245728354832099,0.0567409721591191,0.409399375577264,0.127469019098522,0.31,0.11
169,"null",0,0.953416082836047,0.690387178365172,0.974347892741407,0.758896672601611,0.935,0.67
170,"null",0,0.407207141755587,0.649190665785979,0.582711093605203,0.731575829031224,0.41,0.62
171,"null",0,0.272898041546014,0.303253715219971,0.454663621516716,0.426895329160051,0.3,0.32
172,"null",0,0.440107263650586,0.917421896926289,0.603091303113225,0.941219247094176,0.4525,0.915
173,"null",0,0.481639047992169,0.180744056847669,0.636379584632356,0.284788571211691,0.505,0.15
174,"null",0,0.0342824124352513,0.660111017793323,0.10350658319203,0.741539995064456,0.0425,0.67
175,"null",0,0.611002815499159,0.740452232063174,0.737181044161786,0.798531017546564,0.6275,0.745
176,"null",0,0.895457839843208,0.409123295614733,0.947937281993802,0.530563453900402,0.9075,0.41
177,"null",0,0.150482648682738,0.223630267830528,0.293861089866295,0.344489289201272,0.145,0.2825
178,"null",0,0.727410891052529,0.896758984994848,0.843987419745499,0.92845286012781,0.7625,0.8975
179,"null",0,0.119799768751704,0.242297404832183,0.261631430548294,0.364347659495073,0.0825,0.24
180,"null",0,0.50465691305095,0.702050469214202,0.65624467467765,0.773623077776424,0.5,0.695
181,"null",0,0.113217185659935,0.641332595407448,0.260582673599087,0.739112172929451,0.1225,0.635
182,"null",0,0.671588946093413,0.380708709057373,0.786256024983148,0.493929189836189,0.695,0.425
183,"null",0,0.755624648520279,0.537609913671864,0.852581566315366,0.637792162691733,0.7675,0.55
184,"null",0,0.300531242366077,0.229588891078905,0.487762763770133,0.347611189804096,0.255,0.205
185,"null",0,0.627759566562338,0.737177958561834,0.774088315123942,0.808441660933065,0.605,0.7275
186,"null",0,0.204970920128725,0.835412481729238,0.359045029056039,0.882433657004663,0.205,0.81
187,"null",0,0.279914415040509,0.910634713487887,0.461924881927855,0.943305207586769,0.2775,0.915
188,"null",0,0.632585953342735,0.837329532393134,0.761300245280863,0.881827440382235,0.6,0.8575
189,"null",0,0.00980403536507812,0.323870388234395,0.0390727548974674,0.439338389141419,0.02,0.2925
190,"null",0,0.341792749562108,0.388831113024494,0.53549783238564,0.523993063841039,0.395,0.395
191,"null",0,0.568075275613497,0.105188118940006,0.725399866683176,0.209501017878927,0.5725,0.1425
192,"null",0,0.258290985262101,0.257456666622046,0.424745314471446,0.378614336753832,0.2225,0.24
193,"null",0,0.811785264153482,0.283108956328156,0.894105731809955,0.408930820839434,0.8175,0.27
194,"null",0,0.529197042674052,0.501612591386856,0.709318232784661,0.620927811839265,0.5775,0.495
195,"null",0,0.377734055013582,0.93981286985825,0.526214209926955,0.960825719261262,0.3625,0.94
196,"null",0,0.794918045158241,0.209383585656713,0.882593844882573,0.317969915630342,0.7875,0.23
197,"null",0,0.957020090727553,0.997508345011656,0.982347954229518,0.998635133875904,0.97,0.9975
198,"null",0,0.798860116725643,0.780988175714098,0.883798104904924,0.837637072687187,0.82,0.7525
199,"null",0,0.335283113622534,0.362705521655278,0.487076947586704,0.470273633369699,0.3475,0.345
200,"null",0,0.921154975406638,0.883361833883034,0.953199001246852,0.916503713257378,0.905,0.855
201,"null",0,0.474506301633968,0.506998306547324,0.64396081657983,0.61816898925091,0.445,0.5225
202,"null",0,0.452935607066085,0.82976278065268,0.621553332394427,0.877641479894877,0.4925,0.825
203,"null",0,0.65448805256546,0.793765239132298,0.790877543815942,0.856307465695855,0.6575,0.855
204,"null",0,0.584051718444864,0.860620514312908,0.743364684028326,0.904024566171449,0.5975,0.845
205,"null",0,0.331422688197624,0.685527616962691,0.51405456546079,0.777536540020605,0.36,0.72
206,"null",0,0.11203235825713,0.641925960720639,0.247088543949853,0.728879429214155,0.1275,0.6575
207,"null",0,0.680232648193816,0.933942668782733,0.808423815571571,0.958940669423633,0.6525,0.945
208,"null",0,0.211210621800719,0.149924172636361,0.394513536331053,0.269780571105173,0.215,0.1375
209,"null",0,0.416902349270572,0.77333135423099,0.596506515511577,0.833130370395268,0.3775,0.75
210,"null",0,0.813872198897952,0.55259044555315,0.907001666653726,0.660663327739457,0.8075,0.5175
211,"null",0,0.424173965912947,0.451313018688086,0.596515589584412,0.562413619146696,0.475,0.495
212,"null",0,0.0399575309436146,0.250906395354025,0.101983661308614,0.356273785776531,0.03,0.2575
213,"null",0,0.0321607849717535,0.151446871957116,0.0885441289144749,0.250485489006397,0.045,0.1575
214,"null",0,0.484246829552463,0.850502871855157,0.625443126773409,0.891522241922179,0.525,0.855
215,"null",0,0.500540866001802,0.357336151379944,0.640539626348297,0.464920593529948,0.54,0.4
216,"null",0,0.310804037209503,0.934062325316443,0.510972202822589,0.960026574573497,0.36,0.91
217,"null",0,0.839711322633531,0.75640677164063,0.925714393325409,0.832403187338176,0.8475,0.7725
218,"null",0,0.237557517286829,0.526361667168002,0.404478823223747,0.631345527119975,0.28,0.4925
219,"null",0,0.651413656027302,0.412022204395292,0.787351518958559,0.53148233433185,0.695,0.3675
220,"null",0,0.727182346430796,0.79426270764397,0.853649556704713,0.859594863049046,0.72,0.8125
221,"null",0,0.841321577237449,0.755846869289795,0.910526875388488,0.819176469268395,0.8375,0.725
222,"null",0,0.425036485585825,0.519366473387872,0.560356520426967,0.605523149430548,0.4325,0.5275
223,"null",0,0.633901476796429,0.353607846834067,0.766394551340137,0.470726589853275,0.6225,0.3075
224,"null",0,0.967023394125375,0.935823148613294,0.984224135777315,0.957733611551326,0.9625,0.9425
225,"null",0,0.501565802691212,0.462255317824797,0.687771503666434,0.602733068349327,0.53,0.4375
226,"null",0,0.39839672322661,0.0539434518124731,0.538399156355473,0.101465326250517,0.4075,0.04
227,"null",0,0.14177744089256,0.0855918622115208,0.296134806937426,0.165106020708382,0.1175,0.0925
228,"null",0,0.327897160449579,0.912330829859967,0.489802021512455,0.938144766668784,0.3325,0.9025
229,"null",0,0.853926746171081,0.736086931569261,0.923775641863802,0.809420071913479,0.8575,0.7175
230,"null",0,0.587317209616313,0.489081190084592,0.74896684487534,0.607899884726815,0.5975,0.4675
231,"null",0,0.0443794973078697,0.571731573391075,0.0938538064675692,0.650800072410474,0.0575,0.5675
232,"null",0,0.115193231918575,0.14057505954753,0.268064599487442,0.281945223968107,0.125,0.1975
233,"null",0,0.752063664579049,0.65245536186466,0.856855499527947,0.7425724716459,0.7425,0.6075
234,"null",0,0.27462410872209,0.531736925027775,0.443735600781937,0.633868142892122,0.2725,0.5975
235,"null",0,0.609379319408337,0.420691086591364,0.74425529702178,0.525284549069803,0.61,0.445
236,"null",0,0.158593034457359,0.121408766264373,0.311485467926264,0.216568973518905,0.1675,0.115
237,"null",0,0.165197898339925,0.6053700952752,0.336423097288535,0.710770562238154,0.1725,0.605
238,"null",0,0.999778386315742,0.990069629967048,0.99989992348473,0.993298681054979,1,1
239,"null",0,0.134436485071501,0.143680101612851,0.270169819337694,0.251376161253137,0.135,0.155
240,"null",0,0.613638470945325,0.27363922111099,0.760634522932588,0.400195264348573,0.6925,0.325
241,"null",0,0.710568714989892,0.244088489459533,0.818213492882326,0.346633019772544,0.7325,0.2375
242,"null",0,0.524448853379532,0.990950787700951,0.686831985476572,0.99445630532792,0.5375,0.995
243,"null",0,0.419280741307261,0.833905390046702,0.598681788608388,0.883152086948292,0.475,0.8875
244,"null",0,0.167110562951611,0.85417907158603,0.305015615743758,0.897933765836028,0.1675,0.84
245,"null",0,0.166152051282197,0.932247912813409,0.319682491956445,0.953621894776919,0.1775,0.9425
246,"null",0,0.803887122102541,0.469694903435339,0.890783992298774,0.58331567370987,0.845,0.465
247,"null",0,0.402450370412121,0.894014327068015,0.567013540166899,0.921823052176154,0.4075,0.885
248,"null",0,0.930428924150326,0.571690102147769,0.966251343296855,0.672908763772671,0.9375,0.565
249,"null",0,0.0235768649183872,0.071244982744343,0.0704309438979813,0.146125317940864,0.015,0.08
250,"null",0,0.283043668116401,0.218997828188201,0.456085710990453,0.33893431202237,0.315,0.2225
251,"null",0,0.481136445598275,0.459742660481158,0.655848933560124,0.566467044765922,0.5225,0.4475
252,"null",0,0.47167634513175,0.772676332484831,0.654707054749472,0.837036967714233,0.4825,0.78
253,"null",0,0.89699814519316,0.605365086045107,0.949425296817286,0.702527336471806,0.8925,0.645
254,"null",0,0.827986183672252,0.969192659931779,0.90503370469041,0.981373489855221,0.85,0.9625
255,"null",0,0.721548042323679,0.205945554304466,0.850418973865777,0.324230717801906,0.7375,0.2275
256,"null",0,0.493384068462915,0.332474797227931,0.662991304833404,0.449993530909184,0.5075,0.3075
257,"null",0,0.169148883721025,0.169971223720182,0.317662836711733,0.270899937074398,0.195,0.1575
258,"null",0,0.62962948384619,0.297885549954162,0.766598655295361,0.415842724405406,0.6225,0.3025
259,"null",0,0.821767657029826,0.8968170975411,0.903243117190385,0.931846039767988,0.8875,0.9
260,"null",0,0.189004278021057,0.279481320755196,0.318691351417159,0.388486546556748,0.2,0.2625
261,"null",0,0.878990051838143,0.266669464340855,0.931571361288129,0.379474427910842,0.845,0.275
262,"null",0,0.70194341724479,0.824453543991366,0.825132147935783,0.88114397978699,0.71,0.84
263,"null",0,0.681602761578092,0.569234280176986,0.815713460340835,0.664407548953103,0.6825,0.5825
264,"null",0,0.657976086937128,0.127993844836453,0.775715556725838,0.211056253606743,0.695,0.13
265,"null",0,0.202066024386281,0.448743223805967,0.36846324972095,0.571617240792757,0.23,0.4425
266,"null",0,0.0898119198395854,0.386525967650399,0.200586071375167,0.497675793534773,0.0825,0.375
267,"null",0,0.0428597804330431,0.0197664380901252,0.129383237632849,0.0638156800417911,0.045,0.03
268,"null",0,0.590491676422194,0.981022064533427,0.720564988583778,0.98833354415885,0.675,0.975
269,"null",0,0.610751290479474,0.244052702412051,0.741401867765071,0.359366142438891,0.6325,0.2675
270,"null",0,0.129402267892295,0.109775628958603,0.271449826994054,0.205810672144145,0.1275,0.1125
271,"null",0,0.745098497111177,0.376718232120552,0.864656851457346,0.517594511931248,0.7525,0.4025
272,"null",0,0.315512490843488,0.284317968265102,0.492623049215933,0.392979311727678,0.345,0.2825
273,"null",0,0.625298122458336,0.302969827542408,0.779263820017981,0.437368447430746,0.645,0.295
274,"null",0,0.0481216699841857,0.286395606344642,0.151160070629841,0.421188649654329,0.0575,0.32
275,"null",0,0.954995744401512,0.727439976389811,0.976698593888821,0.790027170003053,0.96,0.68
276,"null",0,0.714695003429726,0.850149030646795,0.825954142914846,0.892741514326124,0.73,0.835
277,"null",0,0.699626991382501,0.837479274066037,0.815238509604524,0.882569199875832,0.695,0.855
278,"null",0,0.7700362893493,0.369951099886506,0.876343057924309,0.49296081425006,0.745,0.375
279,"null",0,0.611559053084052,0.446488056891967,0.774555634151793,0.568745094461577,0.66,0.4575
280,"null",0,0.992368175984651,0.635145318288064,0.996838108360247,0.733699780340308,0.99,0.645
281,"null",0,0.0381070760385537,0.676606739698047,0.10963657672929,0.757544882763398,0.0375,0.7
282,"null",0,0.90406874420425,0.377011863503596,0.951964290539753,0.47878093065012,0.905,0.4
283,"null",0,0.0797843205420599,0.0619886251965793,0.177683784175996,0.133008531513357,0.09,0.0825
284,"null",0,0.271822039895212,0.106851423670605,0.42931218278353,0.190777970558655,0.2675,0.095
285,"null",0,0.355203743281422,0.5763333082573,0.504820309916366,0.65413573732116,0.315,0.5475
286,"null",0,0.708513770734234,0.618892397714441,0.826564699844058,0.714653258465317,0.7025,0.605
287,"null",0,0.589956995618555,0.86222341723911,0.745639935078396,0.905517673338534,0.5875,0.8875
288,"null",0,0.286425557372998,0.14713712080006,0.436618395940067,0.24299516384953,0.3175,0.175
289,"null",0,0.060492599800123,0.633302652801541,0.140019802074617,0.720959772448833,0.0525,0.625
290,"null",0,0.689500757978913,0.815257976437057,0.812291483684637,0.870329216202242,0.7,0.815
291,"null",0,0.419179294836088,0.822468647083191,0.604194574737456,0.875359905152635,0.4075,0.805
292,"null",0,0.870831813967425,0.864396346267048,0.935693633523161,0.903724991088318,0.8825,0.86
293,"null",0,0.403767531365641,0.898072781418983,0.568299271403746,0.925699257900097,0.39,0.9125
294,"null",0,0.82143620368636,0.396261667157002,0.892031026364253,0.507454496292261,0.83,0.3925
295,"null",0,0.978602838361381,0.984000412025477,0.989589758784644,0.989617521739577,0.9775,0.9875
296,"null",0,0.66325665212848,0.71596672151834,0.802612950433718,0.795062048931392,0.6825,0.6875
297,"null",0,0.387835345633329,0.470892014415042,0.554551247273005,0.583617675371628,0.4,0.5025
298,"null",0,0.593990160843658,0.602806616143485,0.73893960065137,0.706154183436118,0.54,0.59
299,"null",0,0.368331583791738,0.677589605849538,0.582115958405628,0.775358257064521,0.395,0.66
300,"null",0,0.983924861814837,0.916495325079957,0.992346576887758,0.943176997988915,0.9675,0.895
301,"null",0,0.442542970999925,0.587203261504237,0.612536539530754,0.677799140027373,0.4325,0.565
302,"null",0,0.691831538180443,0.356344217033489,0.812885454079887,0.469872728393136,0.77,0.38
303,"null",0,0.614785012603121,0.539377772567582,0.747474288640067,0.635851506507643,0.615,0.545
304,"null",0,0.351867249029787,0.278940804197369,0.520195519008174,0.393117930720086,0.38,0.27
305,"null",0,0.322333851810627,0.819813647006738,0.504716836663309,0.876313767224326,0.305,0.8025
306,"null",0,0.277732429435435,0.0277433849121613,0.451560203721788,0.0793706263411195,0.2925,0.0475
307,"null",0,0.506774736072589,0.673141292620767,0.697935438682087,0.764236199579707,0.5175,0.6475
308,"null",0,0.679177648857676,0.204369649596291,0.783174350434708,0.298206444140845,0.7125,0.2125
309,"null",0,0.897140404550543,0.636430275017294,0.939674900937467,0.713519834293467,0.9025,0.635
310,"null",0,0.361365258299673,0.695133687518012,0.552347722727343,0.779169885507745,0.385,0.7075
311,"null",0,0.978028252792097,0.570122020335341,0.990040277106695,0.681236410090858,0.98,0.555
312,"null",0,0.79470176056274,0.865247199815244,0.881983128394632,0.905426245494942,0.785,0.87
313,"null",0,0.140813480438101,0.384390885528154,0.301009831861882,0.519023658023457,0.115,0.3875
314,"null",0,0.195807449904126,0.995819085042072,0.365158472099407,0.997502967333827,0.205,1
315,"null",0,0.594006009624513,0.660567350302718,0.726523943620482,0.738006065836339,0.5975,0.645
316,"null",0,0.659283800862997,0.515261980562351,0.806662771819765,0.636661058658343,0.7125,0.5175
317,"null",0,0.171172616488665,0.785902440991738,0.283450976242612,0.834580061904036,0.21,0.79
318,"null",0,0.781086928060862,0.436530936122985,0.886131370137598,0.571482577065204,0.805,0.4475
319,"null",0,0.950317008802371,0.887166043165109,0.973476811932363,0.917524066412454,0.96,0.8925
320,"null",0,0.890860068838454,0.326557568928427,0.940845503352742,0.424908270244488,0.92,0.3575
321,"null",0,0.854623569106811,0.855897108695533,0.92259311458455,0.897270596635347,0.8275,0.83
322,"null",0,0.508872894764962,0.711501796361515,0.648353693705081,0.779226952956921,0.475,0.6925
323,"null",0,0.456647468799238,0.183042618441563,0.61043424902592,0.286397765524776,0.415,0.1725
324,"null",0,0.0558355606388973,0.0872366339784667,0.129165572514514,0.154060095140887,0.045,0.085
325,"null",0,0.634093968245158,0.704580181494119,0.77031536038523,0.780901400724328,0.65,0.6475
326,"null",0,0.939546628923951,0.960587560905442,0.971957515399494,0.976505981745505,0.965,0.9675
327,"null",0,0.453392135316426,0.125255586815792,0.603718217130492,0.207714377298104,0.45,0.1025
328,"null",0,0.305769594940861,0.244449426352545,0.474365361312579,0.348642579186691,0.3175,0.255
329,"null",0,0.75813805198216,0.29651543497691,0.857949253376693,0.405924750778562,0.74,0.305
330,"null",0,0.417601936896629,0.282599207677461,0.597778551642002,0.405490575392712,0.4575,0.285
331,"null",0,0.963516460330246,0.743220530573509,0.981565933848791,0.80160436130856,0.9775,0.7525
332,"null",0,0.59664576260036,0.206364550086764,0.721488781995529,0.299136185001109,0.5425,0.1625
333,"null",0,0.849769134436068,0.605286421976251,0.914173270537026,0.684484602750137,0.88,0.635
334,"null",0,0.939925204058548,0.97813293433475,0.97338283510088,0.987355815635055,0.9575,0.96
335,"null",0,0.384471069342655,0.415507648401548,0.545797883929255,0.509671918717262,0.38,0.4325
336,"null",0,0.710700868216066,0.802878287986931,0.833924756938447,0.864992964369236,0.6525,0.83
337,"null",0,0.783433272898642,0.922944026103238,0.872580373344959,0.946992606566533,0.77,0.9225
338,"null",0,0.157206958703489,0.258841221005056,0.316171118038079,0.389617647072917,0.1525,0.285
339,"null",0,0.92648112509509,0.870565953043126,0.965319663618146,0.910113717179964,0.965,0.8925
340,"null",0,0.475430450038855,0.740309638137155,0.602507243410696,0.791489329429312,0.52,0.74
341,"null",0,0.734291897778353,0.320522221354827,0.841703872288648,0.453994146645629,0.76,0.33
342,"null",0,0.309796950880201,0.272671206192855,0.4906176313013,0.395444936590985,0.3525,0.2725
343,"null",0,0.806703245560506,0.802546035407557,0.893722136545335,0.862675721336776,0.83,0.825
344,"null",0,0.301570299814787,0.736997249362806,0.46696770231242,0.799994916490412,0.38,0.7375
345,"null",0,0.699306159579122,0.923817926919893,0.824060672282351,0.948781489266006,0.725,0.9225
346,"null",0,0.76157917383105,0.35941398109561,0.862569838242857,0.483565471710294,0.7875,0.365
347,"null",0,0.638749569860365,0.715322044023403,0.767044179385644,0.781231072596578,0.6625,0.755
348,"null",0,0.697881463819712,0.71353954582986,0.812181232937321,0.786184298019403,0.6575,0.72
349,"null",0,0.397728571844455,0.311245673113662,0.557005970254995,0.410206523832439,0.4225,0.295
350,"null",0,0.488128534282527,0.946220393532485,0.64568411627443,0.963448752545383,0.4675,0.9475
351,"null",0,0.454717698136992,0.948333195240234,0.592282063595758,0.963891492301901,0.4225,0.93
352,"null",0,0.448547412837128,0.159001670495755,0.600228983807722,0.263934264392508,0.45,0.1625
353,"null",0,0.275076564944062,0.0799686097547891,0.447509114052943,0.167190398659525,0.305,0.1075
354,"null",0,0.0599300219946119,0.216630593567787,0.174003566798168,0.334312284690838,0.0575,0.245
355,"null",0,0.985067462204025,0.866735524922773,0.993833587084098,0.909108044190285,0.99,0.8725
356,"null",0,0.51739206008269,0.724252465541275,0.681021706764505,0.794291293668929,0.5,0.7275
357,"null",0,0.814612067371354,0.952816952837784,0.896500132814646,0.96904752676629,0.8375,0.9575
358,"null",0,0.844652364961639,0.323271459308031,0.914431032588901,0.432603975601095,0.8225,0.3125
359,"null",0,0.140576278545163,0.316128882170128,0.290945722230245,0.431886704227216,0.13,0.31
360,"null",0,0.435499796768768,0.701289989287896,0.60810483954083,0.780497844320306,0.46,0.7
361,"null",0,0.329372813755493,0.734746020628553,0.477293379425009,0.794259119921564,0.3225,0.73
362,"null",0,0.595190889669573,0.648130043637176,0.732623161902892,0.725612157661839,0.56,0.6175
363,"null",0,0.0303267417482092,0.256515097557821,0.100471932023597,0.395063679554625,0.0275,0.2825
364,"null",0,0.0907502389443056,0.884764169898893,0.220075612359149,0.920265963149108,0.1325,0.895
365,"null",0,0.407879468890657,0.0955550571851691,0.59040328415612,0.189618112999029,0.4475,0.0975
366,"null",0,0.0078830765390614,0.273640407503862,0.0310974311772125,0.386680786499615,0.0075,0.26
367,"null",0,0.569894360208997,0.212788288718187,0.699373498820808,0.303667658784597,0.62,0.21
368,"null",0,0.518091964114633,0.851194280382694,0.686192169526033,0.890906867137253,0.5325,0.845
369,"null",0,0.682585239134774,0.140102879274609,0.814225821446173,0.254625324275574,0.6875,0.1275
370,"null",0,0.585660688521331,0.0576745244142451,0.742916361968026,0.12426158618081,0.5425,0.06
371,"null",0,0.403182088837129,0.391621404658827,0.59631309045926,0.519090813043939,0.4425,0.4325
372,"null",0,0.17545656174685,0.928971865696666,0.324981269143738,0.951428110484956,0.1875,0.94
373,"null",0,0.734650327937875,0.573871501029618,0.864848394250244,0.692397787521409,0.775,0.6375
374,"null",0,0.657054380796233,0.424455293341246,0.790724716020219,0.535391743880408,0.695,0.42
375,"null",0,0.251775005152749,0.2272967092147,0.405283218515145,0.33527284968507,0.2475,0.2525
376,"null",0,0.219619882445188,0.136232281562382,0.37933121797892,0.238153331910664,0.2325,0.1625
377,"null",0,0.841669826435347,0.874239722043623,0.918723900777463,0.910544934380526,0.8625,0.87
378,"null",0,0.429497930627082,0.159000420151791,0.577621144319367,0.264248895512278,0.485,0.19
379,"null",0,0.607148099819153,0.826608409892564,0.761947579733358,0.878299620949528,0.625,0.8275
380,"null",0,0.0677713021190481,0.704195708688085,0.17101687040322,0.77794271919147,0.0675,0.69
381,"null",0,0.252700257664457,0.0859462544415106,0.405592137380085,0.158387364549377,0.295,0.125
382,"null",0,0.0806331801589822,0.933839330627813,0.185295978849179,0.955148334692472,0.0925,0.935
383,"null",0,0.225802898054003,0.106258988098617,0.368532495726655,0.185306273414917,0.265,0.1
384,"null",0,0.740516513458507,0.465034931297569,0.85567107681325,0.592423914550848,0.75,0.4875
385,"null",0,0.541566743441828,0.184058488128812,0.691971488384143,0.28025288132839,0.5675,0.185
386,"null",0,0.917388797875414,0.51783005347662,0.964968287179785,0.648428610819133,0.9425,0.55
387,"null",0,0.484623984697924,0.681361530962995,0.664702524337893,0.765377518878495,0.49,0.665
388,"null",0,0.422997923623967,0.83358813386437,0.606698633404349,0.884692582173022,0.49,0.845
389,"null",0,0.803808096344463,0.503346848926078,0.896558921664856,0.607726924329788,0.795,0.49
390,"null",0,0.694090974772328,0.927942852332624,0.807054312419646,0.94999170929106,0.7225,0.9225
391,"null",0,0.221016298455913,0.416809445141878,0.380629209258122,0.527351543167074,0.2275,0.435
392,"null",0,0.934861196122417,0.546128046612295,0.96619090787572,0.634272885567286,0.9525,0.5425
393,"null",0,0.42417929704392,0.651711895558708,0.606043213433425,0.736705890461122,0.39,0.62
394,"null",0,0.976705682479398,0.4064951147979,0.988751368819126,0.522771547187589,0.97,0.4375
395,"null",0,0.875484676346556,0.813289396665768,0.92715333265318,0.860792026527127,0.89,0.81
396,"null",0,0.579779419253631,0.871535684886424,0.730317835729811,0.909189444446925,0.5675,0.91
397,"null",0,0.124632162102928,0.203106696752448,0.25861444635245,0.334822936464918,0.165,0.2775
398,"null",0,0.409644396164753,0.830903988869003,0.566634524391642,0.879069849056304,0.3925,0.8325
399,"null",0,0.944960860054853,0.403162446341803,0.971646224051658,0.516499581971129,0.9575,0.405
400,"null",0,0.844400921048358,0.741481165530596,0.91382638740155,0.808398687296056,0.8525,0.725
401,"null",0,0.438508646389342,0.888505844590088,0.587254188704967,0.921023905936626,0.4825,0.89
402,"null",0,0.169234920518172,0.452882938546058,0.302593584617409,0.556529319679054,0.18,0.465
403,"null",0,0.309784426872887,0.660050409291431,0.490464259830411,0.754480008550579,0.3225,0.65
404,"null",0,0.579858712015891,0.211386252800796,0.730269924201124,0.327204613328499,0.6,0.1775
405,"null",0,0.918711915208882,0.541424174669071,0.965402357257852,0.66522702460276,0.9275,0.545
406,"null",0,0.0282992461832186,0.553560367402686,0.0869048036798151,0.655718143373426,0.025,0.6025
407,"null",0,0.851705769001897,0.401154523651664,0.92019458254544,0.523177260860375,0.855,0.4125
408,"null",0,0.844751798030294,0.977146494783389,0.917873292420281,0.986095958580913,0.8525,0.9625
409,"null",0,0.915792338320233,0.623350147825137,0.956993434167212,0.726392769908961,0.9225,0.615
410,"null",0,0.0199246343369266,0.274824988880281,0.060905246042278,0.373694191319266,0.0275,0.27
411,"null",0,0.505231512520422,0.892150434632002,0.666076252285649,0.923036961769887,0.535,0.9075
412,"null",0,0.82190009050019,0.769195634144757,0.902258743304769,0.835788849510871,0.8375,0.765
413,"null",0,0.721471187285225,0.655205645772619,0.835194289110904,0.739510617183813,0.7575,0.6675
414,"null",0,0.561924090012121,0.699042372867511,0.692987169373424,0.767563089921003,0.5625,0.6875
415,"null",0,0.285131613477374,0.421818086952761,0.470319386695663,0.53234364955756,0.3,0.4175
416,"null",0,0.00733466106091951,0.0165527064949633,0.0281230767857916,0.05181333296539,0.005,0.03
417,"null",0,0.209901135827646,0.151659319445437,0.353763637466776,0.241431937255026,0.21,0.1475
418,"null",0,0.826422409436016,0.64797952386355,0.904765513509014,0.737708157053159,0.8525,0.6725
419,"null",0,0.340066249416726,0.0665739668527228,0.529479264789065,0.155557772071439,0.3375,0.105
420,"null",0,0.83946814922509,0.438296802431955,0.917215760225319,0.568757233598552,0.8425,0.5125
421,"null",0,0.418123153412846,0.0684127812915122,0.590157886008536,0.144606323343901,0.4075,0.065
422,"null",0,0.0302275114283526,0.962611318463626,0.0895387716674581,0.975277859243636,0.03,0.97
423,"null",0,0.340681719683253,0.820290584098535,0.498721336690745,0.8703177124466,0.37,0.8475
424,"null",0,0.985300453061707,0.945211431402697,0.994301699845398,0.968244763071675,0.9775,0.9375
425,"null",0,0.0213013021523056,0.0868821920748792,0.0745457524620797,0.170799504819069,0.02,0.08
426,"null",0,0.812024392469339,0.408827001420459,0.891631736463248,0.515885174747701,0.805,0.405
427,"null",0,0.647557691531017,0.74709367674889,0.802817495414441,0.825277442587914,0.6925,0.7925
428,"null",0,0.619535243482031,0.230257828764802,0.759995716769947,0.336732177700123,0.6475,0.195
429,"null",0,0.426042404686629,0.0370182737467541,0.589336176017565,0.0907367808347219,0.4575,0.0575
430,"null",0,0.369690221428422,0.165761590895484,0.549607530751461,0.266013902621901,0.3975,0.18
431,"null",0,0.77561444207177,0.9272091932198,0.876870892878695,0.952102905028721,0.76,0.935
432,"null",0,0.472266503022916,0.238801737677628,0.662214648904014,0.360264300863664,0.535,0.24
433,"null",0,0.352474009754658,0.0755953833120797,0.5216061683958,0.146978954485497,0.37,0.065
434,"null",0,0.795493730018684,0.212929714778203,0.884544677346001,0.313181328901023,0.83,0.2125
435,"null",0,0.71412452407842,0.516624867444031,0.828662025076719,0.625049185496723,0.7025,0.49
436,"null",0,0.187592254424814,0.234985705479682,0.33288357726798,0.358684288999318,0.195,0.19
437,"null",0,0.639887671385635,0.594703049546105,0.769385284244634,0.675205370983883,0.63,0.5625
438,"null",0,0.409431061750558,0.0715152342908152,0.599521687792933,0.154070562559797,0.4175,0.08
439,"null",0,0.988529082397534,0.709548502605181,0.99542720354796,0.78710854369147,0.985,0.745
440,"null",0,0.845454766952994,0.861712229158862,0.920383408793907,0.905820786449965,0.86,0.8875
441,"null",0,0.266656273656666,0.33131878607158,0.420866116965148,0.452240315501412,0.2575,0.3
442,"null",0,0.897862256995381,0.322943560624719,0.947063170146657,0.448967488661662,0.895,0.365
443,"null",0,0.588513054133577,0.668296477192948,0.73966213225172,0.752534807223401,0.6,0.675
444,"null",0,0.300756173240008,0.184963132838614,0.456631184307359,0.284000834832466,0.2725,0.205
445,"null",0,0.351695396473429,0.636204553436582,0.520710691672406,0.717507519989868,0.36,0.6675
446,"null",0,0.726051014753688,0.572652170819835,0.852369973900217,0.675913636448382,0.7675,0.61
447,"null",0,0.220896346950474,0.339926139906268,0.382026061605315,0.457111883170826,0.1875,0.32
448,"null",0,0.784842504516002,0.402646339631908,0.882964110488333,0.525399183873061,0.78,0.38
449,"null",0,0.110607112306377,0.908421374223978,0.230523740337798,0.936780785738588,0.11,0.92
450,"null",0,0.153960898658127,0.177982237571998,0.305064396218657,0.293232197715365,0.1425,0.1775
451,"null",0,0.75322796877453,0.439564296100633,0.869700296560298,0.56134269729029,0.7525,0.4675
452,"null",0,0.127501357613589,0.0271945322885729,0.259739129645942,0.0700239827718219,0.1425,0.035
453,"null",0,0.507487640836911,0.169075268589767,0.658964060685656,0.271656924819758,0.5025,0.1575
454,"null",0,0.897389229701723,0.944461730408575,0.949624098209241,0.965441042927567,0.875,0.9575
455,"null",0,0.130110590169549,0.0189749001734056,0.261819623894784,0.0584786058932926,0.1625,0.02
456,"null",0,0.0219678031772187,0.0448881110984872,0.0591442730706281,0.0869402536691564,0.035,0.055
457,"null",0,0.136882569983033,0.0225467909161394,0.286783966858727,0.0626791251925102,0.1625,0.0075
458,"null",0,0.886193039454819,0.356426822992275,0.937550125129855,0.480440258412428,0.8925,0.365
459,"null",0,0.023899725174634,0.0199171780471425,0.0724260412756864,0.0550853086559433,0.03,0.025
460,"null",0,0.313030161780843,0.163206681011337,0.494195191868496,0.263195291910821,0.3375,0.1875
461,"null",0,0.241895450897753,0.108140553015931,0.404978895575684,0.192610102919837,0.2325,0.1
462,"null",0,0.496232495575912,0.485170180702423,0.659651145959197,0.585582255394763,0.51,0.48
463,"null",0,0.145548544314979,0.946112215234373,0.27731097720202,0.964932160652291,0.17,0.955
464,"null",0,0.821803174318995,0.654719532938152,0.898507684710616,0.738636590817175,0.835,0.6675
465,"null",0,0.0441225389310447,0.314100792968806,0.107801883316743,0.421575009058796,0.0475,0.3
466,"null",0,0.956785488311699,0.687118202559304,0.979486250330097,0.764802266921137,0.9625,0.6625
467,"null",0,0.500697477023674,0.97494220611205,0.680492446645941,0.984975663151527,0.515,0.9875
468,"null",0,0.200907437472732,0.980420753982734,0.351162285869387,0.986774034064643,0.1775,0.9875
469,"null",0,0.627709198137892,0.71191913927433,0.767181664815946,0.785020850545292,0.635,0.695
470,"null",0,0.728296850469918,0.50015180311441,0.830187226769684,0.602954528096775,0.7625,0.5075
471,"null",0,0.481372243536107,0.586424849492351,0.652361459107288,0.676991464597781,0.4975,0.5625
472,"null",0,0.0255889835889681,0.0317547270036413,0.0832577871788469,0.084606975831119,0.0225,0.035
473,"null",0,0.50342888786975,0.218802038717496,0.669739243504701,0.326226765372266,0.5475,0.2525
474,"null",0,0.409314714486296,0.29598747053059,0.569994879760589,0.399883550566751,0.41,0.2775
475,"null",0,0.181778397592519,0.92248878042449,0.331205467008512,0.947789494079077,0.195,0.9125
476,"null",0,0.0954612135951644,0.326717431784567,0.230733952794183,0.47132806093045,0.0875,0.335
477,"null",0,0.749790850215589,0.531714437732199,0.857495520028255,0.645017417510775,0.7775,0.5575
478,"null",0,0.429178842801189,0.371857036878615,0.606757030503987,0.486653595961423,0.4175,0.365
479,"null",0,0.753258538832284,0.34935755351125,0.873648486618793,0.485186800018646,0.7575,0.3625
480,"null",0,0.364128838176373,0.138527800641839,0.551072713448808,0.251092921235069,0.4075,0.1725
481,"null",0,0.740578021984625,0.74062600225683,0.853660749764959,0.814271358587514,0.7425,0.725
482,"null",0,0.448001523550018,0.217651549296066,0.609675765098819,0.31944234086611,0.44,0.185
483,"null",0,0.12285378678033,0.0816271792599965,0.269570552918438,0.168821253651506,0.1475,0.0925
484,"null",0,0.851887440842592,0.308562451220033,0.919175941049287,0.430421732219669,0.835,0.31
485,"null",0,0.120234159651486,0.315006530002631,0.226890756274315,0.411186743435063,0.1275,0.3075
486,"null",0,0.954495294540123,0.535972586355743,0.978886987929726,0.65467164241264,0.965,0.5575
487,"null",0,0.186094964833226,0.94894468079129,0.319792321194587,0.965235541242145,0.225,0.945
488,"null",0,0.327722439132507,0.935699949964799,0.521025495252974,0.958439809836337,0.36,0.92
489,"null",0,0.400805119497546,0.153679803576715,0.547665887724868,0.24087480593262,0.4025,0.175
490,"null",0,0.747618218976605,0.762075027657843,0.853623676159453,0.827211270768122,0.7225,0.7625
491,"null",0,0.24945957977836,0.892373084254761,0.390986382746602,0.925003457922487,0.2525,0.8975
492,"null",0,0.186239163290592,0.91923431933788,0.341788991025563,0.945282465544962,0.165,0.9175
493,"null",0,0.412165385185008,0.173240115099282,0.589615248962536,0.282089852062814,0.4075,0.155
494,"null",0,0.721043913605658,0.660985216528228,0.829973271710849,0.74105137431263,0.7125,0.6675
495,"null",0,0.669666048172459,0.456504477155667,0.793727133290107,0.555820992853729,0.685,0.4375
496,"null",0,0.513446722184586,0.760246297871143,0.683564342176421,0.830654373866168,0.4975,0.7375
497,"null",0,0.722886251069412,0.940098702117321,0.840197893526882,0.963300413452196,0.7275,0.9275
498,"null",0,0.673433011774992,0.376364187789344,0.80728240889273,0.502100855763771,0.7125,0.3575
499,"null",0,0.426888208396688,0.91877128630403,0.612127702838696,0.94621035048782,0.4525,0.9125
500,"null",0,0.630661294110048,0.341658705873015,0.771140631290217,0.461842806795278,0.645,0.3325
1,"index",0.4,0.934755601283428,0.859706221785469,0.966596069772729,0.898014166925931,0.9475,0.85
2,"index",0.4,0.578341107455247,0.926335581533366,0.699089007007833,0.948759808732223,0.615,0.92
3,"index",0.4,0.935485792740958,0.928233530949094,0.964500805446647,0.950395582121539,0.915,0.93
4,"index",0.4,0.343018850608243,0.230231871911747,0.522880192809359,0.343282110738611,0.36,0.21
5,"index",0.4,0.835168784701523,0.475103967994693,0.897705697488663,0.57066091405957,0.8925,0.475
6,"index",0.4,0.629391716607659,0.230150828707067,0.768202612264049,0.347294364421053,0.67,0.2675
7,"index",0.4,0.159207509771833,0.0911292841870417,0.279913669785232,0.165275833944332,0.1875,0.13
8,"index",0.4,0.230677286612627,0.793554020520229,0.392562210440208,0.849651370123396,0.23,0.805
9,"index",0.4,0.79413990863216,0.654933684955137,0.875503019370531,0.741675988736577,0.7825,0.66
10,"index",0.4,0.619486390781255,0.255001265426093,0.731322396614054,0.339953013149237,0.6,0.2425
11,"index",0.4,0.32368107073061,0.49675665395211,0.468180352790552,0.593931833783321,0.3225,0.5475
12,"index",0.4,0.710447896439725,0.732652904845504,0.80713704365516,0.795349234451442,0.7225,0.7125
13,"index",0.4,0.8583015512069,0.743114273825999,0.912720011696163,0.80412625296281,0.85,0.7325
14,"index",0.4,0.185521053603138,0.786132253887928,0.314126338975548,0.841855553482135,0.18,0.7975
15,"index",0.4,0.710214752057827,0.116245501517944,0.817732420046278,0.20327907085225,0.7275,0.13
16,"index",0.4,0.407178292118125,0.444202721408287,0.532834289704155,0.533288466018639,0.485,0.475
17,"index",0.4,0.0553556083206919,0.951549639590158,0.107686784345414,0.963201105828089,0.07,0.9475
18,"index",0.4,0.919434552496902,0.8222282649005,0.957602828185624,0.867782566470713,0.9125,0.8
19,"index",0.4,0.58542254955806,0.709610147827851,0.709987451397205,0.770482847072968,0.615,0.745
20,"index",0.4,0.868571360106821,0.837274967889999,0.927815503407152,0.88383128266618,0.875,0.84
21,"index",0.4,0.716847594211005,0.422746700165177,0.820054878759825,0.518559975320628,0.7125,0.435
22,"index",0.4,0.0589841853239973,0.0276616128159148,0.135922041805635,0.0661383946317503,0.055,0.025
23,"index",0.4,0.183379211794304,0.0835672129462082,0.30785974863241,0.162280997932849,0.1775,0.1175
24,"index",0.4,0.669256174035235,0.267410605274738,0.796653687123661,0.386294853325923,0.715,0.2875
25,"index",0.4,0.799771491568724,0.831751047267361,0.876219858436118,0.878613769653891,0.795,0.85
26,"index",0.4,0.239523115354693,0.741009193024012,0.394193049099195,0.804813157008153,0.255,0.7
27,"index",0.4,0.457136257732205,0.272717182978609,0.626744603351501,0.396346168971917,0.4525,0.285
28,"index",0.4,0.669566421379491,0.818110276422871,0.768417743097056,0.86221627164052,0.6925,0.8125
29,"index",0.4,0.984686760098575,0.893069694296484,0.991840959875346,0.920200574725267,0.985,0.8875
30,"index",0.4,0.518845160990456,0.948556141878948,0.657590805806564,0.963064121762523,0.495,0.9525
31,"index",0.4,0.268017628153492,0.645661481472505,0.404780520557818,0.717226095233969,0.3175,0.625
32,"index",0.4,0.876491500276746,0.762525789431245,0.925738307290561,0.820811388939235,0.8925,0.775
33,"index",0.4,0.320442643402428,0.816468387784141,0.463777515937748,0.860613506264432,0.36,0.7875
34,"index",0.4,0.808875453526464,0.647316839200565,0.88575721148078,0.723962849623694,0.8125,0.62
35,"index",0.4,0.379012190457334,0.761117322802431,0.536951218759616,0.817591520509107,0.45,0.745
36,"index",0.4,0.29393732083787,0.911397283881577,0.427824940511976,0.936984045599564,0.325,0.915
37,"index",0.4,0.240655402555603,0.206910062962337,0.400041184297625,0.301753351341615,0.28,0.2175
38,"index",0.4,0.690428378554253,0.436194623972546,0.807746071104671,0.553729759111828,0.7475,0.475
39,"index",0.4,0.484614006208236,0.705741629064883,0.614130768262811,0.762046549943561,0.5,0.6725
40,"index",0.4,0.99517332376351,0.640157403846754,0.997429472756865,0.712724493080091,0.99,0.6375
41,"index",0.4,0.739069772923304,0.863228583293966,0.851187786002932,0.906559941812879,0.78,0.88
42,"index",0.4,0.190167160882669,0.610534584966248,0.3004491978578,0.683737995272494,0.1925,0.6275
43,"index",0.4,0.500583421221459,0.643107761366567,0.624787891370835,0.713809958567984,0.505,0.6575
44,"index",0.4,0.0216379985346788,0.141300722590314,0.0661915110275556,0.235926394277157,0.0325,0.165
45,"index",0.4,0.904214546570932,0.515621907863658,0.937957860775945,0.591225425467085,0.9075,0.4925
46,"index",0.4,0.310812618847881,0.147505506468937,0.442034073532491,0.219548297869003,0.4025,0.205
47,"index",0.4,0.444031233021555,0.890046496121669,0.578959172891463,0.918853905455946,0.4425,0.8875
48,"index",0.4,0.957095289735494,0.704838477950801,0.976385570503133,0.77316038264003,0.97,0.7325
49,"index",0.4,0.733551252928992,0.255274380784082,0.819294868943257,0.358787325362908,0.76,0.2975
50,"index",0.4,0.734730222564845,0.284426526631027,0.838015676362049,0.393601962793556,0.785,0.3225
51,"index",0.4,0.0246870297657203,0.12552849914957,0.0572788886552013,0.195635671678662,0.035,0.13
52,"index",0.4,0.160967384255936,0.787560152939448,0.267750707911261,0.833945459373865,0.1775,0.78
53,"index",0.4,0.907725632767857,0.937501516364634,0.953624881084933,0.958376880391443,0.905,0.925
54,"index",0.4,0.486802127893983,0.426506312651999,0.640160143886644,0.52676775855262,0.525,0.4475
55,"index",0.4,0.717049262677241,0.379776337245882,0.823158038489655,0.494333535070801,0.7675,0.3875
56,"index",0.4,0.828522100276643,0.450842573828789,0.893543812784497,0.548249023204453,0.81,0.4275
57,"index",0.4,0.147865898069476,0.06244880322952,0.263356914617556,0.123555747391882,0.1375,0.075
58,"index",0.4,0.129575924272692,0.11883494550742,0.260617858058587,0.20082869231614,0.145,0.12
59,"index",0.4,0.413139484089433,0.141235930712556,0.556344518610261,0.228241763918235,0.4125,0.1575
60,"index",0.4,0.378924084549521,0.999095358728039,0.51824820575013,0.999406122883263,0.395,0.9975
61,"index",0.4,0.165441896621726,0.481077535836975,0.305093458152759,0.585777272397761,0.19,0.52
62,"index",0.4,0.506664057946508,0.387471340506732,0.661791880281998,0.494516403854005,0.5,0.3725
63,"index",0.4,0.733492062432114,0.971956895210053,0.809547075391946,0.978995845832316,0.76,0.96
64,"index",0.4,0.902329447321231,0.609266225313519,0.936829548530288,0.669585305639156,0.9125,0.605
65,"index",0.4,0.881112550489022,0.224248399759795,0.935980797442827,0.336407818989007,0.8575,0.1925
66,"index",0.4,0.776028823623685,0.334798539797632,0.872293030800492,0.473880868740987,0.7775,0.385
67,"index",0.4,0.423840091763622,0.902944108724478,0.563855975320885,0.928911399694092,0.4125,0.8975
68,"index",0.4,0.0983292171401466,0.447365450424674,0.209525261169595,0.541126365905872,0.0825,0.47
69,"index",0.4,0.395247706040815,0.160136147761729,0.519070915409788,0.236508549902985,0.4475,0.155
70,"index",0.4,0.781622077189491,0.502842465131242,0.867226595233989,0.60514085828117,0.755,0.52
71,"index",0.4,0.881280350714601,0.513168487225964,0.92267841898539,0.594415191938663,0.86,0.4625
72,"index",0.4,0.440833637877618,0.38996846194511,0.598007531352698,0.487451621423556,0.46,0.4325
73,"index",0.4,0.787359292106214,0.279736110555885,0.873252798707039,0.384895726761939,0.7775,0.275
74,"index",0.4,0.904002146869369,0.64358659583454,0.946802131099383,0.718660985358652,0.9,0.62
75,"index",0.4,0.0207262136049372,0.389394344578646,0.054554182590038,0.489708388280815,0.015,0.3375
76,"index",0.4,0.739732938753885,0.227864681412888,0.832074750904965,0.324928572827716,0.7625,0.2525
77,"index",0.4,0.699967783009382,0.385735187361391,0.802484025587118,0.498445075919308,0.7125,0.445
78,"index",0.4,0.960676021357609,0.91494155068474,0.978509533697637,0.93842364198957,0.97,0.93
79,"index",0.4,0.111563927902539,0.906191141583256,0.196564056425599,0.929110106973494,0.115,0.9075
80,"index",0.4,0.433693576502083,0.206356777813515,0.572729327117853,0.300603168698184,0.3975,0.235
81,"index",0.4,0.965636466938265,0.647653211107169,0.984767766552692,0.734152552977024,0.9625,0.6775
82,"index",0.4,0.889752969000606,0.781802174711784,0.93688714382595,0.830053511474131,0.8925,0.75
83,"index",0.4,0.239905903862502,0.146851004026696,0.370608444818175,0.238278949041175,0.23,0.14
84,"index",0.4,0.990801995091695,0.55544970177963,0.995192317551234,0.637630739233267,0.9975,0.555
85,"index",0.4,0.612109112042812,0.732397026056747,0.719891119648749,0.787986400765927,0.605,0.7125
86,"index",0.4,0.0948677131307437,0.310762886557026,0.186880746498477,0.405224730243666,0.1,0.3375
87,"index",0.4,0.882783326059644,0.649124157554638,0.935854049079064,0.732603879563127,0.8675,0.6175
88,"index",0.4,0.55513410441529,0.64888531235208,0.697536745518404,0.727750196370079,0.565,0.63
89,"index",0.4,0.87294785735962,0.440508909823373,0.917166109369278,0.536159252799184,0.8775,0.4575
90,"index",0.4,0.299815866815944,0.223430120408716,0.455417672325501,0.330368223497594,0.325,0.1975
91,"index",0.4,0.524748661215474,0.301262405929964,0.664595892558359,0.39836950460924,0.5575,0.275
92,"index",0.4,0.599831458764104,0.529532387333982,0.705125321551959,0.609542278217972,0.645,0.5425
93,"index",0.4,0.454737014677503,0.218251532255396,0.604404808897915,0.311798592594775,0.49,0.2225
94,"index",0.4,0.62171700392853,0.189443229343353,0.739161034652045,0.279058478605275,0.6225,0.1725
95,"index",0.4,0.807720292693603,0.81865526383387,0.889546903345826,0.868708142736681,0.8025,0.81
96,"index",0.4,0.997538965138421,0.915135765110745,0.998765814383831,0.938580114806131,0.995,0.895
97,"index",0.4,0.364112020195691,0.597621132269987,0.483399042414642,0.664945029543991,0.3675,0.5925
98,"index",0.4,0.0555909763870864,0.0840310446391893,0.12221544404318,0.146048651859535,0.065,0.0875
99,"index",0.4,0.328950983883343,0.561323889513163,0.460000800940831,0.646247723741695,0.4,0.59
100,"index",0.4,0.941588188084306,0.818840271525274,0.966246107820483,0.861754879661798,0.9425,0.79
101,"index",0.4,0.449374367550375,0.652175041537513,0.602444467918957,0.731389832301518,0.4875,0.6775
102,"index",0.4,0.483100151657335,0.539264329768783,0.613311901173127,0.623044436991209,0.5125,0.505
103,"index",0.4,0.332262022095671,0.195174362870864,0.491569983930336,0.287831051308034,0.33,0.175
104,"index",0.4,0.577903439047524,0.96242323941977,0.734900442782893,0.975966098677537,0.575,0.975
105,"index",0.4,0.791753745121571,0.937947654828104,0.874561565563878,0.960640079440065,0.805,0.9475
106,"index",0.4,0.0780921272946347,0.0644928567061347,0.166299775685231,0.122444093196582,0.08,0.0475
107,"index",0.4,0.164222959478558,0.852750996730848,0.288158958912239,0.894056757471511,0.1825,0.8525
108,"index",0.4,0.326059719086037,0.648307549641218,0.500100028100326,0.732078507175932,0.3325,0.63
109,"index",0.4,0.165227868754325,0.942695477489819,0.306233541789486,0.961910974911011,0.1975,0.945
110,"index",0.4,0.14481241274687,0.0505015094135962,0.256102361912747,0.104649375268535,0.1225,0.065
111,"index",0.4,0.328476461206291,0.392381544753055,0.483556736208957,0.502553018148615,0.31,0.395
112,"index",0.4,0.116175387326889,0.700921967026622,0.205767176277437,0.757311019085813,0.115,0.6725
113,"index",0.4,0.263403346078503,0.103051648660394,0.425024453373413,0.187996394556305,0.2875,0.12
114,"index",0.4,0.921249105114178,0.704193479452708,0.955023946626651,0.772048223822834,0.94,0.71
115,"index",0.4,0.275579313959272,0.346840580477875,0.432107425238395,0.458388295314259,0.275,0.345
116,"index",0.4,0.671042919607183,0.690095459946265,0.790818745379221,0.763097030195901,0.705,0.6775
117,"index",0.4,0.364806816108166,0.126673915602712,0.507119205762219,0.194766951430036,0.3575,0.1025
118,"index",0.4,0.289807371402411,0.760720652266122,0.441984579322152,0.819148413505233,0.34,0.775
119,"index",0.4,0.0495619763350729,0.00618059275295757,0.141236065429587,0.0267024538995955,0.0675,0.0075
120,"index",0.4,0.560455707893113,0.395803255073244,0.729694889403309,0.529973212676231,0.54,0.4025
121,"index",0.4,0.925899793768167,0.648070893156754,0.958560905366934,0.722196865415322,0.935,0.6125
122,"index",0.4,0.0771829604592901,0.131760942604771,0.163417002768736,0.205992969892623,0.075,0.1475
123,"index",0.4,0.117215541924426,0.117238226730253,0.227980770356968,0.199980353588673,0.1525,0.1275
124,"index",0.4,0.544293785687448,0.466720021526296,0.688526121181573,0.568499001176213,0.6225,0.4825
125,"index",0.4,0.273866005472181,0.0895214392777421,0.40777450670018,0.161419226949816,0.2875,0.0825
126,"index",0.4,0.544606334756884,0.646950040550026,0.684225482125786,0.721376907226479,0.55,0.67
127,"index",0.4,0.74390126423632,0.983146764992904,0.823107141071643,0.988186169241253,0.73,0.975
128,"index",0.4,0.695754302133458,0.863723782001267,0.819092057970982,0.901794803518662,0.6925,0.86
129,"index",0.4,0.594110609072143,0.0451692823800112,0.71687051621771,0.0925899351811615,0.5875,0.0625
130,"index",0.4,0.859572950339547,0.855725127478687,0.921616818405685,0.901801836913733,0.87,0.8775
131,"index",0.4,0.170743028222552,0.422556106929215,0.286769350943902,0.508848837754542,0.185,0.4075
132,"index",0.4,0.0514843805069798,0.419610090740995,0.121886153521448,0.52155940446917,0.05,0.3725
133,"index",0.4,0.591403415120087,0.173585402118226,0.738037845457414,0.294631069742404,0.575,0.155
134,"index",0.4,0.0832640790309371,0.386443018482919,0.150053429011023,0.466828177719293,0.0825,0.37
135,"index",0.4,0.994027591196952,0.626647089595567,0.997337231696657,0.717407242227361,0.99,0.61
136,"index",0.4,0.980434294392379,0.837103684802177,0.989738685847262,0.875954328581109,0.9775,0.8425
137,"index",0.4,0.569944871944192,0.497925553553876,0.720457339372326,0.610880338539918,0.545,0.5275
138,"index",0.4,0.929557475246029,0.390708427589287,0.957804632700939,0.483629297552075,0.9525,0.4175
139,"index",0.4,0.17040433784025,0.0612270937980713,0.279268709535466,0.118165701315226,0.2075,0.0775
140,"index",0.4,0.962765401621316,0.684659100767761,0.979899277581839,0.752042093862102,0.965,0.68
141,"index",0.4,0.38043019639753,0.228687229575744,0.510222517007153,0.320049815972407,0.415,0.2225
142,"index",0.4,0.88398729806989,0.192506396325143,0.936100835694827,0.299977425227571,0.885,0.2225
143,"index",0.4,0.0638887644209819,0.265818091509838,0.149736649549694,0.362758530417163,0.0575,0.235
144,"index",0.4,0.875523571771982,0.981395376558956,0.928665838160742,0.987771796583354,0.8875,0.98
145,"index",0.4,0.789609227878876,0.499192943629526,0.864527289062902,0.573341562428496,0.7925,0.4625
146,"index",0.4,0.991635807693508,0.651850433275505,0.995740987917139,0.725379936370508,0.9875,0.6475
147,"index",0.4,0.587580951087187,0.383144954383039,0.736356323140676,0.512682306450193,0.6,0.365
148,"index",0.4,0.719321786493384,0.851447486685235,0.826025806783961,0.893584622940044,0.765,0.88
149,"index",0.4,0.605169528342334,0.768390449537732,0.719475021328038,0.821083816460819,0.585,0.755
150,"index",0.4,0.109591997235384,0.312136003575911,0.191144612229384,0.401077085381969,0.1,0.305
151,"index",0.4,0.903840434775946,0.667676043980154,0.944216615089839,0.737138392691349,0.8975,0.6925
152,"index",0.4,0.223631266765933,0.830146562352997,0.378702398568511,0.871993604628234,0.235,0.815
153,"index",0.4,0.4172089763152,0.96938804755356,0.540130557192616,0.977766364513177,0.48,0.9625
154,"index",0.4,0.497682298966648,0.0686246653547484,0.641677541420843,0.137583441383192,0.4975,0.065
155,"index",0.4,0.735163257576162,0.917817086546086,0.832898824905256,0.938668725764945,0.74,0.885
156,"index",0.4,0.407521493670066,0.54104184490202,0.561681804452146,0.633079320547045,0.4025,0.5325
157,"index",0.4,0.197224064355517,0.0571627306667214,0.347973953645013,0.118572177369343,0.225,0.06
158,"index",0.4,0.673196495275976,0.674901534246685,0.780258071387023,0.743593731166022,0.735,0.685
159,"index",0.4,0.0149929494919799,0.00428599577311883,0.0475093798505046,0.0166121688483211,0.01,0.0075
160,"index",0.4,0.75343019902664,0.811663559781632,0.839866445066567,0.852289581673547,0.7375,0.8175
161,"index",0.4,0.679555418715824,0.988509746335118,0.80196952409155,0.993173469395603,0.6975,0.985
162,"index",0.4,0.501075275164639,0.277415883880027,0.652455009566543,0.385158349516679,0.475,0.26
163,"index",0.4,0.535476506659381,0.641448107904001,0.675004544625133,0.723902796981035,0.5725,0.645
164,"index",0.4,0.368179378147046,0.110063929890486,0.531315765076827,0.208407493749414,0.4125,0.1525
165,"index",0.4,0.299248184193593,0.439858544991378,0.460345282483307,0.553459025984846,0.3025,0.47
166,"index",0.4,0.223532662402172,0.21532609629082,0.356981955124149,0.304507079898082,0.265,0.245
167,"index",0.4,0.195919735021316,0.133503824689128,0.319729852838052,0.20722608167142,0.2075,0.1425
168,"index",0.4,0.334872732182447,0.164276722241706,0.475332220411366,0.248166714199074,0.4075,0.2325
169,"index",0.4,0.550051678630548,0.13717809088969,0.673067729849516,0.208212980449142,0.61,0.1425
170,"index",0.4,0.695100849351282,0.714809115552049,0.793141047519796,0.772539934376276,0.69,0.715
171,"index",0.4,0.0357077413804139,0.0718747399148364,0.0982155150766415,0.143840047949423,0.0475,0.075
172,"index",0.4,0.265021333776585,0.090866951744343,0.391126458226642,0.149690275642694,0.2925,0.0925
173,"index",0.4,0.895658549851912,0.383703358320379,0.936246025237905,0.4728727026148,0.8925,0.365
174,"index",0.4,0.439863596610109,0.187865002556713,0.58393639351318,0.278152220274455,0.4525,0.18
175,"index",0.4,0.481748955549393,0.688073280531222,0.600097981026004,0.743649469471499,0.49,0.6925
176,"index",0.4,0.903516406318504,0.731445755924861,0.947036973604578,0.793362193769193,0.9125,0.745
177,"index",0.4,0.3730015461122,0.318728999311554,0.527652184052809,0.420199808738306,0.405,0.3275
178,"index",0.4,0.947061369117062,0.912777135592734,0.969636552411831,0.935919529978234,0.9625,0.9075
179,"index",0.4,0.371344555957162,0.336935615656444,0.527875151115804,0.442024638213074,0.3975,0.3575
180,"index",0.4,0.704090304652346,0.971827767080037,0.79873794719882,0.980276111646689,0.74,0.975
181,"index",0.4,0.0629138296149762,0.379365628126669,0.151678671421068,0.496215934162539,0.075,0.395
182,"index",0.4,0.836336615124252,0.833220000697899,0.889514895758505,0.869747444856984,0.86,0.835
183,"index",0.4,0.407220624815378,0.234367231369018,0.562700047376099,0.335616958738389,0.42,0.24
184,"index",0.4,0.722036997831769,0.634062874325256,0.829888401248503,0.716628480175036,0.67,0.6075
185,"index",0.4,0.174785033407316,0.617265805171912,0.313687612933465,0.703320250929241,0.23,0.6275
186,"index",0.4,0.0664784814453053,0.581407362294382,0.140115994109682,0.667010621991808,0.0675,0.58
187,"index",0.4,0.214059559566793,0.830851285415706,0.350569055071772,0.879003402027589,0.23,0.8275
188,"index",0.4,0.0721199385004906,0.946292473467779,0.148306094069488,0.962098484694843,0.0675,0.965
189,"index",0.4,0.33619076949536,0.242015570301755,0.495950269352097,0.351361018777651,0.35,0.24
190,"index",0.4,0.733139802232866,0.492178455578574,0.837653688033128,0.598088180700444,0.72,0.49
191,"index",0.4,0.989159832612101,0.709076165478822,0.99468701743517,0.779947343051976,0.995,0.7075
192,"index",0.4,0.783493728609039,0.641054891929122,0.862641535225189,0.713610669609206,0.78,0.6625
193,"index",0.4,0.638523063595346,0.319754377437119,0.757438565297604,0.433172188800767,0.645,0.3325
194,"index",0.4,0.622335358411573,0.898882497069085,0.760300120535793,0.930680416258478,0.5775,0.8825
195,"index",0.4,0.980457608556944,0.758381704892096,0.989879031031415,0.822316180031296,0.9775,0.72
196,"index",0.4,0.346812223593137,0.0493946703781392,0.496893355107762,0.098063245408529,0.3925,0.0675
197,"index",0.4,0.585702151735511,0.209346627561203,0.709973439800198,0.3082470902564,0.5925,0.215
198,"index",0.4,0.538534410638662,0.996868360089488,0.669825018085862,0.997980297662652,0.545,0.9975
199,"index",0.4,0.242652295171553,0.145588005721579,0.361993137680966,0.22299541644213,0.265,0.1825
200,"index",0.4,0.498698056784051,0.631020837076687,0.609117618107752,0.699202498081223,0.4975,0.6
201,"index",0.4,0.410842167915379,0.315223187150165,0.556556102153151,0.411970107903316,0.4025,0.33
202,"index",0.4,0.549538906543313,0.38988700592678,0.671754812740294,0.488066720957519,0.6,0.4225
203,"index",0.4,0.268939212905634,0.614349056082071,0.423680275846004,0.702385156161889,0.2575,0.64
204,"index",0.4,0.678230532660741,0.886227027483426,0.804052029099087,0.921756534041449,0.7,0.8925
205,"index",0.4,0.696197196876991,0.756202644753724,0.800457847213791,0.817972999504692,0.7075,0.7925
206,"index",0.4,0.222887344668568,0.560128534354655,0.368935509760273,0.646519482067958,0.1975,0.6125
207,"index",0.4,0.583360165650197,0.681311604577689,0.713354618845884,0.756433260032261,0.58,0.665
208,"index",0.4,0.782505884595843,0.890722638761285,0.872888144869363,0.927408985489827,0.8,0.885
209,"index",0.4,0.764070589449373,0.657235006894268,0.850815727961563,0.721837462818069,0.775,0.615
210,"index",0.4,0.775732123407061,0.501766383542598,0.866866980333298,0.598271682212372,0.8025,0.4975
211,"index",0.4,0.220280795695448,0.364315826770152,0.358359006400155,0.467611766240878,0.21,0.3525
212,"index",0.4,0.142441772949191,0.721985630262301,0.238837618706995,0.778266584836838,0.1375,0.75
213,"index",0.4,0.272468712502134,0.207930959512115,0.393860156421719,0.295704736803692,0.2975,0.1875
214,"index",0.4,0.547743119490735,0.771497513127317,0.658330834464845,0.820461638200481,0.545,0.7375
215,"index",0.4,0.412574793271395,0.82352265592031,0.53059955864542,0.860833914706056,0.38,0.8125
216,"index",0.4,0.0158884931401716,0.967176842241332,0.0490215388179949,0.978812807492952,0.01,0.96
217,"index",0.4,0.424612150808875,0.524777833678938,0.593907114283212,0.627970730113458,0.435,0.555
218,"index",0.4,0.606679305067212,0.99409951868355,0.729357761232876,0.996104737512825,0.605,1
219,"index",0.4,0.69554538965933,0.355756501784843,0.799806871235714,0.460558374714928,0.695,0.35
220,"index",0.4,0.848622218847179,0.766154898621294,0.918187483807764,0.827722002451821,0.82,0.7325
221,"index",0.4,0.368593786473539,0.379936860422181,0.499714494722187,0.474430423037495,0.3525,0.385
222,"index",0.4,0.368377720589301,0.749773900658575,0.500259704366522,0.802934619200626,0.3625,0.76
223,"index",0.4,0.579408581987238,0.84897694309278,0.703954610496302,0.894022124418216,0.5525,0.8275
224,"index",0.4,0.804138547804077,0.770450127774741,0.879317796868892,0.827704092878823,0.785,0.735
225,"index",0.4,0.984421516360849,0.702057736474611,0.992369889525492,0.780625152743324,0.99,0.695
226,"index",0.4,0.866778383315605,0.625796142641477,0.912454848568718,0.690987137447271,0.875,0.5975
227,"index",0.4,0.0326769534493263,0.761836085305975,0.0915179277470897,0.823416334834829,0.0375,0.7825
228,"index",0.4,0.256119705213879,0.812004785795653,0.382458563352427,0.853459435402097,0.2675,0.8275
229,"index",0.4,0.207008622294199,0.255815802104476,0.353530550322708,0.369350796160113,0.215,0.28
230,"index",0.4,0.649370823042024,0.878565908183138,0.770025710535776,0.913894139119737,0.6625,0.8725
231,"index",0.4,0.383951106027134,0.603705923783285,0.479202486818112,0.661529968893187,0.39,0.5925
232,"index",0.4,0.568382965618895,0.583093700212055,0.713541072087168,0.681287195333573,0.6425,0.6175
233,"index",0.4,0.370276059156218,0.434516251999235,0.532888555707898,0.541276159230059,0.3775,0.43
234,"index",0.4,0.67330561087813,0.560632196336462,0.785826607852024,0.647424268927794,0.7125,0.55
235,"index",0.4,0.477672819574521,0.294961922207726,0.604713036833948,0.380365778949018,0.4975,0.255
236,"index",0.4,0.102781064643644,0.160719916634688,0.211074121483742,0.260054025047243,0.1225,0.175
237,"index",0.4,0.16322556845239,0.621108298100275,0.31730605430572,0.71313706050133,0.17,0.6225
238,"index",0.4,0.43476475201268,0.78118032455179,0.565681657686865,0.824795271223346,0.4075,0.8025
239,"index",0.4,0.480308957707015,0.463130148487678,0.617016125624967,0.566001430539272,0.5125,0.48
240,"index",0.4,0.36877716515159,0.382772747355205,0.534451905667665,0.498375287603559,0.3575,0.3925
241,"index",0.4,0.737932337332397,0.483451957415436,0.814758898177983,0.554446620805393,0.75,0.445
242,"index",0.4,0.713409344164764,0.911940015519469,0.818510250241756,0.93685484469428,0.7675,0.9
243,"index",0.4,0.0399111325373929,0.481195275780431,0.0993258380518223,0.573910375530573,0.045,0.5375
244,"index",0.4,0.559948077518424,0.964012301862622,0.684672429362543,0.975866901926937,0.6,0.9625
245,"index",0.4,0.769671674272344,0.698723594900972,0.859358298019953,0.766211823213067,0.7775,0.68
246,"index",0.4,0.689516637649925,0.470437107853137,0.78996912042819,0.561621198053423,0.645,0.475
247,"index",0.4,0.18228555835078,0.370195069909558,0.302185522733405,0.455290937729953,0.195,0.355
248,"index",0.4,0.968423596890546,0.553127727444027,0.983286508807314,0.636884899537184,0.9775,0.515
249,"index",0.4,0.545615997018216,0.207007626205675,0.68095138550594,0.309307069745342,0.6025,0.235
250,"index",0.4,0.0938594871486496,0.951953085825461,0.185936094274227,0.967214630175803,0.115,0.9725
251,"index",0.4,0.215866406143654,0.142547180189026,0.366730999175826,0.230510970324248,0.175,0.115
252,"index",0.4,0.976121063540592,0.909850451347513,0.98788979608566,0.937012966081724,0.9775,0.895
253,"index",0.4,0.588221567262045,0.747242491226736,0.722616518828172,0.81055163453893,0.6425,0.7425
254,"index",0.4,0.484737970473722,0.142654910248831,0.6325086675136,0.236513825454815,0.54,0.1225
255,"index",0.4,0.18118117264263,0.0478756267120926,0.323368671259031,0.0944518690378108,0.2025,0.045
256,"index",0.4,0.761921752635262,0.245015422159205,0.848554417131465,0.343614199552368,0.77,0.2675
257,"index",0.4,0.121083151949016,0.0617269982655994,0.230651174718894,0.11737298393308,0.105,0.0525
258,"index",0.4,0.624857195736907,0.407591942429213,0.756557075628873,0.520101182649318,0.6675,0.4075
259,"index",0.4,0.705139321886348,0.673766832380757,0.811991341562016,0.750976714166661,0.7075,0.67
260,"index",0.4,0.0248197377222314,0.18253143861665,0.0591783199046162,0.26380509099941,0.04,0.19
261,"index",0.4,0.896307899334615,0.776446209998212,0.937559042733168,0.82804883889647,0.905,0.75
262,"index",0.4,0.542235382040471,0.222583061011217,0.683842791739987,0.334694811067161,0.5825,0.2425
263,"index",0.4,0.298456767513048,0.482648028693082,0.45977586293325,0.576549636561185,0.2825,0.465
264,"index",0.4,0.573204746116972,0.13855373665637,0.698607206502889,0.218545857973347,0.5625,0.145
265,"index",0.4,0.470857528972078,0.794830305952198,0.638201256738081,0.852674175875038,0.48,0.79
266,"index",0.4,0.0572005397744944,0.753664551047881,0.130075306535513,0.805520761516017,0.0475,0.7575
267,"index",0.4,0.1321379690646,0.0921718591099623,0.249203003824772,0.174355244206877,0.1425,0.085
268,"index",0.4,0.702620866946424,0.830068138991972,0.79271799433573,0.871868360503716,0.7275,0.8375
269,"index",0.4,0.611328076468537,0.451690088257756,0.728075028988584,0.550205015416247,0.6225,0.4975
270,"index",0.4,0.871797842762095,0.643328287526198,0.926201180645908,0.716952616591488,0.8725,0.6625
271,"index",0.4,0.646719481880567,0.552662640722716,0.775178151123762,0.6500107431476,0.655,0.57
272,"index",0.4,0.437264294583267,0.773548761173071,0.583024999368087,0.823926998284911,0.4375,0.77
273,"index",0.4,0.632693264142867,0.180612766318034,0.768369359845687,0.286877990294179,0.64,0.18
274,"index",0.4,0.536618293432661,0.832299370034526,0.702071651310329,0.884270741199984,0.5775,0.84
275,"index",0.4,0.710162729996883,0.864878076228142,0.804001183119018,0.896796164241359,0.7175,0.84
276,"index",0.4,0.869992673401459,0.839337237184157,0.924193061836743,0.880921981503668,0.885,0.85
277,"index",0.4,0.94502213444465,0.906616889102471,0.969063152137038,0.929963468013173,0.9475,0.8875
278,"index",0.4,0.639670110411043,0.450870866628431,0.77054053807894,0.553325149641495,0.6275,0.435
279,"index",0.4,0.739060946365722,0.899519199069682,0.841685073109023,0.928498405729094,0.735,0.89
280,"index",0.4,0.387071362851877,0.899402051357343,0.546839411726379,0.929136099129124,0.3775,0.8975
281,"index",0.4,0.545178289068161,0.74521835816311,0.666382395542202,0.800496321033717,0.505,0.6925
282,"index",0.4,0.769712523250274,0.69160533136195,0.855187561066237,0.754574002767637,0.785,0.6425
283,"index",0.4,0.659668285439145,0.46369556967641,0.755924820236996,0.5523773687479,0.6775,0.4825
284,"index",0.4,0.0474035408505752,0.0592453510983559,0.107626513160804,0.113951062165058,0.055,0.0625
285,"index",0.4,0.784362736222347,0.543718516184632,0.857349472928947,0.623737925660796,0.795,0.5475
286,"index",0.4,0.0462883006600717,0.499239348674231,0.110156222122652,0.595857929790827,0.055,0.4825
287,"index",0.4,0.350800763934912,0.63803861041642,0.501315370378462,0.714296498555038,0.3825,0.5975
288,"index",0.4,0.0434496897919144,0.250480133456899,0.0981567660456831,0.353759652793273,0.0425,0.2575
289,"index",0.4,0.108161475107598,0.640491302422165,0.185182010137426,0.70705767000776,0.1125,0.6675
290,"index",0.4,0.742278263181097,0.624680855604392,0.839895934717137,0.701326923548748,0.76,0.6125
291,"index",0.4,0.417492496609527,0.691806483622847,0.565471143626357,0.762482239136163,0.45,0.7025
292,"index",0.4,0.275526528602421,0.755319247069969,0.437072179733075,0.8130273214669,0.2875,0.78
293,"index",0.4,0.608170903994858,0.902793906816867,0.724118557770026,0.925493826508046,0.65,0.9075
294,"index",0.4,0.638903220148651,0.405631334255184,0.73829454755853,0.501094864837158,0.69,0.4575
295,"index",0.4,0.307226469950039,0.718752181460173,0.447658493569464,0.778356341892212,0.345,0.76
296,"index",0.4,0.992299203333395,0.688303332614976,0.996326024162557,0.76321243827798,0.9975,0.705
297,"index",0.4,0.766345697687238,0.959894869164259,0.851847304720194,0.974484911895749,0.7925,0.96
298,"index",0.4,0.857755450191977,0.327398288390929,0.914281028549867,0.436006364632826,0.85,0.3325
299,"index",0.4,0.279485277178732,0.556199732557024,0.45097694055007,0.657518851863059,0.3,0.5075
300,"index",0.4,0.64384296858624,0.925300383647123,0.758777532616824,0.949346137080774,0.65,0.92
301,"index",0.4,0.921599728989348,0.490893662138581,0.957377041717959,0.582657945653825,0.9175,0.5025
302,"index",0.4,0.145348728228741,0.968941725026744,0.255076137519041,0.978893038728723,0.155,0.96
303,"index",0.4,0.810758758529071,0.470212817032013,0.875846843300379,0.558618278302902,0.84,0.49
304,"index",0.4,0.520711431416232,0.491539026190456,0.645242686178794,0.577831046588173,0.56,0.475
305,"index",0.4,0.184118108759713,0.889027110825011,0.336123929262512,0.926002141518771,0.18,0.88
306,"index",0.4,0.468787024660242,0.263107944340446,0.617316596034554,0.380254996382742,0.535,0.295
307,"index",0.4,0.927467097324236,0.882409687367469,0.960619203897143,0.914099159906707,0.905,0.855
308,"index",0.4,0.520695856020497,0.158114856340862,0.642113555091024,0.237437268844102,0.49,0.175
309,"index",0.4,0.918744924296476,0.94659647599128,0.94962496330608,0.961300550831554,0.95,0.9575
310,"index",0.4,0.124577456467783,0.0962327002693689,0.233304864669023,0.171929483474443,0.1375,0.0775
311,"index",0.4,0.190213595789965,0.133409332306224,0.310738773768304,0.219063838109938,0.1625,0.1375
312,"index",0.4,0.439389747524019,0.559600815762396,0.587362725155366,0.645891368689477,0.4575,0.53
313,"index",0.4,0.539770749614224,0.920299665104286,0.706007974452236,0.947667952908613,0.5425,0.91
314,"index",0.4,0.669708622024914,0.611483420195272,0.785521430789412,0.696565048467842,0.66,0.61
315,"index",0.4,0.758224573589245,0.364005120369072,0.841929288375964,0.457902916140855,0.75,0.34
316,"index",0.4,0.806017862588766,0.161532233897633,0.886281070436612,0.262785817856635,0.85,0.1675
317,"index",0.4,0.436264286179741,0.309028813508172,0.543104394733216,0.392152779941663,0.46,0.3175
318,"index",0.4,0.842104469073024,0.713387326186844,0.912782407786042,0.789292545672773,0.8375,0.695
319,"index",0.4,0.110812590488816,0.7415831683157,0.197247030601789,0.792657471177704,0.095,0.7175
320,"index",0.4,0.568114696258026,0.575050655421133,0.684459250676529,0.643894754429405,0.6025,0.57
321,"index",0.4,0.620969077815602,0.38844068383741,0.739590001530858,0.482909630064573,0.5825,0.4
322,"index",0.4,0.383607833782577,0.15249891741306,0.515939153646533,0.231045106245689,0.4,0.14
323,"index",0.4,0.514750143997367,0.800337599590157,0.643485017641444,0.851607644474626,0.5,0.8
324,"index",0.4,0.0406000405423917,0.0688274081192228,0.0923208582141927,0.12066867245359,0.04,0.065
325,"index",0.4,0.670536922286425,0.225449526688325,0.775318136735659,0.320486601235202,0.715,0.23
326,"index",0.4,0.677094065230068,0.767294213123503,0.797993197610345,0.831163446144274,0.685,0.7875
327,"index",0.4,0.412736942177647,0.599469531739037,0.538523866823731,0.662089032032209,0.41,0.5775
328,"index",0.4,0.211585500450167,0.78801906518682,0.332099142379281,0.835352381937348,0.18,0.7925
329,"index",0.4,0.598009961941791,0.422929791661135,0.723319893884215,0.520007807921389,0.6275,0.44
330,"index",0.4,0.883736757477737,0.487574239163243,0.932508851712063,0.584365908192475,0.8875,0.465
331,"index",0.4,0.616595463426978,0.918066511452156,0.712178659117698,0.936405005944896,0.6225,0.9075
332,"index",0.4,0.292786985244539,0.214773957365379,0.403989136771566,0.287487996627504,0.2875,0.2075
333,"index",0.4,0.571050482407961,0.470961941788753,0.695895545765483,0.560279594412607,0.6025,0.49
334,"index",0.4,0.558543940106297,0.729767188612726,0.702456576675582,0.793705009744094,0.5625,0.7375
335,"index",0.4,0.779215888961507,0.583851639234438,0.862291926637313,0.657677538209589,0.8075,0.5475
336,"index",0.4,0.280748103556156,0.792105298090829,0.427585776141896,0.843336558707849,0.295,0.8025
337,"index",0.4,0.315977808035417,0.920470996653904,0.455293425618408,0.941974109526483,0.3225,0.92
338,"index",0.4,0.587671755722691,0.413249951824258,0.717833898350331,0.511784339140922,0.5925,0.4225
339,"index",0.4,0.924063797164064,0.706191091921333,0.961913091574443,0.776238116820356,0.9025,0.6925
340,"index",0.4,0.19227370558252,0.508110064417666,0.284653725838139,0.570245957011481,0.2075,0.51
341,"index",0.4,0.621179585379677,0.519939311656862,0.744393239888989,0.623307536695575,0.665,0.55
342,"index",0.4,0.939301860321879,0.651552510605245,0.967239945684729,0.726371375452357,0.9325,0.625
343,"index",0.4,0.898209814054383,0.783468875075449,0.944572848380081,0.842000332212074,0.8875,0.7675
344,"index",0.4,0.843649464447711,0.227133942147902,0.901708538521531,0.316099470091532,0.855,0.2075
345,"index",0.4,0.517839420510462,0.890399818771459,0.665401521235622,0.920965077030624,0.51,0.895
346,"index",0.4,0.903811825382211,0.398366110589456,0.946377677506634,0.5032825936445,0.885,0.355
347,"index",0.4,0.674775642983213,0.653687705233867,0.782661755818113,0.721650852109342,0.7175,0.6575
348,"index",0.4,0.262649650672979,0.660171023701281,0.400017100777054,0.734966738078619,0.2125,0.675
349,"index",0.4,0.409315554420037,0.64678212851847,0.546878804915477,0.710536750904103,0.4625,0.685
350,"index",0.4,0.411082036214074,0.630220240404456,0.554302870700926,0.70661115783123,0.415,0.59
351,"index",0.4,0.600681621670837,0.370989924890902,0.707149742579503,0.453294645182411,0.595,0.34
352,"index",0.4,0.410973757505717,0.692074951144673,0.5509690927462,0.768271654897429,0.455,0.6675
353,"index",0.4,0.324199116889764,0.624466041320694,0.471161436011923,0.706784626069385,0.3275,0.63
354,"index",0.4,0.248706483607481,0.671502317190175,0.412728219314903,0.744566140573881,0.2675,0.68
355,"index",0.4,0.922162723160575,0.789351178496492,0.96005351215131,0.842623989185632,0.9375,0.7925
356,"index",0.4,0.972244069778938,0.957678774375198,0.985871946818853,0.971588766878881,0.985,0.955
357,"index",0.4,0.832182276749988,0.97776908404728,0.889802111382709,0.984470913061278,0.8025,0.9825
358,"index",0.4,0.270639897744485,0.447553729248786,0.394184281492351,0.526307436585093,0.295,0.445
359,"index",0.4,0.502356534675831,0.0324254786626049,0.644667707348099,0.0710692170582328,0.505,0.0375
360,"index",0.4,0.0549517305942052,0.0579905918686,0.121461811152709,0.110533398287659,0.055,0.0525
361,"index",0.4,0.443202476844042,0.96950564004374,0.569138925939036,0.977646526576333,0.47,0.9675
362,"index",0.4,0.416019961062763,0.116847808206748,0.546583579104398,0.182234827226491,0.4425,0.1325
363,"index",0.4,0.297024771412322,0.315289708973209,0.438734567377083,0.427023614070722,0.33,0.3025
364,"index",0.4,0.396910399960943,0.51256346797222,0.562414155247687,0.608536082027413,0.39,0.495
365,"index",0.4,0.435441759915915,0.224831849487428,0.60099172825931,0.334617824029758,0.45,0.195
366,"index",0.4,0.114652390541499,0.499325842996786,0.213041113405329,0.58700308652091,0.11,0.4875
367,"index",0.4,0.870784819326808,0.26912689773464,0.916432798208429,0.358795335034509,0.875,0.255
368,"index",0.4,0.555228522627412,0.807446729927907,0.697861808985924,0.851362095234183,0.5825,0.8225
369,"index",0.4,0.34426012177546,0.844472764899248,0.489789924720574,0.882089934550802,0.3025,0.845
370,"index",0.4,0.364548950458417,0.149306959317784,0.518557967204619,0.229004327812599,0.3875,0.15
371,"index",0.4,0.777598408121221,0.452793309622125,0.869141411199564,0.562702425070887,0.795,0.485
372,"index",0.4,0.942089534931117,0.543883955600676,0.967794941520214,0.628334037309318,0.9625,0.53
373,"index",0.4,0.800378718690406,0.560180509306332,0.893061116807866,0.671594137643994,0.795,0.5625
374,"index",0.4,0.698899483406392,0.651327422165651,0.797235517345317,0.719469701151293,0.7075,0.655
375,"index",0.4,0.12485451719829,0.680207343645351,0.219082982185584,0.742726922137158,0.135,0.6925
376,"index",0.4,0.343023249760951,0.225181377367532,0.487604602857849,0.32019926916879,0.375,0.24
377,"index",0.4,0.857578131612322,0.665531963508677,0.91573572993118,0.731407528468855,0.8625,0.6825
378,"index",0.4,0.0233895324617648,0.10497504388016,0.0568297008486065,0.183542694121796,0.0175,0.115
379,"index",0.4,0.858832887455511,0.806284250189638,0.920550616785006,0.856841949586442,0.8725,0.825
380,"index",0.4,0.643481860912538,0.972460687822775,0.761877010173268,0.980716984331148,0.6975,0.9575
381,"index",0.4,0.496959030855072,0.137017146144813,0.617208870280093,0.209213683761048,0.5475,0.14
382,"index",0.4,0.265553586830568,0.0834090749398817,0.412197316251202,0.149155600317526,0.3125,0.06
383,"index",0.4,0.315395456529968,0.462469047982715,0.425402057060765,0.532932912581324,0.3025,0.39
384,"index",0.4,0.862924944525836,0.664217266089709,0.917800027981214,0.743404039191818,0.8725,0.6725
385,"index",0.4,0.170750109568616,0.283926575577818,0.290665699106458,0.376025104443971,0.1525,0.2875
386,"index",0.4,0.507924479182516,0.542691386839428,0.682085705948097,0.654568782793889,0.56,0.575
387,"index",0.4,0.258652170261685,0.972732608951628,0.424588056609614,0.982010815862942,0.2825,0.9725
388,"index",0.4,0.846763458712075,0.501960327214864,0.912816564194396,0.597812091635318,0.8675,0.48
389,"index",0.4,0.65686396966157,0.441116314135292,0.780528609677907,0.533103347801984,0.6825,0.42
390,"index",0.4,0.0873365406889004,0.33544186272833,0.169582634957458,0.429036413126803,0.06,0.35
391,"index",0.4,0.620570971400639,0.873498520175752,0.743164641390316,0.908588399440635,0.665,0.9
392,"index",0.4,0.199587762615735,0.729711650433847,0.325676940270873,0.78510947726145,0.2025,0.7475
393,"index",0.4,0.575465702054496,0.406948246332358,0.715544427399686,0.513255170275624,0.56,0.38
394,"index",0.4,0.942699806103459,0.824879891401017,0.965700753799925,0.864839446367803,0.9475,0.82
395,"index",0.4,0.694390004296375,0.548381588680923,0.787402684199531,0.62838180787545,0.725,0.5475
396,"index",0.4,0.434543091375384,0.717329131296784,0.56955716813836,0.773457754722824,0.4775,0.7175
397,"index",0.4,0.861276734514885,0.182234426111477,0.914490032221278,0.279774022313354,0.8575,0.2275
398,"index",0.4,0.848893105734862,0.652848774079566,0.903272413443055,0.72209935261658,0.8525,0.6325
399,"index",0.4,0.690526240223704,0.82126504824525,0.790604279246752,0.866836944560888,0.7475,0.8375
400,"index",0.4,0.926094475872785,0.564252793286797,0.958382006178707,0.651306885720841,0.915,0.565
401,"index",0.4,0.890299599066876,0.821628281235644,0.928435971848081,0.86151180521252,0.9075,0.85
402,"index",0.4,0.54514509442825,0.319492898982461,0.675740636687725,0.418891469528586,0.5425,0.315
403,"index",0.4,0.672483886843934,0.510620212748632,0.771944003882594,0.600757937088788,0.65,0.5175
404,"index",0.4,0.831932205417564,0.833859178439405,0.887935955758578,0.870982101955343,0.8525,0.8375
405,"index",0.4,0.837285975195944,0.969644926266595,0.911147023587792,0.980446313766952,0.825,0.975
406,"index",0.4,0.357682069584047,0.631463678758741,0.51869902454974,0.715876262016953,0.375,0.59
407,"index",0.4,0.923950005806119,0.660736448892053,0.95883412563964,0.739169110620538,0.9325,0.6375
408,"index",0.4,0.925210884094203,0.983660589157293,0.957321023876393,0.989140207559844,0.91,0.9675
409,"index",0.4,0.560571427649944,0.225835290806434,0.680259292479492,0.330215255228726,0.5725,0.2175
410,"index",0.4,0.335046382172416,0.280687210708983,0.453026217004583,0.360831994095598,0.3525,0.29
411,"index",0.4,0.794950538692901,0.861534379219548,0.873774624628714,0.896523178125966,0.805,0.8425
412,"index",0.4,0.547606486622906,0.307697274717851,0.680241149653233,0.416405813251823,0.5675,0.325
413,"index",0.4,0.832502915760582,0.779962379237693,0.895705667497776,0.827312053603469,0.8075,0.8
414,"index",0.4,0.157180741691763,0.450279995140696,0.256322500280087,0.532574964246913,0.185,0.455
415,"index",0.4,0.180820078835365,0.991283868012736,0.319989810556461,0.994281115149832,0.1675,0.99
416,"index",0.4,0.138153982069848,0.0506882380938691,0.236772353949369,0.104031800669976,0.13,0.0675
417,"index",0.4,0.467891618770453,0.195891998279538,0.591127873034879,0.28004737010729,0.4675,0.1975
418,"index",0.4,0.83332458081556,0.872477994778429,0.898205724603477,0.907782756301546,0.825,0.87
419,"index",0.4,0.142800887866985,0.22242022020541,0.264452764938661,0.334068023708942,0.175,0.24
420,"index",0.4,0.894714762624882,0.481262852243567,0.942764982731736,0.589829738079227,0.9,0.5075
421,"index",0.4,0.0483481169904423,0.645388039189735,0.115177176181214,0.719766745860259,0.0425,0.6625
422,"index",0.4,0.681841835070989,0.583709677538939,0.782908997436437,0.663008885513725,0.67,0.605
423,"index",0.4,0.496135780713131,0.843119854154512,0.640656051169896,0.886095454390612,0.5425,0.85
424,"index",0.4,0.931795333200051,0.953363020179767,0.96567985288525,0.97063666781786,0.945,0.975
425,"index",0.4,0.195329392625345,0.461679153163482,0.340658094677063,0.567356344319167,0.2,0.455
426,"index",0.4,0.436223333907886,0.767944215354524,0.573957074625212,0.82172755063045,0.4325,0.7325
427,"index",0.4,0.22952209961776,0.750167366645936,0.398304007963135,0.819034179648627,0.24,0.775
428,"index",0.4,0.591111884045831,0.233861283872207,0.720923497477887,0.331089644855993,0.625,0.2375
429,"index",0.4,0.381466054099937,0.298674553398037,0.526818730211599,0.402394310182413,0.43,0.2875
430,"index",0.4,0.679166048287213,0.803436950797021,0.784510095059168,0.84681053523771,0.66,0.8075
431,"index",0.4,0.121974571847148,0.726963986787308,0.242430758001376,0.793040312877984,0.1175,0.75
432,"index",0.4,0.12331497385122,0.0440126191491571,0.250623765397937,0.0910453975484514,0.1275,0.0475
433,"index",0.4,0.499223673656998,0.284796147688559,0.62959456007589,0.377066381138181,0.5075,0.2625
434,"index",0.4,0.795978072093532,0.591849309099119,0.872497677404505,0.666517906633037,0.8025,0.5775
435,"index",0.4,0.670481012448347,0.32162381752679,0.782215180201465,0.418744243032557,0.66,0.315
436,"index",0.4,0.870148956250292,0.51556098771828,0.91859461421999,0.608027744876275,0.855,0.4925
437,"index",0.4,0.763024698247131,0.782536785077777,0.853043415067658,0.829361013202163,0.755,0.78
438,"index",0.4,0.334929242541428,0.791588898032935,0.491537659316855,0.841860466953708,0.335,0.785
439,"index",0.4,0.722909016551996,0.303472771657506,0.825522983160449,0.407209355216243,0.765,0.27
440,"index",0.4,0.534212824738455,0.58736407964074,0.681848653384368,0.683941306142167,0.5825,0.6125
441,"index",0.4,0.0408688742857101,0.466586779843826,0.0904521512600716,0.561981896175312,0.025,0.4625
442,"index",0.4,0.999467777016289,0.991437490084558,0.999767342480549,0.994619174000917,0.9975,0.99
443,"index",0.4,0.0481609094647137,0.355495473961019,0.110731645770205,0.451813719151584,0.0625,0.3525
444,"index",0.4,0.437011224866363,0.0704863216513261,0.564365859788319,0.123944701679645,0.4525,0.0725
445,"index",0.4,0.691752712530653,0.82395777333643,0.797340326003131,0.865475928688995,0.67,0.81
446,"index",0.4,0.943086557739554,0.546865898354924,0.970158988407692,0.640747009128304,0.9625,0.615
447,"index",0.4,0.386619215101664,0.404626294942477,0.533457616623814,0.50543534937646,0.35,0.395
448,"index",0.4,0.299574702034837,0.592295771863374,0.444169012442427,0.670662507282415,0.345,0.59
449,"index",0.4,0.317239643075951,0.70624956468101,0.460317513810627,0.768833012388102,0.3275,0.6925
450,"index",0.4,0.0192590354094575,0.722177137439404,0.0534140377655182,0.788857653112415,0.01,0.71
451,"index",0.4,0.657925712789011,0.473505590128575,0.78710837373207,0.574704997178894,0.69,0.4825
452,"index",0.4,0.504619938327812,0.178192445139057,0.648159341146704,0.265618561758433,0.5,0.2
453,"index",0.4,0.47283994189045,0.236405619738745,0.612464759193828,0.33660277791544,0.4725,0.265
454,"index",0.4,0.319815430061346,0.371627433566672,0.478890514187936,0.474598495587594,0.2875,0.3825
455,"index",0.4,0.425130527316574,0.582978880296883,0.562662501997473,0.666441590678748,0.4575,0.5875
456,"index",0.4,0.308570389943867,0.0797899370932617,0.426968892875361,0.131349238449166,0.34,0.09
457,"index",0.4,0.240172568842748,0.0742482815984312,0.387373511744746,0.143716165086904,0.24,0.095
458,"index",0.4,0.885165830139471,0.592933811921379,0.930650429621506,0.678287581824044,0.8875,0.5975
459,"index",0.4,0.072466324268583,0.422879872183142,0.145593101381445,0.512506680221853,0.095,0.3925
460,"index",0.4,0.398354779403332,0.190630900441126,0.550580937535689,0.279606306318112,0.3975,0.225
461,"index",0.4,0.290967957762023,0.0587536143440308,0.437700871163408,0.111205064984886,0.2975,0.0625
462,"index",0.4,0.375818911249171,0.380166237434186,0.516308323115869,0.470129577064461,0.3875,0.3925
463,"index",0.4,0.608192511115692,0.324977315969949,0.71990535741599,0.427100411273848,0.6,0.315
464,"index",0.4,0.500691002729669,0.882036647212136,0.639838639528691,0.917735893722999,0.5675,0.86
465,"index",0.4,0.0415555821489207,0.0257170821433779,0.101205122268565,0.0610980784866557,0.0475,0.0425
466,"index",0.4,0.599170487112814,0.378982074801366,0.725521872858149,0.478852826233949,0.65,0.385
467,"index",0.4,0.593698194336528,0.714843185627063,0.714115521621711,0.778622120403551,0.5375,0.695
468,"index",0.4,0.424369460357455,0.928584239397851,0.565788021084341,0.946864480846018,0.4425,0.94
469,"index",0.4,0.0918705073379695,0.0734507499838514,0.194116008166045,0.138157470561447,0.1025,0.075
470,"index",0.4,0.00956243388759059,0.523083310985282,0.0270515543833044,0.605012092455729,0.0075,0.5025
471,"index",0.4,0.713049809193846,0.953119302274724,0.819199165735498,0.968515784862672,0.77,0.955
472,"index",0.4,0.314875873505557,0.202644825579025,0.459008555665208,0.297475285603684,0.3675,0.1675
473,"index",0.4,0.270318972650735,0.428180447279674,0.423814085672787,0.522929193678641,0.25,0.41
474,"index",0.4,0.0858819683706745,0.00858916873380411,0.161299752490971,0.0239134561890662,0.095,0.01
475,"index",0.4,0.676301770962799,0.983007833766142,0.783292933226132,0.988394112834269,0.68,0.98
476,"index",0.4,0.0583656593043568,0.30174227820875,0.151878119438964,0.42942136549448,0.0525,0.295
477,"index",0.4,0.635686532102606,0.779997755765803,0.752735458191051,0.831455710355959,0.6525,0.775
478,"index",0.4,0.47400320462767,0.565266915482765,0.625628749272988,0.652336147360217,0.475,0.575
479,"index",0.4,0.216006418469741,0.035128362869733,0.379213261062048,0.0868786043859848,0.2475,0.0425
480,"index",0.4,0.00933774843536761,0.0299497199585345,0.0338570757419484,0.0748470106166985,0.0175,0.0475
481,"index",0.4,0.416186757260545,0.755059195500753,0.589018591326064,0.823303249973269,0.47,0.745
482,"index",0.4,0.0525868119782567,0.540830214757031,0.118585369925644,0.623236118795058,0.055,0.535
483,"index",0.4,0.0600048183323824,0.298513332178373,0.138818476874116,0.402542577691035,0.0675,0.28
484,"index",0.4,0.431283360061411,0.284573780991576,0.575077773703872,0.384243523303901,0.46,0.3275
485,"index",0.4,0.82085867640888,0.5552057753325,0.881808698501782,0.632407448804553,0.7925,0.58
486,"index",0.4,0.914277345020717,0.326861881062134,0.952350982763971,0.439509781682361,0.91,0.29
487,"index",0.4,0.900005347467486,0.923810773225344,0.938789837765426,0.944645689182507,0.9125,0.92
488,"index",0.4,0.985926357466125,0.929050322724372,0.993002611696674,0.94919928981391,0.9925,0.9175
489,"index",0.4,0.286842989611454,0.136317634477112,0.402141205165019,0.205225229028046,0.3475,0.175
490,"index",0.4,0.772664912964901,0.586950892721932,0.849010208503697,0.666208057661085,0.8,0.6025
491,"index",0.4,0.655573499296635,0.728109113775609,0.758447333475077,0.786375023492695,0.6525,0.725
492,"index",0.4,0.633734096086171,0.251478450100147,0.755809875203032,0.34847480080347,0.6625,0.2575
493,"index",0.4,0.684605720270036,0.195825890259796,0.786403865003413,0.286605109128426,0.705,0.165
494,"index",0.4,0.995953562536716,0.814319916193091,0.997941401954268,0.857737128621863,0.995,0.845
495,"index",0.4,0.524853131356902,0.460381633772904,0.651565536079457,0.538767713626212,0.52,0.4425
496,"index",0.4,0.0403116517279387,0.563379376883707,0.102148636938387,0.65400304185919,0.0425,0.5775
497,"index",0.4,0.921844580369718,0.93541982797293,0.955172015542834,0.956654206331601,0.91,0.9375
498,"index",0.4,0.928547534974655,0.622073925437782,0.964438008897701,0.714576965028098,0.9125,0.6325
499,"index",0.4,0.267060322325963,0.679679438478649,0.421087929361166,0.753369950233922,0.29,0.6775
500,"index",0.4,0.827003059255549,0.561764717446421,0.899807648175993,0.654787556861962,0.8025,0.5275
1,"index",0.7,0.525168572615983,0.694409020026865,0.655041512075386,0.757566105829171,0.535,0.6625
2,"index",0.7,0.766125187016358,0.766740852239109,0.837471752619485,0.815639876028647,0.75,0.775
3,"index",0.7,0.918814410507557,0.757625645075421,0.949451344384499,0.804781936115733,0.9225,0.755
4,"index",0.7,0.455410514224219,0.3795631624281,0.614033788676055,0.485680439715964,0.4575,0.3625
5,"index",0.7,0.49419614767108,0.810164855532673,0.613747357068967,0.852532141237737,0.4725,0.795
6,"index",0.7,0.91547392843881,0.764285405058394,0.949835443767035,0.815392749300007,0.9175,0.7675
7,"index",0.7,0.104677640163943,0.785981838834879,0.188357795020137,0.831546646069833,0.115,0.775
8,"index",0.7,0.269482836567606,0.549348251078129,0.407987987000827,0.631732090752062,0.27,0.5775
9,"index",0.7,0.835912902432579,0.415336771671714,0.896571789958189,0.518060878629668,0.8375,0.4175
10,"index",0.7,0.567164819894511,0.461174089705943,0.658645496282035,0.524477535619445,0.5625,0.44
11,"index",0.7,0.964351344596179,0.455041394423632,0.977242556453941,0.531401947621744,0.98,0.4925
12,"index",0.7,0.36813523822441,0.0282790565453054,0.484847054103862,0.0583067550983242,0.4025,0.025
13,"index",0.7,0.880598632729663,0.704395388048859,0.916930569023887,0.757092518255271,0.885,0.7025
14,"index",0.7,0.653895292480999,0.966836286960779,0.754264378739639,0.976850789943115,0.685,0.9675
15,"index",0.7,0.101233130367662,0.542229026533355,0.196323307365278,0.629464535170623,0.095,0.545
16,"index",0.7,0.72695280865943,0.322203674783121,0.790420398395102,0.39644912620688,0.74,0.3425
17,"index",0.7,0.120858526897839,0.388258981143074,0.181217677324325,0.450625889463987,0.1125,0.3975
18,"index",0.7,0.726188127064285,0.756701763125476,0.829063157203782,0.810916183978374,0.755,0.7425
19,"index",0.7,0.451398906611474,0.518704343703717,0.577323506624389,0.59453427955581,0.465,0.535
20,"index",0.7,0.946966680259713,0.943336585144402,0.969037459998589,0.960136949350117,0.945,0.9225
21,"index",0.7,0.923325211822997,0.787803625059679,0.954674700729134,0.833804239563511,0.9425,0.7875
22,"index",0.7,0.141806623720808,0.0166396348421534,0.240821456884212,0.0391778583278344,0.13,0.02
23,"index",0.7,0.705284878330755,0.216417333769004,0.794007332231474,0.315652514098288,0.7425,0.26
24,"index",0.7,0.636527863386507,0.541487674515609,0.75360726856608,0.628707709561816,0.6625,0.5075
25,"index",0.7,0.575471404344042,0.567997658628381,0.684027975102447,0.646524112396471,0.5725,0.515
26,"index",0.7,0.830041128163426,0.938007995359815,0.890397212262826,0.954431565400568,0.835,0.96
27,"index",0.7,0.114193675727697,0.123688740909251,0.206502485695308,0.198964003988679,0.1475,0.145
28,"index",0.7,0.324153776800097,0.54166726009901,0.426406651637455,0.61184570858823,0.37,0.5375
29,"index",0.7,0.485112347111364,0.912896017875014,0.600867363765501,0.932851276879462,0.445,0.9
30,"index",0.7,0.633421195368149,0.832732656958554,0.730275321443758,0.868425349683483,0.6425,0.8475
31,"index",0.7,0.34220388331343,0.55538656768893,0.466763039731612,0.628264887844786,0.35,0.5875
32,"index",0.7,0.676301326888077,0.341549280816934,0.769538924001283,0.432861353483267,0.6475,0.285
33,"index",0.7,0.546679078036487,0.93986778410619,0.667763359707851,0.956490158894693,0.5475,0.9325
34,"index",0.7,0.369621579569626,0.527209934495618,0.489369929316816,0.601717514596676,0.34,0.5375
35,"index",0.7,0.0585133651993133,0.516287734297142,0.122067568100627,0.593043739193297,0.06,0.47
36,"index",0.7,0.961324360347279,0.767440985549724,0.9756284008617,0.812798279643141,0.97,0.7475
37,"index",0.7,0.748154006166978,0.911105197982387,0.834361709334055,0.932009493882469,0.755,0.925
38,"index",0.7,0.852665754364224,0.676926944167258,0.909981344923854,0.752600921369576,0.8825,0.7125
39,"index",0.7,0.705144619494449,0.563642855972805,0.775905743592544,0.61810421543957,0.715,0.5425
40,"index",0.7,0.718371489590142,0.658753892522282,0.79311851480961,0.715506458379311,0.755,0.675
41,"index",0.7,0.649631056852419,0.42379422244923,0.765307364224191,0.522622455027444,0.725,0.385
42,"index",0.7,0.222185661327805,0.46293053480739,0.327838075799265,0.543688976401458,0.2125,0.4675
43,"index",0.7,0.421380349515134,0.950984226444203,0.532026578652896,0.963720223684745,0.445,0.9575
44,"index",0.7,0.348522635300691,0.126244365482605,0.467507858221112,0.194095156289917,0.3525,0.14
45,"index",0.7,0.476382084432667,0.928178156915844,0.578623470013414,0.944854288038081,0.5275,0.9325
46,"index",0.7,0.113426659229997,0.093775384486107,0.187638884322321,0.142117147842672,0.13,0.095
47,"index",0.7,0.302688733731569,0.98149041450579,0.409340447328139,0.986841924998567,0.285,0.9825
48,"index",0.7,0.693219191467198,0.735982293564585,0.781613264407206,0.788889190336007,0.675,0.705
49,"index",0.7,0.377799233173506,0.698116950334734,0.49190499251972,0.755814237605105,0.44,0.695
50,"index",0.7,0.633041742046215,0.525060375831707,0.748766397750283,0.611893974485272,0.6575,0.5425
51,"index",0.7,0.306921605453054,0.977277517823513,0.387450942421766,0.982652814373031,0.32,0.9775
52,"index",0.7,0.100397196715956,0.68650598425103,0.176768008717449,0.743953975045022,0.1025,0.635
53,"index",0.7,0.672746592428823,0.952803916081955,0.78726672844506,0.968244800202386,0.71,0.9625
54,"index",0.7,0.142025406411875,0.0654848226697017,0.239519774177154,0.114919902625097,0.15,0.0725
55,"index",0.7,0.825431956223727,0.226827706726299,0.889899943755319,0.318845974216324,0.8025,0.2175
56,"index",0.7,0.984460626373566,0.778328821515749,0.990763968968125,0.820520119480244,0.99,0.76
57,"index",0.7,0.609087417570589,0.38998619433023,0.718025317244145,0.479452544079628,0.625,0.3775
58,"index",0.7,0.372415202923572,0.343054261290884,0.51175805043565,0.427752137571186,0.3625,0.3675
59,"index",0.7,0.959574934339355,0.57270549823263,0.975491385190021,0.647814399693453,0.955,0.5625
60,"index",0.7,0.525104009548228,0.575397981498915,0.634081262088035,0.644804471505386,0.515,0.5775
61,"index",0.7,0.573888900059427,0.208956198831874,0.68299946930264,0.28122698407776,0.5775,0.1775
62,"index",0.7,0.231179832609635,0.264814201634515,0.346915968806294,0.339956240710109,0.1875,0.2175
63,"index",0.7,0.240815196942203,0.494055880496763,0.339587432167356,0.558441230694225,0.245,0.4825
64,"index",0.7,0.52651471327683,0.19275415882044,0.628967554933451,0.253746825307267,0.545,0.21
65,"index",0.7,0.185926240744627,0.0533165210545101,0.322026311637117,0.112646094452418,0.1825,0.0425
66,"index",0.7,0.342507782586853,0.415067031158211,0.495507963554114,0.524006681712734,0.3625,0.4575
67,"index",0.7,0.0273519592529112,0.201377776273739,0.0640066698963863,0.281538985667053,0.0375,0.195
68,"index",0.7,0.659320239245019,0.232310594529308,0.766424536847959,0.32337086521669,0.6525,0.25
69,"index",0.7,0.579880898501175,0.73266882188212,0.677679515052856,0.782039518545366,0.605,0.705
70,"index",0.7,0.513586855370794,0.1424367650213,0.640581040332471,0.219400323745451,0.5075,0.1175
71,"index",0.7,0.990788827725281,0.648890600578543,0.994442117235905,0.704670923462053,0.9925,0.62
72,"index",0.7,0.284869836908402,0.611982187456183,0.41410766597059,0.675877821531933,0.2825,0.595
73,"index",0.7,0.779668033639411,0.546979611544683,0.852218138269439,0.61974777799002,0.805,0.5275
74,"index",0.7,0.323039386797246,0.0625513123133594,0.461608494284328,0.113729675429939,0.3075,0.0475
75,"index",0.7,0.484594438295274,0.531984872286293,0.601229594673071,0.612919040883346,0.5,0.5075
76,"index",0.7,0.726158894880319,0.638078822155557,0.821557177906525,0.709410920888015,0.7325,0.6825
77,"index",0.7,0.94003866376544,0.376478009836561,0.965138413346423,0.482308825090127,0.9475,0.3925
78,"index",0.7,0.916826084112297,0.523775575732548,0.948502043977992,0.599536052490934,0.935,0.52
79,"index",0.7,0.583162374812385,0.788445488060603,0.66797853371047,0.823982133025867,0.59,0.7825
80,"index",0.7,0.313988850210249,0.597829848278508,0.425276143205216,0.660469073631484,0.3625,0.63
81,"index",0.7,0.407839705199067,0.472048657157175,0.573182847508541,0.569032363192426,0.4025,0.45
82,"index",0.7,0.664069103775716,0.66901047110057,0.760466516476347,0.72494720344511,0.66,0.6325
83,"index",0.7,0.969024928215093,0.617393115720019,0.98184640129026,0.69419925912155,0.9775,0.6225
84,"index",0.7,0.599573366240015,0.775977776656145,0.708742269609528,0.819635397433144,0.63,0.7825
85,"index",0.7,0.675583915232954,0.541431799514459,0.761028748612004,0.606005338699021,0.715,0.5375
86,"index",0.7,0.144532225288459,0.690206783063526,0.242906305830574,0.749723425383403,0.1525,0.68
87,"index",0.7,0.879015605923743,0.795057893492622,0.927081604296873,0.841237157080306,0.8825,0.7375
88,"index",0.7,0.295446997554491,0.33870231446709,0.427837267809923,0.428737229737875,0.2775,0.32
89,"index",0.7,0.598477713740525,0.835588673299664,0.694425217099838,0.8703425109826,0.6025,0.8375
90,"index",0.7,0.0023999748275263,0.143887429994098,0.0106318334992763,0.235016964907019,0.0075,0.1575
91,"index",0.7,0.542600878705077,0.618720234945427,0.661099782289312,0.68689463617188,0.5625,0.595
92,"index",0.7,0.259360318150293,0.400014022193391,0.358915664838103,0.478393446467554,0.265,0.4225
93,"index",0.7,0.952461304382674,0.366651676416002,0.9717033855678,0.455419609141985,0.9375,0.3675
94,"index",0.7,0.592560095250389,0.712745064902897,0.687993653224477,0.763615211091178,0.59,0.6725
95,"index",0.7,0.991001697577671,0.947757174844359,0.995573910296106,0.964585789162108,0.9925,0.9325
96,"index",0.7,0.87465596741098,0.863186444143325,0.918794855098102,0.894456553267222,0.845,0.86
97,"index",0.7,0.71639377184467,0.265200863875298,0.776128576631932,0.322593546874776,0.69,0.235
98,"index",0.7,0.0926620432527345,0.0279286070089724,0.171280480385295,0.0611088999702825,0.0875,0.0175
99,"index",0.7,0.421196342738864,0.515383274722436,0.543173207670481,0.602095125059487,0.45,0.5675
100,"index",0.7,0.946825639560385,0.909067946703748,0.96725553214234,0.932070329159589,0.94,0.9275
101,"index",0.7,0.635050111264682,0.579614746811861,0.746259206113787,0.658270226487189,0.6575,0.5925
102,"index",0.7,0.278086956023029,0.219557525578985,0.396002995837506,0.299525937585037,0.3,0.205
103,"index",0.7,0.438282487881976,0.46808919991229,0.565513291590106,0.546353269944544,0.4675,0.4475
104,"index",0.7,0.19389890965062,0.937991927200003,0.345962209668222,0.95841171062273,0.2025,0.9375
105,"index",0.7,0.492694488470198,0.530776632840601,0.605200674033511,0.614091072651378,0.5275,0.47
106,"index",0.7,0.3130532344041,0.312359143729524,0.430348537187557,0.396268957024043,0.32,0.3025
107,"index",0.7,0.630578479094767,0.836359033670253,0.728453796487805,0.87298386290674,0.6125,0.8525
108,"index",0.7,0.191129145498719,0.934008269823252,0.325588272362257,0.954298897489129,0.1675,0.975
109,"index",0.7,0.375685929947587,0.29745051463596,0.510746751426155,0.393944002101234,0.39,0.2925
110,"index",0.7,0.276456782646545,0.0294884375414602,0.388982181605242,0.0596489013209107,0.285,0.04
111,"index",0.7,0.878053940268154,0.368843004868177,0.925184256786657,0.46189230887958,0.8925,0.3875
112,"index",0.7,0.978812911637884,0.77971211699239,0.986787347049515,0.821758159979392,0.975,0.7775
113,"index",0.7,0.357459589790474,0.0697144526029916,0.485136603879284,0.117260817107648,0.345,0.075
114,"index",0.7,0.14675706056546,0.0536848472539116,0.245749287226136,0.0985076033900578,0.1575,0.0575
115,"index",0.7,0.0604565739243551,0.100365557367838,0.122226662632478,0.161656743582643,0.0625,0.1
116,"index",0.7,0.636862127098379,0.889985505007475,0.756594821611798,0.921834742060625,0.6575,0.8775
117,"index",0.7,0.134604182844211,0.0701793684870369,0.215049980812638,0.111020458205332,0.1175,0.0475
118,"index",0.7,0.0565052434368052,0.799756663310989,0.115019146910765,0.843015707719658,0.0475,0.795
119,"index",0.7,0.108502245759903,0.00379234956486185,0.215932817800247,0.0149391349624916,0.145,0.01
120,"index",0.7,0.138049033984047,0.166832519209038,0.277462702612368,0.266681064964226,0.1475,0.1975
121,"index",0.7,0.128017296508439,0.497991999326355,0.230394679251918,0.584761614918216,0.125,0.4875
122,"index",0.7,0.0310709260118454,0.0238439817088358,0.0720711614043668,0.0481155013057242,0.045,0.02
123,"index",0.7,0.159519209453389,0.0436852813044445,0.261818399011504,0.0860034643099401,0.1925,0.0625
124,"index",0.7,0.08355905877604,0.236583302518517,0.159539102055339,0.321546844881366,0.0825,0.2325
125,"index",0.7,0.501149871471225,0.0985571498659975,0.631996290166892,0.170312971954624,0.5175,0.0875
126,"index",0.7,0.796801191598977,0.284930643562537,0.868557823790439,0.381613374374158,0.8225,0.295
127,"index",0.7,0.88553946054957,0.270855412932658,0.922691518004861,0.347472229111114,0.87,0.2775
128,"index",0.7,0.70148061279825,0.880191898548819,0.809604906481788,0.910383812976851,0.7225,0.8875
129,"index",0.7,0.784805176687152,0.292064241617343,0.856388862083015,0.37705261911098,0.81,0.275
130,"index",0.7,0.480809695849793,0.756902560231522,0.606468810574965,0.809023184866235,0.48,0.7775
131,"index",0.7,0.529185022153438,0.387075026489697,0.631081349433987,0.46112508727053,0.53,0.3525
132,"index",0.7,0.153905808170883,0.850691771915294,0.264017620572372,0.883508238802193,0.15,0.8575
133,"index",0.7,0.142561648258597,0.398193945503862,0.259156384156931,0.509801080968169,0.1275,0.365
134,"index",0.7,0.164257718044532,0.654758185851156,0.245840166711134,0.710173772614059,0.1525,0.6225
135,"index",0.7,0.951867144222127,0.938137015669362,0.97350374182576,0.957403280388482,0.9625,0.95
136,"index",0.7,0.786838025725212,0.655614807885838,0.855736225820959,0.712717141675824,0.7925,0.615
137,"index",0.7,0.343011207943255,0.293588653630885,0.491275873204005,0.395380675135451,0.3375,0.3125
138,"index",0.7,0.931063120971937,0.357775495190184,0.955430111530393,0.435092189496447,0.93,0.37
139,"index",0.7,0.505440622105173,0.380672664858402,0.614375277490867,0.46433074158992,0.505,0.395
140,"index",0.7,0.48863607115221,0.971974882142138,0.609282228231756,0.980293134673412,0.505,0.98
141,"index",0.7,0.620629011103194,0.82210498692514,0.721477295348664,0.864292403615976,0.655,0.815
142,"index",0.7,0.185494358784008,0.336356802528561,0.304286915886054,0.436847728419801,0.195,0.3675
143,"index",0.7,0.24309617874547,0.187122063895894,0.371787352871331,0.262679281134212,0.235,0.155
144,"index",0.7,0.10258012999442,0.903874258199503,0.178236080635189,0.926371635693305,0.1275,0.9125
145,"index",0.7,0.129684512371022,0.080523124077361,0.214305990754104,0.122272752262182,0.1525,0.0875
146,"index",0.7,0.153396827181013,0.663090284884716,0.244443657812597,0.725874148325419,0.2,0.655
147,"index",0.7,0.260829882252009,0.618035001330597,0.395144053828215,0.701168952162229,0.2675,0.595
148,"index",0.7,0.849852010610642,0.890983129584809,0.903824015324875,0.919041939544612,0.8675,0.8975
149,"index",0.7,0.6145698833707,0.629461461672943,0.70866751436941,0.691639392246447,0.6,0.61
150,"index",0.7,0.0646138863298698,0.192860594010897,0.113815723292906,0.261340187661937,0.0575,0.1725
151,"index",0.7,0.452186685959493,0.953089809542952,0.571999508120942,0.966501626814976,0.45,0.9375
152,"index",0.7,0.224066394686994,0.068651268781726,0.355125338424004,0.122998019503083,0.2075,0.055
153,"index",0.7,0.0707691607795873,0.895878828430116,0.123991940955583,0.916939436811211,0.0925,0.895
154,"index",0.7,0.242296098654111,0.1121833723539,0.366239925513546,0.188620595361136,0.23,0.12
155,"index",0.7,0.417724585843694,0.431192853777759,0.545676445491281,0.513658385900807,0.425,0.385
156,"index",0.7,0.246447393180727,0.755958119001031,0.359052214359122,0.802691330742772,0.2775,0.75
157,"index",0.7,0.534368505628866,0.300610718809658,0.66234746347274,0.39323197232313,0.5325,0.325
158,"index",0.7,0.230073485945069,0.233449115961745,0.331085649101382,0.31007220945982,0.2675,0.25
159,"index",0.7,0.166941738774023,0.0561712072968121,0.276399153337651,0.105981991780943,0.1825,0.06
160,"index",0.7,0.835425778237046,0.873996389404741,0.894790521387171,0.900419090768464,0.835,0.89
161,"index",0.7,0.218183620753826,0.871730864605166,0.355116974471808,0.907693558609917,0.21,0.8925
162,"index",0.7,0.980042885037179,0.587759894254171,0.988262578891562,0.649651175498256,0.97,0.585
163,"index",0.7,0.199610706040869,0.290809088806509,0.302392564908764,0.382169602419336,0.22,0.3175
164,"index",0.7,0.343303137936416,0.271523945577707,0.481226806238291,0.379069301137184,0.345,0.2775
165,"index",0.7,0.0562191373487462,0.204036797572876,0.118920422130778,0.294978129875288,0.0525,0.215
166,"index",0.7,0.67475318333189,0.244506075879853,0.76356001297834,0.321180385916582,0.715,0.2875
167,"index",0.7,0.145443663806881,0.220554290332736,0.236008527114914,0.293626485312586,0.1425,0.1975
168,"index",0.7,0.947285557084108,0.985877758995316,0.966200679093234,0.989930278481016,0.945,0.9875
169,"index",0.7,0.49446960975338,0.394062325439963,0.59979922597714,0.471789503653853,0.4975,0.3525
170,"index",0.7,0.955864859679468,0.842393500225598,0.973988688677889,0.87826076209105,0.955,0.8125
171,"index",0.7,0.277890537860706,0.107694831164818,0.403216640706934,0.176163726677228,0.285,0.1025
172,"index",0.7,0.0148736360566086,0.44260514064361,0.0348536211395545,0.513303863372464,0.0125,0.45
173,"index",0.7,0.271989951910761,0.1262741469655,0.383207830040287,0.183375029089485,0.2925,0.1075
174,"index",0.7,0.485798872997323,0.181529612291163,0.603460236884539,0.254249206765983,0.52,0.1725
175,"index",0.7,0.0940040481856187,0.318568028937132,0.152717126780248,0.3826111061637,0.0875,0.315
176,"index",0.7,0.157469758392761,0.874775621018465,0.263699692554633,0.907634837495236,0.16,0.8625
177,"index",0.7,0.179329931429315,0.0549903406652564,0.282903540647346,0.0953168229263995,0.1625,0.0425
178,"index",0.7,0.802325843119995,0.474948173917556,0.858416431172532,0.541251377649231,0.7775,0.4675
179,"index",0.7,0.294639909193248,0.309333273908691,0.41436071185493,0.391744181762308,0.295,0.2625
180,"index",0.7,0.926367652220462,0.818617791747916,0.949883641350894,0.852712775186844,0.91,0.805
181,"index",0.7,0.592652855830589,0.413647161433799,0.715101500923735,0.511010803068134,0.61,0.43
182,"index",0.7,0.795994122779654,0.732462901067481,0.851002105660368,0.778726766162521,0.815,0.725
183,"index",0.7,0.576893970552625,0.335090463299414,0.686850304397726,0.423279894363653,0.6,0.3325
184,"index",0.7,0.656887439944866,0.617529174879805,0.763984516598087,0.69063507006182,0.6875,0.64
185,"index",0.7,0.636143561366171,0.119503774901289,0.748540455235173,0.198377920180772,0.645,0.0825
186,"index",0.7,0.626062152481108,0.921233785889259,0.729809012462781,0.941768945477387,0.61,0.9375
187,"index",0.7,0.822472360493951,0.683275672327775,0.885324188662272,0.754274088013166,0.8325,0.6775
188,"index",0.7,0.436387008515839,0.854131059610473,0.566953219893958,0.888158832397761,0.4625,0.8475
189,"index",0.7,0.217443423880681,0.224690083188755,0.348545379909594,0.318058550262359,0.205,0.245
190,"index",0.7,0.825503358613088,0.211653342485453,0.888251609947599,0.297816179403395,0.82,0.1775
191,"index",0.7,0.259025442064214,0.681323408063226,0.392807017790326,0.747977296470394,0.2925,0.6525
192,"index",0.7,0.851185433070677,0.853346231113233,0.903263617002302,0.888048894932214,0.8475,0.82
193,"index",0.7,0.886984524030445,0.903417594425943,0.926726625798663,0.926758865638835,0.885,0.9025
194,"index",0.7,0.393171066901956,0.367088336481479,0.517658818664518,0.451642317919841,0.39,0.3
195,"index",0.7,0.363463397227319,0.517904356993611,0.510141416302697,0.612058072950456,0.335,0.4825
196,"index",0.7,0.451429780151935,0.2374629072995,0.574681714821547,0.317169871040282,0.475,0.2225
197,"index",0.7,0.123066414984702,0.281030967439251,0.203240244997253,0.364745453743379,0.16,0.29
198,"index",0.7,0.117216698821589,0.648935595364005,0.182380893981693,0.703699239433252,0.1425,0.625
199,"index",0.7,0.109318070102214,0.25412216551815,0.176189132086404,0.33103367743757,0.125,0.29
200,"index",0.7,0.0621659543526731,0.399321779473969,0.111803069375345,0.477365869599134,0.07,0.435
201,"index",0.7,0.175413034560799,0.156416454139432,0.277851646304452,0.226776261512057,0.22,0.17
202,"index",0.7,0.700693559723521,0.693359106910764,0.783804586674703,0.75351924129654,0.7125,0.72
203,"index",0.7,0.578273039581099,0.945584815428567,0.686949487042835,0.961368783992975,0.575,0.935
204,"index",0.7,0.428779675048191,0.446123698643299,0.559605424641248,0.541728589902477,0.45,0.4425
205,"index",0.7,0.949332444487827,0.507768516867661,0.968933726541164,0.589105182202001,0.9425,0.5075
206,"index",0.7,0.0956215829080675,0.303758385648419,0.180616415611628,0.393681114014852,0.105,0.295
207,"index",0.7,0.114558508108212,0.100462299848346,0.201155441815289,0.162396984170209,0.1075,0.1175
208,"index",0.7,0.932671999096185,0.878950720741466,0.963824419737594,0.915074885854077,0.925,0.8775
209,"index",0.7,0.0162626940504159,0.633128960215926,0.0449402616449481,0.693312135036165,0.02,0.5925
210,"index",0.7,0.759029142256146,0.33530888045258,0.841270996022875,0.422401222561133,0.785,0.315
211,"index",0.7,0.666221118212657,0.54332278388928,0.764367619745794,0.622638447689606,0.66,0.5125
212,"index",0.7,0.736985664009586,0.781504408662148,0.807401054420915,0.820795421742172,0.75,0.795
213,"index",0.7,0.0177777806832033,0.00499593385557062,0.0366151114484583,0.0128752484615819,0.02,0.0075
214,"index",0.7,0.932632152572476,0.722572996298366,0.954061959933567,0.771837115070844,0.94,0.72
215,"index",0.7,0.749790527694908,0.536165815020825,0.814397609083486,0.600365754530318,0.7125,0.53
216,"index",0.7,0.590058869344352,0.465969323155688,0.704493987495924,0.553516574089291,0.605,0.475
217,"index",0.7,0.911787691257041,0.840877689238365,0.946643316186289,0.880878507697281,0.955,0.84
218,"index",0.7,0.211834238942552,0.43338525888329,0.322791401532181,0.512378888479716,0.2425,0.4375
219,"index",0.7,0.19833282674883,0.488381044054276,0.296915481988511,0.56460566919863,0.22,0.4825
220,"index",0.7,0.963284349270627,0.772896969130259,0.980671519405082,0.824717211380345,0.98,0.78
221,"index",0.7,0.652664178509778,0.211990401396887,0.750140631147091,0.293666305734371,0.68,0.215
222,"index",0.7,0.185584677171635,0.933172288383975,0.290615096114833,0.95171877311532,0.2075,0.9425
223,"index",0.7,0.728130331664618,0.57250081155606,0.811070628325843,0.656250787391375,0.785,0.57
224,"index",0.7,0.717099275305862,0.706835057107116,0.800925894008082,0.765701928286237,0.7175,0.755
225,"index",0.7,0.742954884371136,0.673477684691,0.828185812721533,0.742288297277625,0.755,0.6525
226,"index",0.7,0.740951205252644,0.511949458422423,0.806577678541035,0.578554740829028,0.745,0.51
227,"index",0.7,0.557022801445886,0.512864498997712,0.664429205333114,0.590183421461936,0.5825,0.505
228,"index",0.7,0.403405574725989,0.9174523409524,0.521489435207856,0.935698748162718,0.435,0.9075
229,"index",0.7,0.644991900263077,0.244391818618519,0.752062728638757,0.333198067888605,0.6675,0.2825
230,"index",0.7,0.862699258678829,0.659607587103032,0.912042435034846,0.724547495811575,0.895,0.6675
231,"index",0.7,0.674869588594714,0.762021294491062,0.734690593485553,0.796753828389854,0.7175,0.7975
232,"index",0.7,0.654128847419298,0.366531857316342,0.751172917281362,0.457326608038373,0.6225,0.3325
233,"index",0.7,0.296213979917584,0.0705865579956548,0.424621801524091,0.121963147732358,0.305,0.08
234,"index",0.7,0.64571869552952,0.361477050735517,0.748360884979314,0.451889365127383,0.7125,0.3825
235,"index",0.7,0.590231252209427,0.136662380436306,0.691906251302934,0.20000977489733,0.62,0.11
236,"index",0.7,0.298892560620539,0.148781669230948,0.425039590955324,0.230580737043463,0.3125,0.14
237,"index",0.7,0.155132885814797,0.237266773206667,0.275636971808764,0.331220854126923,0.1775,0.2375
238,"index",0.7,0.845210589032376,0.606580852135651,0.888493527075698,0.6585727090911,0.85,0.6175
239,"index",0.7,0.761621570273592,0.525472293287645,0.840060245487665,0.617377931418039,0.785,0.55
240,"index",0.7,0.602606527561224,0.986441971622572,0.734299590971101,0.991439919347723,0.5875,0.9725
241,"index",0.7,0.608806833458381,0.455293672961553,0.696142063108623,0.519112096737796,0.58,0.4325
242,"index",0.7,0.688207963867128,0.599080466712891,0.783794555980045,0.669997883089208,0.7125,0.5925
243,"index",0.7,0.0323121886982434,0.416559105297477,0.0768330846918568,0.502968522519623,0.04,0.41
244,"index",0.7,0.75447899170448,0.915857790249245,0.833610895046797,0.938868796355379,0.73,0.905
245,"index",0.7,0.929433550765471,0.689741187476336,0.958375993032926,0.753223780856189,0.935,0.6925
246,"index",0.7,0.114827333166025,0.482181445975935,0.190181416862228,0.551409368684461,0.1325,0.4425
247,"index",0.7,0.355100958575905,0.173783265910183,0.471108370344139,0.230864991454424,0.37,0.175
248,"index",0.7,0.754314433887006,0.120807140492253,0.83643444546742,0.192642349103214,0.7775,0.1125
249,"index",0.7,0.352151286724486,0.577132683009301,0.4762244399505,0.660047809025397,0.34,0.55
250,"index",0.7,0.803547326994423,0.600290643395185,0.871096083967155,0.673387767577852,0.8275,0.595
251,"index",0.7,0.39929830322683,0.515908673445211,0.535677104563902,0.590231718270741,0.3925,0.52
252,"index",0.7,0.640309618608724,0.567500412331555,0.754284360904445,0.646571108102794,0.6475,0.58
253,"index",0.7,0.848160135140212,0.691672007679669,0.906743671248582,0.757326228823944,0.87,0.715
254,"index",0.7,0.600747799764249,0.387412456817556,0.712209126698861,0.487283981660413,0.6025,0.3625
255,"index",0.7,0.198327392999171,0.0559971153104093,0.317490485280723,0.100084460418282,0.22,0.0575
256,"index",0.7,0.3761909526577,0.448114845265691,0.499347597380266,0.531272083075879,0.3825,0.42
257,"index",0.7,0.156087392622882,0.169952577179941,0.263215276535829,0.244441402232267,0.145,0.14
258,"index",0.7,0.690320641104309,0.883746331632941,0.793855193041392,0.916102159233037,0.69,0.8725
259,"index",0.7,0.0603383963603402,0.761449357638856,0.123591491698176,0.813205046617017,0.0575,0.7375
260,"index",0.7,0.211103403539256,0.341789072524192,0.312335960127,0.421612846420637,0.2175,0.375
261,"index",0.7,0.84040327338341,0.490914448388468,0.890620320173362,0.573756860362731,0.8575,0.485
262,"index",0.7,0.726008995102335,0.470285240806433,0.822645400832946,0.57611048467721,0.7325,0.4325
263,"index",0.7,0.690035851909547,0.707542835135904,0.785660668541801,0.761816945629933,0.6725,0.71
264,"index",0.7,0.4196042210264,0.554635408293996,0.54923260959295,0.628689854723742,0.4,0.5775
265,"index",0.7,0.988886415086255,0.851711502836933,0.994545060717728,0.894958271556553,0.9875,0.865
266,"index",0.7,0.512000959983615,0.65692978758057,0.629867279615169,0.716785308408901,0.505,0.6325
267,"index",0.7,0.808073211925582,0.643649521441245,0.870394178756725,0.714830272156931,0.8125,0.6425
268,"index",0.7,0.863204716844312,0.599959661799803,0.906454146823959,0.67040754446747,0.865,0.615
269,"index",0.7,0.537126435329295,0.282927336266554,0.644628598164204,0.363238893207411,0.575,0.28
270,"index",0.7,0.678637462623895,0.362742718283241,0.778870822243067,0.450676123516138,0.6775,0.355
271,"index",0.7,0.127107939891355,0.375002795834492,0.22689483001019,0.470361392576116,0.13,0.385
272,"index",0.7,0.536846883681449,0.635368142877592,0.654555166337439,0.703607650569697,0.565,0.5975
273,"index",0.7,0.690702040910588,0.463043099618939,0.800053351790163,0.562361077343351,0.6975,0.4325
274,"index",0.7,0.683180189232314,0.290982019762909,0.796758669895778,0.403448874341974,0.6775,0.2875
275,"index",0.7,0.79495811029449,0.974117004200284,0.849257775213456,0.980242137463631,0.81,0.97
276,"index",0.7,0.633700286606785,0.627666314506175,0.734273369139859,0.694293807054534,0.6925,0.67
277,"index",0.7,0.170809692062734,0.921370853270306,0.277687458959926,0.93889662994885,0.1825,0.89
278,"index",0.7,0.330851797284575,0.10225998306299,0.493500069886794,0.174065785724439,0.34,0.1
279,"index",0.7,0.0135152101951587,0.645390919002579,0.040158481524494,0.715085805145818,0.0175,0.64
280,"index",0.7,0.462681966884557,0.563721689966027,0.604721771514315,0.649371553451416,0.4575,0.5125
281,"index",0.7,0.445872078731815,0.790482411033825,0.546809352432707,0.829960215626118,0.4175,0.77
282,"index",0.7,0.753797975640293,0.629528236470154,0.825218319765019,0.685721970762024,0.76,0.645
283,"index",0.7,0.991684401566038,0.537552901015419,0.994817871779454,0.607061770946218,0.995,0.515
284,"index",0.7,0.626896844625369,0.23576577633198,0.720796435741781,0.313794623701491,0.69,0.21
285,"index",0.7,0.83094287062707,0.501616580601656,0.88423699298369,0.578094404131727,0.845,0.4975
286,"index",0.7,0.786270886692806,0.776032153555266,0.862988852474777,0.828879698637133,0.8075,0.7675
287,"index",0.7,0.00625215268374935,0.863056926246676,0.0199039548066773,0.894902177444104,0.01,0.865
288,"index",0.7,0.0133604619084304,0.29124624685066,0.0356330340258401,0.390758654793671,0.02,0.3125
289,"index",0.7,0.145436456751904,0.495706919765164,0.213514779881056,0.562123760418016,0.1775,0.4825
290,"index",0.7,0.350745184715861,0.679453947124823,0.480082725120237,0.738020507510091,0.3825,0.645
291,"index",0.7,0.861950533553282,0.443202652468243,0.911427133039053,0.530633082679331,0.8925,0.4675
292,"index",0.7,0.683798732364638,0.827667177258987,0.778415037235764,0.863657188016348,0.705,0.8275
293,"index",0.7,0.649384451945922,0.82997356298217,0.746723944023804,0.861166874096761,0.6325,0.7925
294,"index",0.7,0.639080181989196,0.176779627100584,0.7341620882302,0.254134107310302,0.6875,0.1825
295,"index",0.7,0.204798257581262,0.421502854618549,0.318055869239931,0.509221265261564,0.2,0.46
296,"index",0.7,0.920630768522838,0.535417314679906,0.952082428521288,0.617485222541847,0.8925,0.5025
297,"index",0.7,0.592212087099575,0.630136149404829,0.700413053496824,0.705297750367745,0.5825,0.65
298,"index",0.7,0.556003872858896,0.6103590264154,0.668062288897578,0.680388912703202,0.5275,0.5825
299,"index",0.7,0.947996747631062,0.915857381329502,0.971487582584873,0.940781970863287,0.965,0.9
300,"index",0.7,0.952788925952045,0.959163486247739,0.972236858050723,0.971854484658625,0.9575,0.9525
301,"index",0.7,0.958988586348459,0.489660780853023,0.978039138560419,0.578762607973939,0.9525,0.505
302,"index",0.7,0.751503190945373,0.935861179031634,0.825116383239843,0.951256909862507,0.77,0.9475
303,"index",0.7,0.877603860262053,0.732884347104768,0.918418847497162,0.78403407778241,0.905,0.75
304,"index",0.7,0.751846168376034,0.676891688977153,0.825926670389326,0.735713280025037,0.77,0.6625
305,"index",0.7,0.513230841283462,0.6351703886454,0.651958390113209,0.72255153714997,0.54,0.615
306,"index",0.7,0.381858762248566,0.347222082605167,0.506562942235088,0.44214518410494,0.3725,0.3725
307,"index",0.7,0.244286247661871,0.125267973631344,0.379442358275463,0.199297226716451,0.285,0.125
308,"index",0.7,0.045783339692682,0.0336596356353307,0.0922971816202218,0.0660431511719926,0.045,0.0275
309,"index",0.7,0.939917184292106,0.866822746200251,0.960179626642751,0.894554271984833,0.9525,0.84
310,"index",0.7,0.152734577971389,0.690836368837255,0.250204718056525,0.748230146615321,0.1175,0.6425
311,"index",0.7,0.460451095794041,0.612530382838909,0.568673982658307,0.681683031843257,0.5125,0.6
312,"index",0.7,0.463058766639124,0.536261094237499,0.588399106271845,0.612604838650833,0.425,0.52
313,"index",0.7,0.463915144833734,0.548191627670383,0.604721388720035,0.637190832694537,0.4125,0.5325
314,"index",0.7,0.731883400294263,0.986396078502133,0.828015825306025,0.990775417529428,0.73,0.99
315,"index",0.7,0.319680994000755,0.10934131710475,0.429891032362494,0.164688796014217,0.3475,0.125
316,"index",0.7,0.936829161866462,0.488189921225647,0.961233484091693,0.569698245498405,0.915,0.4875
317,"index",0.7,0.464828262311302,0.172389551915741,0.552774039876615,0.228043130830707,0.485,0.2075
318,"index",0.7,0.984820564474957,0.990221441711632,0.99225076877601,0.9934903900151,0.99,0.9925
319,"index",0.7,0.0871360757598186,0.956308139917823,0.163284404018285,0.969203331506717,0.105,0.9525
320,"index",0.7,0.658573723160308,0.223288473940505,0.757196450182792,0.299755695083174,0.675,0.2475
321,"index",0.7,0.907697971855421,0.905614771866171,0.94331672398393,0.929285334797906,0.9,0.9
322,"index",0.7,0.219741762669963,0.172642665515501,0.331295086184526,0.247781323757379,0.2275,0.155
323,"index",0.7,0.873885038173086,0.839625266393898,0.919844683179648,0.880892877573292,0.88,0.8275
324,"index",0.7,0.591366721606727,0.0685046021701874,0.689311009238033,0.109793588050146,0.66,0.0675
325,"index",0.7,0.209851063472071,0.310038343489485,0.313355807818285,0.397985443702363,0.2675,0.35
326,"index",0.7,0.970322605617378,0.974718317815751,0.983533185817209,0.98289113568268,0.965,0.9725
327,"index",0.7,0.600414510443514,0.804596967023085,0.691948212180438,0.837646586373099,0.5775,0.8
328,"index",0.7,0.927505099324557,0.516563218542072,0.953159839738204,0.592446742315714,0.9025,0.46
329,"index",0.7,0.754691086415514,0.426198822006554,0.834063545406891,0.508340698983952,0.77,0.4
330,"index",0.7,0.427195011678955,0.698204625981384,0.560784358733557,0.759264619972407,0.3775,0.6875
331,"index",0.7,0.714030370427503,0.554231431891605,0.7801879634521,0.608959109136956,0.76,0.575
332,"index",0.7,0.0767921891781425,0.0702563303561829,0.123796899826841,0.10540063330611,0.0775,0.0625
333,"index",0.7,0.998401804556492,0.88540377722407,0.999146288721445,0.912021506784422,1,0.895
334,"index",0.7,0.178012704950294,0.632657798136622,0.290781322356917,0.70273034083528,0.1675,0.595
335,"index",0.7,0.664374349913303,0.856404160595939,0.762083332502445,0.887128293328038,0.705,0.8975
336,"index",0.7,0.429665237238217,0.582583997093948,0.558609544593021,0.660491271995415,0.395,0.6025
337,"index",0.7,0.0128011708930725,0.0653097052229028,0.030498273176955,0.102004405267789,0.01,0.0625
338,"index",0.7,0.291807137701092,0.805230656433374,0.422043982744243,0.849284835010817,0.32,0.8275
339,"index",0.7,0.339506873410238,0.403758524825472,0.497206794236376,0.499259197715681,0.335,0.405
340,"index",0.7,0.00087126661725867,0.172904804426937,0.00252061788136693,0.22109892291599,0.005,0.1675
341,"index",0.7,0.583774673173143,0.521201327975523,0.69998174574453,0.610816846863115,0.595,0.515
342,"index",0.7,0.925799585573892,0.678347421830843,0.955203748092106,0.738182098948482,0.9375,0.67
343,"index",0.7,0.787464520790132,0.683721763543637,0.86140366809076,0.746577133963117,0.8025,0.67
344,"index",0.7,0.634666989041666,0.357872009365258,0.72733134961196,0.433308501589164,0.6775,0.385
345,"index",0.7,0.735150700830529,0.943125333710026,0.821502381898429,0.959087393992246,0.7125,0.93
346,"index",0.7,0.160808840170272,0.34680923236044,0.269850428608576,0.441567051663893,0.1425,0.335
347,"index",0.7,0.938894882435337,0.88664959627802,0.962697817411098,0.912895016734181,0.9475,0.88
348,"index",0.7,0.473534217694928,0.396917502499806,0.576373161700651,0.472531462979743,0.45,0.395
349,"index",0.7,0.079394200972684,0.479444379772115,0.146582323070048,0.55376018305179,0.085,0.4525
350,"index",0.7,0.138485823825455,0.605257077233532,0.234406130751907,0.676507255512931,0.1075,0.6
351,"index",0.7,0.432193949843261,0.909597122699453,0.534102564653206,0.926835297104443,0.45,0.885
352,"index",0.7,0.711807166508037,0.417383756843679,0.808555683027018,0.520259986515,0.715,0.4075
353,"index",0.7,0.530996404572157,0.331249835926721,0.639383087811933,0.414399076120364,0.5375,0.3625
354,"index",0.7,0.534151267724442,0.913613282769338,0.671180966829522,0.936726566321707,0.56,0.925
355,"index",0.7,0.156936318654821,0.253579559527234,0.273788064298714,0.341906687651352,0.155,0.2525
356,"index",0.7,0.45448825894759,0.174913613292039,0.580020654229411,0.252285040441238,0.4275,0.18
357,"index",0.7,0.505276997773584,0.455856404876122,0.609781648730248,0.52626285579989,0.49,0.41
358,"index",0.7,0.902677941091115,0.635456831162021,0.934264282587217,0.692277247060574,0.9175,0.615
359,"index",0.7,0.202545185072717,0.0293527462714267,0.313654674735542,0.0601861617153269,0.17,0.035
360,"index",0.7,0.156176127168047,0.0748552318829381,0.238118072287697,0.118855730363232,0.175,0.0625
361,"index",0.7,0.381218442643202,0.591198233660847,0.480801610312312,0.652440637006594,0.42,0.5975
362,"index",0.7,0.520997537136845,0.187480301630214,0.620360601407024,0.250191482258903,0.5175,0.1975
363,"index",0.7,0.889032200449249,0.446469328940843,0.926994256821468,0.532768240509554,0.865,0.4175
364,"index",0.7,0.895738027530794,0.863332655868553,0.93685743069783,0.897394345678576,0.895,0.8725
365,"index",0.7,0.832510833744578,0.24942799936639,0.897161913847559,0.345499898425705,0.845,0.2225
366,"index",0.7,0.410852482171619,0.69092335487637,0.525947414358157,0.742121001317887,0.4225,0.695
367,"index",0.7,0.600494036976685,0.950133320145758,0.690661303995613,0.96225365482421,0.6075,0.95
368,"index",0.7,0.411097460598644,0.560071958232789,0.551356320082969,0.634437258332209,0.4125,0.555
369,"index",0.7,0.303064752039135,0.750651817779374,0.419808947048394,0.796121883588373,0.305,0.725
370,"index",0.7,0.6474390293988,0.181617870555834,0.74529119339948,0.249652703565082,0.68,0.1775
371,"index",0.7,0.482481694875192,0.440205006072011,0.616339071740379,0.527218532363437,0.5175,0.4275
372,"index",0.7,0.819550274231302,0.376843140874957,0.880027037914054,0.459637614505525,0.8425,0.37
373,"index",0.7,0.286221051842172,0.787899758238831,0.431560804385914,0.838818033744006,0.315,0.775
374,"index",0.7,0.215019342819589,0.278774498375592,0.326610481550838,0.363179263716193,0.245,0.2925
375,"index",0.7,0.163874547048175,0.782809646221892,0.247937928156956,0.823704040219655,0.205,0.785
376,"index",0.7,0.371493702882244,0.313285647433217,0.504225185040722,0.407713536477543,0.415,0.305
377,"index",0.7,0.584048774953907,0.508029549485218,0.707997601509793,0.588537637733476,0.6,0.53
378,"index",0.7,0.082927689372663,0.427331610208738,0.147249805815092,0.516295845714577,0.06,0.41
379,"index",0.7,0.205885664499982,0.513720399065676,0.333513586553456,0.597876900888868,0.2375,0.515
380,"index",0.7,0.228997932640971,0.384465812897808,0.335561818879332,0.45554794397782,0.2675,0.35
381,"index",0.7,0.565453034922335,0.576282699861499,0.654569513022671,0.636635949518669,0.5125,0.56
382,"index",0.7,0.0282824560156492,0.0410024634269385,0.069056534223794,0.0783355746682795,0.03,0.045
383,"index",0.7,0.180185765864876,0.386642225415578,0.248445973467494,0.444627124024778,0.1825,0.33
384,"index",0.7,0.384479746797219,0.817578086060722,0.508631647746655,0.857292262581072,0.3925,0.805
385,"index",0.7,0.53965556813082,0.262297176653095,0.662062977640202,0.345650382911231,0.5125,0.2525
386,"index",0.7,0.202565757542387,0.965779519185399,0.340801756874451,0.978078650962947,0.255,0.985
387,"index",0.7,0.158378790333563,0.226901219466886,0.2835754231897,0.319677555929865,0.1575,0.2275
388,"index",0.7,0.453834870068064,0.088481396532226,0.60664488078063,0.155307854551498,0.4375,0.0825
389,"index",0.7,0.553838212715705,0.0968781409796887,0.667954547884603,0.151215012475819,0.56,0.0875
390,"index",0.7,0.471348010268514,0.122345944713328,0.599989736516054,0.191584100260967,0.455,0.1075
391,"index",0.7,0.48860218672832,0.927770436543371,0.602348368977585,0.947000111044639,0.46,0.9275
392,"index",0.7,0.900835192240285,0.748243952847539,0.936967110096305,0.794188084628514,0.9,0.8075
393,"index",0.7,0.5995355636561,0.395456756929799,0.716041833195265,0.486753502287668,0.635,0.3775
394,"index",0.7,0.388317909000316,0.82696931231797,0.505182797356173,0.862058411400649,0.375,0.79
395,"index",0.7,0.226041552997249,0.288923170308093,0.318638178502091,0.362270686179159,0.225,0.275
396,"index",0.7,0.336732219272094,0.0316914042609844,0.448329007465495,0.0578906488033291,0.3,0.0325
397,"index",0.7,0.639395653803282,0.326160647486605,0.734719742742598,0.411902635729749,0.695,0.32
398,"index",0.7,0.787245792682535,0.853824077097354,0.845980228065228,0.882235430218849,0.8075,0.8675
399,"index",0.7,0.737881959160262,0.387496860059038,0.812777150755419,0.476744918540218,0.77,0.37
400,"index",0.7,0.893695925864056,0.965998037754539,0.931848732482431,0.97560817880362,0.8725,0.96
401,"index",0.7,0.561954613251095,0.810879464639269,0.658464311526266,0.850534026837951,0.5475,0.8075
402,"index",0.7,0.564533847810223,0.211598934143134,0.672546895835091,0.291225770522214,0.5125,0.1825
403,"index",0.7,0.216317454189279,0.157776417467197,0.319364558452446,0.234763340369452,0.2075,0.1675
404,"index",0.7,0.534988127817627,0.544178300488462,0.631487287379163,0.610477653810775,0.545,0.54
405,"index",0.7,0.59692535668567,0.130191929025862,0.714087264106315,0.200376556105351,0.61,0.13
406,"index",0.7,0.11966461812454,0.236288206187218,0.203117117839127,0.32227315445665,0.1225,0.2375
407,"index",0.7,0.22868162021506,0.537162850467072,0.345807724221093,0.612918180645305,0.2125,0.4975
408,"index",0.7,0.953825450884198,0.924466897279595,0.971222977343963,0.942630367768799,0.96,0.9375
409,"index",0.7,0.532885738701932,0.530795821910667,0.651052899647805,0.622675306697178,0.5225,0.5225
410,"index",0.7,0.450628385324842,0.475153420795259,0.547141394837971,0.539788174673635,0.4825,0.475
411,"index",0.7,0.687464078534619,0.706526067752979,0.779824931891618,0.759880112606483,0.705,0.7125
412,"index",0.7,0.325052518347795,0.404174057675484,0.441499535063594,0.496616450655414,0.3425,0.4
413,"index",0.7,0.363928384129154,0.372495246745236,0.496960664724596,0.461508261166689,0.3425,0.3525
414,"index",0.7,0.304692498200639,0.553408635729327,0.409282141927831,0.622919794458934,0.335,0.55
415,"index",0.7,0.539424740700173,0.709606276812269,0.658027631377247,0.764953120549229,0.5675,0.7625
416,"index",0.7,0.807799998927977,0.379269270222404,0.86465123840068,0.464046847075175,0.7975,0.3475
417,"index",0.7,0.0790763359394768,0.0537546188131386,0.14459534475751,0.0987675292189585,0.0675,0.0425
418,"index",0.7,0.37588975339935,0.653844674569879,0.510768158430867,0.723859716639269,0.4075,0.6225
419,"index",0.7,0.346381642046641,0.109618567294597,0.479942080715679,0.181850918709335,0.3975,0.115
420,"index",0.7,0.527125482446847,0.303446218886477,0.651877562489907,0.396575006283874,0.5,0.275
421,"index",0.7,0.919161299743645,0.972656343838095,0.951951012323312,0.981247185060914,0.925,0.98
422,"index",0.7,0.783951894891243,0.58745472487776,0.854788925903442,0.657188164878732,0.7825,0.5775
423,"index",0.7,0.960002054954978,0.758258967760935,0.97598494459176,0.811052971788862,0.9575,0.74
424,"index",0.7,0.972732240886603,0.640318713678219,0.984937002493522,0.716687437342283,0.975,0.6525
425,"index",0.7,0.810496785433176,0.571171315353855,0.87511166845864,0.648086091664696,0.835,0.5625
426,"index",0.7,0.836377296358511,0.928356975326907,0.895542989587987,0.948988596084117,0.855,0.9375
427,"index",0.7,0.0848900583663121,0.390423262851523,0.185532986936173,0.499523505928214,0.075,0.4025
428,"index",0.7,0.633573345672897,0.258489881590275,0.73570988400148,0.341273147081873,0.6375,0.2675
429,"index",0.7,0.838196053516996,0.811854144372428,0.891015985209482,0.85425723823215,0.86,0.83
430,"index",0.7,0.302222207738299,0.750706815455195,0.410789841299199,0.793926366163611,0.33,0.73
431,"index",0.7,0.115416795514984,0.944045936517774,0.215795097948788,0.960454900505193,0.1025,0.9375
432,"index",0.7,0.11240041008905,0.0366907436568186,0.219423265267255,0.0746342129981142,0.1225,0.035
433,"index",0.7,0.672167261570021,0.368884779038558,0.759640213247353,0.454289290254437,0.6625,0.3225
434,"index",0.7,0.848839145042905,0.423221695562531,0.901985130121236,0.503026877378179,0.8625,0.395
435,"index",0.7,0.433427646334666,0.36675610809693,0.565294650007358,0.451635667512851,0.4525,0.34
436,"index",0.7,0.492541593981621,0.716373694159348,0.585431535566156,0.764706391059198,0.4825,0.6875
437,"index",0.7,0.495217619451417,0.893768181372012,0.619752922307387,0.917144681917365,0.44,0.88
438,"index",0.7,0.678848610584233,0.915371094467002,0.77761482744452,0.937109381706987,0.6825,0.9075
439,"index",0.7,0.377365018434803,0.157523481148315,0.523450435021494,0.242330126062183,0.4125,0.1775
440,"index",0.7,0.23630250932449,0.422752220039234,0.362875241822764,0.525637105810323,0.2725,0.45
441,"index",0.7,0.588146157647604,0.400258067104811,0.688190764552428,0.48097333680719,0.63,0.415
442,"index",0.7,0.753250637854579,0.811512075978649,0.832091091368226,0.855264341431049,0.765,0.8375
443,"index",0.7,0.908770619622385,0.812281930804922,0.942145805246292,0.85119553646307,0.885,0.81
444,"index",0.7,0.651328167893713,0.279087608316692,0.736703328686569,0.352215566857731,0.64,0.2575
445,"index",0.7,0.508258555039118,0.7152066587947,0.609172985445891,0.758993472337484,0.505,0.7225
446,"index",0.7,0.480578765127666,0.573665337460213,0.594813406041722,0.642786760294978,0.5,0.5425
447,"index",0.7,0.664285606431572,0.399406282967372,0.748146224372728,0.478083015351997,0.66,0.38
448,"index",0.7,0.528646106493115,0.406907334056318,0.661842015683259,0.502272941713839,0.5725,0.47
449,"index",0.7,0.190965831698405,0.883453975710476,0.291655504615183,0.909840354982102,0.2375,0.87
450,"index",0.7,0.458929708765837,0.345439232084641,0.58071939745131,0.438540417937184,0.465,0.3625
451,"index",0.7,0.450126027895207,0.472479627071615,0.589841502699167,0.560219511909754,0.4375,0.4725
452,"index",0.7,0.676584543354493,0.819520745263319,0.773221844352497,0.857180571253565,0.66,0.805
453,"index",0.7,0.575590650443201,0.121986744760871,0.683946497327945,0.189227559822801,0.565,0.1425
454,"index",0.7,0.263740027029238,0.0333183651827,0.401020551626679,0.0710967756849625,0.2675,0.0325
455,"index",0.7,0.391350786924315,0.311242389501011,0.508072894864663,0.402075728091939,0.445,0.355
456,"index",0.7,0.568285973068514,0.378111796241486,0.6697450037962,0.458477856556035,0.575,0.355
457,"index",0.7,0.965854290100752,0.480135605733835,0.980000109982515,0.56629540547798,0.9725,0.48
458,"index",0.7,0.72972973824521,0.768557509323525,0.800875913144061,0.813144990626737,0.7575,0.7925
459,"index",0.7,0.778992841841796,0.741789055398096,0.844015879247227,0.79134134790112,0.79,0.7225
460,"index",0.7,0.969661592091124,0.860896491914087,0.981682048923831,0.88924184423913,0.9725,0.865
461,"index",0.7,0.160676868071014,0.0779093068640568,0.255964219685751,0.127310206601055,0.1675,0.0725
462,"index",0.7,0.826813795872467,0.889599486279277,0.880309462315801,0.912491863883327,0.85,0.8975
463,"index",0.7,0.663680775119436,0.0842815177735463,0.753738455737011,0.144270067337339,0.64,0.085
464,"index",0.7,0.874156533838685,0.797982987851062,0.922508317430711,0.844984935616217,0.905,0.7675
465,"index",0.7,0.045107073388339,0.0323135320091155,0.102437351809487,0.0682356743630611,0.065,0.0275
466,"index",0.7,0.712108688130299,0.216686923685281,0.796154764455342,0.293441370421479,0.7525,0.1975
467,"index",0.7,0.35818442675645,0.569676762251083,0.466061182282554,0.631394086343072,0.3225,0.585
468,"index",0.7,0.918843141865157,0.659203329924027,0.947899017083648,0.712620147174605,0.935,0.655
469,"index",0.7,0.689732790948673,0.244455781633457,0.780418563246054,0.326310161023814,0.7225,0.2675
470,"index",0.7,0.690251736603548,0.215108648377567,0.76809226499635,0.282360982403669,0.75,0.2
471,"index",0.7,0.725548391712309,0.872207477513956,0.817492638189084,0.908186505395272,0.7525,0.8625
472,"index",0.7,0.250020669149516,0.359918279397592,0.358035938943325,0.440726119999183,0.255,0.355
473,"index",0.7,0.262766869294356,0.744068464414808,0.386613279915498,0.7921655596128,0.285,0.735
474,"index",0.7,0.542384745722644,0.0641901152066382,0.638266308408537,0.101254913013008,0.615,0.0625
475,"index",0.7,0.87804819057323,0.962699026978298,0.920660465805074,0.973322021082074,0.905,0.9675
476,"index",0.7,0.243417605349216,0.443390124194713,0.398575858520695,0.558392516664119,0.2325,0.46
477,"index",0.7,0.581296041883401,0.861164310078061,0.688753130569954,0.888872351059486,0.5775,0.8525
478,"index",0.7,0.316720552274901,0.467656163350765,0.455810954297956,0.560984692076122,0.3225,0.5075
479,"index",0.7,0.287281454328527,0.141440131406605,0.433520398937111,0.22544252538026,0.2875,0.1375
480,"index",0.7,0.251818672344046,0.170943700012761,0.378810437679005,0.253785233000662,0.26,0.1625
481,"index",0.7,0.525315996158172,0.942528094720402,0.65698582956614,0.959945489674846,0.5575,0.9375
482,"index",0.7,0.603097625363712,0.559032787337951,0.715266543381533,0.63178147939319,0.6475,0.525
483,"index",0.7,0.55666350260161,0.881876433610123,0.676109218887021,0.913296460844977,0.585,0.88
484,"index",0.7,0.0647361719137954,0.0812916008930051,0.122623020293787,0.134346100062469,0.1,0.075
485,"index",0.7,0.87568762967689,0.912417821282576,0.911158615165008,0.929032839397022,0.9,0.9
486,"index",0.7,0.6450255955525,0.991534572095784,0.747302575699965,0.994551723355359,0.67,0.995
487,"index",0.7,0.346558288824909,0.669496319350587,0.458559570068102,0.724469096222201,0.375,0.7025
488,"index",0.7,0.509763018638454,0.256207736910378,0.633809887334429,0.345338484421954,0.5025,0.26
489,"index",0.7,0.353999818199598,0.0394332007946127,0.456500353165566,0.0699448219093266,0.3925,0.045
490,"index",0.7,0.275772334594304,0.669386268875052,0.396455821201543,0.730727695670352,0.3125,0.6875
491,"index",0.7,0.351774034775375,0.5869241281488,0.455374166871871,0.646199084418056,0.3525,0.6375
492,"index",0.7,0.17224197514781,0.213172993547987,0.287843600141535,0.294347850457531,0.135,0.21
493,"index",0.7,0.481335489827063,0.513119037249747,0.609991514831384,0.598818060135531,0.5025,0.475
494,"index",0.7,0.71175015555221,0.207959324944856,0.795170334344472,0.282071680177134,0.7025,0.205
495,"index",0.7,0.169554864393931,0.0539352272490207,0.26568268879191,0.0924408070243746,0.165,0.055
496,"index",0.7,0.085712744508976,0.418145717796662,0.162606822083551,0.504711006669597,0.115,0.41
497,"index",0.7,0.269773159831741,0.837748651348901,0.395927277264549,0.878019904565456,0.28,0.8575
498,"index",0.7,0.901631088043258,0.586190031145902,0.945066634171272,0.673582782591299,0.91,0.5575
499,"index",0.7,0.72907598032113,0.800744932995566,0.819552254035195,0.846857927236217,0.7325,0.8075
500,"index",0.7,0.467914797654085,0.520297471538862,0.595170099511585,0.603700431684154,0.49,0.52
1,"offindex",0.4,0.464392925995958,0.787506177937414,0.650895226355254,0.849674237223474,0.495,0.7575
2,"offindex",0.4,0.424031716282653,0.656057521773321,0.584925429719206,0.736653105878447,0.46,0.6725
3,"offindex",0.4,0.480215192854726,0.0273893247127892,0.641688322122605,0.0695693295983808,0.4975,0.03
4,"offindex",0.4,0.825396153214697,0.967799527234196,0.904682949260242,0.979654442045383,0.82,0.95
5,"offindex",0.4,0.392021966740765,0.656055409333886,0.543563361132397,0.738422687184692,0.415,0.63
6,"offindex",0.4,0.781408425933215,0.475334563393786,0.877706067762089,0.587117279172036,0.84,0.5
7,"offindex",0.4,0.0546675687673536,0.0975003363845347,0.137512492896255,0.179884940811982,0.065,0.11
8,"offindex",0.4,0.446559834677323,0.276121575740801,0.613150449831732,0.38741717959802,0.44,0.275
9,"offindex",0.4,0.0569452563212332,0.590577937871105,0.146681381178827,0.690799612315935,0.0675,0.5875
10,"offindex",0.4,0.756496013628999,0.953676991494277,0.850209107858523,0.968710123831041,0.78,0.9575
11,"offindex",0.4,0.659923562440682,0.144078206287718,0.798820856643596,0.250044766783451,0.6725,0.155
12,"offindex",0.4,0.744653995147351,0.427465137051859,0.854544114801125,0.547368041600557,0.7875,0.4675
13,"offindex",0.4,0.601493307253934,0.664001332331182,0.729766577681038,0.754523632545966,0.59,0.63
14,"offindex",0.4,0.851552261391342,0.624917830141038,0.915245044180825,0.717143458970008,0.87,0.6275
15,"offindex",0.4,0.540959521706878,0.825778621190043,0.69556883821159,0.874369532516023,0.555,0.8
16,"offindex",0.4,0.211967218613827,0.737835422360124,0.356877641543484,0.798827501002369,0.1975,0.75
17,"offindex",0.4,0.171087850545093,0.132508671061158,0.285200461159411,0.207483978384182,0.1725,0.135
18,"offindex",0.4,0.499649473858176,0.549945888840732,0.659591167911769,0.64057706384298,0.52,0.54
19,"offindex",0.4,0.568548666095329,0.473173978255759,0.713030075507906,0.566901121170601,0.5775,0.49
20,"offindex",0.4,0.679566189951715,0.354593596274708,0.810642813454726,0.477492663744548,0.6825,0.37
21,"offindex",0.4,0.156173216800383,0.243431939562291,0.315738479482901,0.357442578037687,0.1525,0.2525
22,"offindex",0.4,0.911561816135747,0.385107238004992,0.951930222508777,0.495522315803146,0.945,0.3975
23,"offindex",0.4,0.350005324111299,0.0944362277326781,0.519087227245334,0.18642503334054,0.39,0.145
24,"offindex",0.4,0.47279001547267,0.594102336813921,0.659443454049684,0.708415851815899,0.5,0.6075
25,"offindex",0.4,0.667786390091107,0.418443340255877,0.805880087699774,0.550995289749252,0.6775,0.4375
26,"offindex",0.4,0.822553663640975,0.589527382959619,0.906343271391858,0.698127929170331,0.8775,0.6275
27,"offindex",0.4,0.567931306839954,0.397053368223369,0.732820182581811,0.533092752304798,0.625,0.4575
28,"offindex",0.4,0.269274087842853,0.0557645859751867,0.420320268885752,0.124444958092559,0.275,0.06
29,"offindex",0.4,0.626051716739074,0.941445318949395,0.75929992371071,0.958644271454713,0.61,0.9525
30,"offindex",0.4,0.551630937260023,0.586901613766675,0.704789010070972,0.673079015445951,0.6125,0.62
31,"offindex",0.4,0.935280874530438,0.765513798193344,0.966847425876261,0.828574926799923,0.9275,0.775
32,"offindex",0.4,0.523653984744224,0.218413083615927,0.673464817241817,0.327412953172929,0.525,0.2175
33,"offindex",0.4,0.767214023422386,0.853134737534743,0.860898083248752,0.894294225452834,0.7775,0.8875
34,"offindex",0.4,0.291209872993153,0.478862735082322,0.455577197004762,0.580492189866707,0.3125,0.475
35,"offindex",0.4,0.0915081727113041,0.337796504517715,0.204877714404879,0.454604353544449,0.105,0.3175
36,"offindex",0.4,0.328587726598519,0.832993045731235,0.47925169494733,0.87909276674901,0.3425,0.8375
37,"offindex",0.4,0.340131085626257,0.30728292942294,0.523201626332208,0.419560594446229,0.3475,0.3275
38,"offindex",0.4,0.249612505789724,0.765619400283603,0.424760118635172,0.830449743378331,0.255,0.805
39,"offindex",0.4,0.213546603637645,0.00958959441433027,0.35982860258059,0.0283455887370031,0.2175,0.0075
40,"offindex",0.4,0.205983084769507,0.147411373034616,0.334386066750564,0.23278145747631,0.24,0.1725
41,"offindex",0.4,0.309985589542531,0.515071645526079,0.530219803937713,0.643335746704825,0.3325,0.52
42,"offindex",0.4,0.494213693851854,0.976181424692591,0.651251759580685,0.985184463427758,0.445,0.9825
43,"offindex",0.4,0.984192714523788,0.48995490315207,0.991934693509311,0.582906274659049,0.9775,0.5125
44,"offindex",0.4,0.716289436603588,0.221630482981753,0.830550267253117,0.333737436115032,0.7075,0.2175
45,"offindex",0.4,0.60088174202577,0.333952910652948,0.721394827339714,0.436849802842322,0.6275,0.3675
46,"offindex",0.4,0.771047954784305,0.310701211634513,0.858494559295747,0.410317260653835,0.78,0.3325
47,"offindex",0.4,0.00454502582096727,0.0592528493497566,0.0176872585410126,0.114912711967632,0.0075,0.0675
48,"offindex",0.4,0.40710612460401,0.899644504140219,0.571095453766151,0.932266147653892,0.4425,0.905
49,"offindex",0.4,0.624634992101514,0.12895905576827,0.750325651100531,0.23457260948663,0.6575,0.14
50,"offindex",0.4,0.0973975460928902,0.0134529038421732,0.199603160364462,0.0371454180924556,0.0825,0.005
51,"offindex",0.4,0.361947637494627,0.363903636778459,0.509894336332481,0.463717807961711,0.345,0.375
52,"offindex",0.4,0.647959434847378,0.66031427374896,0.744899184538641,0.714738671514808,0.67,0.67
53,"offindex",0.4,0.587620840493675,0.456966535626997,0.739708722155765,0.574507896426278,0.5825,0.48
54,"offindex",0.4,0.313463727304922,0.989260424704276,0.498151986627164,0.993121525592984,0.34,0.9875
55,"offindex",0.4,0.123677591868116,0.666284402178331,0.270193228985592,0.763254868591587,0.135,0.6675
56,"offindex",0.4,0.387596147934468,0.497206318431053,0.540377870618402,0.598775320180633,0.435,0.535
57,"offindex",0.4,0.619576901018673,0.296872066795459,0.748316607334067,0.407174125498669,0.635,0.31
58,"offindex",0.4,0.927004022265559,0.492339282523946,0.961887283617175,0.592391766918524,0.915,0.4525
59,"offindex",0.4,0.597932599776754,0.311204988201127,0.749423948611963,0.43739693519947,0.5725,0.32
60,"offindex",0.4,0.348030491839118,0.157264450672758,0.498339382580253,0.238986274405032,0.36,0.16
61,"offindex",0.4,0.188722502188222,0.202894907452575,0.347230935712829,0.299924689859471,0.2225,0.2125
62,"offindex",0.4,0.00831032106216445,0.850695755553067,0.039332491972383,0.896800212102965,0.01,0.8375
63,"offindex",0.4,0.548151513068933,0.4505487653447,0.687357028407977,0.549244438927927,0.5425,0.4375
64,"offindex",0.4,0.179706613253753,0.0311986651626056,0.301530204891045,0.0655809347032865,0.205,0.0225
65,"offindex",0.4,0.662767132850968,0.732845959214125,0.796323315583763,0.799661678086079,0.6425,0.73
66,"offindex",0.4,0.410020478853129,0.497140890979375,0.594909174180633,0.615981643576201,0.4625,0.53
67,"offindex",0.4,0.393811471783807,0.948357083846966,0.55447120669637,0.964683246122767,0.4025,0.94
68,"offindex",0.4,0.324633531013714,0.657114812234313,0.488440853228414,0.733300559023285,0.3575,0.62
69,"offindex",0.4,0.0353882231631462,0.978960558587628,0.083794469416666,0.986446948213809,0.045,0.975
70,"offindex",0.4,0.523851743023009,0.348092007865818,0.680870337040312,0.458026656669904,0.54,0.345
71,"offindex",0.4,0.90155226956699,0.353994174822177,0.947655689732368,0.47117839521365,0.895,0.3475
72,"offindex",0.4,0.640547005477961,0.543564882029224,0.771949187344793,0.639442556804826,0.66,0.535
73,"offindex",0.4,0.345597309102741,0.498946806841306,0.529839792832826,0.602518217433656,0.3175,0.42
74,"offindex",0.4,0.441313428525608,0.972450674905552,0.602596999062587,0.981762343336047,0.4275,0.9675
75,"offindex",0.4,0.224062926946021,0.21793861049825,0.361441105671805,0.32662788090127,0.2175,0.23
76,"offindex",0.4,0.495336939164762,0.253222818602887,0.678417560532102,0.371647917864546,0.5025,0.25
77,"offindex",0.4,0.494599593031698,0.632057069387478,0.651792422415393,0.717126323949152,0.495,0.6
78,"offindex",0.4,0.532005441245007,0.94456670192417,0.680788562610143,0.962255870054857,0.57,0.9625
79,"offindex",0.4,0.0575030097533701,0.65661121488134,0.150150111432286,0.736513218743755,0.07,0.6325
80,"offindex",0.4,0.904835130709724,0.706399778494406,0.948012871336947,0.776940893894011,0.9125,0.675
81,"offindex",0.4,0.169436889036599,0.617147446687576,0.357166892949591,0.717886615040773,0.19,0.6125
82,"offindex",0.4,0.516051790058191,0.602209001791489,0.670460628809276,0.685482686404867,0.54,0.6125
83,"offindex",0.4,0.400148483113131,0.643556226851013,0.56578487440776,0.732954235854832,0.4025,0.64
84,"offindex",0.4,0.352064507592563,0.940574031406247,0.500909691199994,0.959429566001792,0.37,0.935
85,"offindex",0.4,0.418492199859711,0.815037016189811,0.579281972784016,0.861433676025079,0.4575,0.825
86,"offindex",0.4,0.778446302073348,0.850440215141381,0.867516380276081,0.892316836690196,0.8,0.8525
87,"offindex",0.4,0.794499418775077,0.248160597390537,0.885114345648004,0.384624510803636,0.81,0.285
88,"offindex",0.4,0.18627796836806,0.0127209527560483,0.344602028129696,0.0393853876767943,0.1925,0.01
89,"offindex",0.4,0.68694997325794,0.579510328535595,0.785567065459459,0.668692517007204,0.6875,0.5875
90,"offindex",0.4,0.708382365730327,0.262877277394229,0.827664319377321,0.394513119040289,0.7175,0.25
91,"offindex",0.4,0.402180514238497,0.424403189056449,0.565334384409475,0.530830413259715,0.4225,0.4
92,"offindex",0.4,0.837323724223962,0.851507644817755,0.908975992579183,0.896432270547769,0.805,0.8525
93,"offindex",0.4,0.568646559111817,0.506922854715808,0.722795342869365,0.606221732994645,0.5775,0.53
94,"offindex",0.4,0.303259053366752,0.766544065250778,0.471661487843091,0.82938135461645,0.2825,0.75
95,"offindex",0.4,0.78521805697617,0.737310218805875,0.877425466862491,0.811296596489532,0.735,0.7375
96,"offindex",0.4,0.981067164197659,0.645744046179554,0.990958553519846,0.729572726805014,0.9775,0.65
97,"offindex",0.4,0.135593203398823,0.150153568565098,0.249017608094373,0.23360918069033,0.1425,0.1375
98,"offindex",0.4,0.495741275307316,0.133013502217688,0.640789445187363,0.221885984824639,0.5225,0.1425
99,"offindex",0.4,0.80921870478207,0.881704378785384,0.883672725508666,0.919232959044605,0.8,0.8425
100,"offindex",0.4,0.930839192575102,0.508698117747416,0.962265724694109,0.601905908083464,0.9225,0.5475
101,"offindex",0.4,0.324042211303908,0.237103259892947,0.503967444535491,0.353204448455758,0.325,0.235
102,"offindex",0.4,0.298602352046362,0.472811537813121,0.437206983022943,0.554984585521083,0.3025,0.4875
103,"offindex",0.4,0.836481862906454,0.842132244697541,0.902078618553102,0.879821234172739,0.85,0.86
104,"offindex",0.4,0.198337451890068,0.750682470999088,0.345712459983517,0.816901181913476,0.2375,0.7925
105,"offindex",0.4,0.481445413628418,0.685408418424552,0.650730699218029,0.765825254730292,0.4725,0.635
106,"offindex",0.4,0.881032670463294,0.549954089296394,0.942212571075944,0.65950999344024,0.8675,0.55
107,"offindex",0.4,0.516354542886484,0.927893844450566,0.669673086059669,0.951796835268322,0.5225,0.94
108,"offindex",0.4,0.515432719730346,0.681077348554594,0.694937041408073,0.765830657491658,0.5,0.6675
109,"offindex",0.4,0.178933921091646,0.124923869618669,0.34989145937126,0.231989443120447,0.21,0.15
110,"offindex",0.4,0.459457426355667,0.829929266047203,0.633968806035185,0.877495296857551,0.485,0.8225
111,"offindex",0.4,0.501152739972814,0.263323884949116,0.663927480895724,0.383501820271556,0.49,0.2675
112,"offindex",0.4,0.333880295002487,0.311714394923492,0.494409977424039,0.422357649783187,0.3525,0.345
113,"offindex",0.4,0.97110784191358,0.605436564274417,0.98726158928412,0.70457048796017,0.9475,0.5675
114,"offindex",0.4,0.777904724497167,0.627242031449033,0.866745100862943,0.709793345620661,0.76,0.6475
115,"offindex",0.4,0.329165592303154,0.944257790522444,0.512536811629386,0.96405768748563,0.355,0.95
116,"offindex",0.4,0.539414331752369,0.256342733259832,0.706833050485266,0.378705915735657,0.5425,0.2475
117,"offindex",0.4,0.467909998780002,0.725289077035956,0.6363174895868,0.792361062248403,0.49,0.745
118,"offindex",0.4,0.906285734969258,0.385683053061007,0.949435951495497,0.501801291880864,0.9325,0.3825
119,"offindex",0.4,0.0935154562726019,0.106902551531188,0.229501508585934,0.209978580511213,0.0675,0.115
120,"offindex",0.4,0.186778537652867,0.555226561057032,0.391099755101259,0.675336516664548,0.1675,0.615
121,"offindex",0.4,0.256378127045557,0.390742629466265,0.422672942461321,0.50337807331051,0.2825,0.37
122,"offindex",0.4,0.432804801554404,0.178784406716401,0.60914093139068,0.285674876792587,0.4825,0.22
123,"offindex",0.4,0.28372052244821,0.0728417860302635,0.453980439839406,0.149527946244211,0.2625,0.0825
124,"offindex",0.4,0.432826479920326,0.166879915642753,0.621888548584768,0.279096162973251,0.4175,0.225
125,"offindex",0.4,0.191454048546531,0.296428167104935,0.337308212036847,0.420345074014076,0.2275,0.375
126,"offindex",0.4,0.142813235146672,0.676591659173614,0.283424460205698,0.758123632967699,0.155,0.705
127,"offindex",0.4,0.377524977149655,0.654228011685069,0.496911066491716,0.718730938928522,0.3825,0.625
128,"offindex",0.4,0.923671607639666,0.888420363884933,0.961847437174373,0.919123648537531,0.905,0.8825
129,"offindex",0.4,0.268686896078773,0.10604378680811,0.415806217022018,0.185742301815858,0.255,0.07
130,"offindex",0.4,0.834064435157716,0.830171648467744,0.909186267721451,0.880520168067084,0.845,0.855
131,"offindex",0.4,0.987550034799791,0.88820061977482,0.994197517522824,0.920447293870782,0.9875,0.9075
132,"offindex",0.4,0.956747579219764,0.680530089477357,0.977931183413733,0.748197431511487,0.9775,0.7125
133,"offindex",0.4,0.243049186651042,0.907655626146949,0.413139359955229,0.937558548022433,0.25,0.8975
134,"offindex",0.4,0.321708268482889,0.824021557863042,0.458922952422792,0.862608420405867,0.315,0.8375
135,"offindex",0.4,0.51269967666965,0.380493384608487,0.674437189101541,0.505896102937051,0.535,0.4075
136,"offindex",0.4,0.436761793608481,0.409484142976573,0.614120311838224,0.528336904017537,0.425,0.3925
137,"offindex",0.4,0.943934101443579,0.879257523809892,0.974019696935092,0.925495926494176,0.9525,0.88
138,"offindex",0.4,0.445745179105875,0.0303302019379803,0.600933464377153,0.0716723834055371,0.485,0.0375
139,"offindex",0.4,0.0831609723857908,0.303744080867746,0.169870209810414,0.414116370017022,0.07,0.2925
140,"offindex",0.4,0.82174299152312,0.788391005602587,0.900581773268915,0.843802805293553,0.8375,0.8
141,"offindex",0.4,0.428674343468224,0.208515351178387,0.596835700846912,0.30989215547596,0.4325,0.185
142,"offindex",0.4,0.538713269370525,0.824720248278693,0.695952933467534,0.879127132604822,0.4975,0.8125
143,"offindex",0.4,0.788842604440303,0.703581270867757,0.88282803630731,0.773856232435051,0.7825,0.715
144,"offindex",0.4,0.887376415822696,0.932817204381401,0.939592921068544,0.955476903473283,0.8875,0.955
145,"offindex",0.4,0.55957778367085,0.291974372783812,0.689220348900719,0.384319837018546,0.56,0.2525
146,"offindex",0.4,0.658975382570316,0.849650943945398,0.784021892999808,0.8958056546807,0.69,0.835
147,"offindex",0.4,0.0558277466316957,0.725073641559684,0.166161002443433,0.814680428699752,0.065,0.7325
148,"offindex",0.4,0.518419998488904,0.988694396369974,0.697219414184262,0.993381197882761,0.51,0.99
149,"offindex",0.4,0.805940478289723,0.573632305309584,0.887961196557484,0.674260070637739,0.805,0.56
150,"offindex",0.4,0.418054503078782,0.359610055191163,0.580396530117372,0.473120116972374,0.4625,0.4125
151,"offindex",0.4,0.748351671596007,0.872997141531946,0.839460296494197,0.907704706017122,0.7275,0.8475
152,"offindex",0.4,0.308026929855496,0.676768976585747,0.482115877030423,0.753789003641888,0.315,0.66
153,"offindex",0.4,0.335863431352909,0.206135673763271,0.479668062513134,0.294578478967358,0.395,0.25
154,"offindex",0.4,0.478519059846157,0.478744004343871,0.644836585148617,0.588670197456045,0.4525,0.4725
155,"offindex",0.4,0.644454198855598,0.800242385148127,0.772515358247473,0.851648561129791,0.645,0.8375
156,"offindex",0.4,0.807776252294771,0.850380665992386,0.897235903067365,0.896498172407782,0.825,0.835
157,"offindex",0.4,0.308706065204459,0.0352035290324245,0.499256197025846,0.0896487198669365,0.3,0.03
158,"offindex",0.4,0.562610530868499,0.256496840913582,0.710842424465769,0.373521344685953,0.5725,0.29
159,"offindex",0.4,0.128145981230337,0.0343205485254908,0.261916849944638,0.0911716271060875,0.13,0.0475
160,"offindex",0.4,0.211649402432402,0.941147807833324,0.356441847887048,0.957664838100252,0.2275,0.94
161,"offindex",0.4,0.742442266558353,0.448295797714431,0.856047316766224,0.566365450103957,0.76,0.48
162,"offindex",0.4,0.594713059870238,0.39635255845754,0.744942123771469,0.514870275633655,0.64,0.415
163,"offindex",0.4,0.00922198125503304,0.176777105419294,0.0371697677159196,0.284327143554329,0.015,0.19
164,"offindex",0.4,0.831753049242837,0.532583352201587,0.91251322053771,0.651585587880613,0.8475,0.53
165,"offindex",0.4,0.918647438114767,0.735533914261733,0.959264129341063,0.806915372376841,0.935,0.695
166,"offindex",0.4,0.23148254249191,0.0635311273591034,0.372845042578033,0.121251240651458,0.235,0.0625
167,"offindex",0.4,0.146509140523292,0.0590816864596819,0.273549196586132,0.121452310088059,0.1575,0.065
168,"offindex",0.4,0.56093968931965,0.378848197184742,0.710924117639474,0.496029685670819,0.6325,0.45
169,"offindex",0.4,0.400548704838013,0.99383611520832,0.558872417217219,0.996292383837535,0.39,0.99
170,"offindex",0.4,0.141385217950056,0.45204255041328,0.27696757921318,0.558248085433401,0.17,0.4425
171,"offindex",0.4,0.581187362945842,0.50057359151231,0.730476787740488,0.613154102200037,0.595,0.5
172,"offindex",0.4,0.0269151650013795,0.3156097795185,0.0842979102811283,0.419759550076657,0.045,0.295
173,"offindex",0.4,0.527801227145305,0.69142248992495,0.666622276950361,0.758947305471877,0.545,0.705
174,"offindex",0.4,0.257297261484675,0.0973768785336627,0.424564180194496,0.183046583955226,0.315,0.0775
175,"offindex",0.4,0.171435672836563,0.813025858647983,0.296323884512163,0.857123320166726,0.2,0.7925
176,"offindex",0.4,0.967281445714158,0.97131226612576,0.984661618901466,0.981308515832876,0.9525,0.9625
177,"offindex",0.4,0.751045848812278,0.849631399480834,0.854156653214637,0.890281939962054,0.795,0.8525
178,"offindex",0.4,0.519093568228718,0.379490310178936,0.68189807665591,0.490320528628184,0.49,0.395
179,"offindex",0.4,0.452861253558663,0.165784848077883,0.627007022479356,0.259997422480163,0.44,0.1275
180,"offindex",0.4,0.627087753110138,0.630730956703051,0.756282915003127,0.708640863073791,0.6325,0.655
181,"offindex",0.4,0.568701652553831,0.621473799758177,0.730406712863979,0.728339723709282,0.6025,0.6825
182,"offindex",0.4,0.176019046307223,0.0595182820947524,0.301787946664216,0.12335023999008,0.1475,0.0625
183,"offindex",0.4,0.345783190441672,0.0998261795262654,0.50000499107986,0.177630761561917,0.3575,0.125
184,"offindex",0.4,0.577269917275111,0.56256062210632,0.718101690644676,0.657911661254066,0.56,0.5575
185,"offindex",0.4,0.627512730048216,0.918199545987757,0.760789004761073,0.947139313500254,0.625,0.92
186,"offindex",0.4,0.240071849926502,0.86075972130086,0.397177471043853,0.900341132443221,0.25,0.8425
187,"offindex",0.4,0.139853370348037,0.943432421227723,0.286284573951811,0.963029632561268,0.115,0.9575
188,"offindex",0.4,0.957634417544935,0.771124984962817,0.979491264968523,0.830401792423143,0.9625,0.7725
189,"offindex",0.4,0.840037852890818,0.546380298836329,0.914927959082461,0.654431123256005,0.8625,0.57
190,"offindex",0.4,0.817134038151423,0.464064781791133,0.897743825300322,0.576334677629146,0.8525,0.4575
191,"offindex",0.4,0.699375005241915,0.653298838027594,0.818482997275596,0.745579143411929,0.6575,0.6775
192,"offindex",0.4,0.451439349047705,0.556885173613185,0.604789381841856,0.649417659232834,0.4375,0.5475
193,"offindex",0.4,0.173308667423308,0.102832568796212,0.301217125396881,0.177162831228469,0.185,0.1
194,"offindex",0.4,0.287780355597649,0.790177227499034,0.46913114032417,0.856530868249965,0.3075,0.785
195,"offindex",0.4,0.513000549578992,0.849758017470559,0.644934407433101,0.895785033622925,0.5275,0.83
196,"offindex",0.4,0.819060835536007,0.642200818077808,0.894557609669043,0.71762995447033,0.8675,0.66
197,"offindex",0.4,0.818639251930691,0.892075853940008,0.906927668691872,0.927601140451239,0.8075,0.885
198,"offindex",0.4,0.261157010465629,0.970223004499098,0.42802753872197,0.980281205019921,0.295,0.9825
199,"offindex",0.4,0.224024720319795,0.560718496298968,0.386852920268474,0.661441420740012,0.215,0.5625
200,"offindex",0.4,0.457097972421566,0.0666018446772458,0.586631226645792,0.114913853001848,0.4425,0.0725
201,"offindex",0.4,0.874858914220182,0.486393976145181,0.931115081765637,0.593469888677388,0.87,0.4975
202,"offindex",0.4,0.812540314951239,0.503159193295211,0.892260105722667,0.611601300717889,0.8375,0.57
203,"offindex",0.4,0.979709545927532,0.916075299941888,0.991325030231958,0.944934036627123,0.975,0.9325
204,"offindex",0.4,0.490801326786874,0.843798398362535,0.667560507280003,0.890103544275179,0.4925,0.8425
205,"offindex",0.4,0.98588146900334,0.656503471820642,0.994038128549172,0.751672380368222,0.9875,0.655
206,"offindex",0.4,0.211625414832405,0.913927648303041,0.376697060820276,0.941272423207632,0.2475,0.9425
207,"offindex",0.4,0.353312359901126,0.200699442759029,0.521841933873079,0.305428997715292,0.3675,0.1825
208,"offindex",0.4,0.764889205003421,0.690090913711708,0.872639895799378,0.780153461158168,0.785,0.6975
209,"offindex",0.4,0.750247610784098,0.687222879091773,0.855564597689761,0.756121259886131,0.73,0.6675
210,"offindex",0.4,0.117510711219708,0.369141218769757,0.251882814810162,0.484143937576495,0.15,0.33
211,"offindex",0.4,0.54885600287266,0.227504243092816,0.693725709816331,0.323786896066444,0.5425,0.2
212,"offindex",0.4,0.0271078209306294,0.984515005763653,0.075032821366789,0.989727527568377,0.01,0.9875
213,"offindex",0.4,0.764890293516963,0.541575930210002,0.862764060461577,0.64715653063749,0.8125,0.5275
214,"offindex",0.4,0.114776682396244,0.434878807944361,0.20688480579368,0.526281087788937,0.1225,0.4375
215,"offindex",0.4,0.109910860347081,0.116232466067155,0.200057976049732,0.197397342448365,0.13,0.1125
216,"offindex",0.4,0.168285955284779,0.187511806244711,0.345220523478697,0.314900018520695,0.2175,0.2025
217,"offindex",0.4,0.339038152353488,0.950684012051345,0.551832928371418,0.969181366592482,0.3225,0.9475
218,"offindex",0.4,0.409740816602671,0.804112482114632,0.571808266226595,0.850634601383426,0.4775,0.83
219,"offindex",0.4,0.573484760821422,0.0794852870124618,0.722855677044243,0.154619691989844,0.5875,0.0975
220,"offindex",0.4,0.532749744193913,0.319625853564227,0.69784566058818,0.441687775538954,0.56,0.27
221,"offindex",0.4,0.542438370276217,0.82274198366674,0.693127151870136,0.869598646754013,0.5475,0.8375
222,"offindex",0.4,0.027568054136024,0.527304226169664,0.0683313390757261,0.606711105061695,0.05,0.4825
223,"offindex",0.4,0.382014503256763,0.804076613088615,0.548107451878759,0.865744444278792,0.36,0.8175
224,"offindex",0.4,0.1421499881202,0.94020158893158,0.265270391064169,0.95898200818429,0.1875,0.9275
225,"offindex",0.4,0.551722343773556,0.129543686336916,0.705036852355483,0.227008772265061,0.57,0.1125
226,"offindex",0.4,0.306575547594276,0.122451553842424,0.437853360634127,0.188535570609014,0.3025,0.095
227,"offindex",0.4,0.150173918345921,0.0692066716490183,0.299282144617521,0.144158505847256,0.15,0.09
228,"offindex",0.4,0.69069545644714,0.487793331274888,0.790869440930722,0.577845403894101,0.6875,0.49
229,"offindex",0.4,0.848851011068493,0.580390931061171,0.917649221602085,0.677393807632372,0.8375,0.595
230,"offindex",0.4,0.121667840739374,0.121303260559261,0.25382368344734,0.214594867087961,0.1375,0.1375
231,"offindex",0.4,0.715801022251069,0.666745987280736,0.802829318648304,0.732955990751537,0.7825,0.655
232,"offindex",0.4,0.239123766879925,0.569570007698547,0.425439292797578,0.68541681054592,0.2675,0.5975
233,"offindex",0.4,0.507782561478325,0.501061679758022,0.672578128504179,0.602777173551214,0.5125,0.5275
234,"offindex",0.4,0.381193786041048,0.899937609949739,0.542761521316401,0.927623564820602,0.43,0.9125
235,"offindex",0.4,0.591149093703763,0.597688965956676,0.733532282627416,0.685941640863409,0.5775,0.5975
236,"offindex",0.4,0.313155810754713,0.0926398683442929,0.505464374401843,0.189512744196968,0.3425,0.1325
237,"offindex",0.4,0.158948942166182,0.421796641817144,0.329073108520102,0.543642686634223,0.1625,0.3975
238,"offindex",0.4,0.702864763696848,0.589078258296134,0.814299779814824,0.673641232121258,0.695,0.595
239,"offindex",0.4,0.313812801718776,0.248701398165932,0.465874961238022,0.364822918173645,0.39,0.2525
240,"offindex",0.4,0.291267036469472,0.979901584749196,0.460064930823823,0.987714199095902,0.28,0.9825
241,"offindex",0.4,0.983050373917764,0.643153688962796,0.992069051933478,0.724660523498502,0.9825,0.605
242,"offindex",0.4,0.336520049815036,0.240032073386208,0.517119668269006,0.357511473508119,0.3475,0.265
243,"offindex",0.4,0.853682989989822,0.694753691914156,0.91457261814048,0.767882669792475,0.8575,0.72
244,"offindex",0.4,0.383376593310648,0.859695216846732,0.549607461330304,0.9008707864024,0.4025,0.86
245,"offindex",0.4,0.146003792144727,0.043000902370307,0.292703046202165,0.100559925723509,0.16,0.0375
246,"offindex",0.4,0.386543268452142,0.492393100616346,0.549441329192109,0.591667332313489,0.37,0.4975
247,"offindex",0.4,0.264659803848831,0.759115516888625,0.423743608592976,0.817549329496282,0.3425,0.7825
248,"offindex",0.4,0.466030161071673,0.872549124844135,0.635471572931012,0.913079077751855,0.5025,0.885
249,"offindex",0.4,0.16177867674629,0.063444397154828,0.28467947145808,0.130449069144884,0.205,0.07
250,"offindex",0.4,0.999398713698619,0.991782742117264,0.999737368455645,0.994723966255761,1,0.9875
251,"offindex",0.4,0.168492969569421,0.151496833781822,0.311057117382466,0.241160098259564,0.165,0.145
252,"offindex",0.4,0.655496026582491,0.712734752010337,0.793734103891213,0.793011223011902,0.645,0.7275
253,"offindex",0.4,0.723301123529223,0.536612819855649,0.830617514142709,0.634044178762155,0.7675,0.575
254,"offindex",0.4,0.265834802461018,0.521021363019864,0.433757849235952,0.632232658240396,0.275,0.4825
255,"offindex",0.4,0.261511813506704,0.280249582655193,0.438309584183987,0.405533356760737,0.265,0.3075
256,"offindex",0.4,0.77225477030779,0.0971782848339674,0.868704968940349,0.17709226939601,0.78,0.09
257,"offindex",0.4,0.259031402699158,0.158818548513127,0.408337631112553,0.254388267728786,0.2925,0.1875
258,"offindex",0.4,0.820820996688212,0.849785366100644,0.894127328463238,0.890827405750025,0.7975,0.8325
259,"offindex",0.4,0.562069477047771,0.286323728807929,0.727949782412709,0.407809457758812,0.6,0.2925
260,"offindex",0.4,0.00662091882628213,0.495578076499635,0.0279168189375955,0.600782535844422,0.01,0.515
261,"offindex",0.4,0.615780975859725,0.762807279593739,0.740385625063013,0.821216625976624,0.6375,0.7625
262,"offindex",0.4,0.285074528696078,0.228515665906127,0.446560171437824,0.345846381517178,0.3,0.22
263,"offindex",0.4,0.554242614488579,0.227424393783867,0.709196421360894,0.344149984903986,0.5525,0.2325
264,"offindex",0.4,0.538809187867347,0.107375186623117,0.688579317694373,0.192249484451455,0.5775,0.095
265,"offindex",0.4,0.370993922276991,0.107376726187472,0.543404571613282,0.191684631217069,0.38,0.095
266,"offindex",0.4,0.149555009517666,0.321108069805956,0.279238288118052,0.435925663408522,0.17,0.3075
267,"offindex",0.4,0.529877539932292,0.0916415133601429,0.683184179656853,0.168944865003835,0.55,0.095
268,"offindex",0.4,0.364491420636272,0.749823414644189,0.505844508450803,0.816793339224598,0.35,0.7525
269,"offindex",0.4,0.938256728179243,0.723244379809305,0.969273975099326,0.794250610902839,0.9275,0.7225
270,"offindex",0.4,0.483980902037292,0.425119401146961,0.63000066299578,0.52915052839024,0.4975,0.4
271,"offindex",0.4,0.973313792124464,0.960205950356795,0.988858649043822,0.976961459849015,0.98,0.9575
272,"offindex",0.4,0.526487928997077,0.37402206963106,0.669017546705916,0.470795477298204,0.52,0.39
273,"offindex",0.4,0.159719258668631,0.0768807484313968,0.338832645500699,0.172188578437754,0.1725,0.11
274,"offindex",0.4,0.270378996703976,0.971689482816349,0.46118620832713,0.98303149576691,0.355,0.9725
275,"offindex",0.4,0.75212406979082,0.548539349557363,0.846399086552234,0.630574678673,0.7625,0.5575
276,"offindex",0.4,0.406333059303653,0.212841064126995,0.541955935122915,0.299385837121813,0.3625,0.225
277,"offindex",0.4,0.428016071065057,0.529876442334108,0.592610511285876,0.631251294147475,0.41,0.5225
278,"offindex",0.4,0.308804126630867,0.567190614763665,0.482261295472056,0.661883877715174,0.3375,0.55
279,"offindex",0.4,0.155175911192949,0.424198664818298,0.309985341157886,0.537150231525063,0.1625,0.45
280,"offindex",0.4,0.0613938567254614,0.0427821163275549,0.127097524086643,0.0897162622763163,0.06,0.04
281,"offindex",0.4,0.369923200035317,0.884260878375693,0.542548528792179,0.918751885588885,0.3675,0.85
282,"offindex",0.4,0.683766866904395,0.369240268129917,0.802225090630462,0.467608140845759,0.675,0.3775
283,"offindex",0.4,0.752851961690138,0.139831590752325,0.846416155220493,0.237452114926199,0.77,0.1575
284,"offindex",0.4,0.2339117871169,0.348533069705164,0.389682829258924,0.470076022787986,0.2025,0.3225
285,"offindex",0.4,0.983458804387617,0.624371402159496,0.991452592706746,0.693977785966925,0.975,0.59
286,"offindex",0.4,0.986104993963283,0.724374237521223,0.99365208664903,0.798615138612528,0.9775,0.725
287,"offindex",0.4,0.752247393265061,0.856895392607324,0.858037705459293,0.898535741148407,0.77,0.8325
288,"offindex",0.4,0.145033878376677,0.45389344415658,0.26637977259089,0.567355300128794,0.1175,0.4575
289,"offindex",0.4,0.723312243645173,0.746863400841361,0.821927584528338,0.807307431671446,0.7425,0.765
290,"offindex",0.4,0.0520392056178526,0.00737391852774461,0.134240524781133,0.0251694598254758,0.0375,0.0075
291,"offindex",0.4,0.148317630879261,0.946139434213214,0.290939318949429,0.96394173771988,0.145,0.9275
292,"offindex",0.4,0.810208690011643,0.167814762087799,0.89415122654056,0.271414422215303,0.7925,0.1525
293,"offindex",0.4,0.631025893554132,0.253631237206675,0.761050520583334,0.341702852237106,0.6525,0.265
294,"offindex",0.4,0.776361203634,0.874957696272563,0.857223359473512,0.907710447527195,0.7525,0.855
295,"offindex",0.4,0.825528851631093,0.801262308739598,0.900015377884154,0.851996840832441,0.8525,0.815
296,"offindex",0.4,0.805357987567866,0.642224695453714,0.900652489458479,0.745669531982168,0.7875,0.6325
297,"offindex",0.4,0.872676703366005,0.931808865554955,0.929066629332799,0.955525069168123,0.8825,0.9475
298,"offindex",0.4,0.549351329255912,0.708592701488371,0.688122465812461,0.783488540500315,0.5975,0.7375
299,"offindex",0.4,0.354110288295578,0.178963433274052,0.569037196016992,0.330751713019033,0.385,0.235
300,"offindex",0.4,0.73680183793956,0.9808185929116,0.83736116442622,0.987930474725365,0.735,0.9825
301,"offindex",0.4,0.357123669897092,0.724600184527303,0.530848532787854,0.796181755903175,0.39,0.69
302,"offindex",0.4,0.474832272631047,0.283887123189758,0.623555294024774,0.397315659152655,0.465,0.2725
303,"offindex",0.4,0.662738473170838,0.212825469796427,0.781666223608007,0.317749394695956,0.685,0.2425
304,"offindex",0.4,0.651283571565175,0.974764155330858,0.779801576880255,0.983290798450532,0.6225,0.975
305,"offindex",0.4,0.999585470664016,0.932000375638579,0.999819224193472,0.954312862866964,1,0.9425
306,"offindex",0.4,0.648916268471756,0.0808171073154506,0.785834750586299,0.165444276712404,0.675,0.0775
307,"offindex",0.4,0.935305798170787,0.822814433571248,0.96997193862085,0.876097402842708,0.9275,0.8275
308,"offindex",0.4,0.0291691981481091,0.774541962544545,0.0692686786288935,0.820690311184771,0.0525,0.7775
309,"offindex",0.4,0.3411060146521,0.102620688575781,0.48580484588613,0.17751110398563,0.38,0.1125
310,"offindex",0.4,0.556575689848404,0.296262419562427,0.713948397915379,0.415143579937748,0.6075,0.275
311,"offindex",0.4,0.31553592048387,0.267870306215292,0.477184286760404,0.37978533531247,0.335,0.275
312,"offindex",0.4,0.998150597947396,0.805090885110592,0.999195427490448,0.858457074428879,0.9975,0.8025
313,"offindex",0.4,0.178598477179053,0.219323525869975,0.33454274364946,0.338643072427846,0.2025,0.2575
314,"offindex",0.4,0.855660472483469,0.934435757425334,0.927234194982515,0.957903989750078,0.87,0.9225
315,"offindex",0.4,0.78499502514473,0.345307623506897,0.872318982002805,0.465968380018596,0.825,0.3675
316,"offindex",0.4,0.939343103970413,0.36480325888738,0.972035896494164,0.498828607600696,0.9475,0.4025
317,"offindex",0.4,0.129714890702794,0.111224765007877,0.229422001317511,0.170752096963172,0.135,0.115
318,"offindex",0.4,0.984807604275147,0.657098419324221,0.993298991294064,0.749158939084976,0.9875,0.65
319,"offindex",0.4,0.823237938589243,0.194513917129008,0.894284546870296,0.286652079540751,0.8575,0.195
320,"offindex",0.4,0.749956073438852,0.261278499350919,0.841888577980128,0.360697825389834,0.7375,0.2675
321,"offindex",0.4,0.885860815566898,0.83800421166199,0.935939101852741,0.876586201191236,0.9075,0.875
322,"offindex",0.4,0.0101422040185779,0.936749904523413,0.0366339397232454,0.957888568650721,0.025,0.93
323,"offindex",0.4,0.144120068198202,0.569096608892568,0.25402970965376,0.660212131489605,0.1075,0.57
324,"offindex",0.4,0.00182466753430566,0.875938981166784,0.0090265694692806,0.908837558667622,0.0075,0.88
325,"offindex",0.4,0.85912621470034,0.98507678386688,0.918986216125859,0.990974265223428,0.855,0.9925
326,"offindex",0.4,0.321098798122623,0.170384607990869,0.491750666337908,0.276098226628017,0.3,0.2
327,"offindex",0.4,0.721838463935423,0.710583768688761,0.812926057869882,0.767769882528426,0.7175,0.6525
328,"offindex",0.4,0.0847983855325124,0.203678447738494,0.17505372265199,0.298061358093555,0.09,0.195
329,"offindex",0.4,0.49815072471011,0.553685458257284,0.656585085587797,0.643223653714256,0.53,0.5675
330,"offindex",0.4,0.0882765770284786,0.0126012046854986,0.200349787718106,0.0392933125680038,0.105,0.0175
331,"offindex",0.4,0.327659066698937,0.279157387688273,0.48664543676459,0.386653964685251,0.3025,0.285
332,"offindex",0.4,0.142502376371374,0.431468754158362,0.263891305526619,0.532597046255187,0.165,0.3975
333,"offindex",0.4,0.518257860119453,0.328871011007751,0.654762156003754,0.424540653059312,0.5025,0.3275
334,"offindex",0.4,0.606663530825776,0.986455058029597,0.767397436004625,0.99236949471771,0.6275,0.98
335,"offindex",0.4,0.436958304249416,0.428482546248429,0.589193744006704,0.519479815560481,0.4475,0.47
336,"offindex",0.4,0.919800395375647,0.675118787990098,0.960887555807148,0.761816414024004,0.935,0.6425
337,"offindex",0.4,0.995545002664222,0.985605949056947,0.998067297879006,0.991203276609326,1,0.98
338,"offindex",0.4,0.827641320633888,0.441315598560676,0.905996375842928,0.561033239693559,0.8625,0.4475
339,"offindex",0.4,0.108547532423715,0.754343228709631,0.24398211482313,0.819802563671784,0.1125,0.76
340,"offindex",0.4,0.548784480108114,0.774678258522025,0.679316999785844,0.823754642162648,0.57,0.765
341,"offindex",0.4,0.577743288474768,0.468406212119894,0.718736769555895,0.582993459820747,0.6075,0.5
342,"offindex",0.4,0.583533497270657,0.47264265511566,0.729986439194612,0.586234039432676,0.585,0.44
343,"offindex",0.4,0.316764068758655,0.483540191001171,0.486512487226649,0.586498450214569,0.33,0.4825
344,"offindex",0.4,0.605876495539448,0.239345579969507,0.733497296386918,0.338794075285204,0.6075,0.24
345,"offindex",0.4,0.432768713389052,0.96687748227188,0.625086844869051,0.979954506371354,0.44,0.9625
346,"offindex",0.4,0.922482244553107,0.97060748894863,0.961899333075202,0.982144702226401,0.925,0.985
347,"offindex",0.4,0.945559037821378,0.83931804508257,0.970529427117954,0.879987079727063,0.9375,0.8375
348,"offindex",0.4,0.549951145424676,0.782672230706618,0.687749407299517,0.837121761845082,0.5875,0.81
349,"offindex",0.4,0.974729834160196,0.82457081743525,0.986829092502194,0.864365793410508,0.985,0.82
350,"offindex",0.4,0.696928972970417,0.958383717598874,0.813409346394931,0.971890511012276,0.7125,0.965
351,"offindex",0.4,0.0127307834756172,0.707756953071948,0.0351387302026585,0.76823874942192,0.025,0.695
352,"offindex",0.4,0.245215602892049,0.232287203891946,0.372618593089462,0.328714675718802,0.26,0.2475
353,"offindex",0.4,0.781012922172184,0.336451507037076,0.878477611890703,0.462488312016643,0.7825,0.38
354,"offindex",0.4,0.131684639495714,0.65953717165725,0.283330386322161,0.742873847827391,0.11,0.7125
355,"offindex",0.4,0.25041134106555,0.49439493800524,0.426524017944711,0.599774837354835,0.22,0.5225
356,"offindex",0.4,0.642813242527162,0.843120289444236,0.766777405220112,0.884060350388771,0.6575,0.8575
357,"offindex",0.4,0.70969228825117,0.785414871362168,0.817944838325451,0.842269479477955,0.6775,0.795
358,"offindex",0.4,0.974554319806429,0.768930714059974,0.98716250124972,0.824185931868426,0.98,0.8025
359,"offindex",0.4,0.801137863065572,0.40932581746854,0.889676907874204,0.522263461697247,0.8025,0.405
360,"offindex",0.4,0.946111973844579,0.958649848961977,0.974711102009897,0.974727590190254,0.92,0.9475
361,"offindex",0.4,0.607768834173917,0.0694943170059259,0.7367815648067,0.136214745356107,0.5625,0.0875
362,"offindex",0.4,0.735615214210851,0.698461069906709,0.828564485190765,0.76298732880324,0.755,0.7075
363,"offindex",0.4,0.368029422187412,0.452065511365226,0.525144779406594,0.563931433711144,0.365,0.4775
364,"offindex",0.4,0.884896547694983,0.741910523397517,0.942694466369691,0.810549435786912,0.9075,0.7925
365,"offindex",0.4,0.501069420538112,0.659854342753184,0.667263691114322,0.737655686517611,0.47,0.6675
366,"offindex",0.4,0.662804431969779,0.813492524641268,0.770206704271919,0.859968417275455,0.7,0.825
367,"offindex",0.4,0.58864027604595,0.565873279515882,0.726252995564744,0.657697888411088,0.59,0.54
368,"offindex",0.4,0.411914415845575,0.710417397689585,0.579373339618029,0.779795595746307,0.435,0.725
369,"offindex",0.4,0.175121368524719,0.264666500486094,0.324987880429082,0.373635425134748,0.1925,0.24
370,"offindex",0.4,0.913655950486166,0.318240976242993,0.954982600445002,0.415322513998245,0.92,0.2925
371,"offindex",0.4,0.795167863681294,0.397527560337979,0.887065919185161,0.523458347180665,0.8525,0.4075
372,"offindex",0.4,0.0669435295921313,0.214944457210927,0.15088307461114,0.311788667125008,0.085,0.2325
373,"offindex",0.4,0.913243823196602,0.74452118625302,0.960976672491786,0.819349926185827,0.89,0.74
374,"offindex",0.4,0.566088796736493,0.305791047115691,0.72707265590775,0.421083101765412,0.565,0.27
375,"offindex",0.4,0.197887126412028,0.0109876489731497,0.332389500320863,0.0338302090807678,0.1725,0.015
376,"offindex",0.4,0.0508434602330778,0.181722581289055,0.133599059353319,0.294396782377316,0.0625,0.225
377,"offindex",0.4,0.756624559046671,0.807679739767617,0.862243534301212,0.857232461702421,0.74,0.8025
378,"offindex",0.4,0.121724600438529,0.0233445094099265,0.236586710401659,0.0690649765754909,0.145,0.02
379,"offindex",0.4,0.0755599589995773,0.039932565374862,0.181901363090525,0.098192716507029,0.08,0.0475
380,"offindex",0.4,0.102361098732913,0.837210798842279,0.217855069198109,0.877108074030604,0.0925,0.835
381,"offindex",0.4,0.0470896213651782,0.477277893626272,0.108195557860209,0.565951294403076,0.0525,0.475
382,"offindex",0.4,0.144623141381317,0.969147280101989,0.265719444444709,0.978682450414245,0.1225,0.9775
383,"offindex",0.4,0.249517550334707,0.0338547661476383,0.415613204455832,0.0844340892727357,0.2575,0.03
384,"offindex",0.4,0.47082599675194,0.51485974873542,0.634906782956644,0.627809151325105,0.5375,0.5725
385,"offindex",0.4,0.249284409305765,0.0167707698954327,0.407503615035877,0.0479285654404853,0.27,0.0125
386,"offindex",0.4,0.992437913411762,0.584133296112682,0.997165925642965,0.699743599475195,0.9925,0.6225
387,"offindex",0.4,0.92768936559774,0.812964161804641,0.965250638333636,0.8678019813986,0.9275,0.83
388,"offindex",0.4,0.991400243444195,0.797306082101203,0.996500184508818,0.857269231095796,0.9875,0.8
389,"offindex",0.4,0.736935975225359,0.983311168841109,0.848948188152608,0.989220407523169,0.7525,0.975
390,"offindex",0.4,0.551372370068282,0.313077563119101,0.687756190331402,0.422359709693181,0.495,0.325
391,"offindex",0.4,0.643666959374073,0.530662431437311,0.774539077662552,0.626724427771552,0.6075,0.5175
392,"offindex",0.4,0.911763993808567,0.978377078170214,0.955389887301366,0.986142407473725,0.93,0.98
393,"offindex",0.4,0.389379685295727,0.155448661341096,0.565887826733133,0.263379138001643,0.4025,0.145
394,"offindex",0.4,0.101758393629552,0.20688708857725,0.220453197082168,0.317406233079436,0.0975,0.1975
395,"offindex",0.4,0.438987654998668,0.834581514970948,0.565869853317092,0.876628735255933,0.4175,0.845
396,"offindex",0.4,0.874163099596884,0.735179838348423,0.931035574970527,0.800242165842034,0.875,0.745
397,"offindex",0.4,0.0793712783802781,0.51208649970756,0.161969142624385,0.61145210384209,0.11,0.5175
398,"offindex",0.4,0.265409604667832,0.852776789621393,0.405331008799699,0.888009082494622,0.235,0.8425
399,"offindex",0.4,0.599924722859081,0.768848592308177,0.734121426931511,0.826731635703589,0.61,0.735
400,"offindex",0.4,0.754879034783268,0.854248564417161,0.855047069992601,0.894957282918037,0.755,0.8425
401,"offindex",0.4,0.127535417905202,0.252426375077634,0.221503358285008,0.349280184026046,0.1325,0.3075
402,"offindex",0.4,0.326104585244392,0.344776735552684,0.483505874300687,0.457119477800987,0.3325,0.37
403,"offindex",0.4,0.396465223665087,0.354811556773319,0.554075532781587,0.473804878652429,0.385,0.415
404,"offindex",0.4,0.276069086679979,0.503853347715621,0.432787961480921,0.606841857924464,0.2775,0.4875
405,"offindex",0.4,0.887024357063228,0.245936932698537,0.946283610437541,0.37959049517191,0.8725,0.205
406,"offindex",0.4,0.265628089876182,0.805078789173493,0.439181670989424,0.860043613565917,0.2775,0.83
407,"offindex",0.4,0.868491111735374,0.570976970022648,0.931841928160578,0.677122334267419,0.8675,0.5725
408,"offindex",0.4,0.560733452652314,0.532785589418585,0.702569389529682,0.623879172620975,0.6025,0.5
409,"offindex",0.4,0.552117930372566,0.407734688674896,0.698809233459947,0.518972266638038,0.5625,0.3825
410,"offindex",0.4,0.18159620433338,0.827054378327809,0.297462514428514,0.870297715747049,0.2125,0.825
411,"offindex",0.4,0.230711052838566,0.966075204514478,0.375072311119918,0.976701522077925,0.2175,0.9575
412,"offindex",0.4,0.162147742353239,0.0374153874696661,0.302239705810801,0.0899350397479368,0.1725,0.0575
413,"offindex",0.4,0.836107492498215,0.947845806319149,0.908522979085511,0.964736189519989,0.8625,0.95
414,"offindex",0.4,0.76756843977235,0.89647473162284,0.852568146289175,0.924146727484493,0.775,0.88
415,"offindex",0.4,0.402765027114406,0.580129415066849,0.569869826737216,0.676501656283149,0.405,0.6025
416,"offindex",0.4,0.00947096965478655,0.00812694236550793,0.0299996114262988,0.0267343052438147,0.01,0.0075
417,"offindex",0.4,0.599811211462831,0.831487876765896,0.727567913546442,0.874161644574754,0.59,0.795
418,"offindex",0.4,0.788179474100884,0.569837482822474,0.87395893600928,0.666447387056536,0.7875,0.59
419,"offindex",0.4,0.343211358029364,0.573237000747857,0.507606094589241,0.675588334242784,0.3875,0.6225
420,"offindex",0.4,0.915526801047857,0.267273393862204,0.958075311420738,0.404288680302615,0.9275,0.3225
421,"offindex",0.4,0.781564449847954,0.963436745378744,0.872163490301764,0.976522758934327,0.805,0.9675
422,"offindex",0.4,0.687887435780193,0.319864830556663,0.795396465457499,0.424873092781836,0.685,0.335
423,"offindex",0.4,0.0487620709064182,0.712067187385528,0.12485723148431,0.785120590557904,0.05,0.73
424,"offindex",0.4,0.638316909308486,0.646901394342047,0.780210207592651,0.735719490425775,0.66,0.6275
425,"offindex",0.4,0.564394339563233,0.315798825348926,0.710156291319987,0.430756234837708,0.6075,0.3525
426,"offindex",0.4,0.256921858075073,0.078380877819701,0.425371576323007,0.156841497321254,0.2675,0.0825
427,"offindex",0.4,0.200010213119778,0.897188978462475,0.374423198569903,0.93548589122984,0.21,0.915
428,"offindex",0.4,0.500453264507902,0.233993233565294,0.65889563485156,0.339895549717689,0.5025,0.26
429,"offindex",0.4,0.0453192039875424,0.0012041131021856,0.111964354112675,0.00657569303209748,0.0725,0.0025
430,"offindex",0.4,0.00106644841049919,0.00734098357247726,0.00571425939796633,0.0210500076953789,0.0025,0.01
431,"offindex",0.4,0.793453466193628,0.970799371109292,0.885972675953314,0.981691750430394,0.8075,0.97
432,"offindex",0.4,0.527520581688771,0.910290877634024,0.703578931565361,0.94138909008311,0.5775,0.89
433,"offindex",0.4,0.189194680885785,0.273910617631385,0.342029014205567,0.386606873209111,0.2075,0.265
434,"offindex",0.4,0.593125406566767,0.310600220273419,0.732182346862098,0.405280772332189,0.605,0.2875
435,"offindex",0.4,0.886020166604474,0.571258364827671,0.94252646607162,0.673657304233194,0.875,0.57
436,"offindex",0.4,0.0224118092430277,0.478832942679017,0.0616708742505035,0.58395413016977,0.0275,0.4825
437,"offindex",0.4,0.695770673692038,0.768712759317173,0.81534718425631,0.823738632868958,0.69,0.78
438,"offindex",0.4,0.775883811202382,0.827685243989398,0.875774136699807,0.877461884807039,0.7675,0.8325
439,"offindex",0.4,0.849891379238668,0.967922163973834,0.919934572430909,0.978268772548602,0.8475,0.9625
440,"offindex",0.4,0.209438684961997,0.355885311975838,0.388376272476865,0.494195808237814,0.27,0.4425
441,"offindex",0.4,0.950901500588665,0.803011983661801,0.975270087464904,0.856087917590362,0.945,0.815
442,"offindex",0.4,0.0868541520970924,0.567682946049634,0.198454185474737,0.664098971460246,0.1025,0.605
443,"offindex",0.4,0.57261269876687,0.773728618978091,0.716302835314185,0.83158637535209,0.565,0.7525
444,"offindex",0.4,0.241937032985482,0.659990092227974,0.382338642271476,0.736392482586119,0.2675,0.6275
445,"offindex",0.4,0.113544642232163,0.096335686898552,0.234498486100114,0.173201550304915,0.0825,0.075
446,"offindex",0.4,0.862964595104565,0.600266209543422,0.92430252015556,0.690782298183244,0.88,0.63
447,"offindex",0.4,0.207541472148396,0.0407204404913353,0.3519365775618,0.0908803606244041,0.2175,0.0325
448,"offindex",0.4,0.796289210129288,0.324688826581984,0.878192145987322,0.431710118830173,0.8275,0.3325
449,"offindex",0.4,0.612839135706434,0.225298774902363,0.743165386793678,0.324364629332172,0.6475,0.2425
450,"offindex",0.4,0.745637100062756,0.964652618453159,0.845247977978503,0.978042005245526,0.745,0.96
451,"offindex",0.4,0.695611246793144,0.583441836307883,0.812331929109928,0.678840718041005,0.675,0.5525
452,"offindex",0.4,0.180615279047821,0.220224704079468,0.321891477172824,0.328545894576946,0.2125,0.2525
453,"offindex",0.4,0.308810730646085,0.182453798803557,0.471681466548824,0.285281746443207,0.335,0.2025
454,"offindex",0.4,0.229251598473479,0.485128625407522,0.399030322870239,0.590439670347543,0.265,0.47
455,"offindex",0.4,0.110069549847032,0.145618250115688,0.22164353589771,0.240118448643028,0.12,0.21
456,"offindex",0.4,0.0235343415836415,0.343922708452402,0.0606845956381079,0.436912075711002,0.0275,0.3475
457,"offindex",0.4,0.945261884867047,0.424104369092772,0.97184241082173,0.519126385758902,0.95,0.44
458,"offindex",0.4,0.764112777657587,0.797904738772674,0.852772722796086,0.849384027133468,0.7675,0.8125
459,"offindex",0.4,0.574984978219609,0.620093151151106,0.706041415648985,0.694607223202994,0.56,0.63
460,"offindex",0.4,0.291061902522703,0.364693696966201,0.470413760916305,0.481005197300507,0.28,0.38
461,"offindex",0.4,0.104417193362089,0.0631765508900974,0.216285687571243,0.124228122887392,0.12,0.085
462,"offindex",0.4,0.911856436100765,0.730275754408874,0.951819235681375,0.791232236678354,0.9075,0.6925
463,"offindex",0.4,0.583771399491375,0.195684526396169,0.715098108018784,0.307683231450003,0.62,0.225
464,"offindex",0.4,0.714995826707248,0.287809572945929,0.821936628781742,0.39576894536339,0.715,0.305
465,"offindex",0.4,0.640169057639866,0.545534904183263,0.747636459991621,0.629391756749576,0.6575,0.55
466,"offindex",0.4,0.51803690056797,0.746272597143378,0.667947386422101,0.80567480856461,0.5375,0.7425
467,"offindex",0.4,0.71286952064084,0.91363496175136,0.838325020842127,0.944076569280501,0.735,0.92
468,"offindex",0.4,0.535605104529921,0.835781048922087,0.688189744301737,0.879027026149056,0.4775,0.8275
469,"offindex",0.4,0.469078180234036,0.614144275124378,0.631371036594055,0.707749932569778,0.49,0.6075
470,"offindex",0.4,0.120087940152623,0.46246710183477,0.23023171814297,0.553290854628858,0.13,0.415
471,"offindex",0.4,0.654132894021478,0.924916971544283,0.78753006299857,0.948137051548683,0.63,0.9275
472,"offindex",0.4,0.348436940088349,0.105049669674384,0.516455180490786,0.189431027414013,0.345,0.1225
473,"offindex",0.4,0.510721812894697,0.127938606459884,0.668496329301207,0.215903938798262,0.55,0.1275
474,"offindex",0.4,0.503478984628261,0.624687971699045,0.642657979603964,0.696782419114289,0.5275,0.6075
475,"offindex",0.4,0.963437316361349,0.751704647766079,0.982890629774935,0.818950112839701,0.96,0.7475
476,"offindex",0.4,0.272534316333226,0.23635070529518,0.442932598587326,0.365676030568638,0.2625,0.2125
477,"offindex",0.4,0.149326272057978,0.489246056190772,0.297360233654996,0.598767055075152,0.145,0.49
478,"offindex",0.4,0.355755788584346,0.421798414706908,0.51283039437368,0.517229031683263,0.3625,0.43
479,"offindex",0.4,0.374179543979584,0.166100112788959,0.581590963503108,0.289226463090394,0.4075,0.185
480,"offindex",0.4,0.0730597157084437,0.0307788184891337,0.181844006042836,0.082570219086996,0.07,0.0475
481,"offindex",0.4,0.101134401582799,0.243773805956937,0.227798584004092,0.371240023948964,0.1025,0.235
482,"offindex",0.4,0.344692734126299,0.276206422683647,0.503344637139345,0.37323279026492,0.345,0.2675
483,"offindex",0.4,0.89394372338354,0.432712964411302,0.943197468400622,0.546128985717908,0.9,0.4575
484,"offindex",0.4,0.377941162236047,0.176051595278269,0.551657762198961,0.280014781896436,0.42,0.1925
485,"offindex",0.4,0.269997645318525,0.569003330501233,0.404229910489433,0.650873018316974,0.275,0.54
486,"offindex",0.4,0.719011447986732,0.660944721414018,0.836012552892955,0.754374567837021,0.7225,0.66
487,"offindex",0.4,0.252664437010995,0.417935147308929,0.4036972547774,0.529876279886474,0.2625,0.3975
488,"offindex",0.4,0.332330573836501,0.719394452169817,0.49768368592634,0.780148460578751,0.3575,0.6875
489,"offindex",0.4,0.439681989777314,0.189512003124086,0.588097566550991,0.277901618481008,0.4975,0.1775
490,"offindex",0.4,0.74579071756287,0.83406317847851,0.860563134854059,0.883742142179897,0.7725,0.845
491,"offindex",0.4,0.543623457721281,0.287548623513775,0.674889426406904,0.395341538370228,0.5675,0.305
492,"offindex",0.4,0.702941731404696,0.629582799314105,0.812065052474627,0.703755598350964,0.695,0.6175
493,"offindex",0.4,0.135617534081793,0.0490487293579416,0.268994822020474,0.115729496068458,0.1375,0.0675
494,"offindex",0.4,0.0580906349879301,0.347453932497868,0.137007619750298,0.446192313486222,0.035,0.3625
495,"offindex",0.4,0.743975526065329,0.450590939815757,0.838894250459569,0.543233703198283,0.765,0.4225
496,"offindex",0.4,0.242743484307336,0.335022263497389,0.403176155339401,0.453076488626116,0.2475,0.3325
497,"offindex",0.4,0.680101054920259,0.289627410885604,0.809096184949241,0.413776886479577,0.7125,0.2675
498,"offindex",0.4,0.313877784347725,0.341736473244648,0.489791059954166,0.463740571153811,0.4,0.385
499,"offindex",0.4,0.456448743702212,0.63813512264572,0.61952149581775,0.723593195157061,0.455,0.6525
500,"offindex",0.4,0.0407340512333557,0.298758411178051,0.111957543586905,0.416434369051492,0.0375,0.28
1,"offindex",0.7,0.772249732857511,0.35508259630864,0.86582537090008,0.465206845029907,0.7925,0.325
2,"offindex",0.7,0.313980069664964,0.804023895353366,0.459114411207699,0.856574458989936,0.33,0.8025
3,"offindex",0.7,0.297554831902429,0.163259238808311,0.439849155855662,0.25004264629461,0.28,0.175
4,"offindex",0.7,0.634085468247879,0.65694527133523,0.77171029807791,0.739720462397676,0.665,0.67
5,"offindex",0.7,0.150481303571467,0.583880833430815,0.263593323630255,0.664882535825776,0.14,0.5975
6,"offindex",0.7,0.902051332820341,0.684856471128063,0.948758191887026,0.763087561427392,0.93,0.715
7,"offindex",0.7,0.178982852842541,0.0323332961160083,0.301302168235698,0.0713081278170783,0.185,0.0275
8,"offindex",0.7,0.703151248362361,0.352305641073807,0.804403614833628,0.43972650602866,0.6625,0.3425
9,"offindex",0.7,0.0706535388992122,0.101069625045328,0.161397185768827,0.185629593486052,0.0825,0.1275
10,"offindex",0.7,0.151089144868644,0.788783874232338,0.261316898666001,0.838137042968864,0.1625,0.81
11,"offindex",0.7,0.0188271207320738,0.231555324596746,0.074649213143854,0.356264771124576,0.03,0.265
12,"offindex",0.7,0.868814136384815,0.826314183334472,0.928022146202489,0.878468899497213,0.89,0.825
13,"offindex",0.7,0.203402193394544,0.62151105145065,0.338303488160028,0.716133005668117,0.2025,0.6225
14,"offindex",0.7,0.68023841675808,0.517858395312915,0.796427417273346,0.620758833350613,0.6725,0.5375
15,"offindex",0.7,0.913417080775764,0.345975224561077,0.954818342247091,0.462186919021912,0.92,0.35
16,"offindex",0.7,0.760248174147695,0.911536947906883,0.853587801371022,0.938423160431003,0.755,0.93
17,"offindex",0.7,0.564656854597982,0.527129378319074,0.676361363825384,0.604082810052594,0.575,0.525
18,"offindex",0.7,0.915119441875135,0.543053060643858,0.953827892092896,0.635635259616446,0.93,0.5475
19,"offindex",0.7,0.830327690435157,0.962416653572609,0.899839675264449,0.97437156615026,0.8275,0.955
20,"offindex",0.7,0.637008327381097,0.477920999291552,0.776432070058122,0.588449873255382,0.6725,0.495
21,"offindex",0.7,0.0571636305912638,0.0312701258413932,0.140054602498005,0.0772334374668826,0.0475,0.02
22,"offindex",0.7,0.946014033974183,0.949340633070645,0.967580698824324,0.962921737118666,0.9325,0.945
23,"offindex",0.7,0.453024635496329,0.228530497027096,0.610530162627019,0.340185521611245,0.47,0.2625
24,"offindex",0.7,0.40593869936735,0.714809638636636,0.592150012223864,0.796305628086182,0.3925,0.71
25,"offindex",0.7,0.590294123747134,0.724647558349766,0.744737086285586,0.804730101870715,0.645,0.745
26,"offindex",0.7,0.339991682508928,0.372934908779764,0.513995619070581,0.497145440823504,0.3675,0.41
27,"offindex",0.7,0.606597294610367,0.356564147474295,0.755998210564916,0.492652424178098,0.625,0.3775
28,"offindex",0.7,0.0943932275414802,0.0110929702011555,0.194100063980399,0.0391670102496837,0.0875,0.0125
29,"offindex",0.7,0.886672548929145,0.545782300345122,0.934769790881443,0.633305494810635,0.9,0.56
30,"offindex",0.7,0.376944540030546,0.629940497925458,0.533729411268352,0.704156198706218,0.3825,0.67
31,"offindex",0.7,0.0749160294940571,0.759088128117104,0.167548975077389,0.823305623082032,0.08,0.7625
32,"offindex",0.7,0.458246041063625,0.485101993241358,0.609206850572841,0.572964815252045,0.425,0.47
33,"offindex",0.7,0.159788433120879,0.0288339941166448,0.281283604793933,0.0717144020642202,0.19,0.0325
34,"offindex",0.7,0.454377028421815,0.175592466192453,0.613402579892321,0.272068463001844,0.4425,0.1725
35,"offindex",0.7,0.126279218259172,0.0847210660086876,0.254445654830541,0.163942303695439,0.0975,0.0725
36,"offindex",0.7,0.708159129606731,0.797147283141364,0.799164764608275,0.843766060809409,0.675,0.77
37,"offindex",0.7,0.166932906093392,0.0220075620718643,0.317526720878001,0.0560073229647535,0.1725,0.0175
38,"offindex",0.7,0.604328763573859,0.887744662459189,0.754729952290147,0.923933133980638,0.615,0.86
39,"offindex",0.7,0.727746638351623,0.170928015259431,0.832716754384475,0.25711566573336,0.6725,0.1575
40,"offindex",0.7,0.332768352677366,0.17928552282964,0.470684224539032,0.26528521536304,0.365,0.1925
41,"offindex",0.7,0.141698987137528,0.432754969025976,0.311802024861963,0.553709901125538,0.145,0.4625
42,"offindex",0.7,0.40522653737775,0.865129323282135,0.561933747975171,0.903552759963186,0.4075,0.8875
43,"offindex",0.7,0.752586066885573,0.917744147827841,0.839444379670379,0.941840454136277,0.7775,0.9275
44,"offindex",0.7,0.448016078890092,0.318868564440024,0.605471389656777,0.426904912768393,0.435,0.305
45,"offindex",0.7,0.00786608376925868,0.488125323875867,0.0246983925211552,0.577942670479021,0.0075,0.5025
46,"offindex",0.7,0.812688268932044,0.566113463230324,0.885489077283316,0.651887711756131,0.81,0.515
47,"offindex",0.7,0.0325164433953601,0.0393174800137017,0.0853252780856139,0.087639227775171,0.02,0.05
48,"offindex",0.7,0.733091277621667,0.677803852713444,0.834712864859899,0.755487471032658,0.795,0.6975
49,"offindex",0.7,0.361004742576551,0.276061113141936,0.517508831997922,0.393416316399711,0.335,0.265
50,"offindex",0.7,0.141717159531752,0.013202502137783,0.251317316663453,0.0355716254445975,0.165,0.02
51,"offindex",0.7,0.619687609418302,0.285690510361616,0.722856487903649,0.367275904206225,0.595,0.245
52,"offindex",0.7,0.0500140037589734,0.704882171420973,0.0989650964218225,0.754085059996145,0.055,0.7375
53,"offindex",0.7,0.585230925511798,0.827195063802423,0.727012141750513,0.87365629531127,0.58,0.825
54,"offindex",0.7,0.020542396248286,0.598906913766481,0.0734783914550798,0.689948183193176,0.02,0.585
55,"offindex",0.7,0.740949650160274,0.803519879771613,0.842004273021562,0.858323399551957,0.7325,0.81
56,"offindex",0.7,0.697402793891868,0.665838284118613,0.793282953959676,0.733085195110877,0.695,0.6575
57,"offindex",0.7,0.22622857213179,0.0919831622755813,0.371798057084455,0.162839558939634,0.2325,0.0725
58,"offindex",0.7,0.915891987661205,0.856273497085368,0.954990554914002,0.895457783123679,0.9025,0.85
59,"offindex",0.7,0.76451281072525,0.627419975019529,0.872788942004277,0.725683724882854,0.745,0.5675
60,"offindex",0.7,0.540015885365172,0.200357766152454,0.669168253844209,0.280282836897032,0.565,0.1975
61,"offindex",0.7,0.1159907390082,0.0578216507744643,0.236661296262182,0.115910650335012,0.0975,0.0525
62,"offindex",0.7,0.860485378382531,0.840779763215925,0.917285340165917,0.882798168140739,0.8825,0.8575
63,"offindex",0.7,0.353223348146284,0.0992859952291234,0.503811191592685,0.169644539064055,0.3175,0.0875
64,"offindex",0.7,0.115824854520559,0.0129292508118106,0.213419488451421,0.0317519797546907,0.1375,0.015
65,"offindex",0.7,0.975413283351979,0.768490886991368,0.989572767588635,0.829982442961597,0.975,0.715
66,"offindex",0.7,0.683893143678113,0.710245614105395,0.815804542656914,0.790029651159667,0.7025,0.7525
67,"offindex",0.7,0.897237286745625,0.674212025430771,0.942051196220515,0.743055651095911,0.91,0.685
68,"offindex",0.7,0.311962664144292,0.316891776056619,0.47607437293225,0.429898130249219,0.315,0.31
69,"offindex",0.7,0.847385692618497,0.964296700804518,0.904741752144231,0.976037486864445,0.87,0.96
70,"offindex",0.7,0.332215281960711,0.0221460386005546,0.475161246153163,0.0497781049328689,0.315,0.02
71,"offindex",0.7,0.346074766842584,0.969610126939491,0.506331842425136,0.979692939026897,0.395,0.975
72,"offindex",0.7,0.58702581289286,0.44988316723516,0.717848018783631,0.541809851778871,0.6575,0.5025
73,"offindex",0.7,0.903435565780682,0.31943172007047,0.952889524423028,0.444261651129372,0.91,0.305
74,"offindex",0.7,0.888747382086723,0.966043631159518,0.938864228678541,0.976674208912844,0.8975,0.9625
75,"offindex",0.7,0.869625575020616,0.167299282755237,0.925897370403976,0.273518527916963,0.8975,0.225
76,"offindex",0.7,0.083417654941892,0.347104331164919,0.200199616490122,0.461638534787879,0.0675,0.3725
77,"offindex",0.7,0.690985905567721,0.283381136500138,0.79314678229853,0.376869203328282,0.6775,0.295
78,"offindex",0.7,0.673612495612617,0.255513129272783,0.787365959192259,0.352628115031307,0.71,0.28
79,"offindex",0.7,0.226928343137873,0.632291320684348,0.380815668590107,0.714447462097085,0.2325,0.6775
80,"offindex",0.7,0.780270751129255,0.113999972700805,0.864579190222748,0.200794166074042,0.8,0.1025
81,"offindex",0.7,0.400903172177073,0.0402181035571417,0.596084575543441,0.100306676324048,0.475,0.0625
82,"offindex",0.7,0.360037811209095,0.191842814066957,0.524356448539515,0.287127430119576,0.3525,0.185
83,"offindex",0.7,0.899326878044144,0.978004749476488,0.942948674357123,0.986338926769561,0.9025,0.98
84,"offindex",0.7,0.32179506428259,0.118107034626681,0.462575118344699,0.196124691257972,0.35,0.1375
85,"offindex",0.7,0.752257984352571,0.709828156846547,0.837215694904283,0.767557751731949,0.7375,0.675
86,"offindex",0.7,0.900673943193267,0.797536881575943,0.944354650702886,0.850488705940903,0.9,0.8075
87,"offindex",0.7,0.409939697960633,0.119850723491463,0.571448761621563,0.213050557781196,0.45,0.13
88,"offindex",0.7,0.0418615287421835,0.0279351992938455,0.109649916990626,0.067552972894071,0.0425,0.03
89,"offindex",0.7,0.400367930658889,0.513759678568252,0.540378306895076,0.613283227350382,0.405,0.555
90,"offindex",0.7,0.520929459666488,0.439855705710874,0.679110844958903,0.557475541050499,0.5525,0.485
91,"offindex",0.7,0.559238375845673,0.147599059203204,0.692882189197245,0.235628916329535,0.54,0.1675
92,"offindex",0.7,0.994615875331818,0.917778608190366,0.997308443357606,0.941961461158308,0.9975,0.915
93,"offindex",0.7,0.267030469900698,0.132456907476183,0.422221673112855,0.21576362002383,0.27,0.11
94,"offindex",0.7,0.321256779627555,0.754311308677748,0.481829117235726,0.816097528051277,0.295,0.735
95,"offindex",0.7,0.888815985199975,0.757893442223729,0.942438017800607,0.831063759261588,0.8875,0.7325
96,"offindex",0.7,0.95687122775107,0.773519827129646,0.975997627646672,0.828666713598992,0.955,0.7625
97,"offindex",0.7,0.842294356191822,0.616595829354845,0.901591998204218,0.685445847789182,0.8275,0.5825
98,"offindex",0.7,0.109816565485738,0.0598818738018663,0.232270875543293,0.129656894617581,0.135,0.07
99,"offindex",0.7,0.628984616535062,0.936501304806327,0.750720890969907,0.95670805200809,0.6775,0.9525
100,"offindex",0.7,0.54202043632575,0.18441124608045,0.681474956839194,0.276632500958608,0.5425,0.1675
101,"offindex",0.7,0.752724129631053,0.179230727201075,0.857196952870358,0.2875028969396,0.775,0.19
102,"offindex",0.7,0.715152763679256,0.855020636996101,0.807291948668959,0.888750354408053,0.69,0.8825
103,"offindex",0.7,0.300627605366576,0.101935350670308,0.433670453134664,0.162084737910222,0.3075,0.12
104,"offindex",0.7,0.144909788004448,0.323073226385398,0.260075794443954,0.427395210708004,0.1425,0.3825
105,"offindex",0.7,0.955516593407815,0.499337105711974,0.976723402426729,0.606055169303668,0.975,0.5225
106,"offindex",0.7,0.988768104593653,0.757327513528871,0.994752658929844,0.819558687139714,0.9875,0.745
107,"offindex",0.7,0.854734040714427,0.616324549330697,0.908086958305125,0.691664487950642,0.84,0.5625
108,"offindex",0.7,0.872055876026276,0.897858134820736,0.931605659243653,0.928008426587394,0.865,0.905
109,"offindex",0.7,0.312881198891016,0.343873011506287,0.490931261725323,0.46440180252369,0.35,0.365
110,"offindex",0.7,0.659588688562557,0.348812422377192,0.78685100338793,0.461905275147871,0.705,0.345
111,"offindex",0.7,0.221357762183104,0.87152276977863,0.372136788042291,0.908859369827773,0.2125,0.8675
112,"offindex",0.7,0.551798149154387,0.718948090361106,0.686548726718554,0.785073431737672,0.5725,0.73
113,"offindex",0.7,0.489834362413141,0.859725515195407,0.640314114219651,0.898022949004601,0.485,0.82
114,"offindex",0.7,0.796635150862037,0.292176696716941,0.879506918918573,0.397675243027777,0.7725,0.26
115,"offindex",0.7,0.871309575114619,0.436131990015878,0.928612142776848,0.543172090777002,0.875,0.46
116,"offindex",0.7,0.533462071328647,0.790182504290163,0.691349100513097,0.84889187559493,0.505,0.7975
117,"offindex",0.7,0.249248970674934,0.490299584852285,0.411389607282293,0.590114239151425,0.275,0.4575
118,"offindex",0.7,0.960337648279432,0.786545884295081,0.977680769187977,0.834750360623113,0.95,0.7625
119,"offindex",0.7,0.797184313961887,0.426442438067984,0.885638515148076,0.530078798144397,0.7925,0.3725
120,"offindex",0.7,0.0782835107139199,0.0660966420094419,0.205756903208156,0.147227101264128,0.0675,0.065
121,"offindex",0.7,0.26451516392983,0.280275094669799,0.424615384097466,0.392620880476335,0.2625,0.29
122,"offindex",0.7,0.794591842466419,0.594678540788332,0.878332668939681,0.673427364198556,0.8325,0.6025
123,"offindex",0.7,0.85485061861169,0.638901721360119,0.917467829381244,0.7185726297396,0.845,0.63
124,"offindex",0.7,0.514143734590115,0.258318858382684,0.683637785433871,0.383421753411987,0.52,0.2875
125,"offindex",0.7,0.00123056144612699,0.152008628885836,0.00658153778142079,0.256834568756654,0.005,0.1775
126,"offindex",0.7,0.944493962344477,0.558269727997161,0.973483279357884,0.651748193147709,0.9425,0.54
127,"offindex",0.7,0.227720710909275,0.469342524903705,0.354433356913937,0.55480858370261,0.275,0.4675
128,"offindex",0.7,0.721903051679397,0.849485522614607,0.83669740463083,0.887814131762761,0.685,0.8375
129,"offindex",0.7,0.401751515060213,0.0873501365609073,0.558943328370522,0.161907399032997,0.38,0.075
130,"offindex",0.7,0.906439566382748,0.617905776355671,0.949999474772501,0.705356620445396,0.925,0.595
131,"offindex",0.7,0.84997953381897,0.79223894376926,0.90636572260894,0.836906630845069,0.84,0.8075
132,"offindex",0.7,0.731970743616927,0.303527814214526,0.834807094691903,0.399912406707103,0.77,0.2675
133,"offindex",0.7,0.165168614228288,0.862615619150747,0.289850202437338,0.896268676032965,0.17,0.89
134,"offindex",0.7,0.514652910571788,0.861516870815493,0.642777641371553,0.892572460216459,0.52,0.8825
135,"offindex",0.7,0.818335831358305,0.508670237128119,0.8956159822312,0.60913862021257,0.84,0.505
136,"offindex",0.7,0.110016089339541,0.0103773041648494,0.22450154439286,0.0319625347906153,0.135,0.01
137,"offindex",0.7,0.937863439927294,0.980341754561784,0.969759201881907,0.989051398896644,0.9525,0.9725
138,"offindex",0.7,0.749121537920496,0.364282881179329,0.83014233212601,0.453403501846525,0.7925,0.3475
139,"offindex",0.7,0.0197232576734285,0.120637083713165,0.0533255838581967,0.197128707275736,0.0175,0.1425
140,"offindex",0.7,0.711211559169128,0.634487820379127,0.822321406471905,0.721090766715557,0.7125,0.6475
141,"offindex",0.7,0.644019982890195,0.387199036436158,0.774017065076511,0.49346799214208,0.6275,0.3525
142,"offindex",0.7,0.828094688002253,0.76995064914521,0.90073048708712,0.830809107206335,0.815,0.785
143,"offindex",0.7,0.224115990817897,0.180807977803285,0.379252890059557,0.275223881986561,0.23,0.175
144,"offindex",0.7,0.366193983666159,0.714154919629127,0.513264162322686,0.775828442277988,0.345,0.74
145,"offindex",0.7,0.152474645080093,0.762701318791559,0.288226504123883,0.822174982051856,0.14,0.7375
146,"offindex",0.7,0.681742658999844,0.861199726578195,0.781145253877426,0.895640117371958,0.645,0.8525
147,"offindex",0.7,0.837279989445534,0.770495356237733,0.912992775157512,0.839452958267502,0.835,0.7325
148,"offindex",0.7,0.134815393585409,0.820421019794136,0.284757033195765,0.877427614286765,0.1525,0.8375
149,"offindex",0.7,0.075283924047122,0.332115894867546,0.152099038147086,0.432304487750909,0.0825,0.2975
150,"offindex",0.7,0.513094833474802,0.0921065597419335,0.656088965111056,0.167335439507794,0.5225,0.1025
151,"offindex",0.7,0.604439795233635,0.754449529208252,0.732926317059124,0.812808507703206,0.6025,0.7575
152,"offindex",0.7,0.364208531350781,0.717683251270051,0.499961413523876,0.773404423150422,0.3675,0.6475
153,"offindex",0.7,0.0131875062324045,0.581642842426485,0.0444127955787448,0.662988767541976,0.02,0.535
154,"offindex",0.7,0.353777828335639,0.915023750725668,0.520619626523972,0.942478742357079,0.3975,0.9125
155,"offindex",0.7,0.667358606700453,0.855416421793544,0.781357857058976,0.895823099131889,0.675,0.85
156,"offindex",0.7,0.988167256228859,0.761020566065707,0.994513597996546,0.8196185744795,0.98,0.7475
157,"offindex",0.7,0.0775067906808741,0.0869315471238497,0.170677259348632,0.156399162127209,0.075,0.0875
158,"offindex",0.7,0.842448238335582,0.544964472172819,0.908826413346298,0.646365442607375,0.865,0.5725
159,"offindex",0.7,0.0604975372440364,0.015161703743646,0.132979067341762,0.0398712344320974,0.055,0.02
160,"offindex",0.7,0.779337289628759,0.665395752359529,0.856247012804514,0.725406492388839,0.8075,0.6725
161,"offindex",0.7,0.748259092049989,0.97694906467659,0.854802240390639,0.985737299616981,0.7775,0.975
162,"offindex",0.7,0.737568298206865,0.893182815233829,0.847754623736693,0.925689840865798,0.735,0.9125
163,"offindex",0.7,0.576532642236474,0.460157941176065,0.712959479144365,0.569604721834048,0.5975,0.5
164,"offindex",0.7,0.976100587826283,0.853764590416186,0.988612945640903,0.898532005519085,0.9925,0.885
165,"offindex",0.7,0.751047341681147,0.500914501271228,0.843748034080961,0.598051049938969,0.77,0.4925
166,"offindex",0.7,0.427906612061331,0.175154636577156,0.559681993511189,0.255217285599401,0.4075,0.1275
167,"offindex",0.7,0.308812654246813,0.472005204347505,0.479009179087822,0.584797566405092,0.3075,0.485
168,"offindex",0.7,0.329952509748502,0.29129879329643,0.500763827594771,0.406265746165151,0.36,0.315
169,"offindex",0.7,0.5362702853653,0.417883144561315,0.689793777371223,0.537840395055241,0.535,0.4
170,"offindex",0.7,0.0373531726943168,0.122735830517256,0.10661733652847,0.216248597374843,0.045,0.1475
171,"offindex",0.7,0.591100345243438,0.562669441135369,0.740177133616156,0.668689949730588,0.6325,0.6075
172,"offindex",0.7,0.852267378884486,0.559815193715957,0.918014262898526,0.647248047120885,0.855,0.5425
173,"offindex",0.7,0.0810684077479664,0.728691313146125,0.176912922520965,0.792716428309413,0.09,0.74
174,"offindex",0.7,0.670064652373465,0.553449992089522,0.790944645444102,0.648682800391367,0.67,0.52
175,"offindex",0.7,0.0885825188417245,0.0646380051184756,0.174013172284466,0.115834935427869,0.08,0.075
176,"offindex",0.7,0.965369062499152,0.835069693156214,0.982397954599474,0.877459401553285,0.97,0.83
177,"offindex",0.7,0.800010707527115,0.356534943315518,0.877891411394717,0.455891045117337,0.8275,0.395
178,"offindex",0.7,0.0943571870479537,0.0345094407808091,0.205107101391909,0.0818954401687001,0.125,0.0575
179,"offindex",0.7,0.787013427816969,0.348952955042215,0.866210705644248,0.43480612817131,0.8125,0.34
180,"offindex",0.7,0.737084989108851,0.879383167698104,0.826482633683258,0.911238247598689,0.775,0.9025
181,"offindex",0.7,0.673841474987838,0.433817291342064,0.799583818557375,0.551826229938402,0.7025,0.4725
182,"offindex",0.7,0.81330908695861,0.658177876050152,0.87943698464115,0.730457540100771,0.845,0.625
183,"offindex",0.7,0.819061858497386,0.721175065443854,0.888594941189877,0.780725060705263,0.8,0.7175
184,"offindex",0.7,0.433553381204113,0.291278953804797,0.593895617914135,0.404390060896602,0.4325,0.27
185,"offindex",0.7,0.901006704546412,0.926953025934634,0.945125310778377,0.95102246724774,0.915,0.915
186,"offindex",0.7,0.998361628931311,0.99403470486996,0.999301907032658,0.996324802046147,1,0.9925
187,"offindex",0.7,0.803715375275147,0.860467910939339,0.885544182165465,0.899768944932118,0.825,0.85
188,"offindex",0.7,0.51042570554724,0.900710441240009,0.670837552898136,0.92905013258242,0.5625,0.8975
189,"offindex",0.7,0.417535387954277,0.531970486935371,0.588064457096179,0.632800554345443,0.41,0.57
190,"offindex",0.7,0.468235766163093,0.457907929751247,0.614953836547895,0.563580962706289,0.51,0.5
191,"offindex",0.7,0.932248477966349,0.751738547307519,0.964976840260777,0.819043876435469,0.9325,0.78
192,"offindex",0.7,0.398594774138068,0.826068434059645,0.549078003040738,0.872090438457668,0.36,0.825
193,"offindex",0.7,0.439747290261477,0.0945575596011938,0.593816311155469,0.171279331992518,0.4775,0.085
194,"offindex",0.7,0.856989422827156,0.986711054503562,0.921109391965159,0.99221029526094,0.8525,0.9875
195,"offindex",0.7,0.487668394974459,0.94229908286698,0.623647781880235,0.962399281673594,0.4775,0.9425
196,"offindex",0.7,0.814364868113375,0.96917344475752,0.886260377489865,0.978585786369188,0.81,0.9575
197,"offindex",0.7,0.402168884719042,0.731993845481233,0.591152292036809,0.800511654196586,0.4575,0.74
198,"offindex",0.7,0.228836568754574,0.199787464101748,0.356482172631198,0.276138538302181,0.2275,0.1825
199,"offindex",0.7,0.845254104192192,0.868947143863719,0.907656053410375,0.905970814148025,0.8475,0.8875
200,"offindex",0.7,0.120863802493282,0.0606126401565207,0.218824844077957,0.110648053880321,0.1075,0.05
201,"offindex",0.7,0.49441790960337,0.798437850800997,0.652918269124123,0.852246720160807,0.4975,0.805
202,"offindex",0.7,0.394132080121026,0.814290661606145,0.546495583923437,0.866424171081211,0.3975,0.8075
203,"offindex",0.7,0.585202569129726,0.844010759961342,0.732179583342445,0.889231522895625,0.6175,0.8425
204,"offindex",0.7,0.930482978100566,0.882785033170087,0.964457490109238,0.915994884567692,0.9275,0.875
205,"offindex",0.7,0.774715570818005,0.378029023110837,0.863318144249214,0.491656852933658,0.7625,0.3625
206,"offindex",0.7,0.232759414621145,0.77114532990246,0.361745254351719,0.821374177295438,0.275,0.8
207,"offindex",0.7,0.158840003618309,0.464942624704252,0.308202858092437,0.580898551593377,0.1625,0.465
208,"offindex",0.7,0.451035020818496,0.666979116808283,0.642634117225091,0.763984654180162,0.455,0.675
209,"offindex",0.7,0.663525772169183,0.49332757974988,0.784421421355148,0.586382233167882,0.67,0.48
210,"offindex",0.7,0.750271006207891,0.800800102217911,0.859889005284848,0.854705571493382,0.715,0.79
211,"offindex",0.7,0.142434373995137,0.284938012922894,0.259749973078748,0.379525481672277,0.165,0.29
212,"offindex",0.7,0.650766982029477,0.65615386335255,0.767014739680701,0.722441138816731,0.72,0.6575
213,"offindex",0.7,0.127575683109206,0.71185421950981,0.263835588865363,0.7872849461068,0.1275,0.7075
214,"offindex",0.7,0.334632151790667,0.387537548113955,0.465264133398711,0.482277032583777,0.315,0.42
215,"offindex",0.7,0.569807905052103,0.647290124859819,0.705849357283681,0.724663648019497,0.5775,0.6775
216,"offindex",0.7,0.87696521335126,0.924674745379333,0.937627743735422,0.951492875714262,0.8725,0.9475
217,"offindex",0.7,0.838207352890301,0.911423580196152,0.922470802984511,0.941805122585586,0.87,0.915
218,"offindex",0.7,0.913187689897927,0.784972517738575,0.952446173881373,0.834258361098146,0.9425,0.7925
219,"offindex",0.7,0.247032315690303,0.138316059454633,0.39004449845594,0.224709295496768,0.2625,0.155
220,"offindex",0.7,0.584555820452807,0.53419613025092,0.723971669187068,0.624477438800683,0.555,0.4975
221,"offindex",0.7,0.846111759849038,0.872410568619602,0.91319295854027,0.908840841389612,0.8325,0.8675
222,"offindex",0.7,0.305960755857413,0.298962588893579,0.435172828986424,0.397712158824715,0.315,0.3675
223,"offindex",0.7,0.197339626990622,0.357987058116098,0.336586857008741,0.472774504581994,0.2125,0.33
224,"offindex",0.7,0.521750838429134,0.931340431169135,0.667447086238909,0.952054035873061,0.525,0.93
225,"offindex",0.7,0.798005160478563,0.368353221646468,0.881108547161206,0.484333169404869,0.8,0.3475
226,"offindex",0.7,0.823267873050277,0.406271110990592,0.878911212785034,0.480517274109687,0.815,0.395
227,"offindex",0.7,0.359906142357872,0.723853940496745,0.511694421567321,0.78927472294587,0.3775,0.745
228,"offindex",0.7,0.485653463403635,0.43090167399801,0.607995633761661,0.516638415362317,0.4825,0.4
229,"offindex",0.7,0.830120851959968,0.69015728473625,0.902294143934724,0.758404807093779,0.85,0.725
230,"offindex",0.7,0.0281091124936603,0.0930637447259554,0.0836175682218572,0.175413550051511,0.0375,0.12
231,"offindex",0.7,0.459610453360521,0.863056849064211,0.586660645526734,0.900109446498682,0.4525,0.885
232,"offindex",0.7,0.84490008131605,0.491893010027105,0.91699255192406,0.609754056132927,0.845,0.51
233,"offindex",0.7,0.788777120649414,0.392243340602787,0.876600410081968,0.495472066436977,0.8,0.3875
234,"offindex",0.7,0.973743102502749,0.9645215370203,0.986125079634781,0.975606442557618,0.97,0.9625
235,"offindex",0.7,0.352536938304273,0.0246476432389149,0.515742047780677,0.0633431144403585,0.3425,0.0225
236,"offindex",0.7,0.491316742546677,0.117059869496183,0.661797499645765,0.21879365521447,0.545,0.1675
237,"offindex",0.7,0.380175625257486,0.0345130217492601,0.552465164500059,0.0792690101068005,0.4125,0.0225
238,"offindex",0.7,0.657797916675328,0.253495867915002,0.774807301568687,0.356668528619154,0.6875,0.24
239,"offindex",0.7,0.415629548009497,0.909841173271804,0.566195462614577,0.936033240520116,0.4225,0.9225
240,"offindex",0.7,0.9947855032643,0.795896800485287,0.997625452374698,0.850704506274494,0.9975,0.805
241,"offindex",0.7,0.926310637046415,0.874975165157653,0.960944400675691,0.908975901396668,0.9425,0.8525
242,"offindex",0.7,0.534595806389151,0.053014627864297,0.691295543537238,0.117726086593095,0.5975,0.0975
243,"offindex",0.7,0.783588817031846,0.279879908031773,0.860726701241031,0.377180252330561,0.8125,0.255
244,"offindex",0.7,0.93929952191294,0.897317854399966,0.968112875171753,0.927089965013047,0.955,0.92
245,"offindex",0.7,0.813983923037145,0.781887281517897,0.889559607677418,0.837683239444755,0.8075,0.745
246,"offindex",0.7,0.299270896759993,0.27589490061415,0.465910770258389,0.381571784333524,0.31,0.3025
247,"offindex",0.7,0.400420007918177,0.446071862306639,0.55548221568569,0.542635810990948,0.3925,0.4225
248,"offindex",0.7,0.637075017622746,0.385065499740873,0.769386601917345,0.490085979503393,0.6225,0.3675
249,"offindex",0.7,0.787225455955003,0.208037968116047,0.863973695649736,0.304998285335469,0.8025,0.1975
250,"offindex",0.7,0.919577334695129,0.836193796303764,0.954076258175179,0.878183427645402,0.925,0.85
251,"offindex",0.7,0.0916221172971443,0.520324163966807,0.180585091433978,0.604442663924406,0.105,0.51
252,"offindex",0.7,0.686400721381551,0.69839208851169,0.81243991417005,0.77888301669544,0.7075,0.705
253,"offindex",0.7,0.327052342321262,0.279870445038658,0.492508587334558,0.390895645375183,0.3075,0.2925
254,"offindex",0.7,0.313685279555617,0.678241248492997,0.460949351303496,0.752951420025639,0.305,0.7075
255,"offindex",0.7,0.60319255339168,0.116147430135737,0.746286650864209,0.207561804127667,0.5975,0.1325
256,"offindex",0.7,0.517431540976698,0.0470419529672232,0.664854705282875,0.0992318639352316,0.515,0.05
257,"offindex",0.7,0.154194869989295,0.0343798082765981,0.278242965802121,0.0791866321982746,0.145,0.0425
258,"offindex",0.7,0.377076071275545,0.267810814844047,0.531135252902167,0.367030583122115,0.3575,0.275
259,"offindex",0.7,0.977625220419137,0.936146776643903,0.988719300943668,0.955388222860293,0.97,0.9425
260,"offindex",0.7,0.606238868620078,0.27787519130128,0.729155630307587,0.369647077613428,0.6425,0.3025
261,"offindex",0.7,0.464812952697138,0.312261454663171,0.606406405166367,0.418908816166063,0.4725,0.3375
262,"offindex",0.7,0.278959362554051,0.279224897704921,0.42683154272873,0.393455702206927,0.29,0.3025
263,"offindex",0.7,0.695028167850855,0.198794671462486,0.811166917976221,0.297986205042941,0.7225,0.1975
264,"offindex",0.7,0.0980496356210417,0.230925714768144,0.187305889019389,0.322878109902574,0.105,0.23
265,"offindex",0.7,0.130957360198881,0.0236234133640745,0.237260771670979,0.055807906658412,0.135,0.0225
266,"offindex",0.7,0.815872427650686,0.290502645485007,0.888371702512535,0.39091656361892,0.8,0.255
267,"offindex",0.7,0.270855871246599,0.345392514936665,0.436595152606751,0.452638763041151,0.285,0.4025
268,"offindex",0.7,0.57247184389351,0.782020272192386,0.689869091677764,0.837135683655075,0.5925,0.785
269,"offindex",0.7,0.536364440033063,0.564280445639093,0.684451481528483,0.657876739717662,0.5375,0.5975
270,"offindex",0.7,0.185436196709656,0.704086251466256,0.301747502218493,0.768436070762265,0.2,0.7075
271,"offindex",0.7,0.879054839534104,0.795122060902074,0.932924144956885,0.853464105622719,0.88,0.82
272,"offindex",0.7,0.403311465149705,0.614516509395628,0.566535134949358,0.697863603164011,0.4075,0.5925
273,"offindex",0.7,0.506613810772825,0.458307509967178,0.66831785786713,0.567269136953037,0.49,0.4575
274,"offindex",0.7,0.101014721431995,0.433952161774811,0.211936102753721,0.539705362302844,0.0925,0.44
275,"offindex",0.7,0.706434373459278,0.933165210439592,0.817358526635505,0.952582145758203,0.71,0.9325
276,"offindex",0.7,0.290768618451815,0.639167304657099,0.411842198822665,0.703423620353303,0.3,0.6575
277,"offindex",0.7,0.51550792605683,0.860460153617247,0.667488117622491,0.900984042071997,0.5175,0.875
278,"offindex",0.7,0.00459763134361135,0.557548144206136,0.0163884350880374,0.628184145484482,0.005,0.595
279,"offindex",0.7,0.697481904549792,0.503140833991974,0.816360695281643,0.605234904076984,0.67,0.4475
280,"offindex",0.7,0.0499876506771098,0.13313383319747,0.114216299060613,0.212767223991038,0.0575,0.1175
281,"offindex",0.7,0.166409657612962,0.355788515673135,0.302944739289279,0.464094158633609,0.17,0.375
282,"offindex",0.7,0.476709371931345,0.77617261762246,0.628327567733666,0.82928470398496,0.5125,0.7775
283,"offindex",0.7,0.923533359382677,0.379304768231771,0.957263234716826,0.49017457568694,0.915,0.425
284,"offindex",0.7,0.491872922073522,0.494148491318054,0.632691715431238,0.585860127771895,0.4775,0.4725
285,"offindex",0.7,0.155214782384489,0.647644206846146,0.276038695983175,0.71123007347564,0.1525,0.61
286,"offindex",0.7,0.597401259253733,0.388980112367428,0.742322866627988,0.504185350140053,0.61,0.385
287,"offindex",0.7,0.558875654855651,0.248454316492709,0.70552257544181,0.355592005130559,0.5125,0.2425
288,"offindex",0.7,0.124136374109232,0.0384680474367991,0.231323021649454,0.0915633993752665,0.1375,0.065
289,"offindex",0.7,0.820625398236919,0.757882979668128,0.890674093655874,0.818933226703764,0.82,0.805
290,"offindex",0.7,0.152233506190281,0.0815466484323194,0.291041735491661,0.157046211171849,0.15,0.07
291,"offindex",0.7,0.490691675170725,0.869703449617018,0.649778459806063,0.909679236259244,0.485,0.8625
292,"offindex",0.7,0.742623479524924,0.477621599036276,0.843988904821214,0.571742746733023,0.745,0.445
293,"offindex",0.7,0.139238211307153,0.229795644269953,0.267548198838548,0.319806646381625,0.16,0.2225
294,"offindex",0.7,0.845191394329001,0.725472394225016,0.903226606976408,0.787198595187961,0.835,0.76
295,"offindex",0.7,0.944998143815001,0.62267881288581,0.969715737010642,0.699213380338507,0.9375,0.63
296,"offindex",0.7,0.214346512576336,0.720612713026912,0.395308491121751,0.803569983994893,0.205,0.705
297,"offindex",0.7,0.943703267343408,0.945847139832291,0.970271514536296,0.963779513944018,0.9575,0.945
298,"offindex",0.7,0.891197679955099,0.683671043077172,0.936545384542044,0.758398836644058,0.89,0.6475
299,"offindex",0.7,0.0340653794716083,0.149929320641688,0.107782485824551,0.273949273029979,0.03,0.165
300,"offindex",0.7,0.783973488052821,0.433777338221337,0.862091734915774,0.518375234962609,0.765,0.44
301,"offindex",0.7,0.28100034979405,0.876403810123442,0.455331800002165,0.914719018024755,0.3,0.8775
302,"offindex",0.7,0.0916358321439217,0.191459152866752,0.189931931182656,0.283934537226149,0.1,0.2025
303,"offindex",0.7,0.382786609386543,0.0945533367622376,0.528967847173035,0.1669392418638,0.3725,0.0975
304,"offindex",0.7,0.382314914769471,0.214673873909282,0.548856312357921,0.31739096604172,0.4075,0.2075
305,"offindex",0.7,0.92704487180255,0.608812783571155,0.959862934659816,0.689529486801732,0.945,0.5975
306,"offindex",0.7,0.950524107934646,0.90539097147121,0.973425676497582,0.933001804013539,0.955,0.9025
307,"offindex",0.7,0.814866171742868,0.790391900053383,0.900733430186503,0.850528851598324,0.83,0.775
308,"offindex",0.7,0.261487413506541,0.944064299860408,0.37361770910035,0.959191733095408,0.26,0.92
309,"offindex",0.7,0.53300953638219,0.0765932432587532,0.656670072571215,0.135057106341197,0.5675,0.0975
310,"offindex",0.7,0.696495505045923,0.263722895175138,0.801936338684239,0.363432106744991,0.675,0.255
311,"offindex",0.7,0.789531245137286,0.726368434258823,0.864539469083003,0.78881841240442,0.8175,0.71
312,"offindex",0.7,0.771581822077032,0.743806213523981,0.868239344444625,0.81078776937181,0.745,0.7525
313,"offindex",0.7,0.441121156733491,0.298308527082652,0.591634592035755,0.405922381713736,0.455,0.34
314,"offindex",0.7,0.169961381393074,0.716388830226813,0.306837507266435,0.78172975257883,0.175,0.74
315,"offindex",0.7,0.227609863436849,0.285519147769116,0.368643832202488,0.403384658065475,0.23,0.2975
316,"offindex",0.7,0.715667185195481,0.887368878894665,0.83557629997648,0.924154885179863,0.755,0.895
317,"offindex",0.7,0.814153848259565,0.687816322970016,0.877624710421116,0.740282081948618,0.8125,0.6375
318,"offindex",0.7,0.711462186033592,0.603218360830604,0.834218087089787,0.709638133159146,0.7175,0.605
319,"offindex",0.7,0.298238854997562,0.0929612431508613,0.438209743996772,0.154131401596066,0.3,0.0925
320,"offindex",0.7,0.553464401888046,0.686403135176607,0.691451018794953,0.755186751675594,0.57,0.68
321,"offindex",0.7,0.939597957207539,0.887989795052116,0.967272991643272,0.917951770764886,0.92,0.89
322,"offindex",0.7,0.323317753213038,0.285721552108207,0.463513765175436,0.388455417094704,0.335,0.325
323,"offindex",0.7,0.0230737618127945,0.0128178711404958,0.0549539316644058,0.034350354631695,0.0275,0.0175
324,"offindex",0.7,0.871197240129636,0.765858194862339,0.918379351837346,0.80755597582527,0.8675,0.7575
325,"offindex",0.7,0.696291385229678,0.799967563162352,0.802525808327664,0.851224618958937,0.7275,0.8225
326,"offindex",0.7,0.655402591924278,0.620267328725175,0.781111294354719,0.708684515290042,0.6425,0.6025
327,"offindex",0.7,0.45603588290842,0.292448207511719,0.587312067319571,0.379587603987165,0.4175,0.2575
328,"offindex",0.7,0.227150744964288,0.0257611784838445,0.359799410005792,0.0587663415055059,0.2325,0.0275
329,"offindex",0.7,0.331274370576827,0.242065294071326,0.503548786094521,0.341935964309685,0.3575,0.2275
330,"offindex",0.7,0.418649928190615,0.0490239210971947,0.568722651517864,0.105025396922578,0.425,0.04
331,"offindex",0.7,0.989812144758963,0.971825516184375,0.995029989272806,0.980764265670332,0.9975,0.97
332,"offindex",0.7,0.331695676868194,0.993192759201702,0.488616320386412,0.995504123052194,0.3425,0.99
333,"offindex",0.7,0.183801428346527,0.0371095053689189,0.316547700588763,0.0807676551109303,0.2125,0.0475
334,"offindex",0.7,0.372939447060783,0.697689228652397,0.545348767044354,0.773459686611935,0.37,0.66
335,"offindex",0.7,0.562084048501594,0.302586581039412,0.69535324074516,0.396340663251766,0.59,0.3375
336,"offindex",0.7,0.534786688623825,0.527938646294548,0.683998709741959,0.619918200413958,0.5325,0.485
337,"offindex",0.7,0.885997110972845,0.931645367908207,0.937907470902165,0.952056472238925,0.9025,0.945
338,"offindex",0.7,0.458782797781845,0.736888317677229,0.639757299171849,0.809868422277043,0.44,0.745
339,"offindex",0.7,0.618456983151858,0.338870495964732,0.755676655804752,0.448590111143085,0.6025,0.35
340,"offindex",0.7,0.650710202663189,0.815097201106514,0.762859512868804,0.857030031772396,0.66,0.8725
341,"offindex",0.7,0.305189061792471,0.620815502094544,0.464296702935577,0.710069571681118,0.325,0.605
342,"offindex",0.7,0.142652554594608,0.95734798970158,0.281541941704374,0.971728140959108,0.135,0.96
343,"offindex",0.7,0.745462853972555,0.585620466474068,0.844228036639989,0.669118024826565,0.7475,0.565
344,"offindex",0.7,0.843559535206299,0.284115422708279,0.909990994160613,0.380915256437203,0.87,0.265
345,"offindex",0.7,0.509930920583443,0.376151746250909,0.682980523267446,0.499050742528288,0.54,0.3875
346,"offindex",0.7,0.369569365248542,0.690230624105347,0.538591333617188,0.770621106480752,0.3875,0.66
347,"offindex",0.7,0.841409937409061,0.239482585638112,0.910126900470577,0.347013952590907,0.82,0.2175
348,"offindex",0.7,0.843359966532866,0.846837979954446,0.900946220791499,0.883272553968871,0.8575,0.86
349,"offindex",0.7,0.963274546300901,0.625309034289484,0.979931501927185,0.693771504618085,0.97,0.64
350,"offindex",0.7,0.695798798877668,0.882973667813301,0.807074533243279,0.915946928675148,0.735,0.8775
351,"offindex",0.7,0.785632451652088,0.785819134491377,0.85854178108666,0.829659525858482,0.7625,0.8
352,"offindex",0.7,0.682294622773969,0.733092149026684,0.786130135015123,0.798846968965854,0.6675,0.74
353,"offindex",0.7,0.259691256061057,0.714177645221389,0.431345663412991,0.788898427971589,0.3025,0.7175
354,"offindex",0.7,0.886175105836249,0.840936025920501,0.94271531530057,0.884020868944817,0.885,0.8325
355,"offindex",0.7,0.735858271989831,0.893461485698647,0.842721935666402,0.923650685326737,0.735,0.89
356,"offindex",0.7,0.182948893409144,0.844401856759815,0.313132776382947,0.883866231962242,0.1675,0.8475
357,"offindex",0.7,0.117539538814156,0.726889646845828,0.228654109317301,0.792832152847459,0.13,0.7675
358,"offindex",0.7,0.896300976325741,0.911834614973855,0.938259459450981,0.936271812092971,0.8875,0.925
359,"offindex",0.7,0.758944914914125,0.343263262476703,0.869048963320085,0.468397265550383,0.775,0.34
360,"offindex",0.7,0.500167434084837,0.853363162278547,0.664526043954036,0.896960387902463,0.54,0.8325
361,"offindex",0.7,0.849682153401018,0.548518256132435,0.906867907355872,0.631120531599635,0.8575,0.5475
362,"offindex",0.7,0.850211591806244,0.757804215681932,0.907585888391149,0.809699307624039,0.85,0.765
363,"offindex",0.7,0.76559293150481,0.764341251277139,0.857689874330005,0.828435379406134,0.7625,0.7975
364,"offindex",0.7,0.161162134901138,0.682899733227586,0.317506095615741,0.76549106244449,0.13,0.74
365,"offindex",0.7,0.823236292088701,0.527097814172934,0.897218651132304,0.613141159616573,0.81,0.4925
366,"offindex",0.7,0.194312297917518,0.710226570196086,0.30551619840674,0.772924864966599,0.195,0.6675
367,"offindex",0.7,0.727557882493023,0.489526309197324,0.82800010116581,0.587282116714642,0.7575,0.5075
368,"offindex",0.7,0.0803568116448735,0.574957336189033,0.177318912727293,0.67049583463894,0.09,0.615
369,"offindex",0.7,0.175262042799502,0.210905392821759,0.317027501737756,0.30397679479138,0.1825,0.21
370,"offindex",0.7,0.359013370689278,0.17377929618957,0.510314024436269,0.253576075029682,0.3725,0.1475
371,"offindex",0.7,0.0293060006382454,0.542453396033138,0.0840622380416899,0.638549920580456,0.0225,0.52
372,"offindex",0.7,0.277881883187911,0.181360963148266,0.438749180701759,0.280046850638432,0.26,0.1725
373,"offindex",0.7,0.957297028010786,0.824222196008372,0.981510844412014,0.880960613151405,0.96,0.84
374,"offindex",0.7,0.743678557225771,0.411740586704723,0.841918526782403,0.505561794381734,0.7475,0.385
375,"offindex",0.7,0.729538784157945,0.740808014740959,0.823820138322028,0.799116839115028,0.7825,0.76
376,"offindex",0.7,0.742300801576323,0.672774938355361,0.840806796864642,0.75229072617614,0.715,0.715
377,"offindex",0.7,0.277878112446483,0.75907448856796,0.445021103633869,0.819314070530027,0.32,0.775
378,"offindex",0.7,0.249619784774028,0.00666445777871005,0.38312571279945,0.0235279898770648,0.23,0.0125
379,"offindex",0.7,0.564308620536804,0.0863741629793358,0.711298016350721,0.163146189676899,0.555,0.08
380,"offindex",0.7,0.0813137615708028,0.269309681722733,0.180708392024847,0.368007509090127,0.0975,0.2875
381,"offindex",0.7,0.757012081777539,0.997282578773165,0.843431161190096,0.998220269698532,0.75,1
382,"offindex",0.7,0.653719989775073,0.57161391719927,0.768987549072312,0.652493694621993,0.665,0.58
383,"offindex",0.7,0.596632119677564,0.171462735616348,0.72444788452635,0.262877723980245,0.5725,0.14
384,"offindex",0.7,0.325608239013642,0.924971493748254,0.492869776854682,0.951496881394284,0.3525,0.9475
385,"offindex",0.7,0.479911370995202,0.144757538323191,0.614455584319052,0.226049791009689,0.4875,0.1425
386,"offindex",0.7,0.0269627008355821,0.388392934281567,0.0859846149876671,0.507886805299378,0.0225,0.4375
387,"offindex",0.7,0.216191439346789,0.675260495306254,0.364464012556776,0.749128377066951,0.2225,0.655
388,"offindex",0.7,0.823345946641192,0.902772456516389,0.905177443211436,0.933645333770959,0.8525,0.9075
389,"offindex",0.7,0.689958531082154,0.667122918919233,0.807944879122361,0.741189286833023,0.7125,0.6625
390,"offindex",0.7,0.272410854118411,0.614376433920546,0.415296928734152,0.691598181501289,0.27,0.575
391,"offindex",0.7,0.450084964456966,0.242148658129495,0.592758121125028,0.336784818019248,0.4625,0.255
392,"offindex",0.7,0.477719805681484,0.775722612479278,0.64083124711164,0.836846009389551,0.49,0.7775
393,"offindex",0.7,0.31380809727127,0.0786039332712627,0.497734496758751,0.165975072153705,0.3325,0.085
394,"offindex",0.7,0.468762022270313,0.732078872895124,0.613722706634056,0.795466072923173,0.455,0.715
395,"offindex",0.7,0.221391641277392,0.625159735668095,0.327004472916159,0.694934168974663,0.26,0.61
396,"offindex",0.7,0.967863176849629,0.908453296272058,0.983486735759138,0.934348206904081,0.9825,0.9025
397,"offindex",0.7,0.409620447669101,0.874840761385711,0.560026408581083,0.910653019336322,0.4125,0.8975
398,"offindex",0.7,0.848569515429698,0.875693727382042,0.915106462369711,0.913170881268306,0.835,0.855
399,"offindex",0.7,0.0146109931897322,0.164704820184306,0.0484947662296676,0.263335816004289,0.02,0.155
400,"offindex",0.7,0.191455559763075,0.59107254423872,0.340135200161199,0.676511492825751,0.21,0.605
401,"offindex",0.7,0.192450907380417,0.113876720992259,0.289497425114097,0.181881859481343,0.205,0.13
402,"offindex",0.7,0.234548028269788,0.378717937863971,0.367910282886529,0.47976273711106,0.1775,0.39
403,"offindex",0.7,0.580663678878476,0.568508454135749,0.71595389403029,0.663051576319218,0.565,0.5625
404,"offindex",0.7,0.696568661450259,0.585586701812728,0.804197161273655,0.672883807958047,0.695,0.595
405,"offindex",0.7,0.425877324636118,0.482262206640789,0.606571204356894,0.593066432118381,0.49,0.52
406,"offindex",0.7,0.152743579858499,0.535591489447681,0.301974400818677,0.639092755709547,0.145,0.53
407,"offindex",0.7,0.555974524094589,0.347715916658468,0.693529866477049,0.456525642040891,0.54,0.3425
408,"offindex",0.7,0.778285451665761,0.39800260762473,0.857682372677683,0.489639262524497,0.795,0.4075
409,"offindex",0.7,0.813699789016678,0.781925203202841,0.890594576339595,0.842379731786142,0.8075,0.7375
410,"offindex",0.7,0.397450151420102,0.838460225202205,0.519421652021317,0.876224001030699,0.38,0.8475
411,"offindex",0.7,0.00774056716403626,0.220841110140913,0.0283069877790094,0.316931308382765,0.015,0.21
412,"offindex",0.7,0.00337099552824993,0.00381250195645622,0.0155771711893055,0.0151557670505933,0.0075,0.0075
413,"offindex",0.7,0.423561992694051,0.864057485930254,0.582974748529852,0.901647730659112,0.4775,0.8575
414,"offindex",0.7,0.537655111455137,0.947766578842585,0.650196009885678,0.960396440733294,0.5075,0.925
415,"offindex",0.7,0.501367819416375,0.49350465321672,0.658145749740391,0.601490818199348,0.4825,0.4775
416,"offindex",0.7,0.306398952736103,0.0794399623165745,0.441663860005389,0.146194022591746,0.3125,0.0925
417,"offindex",0.7,0.0210965157708469,0.776411853052704,0.0608336763901665,0.829508480661089,0.02,0.765
418,"offindex",0.7,0.265932481451522,0.0664326896436409,0.413216494603916,0.131648569614979,0.305,0.0875
419,"offindex",0.7,0.134471486008486,0.278304081134239,0.251322365235056,0.387778877142619,0.1325,0.2675
420,"offindex",0.7,0.733619549516622,0.416450059947641,0.835511910509737,0.535369433580708,0.7325,0.435
421,"offindex",0.7,0.889231696005687,0.413070230196117,0.940223920781713,0.523718970416848,0.895,0.41
422,"offindex",0.7,0.269016405567456,0.0147467565965849,0.378542754401006,0.0334312939763968,0.285,0.015
423,"offindex",0.7,0.130619355190183,0.466975416065722,0.256038250187361,0.582054877513093,0.125,0.485
424,"offindex",0.7,0.445694333707049,0.919554317096507,0.613637273645977,0.945554134234932,0.4325,0.8975
425,"offindex",0.7,0.626903357825763,0.178079008517905,0.752397286840857,0.276323878594467,0.635,0.175
426,"offindex",0.7,0.0818176485276731,0.104457874455155,0.168736864821284,0.177169547404749,0.0975,0.1325
427,"offindex",0.7,0.0417800217066947,0.214054931057394,0.111527145610673,0.324397884584965,0.04,0.225
428,"offindex",0.7,0.54278199303433,0.117298127544688,0.68042644373356,0.194707988424509,0.5425,0.1525
429,"offindex",0.7,0.530507129002882,0.200303498623694,0.66056883038264,0.289013205051379,0.5175,0.2025
430,"offindex",0.7,0.0219778507060291,0.125385352689211,0.0614973082296807,0.19774990587479,0.0225,0.11
431,"offindex",0.7,0.38243683283058,0.913056087492416,0.563465753351564,0.942274400473567,0.4475,0.9075
432,"offindex",0.7,0.442345611783129,0.511134438973704,0.607442523513767,0.603673961467001,0.4725,0.4975
433,"offindex",0.7,0.733902224669986,0.776040744887114,0.834694086426345,0.831331084409793,0.7175,0.7625
434,"offindex",0.7,0.852094546920179,0.311805973863574,0.911596148444603,0.409120584271424,0.8625,0.295
435,"offindex",0.7,0.291242287825377,0.164400697933979,0.476690099245383,0.270369237488715,0.3125,0.1575
436,"offindex",0.7,0.292211342672165,0.512332425611677,0.429011692416941,0.609725830585935,0.3025,0.495
437,"offindex",0.7,0.254934508815325,0.628308283468721,0.426085134189749,0.705010312455723,0.2275,0.605
438,"offindex",0.7,0.0659425634921362,0.0363678445894773,0.146285851782208,0.0782505602890753,0.055,0.05
439,"offindex",0.7,0.662781353201569,0.990035167792576,0.783009354124242,0.993260128582821,0.665,0.9925
440,"offindex",0.7,0.16559726743716,0.0182588980716233,0.326049049670124,0.0587113412157416,0.1525,0.04
441,"offindex",0.7,0.606276006797717,0.65839756639088,0.727539543118164,0.733877516603457,0.6425,0.6675
442,"offindex",0.7,0.823708370791074,0.643051443721255,0.896081819143433,0.726275119432434,0.8775,0.7275
443,"offindex",0.7,0.967850913686696,0.633306648092631,0.982890099286124,0.709571900161878,0.9725,0.6725
444,"offindex",0.7,0.215324344822332,0.0677442041817643,0.35071368046531,0.129470710541836,0.2525,0.075
445,"offindex",0.7,0.76749106675968,0.783686859560603,0.854486848607572,0.830694243421209,0.765,0.78
446,"offindex",0.7,0.305903942569686,0.836680742211144,0.443821511417851,0.8746775620353,0.305,0.8325
447,"offindex",0.7,0.514699278021038,0.12541243821934,0.657483799805151,0.210215749914945,0.515,0.1075
448,"offindex",0.7,0.453951172172219,0.137025014684748,0.602864633171421,0.22163591320919,0.435,0.115
449,"offindex",0.7,0.0426563040436064,0.0916290453684835,0.10532342291483,0.160285393647531,0.05,0.085
450,"offindex",0.7,0.675941177517105,0.687545185538109,0.787823959125562,0.764268854050063,0.7075,0.7125
451,"offindex",0.7,0.966064979405264,0.842406429533314,0.981481442423514,0.883485978380003,0.97,0.835
452,"offindex",0.7,0.219534247370131,0.132824283827747,0.358710815610156,0.221121724980148,0.245,0.1475
453,"offindex",0.7,0.316175242431258,0.750212924130811,0.474728386261177,0.808973804757008,0.3025,0.7375
454,"offindex",0.7,0.602829720258219,0.992040700105998,0.735375672665834,0.994964886901639,0.5775,0.99
455,"offindex",0.7,0.147390310958063,0.327618003457081,0.265883898829861,0.438590893364436,0.1775,0.405
456,"offindex",0.7,0.308533575300271,0.143828789972796,0.434657550982198,0.221625770136144,0.295,0.1325
457,"offindex",0.7,0.80040522274224,0.340363836342765,0.87746052385819,0.428808440530252,0.8025,0.3325
458,"offindex",0.7,0.307630906288813,0.650301563332104,0.453301120033502,0.732284743801121,0.2725,0.675
459,"offindex",0.7,0.352794922481113,0.481603474904417,0.493167307134015,0.575070466060605,0.34,0.5
460,"offindex",0.7,0.467477768407179,0.895105415977477,0.634882224379679,0.925061956477552,0.4775,0.8975
461,"offindex",0.7,0.919444336034765,0.618501894835372,0.956462110430003,0.696844524927705,0.93,0.5925
462,"offindex",0.7,0.917370083891903,0.68987667916073,0.950099407390933,0.746605426037084,0.9275,0.7125
463,"offindex",0.7,0.537356148052679,0.317280021668269,0.6701856303098,0.430017145434207,0.5375,0.3375
464,"offindex",0.7,0.732794299686803,0.319586692186793,0.830770264879654,0.421302317266118,0.7475,0.3225
465,"offindex",0.7,0.304721603520976,0.576808213115956,0.435342630832778,0.659412106966035,0.325,0.5875
466,"offindex",0.7,0.0267347532127207,0.768947441083567,0.0787550270702251,0.825687945906008,0.025,0.815
467,"offindex",0.7,0.154806888590412,0.895821586615229,0.304938478973551,0.933565895669503,0.14,0.9075
468,"offindex",0.7,0.297692706672888,0.109851559579334,0.44974255231121,0.185313625262136,0.2975,0.0975
469,"offindex",0.7,0.208512366741718,0.647744752805431,0.341964949533976,0.723670153936899,0.2425,0.67
470,"offindex",0.7,0.872304313263598,0.535963037483971,0.924734090409276,0.623905309660261,0.8775,0.555
471,"offindex",0.7,0.131483273248266,0.488242063533475,0.249196500002426,0.573413042517554,0.1225,0.4375
472,"offindex",0.7,0.801871125649902,0.552710035444124,0.875053048647525,0.631841346584924,0.835,0.5375
473,"offindex",0.7,0.0749065572523049,0.103204612756632,0.155510781313746,0.173953365990772,0.0875,0.1425
474,"offindex",0.7,0.339853770137678,0.755377220048471,0.493966726149751,0.809157784221453,0.3525,0.7275
475,"offindex",0.7,0.722910779321825,0.853546123158724,0.829384784962647,0.89490734595945,0.7325,0.87
476,"offindex",0.7,0.337604077530982,0.0276310665238155,0.48482292864868,0.0675622907760589,0.3275,0.0325
477,"offindex",0.7,0.384521664542425,0.613308440048816,0.556349312188719,0.698848277390539,0.3975,0.6075
478,"offindex",0.7,0.362505661381268,0.405863048757538,0.515746689627487,0.511845186818577,0.335,0.4025
479,"offindex",0.7,0.279185050689632,0.0431344715334004,0.460395418351851,0.106819280032354,0.2625,0.0875
480,"offindex",0.7,0.0663736246008246,0.18391912161176,0.162630571019881,0.296321789265099,0.05,0.185
481,"offindex",0.7,0.296729589802713,0.227729798409938,0.462506409730745,0.348163396269507,0.285,0.2375
482,"offindex",0.7,0.310902269641743,0.230067297670755,0.469679505226449,0.323908300358263,0.27,0.2025
483,"offindex",0.7,0.0499482417361259,0.053594792272236,0.123329278222777,0.105602074132386,0.0575,0.0525
484,"offindex",0.7,0.684796831096069,0.836837004019605,0.798767119414906,0.877675070342105,0.71,0.8275
485,"offindex",0.7,0.204263070906778,0.408959652339651,0.327113130982426,0.502356712837695,0.195,0.3775
486,"offindex",0.7,0.436719285826774,0.352613287115057,0.615281078908976,0.489237081364934,0.43,0.33
487,"offindex",0.7,0.178100653324914,0.564047904876085,0.296461126706234,0.645645992973196,0.1525,0.5775
488,"offindex",0.7,0.41009901784859,0.375205639708282,0.563316675858814,0.483007944642167,0.445,0.4075
489,"offindex",0.7,0.0619486494325201,0.190711117808565,0.140867982023416,0.27756475665368,0.05,0.215
490,"offindex",0.7,0.880443546247976,0.684890253709563,0.940078988972823,0.767935965810139,0.885,0.725
491,"offindex",0.7,0.565001703961718,0.987245411474513,0.695364431711774,0.992033686527077,0.5575,0.9925
492,"offindex",0.7,0.77894479164474,0.961460908700737,0.858012382099549,0.972842662573248,0.78,0.9475
493,"offindex",0.7,0.1106615040358,0.0294203563428104,0.224708779550713,0.0764687424196075,0.0875,0.0375
494,"offindex",0.7,0.21662033478606,0.295513771325801,0.357243301576916,0.388651191406736,0.2225,0.2725
495,"offindex",0.7,0.00172484309220278,0.0376824714223041,0.00825451691970258,0.076793643450088,0.01,0.0325
496,"offindex",0.7,0.463734767018582,0.70246517465683,0.615736429030276,0.77570188930639,0.46,0.69
497,"offindex",0.7,0.310436948054603,0.460518283115656,0.480749285764517,0.56847037482067,0.3275,0.435
498,"offindex",0.7,0.981899168344972,0.890788395934293,0.991499082521251,0.923296797129895,0.9875,0.8875
499,"offindex",0.7,0.327014358421748,0.993915406199235,0.477301751488236,0.996110446195177,0.3275,0.995
500,"offindex",0.7,0.235204382831343,0.441897582217805,0.395051478325649,0.553891278620894,0.2325,0.44
