"rep","cell","hl","edge_k","deg","rho_hat","e3"
1,"A_p5_lam100",0.0156858846122858,0.618427838684048,3,0.951977221026307,0.618427838684048
2,"A_p5_lam100",0.99768988764939,0.939449909741458,3,0.928600224229534,0.939449909741458
3,"A_p5_lam100",0.944369029032643,0.557882895999913,3,0.907638653354413,0.557882895999913
4,"A_p5_lam100",0.543196382171971,0.678612040930787,3,0.897043723568995,0.678612040930787
5,"A_p5_lam100",0.313869164209781,0.607892757709218,3,0.957694292437185,0.607892757709218
6,"A_p5_lam100",0.182553029640856,0.169849635756588,3,0.955260664598304,0.169849635756588
7,"A_p5_lam100",0.850310684785369,0.601161893755565,3,0.944014721076913,0.601161893755565
8,"A_p5_lam100",0.29232882815167,0.76676451762967,3,0.935977351918536,0.76676451762967
9,"A_p5_lam100",0.722215037102919,0.734519710916394,3,0.926557954291738,0.734519710916394
10,"A_p5_lam100",0.510263672815284,0.733164275395615,3,0.922382147077908,0.733164275395615
11,"A_p5_lam100",0.129474332456118,0.00650572188904597,3,0.950654126901991,0.00650572188904597
12,"A_p5_lam100",0.363247389668471,0.344410021891056,3,0.918939021290608,0.344410021891056
13,"A_p5_lam100",0.457488328133452,0.879286157464227,3,0.948381849910435,0.879286157464227
14,"A_p5_lam100",0.231513183226401,0.47590076934163,3,0.913641100786186,0.47590076934163
15,"A_p5_lam100",0.290281702326617,0.254822306882844,3,0.926126505958724,0.254822306882844
16,"A_p5_lam100",0.355000973181997,0.819329358184111,3,0.9326401124857,0.819329358184111
17,"A_p5_lam100",0.603439666353514,0.711600980109842,3,0.926007954214585,0.711600980109842
18,"A_p5_lam100",0.180247265928078,0.187957479559437,3,0.923992886287522,0.187957479559437
19,"A_p5_lam100",0.658238519264141,0.484937232410106,3,0.93045695206253,0.484937232410106
20,"A_p5_lam100",0.903969876309916,0.914484640237606,3,0.946492391199232,0.914484640237606
21,"A_p5_lam100",0.424808860111134,0.769751154105302,3,0.940962380571585,0.769751154105302
22,"A_p5_lam100",0.665340374496283,0.301605142688564,3,0.932199875228229,0.301605142688564
23,"A_p5_lam100",0.370281209816914,0.123361981123307,3,0.949302891447648,0.123361981123307
24,"A_p5_lam100",0.552825947499049,0.231893887987636,3,0.918904765398377,0.231893887987636
25,"A_p5_lam100",0.0677949445370042,0.403555302891517,3,0.934423806905339,0.403555302891517
26,"A_p5_lam100",0.401020950622323,0.8286474370629,3,0.910857194739287,0.8286474370629
27,"A_p5_lam100",0.988698717525086,0.893778217920542,3,0.932723468321131,0.893778217920542
28,"A_p5_lam100",0.464472287815468,0.245863937249943,3,0.904463380320412,0.245863937249943
29,"A_p5_lam100",0.600628829521666,0.455946766563811,3,0.903275344723365,0.455946766563811
30,"A_p5_lam100",0.622152351196609,0.494349136332104,3,0.955857815622366,0.494349136332104
31,"A_p5_lam100",0.855105202574572,0.513867137250268,3,0.955074927568113,0.513867137250268
32,"A_p5_lam100",0.161527901125596,0.724787369187195,3,0.931393082053428,0.724787369187195
33,"A_p5_lam100",0.525933151090899,0.862307572012607,3,0.923387256471115,0.862307572012607
34,"A_p5_lam100",0.507443238146607,0.662809218974204,3,0.892524855069187,0.662809218974204
35,"A_p5_lam100",0.744104169004302,0.679426316459216,3,0.942230922708323,0.679426316459216
36,"A_p5_lam100",0.428826348324068,0.594218903893327,3,0.952992034341038,0.594218903893327
37,"A_p5_lam100",0.038139431612191,0.573814914296876,3,0.909480434071957,0.573814914296876
38,"A_p5_lam100",0.786984525963518,0.817844355178465,3,0.935298153001383,0.817844355178465
39,"A_p5_lam100",0.326208532884983,0.22110790648589,3,0.917632164913059,0.22110790648589
40,"A_p5_lam100",0.906755401133516,0.795896583144677,3,0.940206314641008,0.795896583144677
41,"A_p5_lam100",0.0721946596963847,0.437872396587276,3,0.925702327045635,0.437872396587276
42,"A_p5_lam100",0.39277070530091,0.879812349296727,3,0.896539209640525,0.879812349296727
43,"A_p5_lam100",0.180213491005519,0.848383492416304,3,0.926765170033804,0.848383492416304
44,"A_p5_lam100",0.938214350979961,0.600663139174137,3,0.957364570424126,0.600663139174137
45,"A_p5_lam100",0.455807218073523,0.113861911238464,3,0.91751784626728,0.113861911238464
46,"A_p5_lam100",0.0521238243907507,0.0082902257862365,3,0.957411481759949,0.0082902257862365
47,"A_p5_lam100",0.726953155169915,0.300727426017877,3,0.924100966588936,0.300727426017877
48,"A_p5_lam100",0.418905690415257,0.107378201454376,3,0.927557647447889,0.107378201454376
49,"A_p5_lam100",0.608109743172113,0.19267297250812,3,0.940267952163018,0.19267297250812
50,"A_p5_lam100",0.0552652553957017,0.0576251839708662,3,0.922924618375518,0.0576251839708662
51,"A_p5_lam100",0.589698402008719,0.182222488034327,3,0.940399553386863,0.182222488034327
52,"A_p5_lam100",0.961248292837555,0.903273946573913,3,0.931739107450121,0.903273946573913
53,"A_p5_lam100",0.217410333225575,0.300212448408087,3,0.954476628485038,0.300212448408087
54,"A_p5_lam100",0.140577785283893,0.302947612861584,3,0.932946327904664,0.302947612861584
55,"A_p5_lam100",0.273350565873108,0.150226894264204,3,0.912742930594802,0.150226894264204
56,"A_p5_lam100",0.6980048491141,0.196539947998299,3,0.932792247583428,0.196539947998299
57,"A_p5_lam100",0.725022076352229,0.106403025259326,3,0.939753798854568,0.106403025259326
58,"A_p5_lam100",0.794486510046605,0.592140570013886,3,0.939717910769154,0.592140570013886
59,"A_p5_lam100",0.911217094874052,0.656626512983509,3,0.916447682921173,0.656626512983509
60,"A_p5_lam100",0.0649747580992475,0.0124398110997552,3,0.955365348800338,0.0124398110997552
61,"A_p5_lam100",0.28610742633939,0.243667361469306,3,0.92788762977227,0.243667361469306
62,"A_p5_lam100",0.423320500218924,0.508932278375503,3,0.923749265321161,0.508932278375503
63,"A_p5_lam100",0.486690223273216,0.277995977508924,3,0.957796185191171,0.277995977508924
64,"A_p5_lam100",0.669479538467824,0.80514849916563,3,0.918342685865541,0.80514849916563
65,"A_p5_lam100",0.361861180818061,0.102304963848022,3,0.960190913574275,0.102304963848022
66,"A_p5_lam100",0.882088942197786,0.659720678917556,3,0.916272221484787,0.659720678917556
67,"A_p5_lam100",0.191586385327546,0.038607195176501,3,0.933519647615866,0.038607195176501
68,"A_p5_lam100",0.655390518607404,0.363608229909075,3,0.930689171937635,0.363608229909075
69,"A_p5_lam100",0.472334361725186,0.919883459481347,3,0.941634213090541,0.919883459481347
70,"A_p5_lam100",0.505167931425906,0.950434504320404,3,0.944706458435807,0.950434504320404
71,"A_p5_lam100",0.789358106872813,0.880683029477107,3,0.924290526494401,0.880683029477107
72,"A_p5_lam100",0.636295416633822,0.337321757601061,3,0.95617049388947,0.337321757601061
73,"A_p5_lam100",0.116507991397862,0.353069715809737,3,0.932220176591762,0.353069715809737
74,"A_p5_lam100",0.496093128285726,0.942066421733045,3,0.917284597753709,0.942066421733045
75,"A_p5_lam100",0.87963534547599,0.451161876335614,3,0.926490997573894,0.451161876335614
76,"A_p5_lam100",0.77553326115709,0.747820398303418,3,0.930558994924323,0.747820398303418
77,"A_p5_lam100",0.171015151033465,0.429873908730724,3,0.92413972253297,0.429873908730724
78,"A_p5_lam100",0.878648795743083,0.727156878115708,3,0.943780445269945,0.727156878115708
79,"A_p5_lam100",0.972518043340064,0.680303715422506,3,0.905097763488283,0.680303715422506
80,"A_p5_lam100",0.199484490155468,0.211618453260298,3,0.915077631002571,0.211618453260298
81,"A_p5_lam100",0.166325888896042,0.637665066168476,3,0.925593861667818,0.637665066168476
82,"A_p5_lam100",0.101835556814276,0.191522625811213,3,0.9280298142225,0.191522625811213
83,"A_p5_lam100",0.938306185890391,0.531527126248335,3,0.939580992336552,0.531527126248335
84,"A_p5_lam100",0.711748723347846,0.585596062742199,3,0.945513954293501,0.585596062742199
85,"A_p5_lam100",0.358986095866835,0.606195058274331,3,0.94035714342178,0.606195058274331
86,"A_p5_lam100",0.572818022158981,0.94339255077221,3,0.936322358235267,0.94339255077221
87,"A_p5_lam100",0.798384678616374,0.337471883238855,3,0.927953355026635,0.337471883238855
88,"A_p5_lam100",0.25702943633288,0.281285182393638,3,0.931391384490915,0.281285182393638
89,"A_p5_lam100",0.0799959016504861,0.0487820096142761,3,0.954606305435307,0.0487820096142761
90,"A_p5_lam100",0.68812302637277,0.273216925319002,3,0.909421185409612,0.273216925319002
91,"A_p5_lam100",0.940115373775712,0.976000496780049,3,0.943458572995253,0.976000496780049
92,"A_p5_lam100",0.457176620518781,0.32176694939573,3,0.923530017701725,0.32176694939573
93,"A_p5_lam100",0.339716636037905,0.347813907065339,3,0.949207859161387,0.347813907065339
94,"A_p5_lam100",0.827716068777667,0.741602267381739,3,0.949100696971279,0.741602267381739
95,"A_p5_lam100",0.845898574853505,0.983968889452024,3,0.953392222739944,0.983968889452024
96,"A_p5_lam100",0.327361477572652,0.754253356347921,3,0.948012477565783,0.754253356347921
97,"A_p5_lam100",0.33363759737281,0.421392188219846,3,0.943843231298655,0.421392188219846
98,"A_p5_lam100",0.395153696516312,0.135304872884459,3,0.9250193936578,0.135304872884459
99,"A_p5_lam100",0.288266865876954,0.311153412910115,3,0.933856158999024,0.311153412910115
100,"A_p5_lam100",0.813051433883808,0.562236795160229,3,0.95328079432525,0.562236795160229
101,"A_p5_lam100",0.645264932939186,0.602736484166071,3,0.922941371856744,0.602736484166071
102,"A_p5_lam100",0.952377276401185,0.549857848749195,3,0.959100287039372,0.549857848749195
103,"A_p5_lam100",0.617463834681656,0.851869221998009,3,0.949086818288268,0.851869221998009
104,"A_p5_lam100",0.646090225910816,0.800456778604988,3,0.92993259085187,0.800456778604988
105,"A_p5_lam100",0.831511216221253,0.654899319908451,3,0.949317776313262,0.654899319908451
106,"A_p5_lam100",0.257596743835553,0.782981418282142,3,0.925532899809751,0.782981418282142
107,"A_p5_lam100",0.923403473995339,0.396638655841956,3,0.924861969917496,0.396638655841956
108,"A_p5_lam100",0.295364354743297,0.872782910384684,3,0.937558666203938,0.872782910384684
109,"A_p5_lam100",0.111878097220306,0.248585021004255,3,0.949752461178987,0.248585021004255
110,"A_p5_lam100",0.975388423201462,0.834154817687057,3,0.937312879194765,0.834154817687057
111,"A_p5_lam100",0.252210858160831,0.61621932364408,3,0.944145685269239,0.61621932364408
112,"A_p5_lam100",0.224631291152362,0.817970444886793,3,0.936950982287198,0.817970444886793
113,"A_p5_lam100",0.200923909958412,0.00733892900605781,3,0.948488506971856,0.00733892900605781
114,"A_p5_lam100",0.242861153765281,0.0389702037028051,3,0.927629984468523,0.0389702037028051
115,"A_p5_lam100",0.750500861770283,0.687056147451457,3,0.91011639187352,0.687056147451457
116,"A_p5_lam100",0.488639745502587,0.722488995681249,3,0.934989925472039,0.722488995681249
117,"A_p5_lam100",0.836149908307676,0.698430515975402,3,0.947292008078491,0.698430515975402
118,"A_p5_lam100",0.882962411686783,0.967385518602117,3,0.925649512926994,0.967385518602117
119,"A_p5_lam100",0.641972019227815,0.854078235120467,3,0.963210868737589,0.854078235120467
120,"A_p5_lam100",0.030371355923228,0.898561721213766,3,0.933277211312765,0.898561721213766
121,"A_p5_lam100",0.0516698527511663,0.0445892572418531,3,0.954546194252157,0.0445892572418531
122,"A_p5_lam100",0.784228059660233,0.411189418455503,3,0.926885651443616,0.411189418455503
123,"A_p5_lam100",0.463471258919231,0.200551302252983,3,0.9587960069647,0.200551302252983
124,"A_p5_lam100",0.644296367602203,0.983159910868761,3,0.917583546232568,0.983159910868761
125,"A_p5_lam100",0.440617015565657,0.860111676922294,3,0.90761311130247,0.860111676922294
126,"A_p5_lam100",0.102720661770334,0.104734400781121,3,0.956181125686176,0.104734400781121
127,"A_p5_lam100",0.975700950613369,0.917043254958244,3,0.94719660016142,0.917043254958244
128,"A_p5_lam100",0.283454947612683,0.26341837517958,3,0.955914554810354,0.26341837517958
129,"A_p5_lam100",0.0261373890437878,0.718259507310566,3,0.949761809298525,0.718259507310566
130,"A_p5_lam100",0.278957940955636,0.932113816811048,3,0.930671950857666,0.932113816811048
131,"A_p5_lam100",0.666924968121901,0.540693664060161,3,0.93670048066889,0.540693664060161
132,"A_p5_lam100",0.928018488840326,0.863623699893093,3,0.957224397312176,0.863623699893093
133,"A_p5_lam100",0.804606393759157,0.648298490923629,3,0.940951557930161,0.648298490923629
134,"A_p5_lam100",0.560606250057802,0.735297788364443,3,0.941024456770166,0.735297788364443
135,"A_p5_lam100",0.0108869434221006,0.146392156672967,3,0.958418701561931,0.146392156672967
136,"A_p5_lam100",0.684753053657342,0.870050966105694,3,0.937926779909136,0.870050966105694
137,"A_p5_lam100",0.530645012442548,0.394692221164475,3,0.955597340422574,0.394692221164475
138,"A_p5_lam100",0.67782174224834,0.20579245373639,3,0.926995228337794,0.20579245373639
139,"A_p5_lam100",0.917873931785044,0.828660237414733,3,0.947856343756916,0.828660237414733
140,"A_p5_lam100",0.471362930153403,0.115683382401829,3,0.938806612197234,0.115683382401829
141,"A_p5_lam100",0.80146014474243,0.978664259367336,3,0.952809742437493,0.978664259367336
142,"A_p5_lam100",0.973849462990608,0.676967872976535,3,0.873192163197971,0.676967872976535
143,"A_p5_lam100",0.403953382796358,0.78467080363988,3,0.949802379736796,0.78467080363988
144,"A_p5_lam100",0.99697144037739,0.807031581828223,3,0.941787728106976,0.807031581828223
145,"A_p5_lam100",0.597215412458353,0.72553495189707,3,0.943927384593873,0.72553495189707
146,"A_p5_lam100",0.900516703067442,0.243361957600221,3,0.904766483799749,0.243361957600221
147,"A_p5_lam100",0.57570149692244,0.817097099177463,3,0.944398512807872,0.817097099177463
148,"A_p5_lam100",0.0720305525945129,0.135891261090545,3,0.95914902148243,0.135891261090545
149,"A_p5_lam100",0.0997502700928807,0.24641959387168,3,0.948896502798388,0.24641959387168
150,"A_p5_lam100",0.706107796991752,0.582837994857298,3,0.954676024014088,0.582837994857298
151,"A_p5_lam100",0.791746343247999,0.577818407205805,3,0.933533798981126,0.577818407205805
152,"A_p5_lam100",0.0428763874434768,0.17270171953606,3,0.920218486676572,0.17270171953606
153,"A_p5_lam100",0.0178019471166454,0.573804064815433,3,0.940612770531762,0.573804064815433
154,"A_p5_lam100",0.954972326325344,0.793490839018906,3,0.946500701600314,0.793490839018906
155,"A_p5_lam100",0.388180668271282,0.222020719279417,3,0.919380408003922,0.222020719279417
156,"A_p5_lam100",0.641422986081199,0.227147955847901,3,0.916296115675653,0.227147955847901
157,"A_p5_lam100",0.833364373705748,0.171124082806621,3,0.943196117875238,0.171124082806621
158,"A_p5_lam100",0.324638967544705,0.0241759194955961,3,0.929201455150229,0.0241759194955961
159,"A_p5_lam100",0.923569859332996,0.513902380616776,3,0.887882703811173,0.513902380616776
160,"A_p5_lam100",0.52898973742105,0.693500824220636,3,0.943178405524277,0.693500824220636
161,"A_p5_lam100",0.335661266049513,0.373773694684577,3,0.921051614411867,0.373773694684577
162,"A_p5_lam100",0.5455918737617,0.498268306956794,3,0.948960263221237,0.498268306956794
163,"A_p5_lam100",0.237876704450196,0.785311618146624,3,0.953068165733194,0.785311618146624
164,"A_p5_lam100",0.635271540521932,0.353986938973965,3,0.924798464085687,0.353986938973965
165,"A_p5_lam100",0.398359405122402,0.955608901161781,3,0.925512606966624,0.955608901161781
166,"A_p5_lam100",0.862569057593603,0.625835143700961,3,0.91335588063551,0.625835143700961
167,"A_p5_lam100",0.366277795193404,0.862534626281271,3,0.937360605958422,0.862534626281271
168,"A_p5_lam100",0.622302978335846,0.579016224092129,3,0.934936275998287,0.579016224092129
169,"A_p5_lam100",0.400597684299227,0.544034499799033,3,0.935638524407987,0.544034499799033
170,"A_p5_lam100",0.532945729016871,0.38883080282651,3,0.93537779299117,0.38883080282651
171,"A_p5_lam100",0.683702266185498,0.719940942782206,3,0.945690403438146,0.719940942782206
172,"A_p5_lam100",0.414531703578438,0.11609246985621,3,0.953298939879569,0.11609246985621
173,"A_p5_lam100",0.423105500028367,0.4574238026796,3,0.944715357374088,0.4574238026796
174,"A_p5_lam100",0.580790498973611,0.757035003531284,3,0.946881368603625,0.757035003531284
175,"A_p5_lam100",0.896777865363103,0.309059545044189,3,0.940691324569089,0.309059545044189
176,"A_p5_lam100",0.229159375373455,0.948181232572554,3,0.895642713299,0.948181232572554
177,"A_p5_lam100",0.269793369664086,0.695126871280057,3,0.928199963189191,0.695126871280057
178,"A_p5_lam100",0.419276340571492,0.296736604578244,3,0.933417929731811,0.296736604578244
179,"A_p5_lam100",0.0737301865693802,0.213523341984508,3,0.922900395192265,0.213523341984508
180,"A_p5_lam100",0.714245836413461,0.623402487475871,3,0.928148211058189,0.623402487475871
181,"A_p5_lam100",0.391186933619986,0.386690970583301,3,0.936993168877813,0.386690970583301
182,"A_p5_lam100",0.0412947489895263,0.125993739722068,3,0.958066922263531,0.125993739722068
183,"A_p5_lam100",0.14701169526957,0.181856366764377,3,0.903406981517076,0.181856366764377
184,"A_p5_lam100",0.4001754851369,0.130009403660587,3,0.944663383498529,0.130009403660587
185,"A_p5_lam100",0.750311163290436,0.35537179550016,3,0.93370190789903,0.35537179550016
186,"A_p5_lam100",0.412896694819917,0.660339172116196,3,0.905600931089504,0.660339172116196
187,"A_p5_lam100",0.704678117954833,0.603706687818333,3,0.931261810534471,0.603706687818333
188,"A_p5_lam100",0.534639231340692,0.460597087493754,3,0.929327580556695,0.460597087493754
189,"A_p5_lam100",0.720576484889713,0.0948130107040626,3,0.90986696194812,0.0948130107040626
190,"A_p5_lam100",0.60188671515219,0.215188738292841,3,0.941770228404019,0.215188738292841
191,"A_p5_lam100",0.997046950764831,0.932253364804292,3,0.950459558982952,0.932253364804292
192,"A_p5_lam100",0.21946270460188,0.0413264271682366,3,0.927027506158255,0.0413264271682366
193,"A_p5_lam100",0.88469148549392,0.539477342236303,3,0.93588221575526,0.539477342236303
194,"A_p5_lam100",0.606815994005013,0.242970155881754,3,0.923451594701031,0.242970155881754
195,"A_p5_lam100",0.893002297180755,0.971863981438706,3,0.951366958136795,0.971863981438706
196,"A_p5_lam100",0.100892962757495,0.150604546943174,3,0.952430138754798,0.150604546943174
197,"A_p5_lam100",0.709448394885001,0.223242828487131,3,0.932482105956872,0.223242828487131
198,"A_p5_lam100",0.231545008575101,0.65216416421802,3,0.909865190680739,0.65216416421802
199,"A_p5_lam100",0.853683631036717,0.372804470625034,3,0.951612122363435,0.372804470625034
200,"A_p5_lam100",0.0447312159912236,0.230014430826867,3,0.94993571621813,0.230014430826867
201,"A_p5_lam100",0.559349196604601,0.800020182391576,3,0.935776201246774,0.800020182391576
202,"A_p5_lam100",0.444190999640329,0.495428106815578,3,0.934789126639736,0.495428106815578
203,"A_p5_lam100",0.116964052085969,0.320978099216771,3,0.928816399145453,0.320978099216771
204,"A_p5_lam100",0.395678393067626,0.887702820132992,3,0.923147046242189,0.887702820132992
205,"A_p5_lam100",0.578139387891753,0.968337715625614,3,0.932277671695032,0.968337715625614
206,"A_p5_lam100",0.794614710751733,0.494614548299781,3,0.919243550845858,0.494614548299781
207,"A_p5_lam100",0.169246997631182,0.0899945131453062,3,0.931881175077035,0.0899945131453062
208,"A_p5_lam100",0.0205997724759609,0.1202347475123,3,0.937840218346615,0.1202347475123
209,"A_p5_lam100",0.730984038860495,0.325901479383241,3,0.936637166358236,0.325901479383241
210,"A_p5_lam100",0.192809747783039,0.294838045206283,3,0.936590521959211,0.294838045206283
211,"A_p5_lam100",0.317696837834149,0.813472041603232,3,0.945344565073986,0.813472041603232
212,"A_p5_lam100",0.5079830497967,0.53152843144906,3,0.90648863975447,0.53152843144906
213,"A_p5_lam100",0.826357249539763,0.986483655075905,3,0.928074224143805,0.986483655075905
214,"A_p5_lam100",0.000583711786138141,0.116691046570265,3,0.917700310282199,0.116691046570265
215,"A_p5_lam100",0.846025039729702,0.765730167441509,3,0.950284930187109,0.765730167441509
216,"A_p5_lam100",0.794368485119109,0.967952901026136,3,0.922727614756972,0.967952901026136
217,"A_p5_lam100",0.660248621644854,0.870306401353231,3,0.938147408166807,0.870306401353231
218,"A_p5_lam100",0.338708832338141,0.297069538730379,3,0.941339055900598,0.297069538730379
219,"A_p5_lam100",0.941731765507422,0.608746767737758,3,0.942207023795393,0.608746767737758
220,"A_p5_lam100",0.884113032852572,0.447620674044816,3,0.914780477763449,0.447620674044816
221,"A_p5_lam100",0.853530496633482,0.419126596869405,3,0.943323403956752,0.419126596869405
222,"A_p5_lam100",0.243710658725395,0.540082944105975,3,0.953253198057294,0.540082944105975
223,"A_p5_lam100",0.480188879553518,0.531628631573796,3,0.937573539459733,0.531628631573796
224,"A_p5_lam100",0.4371959803253,0.787864042335454,3,0.914018548549175,0.787864042335454
225,"A_p5_lam100",0.757634679943968,0.949511684791126,3,0.927113843184408,0.949511684791126
226,"A_p5_lam100",0.124753482309302,0.54709685759242,3,0.945886720225289,0.54709685759242
227,"A_p5_lam100",0.617263363056245,0.296694478099447,3,0.945373425565664,0.296694478099447
228,"A_p5_lam100",0.834242864112936,0.614143513815619,3,0.929895393776831,0.614143513815619
229,"A_p5_lam100",0.38712972930678,0.334153170483434,3,0.937290104660141,0.334153170483434
230,"A_p5_lam100",0.405337575271539,0.543859029720998,3,0.952794523596459,0.543859029720998
231,"A_p5_lam100",0.895102852126076,0.896324137404346,3,0.94775165173221,0.896324137404346
232,"A_p5_lam100",0.617151632361701,0.29358958761702,3,0.939805198076123,0.29358958761702
233,"A_p5_lam100",0.339299021846681,0.93660252107583,3,0.941731132999416,0.93660252107583
234,"A_p5_lam100",0.478391315032915,0.230470700442549,3,0.927378124753041,0.230470700442549
235,"A_p5_lam100",0.422009003572456,0.170040810684669,3,0.954046200357988,0.170040810684669
236,"A_p5_lam100",0.97507403820151,0.391787769195468,3,0.923768310028089,0.391787769195468
237,"A_p5_lam100",0.591720315630592,0.29478307571978,3,0.921595579256784,0.29478307571978
238,"A_p5_lam100",0.0463646711533681,0.145161657762981,3,0.92992568996689,0.145161657762981
239,"A_p5_lam100",0.676348664591691,0.376681775561363,3,0.955303598639771,0.376681775561363
240,"A_p5_lam100",0.369354756060153,0.216068687912055,3,0.942387152341588,0.216068687912055
241,"A_p5_lam100",0.288525676266666,0.0942566124951485,3,0.933661331840755,0.0942566124951485
242,"A_p5_lam100",0.422472288427036,0.301260239605504,3,0.935831810149982,0.301260239605504
243,"A_p5_lam100",0.920075937982667,0.932580524186488,3,0.928211743155279,0.932580524186488
244,"A_p5_lam100",0.140567437917643,0.910337596637935,3,0.952881769890007,0.910337596637935
245,"A_p5_lam100",0.000211724149111303,0.183351808268956,3,0.913870389614176,0.183351808268956
246,"A_p5_lam100",0.0858764996443315,0.555201579660638,3,0.938126634577945,0.555201579660638
247,"A_p5_lam100",0.499334951395406,0.663764262994376,3,0.952526191577527,0.663764262994376
248,"A_p5_lam100",0.143074329520331,0.13508979040391,3,0.925868765718634,0.13508979040391
249,"A_p5_lam100",0.539706629711801,0.214926011869092,3,0.898668477031453,0.214926011869092
250,"A_p5_lam100",0.75083452108289,0.204028672080375,3,0.929485872971379,0.204028672080375
251,"A_p5_lam100",0.832184836889808,0.814354852467162,3,0.909266533998538,0.814354852467162
252,"A_p5_lam100",0.191550970256161,0.467939339423273,3,0.920221989874109,0.467939339423273
253,"A_p5_lam100",0.145553011378097,0.257700117159324,3,0.91335807319311,0.257700117159324
254,"A_p5_lam100",0.869619839323077,0.865261682851452,3,0.942763663601767,0.865261682851452
255,"A_p5_lam100",0.241091890590117,0.191176451597406,3,0.905525430315635,0.191176451597406
256,"A_p5_lam100",0.228135271223185,0.0223842710841526,3,0.935311179830969,0.0223842710841526
257,"A_p5_lam100",0.225471756241603,0.105001143654167,3,0.951250356010187,0.105001143654167
258,"A_p5_lam100",0.576943410399513,0.161826486991152,3,0.953001784004595,0.161826486991152
259,"A_p5_lam100",0.57044249754987,0.540242377120074,3,0.945355996756399,0.540242377120074
260,"A_p5_lam100",0.719397534771071,0.783030665287259,3,0.930170554580983,0.783030665287259
261,"A_p5_lam100",0.176183385900146,0.802585061220021,3,0.959261045090016,0.802585061220021
262,"A_p5_lam100",0.971144059701689,0.494064086938149,3,0.945230415817412,0.494064086938149
263,"A_p5_lam100",0.793783943414387,0.293553731790997,3,0.948919844603961,0.293553731790997
264,"A_p5_lam100",0.628665308364209,0.548754037496129,3,0.949669195380545,0.548754037496129
265,"A_p5_lam100",0.254227836026376,0.22289123048038,3,0.958772776923104,0.22289123048038
266,"A_p5_lam100",0.557796780574829,0.486830868671118,3,0.948472411447581,0.486830868671118
267,"A_p5_lam100",0.161804318940555,0.841570272519495,3,0.934837678821553,0.841570272519495
268,"A_p5_lam100",0.542880124505585,0.429560893405346,3,0.923521547314677,0.429560893405346
269,"A_p5_lam100",0.736577252472504,0.215799319288255,3,0.941273929149278,0.215799319288255
270,"A_p5_lam100",0.801589412652499,0.791253663476281,3,0.906769806263495,0.791253663476281
271,"A_p5_lam100",0.335845786597951,0.724151664709447,3,0.951449593687306,0.724151664709447
272,"A_p5_lam100",0.388485377607296,0.583778120861919,3,0.930531530382643,0.583778120861919
273,"A_p5_lam100",0.0568158445068612,0.00756407461554254,3,0.936445583092691,0.00756407461554254
274,"A_p5_lam100",0.964760129975074,0.951712175381449,3,0.876588801725806,0.951712175381449
275,"A_p5_lam100",0.366308493281624,0.488651163332355,3,0.908146037396757,0.488651163332355
276,"A_p5_lam100",0.765093714741844,0.998426929288365,3,0.935830775977887,0.998426929288365
277,"A_p5_lam100",0.985535607927735,0.775366120813194,3,0.941106087151082,0.775366120813194
278,"A_p5_lam100",0.133528800540186,0.640149115371507,3,0.9495397830943,0.640149115371507
279,"A_p5_lam100",0.322326969387275,0.998502777548913,3,0.941015241623531,0.998502777548913
280,"A_p5_lam100",0.713155991853605,0.654978375286371,3,0.924762194355852,0.654978375286371
281,"A_p5_lam100",0.54919588518748,0.911206350873205,3,0.95622659493293,0.911206350873205
282,"A_p5_lam100",0.318514609247903,0.910169246635767,3,0.932633413784449,0.910169246635767
283,"A_p5_lam100",0.515355428497627,0.992979418317406,3,0.918091310972927,0.992979418317406
284,"A_p5_lam100",0.876150790523125,0.696621053769579,3,0.950145639384309,0.696621053769579
285,"A_p5_lam100",0.613905432520891,0.521776227881956,3,0.930509544999485,0.521776227881956
286,"A_p5_lam100",0.552484550085985,0.216050577739724,3,0.943764846423731,0.216050577739724
287,"A_p5_lam100",0.715646642421916,0.435776972150505,3,0.941469432726563,0.435776972150505
288,"A_p5_lam100",0.786390357056301,0.783529196240291,3,0.946516712720976,0.783529196240291
289,"A_p5_lam100",0.705639608671486,0.403083292982405,3,0.940071464729093,0.403083292982405
290,"A_p5_lam100",0.705006146306915,0.190460255189329,3,0.948082136090729,0.190460255189329
291,"A_p5_lam100",0.4216339856092,0.88700327079821,3,0.931214559277342,0.88700327079821
292,"A_p5_lam100",0.368659864837104,0.84889254697435,3,0.90954125059015,0.84889254697435
293,"A_p5_lam100",0.765792364016342,0.577176818602035,3,0.925091334743771,0.577176818602035
294,"A_p5_lam100",0.33999442717164,0.186726652059358,3,0.925779878660591,0.186726652059358
295,"A_p5_lam100",0.00511031868933165,0.784222026290154,3,0.936631598492737,0.784222026290154
296,"A_p5_lam100",0.987345026823132,0.984154273426917,3,0.92502255842018,0.984154273426917
297,"A_p5_lam100",0.572357956098773,0.558955243797112,3,0.947595696145862,0.558955243797112
298,"A_p5_lam100",0.320585144684888,0.0531975280842784,3,0.929967246461788,0.0531975280842784
299,"A_p5_lam100",0.314839207801313,0.311287937960514,3,0.914791185545881,0.311287937960514
300,"A_p5_lam100",0.3597976265639,0.0844493278878896,3,0.931012996723123,0.0844493278878896
301,"A_p5_lam100",0.0564102412546352,0.378348950115909,3,0.9362646149134,0.378348950115909
302,"A_p5_lam100",0.63635647310206,0.859282756903334,3,0.931176997739562,0.859282756903334
303,"A_p5_lam100",0.0161843854042814,0.147347663346813,3,0.945694870818929,0.147347663346813
304,"A_p5_lam100",0.175442347396972,0.628888990813671,3,0.945479173064376,0.628888990813671
305,"A_p5_lam100",0.830275892569877,0.700078943091152,3,0.951284035277659,0.700078943091152
306,"A_p5_lam100",0.438817415936552,0.324531265028652,3,0.948389386516466,0.324531265028652
307,"A_p5_lam100",0.779278692160405,0.188025322851955,3,0.949525147296467,0.188025322851955
308,"A_p5_lam100",0.0995496089585527,0.763078870496038,3,0.932328939167408,0.763078870496038
309,"A_p5_lam100",0.0134261180601187,0.775963189411441,3,0.942865579244353,0.775963189411441
310,"A_p5_lam100",0.624768570814999,0.269106102916139,3,0.934243188520862,0.269106102916139
311,"A_p5_lam100",0.29211235216529,0.314251108978405,3,0.957512010712033,0.314251108978405
312,"A_p5_lam100",0.0366440129128762,0.843860788379611,3,0.906161918693864,0.843860788379611
313,"A_p5_lam100",0.141595850198412,0.380689590253697,3,0.928863655914292,0.380689590253697
314,"A_p5_lam100",0.383211000846192,0.109597576304415,3,0.929833051805528,0.109597576304415
315,"A_p5_lam100",0.481463557688968,0.189881494743736,3,0.95014735554332,0.189881494743736
316,"A_p5_lam100",0.575774032653806,0.426384738618525,3,0.938649136177382,0.426384738618525
317,"A_p5_lam100",0.550720809446398,0.834337910581439,3,0.950725912151943,0.834337910581439
318,"A_p5_lam100",0.487909807827558,0.446888044042563,3,0.911986316180377,0.446888044042563
319,"A_p5_lam100",0.363573578571603,0.438244313959151,3,0.900849412057817,0.438244313959151
320,"A_p5_lam100",0.930435981340879,0.638403416304389,3,0.922655557022303,0.638403416304389
321,"A_p5_lam100",0.384193224302803,0.343683606253094,3,0.91437820057195,0.343683606253094
322,"A_p5_lam100",0.182153187499877,0.878861968482434,3,0.944820954094546,0.878861968482434
323,"A_p5_lam100",0.655220909861712,0.597327406257495,3,0.952251249590564,0.597327406257495
324,"A_p5_lam100",0.627081884686025,0.553594668881706,3,0.939274982396201,0.553594668881706
325,"A_p5_lam100",0.126208748975826,0.308918234836951,3,0.939746259281832,0.308918234836951
326,"A_p5_lam100",0.917778942591327,0.85912942864671,3,0.943643128193862,0.85912942864671
327,"A_p5_lam100",0.339387010032194,0.220059031749949,3,0.936146785119283,0.220059031749949
328,"A_p5_lam100",0.250085935169954,0.0789204718483216,3,0.925550704717718,0.0789204718483216
329,"A_p5_lam100",0.417363089070213,0.533338133580311,3,0.948699918699419,0.533338133580311
330,"A_p5_lam100",0.993514361695701,0.664290215882573,3,0.91530629233337,0.664290215882573
331,"A_p5_lam100",0.738517437560828,0.256628581582009,3,0.917378499081152,0.256628581582009
332,"A_p5_lam100",0.910092650671567,0.469221415407699,3,0.94902309471054,0.469221415407699
333,"A_p5_lam100",0.448127067210667,0.333336415920342,3,0.910198645550467,0.333336415920342
334,"A_p5_lam100",0.43804098331698,0.418854296745333,3,0.947029530258598,0.418854296745333
335,"A_p5_lam100",0.930703433773426,0.985692020017196,3,0.92930007719043,0.985692020017196
336,"A_p5_lam100",0.0370581416227422,0.0418347878008785,3,0.935000091993362,0.0418347878008785
337,"A_p5_lam100",0.270754580158693,0.215032736633934,3,0.928505865264243,0.215032736633934
338,"A_p5_lam100",0.148423599916338,0.271391090431595,3,0.944317313621365,0.271391090431595
339,"A_p5_lam100",0.750069080615954,0.76371889584181,3,0.921281365129176,0.76371889584181
340,"A_p5_lam100",0.103929967197631,0.405608806526062,3,0.943035787410008,0.405608806526062
341,"A_p5_lam100",0.285624318980972,0.423510039304299,3,0.957176167857455,0.423510039304299
342,"A_p5_lam100",0.130523849514442,0.558668068829011,3,0.92220576034103,0.558668068829011
343,"A_p5_lam100",0.429526768063622,0.555749687850231,3,0.936029299335484,0.555749687850231
344,"A_p5_lam100",0.558184143154816,0.963980785425988,3,0.923612064949534,0.963980785425988
345,"A_p5_lam100",0.660916710868333,0.203759594209458,3,0.919354930396569,0.203759594209458
346,"A_p5_lam100",0.360867421867813,0.137607934444627,3,0.945456980619788,0.137607934444627
347,"A_p5_lam100",0.439495182239562,0.223910474087669,3,0.965664122490573,0.223910474087669
348,"A_p5_lam100",0.555598856811692,0.135234349908252,3,0.944905216887535,0.135234349908252
349,"A_p5_lam100",0.17814272657763,0.86992353264715,3,0.955983571470102,0.86992353264715
350,"A_p5_lam100",0.248893942368831,0.167255572572524,3,0.919747130759031,0.167255572572524
351,"A_p5_lam100",0.375591218301481,0.21592807447528,3,0.928166548309416,0.21592807447528
352,"A_p5_lam100",0.221796805140229,0.143265888357953,3,0.940846610262075,0.143265888357953
353,"A_p5_lam100",0.381561783980799,0.411819954913771,3,0.924960672605562,0.411819954913771
354,"A_p5_lam100",0.307018325047974,0.0631752170696829,3,0.931668191735987,0.0631752170696829
355,"A_p5_lam100",0.401832741259008,0.831137731837657,3,0.937141769728053,0.831137731837657
356,"A_p5_lam100",0.515451293111796,0.590533588802011,3,0.938463811981438,0.590533588802011
357,"A_p5_lam100",0.98012353904382,0.653032788926112,3,0.945526877637618,0.653032788926112
358,"A_p5_lam100",0.853719720114461,0.820428869443431,3,0.9392124212682,0.820428869443431
359,"A_p5_lam100",0.924654348645765,0.92905394720427,3,0.93486166943545,0.92905394720427
360,"A_p5_lam100",0.775055070773013,0.507919590222653,3,0.922787699182502,0.507919590222653
361,"A_p5_lam100",0.0295900471674745,0.0216246531248859,3,0.925097896226817,0.0216246531248859
362,"A_p5_lam100",0.0523609518274976,0.911690547534645,3,0.948106733596535,0.911690547534645
363,"A_p5_lam100",0.973962803266918,0.733760229886139,3,0.927151516334255,0.733760229886139
364,"A_p5_lam100",0.68540249400255,0.647119077413526,3,0.937490576580965,0.647119077413526
365,"A_p5_lam100",0.0772270035760012,0.305347955293115,3,0.935384933037391,0.305347955293115
366,"A_p5_lam100",0.0664265043824896,0.399177705256616,3,0.929297780809637,0.399177705256616
367,"A_p5_lam100",0.998557853610191,0.928112508314412,3,0.935751374566414,0.928112508314412
368,"A_p5_lam100",0.457624449708135,0.19918744311738,3,0.942584834769948,0.19918744311738
369,"A_p5_lam100",0.374349403227564,0.490826408362199,3,0.946848983144844,0.490826408362199
370,"A_p5_lam100",0.902191133533193,0.436580413016754,3,0.926409087993942,0.436580413016754
371,"A_p5_lam100",0.449259592476779,0.353811363669315,3,0.947679580607385,0.353811363669315
372,"A_p5_lam100",0.861144885568046,0.67036635354359,3,0.942577947014208,0.67036635354359
373,"A_p5_lam100",0.48569168677652,0.209639459121443,3,0.943488061245292,0.209639459121443
374,"A_p5_lam100",0.721214528356994,0.698971752928824,3,0.940170834049315,0.698971752928824
375,"A_p5_lam100",0.570536431618757,0.661388842795331,3,0.958669180641372,0.661388842795331
376,"A_p5_lam100",0.405819473523811,0.63272448001614,3,0.96092572526841,0.63272448001614
377,"A_p5_lam100",0.668761748310722,0.951831052849656,3,0.933354006277126,0.951831052849656
378,"A_p5_lam100",0.939746979356388,0.913709041461781,3,0.954368381988104,0.913709041461781
379,"A_p5_lam100",0.263271516864984,0.967893514599469,3,0.934995085585215,0.967893514599469
380,"A_p5_lam100",0.894380119738909,0.431877893451095,3,0.933171373692526,0.431877893451095
381,"A_p5_lam100",0.723767268129202,0.949499992748682,3,0.93936752142285,0.949499992748682
382,"A_p5_lam100",0.773856040460697,0.157949112058158,3,0.942963838287974,0.157949112058158
383,"A_p5_lam100",0.330970093585341,0.221159275223405,3,0.952217602055423,0.221159275223405
384,"A_p5_lam100",0.456234594599717,0.389525166774483,3,0.930495867200073,0.389525166774483
385,"A_p5_lam100",0.610707504325181,0.639380874339148,3,0.936878119059144,0.639380874339148
386,"A_p5_lam100",0.299001797248788,0.0355185688516021,3,0.936512179499364,0.0355185688516021
387,"A_p5_lam100",0.0727429892862173,0.509356785710445,3,0.909630179708648,0.509356785710445
388,"A_p5_lam100",0.237942523597094,0.0408239514186324,3,0.914886395139149,0.0408239514186324
389,"A_p5_lam100",0.969837864277921,0.627022892456615,3,0.949060438492115,0.627022892456615
390,"A_p5_lam100",0.617339737002878,0.70493922999637,3,0.956237618315981,0.70493922999637
391,"A_p5_lam100",0.05177487057176,0.714650841743741,3,0.946228135885047,0.714650841743741
392,"A_p5_lam100",0.201753687261267,0.131405298669168,3,0.936161404454422,0.131405298669168
393,"A_p5_lam100",0.60482980043286,0.332144730279714,3,0.934503983930892,0.332144730279714
394,"A_p5_lam100",0.461279250294287,0.329681389324129,3,0.933907897654753,0.329681389324129
395,"A_p5_lam100",0.141077609370869,0.00869396461178396,3,0.927535716676835,0.00869396461178396
396,"A_p5_lam100",0.809226173737232,0.73572794319412,3,0.908705424922218,0.73572794319412
397,"A_p5_lam100",0.0357204412079124,0.389363457323689,3,0.915782234354804,0.389363457323689
398,"A_p5_lam100",0.108681611047461,0.522926457377737,3,0.918448763743273,0.522926457377737
399,"A_p5_lam100",0.291856914404318,0.510921001517352,3,0.94096461262385,0.510921001517352
400,"A_p5_lam100",0.235506809336722,0.699859702966836,3,0.941149874938295,0.699859702966836
401,"A_p5_lam100",0.0538196697924452,0.718661901121539,3,0.940523328188572,0.718661901121539
402,"A_p5_lam100",0.0982065328540238,0.640351816671231,3,0.922958610537494,0.640351816671231
403,"A_p5_lam100",0.501344626002027,0.476418140555678,3,0.957151194049923,0.476418140555678
404,"A_p5_lam100",0.338201991835407,0.0783095131002827,3,0.918282901629699,0.0783095131002827
405,"A_p5_lam100",0.935376801024885,0.748745322778314,3,0.940849908333134,0.748745322778314
406,"A_p5_lam100",0.0661161515226774,0.749220106622003,3,0.923631933709668,0.749220106622003
407,"A_p5_lam100",0.690993830754023,0.725152908144615,3,0.930766841987268,0.725152908144615
408,"A_p5_lam100",0.340606858350314,0.772198149110812,3,0.957371515194575,0.772198149110812
409,"A_p5_lam100",0.555661706294624,0.436040577499355,3,0.928762583792338,0.436040577499355
410,"A_p5_lam100",0.279946867918301,0.256767818430182,3,0.936176577585313,0.256767818430182
411,"A_p5_lam100",0.64652538293915,0.416783575098144,3,0.94494262004655,0.416783575098144
412,"A_p5_lam100",0.100067569649388,0.129647008983756,3,0.932335534768737,0.129647008983756
413,"A_p5_lam100",0.0492928946962431,0.13818894598344,3,0.93622147454253,0.13818894598344
414,"A_p5_lam100",0.206494401174102,0.433058869693333,3,0.906102159393266,0.433058869693333
415,"A_p5_lam100",0.705948891611717,0.407453150320427,3,0.922545893462161,0.407453150320427
416,"A_p5_lam100",0.84097276020235,0.586193828483246,3,0.93655196166199,0.586193828483246
417,"A_p5_lam100",0.913472755371727,0.762409185747922,3,0.933208275548339,0.762409185747922
418,"A_p5_lam100",0.416448138057771,0.78046977667733,3,0.917767738242285,0.78046977667733
419,"A_p5_lam100",0.643072304959949,0.851267361579086,3,0.938035920212119,0.851267361579086
420,"A_p5_lam100",0.362844308924101,0.503509091379384,3,0.911255398335925,0.503509091379384
421,"A_p5_lam100",0.166046335385453,0.844944470904692,3,0.93024665310822,0.844944470904692
422,"A_p5_lam100",0.656203975005093,0.466900417210054,3,0.944228617139154,0.466900417210054
423,"A_p5_lam100",0.347279415284265,0.619873742224237,3,0.954996884497979,0.619873742224237
424,"A_p5_lam100",0.177438700333099,0.515938288732875,3,0.932511403466921,0.515938288732875
425,"A_p5_lam100",0.753485600762922,0.219339618294636,3,0.958639839736587,0.219339618294636
426,"A_p5_lam100",0.62391066289483,0.271030697452105,3,0.944889744866839,0.271030697452105
427,"A_p5_lam100",0.174014343773392,0.145459965111532,3,0.953696054826281,0.145459965111532
428,"A_p5_lam100",0.0997378302061391,0.123230397620678,3,0.937768083350968,0.123230397620678
429,"A_p5_lam100",0.499786305667018,0.589735214247465,3,0.908470263976304,0.589735214247465
430,"A_p5_lam100",0.410769517353727,0.852945967377819,3,0.94431531960806,0.852945967377819
431,"A_p5_lam100",0.802325641377193,0.729365338894757,3,0.889932477209874,0.729365338894757
432,"A_p5_lam100",0.470232350105772,0.367817977327818,3,0.927747118780501,0.367817977327818
433,"A_p5_lam100",0.530713967387575,0.0601956410246978,3,0.921645535826262,0.0601956410246978
434,"A_p5_lam100",0.435901061145316,0.36619415849365,3,0.963929199816823,0.36619415849365
435,"A_p5_lam100",0.0979024261566961,0.146100636076409,3,0.932870053288189,0.146100636076409
436,"A_p5_lam100",0.00277336528980654,0.00826134411579682,3,0.936785089872458,0.00826134411579682
437,"A_p5_lam100",0.933747826108791,0.305884504012096,3,0.94883534560689,0.305884504012096
438,"A_p5_lam100",0.829277378928485,0.569740560464646,3,0.92751917991475,0.569740560464646
439,"A_p5_lam100",0.249070288648609,0.0131960883028691,3,0.951786735549018,0.0131960883028691
440,"A_p5_lam100",0.892835649732709,0.952126042976964,3,0.906413917492227,0.952126042976964
441,"A_p5_lam100",0.703649245460454,0.236709162448106,3,0.938574077101755,0.236709162448106
442,"A_p5_lam100",0.319850951495372,0.265567405688511,3,0.925512649758164,0.265567405688511
443,"A_p5_lam100",0.145706408337733,0.0348261578802967,3,0.909002952848647,0.0348261578802967
444,"A_p5_lam100",0.957788596567172,0.814187596193802,3,0.95048757307856,0.814187596193802
445,"A_p5_lam100",0.616876437499682,0.845947574070342,3,0.9389798371199,0.845947574070342
446,"A_p5_lam100",0.553185453388496,0.232512485653898,3,0.929211124119487,0.232512485653898
447,"A_p5_lam100",0.490045962456507,0.373574667814164,3,0.948581932313251,0.373574667814164
448,"A_p5_lam100",0.270592900660745,0.0481410088886063,3,0.923711376444262,0.0481410088886063
449,"A_p5_lam100",0.794875644188629,0.143841772631442,3,0.900196571735118,0.143841772631442
450,"A_p5_lam100",0.433281583037695,0.589679647722111,3,0.935177757055961,0.589679647722111
451,"A_p5_lam100",0.629808085368207,0.724988821118208,3,0.955862917099574,0.724988821118208
452,"A_p5_lam100",0.563375170484268,0.924712161001708,3,0.924805955617495,0.924712161001708
453,"A_p5_lam100",0.374484144719722,0.37333962171611,3,0.937134401052217,0.37333962171611
454,"A_p5_lam100",0.760411606860773,0.860094014920007,3,0.929968099753581,0.860094014920007
455,"A_p5_lam100",0.291673366006957,0.246606055339472,3,0.945957117868615,0.246606055339472
456,"A_p5_lam100",0.346420019029438,0.759514361620101,3,0.938901899110426,0.759514361620101
457,"A_p5_lam100",0.297366178849241,0.373649760303962,3,0.958126179912125,0.373649760303962
458,"A_p5_lam100",0.232590272689224,0.540538877065832,3,0.952606447363107,0.540538877065832
459,"A_p5_lam100",0.353687760029088,0.0842499888192536,3,0.893209777884304,0.0842499888192536
460,"A_p5_lam100",0.214367198392792,0.299350309661485,3,0.937512448946808,0.299350309661485
461,"A_p5_lam100",0.755671647340093,0.998363470772909,3,0.899087745757884,0.998363470772909
462,"A_p5_lam100",0.589156385317246,0.905237946424813,3,0.934387541861794,0.905237946424813
463,"A_p5_lam100",0.429039518917528,0.808520958994742,3,0.935027053477056,0.808520958994742
464,"A_p5_lam100",0.996994276916773,0.994758722958009,3,0.930976996900983,0.994758722958009
465,"A_p5_lam100",0.129155884000262,0.679758310386233,3,0.950485047877022,0.679758310386233
466,"A_p5_lam100",0.693268179174292,0.70527626373264,3,0.940235853233848,0.70527626373264
467,"A_p5_lam100",0.640979763441961,0.746971611334153,3,0.938672484998171,0.746971611334153
468,"A_p5_lam100",0.663266580960841,0.705592203082861,3,0.93901013722177,0.705592203082861
469,"A_p5_lam100",0.555292845161333,0.138078207898851,3,0.923780427748805,0.138078207898851
470,"A_p5_lam100",0.425685690915736,0.939022206503634,3,0.956828627194347,0.939022206503634
471,"A_p5_lam100",0.762157911637816,0.891858070547769,3,0.927928845844275,0.891858070547769
472,"A_p5_lam100",0.543583271314164,0.730904826156509,3,0.940796559545158,0.730904826156509
473,"A_p5_lam100",0.297029231453586,0.384322843065638,3,0.944562004635327,0.384322843065638
474,"A_p5_lam100",0.648851207747409,0.601910987012843,3,0.954083754238265,0.601910987012843
475,"A_p5_lam100",0.888772432713485,0.877455195295865,3,0.92539621397917,0.877455195295865
476,"A_p5_lam100",0.88063139871314,0.533422373289815,3,0.928689629448168,0.533422373289815
477,"A_p5_lam100",0.279971626906152,0.640599560749441,3,0.955747945392271,0.640599560749441
478,"A_p5_lam100",0.659038258751743,0.431653375804073,3,0.932870778233242,0.431653375804073
479,"A_p5_lam100",0.21293202403381,0.373254327618842,3,0.937707565625327,0.373254327618842
480,"A_p5_lam100",0.859264119779492,0.64473554352982,3,0.919253644068309,0.64473554352982
481,"A_p5_lam100",0.996309999489909,0.857926057723936,3,0.914531125136954,0.857926057723936
482,"A_p5_lam100",0.399973667961114,0.166624535582613,3,0.933090585937286,0.166624535582613
483,"A_p5_lam100",0.0330408659870092,0.00457315267485803,3,0.943194921274549,0.00457315267485803
484,"A_p5_lam100",0.865542390563299,0.820791202541741,3,0.921396573572943,0.820791202541741
485,"A_p5_lam100",0.0598643627905948,0.00809989471233374,3,0.889165694304076,0.00809989471233374
486,"A_p5_lam100",0.239302310027655,0.558588733400617,3,0.935937464150134,0.558588733400617
487,"A_p5_lam100",0.289661306053138,0.595860127107842,3,0.936398221770305,0.595860127107842
488,"A_p5_lam100",0.589611294650674,0.374778835584085,3,0.941311772539735,0.374778835584085
489,"A_p5_lam100",0.209865972405639,0.942975531014352,3,0.935319264964931,0.942975531014352
490,"A_p5_lam100",0.126940996955891,0.255545884979564,3,0.928108492568069,0.255545884979564
491,"A_p5_lam100",0.497939086092397,0.220489011964333,3,0.950299693837197,0.220489011964333
492,"A_p5_lam100",0.109599666114259,0.0312144346678577,3,0.944229565288161,0.0312144346678577
493,"A_p5_lam100",0.294055054427639,0.438282584315873,3,0.961435279164917,0.438282584315873
494,"A_p5_lam100",0.42876581435842,0.255516343107668,3,0.921793504714065,0.255516343107668
495,"A_p5_lam100",0.205259971414963,0.897196790399857,3,0.931932696715903,0.897196790399857
496,"A_p5_lam100",0.259121657803912,0.93753349601142,3,0.941716664944076,0.93753349601142
497,"A_p5_lam100",0.138843106938831,0.128584589448041,3,0.940389049696522,0.128584589448041
498,"A_p5_lam100",0.510685938263069,0.879717945661756,3,0.920139251197185,0.879717945661756
499,"A_p5_lam100",0.524559033268645,0.395133889163698,3,0.936910007525637,0.395133889163698
500,"A_p5_lam100",0.133732569504044,0.0299630452250743,3,0.929021752405473,0.0299630452250743
1,"A_p5_lam137",0.00370323394314553,0.637523110779835,3,0.948870182125183,0.637523110779835
2,"A_p5_lam137",0.998678135539915,0.916622888508562,3,0.924115579227841,0.916622888508562
3,"A_p5_lam137",0.881137850842612,0.593492967549583,3,0.90059779940017,0.593492967549583
4,"A_p5_lam137",0.441749285714201,0.711653523054562,3,0.888402296190782,0.711653523054562
5,"A_p5_lam137",0.238848000540119,0.651830713722748,3,0.954773256147083,0.651830713722748
6,"A_p5_lam137",0.105691118024116,0.155326842421795,3,0.952310005353993,0.155326842421795
7,"A_p5_lam137",0.839215803355477,0.561692105092461,3,0.939999982746184,0.561692105092461
8,"A_p5_lam137",0.635922931858288,0.688566093752977,3,0.931098588060609,0.688566093752977
9,"A_p5_lam137",0.716511478027328,0.722798222685682,3,0.920663630738358,0.722798222685682
10,"A_p5_lam137",0.502698018753279,0.747069395753893,3,0.916331556131735,0.747069395753893
11,"A_p5_lam137",0.118999523816556,0.00523013513806792,3,0.947293004026146,0.00523013513806792
12,"A_p5_lam137",0.365077829156771,0.347959502647189,3,0.913016930886633,0.347959502647189
13,"A_p5_lam137",0.16013618033503,0.846579099700349,3,0.944725818086957,0.846579099700349
14,"A_p5_lam137",0.172797021523473,0.489892479315713,3,0.908231550418135,0.489892479315713
15,"A_p5_lam137",0.172051173420122,0.237983214966204,3,0.921088530899744,0.237983214966204
16,"A_p5_lam137",0.33374567817613,0.82029123264987,3,0.927943922851401,0.82029123264987
17,"A_p5_lam137",0.582043424414418,0.656963512378211,3,0.921169561161733,0.656963512378211
18,"A_p5_lam137",0.264683330207524,0.194466791109231,3,0.917974498466698,0.194466791109231
19,"A_p5_lam137",0.726687194995036,0.459391775272891,3,0.925815642110606,0.459391775272891
20,"A_p5_lam137",0.978733380573751,0.956203940761783,3,0.942252533180291,0.956203940761783
21,"A_p5_lam137",0.414458928005699,0.74333165490893,3,0.937086410296882,0.74333165490893
22,"A_p5_lam137",0.491032658784002,0.31467373643344,3,0.927214070930223,0.31467373643344
23,"A_p5_lam137",0.329663806568953,0.0966701942043731,3,0.945413769081575,0.0966701942043731
24,"A_p5_lam137",0.4999372951519,0.269590046815731,3,0.913204598229072,0.269590046815731
25,"A_p5_lam137",0.0650633120397324,0.368300837659244,3,0.929400198586975,0.368300837659244
26,"A_p5_lam137",0.396665940106203,0.820027101538848,3,0.904263980854763,0.820027101538848
27,"A_p5_lam137",0.986070030875695,0.842264409168574,3,0.927626938338201,0.842264409168574
28,"A_p5_lam137",0.393218143813971,0.243578110058684,3,0.896596242437853,0.243578110058684
29,"A_p5_lam137",0.496009900849002,0.458660514272648,3,0.896123828859667,0.458660514272648
30,"A_p5_lam137",0.456308061025412,0.493608501919007,3,0.952413180466417,0.493608501919007
31,"A_p5_lam137",0.89918566458141,0.565485904688522,3,0.95204668765558,0.565485904688522
32,"A_p5_lam137",0.132721277217571,0.519522300085857,3,0.925979947048242,0.519522300085857
33,"A_p5_lam137",0.610321520839538,0.865656950242705,3,0.917530106025262,0.865656950242705
34,"A_p5_lam137",0.634091045987583,0.688193600183824,3,0.884581241369701,0.688193600183824
35,"A_p5_lam137",0.741614499467173,0.674432420839488,3,0.937438996923311,0.674432420839488
36,"A_p5_lam137",0.522363690114539,0.519445857778047,3,0.949962001051912,0.519445857778047
37,"A_p5_lam137",0.0504624631060568,0.493184636133044,3,0.901725581568478,0.493184636133044
38,"A_p5_lam137",0.802624868648915,0.936123618131239,3,0.931175301254855,0.936123618131239
39,"A_p5_lam137",0.238772917116172,0.213860689494539,3,0.912392751331014,0.213860689494539
40,"A_p5_lam137",0.942713640889619,0.742256430013404,3,0.935607256009931,0.742256430013404
41,"A_p5_lam137",0.0532586681360537,0.400164330650259,3,0.920104305583367,0.400164330650259
42,"A_p5_lam137",0.502818483658351,0.898548761310911,3,0.88690356064507,0.898548761310911
43,"A_p5_lam137",0.177255883796657,0.849851149179264,3,0.92114472095909,0.849851149179264
44,"A_p5_lam137",0.939362627426959,0.644642037763359,3,0.954286181696589,0.644642037763359
45,"A_p5_lam137",0.382905991955259,0.0948873369760035,3,0.910962083079984,0.0948873369760035
46,"A_p5_lam137",0.0598365160006358,0.0072384128879831,3,0.954357413355345,0.0072384128879831
47,"A_p5_lam137",0.628203640520644,0.368330266184436,3,0.917850741874564,0.368330266184436
48,"A_p5_lam137",0.426031144985494,0.0859325926840294,3,0.922039075661254,0.0859325926840294
49,"A_p5_lam137",0.663123401729623,0.25451175123424,3,0.935868405610158,0.25451175123424
50,"A_p5_lam137",0.0612462588315823,0.060132969026772,3,0.916875355578234,0.060132969026772
51,"A_p5_lam137",0.726065562297353,0.380696815195854,3,0.936347695791126,0.380696815195854
52,"A_p5_lam137",0.961633791414133,0.902321462964182,3,0.926885882889126,0.902321462964182
53,"A_p5_lam137",0.18196290822109,0.298204470253225,3,0.951966245285851,0.298204470253225
54,"A_p5_lam137",0.144682013335609,0.376525686390509,3,0.927496384149907,0.376525686390509
55,"A_p5_lam137",0.378208458075869,0.17400680390336,3,0.907009791569566,0.17400680390336
56,"A_p5_lam137",0.596613081333428,0.165869504051131,3,0.928109768339455,0.165869504051131
57,"A_p5_lam137",0.647422845529437,0.100517316648843,3,0.934419020104022,0.100517316648843
58,"A_p5_lam137",0.795995531938649,0.661498460166855,3,0.934984844644382,0.661498460166855
59,"A_p5_lam137",0.84474124061663,0.511205456672208,3,0.91006165302442,0.511205456672208
60,"A_p5_lam137",0.0434825395683206,0.0127304113365388,3,0.952289809291661,0.0127304113365388
61,"A_p5_lam137",0.314099958960366,0.19124927672876,3,0.921921225285365,0.19124927672876
62,"A_p5_lam137",0.254244831992442,0.308106087799394,3,0.918405359972044,0.308106087799394
63,"A_p5_lam137",0.30412307337893,0.228072254634275,3,0.95432004526978,0.228072254634275
64,"A_p5_lam137",0.672125774382346,0.824125377373465,3,0.911281307704096,0.824125377373465
65,"A_p5_lam137",0.44694670297606,0.103409960421186,3,0.957705309423533,0.103409960421186
66,"A_p5_lam137",0.785817228052081,0.749993911826788,3,0.909734086664745,0.749993911826788
67,"A_p5_lam137",0.177715532663446,0.0437976036433467,3,0.928290585167144,0.0437976036433467
68,"A_p5_lam137",0.628394865156304,0.329505860946584,3,0.924372985571593,0.329505860946584
69,"A_p5_lam137",0.502866160487509,0.87448517980974,3,0.937351661521162,0.87448517980974
70,"A_p5_lam137",0.295594252576025,0.926407418590903,3,0.94016812889275,0.926407418590903
71,"A_p5_lam137",0.842617721021144,0.839035574117569,3,0.917872038587796,0.839035574117569
72,"A_p5_lam137",0.712001844532148,0.42858287380407,3,0.953128896047422,0.42858287380407
73,"A_p5_lam137",0.118972429068389,0.367097063391181,3,0.927250937376567,0.367097063391181
74,"A_p5_lam137",0.539816911249747,0.831821453549531,3,0.910105078487672,0.831821453549531
75,"A_p5_lam137",0.883786704704218,0.500213454688167,3,0.921002406670818,0.500213454688167
76,"A_p5_lam137",0.780813245513444,0.780166311436214,3,0.92610377303791,0.780166311436214
77,"A_p5_lam137",0.129308226099193,0.408565080414129,3,0.917887677233497,0.408565080414129
78,"A_p5_lam137",0.840199968074356,0.726728916919393,3,0.939698046632893,0.726728916919393
79,"A_p5_lam137",0.97097873166344,0.663988243347022,3,0.898435982857247,0.663988243347022
80,"A_p5_lam137",0.194632574312576,0.207841572052675,3,0.908766379098534,0.207841572052675
81,"A_p5_lam137",0.162999458252698,0.613465519607764,3,0.920505697100667,0.613465519607764
82,"A_p5_lam137",0.104644282119339,0.210817752928286,3,0.921997679068962,0.210817752928286
83,"A_p5_lam137",0.9100291588031,0.619247682917013,3,0.93568074488816,0.619247682917013
84,"A_p5_lam137",0.494531630248382,0.485139889613749,3,0.941265932919102,0.485139889613749
85,"A_p5_lam137",0.436195910180901,0.527192643109264,3,0.935392848112812,0.527192643109264
86,"A_p5_lam137",0.52203528063392,0.955828474347503,3,0.932141260910638,0.955828474347503
87,"A_p5_lam137",0.816774030724037,0.289051302778741,3,0.922076116507953,0.289051302778741
88,"A_p5_lam137",0.417620685214397,0.286443768729008,3,0.926262592569023,0.286443768729008
89,"A_p5_lam137",0.0844174146397161,0.0855765081244815,3,0.951552605514174,0.0855765081244815
90,"A_p5_lam137",0.683697328365195,0.29101779805156,3,0.902058901749038,0.29101779805156
91,"A_p5_lam137",0.959914899506523,0.959950104805848,3,0.939509220264269,0.959950104805848
92,"A_p5_lam137",0.534370851012099,0.360864062472881,3,0.918936863027584,0.360864062472881
93,"A_p5_lam137",0.464406067476103,0.288345018717298,3,0.945169551812602,0.288345018717298
94,"A_p5_lam137",0.761314030995488,0.719690459518602,3,0.945060723714172,0.719690459518602
95,"A_p5_lam137",0.78879159636893,0.92430662438484,3,0.94987201264702,0.92430662438484
96,"A_p5_lam137",0.822390557914454,0.74189105232005,3,0.943672067167301,0.74189105232005
97,"A_p5_lam137",0.427896142181412,0.379380404820433,3,0.940166086234151,0.379380404820433
98,"A_p5_lam137",0.389576632757023,0.12940526325806,3,0.919499868002666,0.12940526325806
99,"A_p5_lam137",0.457083257028035,0.257150575513516,3,0.929005857002538,0.257150575513516
100,"A_p5_lam137",0.874082761077647,0.617722373126788,3,0.949716669790383,0.617722373126788
101,"A_p5_lam137",0.575203916454228,0.576990454250701,3,0.917073717945536,0.576990454250701
102,"A_p5_lam137",0.983099898879223,0.548229654537227,3,0.956256345664633,0.548229654537227
103,"A_p5_lam137",0.613053714421657,0.817209911792313,3,0.945322715056869,0.817209911792313
104,"A_p5_lam137",0.528391261035806,0.781217187920422,3,0.92417527622607,0.781217187920422
105,"A_p5_lam137",0.847581104283796,0.671911821782982,3,0.945779423346144,0.671911821782982
106,"A_p5_lam137",0.346663701248801,0.8255042114606,3,0.920303803663278,0.8255042114606
107,"A_p5_lam137",0.983287043774779,0.538874803256003,3,0.919765718894319,0.538874803256003
108,"A_p5_lam137",0.506122928487457,0.805762618704263,3,0.933039708835107,0.805762618704263
109,"A_p5_lam137",0.183434993633784,0.266172944548165,3,0.945604207779951,0.266172944548165
110,"A_p5_lam137",0.955810539835938,0.836857700963173,3,0.932674862246993,0.836857700963173
111,"A_p5_lam137",0.378143069076443,0.651353995114461,3,0.940747689116636,0.651353995114461
112,"A_p5_lam137",0.168545944513381,0.782882592200232,3,0.931437198403674,0.782882592200232
113,"A_p5_lam137",0.208231670761004,0.00999853546590368,3,0.944049700520925,0.00999853546590368
114,"A_p5_lam137",0.3736350183475,0.058758119556282,3,0.921905665566611,0.058758119556282
115,"A_p5_lam137",0.554505528201366,0.628759222082692,3,0.903119648595326,0.628759222082692
116,"A_p5_lam137",0.480488945130841,0.744846418149555,3,0.929602962400912,0.744846418149555
117,"A_p5_lam137",0.824526926887502,0.66467002568535,3,0.944353676988754,0.66467002568535
118,"A_p5_lam137",0.880695239855789,0.965520801504368,3,0.920448512351572,0.965520801504368
119,"A_p5_lam137",0.697954748047124,0.89702638644128,3,0.960054071778996,0.89702638644128
120,"A_p5_lam137",0.0240295876306498,0.937348982461725,3,0.928008264724797,0.937348982461725
121,"A_p5_lam137",0.116592266052654,0.06998280532365,3,0.951413412208113,0.06998280532365
122,"A_p5_lam137",0.691382277532486,0.396542915149566,3,0.921166513802766,0.396542915149566
123,"A_p5_lam137",0.338608489250061,0.184622949470536,3,0.956057705688447,0.184622949470536
124,"A_p5_lam137",0.646508236127107,0.960608888903,3,0.910923397486839,0.960608888903
125,"A_p5_lam137",0.370193580904228,0.847703075435806,3,0.900639377722285,0.847703075435806
126,"A_p5_lam137",0.126995679425623,0.0935388092202425,3,0.95361957448266,0.0935388092202425
127,"A_p5_lam137",0.992782438880612,0.908515970692176,3,0.943262935140036,0.908515970692176
128,"A_p5_lam137",0.244764401523002,0.207948375517974,3,0.952918271436681,0.207948375517974
129,"A_p5_lam137",0.0641112495396134,0.867443565044019,3,0.946397540683438,0.867443565044019
130,"A_p5_lam137",0.527196907199136,0.882312302576982,3,0.925543742140953,0.882312302576982
131,"A_p5_lam137",0.88481436087308,0.676311044320289,3,0.931841517776049,0.676311044320289
132,"A_p5_lam137",0.956242868551468,0.834269074234827,3,0.954130693273373,0.834269074234827
133,"A_p5_lam137",0.908976347174924,0.689900994500382,3,0.936696229895323,0.689900994500382
134,"A_p5_lam137",0.706587170633608,0.709475558273776,3,0.936808386486598,0.709475558273776
135,"A_p5_lam137",0.0243017073143982,0.260689973283207,3,0.955367638624759,0.260689973283207
136,"A_p5_lam137",0.82827621836289,0.826713389141199,3,0.93302804291963,0.826713389141199
137,"A_p5_lam137",0.489308759260411,0.177525683090396,3,0.952331946083082,0.177525683090396
138,"A_p5_lam137",0.63935163019607,0.1989646218032,3,0.92138858042574,0.1989646218032
139,"A_p5_lam137",0.949137834634085,0.816199764924932,3,0.943937328174395,0.816199764924932
140,"A_p5_lam137",0.516338933367176,0.138101741375575,3,0.934125063430222,0.138101741375575
141,"A_p5_lam137",0.891901353663255,0.977651776686848,3,0.949293969155116,0.977651776686848
142,"A_p5_lam137",0.949463051280162,0.698044360060845,3,0.863901044566517,0.698044360060845
143,"A_p5_lam137",0.289136508298345,0.800165388438335,3,0.945702804548495,0.800165388438335
144,"A_p5_lam137",0.992219541468595,0.829451012574412,3,0.937332400083145,0.829451012574412
145,"A_p5_lam137",0.386263293193619,0.754798220716634,3,0.939337688896388,0.754798220716634
146,"A_p5_lam137",0.910275760588369,0.256638130855396,3,0.896686212840157,0.256638130855396
147,"A_p5_lam137",0.635325050886353,0.795838105475508,3,0.939897831392247,0.795838105475508
148,"A_p5_lam137",0.107705635105881,0.149815908401046,3,0.956302459007102,0.149815908401046
149,"A_p5_lam137",0.140270111961462,0.258322875624021,3,0.945448562211907,0.258322875624021
150,"A_p5_lam137",0.782550387625468,0.788282478876295,3,0.951610263311431,0.788282478876295
151,"A_p5_lam137",0.882912584590176,0.594478493422069,3,0.929013501448771,0.594478493422069
152,"A_p5_lam137",0.127334398124637,0.215899414625707,3,0.914360727776787,0.215899414625707
153,"A_p5_lam137",0.132931806514388,0.621452383916417,3,0.936516626418305,0.621452383916417
154,"A_p5_lam137",0.972045419997383,0.77109907706271,3,0.942817419536316,0.77109907706271
155,"A_p5_lam137",0.496042742294962,0.266362489899357,3,0.912491163700144,0.266362489899357
156,"A_p5_lam137",0.396754206244813,0.239103034149456,3,0.910610680374951,0.239103034149456
157,"A_p5_lam137",0.716328528413592,0.170686619375287,3,0.939217150523292,0.170686619375287
158,"A_p5_lam137",0.307111157545184,0.0211414337910466,3,0.924139272455656,0.0211414337910466
159,"A_p5_lam137",0.927136889200439,0.527394619220009,3,0.879592978726291,0.527394619220009
160,"A_p5_lam137",0.614555387017697,0.57077709786856,3,0.939322633039975,0.57077709786856
161,"A_p5_lam137",0.321405054640317,0.30375996164231,3,0.91573643534191,0.30375996164231
162,"A_p5_lam137",0.458462557083406,0.468851662349747,3,0.94584908171182,0.468851662349747
163,"A_p5_lam137",0.230829023841803,0.766750537313511,3,0.94982187385292,0.766750537313511
164,"A_p5_lam137",0.647370354453166,0.365958975991201,3,0.918250470864563,0.365958975991201
165,"A_p5_lam137",0.39191493727259,0.941175498794789,3,0.921051678868094,0.941175498794789
166,"A_p5_lam137",0.607634314186214,0.400879839936318,3,0.905778198019407,0.400879839936318
167,"A_p5_lam137",0.425074928314204,0.887433192089158,3,0.932505052694076,0.887433192089158
168,"A_p5_lam137",0.607182526448463,0.550779229190631,3,0.930482641802593,0.550779229190631
169,"A_p5_lam137",0.215797540502299,0.668218863351784,3,0.931076968366907,0.668218863351784
170,"A_p5_lam137",0.49323350439363,0.569592762513375,3,0.929937374063489,0.569592762513375
171,"A_p5_lam137",0.669796670453955,0.678460231677637,3,0.942091803603432,0.678460231677637
172,"A_p5_lam137",0.426761717586002,0.151715470857931,3,0.94980147218196,0.151715470857931
173,"A_p5_lam137",0.431658372590911,0.498915037922034,3,0.941422792852587,0.498915037922034
174,"A_p5_lam137",0.499427890009018,0.775956840370556,3,0.943272081482937,0.775956840370556
175,"A_p5_lam137",0.92013378678093,0.33824349265853,3,0.936554687515991,0.33824349265853
176,"A_p5_lam137",0.251968433009252,0.915863889405637,3,0.888257997014548,0.915863889405637
177,"A_p5_lam137",0.329343330131727,0.773508395231519,3,0.923501684280315,0.773508395231519
178,"A_p5_lam137",0.401030160439522,0.273825323225157,3,0.928365301028679,0.273825323225157
179,"A_p5_lam137",0.0759917539627988,0.218897483865022,3,0.916979086269562,0.218897483865022
180,"A_p5_lam137",0.386356864532228,0.503979752353869,3,0.922183882707107,0.503979752353869
181,"A_p5_lam137",0.387418617858496,0.372677479198061,3,0.932415247999424,0.372677479198061
182,"A_p5_lam137",0.0409463207815872,0.10816365124877,3,0.955153631386216,0.10816365124877
183,"A_p5_lam137",0.187786327529278,0.099249196327275,3,0.896309638141232,0.099249196327275
184,"A_p5_lam137",0.358319018738885,0.153788649187564,3,0.940603060114897,0.153788649187564
185,"A_p5_lam137",0.622854139593896,0.347411410868825,3,0.929537960003455,0.347411410868825
186,"A_p5_lam137",0.294807611597502,0.648672320597152,3,0.898725995470123,0.648672320597152
187,"A_p5_lam137",0.734965256746832,0.611422150557437,3,0.92662216870665,0.611422150557437
188,"A_p5_lam137",0.510899292634928,0.628484625741041,3,0.924878490002107,0.628484625741041
189,"A_p5_lam137",0.504053696104459,0.0593875205776118,3,0.902653042574934,0.0593875205776118
190,"A_p5_lam137",0.470116344859177,0.211170831714431,3,0.937869494979886,0.211170831714431
191,"A_p5_lam137",0.997279725113357,0.867648339441155,3,0.946804891927519,0.867648339441155
192,"A_p5_lam137",0.161891784156085,0.0384965225194011,3,0.921160712159262,0.0384965225194011
193,"A_p5_lam137",0.822038479770088,0.391515689299678,3,0.930382791541901,0.391515689299678
194,"A_p5_lam137",0.491865672087188,0.265958751656194,3,0.918152536964865,0.265958751656194
195,"A_p5_lam137",0.798505391142808,0.967268868010763,3,0.948076221351131,0.967268868010763
196,"A_p5_lam137",0.0943997968913763,0.138712458638411,3,0.948565829931852,0.138712458638411
197,"A_p5_lam137",0.628714009941153,0.201323072915136,3,0.927458561527594,0.201323072915136
198,"A_p5_lam137",0.322346771397495,0.694598167500483,3,0.903396848685188,0.694598167500483
199,"A_p5_lam137",0.837252604270372,0.366160104796359,3,0.948587075691496,0.366160104796359
200,"A_p5_lam137",0.0432824937083454,0.182857451362536,3,0.946547101452364,0.182857451362536
201,"A_p5_lam137",0.563016923123733,0.748469796089929,3,0.930503090587104,0.748469796089929
202,"A_p5_lam137",0.615969427573003,0.467567388457302,3,0.930232072708772,0.467567388457302
203,"A_p5_lam137",0.231619269484156,0.402565892647225,3,0.922992216251077,0.402565892647225
204,"A_p5_lam137",0.395105238696322,0.899647652773585,3,0.917364145330545,0.899647652773585
205,"A_p5_lam137",0.369516474111382,0.971627006346983,3,0.926464856667427,0.971627006346983
206,"A_p5_lam137",0.783547470331383,0.47686629986022,3,0.913166322918276,0.47686629986022
207,"A_p5_lam137",0.128333618224683,0.103764355733108,3,0.927225411237812,0.103764355733108
208,"A_p5_lam137",0.134864796638399,0.168336382564191,3,0.933330017006673,0.168336382564191
209,"A_p5_lam137",0.826242919495995,0.309172467083354,3,0.931375342684071,0.309172467083354
210,"A_p5_lam137",0.200731498200246,0.31879203633455,3,0.932376819803847,0.31879203633455
211,"A_p5_lam137",0.213034324854311,0.762981861597696,3,0.941286479760841,0.762981861597696
212,"A_p5_lam137",0.290204165096805,0.415872594632366,3,0.899536849356448,0.415872594632366
213,"A_p5_lam137",0.884582035225365,0.98560130437328,3,0.923434088983775,0.98560130437328
214,"A_p5_lam137",0.000471027601518959,0.128005885970625,3,0.910571750018401,0.128005885970625
215,"A_p5_lam137",0.758870807146085,0.805024975644448,3,0.946532204864324,0.805024975644448
216,"A_p5_lam137",0.698676665331258,0.952866641146158,3,0.916991377720379,0.952866641146158
217,"A_p5_lam137",0.653775300108677,0.843019244316112,3,0.932716772420654,0.843019244316112
218,"A_p5_lam137",0.324632093228587,0.279516974449478,3,0.93693636672366,0.279516974449478
219,"A_p5_lam137",0.93529206675079,0.572676251904399,3,0.937996985163115,0.572676251904399
220,"A_p5_lam137",0.810623467484011,0.404857605943987,3,0.908238194771241,0.404857605943987
221,"A_p5_lam137",0.91747508747404,0.451814527654062,3,0.938709127525863,0.451814527654062
222,"A_p5_lam137",0.243659927970884,0.560430502090041,3,0.949610984285661,0.560430502090041
223,"A_p5_lam137",0.306164580229376,0.322441683753146,3,0.933088735746718,0.322441683753146
224,"A_p5_lam137",0.586309756659061,0.984771866383281,3,0.90833773209669,0.984771866383281
225,"A_p5_lam137",0.602831865905545,0.976922776336367,3,0.921542354787328,0.976922776336367
226,"A_p5_lam137",0.121854442200659,0.540034846504334,3,0.942245178087974,0.540034846504334
227,"A_p5_lam137",0.592227356117855,0.264253280408347,3,0.941481609957771,0.264253280408347
228,"A_p5_lam137",0.723738886335867,0.531971201105526,3,0.924115402240684,0.531971201105526
229,"A_p5_lam137",0.399068613556745,0.352262744406871,3,0.932686555937757,0.352262744406871
230,"A_p5_lam137",0.321619107257361,0.523104807264285,3,0.949340404305948,0.523104807264285
231,"A_p5_lam137",0.747360934274663,0.891809429575169,3,0.944147716005928,0.891809429575169
232,"A_p5_lam137",0.669641957497331,0.28216772572238,3,0.935331498248586,0.28216772572238
233,"A_p5_lam137",0.274527492784863,0.93716694205819,3,0.937702038544482,0.93716694205819
234,"A_p5_lam137",0.547133896202648,0.216292749857179,3,0.92181255800326,0.216292749857179
235,"A_p5_lam137",0.396936041064168,0.147042500580574,3,0.950646188328371,0.147042500580574
236,"A_p5_lam137",0.960075773966224,0.383234630372414,3,0.917907673174329,0.383234630372414
237,"A_p5_lam137",0.506270634154862,0.353132671553305,3,0.915569314332668,0.353132671553305
238,"A_p5_lam137",0.0661909550123361,0.142982569110001,3,0.924816748188984,0.142982569110001
239,"A_p5_lam137",0.474886016517597,0.361854087666435,3,0.952353504059192,0.361854087666435
240,"A_p5_lam137",0.432459169292723,0.209196509929255,3,0.937182896527312,0.209196509929255
241,"A_p5_lam137",0.159118970293898,0.0781095802769266,3,0.929045927352669,0.0781095802769266
242,"A_p5_lam137",0.488126661560143,0.281366200273136,3,0.930536967669636,0.281366200273136
243,"A_p5_lam137",0.92096169154054,0.934123822160486,3,0.92319141315865,0.934123822160486
244,"A_p5_lam137",0.121444479376035,0.917694504112703,3,0.949625118648413,0.917694504112703
245,"A_p5_lam137",0.000203634106282324,0.17514363220089,3,0.907006366133549,0.17514363220089
246,"A_p5_lam137",0.0512875993833324,0.325048644939594,3,0.933096430495465,0.325048644939594
247,"A_p5_lam137",0.587860928214394,0.654252802451155,3,0.949439421242649,0.654252802451155
248,"A_p5_lam137",0.098538830454217,0.10914334793728,3,0.920831777639916,0.10914334793728
249,"A_p5_lam137",0.529422244758896,0.25252277301912,3,0.89073954145087,0.25252277301912
250,"A_p5_lam137",0.780660302110224,0.170447529733914,3,0.924162792608182,0.170447529733914
251,"A_p5_lam137",0.647775297183624,0.859688732142315,3,0.901484697924814,0.859688732142315
252,"A_p5_lam137",0.148502246048055,0.416635991542019,3,0.914177536506213,0.416635991542019
253,"A_p5_lam137",0.110847453144316,0.260435248062098,3,0.905746183609488,0.260435248062098
254,"A_p5_lam137",0.862997540672014,0.887980282304133,3,0.937705897882473,0.887980282304133
255,"A_p5_lam137",0.131169580634944,0.0901795290409182,3,0.896917355632786,0.0901795290409182
256,"A_p5_lam137",0.264758306224024,0.022113591760697,3,0.931330289987768,0.022113591760697
257,"A_p5_lam137",0.109105094403013,0.06347995316195,3,0.947440051920462,0.06347995316195
258,"A_p5_lam137",0.621762264655354,0.151553603348224,3,0.949661327272566,0.151553603348224
259,"A_p5_lam137",0.577250478402303,0.640531033297315,3,0.94099502966898,0.640531033297315
260,"A_p5_lam137",0.572021022393569,0.797997424166731,3,0.926209344578482,0.797997424166731
261,"A_p5_lam137",0.170028987882962,0.755598990872148,3,0.956330622390399,0.755598990872148
262,"A_p5_lam137",0.948093061370353,0.429867504755706,3,0.941343893577848,0.429867504755706
263,"A_p5_lam137",0.820090553072989,0.235596490335832,3,0.945324971628374,0.235596490335832
264,"A_p5_lam137",0.643673692964674,0.519182594143131,3,0.945766561976008,0.519182594143131
265,"A_p5_lam137",0.220796021865299,0.141529963009403,3,0.955211088317454,0.141529963009403
266,"A_p5_lam137",0.574168649811101,0.482185305450053,3,0.944719924689985,0.482185305450053
267,"A_p5_lam137",0.232266133551894,0.832087748670477,3,0.930440143193472,0.832087748670477
268,"A_p5_lam137",0.54158746420873,0.427007451013284,3,0.918716958192801,0.427007451013284
269,"A_p5_lam137",0.705120156894259,0.201896957576214,3,0.936172335667559,0.201896957576214
270,"A_p5_lam137",0.801168578884025,0.790109175947582,3,0.89898627967823,0.790109175947582
271,"A_p5_lam137",0.292675552278243,0.732672104833815,3,0.94814129230022,0.732672104833815
272,"A_p5_lam137",0.389747166593829,0.588316072598706,3,0.925275622335291,0.588316072598706
273,"A_p5_lam137",0.0728346615923414,0.00899850797780222,3,0.931582394990538,0.00899850797780222
274,"A_p5_lam137",0.812589533783732,0.973978471472559,3,0.865671240341653,0.973978471472559
275,"A_p5_lam137",0.503544818818268,0.469917833863832,3,0.901094634280202,0.469917833863832
276,"A_p5_lam137",0.837142444796316,0.969808102142104,3,0.931140751207069,0.969808102142104
277,"A_p5_lam137",0.967229732819915,0.694137962506442,3,0.936218082224882,0.694137962506442
278,"A_p5_lam137",0.130811759937441,0.649946322326282,3,0.945771901046317,0.649946322326282
279,"A_p5_lam137",0.562433588275235,0.966794144456908,3,0.936349344146548,0.966794144456908
280,"A_p5_lam137",0.893635225942509,0.59191729447115,3,0.919060330663115,0.59191729447115
281,"A_p5_lam137",0.345996988898452,0.910013651600861,3,0.953427823439215,0.910013651600861
282,"A_p5_lam137",0.223721969265874,0.926233877427912,3,0.927911925234602,0.926233877427912
283,"A_p5_lam137",0.687563255759065,0.986062520743216,3,0.911777342845238,0.986062520743216
284,"A_p5_lam137",0.817661677641528,0.675496189091454,3,0.946228296330244,0.675496189091454
285,"A_p5_lam137",0.788966958401443,0.720673035756173,3,0.924715222472691,0.720673035756173
286,"A_p5_lam137",0.342252358305925,0.160237208239,3,0.939291698002165,0.160237208239
287,"A_p5_lam137",0.627037140721557,0.439313331323701,3,0.93715979044378,0.439313331323701
288,"A_p5_lam137",0.745636270013042,0.767809213287991,3,0.942325069684975,0.767809213287991
289,"A_p5_lam137",0.690902229889995,0.368266516416737,3,0.935392094519295,0.368266516416737
290,"A_p5_lam137",0.707698888973376,0.249767098125004,3,0.944293576298399,0.249767098125004
291,"A_p5_lam137",0.262093105403278,0.884738069154285,3,0.926398681963024,0.884738069154285
292,"A_p5_lam137",0.238977326325986,0.824235665864422,3,0.903303983742102,0.824235665864422
293,"A_p5_lam137",0.860499750694038,0.608874771229776,3,0.919817502702277,0.608874771229776
294,"A_p5_lam137",0.377309139313536,0.25085749911041,3,0.920687247742559,0.25085749911041
295,"A_p5_lam137",0.0132527319353627,0.809552410589368,3,0.932056639361539,0.809552410589368
296,"A_p5_lam137",0.987930285202662,0.984938018328437,3,0.918785673372826,0.984938018328437
297,"A_p5_lam137",0.609033892345834,0.56450053451241,3,0.943924233555629,0.56450053451241
298,"A_p5_lam137",0.253366525561125,0.0436317562012817,3,0.924802923918995,0.0436317562012817
299,"A_p5_lam137",0.305674530148809,0.299519538250576,3,0.907472632909622,0.299519538250576
300,"A_p5_lam137",0.300885033642584,0.0612094815586076,3,0.926409467451685,0.0612094815586076
301,"A_p5_lam137",0.112646170290011,0.387376795429692,3,0.931361700928218,0.387376795429692
302,"A_p5_lam137",0.585779153055741,0.810330273956215,3,0.925373956012185,0.810330273956215
303,"A_p5_lam137",0.0250711917854054,0.165358196313986,3,0.941528463265,0.165358196313986
304,"A_p5_lam137",0.0581962888886164,0.484235795574225,3,0.941424136122989,0.484235795574225
305,"A_p5_lam137",0.691954444612563,0.701834314414204,3,0.947733154569827,0.701834314414204
306,"A_p5_lam137",0.606890359711076,0.349334533014874,3,0.945218861409337,0.349334533014874
307,"A_p5_lam137",0.551903468787624,0.0801544555658302,3,0.945493794828097,0.0801544555658302
308,"A_p5_lam137",0.144690919738071,0.623683237891117,3,0.926981474990848,0.623683237891117
309,"A_p5_lam137",0.021962474604014,0.710800288570677,3,0.939023705286922,0.710800288570677
310,"A_p5_lam137",0.609724173800864,0.248497358897807,3,0.929661112981855,0.248497358897807
311,"A_p5_lam137",0.184071123454499,0.452903976515057,3,0.95453791469263,0.452903976515057
312,"A_p5_lam137",0.0429360895695257,0.869720233857745,3,0.89886446378189,0.869720233857745
313,"A_p5_lam137",0.0920243475825031,0.324019737589413,3,0.924240406483326,0.324019737589413
314,"A_p5_lam137",0.401429646860667,0.122032734689391,3,0.924292998868423,0.122032734689391
315,"A_p5_lam137",0.497069532766828,0.168707067971599,3,0.946477817845881,0.168707067971599
316,"A_p5_lam137",0.565515829577987,0.400303155239793,3,0.933868548245181,0.400303155239793
317,"A_p5_lam137",0.640804731280388,0.814135077803391,3,0.947546915751752,0.814135077803391
318,"A_p5_lam137",0.611504558898869,0.3449028724199,3,0.905035319876897,0.3449028724199
319,"A_p5_lam137",0.288719684135755,0.491161130245414,3,0.892068158032167,0.491161130245414
320,"A_p5_lam137",0.870188692105879,0.540254479769468,3,0.916466338637176,0.540254479769468
321,"A_p5_lam137",0.260471623826965,0.34227002333654,3,0.907571296965573,0.34227002333654
322,"A_p5_lam137",0.29936475200004,0.877189266187627,3,0.940223217482158,0.877189266187627
323,"A_p5_lam137",0.655022159997765,0.716529110842844,3,0.948450434153916,0.716529110842844
324,"A_p5_lam137",0.632842977361017,0.504343990400646,3,0.934984378113278,0.504343990400646
325,"A_p5_lam137",0.121380999940481,0.281024132103725,3,0.935624158542237,0.281024132103725
326,"A_p5_lam137",0.968070875095142,0.857830610257038,3,0.939596048082319,0.857830610257038
327,"A_p5_lam137",0.283836326753374,0.209981069910055,3,0.931796979417402,0.209981069910055
328,"A_p5_lam137",0.291794174456104,0.0781886024358622,3,0.919689674682278,0.0781886024358622
329,"A_p5_lam137",0.460711781165637,0.48986695227784,3,0.94488563614821,0.48986695227784
330,"A_p5_lam137",0.995010301877074,0.658142244996166,3,0.909312046334327,0.658142244996166
331,"A_p5_lam137",0.723659714060834,0.362426629910401,3,0.910001554047146,0.362426629910401
332,"A_p5_lam137",0.939511663013484,0.45588890316927,3,0.945398611922987,0.45588890316927
333,"A_p5_lam137",0.238190788343527,0.352646223677927,3,0.903870998818496,0.352646223677927
334,"A_p5_lam137",0.481274430048419,0.517594862573175,3,0.942800221873568,0.517594862573175
335,"A_p5_lam137",0.885301312958569,0.98891984026615,3,0.92454974208658,0.98891984026615
336,"A_p5_lam137",0.0265403273136724,0.037608406668035,3,0.929488333270681,0.037608406668035
337,"A_p5_lam137",0.421455514542308,0.214678423244492,3,0.923521293935242,0.214678423244492
338,"A_p5_lam137",0.24127544756973,0.282749754883789,3,0.939645839029923,0.282749754883789
339,"A_p5_lam137",0.700568475239625,0.788006260904313,3,0.915652647939867,0.788006260904313
340,"A_p5_lam137",0.114245595804397,0.396664730359345,3,0.938771489318919,0.396664730359345
341,"A_p5_lam137",0.172943260743661,0.399840868314124,3,0.953780040454302,0.399840868314124
342,"A_p5_lam137",0.121301463497444,0.700880119003301,3,0.915815032083883,0.700880119003301
343,"A_p5_lam137",0.460775205200184,0.53333909956619,3,0.931268424002557,0.53333909956619
344,"A_p5_lam137",0.801843916621611,0.960561791321358,3,0.917173962635734,0.960561791321358
345,"A_p5_lam137",0.672125202329338,0.215417202289145,3,0.913881247919015,0.215417202289145
346,"A_p5_lam137",0.334843957265743,0.163678968633008,3,0.941840661522395,0.163678968633008
347,"A_p5_lam137",0.337060746255152,0.280046931360045,3,0.963217971295135,0.280046931360045
348,"A_p5_lam137",0.433289888101589,0.119781836684472,3,0.940984535268318,0.119781836684472
349,"A_p5_lam137",0.175053062319689,0.836875707170377,3,0.952481413166148,0.836875707170377
350,"A_p5_lam137",0.236021769191105,0.187562854022419,3,0.912789533471294,0.187562854022419
351,"A_p5_lam137",0.401963462968095,0.189973170043728,3,0.922823890506281,0.189973170043728
352,"A_p5_lam137",0.203270505683174,0.14954224378082,3,0.936944584650219,0.14954224378082
353,"A_p5_lam137",0.401761823675275,0.32113033416521,3,0.918766402124895,0.32113033416521
354,"A_p5_lam137",0.295660807230578,0.0562180488076245,3,0.926396132880273,0.0562180488076245
355,"A_p5_lam137",0.317925481415903,0.642385579435955,3,0.932858007129595,0.642385579435955
356,"A_p5_lam137",0.524366775880628,0.624725960373977,3,0.934013125759345,0.624725960373977
357,"A_p5_lam137",0.973470405696084,0.508043713429794,3,0.94127023302107,0.508043713429794
358,"A_p5_lam137",0.944067250420378,0.813155924268082,3,0.935142366083148,0.813155924268082
359,"A_p5_lam137",0.847364868618636,0.93209438983156,3,0.930163079478078,0.93209438983156
360,"A_p5_lam137",0.829404225317488,0.442606521398749,3,0.917423357690404,0.442606521398749
361,"A_p5_lam137",0.0164700091636065,0.0179310994806658,3,0.919834032139677,0.0179310994806658
362,"A_p5_lam137",0.0516007949528615,0.882636208205754,3,0.944319429748598,0.882636208205754
363,"A_p5_lam137",0.96333481199648,0.665266981061211,3,0.921391262715908,0.665266981061211
364,"A_p5_lam137",0.892194145863783,0.889802876843983,3,0.932476418809005,0.889802876843983
365,"A_p5_lam137",0.0566127724247122,0.265005697909912,3,0.930730210866415,0.265005697909912
366,"A_p5_lam137",0.0484492572745392,0.376337773604814,3,0.923412934270125,0.376337773604814
367,"A_p5_lam137",0.999551380474413,0.90523795679823,3,0.931692169570722,0.90523795679823
368,"A_p5_lam137",0.518824741501921,0.303470713339071,3,0.938453472029135,0.303470713339071
369,"A_p5_lam137",0.359727176278177,0.456296266510649,3,0.942763123769138,0.456296266510649
370,"A_p5_lam137",0.868865056152634,0.438704257416652,3,0.920584476619774,0.438704257416652
371,"A_p5_lam137",0.465737401984109,0.393508302268392,3,0.944146195779574,0.393508302268392
372,"A_p5_lam137",0.841606125849392,0.714932144237243,3,0.938319099858658,0.714932144237243
373,"A_p5_lam137",0.547664379867485,0.187083481653814,3,0.940098106655098,0.187083481653814
374,"A_p5_lam137",0.878940034050482,0.687430385899936,3,0.935959740485487,0.687430385899936
375,"A_p5_lam137",0.672320971171914,0.649381685206631,3,0.95533566318333,0.649381685206631
376,"A_p5_lam137",0.280643149460011,0.651698923260591,3,0.95809511285136,0.651698923260591
377,"A_p5_lam137",0.705784818219617,0.928478176120159,3,0.927218918329048,0.928478176120159
378,"A_p5_lam137",0.980248872403909,0.803229493046677,3,0.950724816876091,0.803229493046677
379,"A_p5_lam137",0.430445611359173,0.950418658997672,3,0.930930961506343,0.950418658997672
380,"A_p5_lam137",0.910579892727619,0.448565539588268,3,0.927722043435094,0.448565539588268
381,"A_p5_lam137",0.835960587423352,0.963786702150403,3,0.934600887535225,0.963786702150403
382,"A_p5_lam137",0.762671937119126,0.147690476616305,3,0.938721270009126,0.147690476616305
383,"A_p5_lam137",0.230048802435483,0.284080295249788,3,0.948781293924346,0.284080295249788
384,"A_p5_lam137",0.516078631928972,0.419531690351509,3,0.926881218788214,0.419531690351509
385,"A_p5_lam137",0.65048589181228,0.683322623511502,3,0.932414304102891,0.683322623511502
386,"A_p5_lam137",0.252856523759675,0.0288543050891796,3,0.931838689032611,0.0288543050891796
387,"A_p5_lam137",0.0767821842712442,0.488656708406349,3,0.902058415356329,0.488656708406349
388,"A_p5_lam137",0.319749585239101,0.0758097551702501,3,0.90918264993588,0.0758097551702501
389,"A_p5_lam137",0.970415585789381,0.63235309929115,3,0.945119224157561,0.63235309929115
390,"A_p5_lam137",0.626484754422832,0.620614365072832,3,0.952831098447971,0.620614365072832
391,"A_p5_lam137",0.080903604505483,0.87066887560982,3,0.942425310153275,0.87066887560982
392,"A_p5_lam137",0.173945804457845,0.130819586890795,3,0.931417883379196,0.130819586890795
393,"A_p5_lam137",0.494904512508805,0.30592382212112,3,0.92953976234936,0.30592382212112
394,"A_p5_lam137",0.58626441722283,0.322917095133442,3,0.929238876984044,0.322917095133442
395,"A_p5_lam137",0.117476960879073,0.00827963397647746,3,0.92209005437972,0.00827963397647746
396,"A_p5_lam137",0.868985631319035,0.72913119364842,3,0.901549622349218,0.72913119364842
397,"A_p5_lam137",0.0340074618310429,0.366823989633787,3,0.910480025130249,0.366823989633787
398,"A_p5_lam137",0.121202726933327,0.532425944433279,3,0.911706996641665,0.532425944433279
399,"A_p5_lam137",0.281433934504787,0.474402417991389,3,0.936869941076662,0.474402417991389
400,"A_p5_lam137",0.208308879554563,0.699330373137465,3,0.937055597543752,0.699330373137465
401,"A_p5_lam137",0.127217196504643,0.706515141950623,3,0.936125576463511,0.706515141950623
402,"A_p5_lam137",0.234761827335655,0.779050464525333,3,0.9181559622616,0.779050464525333
403,"A_p5_lam137",0.447985110703316,0.421481634203705,3,0.953527191597838,0.421481634203705
404,"A_p5_lam137",0.441990276348066,0.0835792564098103,3,0.912527487940043,0.0835792564098103
405,"A_p5_lam137",0.912073506529785,0.549239593142222,3,0.935536085645848,0.549239593142222
406,"A_p5_lam137",0.0571146562343988,0.740956496236238,3,0.916911431503854,0.740956496236238
407,"A_p5_lam137",0.592077821516469,0.755297004311089,3,0.925864002397631,0.755297004311089
408,"A_p5_lam137",0.348799444814549,0.834628417702219,3,0.954330263449242,0.834628417702219
409,"A_p5_lam137",0.555016754307731,0.438839985648698,3,0.923235308428876,0.438839985648698
410,"A_p5_lam137",0.239805844637406,0.251426819496023,3,0.93168568609029,0.251426819496023
411,"A_p5_lam137",0.894770330738901,0.632919292488664,3,0.940980344113326,0.632919292488664
412,"A_p5_lam137",0.0959653659229975,0.118098928776152,3,0.927293465562094,0.118098928776152
413,"A_p5_lam137",0.0729551094280786,0.120299986557283,3,0.931444662428094,0.120299986557283
414,"A_p5_lam137",0.211264365013605,0.455594983895642,3,0.898929359911637,0.455594983895642
415,"A_p5_lam137",0.685501524402024,0.323521937385393,3,0.916885706396165,0.323521937385393
416,"A_p5_lam137",0.602339065194878,0.542870926027367,3,0.93065464428165,0.542870926027367
417,"A_p5_lam137",0.764065830372662,0.812276466966937,3,0.92726133540547,0.812276466966937
418,"A_p5_lam137",0.457169119819648,0.790650165421241,3,0.911404177694255,0.790650165421241
419,"A_p5_lam137",0.541306966264565,0.868020037426521,3,0.932819195308466,0.868020037426521
420,"A_p5_lam137",0.374769409313517,0.531656639757193,3,0.905257911063256,0.531656639757193
421,"A_p5_lam137",0.164724776342746,0.870257852474345,3,0.924724722680714,0.870257852474345
422,"A_p5_lam137",0.733338520180062,0.538924831732675,3,0.940518977214427,0.538924831732675
423,"A_p5_lam137",0.262458681318563,0.596931480874817,3,0.951656936254166,0.596931480874817
424,"A_p5_lam137",0.212369057291197,0.70390211470239,3,0.927056791803285,0.70390211470239
425,"A_p5_lam137",0.724112637534915,0.20267796295405,3,0.955605328485243,0.20267796295405
426,"A_p5_lam137",0.582695241752651,0.428819706900147,3,0.941863613101051,0.428819706900147
427,"A_p5_lam137",0.0827904435319681,0.181721590535185,3,0.950163965146624,0.181721590535185
428,"A_p5_lam137",0.127916916897579,0.140415933698543,3,0.933670390062545,0.140415933698543
429,"A_p5_lam137",0.370257365926626,0.674856079279867,3,0.900850743713299,0.674856079279867
430,"A_p5_lam137",0.442435707704,0.821805453034936,3,0.940557040007596,0.821805453034936
431,"A_p5_lam137",0.922412141828291,0.758806906738832,3,0.881970090835885,0.758806906738832
432,"A_p5_lam137",0.468415976570813,0.358328321308783,3,0.92152721844429,0.358328321308783
433,"A_p5_lam137",0.503936780684271,0.0568800752001468,3,0.916357591632526,0.0568800752001468
434,"A_p5_lam137",0.487653315960362,0.351532311299378,3,0.961238263453243,0.351532311299378
435,"A_p5_lam137",0.0755216197106137,0.140182646269895,3,0.928062550496939,0.140182646269895
436,"A_p5_lam137",0.00258772565411303,0.00782570053922416,3,0.932523449950772,0.00782570053922416
437,"A_p5_lam137",0.900908311033225,0.319027868307503,3,0.945366134345089,0.319027868307503
438,"A_p5_lam137",0.95954405557163,0.772347678568001,3,0.922246910112881,0.772347678568001
439,"A_p5_lam137",0.255015171835357,0.0132749776103676,3,0.947831719715879,0.0132749776103676
440,"A_p5_lam137",0.89347956792467,0.952717271734574,3,0.899867671442906,0.952717271734574
441,"A_p5_lam137",0.732838903389537,0.28108088131518,3,0.93377989382704,0.28108088131518
442,"A_p5_lam137",0.313683947191117,0.259243159553178,3,0.920582114271322,0.259243159553178
443,"A_p5_lam137",0.0955996397928057,0.0334510926458822,3,0.901383439449813,0.0334510926458822
444,"A_p5_lam137",0.974119013546919,0.768757577067633,3,0.947281630883019,0.768757577067633
445,"A_p5_lam137",0.737121256049784,0.840154995059424,3,0.934125953220722,0.840154995059424
446,"A_p5_lam137",0.42771023793979,0.20445009067379,3,0.923276198825493,0.20445009067379
447,"A_p5_lam137",0.500956726403764,0.392974488220809,3,0.944403875456961,0.392974488220809
448,"A_p5_lam137",0.287373262089711,0.0537774001868718,3,0.918229677695133,0.0537774001868718
449,"A_p5_lam137",0.71533081901231,0.146063651099923,3,0.892775538557644,0.146063651099923
450,"A_p5_lam137",0.524908681849303,0.590636371289957,3,0.929945836760684,0.590636371289957
451,"A_p5_lam137",0.599008765472133,0.664156874450593,3,0.95299549009232,0.664156874450593
452,"A_p5_lam137",0.711900818019078,0.947617091959838,3,0.918485335750241,0.947617091959838
453,"A_p5_lam137",0.364718785061463,0.362006690244101,3,0.932480155382191,0.362006690244101
454,"A_p5_lam137",0.614861779572408,0.875534132695712,3,0.92507184028996,0.875534132695712
455,"A_p5_lam137",0.28958835494693,0.275565559508752,3,0.942502664334588,0.275565559508752
456,"A_p5_lam137",0.19173475544611,0.762555602877384,3,0.934695217011559,0.762555602877384
457,"A_p5_lam137",0.286681259103378,0.364146982551401,3,0.955343341576689,0.364146982551401
458,"A_p5_lam137",0.217657751345152,0.558336991441671,3,0.949190039183651,0.558336991441671
459,"A_p5_lam137",0.424789513863248,0.0557631588884888,3,0.885722550631426,0.0557631588884888
460,"A_p5_lam137",0.292560453655652,0.282380524209082,3,0.933085126244595,0.282380524209082
461,"A_p5_lam137",0.753352910442931,0.998717109170322,3,0.891100454015336,0.998717109170322
462,"A_p5_lam137",0.590826492118566,0.9251209134703,3,0.930323669605632,0.9251209134703
463,"A_p5_lam137",0.352514695739069,0.81973260138382,3,0.930063079068031,0.81973260138382
464,"A_p5_lam137",0.99701489281041,0.996437600196914,3,0.925958401673638,0.996437600196914
465,"A_p5_lam137",0.268885247265931,0.630453767439876,3,0.946699576269145,0.630453767439876
466,"A_p5_lam137",0.678180120714014,0.66516486542523,3,0.936244781473815,0.66516486542523
467,"A_p5_lam137",0.754571834339025,0.800836880050054,3,0.9343562798874,0.800836880050054
468,"A_p5_lam137",0.575179543077018,0.710313156994788,3,0.934339746041687,0.710313156994788
469,"A_p5_lam137",0.270580662438895,0.154167341433823,3,0.917736610979122,0.154167341433823
470,"A_p5_lam137",0.454669146851575,0.892284428163912,3,0.95366954901586,0.892284428163912
471,"A_p5_lam137",0.926042535485145,0.781150424515888,3,0.921918686061332,0.781150424515888
472,"A_p5_lam137",0.806336551148685,0.748537770641611,3,0.935985956556076,0.748537770641611
473,"A_p5_lam137",0.592172079858383,0.410137130163056,3,0.939687745236593,0.410137130163056
474,"A_p5_lam137",0.764486633701677,0.650660342543758,3,0.951024470181735,0.650660342543758
475,"A_p5_lam137",0.88715889591019,0.873312364551872,3,0.91998306082137,0.873312364551872
476,"A_p5_lam137",0.872010018654904,0.503821882089763,3,0.922824757266396,0.503821882089763
477,"A_p5_lam137",0.370621037321856,0.72007445578233,3,0.952684838697377,0.72007445578233
478,"A_p5_lam137",0.605563160974121,0.409445858720346,3,0.927786767300206,0.409445858720346
479,"A_p5_lam137",0.204885239905915,0.342506590792729,3,0.933113766932454,0.342506590792729
480,"A_p5_lam137",0.762432149220948,0.644086282800748,3,0.913508736078075,0.644086282800748
481,"A_p5_lam137",0.995936246980791,0.84675959708548,3,0.90842579310212,0.84675959708548
482,"A_p5_lam137",0.381427816248382,0.156780886794865,3,0.927238333749746,0.156780886794865
483,"A_p5_lam137",0.0328435341350042,0.00421325209387646,3,0.939257138710991,0.00421325209387646
484,"A_p5_lam137",0.75739597284395,0.824833028594147,3,0.914754777698676,0.824833028594147
485,"A_p5_lam137",0.0384765391106061,0.0116920821776334,3,0.879110308742162,0.0116920821776334
486,"A_p5_lam137",0.427223404397425,0.612724330242391,3,0.931471759258981,0.612724330242391
487,"A_p5_lam137",0.24477227742494,0.558980419886329,3,0.931536343339103,0.558980419886329
488,"A_p5_lam137",0.597797684723483,0.398334282247915,3,0.937048348429092,0.398334282247915
489,"A_p5_lam137",0.208354385853602,0.957673283160138,3,0.93072447759267,0.957673283160138
490,"A_p5_lam137",0.0577371419605455,0.250619752432731,3,0.922069728567913,0.250619752432731
491,"A_p5_lam137",0.518456129029993,0.16869275897785,3,0.946904348453506,0.16869275897785
492,"A_p5_lam137",0.133086200853519,0.0694013863711762,3,0.940287901866188,0.0694013863711762
493,"A_p5_lam137",0.227442617338114,0.620770999541088,3,0.958601660197492,0.620770999541088
494,"A_p5_lam137",0.210444260884201,0.225916041183296,3,0.915451848851183,0.225916041183296
495,"A_p5_lam137",0.142978926519737,0.892308101575283,3,0.92663234239125,0.892308101575283
496,"A_p5_lam137",0.351071623031233,0.885252464142593,3,0.938249892214063,0.885252464142593
497,"A_p5_lam137",0.138811601335757,0.129861092107573,3,0.935979584933374,0.129861092107573
498,"A_p5_lam137",0.576547475554798,0.81333331288904,3,0.913974403918217,0.81333331288904
499,"A_p5_lam137",0.55724959371341,0.424556268634365,3,0.93236168208305,0.424556268634365
500,"A_p5_lam137",0.105976131879611,0.0288762427076527,3,0.923845063623055,0.0288762427076527
1,"A_p5_lam200",0.00256573983552399,0.660781104042324,3,0.943631305277555,0.660781104042324
2,"A_p5_lam200",0.997717600440044,0.916049639371561,3,0.916363911812125,0.916049639371561
3,"A_p5_lam200",0.90076180811883,0.606026769676214,3,0.889012233035184,0.606026769676214
4,"A_p5_lam200",0.268726617674532,0.71182056406527,3,0.874477916329109,0.71182056406527
5,"A_p5_lam200",0.0796319610267338,0.724547329234057,3,0.949925009196809,0.724547329234057
6,"A_p5_lam200",0.0961655467543958,0.129639823201753,3,0.94736785338432,0.129639823201753
7,"A_p5_lam200",0.819069526644342,0.443699709674939,3,0.933252423982337,0.443699709674939
8,"A_p5_lam200",0.517645393015925,0.512981990174638,3,0.923074829758311,0.512981990174638
9,"A_p5_lam200",0.740147467352063,0.733192086301736,3,0.91102370548569,0.733192086301736
10,"A_p5_lam200",0.344948470128364,0.703707884818387,3,0.906370508195782,0.703707884818387
11,"A_p5_lam200",0.111563684480155,0.00359847656004375,3,0.941648628360424,0.00359847656004375
12,"A_p5_lam200",0.366804275746358,0.351803476502389,3,0.903091046852526,0.351803476502389
13,"A_p5_lam200",0.241569935298018,0.758946094893172,3,0.938620556524976,0.758946094893172
14,"A_p5_lam200",0.0651158552322283,0.490124078596703,3,0.898914078185281,0.490124078596703
15,"A_p5_lam200",0.25565074536567,0.219657301445593,3,0.912610488768727,0.219657301445593
16,"A_p5_lam200",0.344704583250006,0.972280253157934,3,0.92014239955406,0.972280253157934
17,"A_p5_lam200",0.794898629350479,0.74773519892253,3,0.91289610378191,0.74773519892253
18,"A_p5_lam200",0.175642047596862,0.176035487829841,3,0.908104232972124,0.176035487829841
19,"A_p5_lam200",0.731496754208297,0.456834633593417,3,0.917985710277553,0.456834633593417
20,"A_p5_lam200",0.871059281988947,0.993512856472731,3,0.935361939018547,0.993512856472731
21,"A_p5_lam200",0.676327971703894,0.707783057253526,3,0.930528535840284,0.707783057253526
22,"A_p5_lam200",0.427152200898239,0.360874511676682,3,0.919018096708712,0.360874511676682
23,"A_p5_lam200",0.311545887395866,0.0890292248462665,3,0.939092368082567,0.0890292248462665
24,"A_p5_lam200",0.470389187181739,0.266639396127321,3,0.903639271594915,0.266639396127321
25,"A_p5_lam200",0.0753168875815167,0.287331678225434,3,0.921162692628854,0.287331678225434
26,"A_p5_lam200",0.430348704473238,0.759125130647877,3,0.893274676483739,0.759125130647877
27,"A_p5_lam200",0.997748151567285,0.852202645830537,3,0.919255615227971,0.852202645830537
28,"A_p5_lam200",0.20784201817097,0.191630198120713,3,0.88378859087875,0.191630198120713
29,"A_p5_lam200",0.270892195860402,0.433620280962975,3,0.88418366116924,0.433620280962975
30,"A_p5_lam200",0.560856934209874,0.504047941716424,3,0.946836697317395,0.504047941716424
31,"A_p5_lam200",0.911400834596494,0.607801010202377,3,0.946959902847171,0.607801010202377
32,"A_p5_lam200",0.207594237994193,0.476001860288363,3,0.917186922883886,0.476001860288363
33,"A_p5_lam200",0.401212413552469,0.869681733840336,3,0.908006377975792,0.869681733840336
34,"A_p5_lam200",0.516627234222784,0.532186775711232,3,0.871247512401122,0.532186775711232
35,"A_p5_lam200",0.628606442441689,0.657712382827353,3,0.929741810605459,0.657712382827353
36,"A_p5_lam200",0.532475060978893,0.501630920119921,3,0.944850383220767,0.501630920119921
37,"A_p5_lam200",0.0413128233564265,0.436667783960951,3,0.889198905977368,0.436667783960951
38,"A_p5_lam200",0.585991294776207,0.992245238311248,3,0.924041871910512,0.992245238311248
39,"A_p5_lam200",0.263303378115678,0.220241870070135,3,0.903372524399288,0.220241870070135
40,"A_p5_lam200",0.868332200629444,0.678825978745455,3,0.928084346902801,0.678825978745455
41,"A_p5_lam200",0.0865197528365772,0.40871962496703,3,0.910821060902492,0.40871962496703
42,"A_p5_lam200",0.40502795977157,0.841569305710519,3,0.871525516632669,0.841569305710519
43,"A_p5_lam200",0.103937410329962,0.750079013601683,3,0.911872442079936,0.750079013601683
44,"A_p5_lam200",0.971681684877277,0.664854572150575,3,0.949205230003491,0.664854572150575
45,"A_p5_lam200",0.36345975514034,0.0857128216880264,3,0.900264325598944,0.0857128216880264
46,"A_p5_lam200",0.0964829130918695,0.0128028228493511,3,0.949284020573521,0.0128028228493511
47,"A_p5_lam200",0.592245024320184,0.284309391296282,3,0.907705445739014,0.284309391296282
48,"A_p5_lam200",0.32687480053077,0.0878010734301629,3,0.912890554555791,0.0878010734301629
49,"A_p5_lam200",0.823599843256178,0.33653621008462,3,0.928642209517233,0.33653621008462
50,"A_p5_lam200",0.0696444323753196,0.0561743892014096,3,0.906956938192884,0.0561743892014096
51,"A_p5_lam200",0.545849341280801,0.43749914302867,3,0.92956445852893,0.43749914302867
52,"A_p5_lam200",0.941946848727316,0.826081442901029,3,0.918775748402038,0.826081442901029
53,"A_p5_lam200",0.182213773362769,0.28793832965727,3,0.947502160813451,0.28793832965727
54,"A_p5_lam200",0.299726667065311,0.430431852466172,3,0.91863274507863,0.430431852466172
55,"A_p5_lam200",0.419107685986811,0.207589626231298,3,0.897110919708658,0.207589626231298
56,"A_p5_lam200",0.604395737352574,0.140452040302179,3,0.920188311761628,0.140452040302179
57,"A_p5_lam200",0.657045806384284,0.105805219082134,3,0.925948771288779,0.105805219082134
58,"A_p5_lam200",0.804592224542678,0.700613926050766,3,0.927219382531899,0.700613926050766
59,"A_p5_lam200",0.768767462235392,0.488113467372877,3,0.899470676291633,0.488113467372877
60,"A_p5_lam200",0.0290402061157243,0.00837960825750694,3,0.947198058098025,0.00837960825750694
61,"A_p5_lam200",0.224396211785397,0.202830546480584,3,0.91231695507395,0.202830546480584
62,"A_p5_lam200",0.187204724443367,0.259714516537839,3,0.909418527128033,0.259714516537839
63,"A_p5_lam200",0.238891862685569,0.207527924744219,3,0.948782549764447,0.207527924744219
64,"A_p5_lam200",0.675659204071813,0.840639775419516,3,0.899778590243792,0.840639775419516
65,"A_p5_lam200",0.33605317616932,0.0940585277073166,3,0.953472499764881,0.0940585277073166
66,"A_p5_lam200",0.781571916912948,0.754065080475144,3,0.89901002880429,0.754065080475144
67,"A_p5_lam200",0.227958730504727,0.0548962780775111,3,0.919819042953985,0.0548962780775111
68,"A_p5_lam200",0.673681760181768,0.338503464632885,3,0.914355588966888,0.338503464632885
69,"A_p5_lam200",0.502567339337406,0.843806069783735,3,0.93028872054823,0.843806069783735
70,"A_p5_lam200",0.329555113237736,0.833637765006395,3,0.932873914492771,0.833637765006395
71,"A_p5_lam200",0.75974500046118,0.864067880203799,3,0.907584027997282,0.864067880203799
72,"A_p5_lam200",0.685729450802737,0.516585359801751,3,0.948052204412934,0.516585359801751
73,"A_p5_lam200",0.102410847799203,0.298888836483088,3,0.919007671764487,0.298888836483088
74,"A_p5_lam200",0.360670185224612,0.725176660168457,3,0.89851969425741,0.725176660168457
75,"A_p5_lam200",0.867150900020653,0.549690800893044,3,0.911834999464233,0.549690800893044
76,"A_p5_lam200",0.631779390651845,0.7486541973362,3,0.918435643579568,0.7486541973362
77,"A_p5_lam200",0.0812871653385175,0.364867344889612,3,0.907677648988147,0.364867344889612
78,"A_p5_lam200",0.771557002692586,0.689098156088335,3,0.932939306297888,0.689098156088335
79,"A_p5_lam200",0.874138437597649,0.684613165112644,3,0.887152918134967,0.684613165112644
80,"A_p5_lam200",0.325881315817884,0.189921008824016,3,0.898220481849611,0.189921008824016
81,"A_p5_lam200",0.0643493030506284,0.415718739974416,3,0.911870127339556,0.415718739974416
82,"A_p5_lam200",0.217043637872311,0.236035057458587,3,0.912320420880251,0.236035057458587
83,"A_p5_lam200",0.857774436637617,0.500708809488334,3,0.929019368364029,0.500708809488334
84,"A_p5_lam200",0.458103563580243,0.332133796856629,3,0.934279110967266,0.332133796856629
85,"A_p5_lam200",0.422659324393884,0.471835474482758,3,0.927409885241073,0.471835474482758
86,"A_p5_lam200",0.542688315806501,0.963648536655893,3,0.925124779574792,0.963648536655893
87,"A_p5_lam200",0.753340202388664,0.347777656591811,3,0.912615173742764,0.347777656591811
88,"A_p5_lam200",0.406473199856076,0.317645756101287,3,0.917800920369601,0.317645756101287
89,"A_p5_lam200",0.0765802505545787,0.0749042652005574,3,0.9464239645401,0.0749042652005574
90,"A_p5_lam200",0.729109858701984,0.292150340890944,3,0.890004215324561,0.292150340890944
91,"A_p5_lam200",0.844407471158366,0.904381974972152,3,0.93281806179904,0.904381974972152
92,"A_p5_lam200",0.542488527823083,0.394727663975858,3,0.910883205708545,0.394727663975858
93,"A_p5_lam200",0.458047831418008,0.399775018786849,3,0.938634791913683,0.399775018786849
94,"A_p5_lam200",0.751836724673482,0.693045254345344,3,0.938470632929876,0.693045254345344
95,"A_p5_lam200",0.804289801600407,0.894996726085856,3,0.944155633534411,0.894996726085856
96,"A_p5_lam200",0.851849405286218,0.71097430962929,3,0.936732538529224,0.71097430962929
97,"A_p5_lam200",0.569252512819962,0.326324520600106,3,0.933924447021168,0.326324520600106
98,"A_p5_lam200",0.390261795899648,0.126896708481191,3,0.91035268839762,0.126896708481191
99,"A_p5_lam200",0.611619545208064,0.30454624668293,3,0.920945786719424,0.30454624668293
100,"A_p5_lam200",0.923141888551931,0.655044971412806,3,0.943967618063418,0.655044971412806
101,"A_p5_lam200",0.438798615858917,0.551182908608517,3,0.907368670843878,0.551182908608517
102,"A_p5_lam200",0.950890168419054,0.355855557267025,3,0.951550059314798,0.355855557267025
103,"A_p5_lam200",0.323852691411494,0.685740676059116,3,0.939153748591442,0.685740676059116
104,"A_p5_lam200",0.331312912476925,0.76392699193436,3,0.914897443724773,0.76392699193436
105,"A_p5_lam200",0.832184676025048,0.617672282498682,3,0.939887145952503,0.617672282498682
106,"A_p5_lam200",0.531800881845362,0.861267872496735,3,0.911456353153945,0.861267872496735
107,"A_p5_lam200",0.966660057108487,0.54394574766518,3,0.911093449177104,0.54394574766518
108,"A_p5_lam200",0.496099678822465,0.769422178984358,3,0.925506434200969,0.769422178984358
109,"A_p5_lam200",0.373940964322865,0.276250097638778,3,0.938936327897475,0.276250097638778
110,"A_p5_lam200",0.9698094541275,0.820631142568402,3,0.925018118519792,0.820631142568402
111,"A_p5_lam200",0.388414150549745,0.6943435217483,3,0.934839824444,0.6943435217483
112,"A_p5_lam200",0.152095590702825,0.701923104562207,3,0.922629973217965,0.701923104562207
113,"A_p5_lam200",0.265782565322661,0.011956470927895,3,0.936967057107104,0.011956470927895
114,"A_p5_lam200",0.321379988326422,0.0673121182704073,3,0.912584344858192,0.0673121182704073
115,"A_p5_lam200",0.676267278093573,0.766342643428098,3,0.891594314942665,0.766342643428098
116,"A_p5_lam200",0.494674027326686,0.570522476139792,3,0.920934085720546,0.570522476139792
117,"A_p5_lam200",0.833287092937035,0.654638799089562,3,0.939063805497056,0.654638799089562
118,"A_p5_lam200",0.773749977095804,0.951791964276578,3,0.911758321473018,0.951791964276578
119,"A_p5_lam200",0.643141963597896,0.873332396815101,3,0.955057468787343,0.873332396815101
120,"A_p5_lam200",0.0239220813275207,0.945189381322315,3,0.91937070829693,0.945189381322315
121,"A_p5_lam200",0.109206994042192,0.055462540182172,3,0.946178057485115,0.055462540182172
122,"A_p5_lam200",0.678766342959497,0.378996099191008,3,0.911794228458971,0.378996099191008
123,"A_p5_lam200",0.387001779731277,0.165193201757089,3,0.951445300628056,0.165193201757089
124,"A_p5_lam200",0.546060132001494,0.917866469141526,3,0.900107711931222,0.917866469141526
125,"A_p5_lam200",0.364542407898731,0.840650616918472,3,0.889042893191878,0.840650616918472
126,"A_p5_lam200",0.0973818922699994,0.0911862712246529,3,0.949193596067473,0.0911862712246529
127,"A_p5_lam200",0.990894045434758,0.975368966797284,3,0.936806015029235,0.975368966797284
128,"A_p5_lam200",0.245660365390171,0.176259104950091,3,0.947925405507724,0.176259104950091
129,"A_p5_lam200",0.104759444085582,0.74820801735457,3,0.940737089089211,0.74820801735457
130,"A_p5_lam200",0.63741771608384,0.88731508521111,3,0.917082926854153,0.88731508521111
131,"A_p5_lam200",0.875773451025613,0.631748180643052,3,0.923834216540005,0.631748180643052
132,"A_p5_lam200",0.944317367685555,0.821197510553429,3,0.949061875979436,0.821197510553429
133,"A_p5_lam200",0.835120191711574,0.724121404262088,3,0.929654179979672,0.724121404262088
134,"A_p5_lam200",0.779455237581029,0.723435944939729,3,0.929888484220276,0.723435944939729
135,"A_p5_lam200",0.0224834531050024,0.208579948256389,3,0.950385267800644,0.208579948256389
136,"A_p5_lam200",0.947184914714232,0.87004628004685,3,0.925077394888581,0.87004628004685
137,"A_p5_lam200",0.472604629562823,0.134162915828247,3,0.946977349858741,0.134162915828247
138,"A_p5_lam200",0.618424071938548,0.0973496448973558,3,0.912260725689052,0.0973496448973558
139,"A_p5_lam200",0.907596493439156,0.609028945787404,3,0.937496796328935,0.609028945787404
140,"A_p5_lam200",0.495209486533504,0.136039322407022,3,0.926488343815617,0.136039322407022
141,"A_p5_lam200",0.891990615149408,0.976842931557185,3,0.943470585014831,0.976842931557185
142,"A_p5_lam200",0.97156506844053,0.709385483785413,3,0.848248716011675,0.709385483785413
143,"A_p5_lam200",0.452130721256206,0.629587942159943,3,0.939120561495559,0.629587942159943
144,"A_p5_lam200",0.994452874936601,0.86605566797435,3,0.929992246370144,0.86605566797435
145,"A_p5_lam200",0.532826084706432,0.77039217112752,3,0.931987125632927,0.77039217112752
146,"A_p5_lam200",0.833268678976285,0.25245957623829,3,0.883666054558291,0.25245957623829
147,"A_p5_lam200",0.575118725650398,0.802955914829235,3,0.932624240350213,0.802955914829235
148,"A_p5_lam200",0.102622419537415,0.177326760562325,3,0.951549020179704,0.177326760562325
149,"A_p5_lam200",0.187625177545738,0.277284351162925,3,0.939594168184989,0.277284351162925
150,"A_p5_lam200",0.803555141073658,0.66674148727877,3,0.946464971866751,0.66674148727877
151,"A_p5_lam200",0.689687299044082,0.361127845256526,3,0.921300986079509,0.361127845256526
152,"A_p5_lam200",0.506047730023865,0.226812826939008,3,0.904662858416259,0.226812826939008
153,"A_p5_lam200",0.231838264729803,0.610280022171652,3,0.929675753965929,0.610280022171652
154,"A_p5_lam200",0.971445045351846,0.745963988722593,3,0.93676316074316,0.745963988722593
155,"A_p5_lam200",0.609224375804088,0.298002385731491,3,0.901402614580604,0.298002385731491
156,"A_p5_lam200",0.417261019822187,0.245447044211276,3,0.900981672823262,0.245447044211276
157,"A_p5_lam200",0.742669689673291,0.175513980182013,3,0.932541589619212,0.175513980182013
158,"A_p5_lam200",0.229405724352387,0.00761843062999445,3,0.915697069389847,0.00761843062999445
159,"A_p5_lam200",0.954562385260285,0.568577250018274,3,0.865754904222438,0.568577250018274
160,"A_p5_lam200",0.767407856358434,0.582929196335691,3,0.932787590526443,0.582929196335691
161,"A_p5_lam200",0.217922988371339,0.23713761720484,3,0.906801691154541,0.23713761720484
162,"A_p5_lam200",0.739526988958309,0.520360190410101,3,0.940468858059959,0.520360190410101
163,"A_p5_lam200",0.222601099643593,0.73843429208399,3,0.94441317418488,0.73843429208399
164,"A_p5_lam200",0.683078382723314,0.32628703135334,3,0.907682973909673,0.32628703135334
165,"A_p5_lam200",0.384348942886955,0.944534823196161,3,0.913242002667921,0.944534823196161
166,"A_p5_lam200",0.854381447795773,0.427835785427564,3,0.893652141663271,0.427835785427564
167,"A_p5_lam200",0.33160534049494,0.905191028414415,3,0.924577933522495,0.905191028414415
168,"A_p5_lam200",0.265402756970933,0.497277514752118,3,0.922983845532536,0.497277514752118
169,"A_p5_lam200",0.365793757312164,0.733976370677412,3,0.923480525075434,0.733976370677412
170,"A_p5_lam200",0.580867205068897,0.605404866417364,3,0.921149356510825,0.605404866417364
171,"A_p5_lam200",0.5637543014626,0.595510731160466,3,0.935997395041232,0.595510731160466
172,"A_p5_lam200",0.456379915616668,0.119102550878154,3,0.944035719299012,0.119102550878154
173,"A_p5_lam200",0.44571966949155,0.552427357568812,3,0.935688535662508,0.552427357568812
174,"A_p5_lam200",0.406264528747292,0.75714038141771,3,0.937226130984982,0.75714038141771
175,"A_p5_lam200",0.930584587420366,0.365363384856642,3,0.929623776673251,0.365363384856642
176,"A_p5_lam200",0.3185178508489,0.920270048511661,3,0.875921624179318,0.920270048511661
177,"A_p5_lam200",0.3661142283242,0.664450365213705,3,0.915552098871513,0.664450365213705
178,"A_p5_lam200",0.452048769574646,0.270702930505427,3,0.920047622828875,0.270702930505427
179,"A_p5_lam200",0.0402284855122004,0.165830389130596,3,0.907072438662041,0.165830389130596
180,"A_p5_lam200",0.257998372776711,0.49231541861556,3,0.912563194577344,0.49231541861556
181,"A_p5_lam200",0.454264402590753,0.346768621897339,3,0.92474647884813,0.346768621897339
182,"A_p5_lam200",0.00623978933318159,0.0421702892485843,3,0.95033963149598,0.0421702892485843
183,"A_p5_lam200",0.212031403262588,0.115080990125884,3,0.884414239804623,0.115080990125884
184,"A_p5_lam200",0.447673826904311,0.184518798281051,3,0.933901744990922,0.184518798281051
185,"A_p5_lam200",0.61472312705129,0.324269104761289,3,0.922340971239024,0.324269104761289
186,"A_p5_lam200",0.563597172741164,0.528824896971479,3,0.887101724328543,0.528824896971479
187,"A_p5_lam200",0.695882104312158,0.625802659884193,3,0.918685043379131,0.625802659884193
188,"A_p5_lam200",0.554540468651414,0.716298945781877,3,0.917251308333899,0.716298945781877
189,"A_p5_lam200",0.504861468188512,0.0598336255049378,3,0.890692741490924,0.0598336255049378
190,"A_p5_lam200",0.57681094493204,0.187229874794001,3,0.931309746063974,0.187229874794001
191,"A_p5_lam200",0.995381532102458,0.843783113808234,3,0.940807595150072,0.843783113808234
192,"A_p5_lam200",0.0882733582081981,0.0241050582206439,3,0.911599289794453,0.0241050582206439
193,"A_p5_lam200",0.83078298189012,0.410441033852854,3,0.921547120065749,0.410441033852854
194,"A_p5_lam200",0.568528382105043,0.206187873782214,3,0.909207758899475,0.206187873782214
195,"A_p5_lam200",0.758851645372317,0.936762739726895,3,0.942559393313392,0.936762739726895
196,"A_p5_lam200",0.0423978856053089,0.0959642524162867,3,0.94234211110831,0.0959642524162867
197,"A_p5_lam200",0.66264688097618,0.199270984510204,3,0.919160493855356,0.199270984510204
198,"A_p5_lam200",0.211966167833636,0.696295550133717,3,0.892438542351735,0.696295550133717
199,"A_p5_lam200",0.835605800773618,0.361874275192128,3,0.943446621089793,0.361874275192128
200,"A_p5_lam200",0.0516003102335281,0.217322736096931,3,0.940828255877753,0.217322736096931
201,"A_p5_lam200",0.633061851053019,0.578412908653049,3,0.922050105804211,0.578412908653049
202,"A_p5_lam200",0.671416732013866,0.53146726993112,3,0.922590035698184,0.53146726993112
203,"A_p5_lam200",0.212024046275143,0.428786889160083,3,0.913572154420467,0.428786889160083
204,"A_p5_lam200",0.325482166763901,0.92440566219435,3,0.907813161240387,0.92440566219435
205,"A_p5_lam200",0.154406578708272,0.980093254436909,3,0.917087527677759,0.980093254436909
206,"A_p5_lam200",0.704629272767425,0.486365674328547,3,0.903056995376621,0.486365674328547
207,"A_p5_lam200",0.199365415910861,0.0884616269012118,3,0.919373743643493,0.0884616269012118
208,"A_p5_lam200",0.124290286014847,0.172640646429953,3,0.925839382604297,0.172640646429953
209,"A_p5_lam200",0.595309888680435,0.216543454318288,3,0.922910015360153,0.216543454318288
210,"A_p5_lam200",0.206655293145969,0.347333786759275,3,0.925168354566784,0.347333786759275
211,"A_p5_lam200",0.216007338525042,0.68596957512953,3,0.93457282086879,0.68596957512953
212,"A_p5_lam200",0.351546679502381,0.360334759852574,3,0.887826056703412,0.360334759852574
213,"A_p5_lam200",0.858305987536155,0.884592798047842,3,0.91541874846712,0.884592798047842
214,"A_p5_lam200",0.00104245052234853,0.121795873501517,3,0.899144574560322,0.121795873501517
215,"A_p5_lam200",0.756685125641745,0.824595990082294,3,0.940363627483592,0.824595990082294
216,"A_p5_lam200",0.788870655031543,0.956437738346408,3,0.907491212972677,0.956437738346408
217,"A_p5_lam200",0.618775428154323,0.82753558522286,3,0.924049695304376,0.82753558522286
218,"A_p5_lam200",0.283367972297143,0.203942883369093,3,0.929707476024584,0.203942883369093
219,"A_p5_lam200",0.726262457259693,0.564346228666144,3,0.930894338771085,0.564346228666144
220,"A_p5_lam200",0.786162856038747,0.358208857344703,3,0.897400240370767,0.358208857344703
221,"A_p5_lam200",0.931981533392921,0.414085930347347,3,0.931230467541065,0.414085930347347
222,"A_p5_lam200",0.412857082538414,0.795068030534255,3,0.943720681157711,0.795068030534255
223,"A_p5_lam200",0.435291989374637,0.284967461494257,3,0.925661190482407,0.284967461494257
224,"A_p5_lam200",0.657365941677207,0.982509349684048,3,0.898652327866873,0.982509349684048
225,"A_p5_lam200",0.721038806549282,0.853990601013821,3,0.912394474753435,0.853990601013821
226,"A_p5_lam200",0.118985327306421,0.52698233838341,3,0.936073919785324,0.52698233838341
227,"A_p5_lam200",0.475115816269495,0.223782468003937,3,0.935066035688105,0.223782468003937
228,"A_p5_lam200",0.86063537958248,0.545482677865512,3,0.914843413540827,0.545482677865512
229,"A_p5_lam200",0.364122682606897,0.332316594926448,3,0.925065463473916,0.332316594926448
230,"A_p5_lam200",0.343536082992923,0.665045336281599,3,0.943696238383867,0.665045336281599
231,"A_p5_lam200",0.722166462789413,0.854390391352144,3,0.93813650385928,0.854390391352144
232,"A_p5_lam200",0.85730747659143,0.34896635935566,3,0.928032797925866,0.34896635935566
233,"A_p5_lam200",0.146070869113462,0.962065743826795,3,0.930999935068278,0.962065743826795
234,"A_p5_lam200",0.421924254823135,0.112911395858599,3,0.912677649383223,0.112911395858599
235,"A_p5_lam200",0.21378999662515,0.113894838000579,3,0.945052048104456,0.113894838000579
236,"A_p5_lam200",0.966173472788309,0.385581623212014,3,0.908349481245912,0.385581623212014
237,"A_p5_lam200",0.402696451670803,0.370034944165395,3,0.905721376441999,0.370034944165395
238,"A_p5_lam200",0.0809079947566393,0.25219878341509,3,0.916373812793442,0.25219878341509
239,"A_p5_lam200",0.654332336637247,0.385796712770464,3,0.947352326374148,0.385796712770464
240,"A_p5_lam200",0.383350596229407,0.196553510677192,3,0.928954942121417,0.196553510677192
241,"A_p5_lam200",0.164971893925668,0.0627798020165081,3,0.9213013512855,0.0627798020165081
242,"A_p5_lam200",0.269566797791295,0.281885869280368,3,0.921942750384408,0.281885869280368
243,"A_p5_lam200",0.987743754606697,0.929827671365645,3,0.914750744659747,0.929827671365645
244,"A_p5_lam200",0.0630284840961854,0.982364138813498,3,0.944218579458307,0.982364138813498
245,"A_p5_lam200",0.000191544771657615,0.165456630390102,3,0.895814914858767,0.165456630390102
246,"A_p5_lam200",0.0448437537836822,0.388261835484333,3,0.924949186592287,0.388261835484333
247,"A_p5_lam200",0.657664779114259,0.667825992237865,3,0.944184928934432,0.667825992237865
248,"A_p5_lam200",0.185865253746103,0.106032920617553,3,0.912280346491084,0.106032920617553
249,"A_p5_lam200",0.592721992102625,0.252851343379308,3,0.877667671993446,0.252851343379308
250,"A_p5_lam200",0.790463014194206,0.166209541930841,3,0.915322334857125,0.166209541930841
251,"A_p5_lam200",0.352122866604237,0.945282510586306,3,0.88890380883839,0.945282510586306
252,"A_p5_lam200",0.102828205545814,0.396384852417633,3,0.904136250379197,0.396384852417633
253,"A_p5_lam200",0.111525165107909,0.281644948016566,3,0.893579780347056,0.281644948016566
254,"A_p5_lam200",0.816533291171279,0.968436075347567,3,0.929731384548544,0.968436075347567
255,"A_p5_lam200",0.0694020587230078,0.0745260643760726,3,0.883148819138176,0.0745260643760726
256,"A_p5_lam200",0.285147425719682,0.0253862179892791,3,0.924382573484585,0.0253862179892791
257,"A_p5_lam200",0.0544329587040208,0.0288231322411832,3,0.941289703573079,0.0288231322411832
258,"A_p5_lam200",0.586107292744168,0.122224691113091,3,0.944115775571614,0.122224691113091
259,"A_p5_lam200",0.565145627680616,0.599629684208841,3,0.933949028611905,0.599629684208841
260,"A_p5_lam200",0.63514273014556,0.78790789810851,3,0.919262765093875,0.78790789810851
261,"A_p5_lam200",0.291008442046124,0.716538419695556,3,0.951501901697038,0.716538419695556
262,"A_p5_lam200",0.945226731325389,0.42036372528215,3,0.934892078186571,0.42036372528215
263,"A_p5_lam200",0.564594484693207,0.210692036789933,3,0.939351408008177,0.210692036789933
264,"A_p5_lam200",0.482241610152202,0.453909441169108,3,0.939395181186337,0.453909441169108
265,"A_p5_lam200",0.200586862760629,0.109840668266937,3,0.949584080420366,0.109840668266937
266,"A_p5_lam200",0.758159365458894,0.449555479033554,3,0.938572783073066,0.449555479033554
267,"A_p5_lam200",0.123686388261265,0.86541404427408,3,0.923091584269831,0.86541404427408
268,"A_p5_lam200",0.604928741394722,0.365065264503332,3,0.910372490681178,0.365065264503332
269,"A_p5_lam200",0.62748728391345,0.203664523983161,3,0.928098916292221,0.203664523983161
270,"A_p5_lam200",0.768079012966,0.795514066387495,3,0.886313138715337,0.795514066387495
271,"A_p5_lam200",0.245006938944793,0.762971333622489,3,0.94259319424851,0.762971333622489
272,"A_p5_lam200",0.476973072865574,0.606247315549886,3,0.916574624593719,0.606247315549886
273,"A_p5_lam200",0.0778731787595427,0.0080761366600195,3,0.923627970267902,0.0080761366600195
274,"A_p5_lam200",0.831662177006147,0.902071059765728,3,0.848135269407423,0.902071059765728
275,"A_p5_lam200",0.493702055538363,0.456377279730878,3,0.889391845741106,0.456377279730878
276,"A_p5_lam200",0.834690583883473,0.949316087939925,3,0.92327377516969,0.949316087939925
277,"A_p5_lam200",0.953398732854066,0.882397835736416,3,0.928341742798482,0.882397835736416
278,"A_p5_lam200",0.0921114126982658,0.695344569933898,3,0.939594471458628,0.695344569933898
279,"A_p5_lam200",0.424451568517361,0.938826429746894,3,0.928769993466499,0.938826429746894
280,"A_p5_lam200",0.85013687379635,0.588094058675179,3,0.909704799213302,0.588094058675179
281,"A_p5_lam200",0.297872028753489,0.899352489952219,3,0.948654613564242,0.899352489952219
282,"A_p5_lam200",0.221973268539131,0.935174134253964,3,0.91994798977495,0.935174134253964
283,"A_p5_lam200",0.682206037177033,0.988350369829461,3,0.901333843449716,0.988350369829461
284,"A_p5_lam200",0.91783505983949,0.63243253571697,3,0.939827892134699,0.63243253571697
285,"A_p5_lam200",0.757868211146669,0.558711404629747,3,0.915308410316843,0.558711404629747
286,"A_p5_lam200",0.330035217509661,0.107343998846848,3,0.931983096477683,0.107343998846848
287,"A_p5_lam200",0.500815470333192,0.359463209672918,3,0.930027390073024,0.359463209672918
288,"A_p5_lam200",0.681488230775431,0.709742114892833,3,0.935472055556877,0.709742114892833
289,"A_p5_lam200",0.775739595717956,0.332974129184532,3,0.927778464515035,0.332974129184532
290,"A_p5_lam200",0.766625432117686,0.300596037614963,3,0.937978741361596,0.300596037614963
291,"A_p5_lam200",0.152964512858323,0.829319294716438,3,0.918329295655184,0.829319294716438
292,"A_p5_lam200",0.19996731081589,0.801075837187598,3,0.892842780831028,0.801075837187598
293,"A_p5_lam200",0.746082171632764,0.526218059986186,3,0.910929486370749,0.526218059986186
294,"A_p5_lam200",0.378966583070994,0.257815850877915,3,0.912070744562946,0.257815850877915
295,"A_p5_lam200",0.0157528079117026,0.781405558895886,3,0.924422286583365,0.781405558895886
296,"A_p5_lam200",0.968715893069911,0.977463461308734,3,0.908648900752677,0.977463461308734
297,"A_p5_lam200",0.653414430613349,0.526918715733576,3,0.937890274376216,0.526918715733576
298,"A_p5_lam200",0.205295400654925,0.0350621892758602,3,0.916271672447781,0.0350621892758602
299,"A_p5_lam200",0.5145792421445,0.326037059534304,3,0.895704867141587,0.326037059534304
300,"A_p5_lam200",0.199841617624345,0.05007642856884,3,0.918546871771138,0.05007642856884
301,"A_p5_lam200",0.11720409883405,0.403158989127197,3,0.923269955604394,0.403158989127197
302,"A_p5_lam200",0.458755755708043,0.725006541884994,3,0.915991950451944,0.725006541884994
303,"A_p5_lam200",0.044620623406996,0.196333498691234,3,0.93476551464206,0.196333498691234
304,"A_p5_lam200",0.0692132440027969,0.583179238798711,3,0.934742954262481,0.583179238798711
305,"A_p5_lam200",0.618968517296765,0.682078498524355,3,0.941940348882744,0.682078498524355
306,"A_p5_lam200",0.668061605285315,0.356189157099918,3,0.939735488339338,0.356189157099918
307,"A_p5_lam200",0.530459204364501,0.0867851300558733,3,0.938929692955345,0.0867851300558733
308,"A_p5_lam200",0.316695225403261,0.69536861300399,3,0.918270529447757,0.69536861300399
309,"A_p5_lam200",0.0488032236474483,0.616702532628754,3,0.932635475652113,0.616702532628754
310,"A_p5_lam200",0.590980749628183,0.226235333218917,3,0.922015988288486,0.226235333218917
311,"A_p5_lam200",0.311427395311382,0.407450775481605,3,0.949612159136646,0.407450775481605
312,"A_p5_lam200",0.044057604511567,0.918547895141148,3,0.886838677485558,0.918547895141148
313,"A_p5_lam200",0.0979014907240423,0.19629642834317,3,0.916329348045986,0.19629642834317
314,"A_p5_lam200",0.2759332810683,0.103250267870599,3,0.915226806501,0.103250267870599
315,"A_p5_lam200",0.359660386880712,0.0745979296528912,3,0.940447222817379,0.0745979296528912
316,"A_p5_lam200",0.52228139911058,0.36349152861039,3,0.926025530205927,0.36349152861039
317,"A_p5_lam200",0.856063084578191,0.756113384059422,3,0.942169785868762,0.756113384059422
318,"A_p5_lam200",0.444052717329538,0.312178980090399,3,0.893688216506303,0.312178980090399
319,"A_p5_lam200",0.580378270547798,0.528880116273913,3,0.877914656651305,0.528880116273913
320,"A_p5_lam200",0.657292300138689,0.664317040335648,3,0.906327427351848,0.664317040335648
321,"A_p5_lam200",0.267845340651788,0.364968453147594,3,0.896406746416446,0.364968453147594
322,"A_p5_lam200",0.238940371997538,0.852061448280815,3,0.932825664858163,0.852061448280815
323,"A_p5_lam200",0.62682633887508,0.871826387279461,3,0.942280503364646,0.871826387279461
324,"A_p5_lam200",0.554257052530721,0.550442259541733,3,0.927930631842649,0.550442259541733
325,"A_p5_lam200",0.174352767411883,0.228774941705583,3,0.928682944399858,0.228774941705583
326,"A_p5_lam200",0.878118818462868,0.847782020178692,3,0.93287080872997,0.847782020178692
327,"A_p5_lam200",0.185002228232954,0.226071252311589,3,0.924486249714278,0.226071252311589
328,"A_p5_lam200",0.431202782935811,0.138474719785031,3,0.910171833156979,0.138474719785031
329,"A_p5_lam200",0.489773188067861,0.531484093554343,3,0.93858133868043,0.531484093554343
330,"A_p5_lam200",0.998021048972162,0.662030868218877,3,0.899271825866661,0.662030868218877
331,"A_p5_lam200",0.65827205208507,0.440312757531198,3,0.89821269798374,0.440312757531198
332,"A_p5_lam200",0.897010196490873,0.39316767251146,3,0.939362604999736,0.39316767251146
333,"A_p5_lam200",0.353759898908791,0.367968262249259,3,0.893240220751812,0.367968262249259
334,"A_p5_lam200",0.492565728653449,0.567420619579606,3,0.935896390320672,0.567420619579606
335,"A_p5_lam200",0.895519660262794,0.973350915192093,3,0.91646506063842,0.973350915192093
336,"A_p5_lam200",0.0358357130777398,0.033468304219202,3,0.920589674771232,0.033468304219202
337,"A_p5_lam200",0.214711468727044,0.124627058038556,3,0.915195848050506,0.124627058038556
338,"A_p5_lam200",0.388749286637637,0.292228510446123,3,0.932158038698838,0.292228510446123
339,"A_p5_lam200",0.713232927641836,0.7913648952451,3,0.906200186998834,0.7913648952451
340,"A_p5_lam200",0.104490005577188,0.358372465759462,3,0.931732548647419,0.358372465759462
341,"A_p5_lam200",0.234408618035635,0.275586112432148,3,0.948325283658008,0.275586112432148
342,"A_p5_lam200",0.123630793174036,0.688291261001149,3,0.905472196064729,0.688291261001149
343,"A_p5_lam200",0.446314787064413,0.513531525730681,3,0.92337597199999,0.513531525730681
344,"A_p5_lam200",0.87571285621101,0.920179688816261,3,0.906747709637065,0.920179688816261
345,"A_p5_lam200",0.757872917759014,0.235094765558583,3,0.904655064233789,0.235094765558583
346,"A_p5_lam200",0.265117507814112,0.192561871758126,3,0.935716431400415,0.192561871758126
347,"A_p5_lam200",0.277651764620066,0.310678878348843,3,0.959219977997015,0.310678878348843
348,"A_p5_lam200",0.448403456387597,0.12642556477369,3,0.934457376578469,0.12642556477369
349,"A_p5_lam200",0.209516067505336,0.757229210754336,3,0.946854661793263,0.757229210754336
350,"A_p5_lam200",0.192613685728999,0.164286038920626,3,0.901611671237988,0.164286038920626
351,"A_p5_lam200",0.461919146012018,0.159305160134989,3,0.913927184561332,0.159305160134989
352,"A_p5_lam200",0.214167136387784,0.161156009626939,3,0.930282535365556,0.161156009626939
353,"A_p5_lam200",0.351221358846654,0.318461067985168,3,0.90872544612702,0.318461067985168
354,"A_p5_lam200",0.234639026631572,0.0393163126716054,3,0.917771972731458,0.0393163126716054
355,"A_p5_lam200",0.254399607694592,0.645600563869946,3,0.925699196661295,0.645600563869946
356,"A_p5_lam200",0.534160056991261,0.662643378462448,3,0.926533719152698,0.662643378462448
357,"A_p5_lam200",0.925459222774473,0.533986577972166,3,0.934316694718117,0.533986577972166
358,"A_p5_lam200",0.955861462137954,0.792772348444719,3,0.928269786790666,0.792772348444719
359,"A_p5_lam200",0.844839122827389,0.915268108432411,3,0.922282446643925,0.915268108432411
360,"A_p5_lam200",0.868996174656547,0.393090578663071,3,0.908447683778941,0.393090578663071
361,"A_p5_lam200",0.0155354233052845,0.0164612431711108,3,0.911008034559389,0.0164612431711108
362,"A_p5_lam200",0.0506804777756646,0.844416945117184,3,0.938030952395248,0.844416945117184
363,"A_p5_lam200",0.888529739009401,0.579934557483534,3,0.911988354345251,0.579934557483534
364,"A_p5_lam200",0.816926187342577,0.930606766209584,3,0.924388532838378,0.930606766209584
365,"A_p5_lam200",0.0399053952933999,0.238973370302661,3,0.922950968229351,0.238973370302661
366,"A_p5_lam200",0.0945987928314939,0.395241642170545,3,0.913886088257571,0.395241642170545
367,"A_p5_lam200",0.999064605521812,0.901293583168388,3,0.92474085384143,0.901293583168388
368,"A_p5_lam200",0.676917583890441,0.314475312239408,3,0.931650786787034,0.314475312239408
369,"A_p5_lam200",0.359934686218963,0.402031542174447,3,0.936075217835721,0.402031542174447
370,"A_p5_lam200",0.895322126661916,0.439864175931675,3,0.91101096825113,0.439864175931675
371,"A_p5_lam200",0.414360887083797,0.465447899889789,3,0.938173287413581,0.465447899889789
372,"A_p5_lam200",0.888082503569249,0.753367319431798,3,0.9312373408671,0.753367319431798
373,"A_p5_lam200",0.591989600882997,0.206176074935907,3,0.934205259773106,0.206176074935907
374,"A_p5_lam200",0.885436048530286,0.73436482749133,3,0.92895269450204,0.73436482749133
375,"A_p5_lam200",0.635332952753037,0.65584292198119,3,0.94995567009604,0.65584292198119
376,"A_p5_lam200",0.338251219666356,0.621747423110654,3,0.95345448016237,0.621747423110654
377,"A_p5_lam200",0.747988587843699,0.788329114451751,3,0.917529682241744,0.788329114451751
378,"A_p5_lam200",0.809101013558683,0.635030330545421,3,0.944798480858649,0.635030330545421
379,"A_p5_lam200",0.319091517591699,0.932013197655741,3,0.92394673088682,0.932013197655741
380,"A_p5_lam200",0.903033975923857,0.471881689074788,3,0.918934828536081,0.471881689074788
381,"A_p5_lam200",0.890255956976184,0.970629002099784,3,0.926831096892467,0.970629002099784
382,"A_p5_lam200",0.734054103716679,0.125456511965788,3,0.931692623696741,0.125456511965788
383,"A_p5_lam200",0.209202169352943,0.282081822671631,3,0.94307854908974,0.282081822671631
384,"A_p5_lam200",0.618483703173309,0.480556529374702,3,0.920374864546455,0.480556529374702
385,"A_p5_lam200",0.534383978432501,0.698291202208664,3,0.924974408725643,0.698291202208664
386,"A_p5_lam200",0.226007914246333,0.0223399614432096,3,0.924069567374213,0.0223399614432096
387,"A_p5_lam200",0.134224186386545,0.592927060894741,3,0.889727399767538,0.592927060894741
388,"A_p5_lam200",0.316172002471697,0.0722322927677098,3,0.899484390203706,0.0722322927677098
389,"A_p5_lam200",0.965774353834628,0.674686484817442,3,0.938724432012747,0.674686484817442
390,"A_p5_lam200",0.469135736195634,0.463419334867102,3,0.947346258980674,0.463419334867102
391,"A_p5_lam200",0.0721993617074008,0.928591535958853,3,0.936114007630465,0.928591535958853
392,"A_p5_lam200",0.226956187587187,0.107283058417018,3,0.923539726567491,0.107283058417018
393,"A_p5_lam200",0.556360508170374,0.293272009643329,3,0.92139107547808,0.293272009643329
394,"A_p5_lam200",0.546073376038742,0.266472670443596,3,0.921451200585338,0.266472670443596
395,"A_p5_lam200",0.0744573515679454,0.00675865934489728,3,0.913090308636924,0.00675865934489728
396,"A_p5_lam200",0.873482631550992,0.693725903181685,3,0.889632379526583,0.693725903181685
397,"A_p5_lam200",0.0443905686661278,0.414342941405449,3,0.901301500943817,0.414342941405449
398,"A_p5_lam200",0.0300038724005801,0.569620168613097,3,0.900845517311153,0.569620168613097
399,"A_p5_lam200",0.313875850237115,0.435663325964318,3,0.930003854315414,0.435663325964318
400,"A_p5_lam200",0.191196887701103,0.6971720268766,3,0.930155311449776,0.6971720268766
401,"A_p5_lam200",0.122222800673322,0.66527335267394,3,0.928816304286872,0.66527335267394
402,"A_p5_lam200",0.182573500858885,0.626254847814678,3,0.909859001512425,0.626254847814678
403,"A_p5_lam200",0.554078954923182,0.367532441531993,3,0.947730221277424,0.367532441531993
404,"A_p5_lam200",0.358678211187022,0.0859474344926791,3,0.902747654315017,0.0859474344926791
405,"A_p5_lam200",0.686256331811439,0.553125250885826,3,0.92715896400027,0.553125250885826
406,"A_p5_lam200",0.0783346668570122,0.705575615428209,3,0.906163118256602,0.705575615428209
407,"A_p5_lam200",0.718192499242125,0.7458741119362,3,0.917675586679473,0.7458741119362
408,"A_p5_lam200",0.353994646677609,0.894882918591657,3,0.94927945874409,0.894882918591657
409,"A_p5_lam200",0.604700632881939,0.405800100803304,3,0.914245537948868,0.405800100803304
410,"A_p5_lam200",0.141805629518594,0.125339355282117,3,0.9241534547223,0.125339355282117
411,"A_p5_lam200",0.898021189127879,0.629674807871994,3,0.934421633551874,0.629674807871994
412,"A_p5_lam200",0.128382425805945,0.110452340597562,3,0.918914876909488,0.110452340597562
413,"A_p5_lam200",0.224657975553136,0.138257296813522,3,0.923597905509897,0.138257296813522
414,"A_p5_lam200",0.218589897861072,0.483825571276107,3,0.887078895467892,0.483825571276107
415,"A_p5_lam200",0.507704206816555,0.287983367575726,3,0.907445962420985,0.287983367575726
416,"A_p5_lam200",0.50598809046355,0.553794740487492,3,0.921410022104656,0.553794740487492
417,"A_p5_lam200",0.921928345427087,0.820159615245387,3,0.917943892616448,0.820159615245387
418,"A_p5_lam200",0.715516234707954,0.913994937694067,3,0.900820793714101,0.913994937694067
419,"A_p5_lam200",0.436784893145038,0.898350508385507,3,0.924398402899432,0.898350508385507
420,"A_p5_lam200",0.623023969093368,0.49703165676728,3,0.895055253701222,0.49703165676728
421,"A_p5_lam200",0.0894904976770479,0.887710686110569,3,0.91567023975576,0.887710686110569
422,"A_p5_lam200",0.880340360237437,0.627852185070203,3,0.934197271073154,0.627852185070203
423,"A_p5_lam200",0.394062374318112,0.617385848814431,3,0.946165353810256,0.617385848814431
424,"A_p5_lam200",0.334423649988668,0.72294590274212,3,0.918232074581595,0.72294590274212
425,"A_p5_lam200",0.576630478212253,0.173351182637355,3,0.950637445373292,0.173351182637355
426,"A_p5_lam200",0.804123395769565,0.279944212081988,3,0.936513276841415,0.279944212081988
427,"A_p5_lam200",0.084308627616529,0.19702830625097,3,0.944401876365482,0.19702830625097
428,"A_p5_lam200",0.0894897948784993,0.14347546052255,3,0.926654825343598,0.14347546052255
429,"A_p5_lam200",0.400318500079513,0.72413286694937,3,0.888416330888717,0.72413286694937
430,"A_p5_lam200",0.533101663617082,0.865719900738094,3,0.93417069226981,0.865719900738094
431,"A_p5_lam200",0.910038302645015,0.768617563532656,3,0.868562381208795,0.768617563532656
432,"A_p5_lam200",0.427335550099335,0.351733032364359,3,0.911560938649391,0.351733032364359
433,"A_p5_lam200",0.242766120633207,0.0361675948355376,3,0.907372288214505,0.0361675948355376
434,"A_p5_lam200",0.427790252708153,0.335751030801596,3,0.956797193037196,0.335751030801596
435,"A_p5_lam200",0.132219855674025,0.155702891957014,3,0.920079863252522,0.155702891957014
436,"A_p5_lam200",0.00237062466515148,0.00730881761172231,3,0.925289809453489,0.00730881761172231
437,"A_p5_lam200",0.922244561197915,0.25492956278997,3,0.939539676720963,0.25492956278997
438,"A_p5_lam200",0.889381075243111,0.770063404583625,3,0.913466975290836,0.770063404583625
439,"A_p5_lam200",0.257987107324502,0.01312951088148,3,0.941453379276212,0.01312951088148
440,"A_p5_lam200",0.87251268008925,0.969653474384144,3,0.888852707709646,0.969653474384144
441,"A_p5_lam200",0.775601458908383,0.211429596427913,3,0.925942295059335,0.211429596427913
442,"A_p5_lam200",0.227537073051811,0.38492409085955,3,0.912183959801762,0.38492409085955
443,"A_p5_lam200",0.112345936608255,0.0535395024439136,3,0.888997965274225,0.0535395024439136
444,"A_p5_lam200",0.896427437186729,0.754022027775216,3,0.941829245133944,0.754022027775216
445,"A_p5_lam200",0.781415365404419,0.837954539633291,3,0.926212300462168,0.837954539633291
446,"A_p5_lam200",0.410066984288616,0.187680338405565,3,0.913765102987425,0.187680338405565
447,"A_p5_lam200",0.543733505625314,0.38263173379984,3,0.937699796270499,0.38263173379984
448,"A_p5_lam200",0.289515381316003,0.0477453372727668,3,0.90903966355972,0.0477453372727668
449,"A_p5_lam200",0.722725241746909,0.180574465316039,3,0.88049066281058,0.180574465316039
450,"A_p5_lam200",0.455800207540927,0.615716156526498,3,0.921458812062391,0.615716156526498
451,"A_p5_lam200",0.545878802409373,0.705232552053909,3,0.948164633123625,0.705232552053909
452,"A_p5_lam200",0.65325838369088,0.962924552546292,3,0.908211725187763,0.962924552546292
453,"A_p5_lam200",0.261627074747813,0.309068502627277,3,0.924807362916763,0.309068502627277
454,"A_p5_lam200",0.867663793725336,0.876545969210216,3,0.916844541951514,0.876545969210216
455,"A_p5_lam200",0.551060568926641,0.225498448568722,3,0.936607732150369,0.225498448568722
456,"A_p5_lam200",0.252080064929971,0.603684297654975,3,0.927546724243691,0.603684297654975
457,"A_p5_lam200",0.276576043583037,0.35662629025605,3,0.950629908276082,0.35662629025605
458,"A_p5_lam200",0.153693842475571,0.562000422493927,3,0.943536832715283,0.562000422493927
459,"A_p5_lam200",0.498581807858581,0.0621084464506878,3,0.87312040822377,0.0621084464506878
460,"A_p5_lam200",0.430962791446414,0.276206981636733,3,0.925717010740194,0.276206981636733
461,"A_p5_lam200",0.885278073701235,0.999193674905505,3,0.878023520367676,0.999193674905505
462,"A_p5_lam200",0.535496287443528,0.945898308398894,3,0.923300014633336,0.945898308398894
463,"A_p5_lam200",0.25878482633166,0.822513474742305,3,0.921832846680944,0.822513474742305
464,"A_p5_lam200",0.991589223363863,0.997962134484534,3,0.917601990724582,0.997962134484534
465,"A_p5_lam200",0.403807634440013,0.239298275483089,3,0.940491781099607,0.239298275483089
466,"A_p5_lam200",0.660536701075338,0.616779693417555,3,0.929425969080611,0.616779693417555
467,"A_p5_lam200",0.718812404033689,0.85749140055914,3,0.927100649886248,0.85749140055914
468,"A_p5_lam200",0.437737015916975,0.869293771430804,3,0.926643082261036,0.869293771430804
469,"A_p5_lam200",0.320931990515755,0.104590925912581,3,0.907852750282432,0.104590925912581
470,"A_p5_lam200",0.416215885490701,0.850583085774654,3,0.948493011181668,0.850583085774654
471,"A_p5_lam200",0.862699788204094,0.700686744184561,3,0.912208021756275,0.700686744184561
472,"A_p5_lam200",0.819717319512856,0.618044989057774,3,0.928147843615447,0.618044989057774
473,"A_p5_lam200",0.791342856896482,0.494040473255998,3,0.931979314565541,0.494040473255998
474,"A_p5_lam200",0.749433116091822,0.612084115002343,3,0.945843860064107,0.612084115002343
475,"A_p5_lam200",0.931568146500016,0.84235874698248,3,0.910938814420803,0.84235874698248
476,"A_p5_lam200",0.863867578817881,0.526649372600478,3,0.913316978495102,0.526649372600478
477,"A_p5_lam200",0.446172324794136,0.726741809612125,3,0.947570669554006,0.726741809612125
478,"A_p5_lam200",0.446321274145013,0.392051516074618,3,0.919417959266691,0.392051516074618
479,"A_p5_lam200",0.0904192135795925,0.241122517149935,3,0.925480523550976,0.241122517149935
480,"A_p5_lam200",0.764534744080199,0.647802294627285,3,0.903924260702341,0.647802294627285
481,"A_p5_lam200",0.999848033072007,0.949607608016475,3,0.898189097706281,0.949607608016475
482,"A_p5_lam200",0.462271439464817,0.158930827760719,3,0.917865355952217,0.158930827760719
483,"A_p5_lam200",0.0324223502336161,0.00387772004825515,3,0.932611722874518,0.00387772004825515
484,"A_p5_lam200",0.989826858927352,0.84987407212785,3,0.904088164281851,0.84987407212785
485,"A_p5_lam200",0.106459906984942,0.025327016625132,3,0.863025281437259,0.025327016625132
486,"A_p5_lam200",0.303584720880333,0.609463313154408,3,0.924041498085857,0.609463313154408
487,"A_p5_lam200",0.234252541886054,0.52023246625634,3,0.923533816688802,0.52023246625634
488,"A_p5_lam200",0.391163930271559,0.429065967853279,3,0.929968508972063,0.429065967853279
489,"A_p5_lam200",0.206796065660026,0.970546657050607,3,0.923028060132792,0.970546657050607
490,"A_p5_lam200",0.0473370638451374,0.285388301195212,3,0.912319405747501,0.285388301195212
491,"A_p5_lam200",0.32381177198653,0.156528249775537,3,0.941211027053916,0.156528249775537
492,"A_p5_lam200",0.137141406984913,0.0477568141953697,3,0.933716439773807,0.0477568141953697
493,"A_p5_lam200",0.206326919322596,0.657381578508965,3,0.953977727694319,0.657381578508965
494,"A_p5_lam200",0.13982234082356,0.246722323510907,3,0.90513132477895,0.246722323510907
495,"A_p5_lam200",0.176807955601728,0.886616376259799,3,0.917961700622609,0.886616376259799
496,"A_p5_lam200",0.464185316710083,0.840968096181867,3,0.932249221809608,0.840968096181867
497,"A_p5_lam200",0.0543839507207696,0.112639500800713,3,0.928688255059441,0.112639500800713
498,"A_p5_lam200",0.490665801162181,0.770292500888014,3,0.903739809372394,0.770292500888014
499,"A_p5_lam200",0.475721316988894,0.622614671034491,3,0.924814014513314,0.622614671034491
500,"A_p5_lam200",0.0934411703035889,0.0264720082481888,3,0.915300672199955,0.0264720082481888
1,"B_p40_lam416",0.87445219030681,0.976708649003646,2,0.652287384115832,0.769102863651229
2,"B_p40_lam416",0.877986059972786,0.233910166368106,2,0.708759384602172,0.194029046525063
3,"B_p40_lam416",0.327285394570155,0.830100036455881,2,0.740142336818359,0.970552164487196
4,"B_p40_lam416",0.256720114076192,0.0234862296423622,2,0.649968007832581,0.0761832883726391
5,"B_p40_lam416",0.742121210015674,0.411671780771072,2,0.614051687788025,0.272915240943414
6,"B_p40_lam416",0.198503126394037,0.00285482866549103,2,0.731794922062382,0.017468395319727
7,"B_p40_lam416",0.842575055739873,0.616587058285224,2,0.667196255682794,0.895032329662803
8,"B_p40_lam416",0.635172809854149,0.311758846128965,3,0.768957710903224,0.311758846128965
9,"B_p40_lam416",0.354309514147272,0.921632510813376,2,0.614970740354579,0.112268513099038
10,"B_p40_lam416",0.0324677579677131,0.937575684944898,2,0.674408230104105,0.171264577222413
11,"B_p40_lam416",0.161208133317452,0.814314571090567,2,0.746919912659456,0.53403847342602
12,"B_p40_lam416",0.840958392086211,0.312132446875673,3,0.776386617928312,0.312132446875673
13,"B_p40_lam416",0.269377613677575,0.941109994113945,3,0.789663198568122,0.941109994113945
14,"B_p40_lam416",0.0654061941583932,0.0545169375113019,2,0.691760046866175,0.00469129113618527
15,"B_p40_lam416",0.207978384324625,0.622059656559806,2,0.694643793291247,0.682372753736509
16,"B_p40_lam416",0.321230498321031,0.953437783759724,2,0.60980368439951,0.846816365732097
17,"B_p40_lam416",0.664553402750706,0.895007942712202,2,0.648009898252518,0.220569902361592
18,"B_p40_lam416",0.333500292285521,0.360818513707133,2,0.670281928657251,0.615365674069299
19,"B_p40_lam416",0.865673549209435,0.980081022794181,2,0.744861731263775,0.531128371118915
20,"B_p40_lam416",0.482509272792579,0.707884688507209,2,0.74588538979033,0.154156525597143
21,"B_p40_lam416",0.543105591393967,0.520272260928594,2,0.728894770686751,0.17042544898374
22,"B_p40_lam416",0.0106233185282255,0.147504539101473,2,0.699913125003909,0.0169105091240096
23,"B_p40_lam416",0.408476729382715,0.565516702636501,2,0.706608644189837,0.551950584170797
24,"B_p40_lam416",0.878146727108323,0.106899603804691,2,0.688252154956207,0.318042720715139
25,"B_p40_lam416",0.704373678144583,0.769100773455299,2,0.730096466188769,0.85458343254291
26,"B_p40_lam416",0.897773931836929,0.372901650569692,2,0.729571851872894,0.677426175168268
27,"B_p40_lam416",0.559999234519817,0.361208513030324,3,0.766351823041953,0.361208513030324
28,"B_p40_lam416",0.931682946120783,0.937999811041403,2,0.759104439060718,0.700390686078546
29,"B_p40_lam416",0.373480025181117,0.52200930053301,2,0.688718361373044,0.476328882655866
30,"B_p40_lam416",0.152359472411814,0.5211828593339,2,0.673667693510754,0.775660963787474
31,"B_p40_lam416",0.970735387370182,0.432320074944233,2,0.690024431221115,0.727579161362118
32,"B_p40_lam416",0.302667603699953,0.360123460743571,3,0.792786721381852,0.360123460743571
33,"B_p40_lam416",0.487239867921837,0.25552979147412,2,0.62248463304597,0.419428439084601
34,"B_p40_lam416",0.0571420132351547,0.138293876211565,2,0.679508939847974,0.145605705363173
35,"B_p40_lam416",0.494881454249975,0.451214733977063,2,0.585220281459147,0.683503644144333
36,"B_p40_lam416",0.106441885897838,0.610684051966518,2,0.741442511643038,0.171568229140114
37,"B_p40_lam416",0.503282240089636,0.850620010249639,3,0.800860623364611,0.850620010249639
38,"B_p40_lam416",0.672907072217305,0.404169309239395,2,0.717131664396793,0.503635039114553
39,"B_p40_lam416",0.962216750650409,0.234319248527481,2,0.682009904798361,0.356064174964736
40,"B_p40_lam416",0.176074258880608,0.209425119583822,2,0.724162669130164,0.485223609498504
41,"B_p40_lam416",0.755836372129012,0.570178066629244,2,0.712433040671452,0.760493323759441
42,"B_p40_lam416",0.440491061603312,0.997232781113199,2,0.75747963067085,0.981758797124709
43,"B_p40_lam416",0.251836233530255,0.577193412021671,2,0.756312253301981,0.824203056393967
44,"B_p40_lam416",0.820684270937133,0.9885276552589,2,0.747470388831469,0.963358996560425
45,"B_p40_lam416",0.631817892766918,0.154596022268607,2,0.633865003865885,0.20840077245021
46,"B_p40_lam416",0.554713440620285,0.998277426303275,2,0.682343975465012,0.373151294472712
47,"B_p40_lam416",0.916364134598977,0.975136832302442,3,0.773064664569726,0.975136832302442
48,"B_p40_lam416",0.386075756419963,0.215973057478135,3,0.800939248240165,0.215973057478135
49,"B_p40_lam416",0.0473401056982999,0.0648029975422804,2,0.703996604350103,0.200942922512937
50,"B_p40_lam416",0.0984219586391543,0.0403249818811388,3,0.837345882228676,0.0403249818811388
51,"B_p40_lam416",0.248247343671164,0.603568105770388,2,0.622075511095966,0.829401898171432
52,"B_p40_lam416",0.9619114201161,0.876871246350095,2,0.735373262064767,0.701416363927109
53,"B_p40_lam416",0.240631141976696,0.913475597520644,2,0.65248450231011,0.730416331536529
54,"B_p40_lam416",0.676417042058342,0.257731820200989,3,0.780706045248696,0.257731820200989
55,"B_p40_lam416",0.992822949529142,0.66910632809512,2,0.734261832061418,0.846713247488976
56,"B_p40_lam416",0.0298448834258884,0.0478032942590784,3,0.766616533362491,0.0478032942590784
57,"B_p40_lam416",0.682700903082507,0.480362595091081,2,0.703837159681973,0.277270389600334
58,"B_p40_lam416",0.621628473361868,0.819363553741565,2,0.763597958370781,0.257747210187329
59,"B_p40_lam416",0.949000378697669,0.769186504602285,2,0.707921579241369,0.930930862557465
60,"B_p40_lam416",0.0402367130200101,0.0919224120835695,2,0.680246036357575,0.0508456264824519
61,"B_p40_lam416",0.435720549612627,0.295795427096139,2,0.691808218331484,0.137347965210015
62,"B_p40_lam416",0.864133471999998,0.677579778217837,2,0.683528106676497,0.921720539362627
63,"B_p40_lam416",0.72398876513754,0.226197509190274,2,0.710578119216963,0.21776447513382
64,"B_p40_lam416",0.794482280447408,0.0689606579901235,2,0.737490485543924,0.182024603609427
65,"B_p40_lam416",0.619308865994555,0.270387767620617,2,0.74724877287163,0.30704343133091
66,"B_p40_lam416",0.126713277357869,0.968477413486271,2,0.679337225412056,0.827809628234481
67,"B_p40_lam416",0.196666864457802,0.459305191573814,2,0.676917025772967,0.571312002727892
68,"B_p40_lam416",0.395474544030893,0.910345091599175,2,0.74691624073967,0.510050674623323
69,"B_p40_lam416",0.35610832900545,0.129575626851096,2,0.686940710561205,0.0757777857490145
70,"B_p40_lam416",0.286082425218162,0.223341214442263,3,0.792361477211624,0.223341214442263
71,"B_p40_lam416",0.346390396161972,0.710356078981667,2,0.635958102876953,0.288652032382001
72,"B_p40_lam416",0.269869206268225,0.60812759080528,2,0.600620465826485,0.0917249209763484
73,"B_p40_lam416",0.974211165748287,0.650672894333733,2,0.611807448629501,0.746781351670451
74,"B_p40_lam416",0.221165251361615,0.149347829667013,2,0.726479003607823,0.38771376935556
75,"B_p40_lam416",0.855333547058184,0.763253987864181,2,0.670600922928748,0.458505051020219
76,"B_p40_lam416",0.197447390076105,0.728515494994665,2,0.682023444826671,0.162353306386274
77,"B_p40_lam416",0.509153422772386,0.807186771530872,2,0.620526810520465,0.79676335450087
78,"B_p40_lam416",0.0107199455910143,0.160571945154712,2,0.62872751793344,0.40212538754566
79,"B_p40_lam416",0.523061888666769,0.120622454846506,2,0.673173053651067,0.344650188972119
80,"B_p40_lam416",0.289920608737133,0.331659679644965,3,0.784449234633696,0.331659679644965
81,"B_p40_lam416",0.589040000401804,0.746964940503776,2,0.665211301931497,0.914801615501468
82,"B_p40_lam416",0.178649264055969,0.859349787232273,2,0.764327601408222,0.0183673908453925
83,"B_p40_lam416",0.8299010087754,0.784752113709624,2,0.702802125031132,0.728716992175346
84,"B_p40_lam416",0.927767364884636,0.891875809456657,2,0.685253647772751,0.681198086775955
85,"B_p40_lam416",0.267086989441565,0.888472668583816,2,0.62508050264452,0.534743302184887
86,"B_p40_lam416",0.909282785552265,0.659564245580263,2,0.759728568073045,0.903927273521051
87,"B_p40_lam416",0.478803392492503,0.345413951376302,2,0.677213265613762,0.0842338433752238
88,"B_p40_lam416",0.746396551131689,0.238866302302229,2,0.755045275693239,0.535669010901416
89,"B_p40_lam416",0.170732909992579,0.0837637341104365,2,0.735050710822965,0.192086329593885
90,"B_p40_lam416",0.00831404964438043,0.405027344361039,2,0.658139431274539,0.540412172622552
91,"B_p40_lam416",0.192686808535013,0.973589864659011,2,0.689478143243258,0.872266048815503
92,"B_p40_lam416",0.268940864650133,0.0742547970361822,2,0.592394690373745,0.227968603290073
93,"B_p40_lam416",0.690747212139699,0.725459932129653,2,0.620796481344181,0.278821081901045
94,"B_p40_lam416",0.530886074141451,0.844168547743678,2,0.683233974790757,0.897981010786855
95,"B_p40_lam416",0.975971865414113,0.865545952868009,3,0.779912458610924,0.865545952868009
96,"B_p40_lam416",0.538188952309833,0.738719786450896,3,0.775802729934644,0.738719786450896
97,"B_p40_lam416",0.171679482257736,0.33001792436325,2,0.688499316880306,0.0792007907288635
98,"B_p40_lam416",0.908680918149982,0.876501488866548,2,0.642282973473725,0.544695359961346
99,"B_p40_lam416",0.629839440005522,0.528910379545205,2,0.763936946717192,0.215112365537331
100,"B_p40_lam416",0.20065159811782,0.697180338146299,3,0.797054420704128,0.697180338146299
101,"B_p40_lam416",0.903298317629422,0.388641301832799,2,0.705902726249532,0.646127665228176
102,"B_p40_lam416",0.688241270114487,0.679737531671579,2,0.702991169728435,0.713728530188342
103,"B_p40_lam416",0.149314649125683,0.502745489898017,3,0.768346107221529,0.502745489898017
104,"B_p40_lam416",0.640449825675646,0.914711411199437,3,0.767612926961909,0.914711411199437
105,"B_p40_lam416",0.219042163066771,0.753811545153296,2,0.726253294998369,0.141443059858188
106,"B_p40_lam416",0.371881143736966,0.480784154491163,2,0.733309082130976,0.622726469252579
107,"B_p40_lam416",0.696147878048728,0.979411594853071,2,0.723989367486077,0.446515251012692
108,"B_p40_lam416",0.0982301816002003,0.0270394925674722,2,0.746891310766051,0.0304157993182332
109,"B_p40_lam416",0.736321427614976,0.439173010865508,2,0.702907244732006,0.538358610921343
110,"B_p40_lam416",0.0307329729581327,0.928708958913523,2,0.724754556835812,0.179841192326706
111,"B_p40_lam416",0.774917143577127,0.79621431538046,2,0.69787970674432,0.940442210137233
112,"B_p40_lam416",0.350014639073516,0.491848475112931,2,0.710094288671932,0.191026702472077
113,"B_p40_lam416",0.47562699377969,0.584490426127183,2,0.731478350703968,0.439444529116115
114,"B_p40_lam416",0.242502334346544,0.721690399629979,2,0.70476942666696,0.924734823131151
115,"B_p40_lam416",0.193516212032947,0.990604006754074,2,0.677020359572874,0.319500220119815
116,"B_p40_lam416",0.136722621111873,0.187208736230551,2,0.596039340702336,0.399234068350338
117,"B_p40_lam416",0.867283330617575,0.998656520541009,2,0.732417130506988,0.816901036375199
118,"B_p40_lam416",0.021892003007796,0.251187250119544,2,0.764025116644644,0.0029229832691281
119,"B_p40_lam416",0.298203879649401,0.462420191222762,2,0.739360391260417,0.734781594614673
120,"B_p40_lam416",0.245272052979879,0.5379454266233,2,0.712225024316624,0.19261549792667
121,"B_p40_lam416",0.200123629143371,0.193996781851781,2,0.63882088956958,0.331586434220786
122,"B_p40_lam416",0.185836352681652,0.329414438149083,2,0.70207406316346,0.0892441340302745
123,"B_p40_lam416",0.135325056085662,0.178282323215937,2,0.711097284086707,0.454137871032262
124,"B_p40_lam416",0.103677600680731,0.0951677873962631,3,0.80598675458771,0.0951677873962631
125,"B_p40_lam416",0.885135008037573,0.431597746045747,2,0.559834644311217,0.636687204309715
126,"B_p40_lam416",0.613623024021701,0.23111912324921,2,0.604305283998275,0.247582568734073
127,"B_p40_lam416",0.0965369413483174,0.7702183710905,2,0.71982636858797,0.937618565545124
128,"B_p40_lam416",0.371356444455876,0.0311032386511875,3,0.773119490901841,0.0311032386511875
129,"B_p40_lam416",0.536160767966364,0.542443012190841,2,0.738140188624728,0.78033032051822
130,"B_p40_lam416",0.627197406261016,0.402721792821625,2,0.748260965800105,0.355919481680923
131,"B_p40_lam416",0.0993349330815679,0.354586816177252,2,0.643896135234874,0.578201883496042
132,"B_p40_lam416",0.42718584061309,0.0639425284273956,2,0.711011706712212,0.173167248975541
133,"B_p40_lam416",0.811586245985238,0.738469181055331,2,0.68700743270906,0.941407860225829
134,"B_p40_lam416",0.855179379084759,0.424543407354252,3,0.817588744457088,0.424543407354252
135,"B_p40_lam416",0.832261346827827,0.752340766170754,2,0.671977520328999,0.893837196412355
136,"B_p40_lam416",0.974683158590727,0.643995776989735,2,0.759170734826266,0.785578294183667
137,"B_p40_lam416",0.0678847416611785,0.661565136340857,2,0.754057965715745,0.0993971923652135
138,"B_p40_lam416",0.201721830127038,0.468928523656372,3,0.814468149835919,0.468928523656372
139,"B_p40_lam416",0.966968846080417,0.887477558669936,2,0.59542727872333,0.928674692185792
140,"B_p40_lam416",0.816825883246176,0.686350747659384,2,0.736856440780753,0.736629748646438
141,"B_p40_lam416",0.070624230434801,0.559157043685044,2,0.757266491029726,0.854873661959175
142,"B_p40_lam416",0.229215175447228,0.127040774893503,2,0.645985773041394,0.319278631614221
143,"B_p40_lam416",0.600887375617335,0.0917184238143972,2,0.733644538825961,0.262754822566428
144,"B_p40_lam416",0.612049467359437,0.590948281341751,2,0.715054092045262,0.500936259698883
145,"B_p40_lam416",0.584058318907807,0.911641176798726,3,0.775803645714436,0.911641176798726
146,"B_p40_lam416",0.94452134645917,0.712455708898652,2,0.756380560061273,0.635390133332878
147,"B_p40_lam416",0.405283353608547,0.821134907271161,2,0.7494372485243,0.552794232171116
148,"B_p40_lam416",0.975377704159551,0.963381329937527,2,0.618289234094625,0.906002081697855
149,"B_p40_lam416",0.101876390237948,0.169549888276373,2,0.727968605037499,0.215292185035429
150,"B_p40_lam416",0.0347705585909985,0.197642890839839,2,0.698572524595627,0.439513080261913
151,"B_p40_lam416",0.555763813455244,0.898909303359009,2,0.645749913306666,0.957993196299206
152,"B_p40_lam416",0.208674944112449,0.652031626883452,2,0.678359535537283,0.100361809560352
153,"B_p40_lam416",0.640448999057742,0.0731672553782308,2,0.712858719662811,0.219759635561275
154,"B_p40_lam416",0.858333083219133,0.773785791515795,2,0.73342355142612,0.959940717547462
155,"B_p40_lam416",0.397738060308763,0.316459675478306,2,0.712075647973862,0.554218379140334
156,"B_p40_lam416",0.176994820794306,0.0165998401201757,2,0.688307695206539,0.0485249847154116
157,"B_p40_lam416",0.955768827874195,0.211730912410431,2,0.731600703703309,0.375816549865929
158,"B_p40_lam416",0.109258044622425,0.14986134432036,2,0.763422719725132,0.121358523661613
159,"B_p40_lam416",0.959593271091174,0.799709089315731,2,0.732492266255171,0.954441511179653
160,"B_p40_lam416",0.45540562866557,0.460956628495683,3,0.812636833517092,0.460956628495683
161,"B_p40_lam416",0.0559957684051672,0.71149343438877,2,0.751363181837362,0.0377917484524155
162,"B_p40_lam416",0.355892424305916,0.565041294602908,2,0.748877946578313,0.864379195844348
163,"B_p40_lam416",0.068564450749071,0.0102620430212594,3,0.769128534312606,0.0102620430212594
164,"B_p40_lam416",0.295198804092801,0.803478577331749,2,0.759847703316968,0.821710392014797
165,"B_p40_lam416",0.473949068812944,0.205861425428068,2,0.748358075352668,0.114032236203947
166,"B_p40_lam416",0.218229168662396,0.0317957153010674,2,0.637606470556749,0.025709289694713
167,"B_p40_lam416",0.230361251116343,0.435045036847965,2,0.758528278622328,0.0659580630003467
168,"B_p40_lam416",0.955706376739025,0.665914028684962,2,0.646071224024422,0.722257601069303
169,"B_p40_lam416",0.380209632123068,0.348933786312433,2,0.661179871705524,0.663811710541137
170,"B_p40_lam416",0.2469206117458,0.841874026784562,2,0.712294820989418,0.317479811850038
171,"B_p40_lam416",0.427879387068035,0.946517292104067,2,0.710905247787536,0.922317339253314
172,"B_p40_lam416",0.468623560377191,0.128550957099449,2,0.679336051320308,0.206446574448146
173,"B_p40_lam416",0.027509899921337,0.33553401802093,2,0.742011413045128,0.666307369302099
174,"B_p40_lam416",0.63204242157956,0.766333102385455,3,0.772897319888503,0.766333102385455
175,"B_p40_lam416",0.879818699145031,0.839250626054325,2,0.664784912680311,0.421395281345776
176,"B_p40_lam416",0.147562690782563,0.082309495403994,2,0.675842670680868,0.263228018858003
177,"B_p40_lam416",0.704139074279086,0.896458534834194,3,0.771386674720292,0.896458534834194
178,"B_p40_lam416",0.092807365318863,0.0862774731372382,2,0.702090272454438,0.250618523279152
179,"B_p40_lam416",0.503963421353732,0.443135059984031,2,0.654532505802801,0.725630126329042
180,"B_p40_lam416",0.0852982252263759,0.419873512152259,2,0.699273387502216,0.641095077184756
181,"B_p40_lam416",0.681801225319051,0.423788820498055,3,0.775140906917668,0.423788820498055
182,"B_p40_lam416",0.754607951661002,0.277310617507938,2,0.736189748457472,0.565905503002881
183,"B_p40_lam416",0.267525168381954,0.225015213855614,2,0.699142488898235,0.235974173492922
184,"B_p40_lam416",0.589224672640005,0.888592157456875,2,0.536125085902262,0.751074815280124
185,"B_p40_lam416",0.194024607162178,0.866197209951214,2,0.61598704926928,0.849468497937979
186,"B_p40_lam416",0.249121678439416,0.961754815469321,2,0.749331252207252,0.91366348213091
187,"B_p40_lam416",0.629792783320945,0.617175062479503,2,0.698644125030264,0.852975216670348
188,"B_p40_lam416",0.0086768370449376,0.123372165053483,2,0.749568659997766,0.346963989074569
189,"B_p40_lam416",0.308521011009655,0.392694297602814,3,0.821128619391719,0.392694297602814
190,"B_p40_lam416",0.539187511431415,0.469294202715255,2,0.755012348065424,0.118832252947411
191,"B_p40_lam416",0.255537899428572,0.92052286920023,2,0.745747624586479,0.28666984937397
192,"B_p40_lam416",0.803088081675283,0.301313855645444,3,0.78868827861296,0.301313855645444
193,"B_p40_lam416",0.445629617988078,0.21774324679122,2,0.669906597386398,0.481591797780617
194,"B_p40_lam416",0.374273025648747,0.850776272729385,2,0.764060107080621,0.946260319150299
195,"B_p40_lam416",0.791224756198953,0.416111734006825,2,0.726938928475054,0.229267143691157
196,"B_p40_lam416",0.942473364351401,0.988390469746706,2,0.750918088871248,0.997116459042598
197,"B_p40_lam416",0.797553643966658,0.833066227693943,2,0.749735483873568,0.794724909638022
198,"B_p40_lam416",0.358866995007355,0.216594439769995,2,0.648238008278671,0.420819388516671
199,"B_p40_lam416",0.929059498952757,0.971209883924528,2,0.549527532997581,0.906981796392634
200,"B_p40_lam416",0.454732696866789,0.22430586940387,2,0.757103469847639,0.523895558775216
201,"B_p40_lam416",0.439518139155966,0.83671468192407,3,0.775120147623317,0.83671468192407
202,"B_p40_lam416",0.604191788767267,0.787054836380956,3,0.790300985498893,0.787054836380956
203,"B_p40_lam416",0.525856439384328,0.887538229610764,2,0.706442852119637,0.861461346500613
204,"B_p40_lam416",0.304357070752792,0.695933272906467,3,0.827078159459554,0.695933272906467
205,"B_p40_lam416",0.0980510403600144,0.340322141493508,2,0.598224984692137,0.661969515183809
206,"B_p40_lam416",0.660247080232012,0.813504848079845,2,0.732407274502634,0.939683761744913
207,"B_p40_lam416",0.14290995001434,0.0678992891651523,2,0.753905242891114,0.131520079655749
208,"B_p40_lam416",0.384863511362859,0.461351114863502,2,0.687901435132282,0.781163075647902
209,"B_p40_lam416",0.777474772548256,0.554453688412767,2,0.651475258161421,0.552490205612023
210,"B_p40_lam416",0.392326587562109,0.189963076780192,2,0.717639657013934,0.460315942444381
211,"B_p40_lam416",0.0411083540051773,0.73265264310229,2,0.733578433074734,0.287423226830852
212,"B_p40_lam416",0.0369970946000659,0.0697255205795341,2,0.747595542135296,0.190761370234474
213,"B_p40_lam416",0.501568892805648,0.580411377373641,2,0.715336082482824,0.870920773641827
214,"B_p40_lam416",0.511452084381483,0.185747031789928,2,0.692637690245285,0.404821333240107
215,"B_p40_lam416",0.245321253903251,0.915201459186296,2,0.749157107218565,0.930906232404593
216,"B_p40_lam416",0.789744253017602,0.563191988219792,2,0.684983754038752,0.747534258354445
217,"B_p40_lam416",0.226265088638075,0.904557380574206,2,0.72686891276378,0.549666367930641
218,"B_p40_lam416",0.640923956799353,0.355462048297111,2,0.762370475347558,0.43394807978526
219,"B_p40_lam416",0.663035057573721,0.630448731283187,2,0.742661059824347,0.785358954034195
220,"B_p40_lam416",0.844032694491641,0.771566537723994,3,0.810485031301023,0.771566537723994
221,"B_p40_lam416",0.456929302881383,0.457646799061703,2,0.654458821602793,0.574651037117029
222,"B_p40_lam416",0.624631358556006,0.625079474505828,2,0.737966350647344,0.381196095357796
223,"B_p40_lam416",0.964319020712392,0.879702095539686,2,0.719649982188481,0.938310923207302
224,"B_p40_lam416",0.440885365522125,0.46818888564021,3,0.767089977590566,0.46818888564021
225,"B_p40_lam416",0.430983564554297,0.815178046305426,2,0.602414650678222,0.081853079095497
226,"B_p40_lam416",0.125741760261197,0.0207102613465366,2,0.637572294946172,0.0944650695667335
227,"B_p40_lam416",0.320864706318026,0.753405235470328,2,0.620267143751033,0.922091170572692
228,"B_p40_lam416",0.83594308310222,0.734429538913344,2,0.745826072546511,0.742814084610404
229,"B_p40_lam416",0.535412997056418,0.531601384996154,2,0.706541337361457,0.493798719329561
230,"B_p40_lam416",0.0552572587705233,0.324482106643195,2,0.679143365576661,0.627252910952329
231,"B_p40_lam416",0.0790642941788263,0.9451780926022,2,0.763515591457808,0.143561903450211
232,"B_p40_lam416",0.729692520931324,0.94709945052597,2,0.745272353320396,0.6682733742963
233,"B_p40_lam416",0.246254858524154,0.37550356030083,2,0.711180975692721,0.544506112496162
234,"B_p40_lam416",0.614328267850473,0.277798110597771,2,0.665803613351977,0.461669877523938
235,"B_p40_lam416",0.136619189781576,0.23896379300194,2,0.693173525020662,0.129358224786294
236,"B_p40_lam416",0.112803153082664,0.773483484700571,2,0.664910507054152,0.599468288912136
237,"B_p40_lam416",0.999788625483443,0.906665229836571,2,0.679321119675358,0.991457580877134
238,"B_p40_lam416",0.117324602673443,0.683585733771611,2,0.730447332807419,0.162438779708289
239,"B_p40_lam416",0.572290154296262,0.0953854631608593,2,0.727669582825172,0.285636769046251
240,"B_p40_lam416",0.710127075266794,0.294248169422229,2,0.703384434740219,0.273775130488203
241,"B_p40_lam416",0.496757928385278,0.949689611896723,2,0.630305574555669,0.99179640377818
242,"B_p40_lam416",0.406147018925497,0.839475444441114,3,0.78462238210145,0.839475444441114
243,"B_p40_lam416",0.158145867750481,0.615636317012844,2,0.729930455155985,0.865247441056816
244,"B_p40_lam416",0.131353386805163,0.709328693813862,2,0.67456392875044,0.932070109577211
245,"B_p40_lam416",0.792690626476746,0.839055593270583,2,0.638406795720816,0.499173202815528
246,"B_p40_lam416",0.401728422508339,0.703144409202433,2,0.587677356673934,0.903794190047805
247,"B_p40_lam416",0.917451539301476,0.501250098107336,2,0.717176026884702,0.576874884712808
248,"B_p40_lam416",0.0219729093404309,0.770046857234183,2,0.695586515099595,0.0918890834695378
249,"B_p40_lam416",0.254424712536166,0.990328131473763,2,0.700091621806439,0.238861262286324
250,"B_p40_lam416",0.462271282039605,0.529590005919364,2,0.592267660333042,0.484127047364817
251,"B_p40_lam416",0.408057014503609,0.986301536088446,2,0.649270209094987,0.773549616596466
252,"B_p40_lam416",0.882617560714182,0.929379317776843,2,0.640320649784219,0.616513582955656
253,"B_p40_lam416",0.806263346949806,0.897692869069789,2,0.748132145392891,0.970295310519671
254,"B_p40_lam416",0.669112616346658,0.310002298334849,2,0.678813664295663,0.191108104253434
255,"B_p40_lam416",0.483012086308503,0.303056210394962,2,0.668702486332027,0.36280400499111
256,"B_p40_lam416",0.162075589882353,0.137886551176376,2,0.711531632092061,0.190727825373913
257,"B_p40_lam416",0.601584365062605,0.398472164647899,2,0.697519800662011,0.315666983479996
258,"B_p40_lam416",0.796642518044556,0.687240791024583,2,0.646330662922477,0.904344954148919
259,"B_p40_lam416",0.205531368334646,0.156433644130264,2,0.695800321314119,0.335662095570357
260,"B_p40_lam416",0.883134675150947,0.305785800615097,3,0.774706829841823,0.305785800615097
261,"B_p40_lam416",0.663882197346412,0.829564694900041,3,0.766439611131732,0.829564694900041
262,"B_p40_lam416",0.648766384833354,0.812746997856865,2,0.736834480546765,0.565364754996064
263,"B_p40_lam416",0.663514878672144,0.0909807264471193,2,0.701684887784887,0.158142409319411
264,"B_p40_lam416",0.188184195112057,0.590529118536726,2,0.73931774993693,0.47264066133593
265,"B_p40_lam416",0.0796910539503752,0.171901226611101,2,0.63703802633971,0.415764397021078
266,"B_p40_lam416",0.0320756846329204,0.129913199833933,2,0.66736266874159,0.023651650665794
267,"B_p40_lam416",0.601640737914425,0.97172533700843,2,0.74671152939179,0.98383971144294
268,"B_p40_lam416",0.598272182468949,0.547181278466856,2,0.705350216080033,0.278643906948527
269,"B_p40_lam416",0.115378399815669,0.0576454041468578,2,0.675063493204256,0.128863222608327
270,"B_p40_lam416",0.683186932588859,0.358800408333213,3,0.765398793712014,0.358800408333213
271,"B_p40_lam416",0.296388182945171,0.152453677394094,2,0.575244531894447,0.309003350664785
272,"B_p40_lam416",0.579573241036317,0.300802921606085,3,0.765353887463119,0.300802921606085
273,"B_p40_lam416",0.0252716446390417,0.231049623747884,2,0.736571095129486,0.258085771515051
274,"B_p40_lam416",0.955010479257385,0.970958024181488,2,0.666821383286269,0.748661700593942
275,"B_p40_lam416",0.712445585223049,0.753844280811802,2,0.720206762983352,0.860673971592808
276,"B_p40_lam416",0.687728122441598,0.988676612537548,2,0.68893652926629,0.849297578673121
277,"B_p40_lam416",0.736676616687273,0.265449033541151,2,0.663787377898572,0.371910735589999
278,"B_p40_lam416",0.554636277353495,0.628138163980975,2,0.673300084876743,0.442859816257417
279,"B_p40_lam416",0.990589590269905,0.709285592651428,2,0.698290050788724,0.648218720296339
280,"B_p40_lam416",0.0365156965648744,0.563285496514579,2,0.713352135674151,0.700502468899634
281,"B_p40_lam416",0.890149565179744,0.255037489838078,2,0.587438568522117,0.37623166148095
282,"B_p40_lam416",0.0802841618418338,0.0814892196254307,3,0.779700891852926,0.0814892196254307
283,"B_p40_lam416",0.26258364909791,0.240709620561187,2,0.704980474893257,0.126959689473783
284,"B_p40_lam416",0.380306214355487,0.354026139448355,2,0.708124210451399,0.613577972128572
285,"B_p40_lam416",0.685801250759262,0.727510836350025,2,0.705490530011707,0.633509465055164
286,"B_p40_lam416",0.552706211314762,0.583587989730944,2,0.752213237974402,0.863956199374091
287,"B_p40_lam416",0.285826027721883,0.167310804826079,3,0.810766343628792,0.167310804826079
288,"B_p40_lam416",0.0688042145755736,0.673505960048581,3,0.782089460579322,0.673505960048581
289,"B_p40_lam416",0.657906144210017,0.502907183596369,2,0.754297594524535,0.820360753883076
290,"B_p40_lam416",0.382487124639176,0.818368737965158,2,0.738492106995267,0.824949296205348
291,"B_p40_lam416",0.856060854465794,0.567151011217514,2,0.735177824119412,0.864764084310662
292,"B_p40_lam416",0.389168428083905,0.695908594172941,2,0.631971843699012,0.903626682886272
293,"B_p40_lam416",0.817339538656522,0.958621353277225,2,0.706406901673397,0.436931816965899
294,"B_p40_lam416",0.978356015057973,0.879968552216748,2,0.683071702305279,0.985670809513075
295,"B_p40_lam416",0.630361577512689,0.758562266252159,2,0.74137981949932,0.722250782589851
296,"B_p40_lam416",0.364420442185508,0.206438995088693,2,0.760074495606022,0.486277114025033
297,"B_p40_lam416",0.576688078267821,0.62052454002904,3,0.823081301649392,0.62052454002904
298,"B_p40_lam416",0.288040931902945,0.655957486660388,3,0.782892067523254,0.655957486660388
299,"B_p40_lam416",0.983555558664255,0.695892746602399,2,0.76192585651331,0.921095636466742
300,"B_p40_lam416",0.419056966889798,0.664111461470858,2,0.748260060726929,0.594406601962508
301,"B_p40_lam416",0.680481502353772,0.97389822184689,2,0.689564118199674,0.377402825093114
302,"B_p40_lam416",0.605359060589478,0.697806717617524,2,0.667486563629139,0.566698556716986
303,"B_p40_lam416",0.34546084356535,0.869074641935277,2,0.67277926769655,0.312945919281962
304,"B_p40_lam416",0.275239426163246,0.768217573977711,2,0.720833277056666,0.824439211233753
305,"B_p40_lam416",0.25551500060829,0.0314700903507021,3,0.786472958411394,0.0314700903507021
306,"B_p40_lam416",0.449318901542791,0.812731254351263,2,0.665778556045,0.674948936217041
307,"B_p40_lam416",0.68811660218754,0.73253422487973,2,0.525333633873213,0.258352114119559
308,"B_p40_lam416",0.905586184959259,0.352175592998703,2,0.626743752168096,0.681693260139476
309,"B_p40_lam416",0.332663352810551,0.845007037586405,2,0.746911676322067,0.70764505334752
310,"B_p40_lam416",0.975640844477895,0.590982915502268,3,0.768585901806239,0.590982915502268
311,"B_p40_lam416",0.79036896782707,0.872567730212256,3,0.784647443976531,0.872567730212256
312,"B_p40_lam416",0.101371292618504,0.511318149163006,2,0.737274146493311,0.373483486841388
313,"B_p40_lam416",0.181497807786387,0.95059451536151,2,0.703975032992694,0.996145116286055
314,"B_p40_lam416",0.599341668494478,0.399371420920198,2,0.695285704974426,0.692333656968251
315,"B_p40_lam416",0.62263317048354,0.423202229560173,2,0.742756077477,0.521170298245365
316,"B_p40_lam416",0.188449984903751,0.695064840449726,2,0.721596232674346,0.812027167439037
317,"B_p40_lam416",0.744944332736007,0.229615881083186,2,0.719583859009941,0.444158394590656
318,"B_p40_lam416",0.9509308264959,0.715787037815022,2,0.686873747696524,0.898302001394659
319,"B_p40_lam416",0.89355717168126,0.274316182067651,2,0.534266131300711,0.365702694469625
320,"B_p40_lam416",0.848182628620854,0.818441900753599,2,0.575159266336136,0.868338892021211
321,"B_p40_lam416",0.519694063047131,0.773636341572347,2,0.662340442072813,0.744315892584254
322,"B_p40_lam416",0.459425339103088,0.114455984413699,2,0.707559422612099,0.219876048939915
323,"B_p40_lam416",0.062051147804855,0.209442031676993,2,0.694680740903869,0.116897539342776
324,"B_p40_lam416",0.620888370895003,0.44099174133781,2,0.653484309555333,0.725698555169823
325,"B_p40_lam416",0.923183549273265,0.853764914760535,2,0.746494716039776,0.959892087448367
326,"B_p40_lam416",0.467551543953361,0.0449754591471986,2,0.708926898442434,0.155869660425809
327,"B_p40_lam416",0.296169011972585,0.919528448554195,2,0.659952970892276,0.269351445569129
328,"B_p40_lam416",0.727925146714401,0.316089138495227,2,0.644512839156472,0.301128382707145
329,"B_p40_lam416",0.390919070193143,0.658671831376525,2,0.720689736756973,0.300342689830384
330,"B_p40_lam416",0.962350044143111,0.907779253170498,2,0.66295560353541,0.759625702497955
331,"B_p40_lam416",0.617972742809112,0.144438972983223,2,0.686386773899652,0.249403433214792
332,"B_p40_lam416",0.843895733326985,0.3063163793779,2,0.699637314862627,0.619286800828811
333,"B_p40_lam416",0.926782705386648,0.854247409181555,2,0.700031092835357,0.977979630043945
334,"B_p40_lam416",0.389654134822158,0.180459793808912,2,0.631683553754274,0.448371619719275
335,"B_p40_lam416",0.678596041542395,0.803123360498849,2,0.725289272140763,0.811928901914097
336,"B_p40_lam416",0.776734817098969,0.803346962604053,2,0.655806564589734,0.929330104397827
337,"B_p40_lam416",0.127011081130291,0.258624746636828,3,0.782168917491242,0.258624746636828
338,"B_p40_lam416",0.904258664545692,0.651508874388118,2,0.628466400327948,0.867619497982059
339,"B_p40_lam416",0.515830495488658,0.833265295161375,2,0.720463368350511,0.772851534422939
340,"B_p40_lam416",0.724612688349591,0.263812833416155,2,0.749383047536936,0.35670575896431
341,"B_p40_lam416",0.268553675511561,0.153784961735709,2,0.684827734319353,0.283097896669552
342,"B_p40_lam416",0.787512602018532,0.808255004386834,3,0.777017426687675,0.808255004386834
343,"B_p40_lam416",0.292289489371842,0.784307292803914,2,0.633685710535693,0.75390342668015
344,"B_p40_lam416",0.661679362732994,0.68761484569997,2,0.602695226853387,0.926453721200521
345,"B_p40_lam416",0.754560128421557,0.382939207507486,3,0.78558209028547,0.382939207507486
346,"B_p40_lam416",0.632670523826123,0.519887340673234,2,0.695071616682057,0.730175242757685
347,"B_p40_lam416",0.694871373774644,0.508803921797436,2,0.762587939369401,0.732768266300055
348,"B_p40_lam416",0.386958717907613,0.61669117089938,2,0.60962681419182,0.338274101112702
349,"B_p40_lam416",0.460501775503439,0.768545429469156,2,0.659747032913137,0.94982665273455
350,"B_p40_lam416",0.476817278952697,0.890136593127479,2,0.744741205714183,0.955935770278133
351,"B_p40_lam416",0.43241021619405,0.50022886478305,2,0.76171399015109,0.181019728710237
352,"B_p40_lam416",0.237643298429,0.0832602386362535,2,0.744351419830581,0.0859456536806786
353,"B_p40_lam416",0.0443888978619357,0.18470545740278,2,0.69720273782367,0.214706991354116
354,"B_p40_lam416",0.982543843275961,0.568905413419135,2,0.750283632312637,0.868963228164162
355,"B_p40_lam416",0.49432349495761,0.726479529346588,3,0.784777427084421,0.726479529346588
356,"B_p40_lam416",0.796191285255183,0.763884893388968,2,0.63045693336773,0.955618673285501
357,"B_p40_lam416",0.834228957376512,0.412824131415962,2,0.548650359952878,0.350775589672401
358,"B_p40_lam416",0.129530282499773,0.346242956326559,2,0.755617580029778,0.322762662996442
359,"B_p40_lam416",0.424447999630704,0.516020562475132,2,0.718759430962888,0.718413435735052
360,"B_p40_lam416",0.34657246656807,0.450485096166698,2,0.643848610211565,0.765781300953123
361,"B_p40_lam416",0.577918145234464,0.96423526683244,2,0.608036818552647,0.669622470310414
362,"B_p40_lam416",0.0237249081121643,0.271504597671491,3,0.767048191873161,0.271504597671491
363,"B_p40_lam416",0.0840588912764588,0.887975918123218,3,0.778998746280613,0.887975918123218
364,"B_p40_lam416",0.381372657516769,0.100521983118394,3,0.781215711547465,0.100521983118394
365,"B_p40_lam416",0.00782640627098474,0.335625070108943,2,0.724770194087154,0.307696941588747
366,"B_p40_lam416",0.590994342746264,0.206876968986572,2,0.694772557441179,0.255128008653088
367,"B_p40_lam416",0.496046059063315,0.740637703838295,2,0.705810131562763,0.85418207099474
368,"B_p40_lam416",0.653587751238658,0.858429405240789,2,0.701954373910418,0.15983888745413
369,"B_p40_lam416",0.576916664775683,0.831828236454819,2,0.709930322951577,0.0662322654006063
370,"B_p40_lam416",0.345539325752314,0.68817032393622,2,0.63562432626624,0.400463135083148
371,"B_p40_lam416",0.158199845569098,0.696508400613734,2,0.710998438745032,0.93337265765118
372,"B_p40_lam416",0.670907293770496,0.54235812329565,3,0.809062449923809,0.54235812329565
373,"B_p40_lam416",0.63593004541743,0.235885626062577,2,0.68444356277039,0.439611128533638
374,"B_p40_lam416",0.251619738969013,0.779564513975988,2,0.711660516198069,0.260436374841173
375,"B_p40_lam416",0.207786169258966,0.615752710655622,2,0.598666684015686,0.168722455592243
376,"B_p40_lam416",0.830391613601254,0.873986146482013,3,0.784352652075987,0.873986146482013
377,"B_p40_lam416",0.430919184494922,0.190480173051293,3,0.801048222930176,0.190480173051293
378,"B_p40_lam416",0.569672813829176,0.610637271119342,2,0.708680981215586,0.828168108962682
379,"B_p40_lam416",0.0533946445528846,0.661746147288141,2,0.709479004023641,0.709819983143684
380,"B_p40_lam416",0.244717418953553,0.0498037142067222,2,0.633499491043761,0.10605831296692
381,"B_p40_lam416",0.0697141017205047,0.736572639675335,2,0.655701289823186,0.939581174563636
382,"B_p40_lam416",0.240711351101866,0.235754467674322,2,0.704692672694903,0.138055544880651
383,"B_p40_lam416",0.700642138713446,0.762744505660672,2,0.69281610829464,0.47725601466848
384,"B_p40_lam416",0.552685977297031,0.231153810634915,2,0.610034268148395,0.223041313653942
385,"B_p40_lam416",0.879695996896794,0.980562030005775,2,0.763265803694124,0.474526625904957
386,"B_p40_lam416",0.446228787513632,0.420311343779618,2,0.696241857766824,0.689144955986211
387,"B_p40_lam416",0.386979272053945,0.834187128154453,3,0.822717872810777,0.834187128154453
388,"B_p40_lam416",0.790387675463409,0.311440642203316,2,0.586938995426784,0.522281322710505
389,"B_p40_lam416",0.689526438943284,0.699577395359854,2,0.71898148483687,0.934260778263645
390,"B_p40_lam416",0.20610702725249,0.774756436857825,2,0.732266687212746,0.434897658174305
391,"B_p40_lam416",0.934820002035463,0.387789980384824,2,0.65516132033162,0.571882998350735
392,"B_p40_lam416",0.40970057765484,0.466100678674979,2,0.76050511997516,0.662565977404991
393,"B_p40_lam416",0.976816676761278,0.714678917112339,2,0.685324022461204,0.452324887247924
394,"B_p40_lam416",0.884109497728164,0.834079253691967,3,0.775664497352316,0.834079253691967
395,"B_p40_lam416",0.545316404931353,0.954403972200064,2,0.639412446504343,0.877135365746417
396,"B_p40_lam416",0.106405093676957,0.219511554555971,3,0.799242617824754,0.219511554555971
397,"B_p40_lam416",0.409297859553814,0.720786817461992,2,0.745352443794928,0.846301373464592
398,"B_p40_lam416",0.943488700240753,0.762204681952916,2,0.644540441000874,0.443116583098285
399,"B_p40_lam416",0.83737268678634,0.549537235164751,2,0.753080693460444,0.752952848377911
400,"B_p40_lam416",0.4641486745551,0.729985474254624,2,0.754785767033403,0.903468416849676
401,"B_p40_lam416",0.164960064380805,0.50945388464864,2,0.742075779403664,0.478346194786009
402,"B_p40_lam416",0.289201258202687,0.671134860544006,3,0.80106743136992,0.671134860544006
403,"B_p40_lam416",0.55563386406598,0.326480934796246,2,0.65820535046967,0.232595845093678
404,"B_p40_lam416",0.88273542348825,0.756156750475704,2,0.727516048200223,0.513140867767229
405,"B_p40_lam416",0.0272512574847339,0.269906285383967,2,0.697922898846287,0.585007464835266
406,"B_p40_lam416",0.846968903679524,0.854462843943129,2,0.69390446533886,0.43570401222588
407,"B_p40_lam416",0.8350716007277,0.861778972002665,2,0.720465670208381,0.978796050529294
408,"B_p40_lam416",0.900902654772305,0.334037993324216,2,0.752523475088356,0.632843088113485
409,"B_p40_lam416",0.0211708470715957,0.253284668610946,2,0.618089607639795,0.31595084546573
410,"B_p40_lam416",0.504576202540335,0.896688997923757,3,0.782446900913128,0.896688997923757
411,"B_p40_lam416",0.812863590584119,0.957444687832841,2,0.718391865680473,0.783458918004183
412,"B_p40_lam416",0.705471116434021,0.660103335971437,3,0.795907706273583,0.660103335971437
413,"B_p40_lam416",0.578439353895572,0.657955946825222,2,0.746048748548564,0.730688072981546
414,"B_p40_lam416",0.271082084288523,0.52861587378886,2,0.705433574120495,0.43639562601507
415,"B_p40_lam416",0.00800361224335266,0.0492533207490391,2,0.759229119802613,0.0268946825113865
416,"B_p40_lam416",0.201818000524995,0.0536315097703433,2,0.695149284402767,0.172805088057498
417,"B_p40_lam416",0.812563489211581,0.849256016600434,2,0.729832625466515,0.664388215484283
418,"B_p40_lam416",0.27567169512204,0.56065517303843,2,0.753854885263341,0.0646614340853828
419,"B_p40_lam416",0.819084939362165,0.445118247134679,3,0.793238544148717,0.445118247134679
420,"B_p40_lam416",0.418880324302909,0.477824669997356,2,0.695551044431916,0.0890730525678808
421,"B_p40_lam416",0.0266912188009327,0.877020635644339,2,0.64543627470255,0.965707614172271
422,"B_p40_lam416",0.338342751106093,0.54479478726482,2,0.653620703301862,0.840119692696772
423,"B_p40_lam416",0.979469882993875,0.942383951323186,3,0.800193350133104,0.942383951323186
424,"B_p40_lam416",0.0176469671630362,0.0423756439409194,2,0.675401145000354,0.100434831054941
425,"B_p40_lam416",0.796571670518558,0.555236546012583,2,0.702210271601798,0.425289908908602
426,"B_p40_lam416",0.579542898835058,0.980231531278833,2,0.743500127777718,0.736579337792641
427,"B_p40_lam416",0.611861137324834,0.267072731743343,2,0.69668193035581,0.251437654675374
428,"B_p40_lam416",0.421677091590121,0.044929348466727,3,0.804916340999519,0.044929348466727
429,"B_p40_lam416",0.352792679592964,0.15033054356898,2,0.718051925987937,0.17833307593815
430,"B_p40_lam416",0.737881343826843,0.811936600488163,2,0.711606257157126,0.925021902319179
431,"B_p40_lam416",0.43344838823238,0.103984954994522,2,0.756932652379532,0.23773862777556
432,"B_p40_lam416",0.338496431078662,0.376529564537076,2,0.734274330510371,0.0848223018489334
433,"B_p40_lam416",0.782500848001633,0.0828741715397291,2,0.599331827854783,0.231349767104727
434,"B_p40_lam416",0.691092366884849,0.353877627809313,2,0.654575034836953,0.540348542324389
435,"B_p40_lam416",0.185597788842086,0.268022292583622,3,0.792838705692821,0.268022292583622
436,"B_p40_lam416",0.629987631077285,0.580199047728028,2,0.687057166079335,0.612315909403607
437,"B_p40_lam416",0.344326177660215,0.0846088626162157,2,0.664072643100916,0.0710854932274244
438,"B_p40_lam416",0.984719187431191,0.384941419851657,2,0.697147982112552,0.698807667647531
439,"B_p40_lam416",0.824603791314572,0.860769333912164,3,0.817758211253189,0.860769333912164
440,"B_p40_lam416",0.256105956374598,0.400648157220861,2,0.764140078914469,0.358804787952624
441,"B_p40_lam416",0.889146015936352,0.917033827245574,2,0.697256638003833,0.353159485938595
442,"B_p40_lam416",0.564244663500868,0.671992763548029,3,0.79550083458615,0.671992763548029
443,"B_p40_lam416",0.294715604966719,0.059671094414029,2,0.692456332051906,0.211285141722398
444,"B_p40_lam416",0.343352466989805,0.974640988802181,2,0.62219288466105,0.663309815066405
445,"B_p40_lam416",0.67102138664177,0.401760792230693,2,0.6172338553133,0.569985174773351
446,"B_p40_lam416",0.217793998456468,0.150859963260999,2,0.693341196395741,0.377754847003728
447,"B_p40_lam416",0.766280813921947,0.659234013936357,2,0.689917273448317,0.418122883068329
448,"B_p40_lam416",0.0957766420736098,0.910661096255252,3,0.787552829556156,0.910661096255252
449,"B_p40_lam416",0.136919469445122,0.606996195998673,2,0.688227337515212,0.1970776482601
450,"B_p40_lam416",0.719410137463755,0.288813745308439,2,0.701863194458763,0.436940347122942
451,"B_p40_lam416",0.112943044874021,0.0179682871820417,2,0.693361615772614,0.0329270618526211
452,"B_p40_lam416",0.488717690665678,0.057662767775827,2,0.735678630575328,0.188435802726988
453,"B_p40_lam416",0.884282631663345,0.745649246005062,2,0.683766766807019,0.947379611929738
454,"B_p40_lam416",0.107150226657733,0.0717268103037574,2,0.712828280106867,0.022618964070094
455,"B_p40_lam416",0.0233352357630667,0.0290762194233709,2,0.650496800673908,0.0619793299958915
456,"B_p40_lam416",0.123229460792028,0.0970934195696769,2,0.636247645385349,0.0270995448565849
457,"B_p40_lam416",0.887806197246629,0.400526401505342,3,0.775225564491254,0.400526401505342
458,"B_p40_lam416",0.0211461506389784,0.686929181150223,2,0.60950782936236,0.028430229856796
459,"B_p40_lam416",0.310834489872874,0.601700782590919,2,0.652971453616083,0.186829596355472
460,"B_p40_lam416",0.246716603719318,0.0666822582405918,2,0.621866884842315,0.137062359821152
461,"B_p40_lam416",0.486424586471242,0.704880238156358,2,0.654422061109277,0.509823801497269
462,"B_p40_lam416",0.144642924056908,0.974635511807704,2,0.714009911436743,0.953409438785335
463,"B_p40_lam416",0.812732540328323,0.967070869724073,2,0.622001487457498,0.680266355069237
464,"B_p40_lam416",0.0468638416392242,0.195723031631236,2,0.680285531963441,0.358272720539094
465,"B_p40_lam416",0.953068991081016,0.382857093800647,2,0.668399595967563,0.70373730107119
466,"B_p40_lam416",0.460525493803683,0.9728977433908,2,0.718435163698934,0.974499276244302
467,"B_p40_lam416",0.185645437780127,0.987603497552373,2,0.486504205802305,0.982820753828482
468,"B_p40_lam416",0.628069152525773,0.547144424922138,2,0.697473999282721,0.732871081239531
469,"B_p40_lam416",0.73722411560831,0.368371546618391,2,0.744619634130401,0.541176691216611
470,"B_p40_lam416",0.43367065133947,0.904009921132513,2,0.714174535977102,0.582775102649045
471,"B_p40_lam416",0.0216998821756017,0.034491299602684,3,0.794398737563353,0.034491299602684
472,"B_p40_lam416",0.495496831974762,0.402829215340614,2,0.730028046716973,0.234962955051144
473,"B_p40_lam416",0.424533516312665,0.556123290641045,2,0.602936378193136,0.3417828289584
474,"B_p40_lam416",0.182173811039893,0.694155641509995,2,0.664567809549375,0.931954539797656
475,"B_p40_lam416",0.0747590617414116,0.324197370782896,3,0.80451277014357,0.324197370782896
476,"B_p40_lam416",0.725929317600689,0.53728448917338,3,0.822573588961375,0.53728448917338
477,"B_p40_lam416",0.396755883080161,0.164130401134429,2,0.564361500361307,0.395120384188403
478,"B_p40_lam416",0.687243955331905,0.718934466148505,2,0.720525012999857,0.325804031367005
479,"B_p40_lam416",0.318750282079929,0.0387447613504934,2,0.738127760638401,0.145965598061032
480,"B_p40_lam416",0.708298115656097,0.414887490160088,2,0.704593942133472,0.745904380028435
481,"B_p40_lam416",0.454910542329826,0.142837422792306,2,0.647251884620275,0.25461963212162
482,"B_p40_lam416",0.0930471621552369,0.336061635457922,2,0.682923265309056,0.0809488652301051
483,"B_p40_lam416",0.852026473102326,0.337076525029923,3,0.76860127738869,0.337076525029923
484,"B_p40_lam416",0.128667929186895,0.141508576336612,2,0.539407148954242,0.368147925515457
485,"B_p40_lam416",0.949828443654434,0.279296489357483,2,0.748245998220522,0.55993702356284
486,"B_p40_lam416",0.201224476387503,0.921766725884016,2,0.722752836807466,0.95639531815177
487,"B_p40_lam416",0.275613285355101,0.932754721959457,3,0.782818682001851,0.932754721959457
488,"B_p40_lam416",0.41052357177109,0.180535025000389,2,0.693190106503313,0.187717239619456
489,"B_p40_lam416",0.726006382014564,0.876957648978206,2,0.737808746042892,0.772252762874823
490,"B_p40_lam416",0.265002013822145,0.852723246198184,2,0.75242466219332,0.905457915679087
491,"B_p40_lam416",0.172693478644261,0.669572219095115,2,0.741626891705279,0.921444388726783
492,"B_p40_lam416",0.394592382793714,0.119747736694384,2,0.757956679296179,0.189752842187122
493,"B_p40_lam416",0.714815079191408,0.800925860771252,2,0.698524192554596,0.683723752111633
494,"B_p40_lam416",0.6686521122119,0.28972925020309,2,0.533993457574197,0.497038662009058
495,"B_p40_lam416",0.461849615187654,0.627541854271591,2,0.676372978025519,0.768331906673435
496,"B_p40_lam416",0.677530097454291,0.93904136325352,3,0.785440631766198,0.93904136325352
497,"B_p40_lam416",0.640802130037833,0.159380902496324,2,0.650809685860359,0.394564851868619
498,"B_p40_lam416",0.380653851500143,0.877549139900712,2,0.697124232095724,0.919768414104115
499,"B_p40_lam416",0.603985207150533,0.98281040717105,2,0.736874865745794,0.353287932973439
500,"B_p40_lam416",0.35299004808411,0.928947174792262,2,0.721642572513747,0.550088043084784
1,"B_p100_lam50",0.184671930546349,0.615241146922258,2,0.71684737527275,0.277556422910171
2,"B_p100_lam50",0.956170771613019,0.714630982655755,2,0.679138841849893,0.869394235842573
3,"B_p100_lam50",0.769741254308536,0.81512501627293,2,0.710272291912787,0.494668120498932
4,"B_p100_lam50",0.888970914102464,0.703215328325416,2,0.721224524288268,0.735859117996834
5,"B_p100_lam50",0.192621869093161,0.932760153173904,2,0.614284556863028,0.523385536120042
6,"B_p100_lam50",0.877085247351893,0.964592922631523,2,0.705281638195103,0.949954480177453
7,"B_p100_lam50",0.954888405544416,0.962557757753482,3,0.769300436052388,0.962557757753482
8,"B_p100_lam50",0.531656971113911,0.635143007848871,2,0.643013967230555,0.913540342559701
9,"B_p100_lam50",0.634287384071053,0.59435564308119,2,0.74829787070797,0.16248327635792
10,"B_p100_lam50",0.419712148528664,0.60482620729159,2,0.682441229507876,0.294626534868653
11,"B_p100_lam50",0.638556770032675,0.503689474687426,2,0.734832404495461,0.812061578566401
12,"B_p100_lam50",0.609772978054103,0.315269558424308,2,0.763217821592847,0.66271778517376
13,"B_p100_lam50",0.919491919052606,0.767693075420518,2,0.706736367389952,0.960269309363471
14,"B_p100_lam50",0.853539487411154,0.636587736233584,2,0.703763086434049,0.370276661139591
15,"B_p100_lam50",0.275219729806494,0.681413579304999,2,0.547157971738516,0.441715951462888
16,"B_p100_lam50",0.262596328402754,0.913396723212262,2,0.689154447294683,0.917817816000186
17,"B_p100_lam50",0.56573985163613,0.350067265945318,2,0.680324607613982,0.579043997337134
18,"B_p100_lam50",0.152664516464529,0.625429286580714,2,0.714847536740615,0.518962307402132
19,"B_p100_lam50",0.473949390937377,0.679934337349132,2,0.62800884581349,0.323010005563673
20,"B_p100_lam50",0.433443723916496,0.231869340593933,2,0.683986515649029,0.490473725447436
21,"B_p100_lam50",0.552760973872018,0.818146463325948,3,0.764830108039902,0.818146463325948
22,"B_p100_lam50",0.376333565751506,0.500215187702534,2,0.758583626144709,0.424085139518708
23,"B_p100_lam50",0.983847162588719,0.570754587099078,2,0.73343921829762,0.849864205878571
24,"B_p100_lam50",0.641022917365147,0.427650454522037,3,0.773585548187454,0.427650454522037
25,"B_p100_lam50",0.347832641684541,0.101360031823063,2,0.687267311060083,0.0938142183152287
26,"B_p100_lam50",0.52071794960274,0.973547758126253,2,0.645413135434739,0.870970673350797
27,"B_p100_lam50",0.938764866903922,0.797684455269844,2,0.754106249036159,0.6612311269132
28,"B_p100_lam50",0.0185218165268578,0.630371479540868,2,0.643288995940954,0.238288336228194
29,"B_p100_lam50",0.607410842412159,0.186334167380234,2,0.728445541193295,0.138307187129791
30,"B_p100_lam50",0.329052202661488,0.855362167212609,2,0.699451212875121,0.233226009248775
31,"B_p100_lam50",0.859151554732479,0.929898949980885,2,0.729025231171449,0.705591191531624
32,"B_p100_lam50",0.319211851389663,0.869484104726938,2,0.661530803737703,0.137791499734075
33,"B_p100_lam50",0.158296754620932,0.163791297938744,2,0.669830137201754,0.0802742189515224
34,"B_p100_lam50",0.96520456445825,0.327481312073515,2,0.674419265015492,0.562530445350469
35,"B_p100_lam50",0.176164807990185,0.893826438551896,2,0.604152234139828,0.695496175195985
36,"B_p100_lam50",0.154818482749129,0.901498496362084,2,0.72969541566184,0.23650956489292
37,"B_p100_lam50",0.936367823077212,0.995080349880392,2,0.709391286045082,0.973363065593718
38,"B_p100_lam50",0.99724972444657,0.983685125716891,2,0.663432573487864,0.924929228959064
39,"B_p100_lam50",0.158143024384384,0.577764817753989,2,0.694834089075662,0.278010598649978
40,"B_p100_lam50",0.3421710994208,0.764622430904445,2,0.723713303289808,0.608508918153873
41,"B_p100_lam50",0.81709267761141,0.592394645877025,2,0.669157798547282,0.723039817827333
42,"B_p100_lam50",0.480447417828391,0.287294548786014,2,0.664153419734026,0.272686524524327
43,"B_p100_lam50",0.362377291387746,0.592703317935311,2,0.630514657284573,0.767463703762694
44,"B_p100_lam50",0.465214759488815,0.617854343242764,2,0.761904450781696,0.213566933302605
45,"B_p100_lam50",0.868411752414969,0.226079272302307,2,0.734357994412718,0.464615933888202
46,"B_p100_lam50",0.535441063571395,0.846026029173018,2,0.67065583428584,0.952684191586629
47,"B_p100_lam50",0.0626004885918807,0.149445893361515,2,0.689349273548936,0.143019113545346
48,"B_p100_lam50",0.710564301391196,0.70425168329754,2,0.645804991557821,0.928786375374145
49,"B_p100_lam50",0.960718583462974,0.668193153335558,2,0.60362235392054,0.887284021548504
50,"B_p100_lam50",0.323078853922467,0.425389207599069,2,0.707801994273301,0.370876869136905
51,"B_p100_lam50",0.391016972646103,0.347622086561747,2,0.678240984954717,0.679994681084714
52,"B_p100_lam50",0.524570405918576,0.963073642338995,2,0.708368577099491,0.731370921291549
53,"B_p100_lam50",0.560943861878944,0.469353641763441,2,0.726528296066975,0.398635490456807
54,"B_p100_lam50",0.305973855999197,0.70562332728868,2,0.575252032772637,0.262235162591761
55,"B_p100_lam50",0.804807358004837,0.570438470576737,2,0.659420742245463,0.7899236858311
56,"B_p100_lam50",0.254494145785493,0.281655167144319,3,0.779875189715844,0.281655167144319
57,"B_p100_lam50",0.452718310219887,0.0571937546967569,2,0.691513451548043,0.118114768242276
58,"B_p100_lam50",0.906081810391836,0.528133309352971,2,0.614427739745828,0.803434217292549
59,"B_p100_lam50",0.2395518898965,0.186392832641085,3,0.766257230982541,0.186392832641085
60,"B_p100_lam50",0.497183517143674,0.906219656823154,2,0.755732296414332,0.916670062284169
61,"B_p100_lam50",0.553207349827523,0.780810337639043,2,0.701309056883549,0.684509971090989
62,"B_p100_lam50",0.415780771842808,0.854101344209584,2,0.653885771307967,0.882868826735048
63,"B_p100_lam50",0.140397519235425,0.579529934110965,2,0.717415651167309,0.0434189296708288
64,"B_p100_lam50",0.607476187014355,0.105444851843953,2,0.708249055565864,0.307645900762076
65,"B_p100_lam50",0.391093563217938,0.650605492326183,2,0.68136486484165,0.625693511089703
66,"B_p100_lam50",0.326792737316492,0.728837620045142,2,0.646966089446651,0.788448982434354
67,"B_p100_lam50",0.83875875966552,0.235811930516946,2,0.71948634172867,0.550118454410328
68,"B_p100_lam50",0.410805343591285,0.701776825239137,2,0.7592401247163,0.134929721349561
69,"B_p100_lam50",0.826720775915569,0.453300270740184,2,0.678696345354116,0.759327386789556
70,"B_p100_lam50",0.520360845298877,0.980580551581243,3,0.775011554721651,0.980580551581243
71,"B_p100_lam50",0.456003179207451,0.929052487720261,2,0.670959230888418,0.250321947826559
72,"B_p100_lam50",0.83404931349152,0.139844256396985,2,0.662985293763645,0.225625737850159
73,"B_p100_lam50",0.116331593679193,0.390301596995584,2,0.670726196226533,0.0397319428574372
74,"B_p100_lam50",0.551044800453467,0.723743227897616,2,0.675270255927892,0.922286127832444
75,"B_p100_lam50",0.829425695259076,0.972259079279762,2,0.734875436190584,0.952194062723587
76,"B_p100_lam50",0.313079728024312,0.506065467898794,2,0.64556292173853,0.833785973881228
77,"B_p100_lam50",0.413658541710959,0.269124230369281,2,0.679024782034464,0.598942268772445
78,"B_p100_lam50",0.7831605138422,0.178098035009962,2,0.733653786653466,0.476674210996074
79,"B_p100_lam50",0.571297081865443,0.113895061716533,2,0.731820246543671,0.283226001061142
80,"B_p100_lam50",0.0307918641717324,0.523601440272479,2,0.756794382478761,0.287073233550528
81,"B_p100_lam50",0.661655584480691,0.711668307359633,2,0.734591281709048,0.856202985620875
82,"B_p100_lam50",0.683709507083843,0.806411303942629,2,0.671972732950592,0.349855841647674
83,"B_p100_lam50",0.641438969032189,0.397602836502571,2,0.697012438645434,0.384500962479683
84,"B_p100_lam50",0.492151163869828,0.276836944439351,2,0.680380709537954,0.348515629944364
85,"B_p100_lam50",0.880658899376137,0.448913234303762,2,0.743795118687007,0.613523545627047
86,"B_p100_lam50",0.46713987887808,0.237571891443793,2,0.714338836558364,0.415912988780268
87,"B_p100_lam50",0.341937675725277,0.780902428642211,3,0.769683363166675,0.780902428642211
88,"B_p100_lam50",0.776778137433566,0.10821969353167,2,0.731126229591445,0.261973409223862
89,"B_p100_lam50",0.422631961630995,0.614715461171944,2,0.603980497404292,0.168815017929419
90,"B_p100_lam50",0.55657454363299,0.293245332599873,2,0.703204398165803,0.150812780563606
91,"B_p100_lam50",0.761348625875452,0.637952219882164,2,0.668823879175344,0.826437973171069
92,"B_p100_lam50",0.636054278702508,0.38843351362728,2,0.653079973139809,0.717575727629657
93,"B_p100_lam50",0.931752673754511,0.583160877526791,2,0.735209972255944,0.779264741660226
94,"B_p100_lam50",0.512954589360393,0.142348674384098,2,0.738642853341081,0.352101880130347
95,"B_p100_lam50",0.817999736091226,0.855373360568775,2,0.690733986769034,0.819692547407319
96,"B_p100_lam50",0.565094663122396,0.292270105469804,2,0.621639091439558,0.593087738643452
97,"B_p100_lam50",0.318979366400208,0.974644612883567,2,0.745622787543643,0.974863316407224
98,"B_p100_lam50",0.550095437248965,0.383650494053614,3,0.804285057577517,0.383650494053614
99,"B_p100_lam50",0.800373354786587,0.52824673002268,2,0.732808316969036,0.44841538967138
100,"B_p100_lam50",0.468372300002474,0.584834026615536,2,0.707477428219264,0.579342529165226
101,"B_p100_lam50",0.896736522295724,0.629218428010021,2,0.723664416022594,0.868801843765904
102,"B_p100_lam50",0.0431375561888214,0.0908124262227783,2,0.763559173188427,0.168080621409539
103,"B_p100_lam50",0.113329138736527,0.997459128688287,2,0.747088584276108,0.329475557718107
104,"B_p100_lam50",0.121902792880097,0.872184444057131,2,0.628395741775643,0.724348639351141
105,"B_p100_lam50",0.728556401936914,0.946944890277687,2,0.701668132848339,0.996876626901414
106,"B_p100_lam50",0.606407021864945,0.387529423133444,2,0.683075281766924,0.574006213574496
107,"B_p100_lam50",0.176559193307052,0.225515293648134,2,0.678503025906322,0.189749384964439
108,"B_p100_lam50",0.334499318699459,0.481252799899865,2,0.708365308268544,0.648541031972947
109,"B_p100_lam50",0.78627521665985,0.868979598763099,2,0.719420607190687,0.85343452608114
110,"B_p100_lam50",0.830330509839224,0.728714051862315,2,0.712683671976088,0.906668932157289
111,"B_p100_lam50",0.0899977797650497,0.0127959857973057,2,0.697304764079789,0.0245195003524799
112,"B_p100_lam50",0.690113882122905,0.994199451746184,2,0.674141501215751,0.999807735128542
113,"B_p100_lam50",0.608488489566788,0.929935603300583,2,0.73925261448593,0.792325669193183
114,"B_p100_lam50",0.869429632442848,0.681209050825827,2,0.684430971485613,0.645837366778569
115,"B_p100_lam50",0.215452617875038,0.21131710263164,3,0.773721726232226,0.21131710263164
116,"B_p100_lam50",0.893097456406621,0.612175513874681,2,0.673006820565912,0.877719230329972
117,"B_p100_lam50",0.240918279248912,0.265961886637687,2,0.763751908618753,0.521478446973525
118,"B_p100_lam50",0.0935840168197841,0.818060616450308,2,0.659474356208002,0.759070302823956
119,"B_p100_lam50",0.99958535029754,0.990170131696229,2,0.712058660555351,0.998370662702259
120,"B_p100_lam50",0.936542110375091,0.953636252755144,2,0.694591006635989,0.734466251399906
121,"B_p100_lam50",0.299608707216045,0.663877041567513,2,0.737015376030932,0.866188612912168
122,"B_p100_lam50",0.599088644249766,0.373657610504117,2,0.714167149157772,0.677488568125937
123,"B_p100_lam50",0.693262432051142,0.414574516910375,2,0.683389228385117,0.411681446510245
124,"B_p100_lam50",0.383598186624105,0.29208743659542,3,0.796412965540309,0.29208743659542
125,"B_p100_lam50",0.0376744239074231,0.821350365465678,2,0.711300649768514,0.0215785234515957
126,"B_p100_lam50",0.354085319256946,0.674021780209086,2,0.717232870130516,0.774878076679514
127,"B_p100_lam50",0.97915597096162,0.930312868397563,2,0.708890139646329,0.992314925255665
128,"B_p100_lam50",0.659064215889593,0.911368064607311,2,0.731270760696835,0.571920503832493
129,"B_p100_lam50",0.061832267088356,0.377818109191656,2,0.683873038249182,0.630268019996529
130,"B_p100_lam50",0.451485001635069,0.38365330229761,2,0.760459620142931,0.419635615928241
131,"B_p100_lam50",0.649385827509782,0.644599778964353,2,0.735513207792431,0.374747479319982
132,"B_p100_lam50",0.707054804706528,0.68150522110541,2,0.682483665502782,0.564114573721574
133,"B_p100_lam50",0.102121859078066,0.933750462303667,2,0.605079019083826,0.0659971734980092
134,"B_p100_lam50",0.604540373838651,0.475741537047677,2,0.746581201230725,0.802815114342296
135,"B_p100_lam50",0.709286553577658,0.646495978172995,3,0.771647273785353,0.646495978172995
136,"B_p100_lam50",0.940353106218949,0.756188267042446,2,0.736619268680373,0.773873556775729
137,"B_p100_lam50",0.556421355322302,0.666174719075898,2,0.696304075696064,0.928429027846965
138,"B_p100_lam50",0.716469078285637,0.250560930810546,2,0.71265425283911,0.473646441138674
139,"B_p100_lam50",0.865741151701822,0.926408456266412,2,0.719798767775418,0.754771032421743
140,"B_p100_lam50",0.69999070238739,0.831432965780732,2,0.692790499759232,0.37249642951973
141,"B_p100_lam50",0.567160724057983,0.699477594394123,2,0.718745601769901,0.745387924576296
142,"B_p100_lam50",0.043138508736974,0.368417185385946,2,0.654450749105031,0.0902631089120859
143,"B_p100_lam50",0.933240986807581,0.771102539642529,2,0.715355444359698,0.888691010606004
144,"B_p100_lam50",0.416434838297236,0.752422328452,2,0.749169712389731,0.383945462061781
145,"B_p100_lam50",0.887902862798383,0.795810494143043,2,0.742314309441741,0.855632364294462
146,"B_p100_lam50",0.872617627007252,0.877772888715678,2,0.758399190040252,0.708799640290761
147,"B_p100_lam50",0.794507515629282,0.380103651431852,2,0.727666011122773,0.575479627965466
148,"B_p100_lam50",0.16376393993492,0.761945544103855,2,0.615707352758976,0.656503924681648
149,"B_p100_lam50",0.989337746100614,0.43811437213361,2,0.722185485343163,0.771075017990221
150,"B_p100_lam50",0.721891036588845,0.301814191248425,2,0.732712267554422,0.574982162270544
151,"B_p100_lam50",0.177127504020942,0.236542811400903,2,0.613650085681684,0.235790733868876
152,"B_p100_lam50",0.639529230999627,0.22995357922426,2,0.732276730572682,0.552040601103508
153,"B_p100_lam50",0.843454518333135,0.974536641172439,2,0.743595333400405,0.998703796870776
154,"B_p100_lam50",0.493309006756893,0.16166959300953,2,0.740219950864913,0.425719224415306
155,"B_p100_lam50",0.942872942336126,0.912633049553019,2,0.623902047921987,0.678489431098548
156,"B_p100_lam50",0.460871487858846,0.19204855387528,3,0.78254117606185,0.19204855387528
157,"B_p100_lam50",0.57058656968009,0.565830149963868,2,0.720160853428717,0.195343456501876
158,"B_p100_lam50",0.979184734063594,0.83471403665488,2,0.702561948485262,0.975270849052242
159,"B_p100_lam50",0.909244146240658,0.935175334783106,3,0.769393706280861,0.935175334783106
160,"B_p100_lam50",0.963510539212371,0.903873956639007,2,0.696502810497218,0.976513438997596
161,"B_p100_lam50",0.516440197975788,0.217936800983129,2,0.693734186301649,0.208566293444906
162,"B_p100_lam50",0.435302896576982,0.989499958243864,2,0.716516251791209,0.79170686514059
163,"B_p100_lam50",0.247085943840612,0.886813250310078,2,0.734087219795134,0.772257616451655
164,"B_p100_lam50",0.19993542435336,0.592313025786709,2,0.75535201971385,0.0841365423004029
165,"B_p100_lam50",0.274443452709015,0.870603465757099,2,0.731566997657433,0.98626270810606
166,"B_p100_lam50",0.737574857261222,0.316084614578886,2,0.72263973696117,0.332863429077377
167,"B_p100_lam50",0.527305374688814,0.41926291558626,2,0.68325027542219,0.409106165789747
168,"B_p100_lam50",0.772724813774845,0.927556096274089,2,0.733548254466339,0.28067642020132
169,"B_p100_lam50",0.228436026162752,0.140618232587618,2,0.725622944644823,0.0981902630412719
170,"B_p100_lam50",0.142666118073525,0.351750624850151,2,0.729193609734463,0.240905697515357
171,"B_p100_lam50",0.84799055778042,0.924507049596466,2,0.734038151152185,0.820474559563216
172,"B_p100_lam50",0.153896573134025,0.344906376794583,2,0.732033630054554,0.0758451553040452
173,"B_p100_lam50",0.378509138255978,0.570059181730815,2,0.663736607210732,0.288421316347223
174,"B_p100_lam50",0.398852419631704,0.666702308885208,3,0.773700365899549,0.666702308885208
175,"B_p100_lam50",0.166280634817069,0.616519179337656,2,0.703883865483527,0.11666499693369
176,"B_p100_lam50",0.899946549181428,0.274904459137864,2,0.759724321576365,0.371684411975515
177,"B_p100_lam50",0.61650007621883,0.573734744631007,2,0.70671750558551,0.620990738398697
178,"B_p100_lam50",0.479880482396891,0.916797781753949,3,0.795626629445575,0.916797781753949
179,"B_p100_lam50",0.415508020690996,0.932643845156639,2,0.613447372924843,0.846137413749102
180,"B_p100_lam50",0.00858703219622448,0.374309803810041,2,0.692984214937661,0.058972791964121
181,"B_p100_lam50",0.466880986491373,0.903043377038254,2,0.730004389923106,0.938772115793217
182,"B_p100_lam50",0.505247808526932,0.768297267072552,2,0.567231906911226,0.260869174238798
183,"B_p100_lam50",0.211211952649473,0.703981859366941,3,0.783018571952467,0.703981859366941
184,"B_p100_lam50",0.756602212838608,0.496717792314852,2,0.703765757248389,0.82617927359028
185,"B_p100_lam50",0.865584169589303,0.744660594631221,2,0.646293958782586,0.956791648665922
186,"B_p100_lam50",0.235906577358271,0.29127718334445,2,0.738073395929344,0.307704716831535
187,"B_p100_lam50",0.750221781100589,0.596869770293877,3,0.774421073581379,0.596869770293877
188,"B_p100_lam50",0.968466612835369,0.767689831648457,2,0.616622775411501,0.895106855919101
189,"B_p100_lam50",0.395030619826267,0.364231719062943,2,0.75891019626416,0.405295936543714
190,"B_p100_lam50",0.433869350919092,0.381547157465631,2,0.749083176288864,0.1166587202577
191,"B_p100_lam50",0.474118772481624,0.759150585702429,2,0.714937071915923,0.729350746203294
192,"B_p100_lam50",0.866028762300168,0.730495245857693,2,0.693494159225185,0.734027468966256
193,"B_p100_lam50",0.876150702705086,0.993206731712553,2,0.633339669074852,0.99820669394837
194,"B_p100_lam50",0.209198628901214,0.297235677135465,2,0.757626830975415,0.445283959948587
195,"B_p100_lam50",0.614696019533695,0.971360946692884,2,0.600178775483279,0.525458031782562
196,"B_p100_lam50",0.072604099751222,0.28931328161077,2,0.72929610774243,0.014885078947288
197,"B_p100_lam50",0.19094256317621,0.967276049550334,2,0.739957183326678,0.757179942797535
198,"B_p100_lam50",0.9239368312742,0.510064240161205,2,0.682562354100439,0.714104156382382
199,"B_p100_lam50",0.109745948196293,0.940421512322316,2,0.734565450204289,0.961303963197491
200,"B_p100_lam50",0.0880751915327908,0.227142674540811,2,0.73266529519649,0.386614153702369
201,"B_p100_lam50",0.870949102779876,0.360506612942389,2,0.659152676794492,0.69774058997352
202,"B_p100_lam50",0.419324608921376,0.798736682257046,2,0.747830101754986,0.621517687932889
203,"B_p100_lam50",0.207124544857909,0.0512811487321285,2,0.745884642851311,0.0958934445776852
204,"B_p100_lam50",0.13557579627672,0.121827131948652,2,0.696923623640623,0.239306814494548
205,"B_p100_lam50",0.104603496687199,0.555115239584319,3,0.777325203902198,0.555115239584319
206,"B_p100_lam50",0.914643347738738,0.944283403993059,2,0.692075224633954,0.983217022675284
207,"B_p100_lam50",0.452400857867807,0.603492128555111,2,0.6679738232837,0.173650887032456
208,"B_p100_lam50",0.957170841070761,0.988501797071793,2,0.728371807387301,0.867248610538191
209,"B_p100_lam50",0.367946607507194,0.314269634521679,2,0.685844539867975,0.155047214101157
210,"B_p100_lam50",0.346903339386767,0.553076183837386,2,0.65268940479344,0.860852071236402
211,"B_p100_lam50",0.738715550595034,0.208179789631337,2,0.70016297786592,0.32227471456782
212,"B_p100_lam50",0.830881037552711,0.7133631730715,2,0.699109706226294,0.811289765394846
213,"B_p100_lam50",0.0557423319884185,0.497138530556106,2,0.727451720768877,0.605834131006749
214,"B_p100_lam50",0.0884433485054261,0.222500909717724,2,0.705489687376632,0.312025296303391
215,"B_p100_lam50",0.93723369080114,0.885611811004968,2,0.716329455419941,0.989094682736011
216,"B_p100_lam50",0.510771276957639,0.537866093685459,2,0.681511385076442,0.595556091363298
217,"B_p100_lam50",0.342965055195421,0.474104671073117,2,0.690283389486169,0.809144749114203
218,"B_p100_lam50",0.967399858013278,0.966790613775099,2,0.688470082566979,0.910683650770456
219,"B_p100_lam50",0.472723231900912,0.0818558007634839,2,0.734698898059011,0.250969618370821
220,"B_p100_lam50",0.753355907534949,0.765897727289581,2,0.698952751438371,0.956973021373827
221,"B_p100_lam50",0.726160446864931,0.770590160187651,2,0.695470248268104,0.849719826823371
222,"B_p100_lam50",0.405002200478084,0.917373707262994,2,0.654082381553755,0.540416412467649
223,"B_p100_lam50",0.884792925017092,0.997333934101678,2,0.692566880586645,0.96737272487724
224,"B_p100_lam50",0.345504261988568,0.570845919377283,2,0.728579873493056,0.507068827062428
225,"B_p100_lam50",0.988205840933412,0.98469463536858,2,0.695344866391234,0.811714271320342
226,"B_p100_lam50",0.43447974744251,0.464449214071005,2,0.722530257151308,0.630734257902473
227,"B_p100_lam50",0.426865325762035,0.857152202209359,3,0.776883161822902,0.857152202209359
228,"B_p100_lam50",0.773733422658939,0.713549521337845,2,0.75525865330045,0.704824355635739
229,"B_p100_lam50",0.766375636005644,0.353127611301249,2,0.678248287041947,0.260997189547939
230,"B_p100_lam50",0.401761329129239,0.773426858369908,2,0.696455403062434,0.868866914381884
231,"B_p100_lam50",0.809139588181597,0.636931689408718,2,0.688691544280029,0.896939811339463
232,"B_p100_lam50",0.527208408226555,0.742338887448888,2,0.722036006431513,0.352794734277362
233,"B_p100_lam50",0.519768812236419,0.548759710702839,2,0.740069804794254,0.275002889942945
234,"B_p100_lam50",0.913788593039373,0.162227574563677,2,0.706511528656206,0.327631817678374
235,"B_p100_lam50",0.349724862497047,0.550427416971499,2,0.658292981671368,0.828363847319264
236,"B_p100_lam50",0.62765605029646,0.725794224351053,2,0.719860736801104,0.820608948800976
237,"B_p100_lam50",0.365359823686428,0.845921988450233,2,0.693373789946519,0.532119008324555
238,"B_p100_lam50",0.970968212152425,0.959505336676346,2,0.732555708128951,0.993029217929352
239,"B_p100_lam50",0.916322866956193,0.584256019176886,2,0.687413386456196,0.882454000832962
240,"B_p100_lam50",0.236788432153212,0.649470004685107,2,0.741587198804016,0.372961891798255
241,"B_p100_lam50",0.421385346919237,0.289408237270105,2,0.65243985985099,0.556566757892669
242,"B_p100_lam50",0.710807205493215,0.485214704485295,2,0.698612891896305,0.405914499716354
243,"B_p100_lam50",0.671559568781468,0.444453071776149,2,0.624531687942553,0.382082765846116
244,"B_p100_lam50",0.504037653348971,0.309965449000664,2,0.688132657382257,0.644710723860179
245,"B_p100_lam50",0.687850606577683,0.563321287679391,2,0.750733229920015,0.678716468713653
246,"B_p100_lam50",0.102076966540762,0.862439571655835,2,0.613682612286217,0.0641486610986164
247,"B_p100_lam50",0.209425143899362,0.784106396120815,2,0.730834646610472,0.0710205748485189
248,"B_p100_lam50",0.158534144599184,0.525905507980315,2,0.604637348170645,0.83171237978438
249,"B_p100_lam50",0.0854410422782681,0.985367977699069,3,0.774663678956672,0.985367977699069
250,"B_p100_lam50",0.604651261640988,0.976884378936374,3,0.765714497770902,0.976884378936374
251,"B_p100_lam50",0.746396194752947,0.244765191671933,2,0.674307818319717,0.559155348220004
252,"B_p100_lam50",0.0759934923604348,0.790808019729299,2,0.676811880192006,0.958727855905336
253,"B_p100_lam50",0.418937073793268,0.148987779365609,2,0.62998439049497,0.187337642096178
254,"B_p100_lam50",0.964703729624508,0.78371750553702,3,0.78447118750765,0.78371750553702
255,"B_p100_lam50",0.318260815119129,0.29497580752217,2,0.70399491432823,0.535457155451481
256,"B_p100_lam50",0.731197351004144,0.879530797181972,2,0.747966706120829,0.875778496475858
257,"B_p100_lam50",0.332412658639118,0.776970149730649,2,0.70724623559296,0.370745701070172
258,"B_p100_lam50",0.491234370733688,0.482825034348289,2,0.724034737278027,0.800124657011119
259,"B_p100_lam50",0.938667515454682,0.785107206846745,2,0.67994766138399,0.82500467792914
260,"B_p100_lam50",0.610139075604003,0.976722522423162,2,0.701286504948323,0.354728013682613
261,"B_p100_lam50",0.463473032021051,0.914447086244646,2,0.684467870736515,0.37433157351834
262,"B_p100_lam50",0.665648641847345,0.309679522600974,2,0.743211461579185,0.261300593578266
263,"B_p100_lam50",0.638197214450744,0.704131401788237,2,0.709251488279084,0.924660029997312
264,"B_p100_lam50",0.923333749255343,0.45828230196059,2,0.744517896384437,0.567879476239904
265,"B_p100_lam50",0.837964890608111,0.627445498670941,2,0.717441874390699,0.528872430377214
266,"B_p100_lam50",0.668773386602598,0.237306889539361,3,0.780187509682357,0.237306889539361
267,"B_p100_lam50",0.178237940313481,0.653798723726687,2,0.741509392403249,0.751037728164323
268,"B_p100_lam50",0.904306075933891,0.700653876158941,2,0.695821588538504,0.763916606846206
269,"B_p100_lam50",0.931713393050945,0.974482813900192,3,0.79215746419592,0.974482813900192
270,"B_p100_lam50",0.662978922033636,0.761330137521152,2,0.734308691815027,0.373708659341046
271,"B_p100_lam50",0.985622569315838,0.707096491447213,2,0.741403922601099,0.944191677305175
272,"B_p100_lam50",0.102926349123016,0.131518677484423,2,0.651898138460245,0.102345402962698
273,"B_p100_lam50",0.444237680653669,0.106034583851512,2,0.740520152272794,0.279808783920768
274,"B_p100_lam50",0.484095427651217,0.906784999494384,2,0.73734371274105,0.515371657600844
275,"B_p100_lam50",0.932377176579924,0.924122510962389,3,0.76981177466942,0.924122510962389
276,"B_p100_lam50",0.273090870954583,0.793545349818852,2,0.724386466501383,0.954501720606426
277,"B_p100_lam50",0.642633278117383,0.879666486625806,2,0.653612701621415,0.346541358868066
278,"B_p100_lam50",0.155578706506646,0.769457336096166,2,0.667492648252588,0.901125617822632
279,"B_p100_lam50",0.983768266770588,0.954008748011923,2,0.708925903510047,0.844831445804166
280,"B_p100_lam50",0.307638573981385,0.19630760409116,2,0.6421013915948,0.410480700087137
281,"B_p100_lam50",0.624937808279468,0.755286282188927,2,0.740156948180344,0.205781372600804
282,"B_p100_lam50",0.0256689522257788,0.182968958000792,2,0.663478779901771,0.183012499842087
283,"B_p100_lam50",0.674073157725796,0.68012413866954,2,0.647972313738875,0.8863100744814
284,"B_p100_lam50",0.186258208761447,0.318207248121055,2,0.745099418592982,0.144609602413416
285,"B_p100_lam50",0.63304581943122,0.914100118032911,2,0.751389537731782,0.980623548185619
286,"B_p100_lam50",0.316091106240274,0.31399074621709,2,0.679928193056797,0.663384670315218
287,"B_p100_lam50",0.784350889715201,0.653349580109969,2,0.678393605389242,0.526303561176431
288,"B_p100_lam50",0.87707208874759,0.611464011915902,2,0.688760279217601,0.887493845226468
289,"B_p100_lam50",0.728844308861863,0.911365759110508,2,0.752831407751275,0.619207575579399
290,"B_p100_lam50",0.165706376250006,0.178025263350388,2,0.745251167260994,0.347909662026548
291,"B_p100_lam50",0.47467483839701,0.17467157477951,2,0.680531812107192,0.182437026028913
292,"B_p100_lam50",0.257465065171339,0.776630865095518,2,0.695264568297652,0.564761295396554
293,"B_p100_lam50",0.803924154277566,0.643781462611722,2,0.717369984012041,0.851509950990046
294,"B_p100_lam50",0.600351533332524,0.837267459523934,2,0.612959936209179,0.726218136992421
295,"B_p100_lam50",0.658101344922135,0.718535540079137,2,0.741837608906652,0.456193656253719
296,"B_p100_lam50",0.0443176357337762,0.10892197020457,3,0.765736208004722,0.10892197020457
297,"B_p100_lam50",0.634754196195684,0.876880601398942,2,0.668634987832803,0.679009218680658
298,"B_p100_lam50",0.576159612922109,0.924423440489397,2,0.707709342496047,0.75169642309038
299,"B_p100_lam50",0.72975907442458,0.87449603987887,2,0.605971951817954,0.943248546788215
300,"B_p100_lam50",0.966029797839246,0.845897226431648,2,0.739888289544402,0.915447385861042
301,"B_p100_lam50",0.408499165234004,0.477845501861245,2,0.632076944415924,0.441105400907065
302,"B_p100_lam50",0.798575296985523,0.589138399953164,2,0.691081737771105,0.871634428495931
303,"B_p100_lam50",0.438747157228108,0.691890185300893,2,0.613970453591689,0.618959159783627
304,"B_p100_lam50",0.730972359392918,0.932179293076318,2,0.731377840338149,0.99469210129081
305,"B_p100_lam50",0.346520180717545,0.661964223934731,2,0.696922967346681,0.924779392103016
306,"B_p100_lam50",0.0780205587049559,0.550728360453887,2,0.749937853420364,0.24727865405669
307,"B_p100_lam50",0.872234509410529,0.986655217218,2,0.747558758557207,0.861753737564473
308,"B_p100_lam50",0.975537087592266,0.616060522560796,2,0.640759318340103,0.74012691334901
309,"B_p100_lam50",0.710160784478229,0.61623972142707,2,0.71689443088187,0.888632660934483
310,"B_p100_lam50",0.717584829503183,0.847004055047179,2,0.711116561271631,0.382234662391735
311,"B_p100_lam50",0.53701911154919,0.230513696362468,2,0.669891639248319,0.546948980842997
312,"B_p100_lam50",0.853273824655994,0.895084322345254,2,0.606692261901687,0.96448028801429
313,"B_p100_lam50",0.327862758779607,0.169130045881001,2,0.66877732566778,0.0875495993807565
314,"B_p100_lam50",0.599829256052258,0.163159697185831,2,0.717353170976909,0.452329220331309
315,"B_p100_lam50",0.925393269058835,0.875067138512076,2,0.76286121622006,0.923688747211468
316,"B_p100_lam50",0.466899611424569,0.648511289750656,2,0.654230780769633,0.778915272974978
317,"B_p100_lam50",0.0526714471616661,0.0592666683918187,2,0.655770805269011,0.174351387902987
318,"B_p100_lam50",0.915555903141909,0.635166328453427,3,0.775159200047034,0.635166328453427
319,"B_p100_lam50",0.537941556740065,0.756685607698607,2,0.704091358796726,0.169310256617865
320,"B_p100_lam50",0.685716111520841,0.0949046628567081,2,0.674465535371172,0.213198439040636
321,"B_p100_lam50",0.906327228920172,0.783223083921509,2,0.637371388379549,0.963296898712012
322,"B_p100_lam50",0.760921483177545,0.986709486724983,2,0.725837126452038,0.301211452945882
323,"B_p100_lam50",0.889376273349881,0.988026879772308,2,0.691311755759272,0.984374432688383
324,"B_p100_lam50",0.666874570655825,0.50423257436959,2,0.69455793259591,0.790223351256566
325,"B_p100_lam50",0.710719642590986,0.404768490638603,2,0.711865970680966,0.677663127776214
326,"B_p100_lam50",0.741943757559073,0.86544318294676,2,0.740224228666537,0.952245256269268
327,"B_p100_lam50",0.61059663861048,0.546426082414938,2,0.695345621200386,0.596702948690576
328,"B_p100_lam50",0.649995642999819,0.918148822898398,2,0.727820768061493,0.871037562604102
329,"B_p100_lam50",0.529351507504592,0.410689864140954,3,0.768637051554748,0.410689864140954
330,"B_p100_lam50",0.0453169760109003,0.716904550770608,2,0.725210515531964,0.477533544904889
331,"B_p100_lam50",0.610912522573051,0.772159282307551,2,0.658433877668792,0.9213515064107
332,"B_p100_lam50",0.803869483760872,0.569461661248243,3,0.792798521759557,0.569461661248243
333,"B_p100_lam50",0.930559678472631,0.793897476531696,3,0.779523171541426,0.793897476531696
334,"B_p100_lam50",0.944944288515308,0.907099079201266,2,0.686358674527653,0.519627529702333
335,"B_p100_lam50",0.991838848700244,0.651258735984879,2,0.762580195542452,0.847513485358713
336,"B_p100_lam50",0.245140465642592,0.651401933908846,2,0.587341723903347,0.385536031907792
337,"B_p100_lam50",0.360195095042414,0.0623052911097861,3,0.774174352415447,0.0623052911097861
338,"B_p100_lam50",0.274044104011223,0.400850796495898,2,0.740704127230838,0.718386753517432
339,"B_p100_lam50",0.861550753336698,0.790424828783512,3,0.767946230919749,0.790424828783512
340,"B_p100_lam50",0.0460028706197422,0.0545881218299993,2,0.736527558807291,0.071301024867597
341,"B_p100_lam50",0.945206061274392,0.934042448198006,2,0.696715418192383,0.994644933272663
342,"B_p100_lam50",0.984853578090096,0.507887803725668,2,0.644080545865101,0.818954603585264
343,"B_p100_lam50",0.452752491049389,0.356643918290202,2,0.736922335261736,0.287828413323878
344,"B_p100_lam50",0.780267530519811,0.55627306459941,2,0.65819240685687,0.330208872885751
345,"B_p100_lam50",0.302983801711505,0.0628817409446369,3,0.79315298503168,0.0628817409446369
346,"B_p100_lam50",0.479553108137714,0.996795124663552,2,0.731755198273029,0.640672729933415
347,"B_p100_lam50",0.631881031393668,0.186603581809112,2,0.764113042382695,0.243604972921552
348,"B_p100_lam50",0.458101640058365,0.840483744380408,2,0.708887077244233,0.929317546028097
349,"B_p100_lam50",0.911803831023059,0.539853852323863,2,0.700352385875872,0.560646870665563
350,"B_p100_lam50",0.652789323062059,0.45612950131362,2,0.676017173493481,0.700309864073745
351,"B_p100_lam50",0.582339204418753,0.88952560078665,2,0.586787495266685,0.944907890606925
352,"B_p100_lam50",0.639968089718341,0.296635126863804,2,0.679408090669708,0.652746917417441
353,"B_p100_lam50",0.169800489695318,0.10454473244694,2,0.69573280613983,0.184284050289682
354,"B_p100_lam50",0.312431698398092,0.273894198795283,2,0.74951647604898,0.170491701598829
355,"B_p100_lam50",0.628027448693936,0.830610084320998,2,0.756540087131351,0.234825549834458
356,"B_p100_lam50",0.419898459881133,0.921147190347048,2,0.690736979297391,0.858618858925342
357,"B_p100_lam50",0.432916485876921,0.79102996934602,2,0.671526790620994,0.102790502026585
358,"B_p100_lam50",0.677602002355548,0.554278771891543,3,0.775847442835956,0.554278771891543
359,"B_p100_lam50",0.905500740983237,0.821822825252015,2,0.751357722999992,0.74538734925932
360,"B_p100_lam50",0.213108867534551,0.543870323936509,2,0.756980669279238,0.686717913501381
361,"B_p100_lam50",0.605653975610156,0.781743414629031,2,0.75469031308145,0.549110532825706
362,"B_p100_lam50",0.196172761397523,0.552577090226532,2,0.677739444207705,0.548511500117692
363,"B_p100_lam50",0.673158042971743,0.495416720377533,2,0.751655570462394,0.50069546214631
364,"B_p100_lam50",0.126718320167658,0.242941993433215,2,0.734530424389483,0.0655416959475106
365,"B_p100_lam50",0.550857977072194,0.968762742647265,2,0.652668757888663,0.386070211016809
366,"B_p100_lam50",0.0781595478763427,0.0745362674748272,2,0.730650825380315,0.264459014055242
367,"B_p100_lam50",0.356008234079105,0.419151845270034,2,0.686266870966228,0.299628672050665
368,"B_p100_lam50",0.644447542402981,0.834270112371977,2,0.710034923493304,0.606710613473436
369,"B_p100_lam50",0.900378025557577,0.931416339969096,2,0.711816317778636,0.947911092168438
370,"B_p100_lam50",0.236999332886212,0.817606676733018,2,0.750515924286579,0.521441557789666
371,"B_p100_lam50",0.011558395225904,0.833665530440357,2,0.665605444106911,0.0942392960789474
372,"B_p100_lam50",0.362655870324658,0.875920788960213,2,0.721237927703041,0.669460018694141
373,"B_p100_lam50",0.00986433642518536,0.0959116216290531,2,0.692671595623293,0.0426732667587606
374,"B_p100_lam50",0.0926332428234889,0.111996211969709,3,0.800306516383578,0.111996211969709
375,"B_p100_lam50",0.34463236276848,0.865283984583586,2,0.655372860358484,0.159311340283544
376,"B_p100_lam50",0.79626224956867,0.481951458192782,2,0.666804982933463,0.78944718586473
377,"B_p100_lam50",0.434823008236016,0.20046880021296,2,0.702758272580383,0.495017691044489
378,"B_p100_lam50",0.272226363030009,0.745417044852836,2,0.707696227662282,0.37136017371319
379,"B_p100_lam50",0.177870926006561,0.83612433769779,2,0.719558197781662,0.321203707143234
380,"B_p100_lam50",0.77006584415485,0.620660571654464,2,0.705488160143083,0.751344500685329
381,"B_p100_lam50",0.401649630701109,0.936292154937389,2,0.695620815936702,0.791639473063308
382,"B_p100_lam50",0.283859298238648,0.508780524272791,2,0.546782714806913,0.760243624534239
383,"B_p100_lam50",0.292379748317649,0.487038296230201,2,0.733688951440866,0.823544957974948
384,"B_p100_lam50",0.872349218533392,0.29794090903535,2,0.721455793424361,0.477374053167689
385,"B_p100_lam50",0.326849093634172,0.276473983668925,2,0.685908882306857,0.435277934116194
386,"B_p100_lam50",0.7828073230115,0.227082000316209,2,0.603472638571454,0.502924081325364
387,"B_p100_lam50",0.484475931017448,0.740102877861952,2,0.706333017754557,0.925714817893002
388,"B_p100_lam50",0.538426714159977,0.119788194085023,2,0.686008085001699,0.297618774602409
389,"B_p100_lam50",0.853813136545809,0.970971232520629,2,0.752126882426943,0.820490466203215
390,"B_p100_lam50",0.974363286877897,0.895103114609459,2,0.724013413730483,0.874113667526302
391,"B_p100_lam50",0.637396785108286,0.454897168437337,2,0.714184195082967,0.784172862932449
392,"B_p100_lam50",0.222691078470627,0.305894578721064,2,0.757014609158279,0.0509221873282888
393,"B_p100_lam50",0.697169510096765,0.640616217681208,2,0.680208337329664,0.364354080698974
394,"B_p100_lam50",0.784018123468436,0.987830606098831,2,0.650009538804617,0.76353594823091
395,"B_p100_lam50",2.99714357310243e-06,1.44836675208815e-05,2,0.697553918868361,0.000358163167031744
396,"B_p100_lam50",0.444548425587442,0.528348952746188,2,0.757150322935648,0.61695258205259
397,"B_p100_lam50",0.553349316999929,0.172464329121963,2,0.716984285462846,0.303080031774306
398,"B_p100_lam50",0.46825349385274,0.633360847095264,2,0.632848228890526,0.603488846874514
399,"B_p100_lam50",0.160388631115474,0.209959111072425,2,0.749460117298678,0.078602084577539
400,"B_p100_lam50",0.753965531609164,0.777598344024095,2,0.735601075645216,0.87258557866054
401,"B_p100_lam50",0.540334637498396,0.598459268624066,2,0.736992896984175,0.728275916658664
402,"B_p100_lam50",0.84382095229989,0.380458730914992,2,0.669269045275232,0.727239554359387
403,"B_p100_lam50",0.455673875438899,0.222114800031344,2,0.717825071181803,0.45534885519985
404,"B_p100_lam50",0.863017620995817,0.874826634043616,2,0.761553132299277,0.788181844035532
405,"B_p100_lam50",0.00294460865134361,0.508060466556658,2,0.626743073645216,0.0318564412816411
406,"B_p100_lam50",0.0972809664249055,0.886091897602652,2,0.674924976137034,0.237713946223693
407,"B_p100_lam50",0.18861151631553,0.917616440933935,2,0.713455072929164,0.721628729631728
408,"B_p100_lam50",0.196720227891051,0.943473651122927,2,0.640240216217489,0.655053911403336
409,"B_p100_lam50",0.370466728658397,0.632938309603278,2,0.638478228398402,0.747682195497256
410,"B_p100_lam50",0.672873120120557,0.71636250847097,3,0.788850466170517,0.71636250847097
411,"B_p100_lam50",0.785841725424194,0.839896059089694,2,0.743284884420727,0.904957659107799
412,"B_p100_lam50",0.230528476477389,0.0935720036912266,2,0.646802734168323,0.235029625094547
413,"B_p100_lam50",0.715818573374576,0.926025795243511,2,0.699425180486608,0.994658648905261
414,"B_p100_lam50",0.327157411475684,0.11478762650649,2,0.649289308949903,0.177903590724495
415,"B_p100_lam50",0.173559124703877,0.584528479058545,2,0.569695330724876,0.859498230076658
416,"B_p100_lam50",0.446628579308057,0.559942705303744,2,0.731624917072688,0.661309788647381
417,"B_p100_lam50",0.491381614851257,0.771427574204186,2,0.69336544696522,0.27589488912466
418,"B_p100_lam50",0.247395649844691,0.297367254633187,3,0.77422519106946,0.297367254633187
419,"B_p100_lam50",0.458942828138498,0.762186502157281,2,0.665807821624204,0.857645494300132
420,"B_p100_lam50",0.324744897844224,0.224705785480046,2,0.746363436498572,0.152437657688559
421,"B_p100_lam50",0.617656462157198,0.515553044571904,2,0.671197710869158,0.27974146304591
422,"B_p100_lam50",0.0596269190574255,0.337554681867949,2,0.748004172288784,0.692061603963953
423,"B_p100_lam50",0.702798104441631,0.586233515764798,2,0.73895985188624,0.588273210942784
424,"B_p100_lam50",0.638173541217295,0.486001300489515,2,0.719718593334635,0.793768015220716
425,"B_p100_lam50",0.101591502848602,0.715725521448184,3,0.803796704340785,0.715725521448184
426,"B_p100_lam50",0.18300335473095,0.417386273314279,2,0.693863848268996,0.364520104850182
427,"B_p100_lam50",0.639186892903922,0.512061799818181,2,0.723261207791092,0.740758280446053
428,"B_p100_lam50",0.529700968241481,0.797104749127201,2,0.666269725811795,0.719882063098424
429,"B_p100_lam50",0.667302518121668,0.535686561348231,3,0.768055022181643,0.535686561348231
430,"B_p100_lam50",0.366712858886294,0.770326433174196,2,0.752443909095723,0.650009136896011
431,"B_p100_lam50",0.495345551378463,0.193676887772104,2,0.728785216441596,0.346231359838676
432,"B_p100_lam50",0.632142804308179,0.840666395807294,3,0.780638238490417,0.840666395807294
433,"B_p100_lam50",0.493824824197778,0.919405401801502,2,0.735768710597888,0.816234330074639
434,"B_p100_lam50",0.41396305441182,0.489961325098113,2,0.680900944224484,0.76594085962174
435,"B_p100_lam50",0.803473376637675,0.830720361788249,2,0.652650169803659,0.857971918621215
436,"B_p100_lam50",0.972087201261426,0.895859307070672,2,0.676099961268124,0.990546544605819
437,"B_p100_lam50",0.224026690603016,0.917303667985364,2,0.755891491098533,0.586009861252672
438,"B_p100_lam50",0.293049446437066,0.680883485700433,2,0.735877142408388,0.531985319462391
439,"B_p100_lam50",0.332546097455345,0.346713285650895,2,0.6898410505739,0.542438046850241
440,"B_p100_lam50",0.178759729017829,0.377609302917647,3,0.768544093027692,0.377609302917647
441,"B_p100_lam50",0.365677052233543,0.899050720625014,2,0.692612656026855,0.260646029087091
442,"B_p100_lam50",0.174279857766379,0.791900111281658,2,0.678077542102732,0.940642317886335
443,"B_p100_lam50",0.802124841100592,0.602146109168055,2,0.686443658244194,0.893306623886703
444,"B_p100_lam50",0.868027938984242,0.691202961392885,2,0.730433635778256,0.292007200886479
445,"B_p100_lam50",0.244111480578413,0.260587741558438,2,0.757219736472672,0.0650206192019092
446,"B_p100_lam50",0.279901753685609,0.843501418982342,2,0.746803143806387,0.273966772736768
447,"B_p100_lam50",0.113375155145319,0.703808018654919,2,0.702523983411182,0.240919435600813
448,"B_p100_lam50",0.868367481987911,0.855626929135756,2,0.713573280669795,0.694060874639915
449,"B_p100_lam50",0.697458101555392,0.739428229385665,2,0.698789549245214,0.885503038174032
450,"B_p100_lam50",0.892215510149649,0.786574774383476,2,0.734198362803552,0.785417240674777
451,"B_p100_lam50",0.288702053672063,0.826317621576616,2,0.574745432001314,0.331953465957569
452,"B_p100_lam50",0.880470123434406,0.915254806820508,3,0.770768857218523,0.915254806820508
453,"B_p100_lam50",0.353856233520418,0.691845240540946,2,0.689278611571742,0.361824386330832
454,"B_p100_lam50",0.119734033012716,0.816580517953475,2,0.693385581318163,0.315763583247776
455,"B_p100_lam50",0.736482018778317,0.561764816608474,2,0.746366014962368,0.615637823829546
456,"B_p100_lam50",0.94863024990029,0.820703318581228,2,0.612099902121069,0.820249311522431
457,"B_p100_lam50",0.848825808071735,0.792869664673274,2,0.701659994265792,0.432132153357601
458,"B_p100_lam50",0.393538018250987,0.435400201860916,2,0.725157261946578,0.116923523590679
459,"B_p100_lam50",0.544255914292592,0.683824498681217,2,0.669896469759041,0.909077188281401
460,"B_p100_lam50",0.56019194686697,0.920489746697465,2,0.733039873609115,0.260439437082208
461,"B_p100_lam50",0.435000702221988,0.627367437157802,2,0.655741426846081,0.83706955028961
462,"B_p100_lam50",0.588241416884086,0.863861873248779,2,0.665810633054111,0.86242434647228
463,"B_p100_lam50",0.380267335354103,0.575543020054492,2,0.6526691918833,0.662227444085512
464,"B_p100_lam50",0.469903337147286,0.364063282693213,2,0.679940140337123,0.717345598224192
465,"B_p100_lam50",0.472069308049671,0.837320323179617,2,0.694530364209693,0.60815436792123
466,"B_p100_lam50",0.875298630652946,0.290554563856568,2,0.730981903862317,0.598894771673451
467,"B_p100_lam50",0.00558229243913311,0.516616115469348,2,0.683989521622411,0.314006016051246
468,"B_p100_lam50",0.873214328516197,0.990023887786472,2,0.658187583365324,0.904662344583635
469,"B_p100_lam50",0.523359201989891,0.971519458546914,3,0.7728340856023,0.971519458546914
470,"B_p100_lam50",0.359172348168127,0.544629735371201,2,0.750847462886033,0.689837084662484
471,"B_p100_lam50",0.49780004471233,0.992303720041661,2,0.730533071099864,0.746463763637901
472,"B_p100_lam50",0.906331218672327,0.424809661747725,2,0.654848705198848,0.746501845387137
473,"B_p100_lam50",0.215576602534229,0.458142184192331,2,0.738141194024413,0.156378312310022
474,"B_p100_lam50",0.462069237971054,0.888399141720403,2,0.708870914821091,0.987857347659433
475,"B_p100_lam50",0.03494674551403,0.804755759202054,2,0.70459087631175,0.050432472504103
476,"B_p100_lam50",0.452560010261244,0.605968543854885,2,0.720564231624012,0.895903186544373
477,"B_p100_lam50",0.746080810423018,0.820598947054226,2,0.622309358047222,0.646922206993363
478,"B_p100_lam50",0.127354595972857,0.871501926167057,2,0.736674528871503,0.186618089385429
479,"B_p100_lam50",0.840155789602328,0.774102433262931,3,0.798128055797081,0.774102433262931
480,"B_p100_lam50",0.37928933841183,0.951834061273495,2,0.681786645106668,0.900498814569094
481,"B_p100_lam50",0.297352180713439,0.83648748776457,2,0.647088969542274,0.738255099356377
482,"B_p100_lam50",0.923925656825807,0.447907239456354,2,0.613256039100947,0.58018672344286
483,"B_p100_lam50",0.521380618587455,0.162932133223079,3,0.769085314363767,0.162932133223079
484,"B_p100_lam50",0.713090478394473,0.878854890068376,2,0.712305211226385,0.846772069658157
485,"B_p100_lam50",0.883888027211617,0.936581360530376,2,0.716504402443352,0.302714876993259
486,"B_p100_lam50",0.314150717544706,0.450493025375512,2,0.616023227770781,0.791741929114341
487,"B_p100_lam50",0.20156907017797,0.833254019828368,2,0.68535661431567,0.57930242727617
488,"B_p100_lam50",0.826134780379071,0.423946697127876,2,0.670887853524689,0.36877166925794
489,"B_p100_lam50",0.148783942728271,0.0239436866271072,2,0.748402255024941,0.117678615028805
490,"B_p100_lam50",0.244523934104116,0.467706359213502,2,0.676608819858019,0.106658372164865
491,"B_p100_lam50",0.875349942652068,0.993361984139948,2,0.672223799416166,0.867834758063646
492,"B_p100_lam50",0.63749687578752,0.9544192667451,2,0.697417427338193,0.859262811989844
493,"B_p100_lam50",0.280008799636551,0.971543336359788,2,0.683698350008486,0.743777052116883
494,"B_p100_lam50",0.949190382252921,0.753303000199239,2,0.704946969816353,0.664623551023676
495,"B_p100_lam50",0.778814231593446,0.399699674500471,2,0.701224179413119,0.629342369809538
496,"B_p100_lam50",0.176512247184493,0.214465536573412,2,0.704442557076717,0.102023666443824
497,"B_p100_lam50",0.524449505787627,0.736380471925686,2,0.700542177009094,0.675648892684249
498,"B_p100_lam50",0.310824269529022,0.404555979880742,2,0.710125686510898,0.363421546086355
499,"B_p100_lam50",0.276455274488467,0.85781156429771,2,0.620440416746522,0.93838821281833
500,"B_p100_lam50",0.510761056156516,0.901173502588762,2,0.701078184957588,0.153669525053345
1,"B_p100_lam416",0.123554182463541,0.985682750590479,2,0.674493734835543,0.269510392904675
2,"B_p100_lam416",0.726078577858876,0.399781240126945,2,0.690457230036448,0.752922698133709
3,"B_p100_lam416",0.949333096247266,0.735273668127998,2,0.685944299659793,0.664721883497724
4,"B_p100_lam416",0.682944575724992,0.592398269138254,2,0.665226148899752,0.897811249265846
5,"B_p100_lam416",0.209764822611163,0.76948696472375,2,0.563550773094678,0.907738807943018
6,"B_p100_lam416",0.223788574267457,0.846633132063281,2,0.717431480922912,0.982725445349613
7,"B_p100_lam416",0.889364148517888,0.678931472911975,3,0.771332160912049,0.678931472911975
8,"B_p100_lam416",0.582646090340303,0.389152636273103,2,0.644679972679411,0.559929332094662
9,"B_p100_lam416",0.519830418101165,0.791478455158344,2,0.723148539922901,0.449101198162449
10,"B_p100_lam416",0.860304272532757,0.434359171232997,2,0.62779504248854,0.758707806612898
11,"B_p100_lam416",0.799625978055185,0.332994251433991,2,0.706851885784286,0.658993974041794
12,"B_p100_lam416",0.231078534508689,0.431692030996071,2,0.742944105180745,0.721533829835075
13,"B_p100_lam416",0.827387517041183,0.778895554274083,2,0.743953907961884,0.966121185481636
14,"B_p100_lam416",0.957041042582777,0.564561513892822,2,0.702148406277682,0.648331355949825
15,"B_p100_lam416",0.338844430458289,0.62070863465431,2,0.475441782618971,0.838878506365961
16,"B_p100_lam416",0.862141739359675,0.894850376953529,2,0.638086045085904,0.975262312904113
17,"B_p100_lam416",0.43982793770949,0.537257657094881,2,0.725978943459688,0.691126992809383
18,"B_p100_lam416",0.585635887494086,0.212440403205827,2,0.728124138695357,0.461971585191632
19,"B_p100_lam416",0.673914074580611,0.86521414328598,2,0.599646392080114,0.667098488931025
20,"B_p100_lam416",0.631385680247583,0.159734818552775,2,0.659850444505012,0.415809068420885
21,"B_p100_lam416",0.986081740922906,0.885517648444813,2,0.738338538356851,0.543131518766686
22,"B_p100_lam416",0.847884893911268,0.598984269092619,3,0.766922997658011,0.598984269092619
23,"B_p100_lam416",0.615217309673149,0.61883973472692,2,0.721575657887268,0.665678066532466
24,"B_p100_lam416",0.0187178320452446,0.293007342507777,2,0.759613544522587,0.33938345652242
25,"B_p100_lam416",0.536933367244082,0.371394365703253,2,0.683161465751816,0.297419304916376
26,"B_p100_lam416",0.26479011675412,0.765193478838799,2,0.58276988336089,0.96154519632265
27,"B_p100_lam416",0.0640672267848962,0.973312330761556,2,0.732247933466347,0.60381002696588
28,"B_p100_lam416",0.915847150701718,0.998166949473892,2,0.62098457063164,0.956894526597887
29,"B_p100_lam416",0.181334597505721,0.314741508671162,2,0.732263178857064,0.367283879309737
30,"B_p100_lam416",0.760094711249798,0.952718924783209,2,0.657022352586693,0.291447814561926
31,"B_p100_lam416",0.469102880669415,0.573307454489385,2,0.7172666779237,0.180090291697391
32,"B_p100_lam416",0.0257610942059632,0.2088135208072,2,0.598147861528637,0.0112268182925437
33,"B_p100_lam416",0.685612747133115,0.120983230312926,2,0.601216279153019,0.387041738567666
34,"B_p100_lam416",0.76500502116429,0.379427479152221,2,0.669485718252235,0.382385410548477
35,"B_p100_lam416",0.577870011818443,0.578742216003193,2,0.595913723383274,0.437724010220186
36,"B_p100_lam416",0.343896450117041,0.710742015598357,2,0.729426227366438,0.384631904869682
37,"B_p100_lam416",0.85292975463353,0.769086066401507,2,0.745183617435722,0.927249442047585
38,"B_p100_lam416",0.481919989520206,0.737671771574835,2,0.665103725313591,0.804097544227599
39,"B_p100_lam416",0.186384844801654,0.681780920293486,2,0.649913915484551,0.429358756235724
40,"B_p100_lam416",0.835887510016475,0.987565418952034,2,0.736162090178187,0.54800210775813
41,"B_p100_lam416",0.867010484376722,0.275481845060769,2,0.63736359649359,0.580239262553575
42,"B_p100_lam416",0.878054251717455,0.0563314313696633,2,0.648585819202295,0.233439300044922
43,"B_p100_lam416",0.91811308887728,0.874375377158678,2,0.614979966957404,0.777330462939896
44,"B_p100_lam416",0.442795158995478,0.513659483502131,3,0.765251424178399,0.513659483502131
45,"B_p100_lam416",0.594673300689369,0.0436701223816194,2,0.738897849214776,0.108492110052947
46,"B_p100_lam416",0.341672176242072,0.490521911639093,2,0.633141840521045,0.798232688796569
47,"B_p100_lam416",0.276433115116126,0.646458297970497,2,0.674337660156271,0.641455310860732
48,"B_p100_lam416",0.759138864722302,0.898025592748126,2,0.622358516147848,0.861261403197706
49,"B_p100_lam416",0.911897160445385,0.955648472487635,2,0.545828363246656,0.997327015811394
50,"B_p100_lam416",0.28423551772329,0.376800615032299,2,0.701589470939369,0.650545546245587
51,"B_p100_lam416",0.277705053297466,0.255035062710264,2,0.665952677837137,0.463047817568489
52,"B_p100_lam416",0.986174192665815,0.462488989093604,2,0.666532057688582,0.705485431261773
53,"B_p100_lam416",0.258724310022601,0.282961630956142,2,0.721727784755387,0.197992217007156
54,"B_p100_lam416",0.597410280304503,0.815790389689435,2,0.53206004729555,0.496705594918926
55,"B_p100_lam416",0.595597586885956,0.916724930838557,2,0.639729987900912,0.851189385842716
56,"B_p100_lam416",0.233963529064447,0.0385892255649161,2,0.751493771576011,0.0396830118828204
57,"B_p100_lam416",0.027824016085005,0.118002280630225,2,0.646295071361234,0.0574488616369566
58,"B_p100_lam416",0.585476800009828,0.60635082823992,2,0.603450718488624,0.899679916389323
59,"B_p100_lam416",0.0515334753691702,0.229752076342598,3,0.76609774700321,0.229752076342598
60,"B_p100_lam416",0.738279486096168,0.970726691077278,3,0.785234317389183,0.970726691077278
61,"B_p100_lam416",0.0536773174269465,0.280774441625729,2,0.709646012139584,0.611677684539916
62,"B_p100_lam416",0.0923589953931985,0.485534707618018,2,0.670602804897813,0.807853026709436
63,"B_p100_lam416",0.126649259707247,0.546087530270232,2,0.732148251064739,0.244547138962458
64,"B_p100_lam416",0.903358268039004,0.542517146880505,2,0.681990193072064,0.810305257685103
65,"B_p100_lam416",0.101371288397598,0.60234639014788,2,0.663459496315844,0.899235404189559
66,"B_p100_lam416",0.948588631184681,0.985306804691397,2,0.610450260016859,0.53749434692472
67,"B_p100_lam416",0.736900855996999,0.129482590235521,2,0.695864092349816,0.185131863469424
68,"B_p100_lam416",0.297262635215215,0.726215350309045,2,0.727888957025971,0.667690028021045
69,"B_p100_lam416",0.858238538317095,0.514206145556033,2,0.66126821199735,0.575315427211344
70,"B_p100_lam416",0.114230527917442,0.402541782936054,3,0.779344048072434,0.402541782936054
71,"B_p100_lam416",0.483588655465747,0.841294330968759,2,0.663504236671882,0.171275316968225
72,"B_p100_lam416",0.562725164788358,0.478108345142267,2,0.661880517689661,0.174439201931434
73,"B_p100_lam416",0.128758167183594,0.460795346661439,2,0.706434284822564,0.11990400004302
74,"B_p100_lam416",0.375825271765549,0.685514866414331,2,0.698561792263838,0.935555700413469
75,"B_p100_lam416",0.665858445268058,0.343850169714054,2,0.749973785411573,0.319873820541457
76,"B_p100_lam416",0.448675008847901,0.863761586271438,2,0.593795564393693,0.684647924242229
77,"B_p100_lam416",0.805671219741661,0.280806223545637,2,0.70208777275054,0.550372340448746
78,"B_p100_lam416",0.891124937779611,0.419679839699636,2,0.737102429618993,0.698252915053856
79,"B_p100_lam416",0.00623919466478995,0.0150717225618802,2,0.763447330885986,0.0892640503425545
80,"B_p100_lam416",0.757538951896934,0.401405644087506,2,0.724945055353146,0.240415245521572
81,"B_p100_lam416",0.625673456172269,0.879766222919088,2,0.698670420943248,0.853593141516914
82,"B_p100_lam416",0.433727554277878,0.671497802345052,2,0.665189138751202,0.171154616059918
83,"B_p100_lam416",0.389014111128058,0.751291000369313,2,0.674762814399164,0.530759659021498
84,"B_p100_lam416",0.534306248916185,0.255055241496016,2,0.672075046477615,0.594481153147725
85,"B_p100_lam416",0.425148388221232,0.108305540202462,2,0.697737936945395,0.354240976500001
86,"B_p100_lam416",0.281152578686729,0.0233716096894595,2,0.686267453659213,0.122697387633068
87,"B_p100_lam416",0.87493931629126,0.836235931630022,2,0.762726690117403,0.964420868006868
88,"B_p100_lam416",0.0834650271889266,0.246230225004393,3,0.764807521270026,0.246230225004393
89,"B_p100_lam416",0.0341559872642467,0.627779991009334,2,0.589478828788949,0.861535782729527
90,"B_p100_lam416",0.516403999197103,0.568701203585493,2,0.685229399094748,0.532436416643593
91,"B_p100_lam416",0.689395931400311,0.516423868685524,2,0.69101288071895,0.816208454085856
92,"B_p100_lam416",0.33738709355051,0.25769003358934,2,0.636745800628947,0.49596301819814
93,"B_p100_lam416",0.601088296583781,0.239886974525678,2,0.702962914407028,0.410053788553922
94,"B_p100_lam416",0.682667752192241,0.113435892426097,2,0.724351011673875,0.270994794741594
95,"B_p100_lam416",0.891801634047983,0.594628759630763,2,0.723132898311582,0.891725018189177
96,"B_p100_lam416",0.292052154980194,0.11479038938102,2,0.583866842202058,0.0970009557227574
97,"B_p100_lam416",0.574207294027632,0.465427959509463,3,0.773491908833536,0.465427959509463
98,"B_p100_lam416",0.61205527960548,0.219031779576554,3,0.808976927943281,0.219031779576554
99,"B_p100_lam416",0.202902163705177,0.998147095168037,2,0.747877301383389,0.555754611945802
100,"B_p100_lam416",0.920671821428335,0.50338614062299,2,0.70718908697002,0.597587154351622
101,"B_p100_lam416",0.813431499897822,0.216819125934995,2,0.711078266742326,0.560312437537185
102,"B_p100_lam416",0.50136980755883,0.0749998511135705,2,0.758767471904894,0.243079500890401
103,"B_p100_lam416",0.0429569164616443,0.86838351288145,2,0.738202201454839,0.0293748966582904
104,"B_p100_lam416",0.326594238002474,0.820464267255527,2,0.662341030205186,0.846801880382747
105,"B_p100_lam416",0.438255637034068,0.546494655570403,2,0.668674983279003,0.588278369884771
106,"B_p100_lam416",0.772303830484758,0.219892959674007,2,0.670918173100462,0.545333914924324
107,"B_p100_lam416",0.270269874548792,0.0350229545947197,2,0.636970650761727,0.0336537436523942
108,"B_p100_lam416",0.714754691311067,0.457452298848513,2,0.688349249177762,0.482998996155631
109,"B_p100_lam416",0.662484929897646,0.861701997235585,2,0.697161618099486,0.942604157639447
110,"B_p100_lam416",0.780755921777894,0.361995784935296,2,0.700232481433498,0.606013936878377
111,"B_p100_lam416",0.639126938901164,0.163928085837322,2,0.674462091668741,0.372946574232716
112,"B_p100_lam416",0.812227946250746,0.988971128450675,2,0.694515376082148,0.477359144099283
113,"B_p100_lam416",0.52446974413532,0.775117847825861,2,0.720344918342611,0.250680345427819
114,"B_p100_lam416",0.683219891070584,0.923163472187108,2,0.683280069861359,0.386421078415538
115,"B_p100_lam416",0.0501768395041537,0.417275777296447,2,0.745827262031883,0.120611230512994
116,"B_p100_lam416",0.850711195647703,0.998178217916892,2,0.625736394860846,0.712165042632966
117,"B_p100_lam416",0.0792385395961032,0.725034434435611,2,0.752778940993702,0.847806202343689
118,"B_p100_lam416",0.459999551151345,0.86402806081224,2,0.644570084511159,0.888685855533063
119,"B_p100_lam416",0.916310503770086,0.787235661573393,2,0.708141660239325,0.888874397669591
120,"B_p100_lam416",0.148622502775638,0.985805765766374,2,0.708598846420347,0.316626686512512
121,"B_p100_lam416",0.324695475593388,0.997926795570609,2,0.757762781330625,0.935887104454714
122,"B_p100_lam416",0.18926329987328,0.133225306749552,2,0.679488716036059,0.396874555301133
123,"B_p100_lam416",0.824270828417081,0.450126212024394,2,0.682284514056087,0.788694307414269
124,"B_p100_lam416",0.774062448964323,0.335472896749702,3,0.808849820311342,0.335472896749702
125,"B_p100_lam416",0.0138240147769175,0.648734261022218,2,0.697238088716961,0.0403046651649733
126,"B_p100_lam416",0.000207208916396362,0.345899589683928,2,0.700045975204526,0.644529770407869
127,"B_p100_lam416",0.146245070903349,0.902824730199302,2,0.672991744912262,0.79492883147259
128,"B_p100_lam416",0.042025362247323,0.842454973149798,2,0.712188400230588,0.188231477615022
129,"B_p100_lam416",0.566935770631912,0.842478187563336,2,0.634137374804324,0.978301895165733
130,"B_p100_lam416",0.672868957264294,0.310672585551219,2,0.742998827734261,0.624317524788203
131,"B_p100_lam416",0.103183452451934,0.141726931642299,2,0.749294592042206,0.0681008574065068
132,"B_p100_lam416",0.760711631295998,0.481655023457407,2,0.62852221316668,0.445533512263161
133,"B_p100_lam416",0.513426107258461,0.294742472804061,2,0.531904581559949,0.202449989419944
134,"B_p100_lam416",0.85928978597644,0.964169616746598,3,0.773371551573011,0.964169616746598
135,"B_p100_lam416",0.627749970992762,0.0928369691185087,2,0.758958991588063,0.298605543562366
136,"B_p100_lam416",0.657159415345427,0.62130025830428,2,0.722826326564966,0.377344802165614
137,"B_p100_lam416",0.0863883998857098,0.808655262471104,2,0.678285623003484,0.931547153445202
138,"B_p100_lam416",0.64984711158607,0.204191061696764,2,0.703248649910956,0.442492964366244
139,"B_p100_lam416",0.651437784141033,0.958921267110636,2,0.695250270910945,0.588733487436015
140,"B_p100_lam416",0.120719979716398,0.834004816719058,2,0.651305924818995,0.310398328931101
141,"B_p100_lam416",0.526745715306981,0.92930113255253,2,0.694772264045749,0.980316272935379
142,"B_p100_lam416",0.462552116679301,0.244734855571833,2,0.595264654395564,0.0765768859478922
143,"B_p100_lam416",0.608223340762899,0.252394571333091,2,0.717123442112843,0.538694833577805
144,"B_p100_lam416",0.886934520626043,0.449121645113669,3,0.770879018050093,0.449121645113669
145,"B_p100_lam416",0.978667637496346,0.966001527268399,2,0.751545830465258,0.955796309846367
146,"B_p100_lam416",0.0632377712303193,0.3103428839762,2,0.724138187997053,0.0954900027207721
147,"B_p100_lam416",0.378698242869943,0.276524393876371,2,0.667198411622705,0.271818857351829
148,"B_p100_lam416",0.471753084504607,0.885198216176456,2,0.613097562245386,0.720813568378616
149,"B_p100_lam416",0.382608611884628,0.643302276646594,2,0.735644751427798,0.623011240353158
150,"B_p100_lam416",0.96225056085673,0.764651014601612,2,0.712991345700009,0.776650029193095
151,"B_p100_lam416",0.693548854966391,0.410859798057693,2,0.595764373904138,0.523005089883847
152,"B_p100_lam416",0.260491455095618,0.389409648642676,2,0.705719774735663,0.441580183014547
153,"B_p100_lam416",0.508435890591986,0.892025402020761,3,0.767127656324901,0.892025402020761
154,"B_p100_lam416",0.0288424482783741,0.456096820859646,3,0.775798013907892,0.456096820859646
155,"B_p100_lam416",0.654702588848897,0.476316824775601,2,0.550786950581551,0.770935294752343
156,"B_p100_lam416",0.210580573989702,0.0472978504988335,3,0.792112808114234,0.0472978504988335
157,"B_p100_lam416",0.576330129035685,0.965718426391683,2,0.693551000328711,0.469744472796677
158,"B_p100_lam416",0.49927642881473,0.902818521262424,2,0.701501904226831,0.870597912232288
159,"B_p100_lam416",0.198718094330766,0.633337548523885,3,0.826537194662449,0.633337548523885
160,"B_p100_lam416",0.67579977132691,0.719157096507762,2,0.67447513026473,0.888388759682458
161,"B_p100_lam416",0.588635626423435,0.317508956003318,2,0.685956316273915,0.193780563080755
162,"B_p100_lam416",0.509397996732207,0.994237627458015,2,0.682401520079066,0.874752654742213
163,"B_p100_lam416",0.793921447329986,0.618386426875603,2,0.667059691410071,0.482967578921286
164,"B_p100_lam416",0.0113179140470183,0.894072888740416,2,0.756287771858558,0.0267682040700965
165,"B_p100_lam416",0.366367386946838,0.696253320358517,2,0.724989934170102,0.898146813793678
166,"B_p100_lam416",0.921807305924904,0.826917594280249,2,0.718893099779886,0.88072311907081
167,"B_p100_lam416",0.885369304475831,0.403683664056177,2,0.694840801964497,0.485032448871038
168,"B_p100_lam416",0.286859825980011,0.663988124193076,2,0.683683640640307,0.564813762948585
169,"B_p100_lam416",0.178270437543235,0.117722725931438,2,0.728565218116908,0.0351719047865371
170,"B_p100_lam416",0.561326651502463,0.371762656302232,2,0.713992039544611,0.202800276012313
171,"B_p100_lam416",0.345817273264054,0.746837069297531,2,0.677401698145649,0.484433726964739
172,"B_p100_lam416",0.273141918647681,0.677531875168577,2,0.663339618725964,0.5860879795925
173,"B_p100_lam416",0.466794288425876,0.662773876564935,2,0.602225610362121,0.424318772678994
174,"B_p100_lam416",0.916158849935691,0.845478479698405,3,0.780331013067208,0.845478479698405
175,"B_p100_lam416",0.139696037345261,0.718675020985948,2,0.674348715735989,0.60397001276204
176,"B_p100_lam416",0.560388128491505,0.338391804536823,2,0.745161032658081,0.700899980696634
177,"B_p100_lam416",0.197010563558788,0.383176003544123,2,0.68692367021596,0.733840511910884
178,"B_p100_lam416",0.634205192527392,0.924556955162101,3,0.81465156598596,0.924556955162101
179,"B_p100_lam416",0.0963516403573468,0.632128822533655,2,0.53178647599668,0.309276640763949
180,"B_p100_lam416",0.329515702414089,0.849243573354592,2,0.662964173016598,0.0905459946512006
181,"B_p100_lam416",0.56621887239541,0.592287087823511,2,0.745360078009386,0.845194608928892
182,"B_p100_lam416",0.351921817255048,0.742681267692095,2,0.515523940346148,0.820877127133284
183,"B_p100_lam416",0.825599638893493,0.954039301995295,3,0.805520732651645,0.954039301995295
184,"B_p100_lam416",0.408978611675197,0.899492265446194,2,0.713206417017608,0.968244563409765
185,"B_p100_lam416",0.541359370076287,0.835802318938888,2,0.688238343101382,0.970133497035778
186,"B_p100_lam416",0.939107918077796,0.542969283512415,2,0.724958128287674,0.354228348834141
187,"B_p100_lam416",0.934449763990375,0.375210639540743,2,0.747200993908789,0.592979332091452
188,"B_p100_lam416",0.822128703161683,0.563970006462814,2,0.533759052694139,0.73530042533477
189,"B_p100_lam416",0.728215942658508,0.403292142458407,3,0.799060899526768,0.403292142458407
190,"B_p100_lam416",0.333576692004393,0.23314490086517,2,0.740693754373329,0.184469472020183
191,"B_p100_lam416",0.627085162419105,0.32912567739294,2,0.688846231151611,0.588510301854351
192,"B_p100_lam416",0.661520700671054,0.834728351843682,2,0.655277112656572,0.803697429155098
193,"B_p100_lam416",0.258327663370236,0.745193077752459,2,0.636320263661533,0.819964428662512
194,"B_p100_lam416",0.135550401561431,0.158550908068946,3,0.765024876339615,0.158550908068946
195,"B_p100_lam416",0.925104915284924,0.966902425785002,2,0.601175934069408,0.64269901787689
196,"B_p100_lam416",0.19754165700197,0.318247309023178,2,0.684463897094241,0.0359021901608737
197,"B_p100_lam416",0.0986438386050434,0.961614797594135,2,0.710545115068018,0.856417239826542
198,"B_p100_lam416",0.17777332943115,0.542174761291935,2,0.636637318369591,0.381137962858529
199,"B_p100_lam416",0.473598086037093,0.986886713045626,2,0.736637890293424,0.97672976487526
200,"B_p100_lam416",0.70833881972871,0.851961564954695,3,0.783754417913392,0.851961564954695
201,"B_p100_lam416",0.619287194942866,0.441987500038634,2,0.609535487807358,0.705181865715039
202,"B_p100_lam416",0.34443975414254,0.829058290250009,2,0.729043025489574,0.484977217774477
203,"B_p100_lam416",0.55371570101183,0.0116745395923479,2,0.735255062593961,0.0765552985603469
204,"B_p100_lam416",0.0784019535193199,0.0580716618993123,2,0.639987698457682,0.173950791595574
205,"B_p100_lam416",0.957118746195781,0.980070051845789,3,0.765825168078233,0.980070051845789
206,"B_p100_lam416",0.250169259132433,0.789796332254314,2,0.665501015132447,0.674390661837021
207,"B_p100_lam416",0.419829382203833,0.113934747934566,2,0.618112076741706,0.266192618545595
208,"B_p100_lam416",0.999323109619896,0.915203907581532,2,0.721399575587138,0.984971116268225
209,"B_p100_lam416",0.657438429806202,0.29802012549501,2,0.667652475397112,0.250302297274346
210,"B_p100_lam416",0.109942802125713,0.322125169124196,2,0.624234211535623,0.681762539801559
211,"B_p100_lam416",0.125817316788937,0.229827116517076,2,0.683104320211374,0.477902616100366
212,"B_p100_lam416",0.456549503444952,0.812797527850762,2,0.758574206926918,0.962296093088111
213,"B_p100_lam416",0.643692235676516,0.586010802913278,2,0.71008804315036,0.894836937933489
214,"B_p100_lam416",0.357743636119788,0.153501713040839,2,0.71929451732792,0.356659800589058
215,"B_p100_lam416",0.952473825984806,0.708859478078747,2,0.681740161197534,0.899734843136304
216,"B_p100_lam416",0.694710806277371,0.902758104424711,2,0.676770798221871,0.795664719778674
217,"B_p100_lam416",0.505896273465503,0.212843636962412,2,0.662988318731946,0.340568934143616
218,"B_p100_lam416",0.628330265936568,0.849539220108074,2,0.671694764912814,0.834036685045582
219,"B_p100_lam416",0.0687340157219481,0.030508036325431,2,0.708134158945118,0.0266423015626734
220,"B_p100_lam416",0.949328549935585,0.805305713192313,2,0.647334847962956,0.909573218744003
221,"B_p100_lam416",0.690254491559161,0.253793380066833,2,0.709088413848573,0.358768524924888
222,"B_p100_lam416",0.865218379797922,0.866625314807403,2,0.606962149314867,0.820760258244849
223,"B_p100_lam416",0.725713224104782,0.932472605139686,2,0.651381748743692,0.726644078812599
224,"B_p100_lam416",0.384384709199829,0.742717699660887,2,0.751515051689193,0.387891074863885
225,"B_p100_lam416",0.999595209794156,0.903841041197505,2,0.624116981840335,0.968036626986123
226,"B_p100_lam416",0.256093568263221,0.763151151977214,2,0.708678831658723,0.627400344504149
227,"B_p100_lam416",0.916388372186333,0.74997989278883,2,0.75302550921327,0.538724037128274
228,"B_p100_lam416",0.641437745946764,0.222686745687696,2,0.745012935557433,0.512132254647091
229,"B_p100_lam416",0.556287538969484,0.238047745270932,2,0.634603875076029,0.156064284261843
230,"B_p100_lam416",0.26661750983503,0.879370485275464,2,0.666029777077586,0.93237366565567
231,"B_p100_lam416",0.319834416641544,0.253893245349881,2,0.649333359044372,0.464403939427113
232,"B_p100_lam416",0.233633762442144,0.736582618290675,2,0.687628220136562,0.362668165708945
233,"B_p100_lam416",0.43446458204206,0.200242258464344,2,0.71940586092381,0.524771542104315
234,"B_p100_lam416",0.0909174003615868,0.0845706606168857,2,0.664300659378613,0.151313381012039
235,"B_p100_lam416",0.723061266366241,0.487312544996332,2,0.653727414378163,0.826487575242005
236,"B_p100_lam416",0.805141709318407,0.243059585843745,2,0.645059565148411,0.542519182899148
237,"B_p100_lam416",0.65092976378528,0.608212141839623,2,0.62941724825842,0.880302531290159
238,"B_p100_lam416",0.955745591380466,0.840069156248352,2,0.734949795232062,0.97507699044246
239,"B_p100_lam416",0.779691017853084,0.718402700599244,2,0.687847359719741,0.910417812981454
240,"B_p100_lam416",0.540023085981719,0.839536234102142,2,0.70688337282216,0.723716451536309
241,"B_p100_lam416",0.316855032292074,0.232566391149049,2,0.620640974880082,0.453650380538654
242,"B_p100_lam416",0.863855687660241,0.61693885154994,2,0.644826548447361,0.546579998409524
243,"B_p100_lam416",0.825027418345147,0.950379926066189,2,0.555863208886578,0.596827013459605
244,"B_p100_lam416",0.733658649448038,0.733401965275334,2,0.700627387149887,0.954802791347054
245,"B_p100_lam416",0.972957153774473,0.728932481446122,2,0.753903057968929,0.785783586942941
246,"B_p100_lam416",0.441052690751426,0.67075366265781,2,0.560409610152371,0.563662999533851
247,"B_p100_lam416",0.986268661331541,0.808596571454269,2,0.688780683487029,0.941183342791744
248,"B_p100_lam416",0.155408953628412,0.404566705383026,2,0.537063496465605,0.532618557850118
249,"B_p100_lam416",0.819772953220018,0.955347090824219,3,0.780933856380509,0.955347090824219
250,"B_p100_lam416",0.54503193095432,0.833742885026132,2,0.748653889160758,0.950822160364932
251,"B_p100_lam416",0.431583641555682,0.11031259292696,2,0.638367514072179,0.348051850736532
252,"B_p100_lam416",0.498807551499373,0.397125762084324,2,0.619861968112629,0.69897079163294
253,"B_p100_lam416",0.409191236856258,0.0886805837670973,2,0.62417062058422,0.0852686904475682
254,"B_p100_lam416",0.164735590907429,0.179951871347722,3,0.820510368223028,0.179951871347722
255,"B_p100_lam416",0.131044195151835,0.183741923876632,2,0.673163990516888,0.481960885910351
256,"B_p100_lam416",0.933535743061947,0.831060687184825,2,0.763291977017347,0.593859309395001
257,"B_p100_lam416",0.273465442769728,0.805442708550686,2,0.692122942624429,0.793835343769426
258,"B_p100_lam416",0.985129804206403,0.508929913053356,2,0.728583035459958,0.670504841406771
259,"B_p100_lam416",0.556086772923177,0.121799343399208,2,0.648271373341932,0.376213113994551
260,"B_p100_lam416",0.265383117544051,0.879565640126662,2,0.680763674097819,0.0957545716453262
261,"B_p100_lam416",0.265758562208679,0.768529271718523,2,0.589946598477379,0.924659205251805
262,"B_p100_lam416",0.501167334435196,0.881019543711602,2,0.739495641814737,0.49647814240524
263,"B_p100_lam416",0.192755522559497,0.187049921696916,2,0.636083219653686,0.263143036121619
264,"B_p100_lam416",0.193088125714457,0.231231369348103,2,0.729410863993728,0.433376300858049
265,"B_p100_lam416",0.778666167068757,0.739285133373843,2,0.714124420452489,0.671467892638046
266,"B_p100_lam416",0.398565975666184,0.455058178010607,2,0.762789878387841,0.611047866036179
267,"B_p100_lam416",0.517036166069807,0.674372449351934,2,0.756820441988055,0.382369348889173
268,"B_p100_lam416",0.748814245122123,0.447826627167141,2,0.701003724098684,0.710669922869508
269,"B_p100_lam416",0.123523515587797,0.792040305541018,3,0.796617550680683,0.792040305541018
270,"B_p100_lam416",0.529760680310586,0.322902887499101,2,0.677252895134042,0.499540885721027
271,"B_p100_lam416",0.956758950874407,0.764800534947345,2,0.692504424122663,0.919196414171366
272,"B_p100_lam416",0.262499473012298,0.54414902703796,2,0.590568547664687,0.839361017745398
273,"B_p100_lam416",0.435434616223576,0.188312743209749,2,0.717803814100687,0.471455173837142
274,"B_p100_lam416",0.188881052040967,0.248245074082704,3,0.765169249464857,0.248245074082704
275,"B_p100_lam416",0.267321547292503,0.500255498561563,2,0.735826269641025,0.675788480707734
276,"B_p100_lam416",0.917878254250414,0.609703445841419,2,0.706020145086181,0.63812785819017
277,"B_p100_lam416",0.037747038587819,0.423647931655795,2,0.608795345851991,0.378836900175868
278,"B_p100_lam416",0.969099077371968,0.693017445356292,2,0.617545701787543,0.943042239968811
279,"B_p100_lam416",0.719704146694219,0.901218787663802,2,0.660908196576748,0.856301280018802
280,"B_p100_lam416",0.56714436971361,0.169028464532278,2,0.599093754210092,0.464304589426706
281,"B_p100_lam416",0.889659424363746,0.428357439242348,3,0.766813765172186,0.428357439242348
282,"B_p100_lam416",0.284817817982638,0.317815464185045,2,0.652554889598336,0.101332101175419
283,"B_p100_lam416",0.881242096057799,0.836754574030806,2,0.589779901643917,0.806037983768455
284,"B_p100_lam416",0.246776050595654,0.531205558111187,2,0.706734282980123,0.848683234831419
285,"B_p100_lam416",0.317355964335229,0.623678331297093,2,0.74996119806957,0.550713762611532
286,"B_p100_lam416",0.469115919609412,0.182710452954886,2,0.637291831862118,0.489335669845261
287,"B_p100_lam416",0.244516607901665,0.699716721323162,2,0.652955989385569,0.805388380740359
288,"B_p100_lam416",0.0671427818991557,0.929556485992278,2,0.692430260935761,0.874592102656244
289,"B_p100_lam416",0.109673342525687,0.832789862941803,2,0.761676240640946,0.975480167383688
290,"B_p100_lam416",0.380266484276099,0.0103810820789695,2,0.752130783215144,0.0724209687318271
291,"B_p100_lam416",0.707101108570546,0.210696721848647,2,0.606342252686793,0.311968082640009
292,"B_p100_lam416",0.435165666193519,0.464297672805931,2,0.66085225359172,0.461619766028837
293,"B_p100_lam416",0.968202801770034,0.976662627373298,3,0.773986578350977,0.976662627373298
294,"B_p100_lam416",0.209304723458235,0.667222737996208,2,0.539867482793336,0.64282794567651
295,"B_p100_lam416",0.0874950975720352,0.101935068145722,2,0.721358674865121,0.123383798242723
296,"B_p100_lam416",0.423686009535521,0.185969044446692,2,0.736355676393341,0.0684306357032169
297,"B_p100_lam416",0.586584616134429,0.785655408204764,2,0.633297745306615,0.69811055288082
298,"B_p100_lam416",0.422444115177872,0.738936819147362,2,0.718679571325644,0.697462041985247
299,"B_p100_lam416",0.669367755814154,0.57959091330511,2,0.58472167467107,0.812597837911639
300,"B_p100_lam416",0.667289878539439,0.830846901747825,2,0.758299353984678,0.884668816857713
301,"B_p100_lam416",0.965545822498991,0.765296094013724,2,0.636226381092859,0.806504885019433
302,"B_p100_lam416",0.706304061546153,0.305107498298619,2,0.665162504602022,0.62348133474312
303,"B_p100_lam416",0.795426546146988,0.34519124629729,2,0.557567238099226,0.673804178019274
304,"B_p100_lam416",0.989996142523066,0.80576464157694,2,0.70732197023052,0.661291265452751
305,"B_p100_lam416",0.10380517064811,0.250473755832318,2,0.672312567930469,0.563423060119951
306,"B_p100_lam416",0.619144495417131,0.424679953297724,2,0.736511692756826,0.364871277508534
307,"B_p100_lam416",0.459870801043391,0.891554749123355,2,0.738771040781545,0.775467700045058
308,"B_p100_lam416",0.804473120704407,0.884684196993897,2,0.669756860307072,0.650342116456104
309,"B_p100_lam416",0.981935763719811,0.390527594597765,2,0.6824201967945,0.739150226595794
310,"B_p100_lam416",0.0609201984541687,0.897980149374515,2,0.706383397574435,0.673384846065103
311,"B_p100_lam416",0.675737770534264,0.758201691257726,2,0.663654996722636,0.939345052112507
312,"B_p100_lam416",0.996438870212321,0.666273930611121,2,0.57587517170203,0.925450573877279
313,"B_p100_lam416",0.0410891440088076,0.416566778497485,2,0.609341096517006,0.651993163527536
314,"B_p100_lam416",0.958869059490607,0.176586421183864,2,0.674689940388841,0.467593496841444
315,"B_p100_lam416",0.609838930880434,0.781783202381642,3,0.792211254291679,0.781783202381642
316,"B_p100_lam416",0.600895445046397,0.509509972277229,2,0.604366131585976,0.491564883967677
317,"B_p100_lam416",0.268410362355176,0.0209394880619409,2,0.709944174430193,0.0804931914859857
318,"B_p100_lam416",0.605356060056836,0.585786480758183,3,0.76845369034459,0.585786480758183
319,"B_p100_lam416",0.77294013851291,0.330381266890303,2,0.602024641876575,0.494398088980122
320,"B_p100_lam416",0.396072654985971,0.261552588192247,2,0.6778285295726,0.597702272174851
321,"B_p100_lam416",0.610914666788158,0.784710322576038,2,0.661959867654485,0.852437655954777
322,"B_p100_lam416",0.783468160963321,0.559153224558002,2,0.706394792536623,0.501289004347944
323,"B_p100_lam416",0.196947944805076,0.584805150309575,2,0.669844916083526,0.881402659989332
324,"B_p100_lam416",0.0329729004660321,0.151392684452326,2,0.637492434848932,0.416150590597789
325,"B_p100_lam416",0.307244999568074,0.433072381835045,2,0.723950730841132,0.356976016915233
326,"B_p100_lam416",0.83403501409021,0.549952524880486,3,0.77978375380038,0.549952524880486
327,"B_p100_lam416",0.887004529590086,0.988479370080327,2,0.640435996460573,0.998242187577076
328,"B_p100_lam416",0.868466606639277,0.922291797779141,2,0.740173896277034,0.955961003895392
329,"B_p100_lam416",0.730219248154892,0.61535326869444,3,0.765676725804073,0.61535326869444
330,"B_p100_lam416",0.798803285377375,0.129934547859821,2,0.688073258027773,0.347787155287964
331,"B_p100_lam416",0.677115726261632,0.18980863934732,2,0.60144105728187,0.463741461325355
332,"B_p100_lam416",0.47853157995578,0.194089034875819,3,0.811437091014298,0.194089034875819
333,"B_p100_lam416",0.698807862168884,0.842783301394401,3,0.781740110035791,0.842783301394401
334,"B_p100_lam416",0.719712893882483,0.413296830829521,2,0.666446426772282,0.535814161749744
335,"B_p100_lam416",0.728281729674693,0.365240174251489,3,0.777776563348753,0.365240174251489
336,"B_p100_lam416",0.227960683359265,0.196229156052292,2,0.504897566862735,0.437393567621304
337,"B_p100_lam416",0.323436245610482,0.374202365237857,2,0.75434288039267,0.328150887728548
338,"B_p100_lam416",0.325162002103175,0.291800417750185,2,0.73507735697903,0.633708030799058
339,"B_p100_lam416",0.330635699256255,0.282771882341071,3,0.78120910966793,0.282771882341071
340,"B_p100_lam416",0.195974090940757,0.0470554843043369,2,0.725166641663355,0.131275238610942
341,"B_p100_lam416",0.255208081683818,0.856228284444645,2,0.725448290080991,0.0329192691488992
342,"B_p100_lam416",0.537754177431566,0.554638835436434,2,0.698168848302963,0.864722302209908
343,"B_p100_lam416",0.528573782540985,0.477715917885449,2,0.736351757231429,0.367171497896891
344,"B_p100_lam416",0.23641927212353,0.08774800964076,2,0.629785945023876,0.129682397990667
345,"B_p100_lam416",0.0549062505287387,0.0895814982023015,3,0.798769102646638,0.0895814982023015
346,"B_p100_lam416",0.722943827391901,0.660170714018056,2,0.722134017700874,0.799413538030895
347,"B_p100_lam416",0.172284873389912,0.0501350992686009,2,0.760786962566071,0.0782194622202095
348,"B_p100_lam416",0.61079193087796,0.747389016110557,2,0.708443701242696,0.688884795500827
349,"B_p100_lam416",0.236106285038661,0.231415712069756,2,0.631818786104774,0.297232313313393
350,"B_p100_lam416",0.111623355477213,0.565962235008029,2,0.644657842455364,0.839076040409598
351,"B_p100_lam416",0.623552168578339,0.501578116601825,2,0.565196519827935,0.824517216313776
352,"B_p100_lam416",0.607766277121921,0.0700213785514094,2,0.65169629955561,0.271919962246524
353,"B_p100_lam416",0.672914193819007,0.0878697433416253,2,0.653528684449161,0.324246154052819
354,"B_p100_lam416",0.120282087591114,0.42318650829127,2,0.721498471437502,0.0450747942876817
355,"B_p100_lam416",0.288135704900199,0.728635693144597,2,0.761006386598205,0.293858165997167
356,"B_p100_lam416",0.729829657659511,0.885230945918922,2,0.685625803250242,0.563546579860004
357,"B_p100_lam416",0.650649805089958,0.485557484185424,2,0.622827812091346,0.188168448463727
358,"B_p100_lam416",0.661403829311878,0.444726157894478,3,0.783802724584619,0.444726157894478
359,"B_p100_lam416",0.495121449389837,0.970682457431157,2,0.684380155493741,0.506044424707862
360,"B_p100_lam416",0.992093068121347,0.976915497472622,2,0.715814113264124,0.998432215539819
361,"B_p100_lam416",0.359369235329163,0.935997150688268,3,0.766530000935725,0.935997150688268
362,"B_p100_lam416",0.874654467608765,0.228205232100147,2,0.634622685686962,0.570635463577889
363,"B_p100_lam416",0.959954802965545,0.323441826137947,2,0.720055629790456,0.497548584364453
364,"B_p100_lam416",0.125516249107025,0.0891162599492117,2,0.726080779489293,0.101907514724177
365,"B_p100_lam416",0.946340894126508,0.558318902260305,2,0.592393666925898,0.747193837617517
366,"B_p100_lam416",0.0833345234053144,0.0227218413129874,2,0.729945788002438,0.119536163594188
367,"B_p100_lam416",0.461197202221271,0.951789815463985,2,0.713790378465238,0.996873594822298
368,"B_p100_lam416",0.928053525084726,0.563433167749444,2,0.707929768307026,0.454018887649112
369,"B_p100_lam416",0.324284651873302,0.997716244259544,2,0.720943839235473,0.883898195223603
370,"B_p100_lam416",0.275211641395416,0.38980892415064,2,0.710020422775357,0.649540674118454
371,"B_p100_lam416",0.00990457888114582,0.936582420581463,2,0.605874117560216,0.0107403820050336
372,"B_p100_lam416",0.407227575903838,0.777526780282748,2,0.758955451959178,0.908200371030512
373,"B_p100_lam416",0.102862012457414,0.0652719293335645,2,0.65192602055794,0.0249487861579821
374,"B_p100_lam416",0.644013639677219,0.407508084242054,3,0.790892924075415,0.407508084242054
375,"B_p100_lam416",0.464415780966079,0.106582054270768,2,0.666560802774108,0.0799941757409697
376,"B_p100_lam416",0.372902454745935,0.290446331261726,2,0.613988202708417,0.540744968906143
377,"B_p100_lam416",0.180132178862235,0.0808868120043627,2,0.715288665796975,0.228430641973621
378,"B_p100_lam416",0.411347127643036,0.613407996086119,2,0.702721008681317,0.171288275046355
379,"B_p100_lam416",0.346657062363289,0.745065741064187,2,0.721652263013204,0.541291265618367
380,"B_p100_lam416",0.437283380923736,0.696749973980831,2,0.657419509983912,0.942410817156639
381,"B_p100_lam416",0.0880094054467625,0.326893314146128,2,0.672197429161814,0.681651945934738
382,"B_p100_lam416",0.418788244215214,0.328644924546216,2,0.508096648910443,0.673239209355086
383,"B_p100_lam416",0.0595444454060817,0.452115463031259,2,0.720415796548346,0.479714389360544
384,"B_p100_lam416",0.867635681298845,0.2659676415331,2,0.685496014597548,0.436764385578467
385,"B_p100_lam416",0.874962223253276,0.312720571969811,2,0.678767937781293,0.343173915968025
386,"B_p100_lam416",0.176257381413689,0.103749643674126,2,0.561579447719457,0.361545384643691
387,"B_p100_lam416",0.353766058775101,0.514939446441227,2,0.733467533995604,0.724898225452144
388,"B_p100_lam416",0.826139663400898,0.532607226152664,2,0.729106520808493,0.844999551864573
389,"B_p100_lam416",0.560419916596247,0.715036483608685,2,0.762573917764671,0.526865650620156
390,"B_p100_lam416",0.734906232889324,0.389298971045221,2,0.673598755107933,0.351505618114692
391,"B_p100_lam416",0.383618750407917,0.464525484450261,2,0.701829422325382,0.753334284320206
392,"B_p100_lam416",0.0663774870083444,0.569304790998533,2,0.739960453819934,0.164053655003223
393,"B_p100_lam416",0.98380327065342,0.645264849599146,2,0.667593669046516,0.818792609921555
394,"B_p100_lam416",0.889341870180076,0.62174655074516,2,0.623787611634266,0.835958865280954
395,"B_p100_lam416",0.0300708411942034,0.35381530495344,2,0.683666484163463,0.339728211340755
396,"B_p100_lam416",0.751176669386409,0.254129658779563,3,0.789039015578995,0.254129658779563
397,"B_p100_lam416",0.137649741484416,0.116143084336448,2,0.6804902173335,0.057592163906619
398,"B_p100_lam416",0.712091429692926,0.561142520596685,2,0.575302459393817,0.394917148084468
399,"B_p100_lam416",0.394926398552416,0.625028888877418,2,0.717838235752873,0.346841013556703
400,"B_p100_lam416",0.738554965363054,0.803705804027768,2,0.704275607113608,0.942365837188239
401,"B_p100_lam416",0.762311605067113,0.841971807588941,2,0.729873973103501,0.769816539039979
402,"B_p100_lam416",0.348657526522124,0.393926000404797,2,0.682786123612551,0.382490601722837
403,"B_p100_lam416",0.522751525674324,0.432663534319351,2,0.712237561132435,0.547278176137661
404,"B_p100_lam416",0.507437166028821,0.391405652938124,2,0.734701908283272,0.54382439938732
405,"B_p100_lam416",0.0157186096371849,0.646555285614767,2,0.608209572619576,0.146745280196819
406,"B_p100_lam416",0.0726941240589721,0.550311992232581,2,0.672026787629354,0.290889267461033
407,"B_p100_lam416",0.922465559853081,0.714036897026379,2,0.692098772874101,0.944977592871572
408,"B_p100_lam416",0.514690266669016,0.744145251905996,2,0.63417717016973,0.679475674332909
409,"B_p100_lam416",0.78111950575874,0.555285466702981,2,0.63951506932256,0.474129986911528
410,"B_p100_lam416",0.124109770900353,0.551214028214683,3,0.782074654491725,0.551214028214683
411,"B_p100_lam416",0.771272732994144,0.816720759104151,3,0.771944869260312,0.816720759104151
412,"B_p100_lam416",0.0674616356540986,0.23648477793716,2,0.592447699081425,0.550441417046583
413,"B_p100_lam416",0.760896664707382,0.773210554834993,2,0.710310062007264,0.895458461106249
414,"B_p100_lam416",0.151345256975796,0.0100609790908457,2,0.643256192906484,0.0640631018118143
415,"B_p100_lam416",0.0433069885386873,0.820669364512096,2,0.525983219724491,0.865878363808518
416,"B_p100_lam416",0.662117822053417,0.234260623944764,2,0.729452978662377,0.54124574279412
417,"B_p100_lam416",0.57916697424693,0.197838297117227,2,0.647974859835273,0.168907561962471
418,"B_p100_lam416",0.235886260110134,0.833762169856428,2,0.742201908113178,0.377693581009311
419,"B_p100_lam416",0.761896713535845,0.774774796084085,2,0.641103422354951,0.967417078798476
420,"B_p100_lam416",0.965823263463127,0.901387362296263,2,0.75146459191135,0.989902557422581
421,"B_p100_lam416",0.0206375043283239,0.508539197016806,2,0.631368076986046,0.183762749623474
422,"B_p100_lam416",0.757512127348052,0.366390560959093,2,0.734256746054486,0.726130196797904
423,"B_p100_lam416",0.803189914804633,0.817341638282038,2,0.748552400015326,0.471965966922369
424,"B_p100_lam416",0.799186656832064,0.448736851890388,2,0.726962506912882,0.718206139440541
425,"B_p100_lam416",0.459206352567149,0.0929460211199719,3,0.786074673352441,0.0929460211199719
426,"B_p100_lam416",0.464878900265045,0.377078411057409,2,0.68813826415812,0.392110913944276
427,"B_p100_lam416",0.265553690311972,0.0872518611855992,2,0.689158488588098,0.315226636154285
428,"B_p100_lam416",0.917259738969498,0.788927862013424,2,0.604352889076993,0.83493311557275
429,"B_p100_lam416",0.804962282747134,0.796015492549975,2,0.753547746206044,0.476026253859332
430,"B_p100_lam416",0.836771961121154,0.411419365401662,3,0.784944983361378,0.411419365401662
431,"B_p100_lam416",0.0459365699997875,0.172204463812303,2,0.697277229499523,0.405604033524443
432,"B_p100_lam416",0.610089338208467,0.607270599398122,2,0.758392718637344,0.757032361957022
433,"B_p100_lam416",0.998675965361898,0.802714965308846,2,0.751813024659903,0.956573546721383
434,"B_p100_lam416",0.264393003393167,0.456004178916634,2,0.668237858479859,0.659437722047769
435,"B_p100_lam416",0.306891130658029,0.936465819875858,2,0.629291767063431,0.311134056665701
436,"B_p100_lam416",0.0419595744872936,0.94853616503503,2,0.654915012732121,0.938901017563261
437,"B_p100_lam416",0.641563263729188,0.79945820076134,2,0.752267142120229,0.722671603049371
438,"B_p100_lam416",0.373290846647566,0.532479051821113,2,0.665813583425378,0.805881474937386
439,"B_p100_lam416",0.149814310388802,0.906721778659583,2,0.704216028590365,0.558359819264296
440,"B_p100_lam416",0.72651264685699,0.595247572894757,2,0.700581214571897,0.877933121264229
441,"B_p100_lam416",0.534577362524675,0.630347911854919,2,0.647909941901063,0.370098947368945
442,"B_p100_lam416",0.200208959745381,0.402497700663292,2,0.659626174990525,0.290290081753733
443,"B_p100_lam416",0.304762678785156,0.386018996403718,2,0.727755945805985,0.527919683949704
444,"B_p100_lam416",0.310971423764368,0.607486661913573,2,0.727157511610407,0.672892977468208
445,"B_p100_lam416",0.411476542213357,0.782174724142235,2,0.723971268116047,0.480087720959749
446,"B_p100_lam416",0.0879426081223905,0.241142487262691,2,0.700595608345594,0.361971742557182
447,"B_p100_lam416",0.0142812718869278,0.869791990898551,2,0.700075625167998,0.810598558829575
448,"B_p100_lam416",0.376520372608783,0.187090412424623,2,0.66427433860241,0.386794016480643
449,"B_p100_lam416",0.455677726351753,0.429679299036844,2,0.715842934107252,0.743043804862869
450,"B_p100_lam416",0.0110406886727767,0.521386373651434,2,0.731667442029435,0.411330653181922
451,"B_p100_lam416",0.212527870702497,0.85445662308803,2,0.506463462243768,0.950397402760884
452,"B_p100_lam416",0.245646901144278,0.485254609073402,2,0.752439149596408,0.513590566869309
453,"B_p100_lam416",0.308429470704024,0.882418256165845,2,0.629524638951231,0.187875631810755
454,"B_p100_lam416",0.231515242197514,0.169477009279776,2,0.679152571401262,0.0534052025563874
455,"B_p100_lam416",0.319583745097377,0.727811229405684,2,0.759778899912377,0.548994901804282
456,"B_p100_lam416",0.820892118925015,0.56879226504815,2,0.578878043022507,0.828024265774764
457,"B_p100_lam416",0.19492880700217,0.930505390473053,2,0.66429194973251,0.15230491505958
458,"B_p100_lam416",0.30839280638869,0.603212109541319,2,0.72363459269605,0.0630639787904727
459,"B_p100_lam416",0.971843466613001,0.526934782699739,2,0.673327514372422,0.848216321014082
460,"B_p100_lam416",0.331166100533927,0.377297353968045,2,0.726288532424439,0.67373498319469
461,"B_p100_lam416",0.673506831366531,0.303808794786388,2,0.665996301907014,0.662980461238256
462,"B_p100_lam416",0.967739406386188,0.562412217556573,2,0.66109967821521,0.874650482383246
463,"B_p100_lam416",0.443918708913254,0.851851363369821,2,0.644202463381523,0.880345162301102
464,"B_p100_lam416",0.924097531140203,0.442024266651231,2,0.668385751296218,0.793267944926697
465,"B_p100_lam416",0.791964329137844,0.903182208578588,2,0.674704402478341,0.825169243467041
466,"B_p100_lam416",0.129981071638446,0.112382275699325,2,0.730620866146125,0.371040522570274
467,"B_p100_lam416",0.356492198411313,0.47151366778816,2,0.658046539647854,0.329528889039694
468,"B_p100_lam416",0.595271097942125,0.839306624913284,2,0.676574652516765,0.911042511558609
469,"B_p100_lam416",0.825256485915136,0.874071763997387,3,0.783877664783694,0.874071763997387
470,"B_p100_lam416",0.934978681194255,0.76793156959628,3,0.777274673168356,0.76793156959628
471,"B_p100_lam416",0.734981558398442,0.638057369283791,2,0.65758251326531,0.911153708643179
472,"B_p100_lam416",0.289677445320571,0.568562184091726,2,0.624533878973796,0.767142140895699
473,"B_p100_lam416",0.750538376840499,0.817728655898425,2,0.683689945498524,0.717828452038762
474,"B_p100_lam416",0.24083226784705,0.860668526995688,2,0.672137761253611,0.490290906897918
475,"B_p100_lam416",0.334792987175742,0.273656776616377,2,0.64295310028266,0.207248069732468
476,"B_p100_lam416",0.467870328085596,0.563006696365289,3,0.783204791502235,0.563006696365289
477,"B_p100_lam416",0.0162016962083549,0.538605674295511,2,0.604456550228721,0.468499794489857
478,"B_p100_lam416",0.744488526132735,0.888432912691562,2,0.693058114616396,0.306079835140593
479,"B_p100_lam416",0.287514045084682,0.778790527280058,3,0.829003134910659,0.778790527280058
480,"B_p100_lam416",0.682853547001191,0.664501651114619,2,0.626989724056814,0.267406902569146
481,"B_p100_lam416",0.928983862180429,0.812985404386136,2,0.677500680944024,0.87563972443776
482,"B_p100_lam416",0.206935112269412,0.816124185181223,2,0.604505029475536,0.8853404255945
483,"B_p100_lam416",0.0216172324160052,0.191982398206973,3,0.765292951139755,0.191982398206973
484,"B_p100_lam416",0.858774582692712,0.96866103470272,2,0.714732160046642,0.634960484373977
485,"B_p100_lam416",0.827677531595462,0.827603941913719,2,0.711046342350866,0.470428082819042
486,"B_p100_lam416",0.313947381447263,0.585536685136184,2,0.623853280031773,0.676286915270118
487,"B_p100_lam416",0.279772515938794,0.992500854689209,2,0.710950764363525,0.999152654705221
488,"B_p100_lam416",0.555773923692487,0.974805455359598,2,0.603097521898015,0.549595599491611
489,"B_p100_lam416",0.0394939467702873,0.0121992597352486,3,0.789888742605915,0.0121992597352486
490,"B_p100_lam416",0.242943874809164,0.198943523653401,2,0.619662418989696,0.0582311929481729
491,"B_p100_lam416",0.684939332330165,0.285534864156646,2,0.678647656043855,0.515987741869407
492,"B_p100_lam416",0.5882257541275,0.910253300674251,2,0.734336556393371,0.526466068884622
493,"B_p100_lam416",0.654999983171843,0.972152095537431,2,0.668297396263197,0.644846655163919
494,"B_p100_lam416",0.674756395322064,0.97868958502336,2,0.689559039528239,0.860400135916074
495,"B_p100_lam416",0.857975033086352,0.116466999905924,2,0.673972104987701,0.390419950267886
496,"B_p100_lam416",0.421694996992283,0.289544903685868,2,0.661610772650886,0.10052676824379
497,"B_p100_lam416",0.279349671934999,0.900080539769444,2,0.669856957094411,0.89128316210845
498,"B_p100_lam416",0.536811287890842,0.852592654603927,2,0.689544772256378,0.445854883887318
499,"B_p100_lam416",0.905394649541072,0.462460181510842,2,0.547084465961627,0.694895369534782
500,"B_p100_lam416",0.722711737594762,0.133301777823624,2,0.704076677954953,0.266039739567359
1,"B_p100_lam1000",0.185584359031207,0.630074468520811,2,0.665657545026347,0.12544142828639
2,"B_p100_lam1000",0.788436502284904,0.448421150294081,2,0.699699179143008,0.801911949777661
3,"B_p100_lam1000",0.6156927213361,0.813065616601039,2,0.6847114809864,0.787985001420185
4,"B_p100_lam1000",0.816231562259076,0.5773322974302,2,0.653104467127636,0.865739825641543
5,"B_p100_lam1000",0.523309264770222,0.74072628708496,2,0.555108000514425,0.949020204523038
6,"B_p100_lam1000",0.344634525589391,0.834548064136552,2,0.727172563825246,0.920196850032776
7,"B_p100_lam1000",0.62754011017431,0.835838939673782,3,0.778938635008652,0.835838939673782
8,"B_p100_lam1000",0.520207539503052,0.528343567921228,2,0.647067676410035,0.491492672974696
9,"B_p100_lam1000",0.145105460039173,0.875910762469713,2,0.720782322747786,0.200604367670503
10,"B_p100_lam1000",0.945189569720119,0.443708089142858,2,0.615214461349847,0.800003260295883
11,"B_p100_lam1000",0.743570275382853,0.3836101704972,2,0.704190016720998,0.734916431902059
12,"B_p100_lam1000",0.281377727648946,0.463427671233395,2,0.745454789870131,0.809435188830839
13,"B_p100_lam1000",0.861371719426387,0.644396552862006,2,0.763000010434279,0.892068649162327
14,"B_p100_lam1000",0.946237522763259,0.417145090880494,2,0.709050226579585,0.662708521152397
15,"B_p100_lam1000",0.77431229318283,0.342829906887296,2,0.457121891479155,0.709607808653987
16,"B_p100_lam1000",0.434471990387282,0.708475458431835,2,0.630948183708822,0.922666013974484
17,"B_p100_lam1000",0.257562621241394,0.433637230190402,2,0.744134127892925,0.377874269066147
18,"B_p100_lam1000",0.709823566433896,0.440068126342897,2,0.742086585173788,0.453120562492558
19,"B_p100_lam1000",0.181501196248968,0.719611830155623,2,0.598138538192424,0.82201880926951
20,"B_p100_lam1000",0.176327466682429,0.144892672908566,2,0.661812093982381,0.298349531183322
21,"B_p100_lam1000",0.93738994261106,0.853416663256851,2,0.739774740639286,0.601399696456005
22,"B_p100_lam1000",0.935060467205854,0.523877384265159,3,0.779308988647961,0.523877384265159
23,"B_p100_lam1000",0.584948249908986,0.594642991338583,2,0.725527616507766,0.596989248970595
24,"B_p100_lam1000",0.141221869913301,0.392880058994697,2,0.761006318942132,0.277420035120044
25,"B_p100_lam1000",0.68707427759407,0.551286358328089,2,0.687794727266698,0.267965464257036
26,"B_p100_lam1000",0.388834407657378,0.875045557404576,2,0.572878101223652,0.93964150964295
27,"B_p100_lam1000",0.105756713191906,0.728859566929634,2,0.734636389601198,0.253125642204866
28,"B_p100_lam1000",0.899065227169404,0.794946637046892,2,0.62351004578444,0.947436159324177
29,"B_p100_lam1000",0.321352633131294,0.362091169519932,2,0.734450484148936,0.36252006906298
30,"B_p100_lam1000",0.325262052109776,0.795249906728644,2,0.645053409711525,0.268491954080891
31,"B_p100_lam1000",0.268773736405865,0.521768025393767,2,0.72077087508411,0.163713779866218
32,"B_p100_lam1000",0.125098463465159,0.378651729652469,2,0.577538553078621,0.0353877943555634
33,"B_p100_lam1000",0.575903053449984,0.0912673780640803,2,0.582573557104014,0.322295493247627
34,"B_p100_lam1000",0.714222858020459,0.20633891865586,2,0.678097885800251,0.194973728716071
35,"B_p100_lam1000",0.045489742245062,0.267169158453699,2,0.598085119674114,0.195771136062423
36,"B_p100_lam1000",0.441097805133998,0.453256737762911,2,0.733580672017329,0.345419857105009
37,"B_p100_lam1000",0.695936120892224,0.835775069782681,2,0.760115102543389,0.980489243197348
38,"B_p100_lam1000",0.648549948505434,0.65508936818855,2,0.669119226862065,0.644844215539023
39,"B_p100_lam1000",0.384962511509975,0.503841432210393,2,0.641585673971995,0.325018305667455
40,"B_p100_lam1000",0.263269162007045,0.699323490005547,2,0.748358075066729,0.750814889148992
41,"B_p100_lam1000",0.982832863231131,0.501979961313785,2,0.635691661619647,0.807453589592239
42,"B_p100_lam1000",0.660134376726996,0.129110562925142,2,0.650074076372676,0.378882926022683
43,"B_p100_lam1000",0.651553706904342,0.866406011129651,2,0.61297929749775,0.925906375154089
44,"B_p100_lam1000",0.825960846710529,0.456364052052227,3,0.774464128708316,0.456364052052227
45,"B_p100_lam1000",0.527011257577053,0.0527027139438958,2,0.746150646808486,0.130624156585376
46,"B_p100_lam1000",0.277566734989659,0.413996361488123,2,0.620021123664775,0.767905008892564
47,"B_p100_lam1000",0.231245059273475,0.480952174446912,2,0.668445621843856,0.575996800082243
48,"B_p100_lam1000",0.795627475245603,0.998434961624658,2,0.618772105717534,0.883886100594609
49,"B_p100_lam1000",0.598198250254624,0.97558933925455,2,0.537746265371445,0.998107972462003
50,"B_p100_lam1000",0.483657101647805,0.190756882695465,2,0.704618708545902,0.490221783743039
51,"B_p100_lam1000",0.629308046525838,0.11690457771758,2,0.671434597058385,0.295564107421474
52,"B_p100_lam1000",0.869612144383247,0.399006413993479,2,0.662289917430045,0.616076933091332
53,"B_p100_lam1000",0.135237467818326,0.772946633021789,2,0.727883329575416,0.252777255596671
54,"B_p100_lam1000",0.471410206476246,0.842152559475344,2,0.52716450386812,0.703090304721128
55,"B_p100_lam1000",0.0805447865806111,0.871418461476693,2,0.643186466186947,0.877891295481941
56,"B_p100_lam1000",0.339308579418849,0.155649878115608,2,0.754318357191731,0.142757384804551
57,"B_p100_lam1000",0.107875653164984,0.230326207922363,2,0.643209422439097,0.166623295328004
58,"B_p100_lam1000",0.590384920096568,0.634036767703675,2,0.603834980514361,0.845984343959094
59,"B_p100_lam1000",0.0328952184461793,0.338308867088773,3,0.775245067189465,0.338308867088773
60,"B_p100_lam1000",0.958313840237045,0.852247268384741,3,0.803416260725473,0.852247268384741
61,"B_p100_lam1000",0.0150551046211675,0.295083562583919,2,0.718840965680036,0.595824241617288
62,"B_p100_lam1000",0.0834245019610336,0.336003297408619,2,0.678932788538892,0.541284157682169
63,"B_p100_lam1000",0.2215150624761,0.545647223184412,2,0.738400148099398,0.19874922170806
64,"B_p100_lam1000",0.943799723558897,0.651763655124569,2,0.681175276451582,0.775787565929683
65,"B_p100_lam1000",0.129821879939491,0.534674699862391,2,0.665425454977677,0.861337105408961
66,"B_p100_lam1000",0.713284698568045,0.980404977336663,2,0.604682150141889,0.471746225631032
67,"B_p100_lam1000",0.543455974358231,0.124332975226107,2,0.693867073044726,0.232430794475985
68,"B_p100_lam1000",0.704718644484785,0.766276515714452,2,0.728940381769813,0.676009953049091
69,"B_p100_lam1000",0.654115678857617,0.544083816567079,2,0.665631505101455,0.805219086666697
70,"B_p100_lam1000",0.773417279962675,0.423264409563974,3,0.786585122755859,0.423264409563974
71,"B_p100_lam1000",0.382111039263595,0.62315545290905,2,0.665354517438821,0.0666716435363743
72,"B_p100_lam1000",0.594093846331895,0.621518381115193,2,0.665328697467704,0.288019890310854
73,"B_p100_lam1000",0.221565638164253,0.294241684745445,2,0.721364641043295,0.116231232106766
74,"B_p100_lam1000",0.217692974691685,0.732501784468128,2,0.713759370833984,0.949018473425031
75,"B_p100_lam1000",0.594855919367731,0.335256066897134,2,0.764639939333675,0.125508719813764
76,"B_p100_lam1000",0.665039373650795,0.944740971008282,2,0.588648750998684,0.307381580933924
77,"B_p100_lam1000",0.309881527756954,0.290990528437887,2,0.717682949041799,0.466933808863214
78,"B_p100_lam1000",0.932119101512662,0.261497537641806,2,0.742512014537374,0.589366517185143
79,"B_p100_lam1000",0.0204068597985105,0.0647458026645285,3,0.778890435858234,0.0647458026645285
80,"B_p100_lam1000",0.614204482421038,0.363329474361834,2,0.726313582553088,0.150651592895302
81,"B_p100_lam1000",0.73058516659189,0.956149179568296,2,0.694255267599476,0.989531998279496
82,"B_p100_lam1000",0.586138712145778,0.592613786667249,2,0.668219276836549,0.169481257388111
83,"B_p100_lam1000",0.19561949763902,0.472511312047982,2,0.674962746350427,0.237088575079915
84,"B_p100_lam1000",0.530529051778059,0.54928115581798,2,0.67444854175658,0.76255839388756
85,"B_p100_lam1000",0.583989714318694,0.067605503162123,2,0.691238371175896,0.253495801685923
86,"B_p100_lam1000",0.154248421615614,0.0967563974955654,2,0.685616673070226,0.32444418889447
87,"B_p100_lam1000",0.900815963883661,0.759733994760976,3,0.767990844368636,0.759733994760976
88,"B_p100_lam1000",0.0853242020316018,0.315124013093823,3,0.771859397607474,0.315124013093823
89,"B_p100_lam1000",0.243956494691645,0.786777214441059,2,0.59463413597927,0.901329587579346
90,"B_p100_lam1000",0.300416314467661,0.827201633602277,2,0.675326694672983,0.764983466453484
91,"B_p100_lam1000",0.672504032233728,0.418525621724431,2,0.7029784616841,0.730071355932518
92,"B_p100_lam1000",0.392684162025696,0.350709070164074,2,0.64272257487386,0.697859120823765
93,"B_p100_lam1000",0.451664110674275,0.0922964345467983,2,0.701255430626662,0.18585637455908
94,"B_p100_lam1000",0.352632245108106,0.105611369862854,2,0.730829579447845,0.138559977212989
95,"B_p100_lam1000",0.862755328285036,0.738508708558407,2,0.729840013011395,0.95488429780191
96,"B_p100_lam1000",0.265611302514808,0.0519292496369766,2,0.578034032619257,0.0772346546549877
97,"B_p100_lam1000",0.403809220320919,0.343927227090389,3,0.790162677556746,0.343927227090389
98,"B_p100_lam1000",0.382470514240173,0.0650392580867376,3,0.820145901929373,0.0650392580867376
99,"B_p100_lam1000",0.452337511885066,0.638286681785874,2,0.754425279137253,0.606572908497096
100,"B_p100_lam1000",0.618800449993193,0.522376948343161,2,0.715007887640627,0.332074733525814
101,"B_p100_lam1000",0.72433831617594,0.129015965558601,2,0.713548060097827,0.416568466394694
102,"B_p100_lam1000",0.763737910084705,0.138293847231746,2,0.757924836786651,0.397987877837481
103,"B_p100_lam1000",0.0670326673992713,0.962791042613089,2,0.746112367959066,0.0238368425314013
104,"B_p100_lam1000",0.273596179987822,0.907204568842324,2,0.6747941225689,0.778709195588405
105,"B_p100_lam1000",0.0868703646333486,0.384772026196059,2,0.652358989717884,0.403486051890688
106,"B_p100_lam1000",0.700122055419806,0.217227220888326,2,0.672836416403347,0.519008366020394
107,"B_p100_lam1000",0.0674080798594515,0.0145599677455142,2,0.634847148135172,0.0260117164352209
108,"B_p100_lam1000",0.227747304379089,0.171527351673515,2,0.68625573232912,0.196527504108582
109,"B_p100_lam1000",0.611309586282831,0.860230056305695,2,0.694688272675346,0.967740460177936
110,"B_p100_lam1000",0.9381495084037,0.553383176405542,2,0.696013436307433,0.786825439058896
111,"B_p100_lam1000",0.84546938017418,0.106983490774881,2,0.671185121227457,0.324015382545851
112,"B_p100_lam1000",0.881579720039558,0.53334058668998,2,0.70677688233031,0.451467217296213
113,"B_p100_lam1000",0.405142000828101,0.450245006813781,2,0.719571817209931,0.204350818068142
114,"B_p100_lam1000",0.306991932909673,0.817998892092191,2,0.686471850269113,0.336969928170066
115,"B_p100_lam1000",0.0384037793882108,0.0977861268945055,2,0.746955637640446,0.0367112295868627
116,"B_p100_lam1000",0.3347220888165,0.823099501614884,2,0.605730815041676,0.938136478047987
117,"B_p100_lam1000",0.0997442784880253,0.868706348002977,2,0.757687513583926,0.86764064821946
118,"B_p100_lam1000",0.726041576541888,0.864159196225261,2,0.64933735321767,0.838813954771314
119,"B_p100_lam1000",0.946601682413957,0.644098403155056,2,0.709226905476143,0.904289911285403
120,"B_p100_lam1000",0.211116974794544,0.79133198568733,2,0.71929097241303,0.141725035340554
121,"B_p100_lam1000",0.827694271687519,0.945250369968561,3,0.772317106997964,0.945250369968561
122,"B_p100_lam1000",0.114104411943195,0.0489094242502528,2,0.679240512421882,0.187083113642419
123,"B_p100_lam1000",0.340787891330086,0.505598403044806,2,0.682612435426492,0.813980649380051
124,"B_p100_lam1000",0.788662431511982,0.332151719468506,3,0.813094084129121,0.332151719468506
125,"B_p100_lam1000",0.0249518425266348,0.746826693673107,2,0.698726004783016,0.0321121978579688
126,"B_p100_lam1000",0.00431868200442787,0.256258053851045,2,0.701035561141101,0.492160111804883
127,"B_p100_lam1000",0.0826683002686458,0.824568833074819,2,0.670880743665227,0.733854832013172
128,"B_p100_lam1000",0.194570991642157,0.878328124038685,2,0.716059766601257,0.324068799075078
129,"B_p100_lam1000",0.944614666489222,0.83414005637753,2,0.618528866276202,0.972658298641038
130,"B_p100_lam1000",0.350962148108374,0.36546932184294,2,0.741792188649853,0.550905920644128
131,"B_p100_lam1000",0.183125472815189,0.121628018242073,2,0.7610690635219,0.0905978809476324
132,"B_p100_lam1000",0.618585770920248,0.587951753629934,2,0.624215369947211,0.395913105990647
133,"B_p100_lam1000",0.0855261284572291,0.177793391170115,2,0.515770582675329,0.105206677112327
134,"B_p100_lam1000",0.808847740727524,0.961405774509977,3,0.788171039162981,0.961405774509977
135,"B_p100_lam1000",0.438135315167246,0.142603996557865,2,0.763839191537532,0.37463621003681
136,"B_p100_lam1000",0.684492242204986,0.75507456149638,2,0.724790876055227,0.342163976468884
137,"B_p100_lam1000",0.399259725622423,0.604960778872136,2,0.677595612770974,0.89254142684458
138,"B_p100_lam1000",0.326347265811066,0.178943551872129,2,0.7061508120818,0.464685006392802
139,"B_p100_lam1000",0.810595687723735,0.73892904502851,2,0.695226817257779,0.518205627135709
140,"B_p100_lam1000",0.0949159131420245,0.855744631557409,2,0.642131825437081,0.504685456686089
141,"B_p100_lam1000",0.486899544553311,0.948202432632579,2,0.69297756170994,0.992649641187452
142,"B_p100_lam1000",0.224893850057888,0.264862352200994,2,0.584165762483798,0.131292890442279
143,"B_p100_lam1000",0.489653857645895,0.206997351922402,2,0.727930095410217,0.435971316681293
144,"B_p100_lam1000",0.813715030168515,0.544305484316319,3,0.786641428651047,0.544305484316319
145,"B_p100_lam1000",0.959867681873667,0.648674332431749,3,0.764994020414175,0.648674332431749
146,"B_p100_lam1000",0.0270112583440809,0.42365164326722,2,0.722343115601399,0.056615898810272
147,"B_p100_lam1000",0.0482512127811079,0.2678468210312,2,0.659516540293611,0.185137357183111
148,"B_p100_lam1000",0.26822060087351,0.837560518097146,2,0.616597841223015,0.745609176640319
149,"B_p100_lam1000",0.469124808542912,0.769392728088948,2,0.746987807388848,0.545278235873338
150,"B_p100_lam1000",0.619790365244025,0.674063707959288,2,0.71201247775967,0.77861795787667
151,"B_p100_lam1000",0.923236373333831,0.58753496290763,2,0.59594825920163,0.728390455994812
152,"B_p100_lam1000",0.250210475370704,0.595933717880964,2,0.710017478656513,0.591421633321591
153,"B_p100_lam1000",0.128782784420848,0.917625733948943,3,0.774305333792519,0.917625733948943
154,"B_p100_lam1000",0.187427949829345,0.495860268289337,3,0.794270994242697,0.495860268289337
155,"B_p100_lam1000",0.992373069390818,0.483772570374926,2,0.535939765912028,0.815850557626163
156,"B_p100_lam1000",0.292547354027445,0.0368117091518685,3,0.804421626034015,0.0368117091518685
157,"B_p100_lam1000",0.383156165737371,0.779906666374904,2,0.692083639231766,0.432419800219619
158,"B_p100_lam1000",0.406396626523485,0.936579667990049,2,0.713440957788463,0.794574845792336
159,"B_p100_lam1000",0.0917713188952407,0.648630611337226,3,0.849479884267018,0.648630611337226
160,"B_p100_lam1000",0.895919722819651,0.398093920822109,2,0.674103181976183,0.752573094248871
161,"B_p100_lam1000",0.282069718530104,0.27255168811704,2,0.686569642647878,0.120396498235146
162,"B_p100_lam1000",0.514084274771997,0.524690708361413,2,0.675969311932762,0.85621050549974
163,"B_p100_lam1000",0.326725148324856,0.692416656490161,2,0.643212267758526,0.387468278152718
164,"B_p100_lam1000",0.075511754736212,0.7708368709972,2,0.758594363979711,0.0676839340724193
165,"B_p100_lam1000",0.665198249203203,0.808097043201554,2,0.725904348710985,0.62230023355751
166,"B_p100_lam1000",0.944061610878205,0.613324315217136,2,0.723812163499281,0.845548436704294
167,"B_p100_lam1000",0.90480456256451,0.292208889224974,2,0.703935352418147,0.575562769411791
168,"B_p100_lam1000",0.617408141265603,0.613453805077469,2,0.678713042522166,0.708467412094365
169,"B_p100_lam1000",0.107833172128803,0.147660587828382,2,0.737885679113174,0.0434874747343439
170,"B_p100_lam1000",0.257256805618611,0.431966649604804,2,0.717212336044216,0.132523309838101
171,"B_p100_lam1000",0.310216775306192,0.544098212430347,2,0.666461351272438,0.253724429593675
172,"B_p100_lam1000",0.232098517920403,0.584468208490922,2,0.64589367465841,0.452872999305258
173,"B_p100_lam1000",0.618514833362548,0.774682928761474,2,0.58444983485184,0.284763521458195
174,"B_p100_lam1000",0.860990967963015,0.821137566530833,3,0.787181042488253,0.821137566530833
175,"B_p100_lam1000",0.161196107415019,0.643853430867561,2,0.679429967784123,0.577402231133127
176,"B_p100_lam1000",0.944545897617066,0.387089686364406,2,0.749698532493265,0.747925528361664
177,"B_p100_lam1000",0.24041816019649,0.590237798252901,2,0.689789295770536,0.755708454144209
178,"B_p100_lam1000",0.0996389266294284,0.869168711619186,3,0.830543344070436,0.869168711619186
179,"B_p100_lam1000",0.427570835849206,0.495674787275846,2,0.520009110064272,0.323491353948887
180,"B_p100_lam1000",0.459410000294326,0.536923426241061,2,0.655886194271039,0.166930481382694
181,"B_p100_lam1000",0.054708557312414,0.584058085189402,2,0.753957290190108,0.828493056202913
182,"B_p100_lam1000",0.431836860998631,0.420776410567951,2,0.502456743293986,0.704354774587747
183,"B_p100_lam1000",0.977231362946563,0.813481061777812,3,0.818860943055146,0.813481061777812
184,"B_p100_lam1000",0.598891980589891,0.89072701591573,2,0.726792452564865,0.981095851560779
185,"B_p100_lam1000",0.612825487571988,0.633770081491739,2,0.702483579492489,0.810201137951838
186,"B_p100_lam1000",0.597767440876724,0.619942759523954,2,0.726891746299327,0.255919912938085
187,"B_p100_lam1000",0.914784285900203,0.35340410250107,2,0.74845837105045,0.551299137822282
188,"B_p100_lam1000",0.484645233130271,0.609465725532035,2,0.516765492709268,0.862509104200029
189,"B_p100_lam1000",0.283602572553238,0.303362298994209,3,0.818795601773989,0.303362298994209
190,"B_p100_lam1000",0.872131965856357,0.362841802336557,2,0.746744976912774,0.446272838528994
191,"B_p100_lam1000",0.590181129915509,0.423794476413264,2,0.691483759986133,0.381059660845167
192,"B_p100_lam1000",0.994438067894991,0.869486723740584,2,0.650790282805337,0.832355747804205
193,"B_p100_lam1000",0.108513781948114,0.608625972067591,2,0.635702579016733,0.710766977242484
194,"B_p100_lam1000",0.18331618030548,0.230641824570606,3,0.773755937260669,0.230641824570606
195,"B_p100_lam1000",0.892780004991973,0.466695054929763,2,0.594572374731101,0.535926472548044
196,"B_p100_lam1000",0.141562409788949,0.529097594182259,2,0.679253916390019,0.0987682291453086
197,"B_p100_lam1000",0.194631305940739,0.832813406925137,2,0.710129703767168,0.791112728376711
198,"B_p100_lam1000",0.212474433212287,0.552600725690007,2,0.632137276776764,0.412114902569042
199,"B_p100_lam1000",0.312878504222356,0.975120547446972,2,0.744926927232357,0.991138399345623
200,"B_p100_lam1000",0.894304851118926,0.927252960641345,3,0.806828713561918,0.927252960641345
201,"B_p100_lam1000",0.358841505121912,0.389214416325613,2,0.606354425527468,0.702061133733275
202,"B_p100_lam1000",0.431611495156818,0.856823082051077,2,0.735104499660324,0.257130309076971
203,"B_p100_lam1000",0.502859068568361,0.0165614710667332,2,0.738558138829976,0.101143231092004
204,"B_p100_lam1000",0.194832357112914,0.0793315125069571,2,0.638375778832974,0.192166515679435
205,"B_p100_lam1000",0.996780118484593,0.83648835177798,3,0.769687578620701,0.83648835177798
206,"B_p100_lam1000",0.310145016519259,0.75719548894591,2,0.659227375971623,0.920210546399778
207,"B_p100_lam1000",0.573277675797582,0.0787297921452802,2,0.611547651541968,0.213657547806968
208,"B_p100_lam1000",0.933972111722175,0.932737720558731,2,0.723050508085702,0.90638644633604
209,"B_p100_lam1000",0.779681001484123,0.383734078951844,2,0.671964714435118,0.284040979096965
210,"B_p100_lam1000",0.122879361838428,0.408207594887248,2,0.617024678030637,0.755238934338812
211,"B_p100_lam1000",0.605779822606246,0.241786668762153,2,0.683319550809336,0.477405782587727
212,"B_p100_lam1000",0.531741438576877,0.986854597470736,3,0.779259131630193,0.986854597470736
213,"B_p100_lam1000",0.563547895048769,0.502421431182382,2,0.713001671446914,0.812597494378217
214,"B_p100_lam1000",0.450720125182271,0.0851002668844597,2,0.729022380771039,0.265775701458519
215,"B_p100_lam1000",0.953613568444059,0.495431087032711,2,0.677213523439963,0.831706230328313
216,"B_p100_lam1000",0.519665231949106,0.996626596114325,2,0.682292044543178,0.552031337783907
217,"B_p100_lam1000",0.42886187475475,0.197558711961445,2,0.658792433210107,0.330642621267676
218,"B_p100_lam1000",0.538256674288495,0.912875393977947,2,0.666752275726227,0.507775707631751
219,"B_p100_lam1000",0.192810975711209,0.0299661141175724,2,0.706117677880729,0.0274951683041628
220,"B_p100_lam1000",0.88583594821797,0.697349732311117,2,0.645260790467301,0.906191343957107
221,"B_p100_lam1000",0.491771195373141,0.205879304799174,2,0.718517780079354,0.344659480452517
222,"B_p100_lam1000",0.578216400546194,0.552803124555128,2,0.602230866159969,0.541188389324911
223,"B_p100_lam1000",0.890992023179242,0.780523975017602,2,0.649683336801386,0.552365680715552
224,"B_p100_lam1000",0.605677534106669,0.492835944553092,3,0.770397314825919,0.492835944553092
225,"B_p100_lam1000",0.352831962757612,0.534057427205444,2,0.603573566734589,0.71359912336121
226,"B_p100_lam1000",0.480317826736006,0.929069661459177,2,0.710927003619003,0.666870038926437
227,"B_p100_lam1000",0.829403623463129,0.791540014044557,2,0.748368255123782,0.717125293452938
228,"B_p100_lam1000",0.865376714487076,0.116708540716707,2,0.748829729570504,0.365549440205412
229,"B_p100_lam1000",0.206251926937031,0.190347626330627,2,0.630646469307447,0.113381920443939
230,"B_p100_lam1000",0.926490621504373,0.982080419898163,2,0.662317793396096,0.979767243265421
231,"B_p100_lam1000",0.132768804951505,0.419207939040857,2,0.641560498044183,0.590446521440749
232,"B_p100_lam1000",0.144011415007981,0.882280431482792,2,0.688994991489191,0.360733457110332
233,"B_p100_lam1000",0.478340388678766,0.225189902532239,2,0.719297782189686,0.561432296044468
234,"B_p100_lam1000",0.115576910941637,0.126151625075187,2,0.662317312781514,0.147901737557288
235,"B_p100_lam1000",0.382451873073075,0.53140615631626,2,0.659175935849506,0.861863724515542
236,"B_p100_lam1000",0.938645471218035,0.385182859359333,2,0.624808636240602,0.732161179175068
237,"B_p100_lam1000",0.642910546908263,0.636466798746426,2,0.616601679058716,0.917613853395718
238,"B_p100_lam1000",0.998549804044646,0.604282785301167,2,0.74423573040157,0.871955036601012
239,"B_p100_lam1000",0.987268282418124,0.836816850503347,2,0.693922743985355,0.974384126963497
240,"B_p100_lam1000",0.502425987688672,0.846189808899823,2,0.705781125373636,0.73645790558147
241,"B_p100_lam1000",0.41698896397558,0.231014246881548,2,0.617838240705477,0.441019134926771
242,"B_p100_lam1000",0.34380574892786,0.277862215114012,2,0.638250559761395,0.112068716827074
243,"B_p100_lam1000",0.878550487888922,0.982114675476929,2,0.543774879033601,0.680308128167936
244,"B_p100_lam1000",0.426341902313348,0.784905557288117,2,0.710802319361427,0.932622791635507
245,"B_p100_lam1000",0.448022110957402,0.772862640381184,2,0.76160550455567,0.378149700100246
246,"B_p100_lam1000",0.895510243399673,0.495652563838953,2,0.556948438329028,0.537242141889059
247,"B_p100_lam1000",0.933620646689381,0.694563871663724,2,0.682252208681077,0.939729058282317
248,"B_p100_lam1000",0.440443020151313,0.316366671588154,2,0.527484055204966,0.464849376643736
249,"B_p100_lam1000",0.905898440869707,0.97923228120551,3,0.791759526523307,0.97923228120551
250,"B_p100_lam1000",0.644080391395225,0.738856614974197,2,0.749917154432866,0.638662176703761
251,"B_p100_lam1000",0.468983609601989,0.0360100371619732,2,0.634500913870516,0.179608719407558
252,"B_p100_lam1000",0.881338958932515,0.453051724720739,2,0.608411091377301,0.67363466310027
253,"B_p100_lam1000",0.0581052533525959,0.0567760694062045,2,0.629441605439951,0.0341535909611319
254,"B_p100_lam1000",0.137287123476386,0.111805742469862,3,0.837287218588056,0.111805742469862
255,"B_p100_lam1000",0.189978147132192,0.162266136916354,2,0.663167317919565,0.44241199312322
256,"B_p100_lam1000",0.674704179826752,0.915972285287354,3,0.775431927953986,0.915972285287354
257,"B_p100_lam1000",0.107878384682873,0.623405917334459,2,0.69565231762289,0.91324132545319
258,"B_p100_lam1000",0.97010291676072,0.43278779173972,2,0.736343449791857,0.635787235237723
259,"B_p100_lam1000",0.529769068385127,0.0936012345188754,2,0.649012612359037,0.330398203476768
260,"B_p100_lam1000",0.47003623274131,0.754682695558493,2,0.681115412813465,0.112570492060833
261,"B_p100_lam1000",0.72332914863057,0.777351719489135,2,0.567734685744795,0.772449748044174
262,"B_p100_lam1000",0.691225167135526,0.999995311289049,2,0.748842142572153,0.420526354396459
263,"B_p100_lam1000",0.201371090494129,0.290877340192331,2,0.62430520333866,0.323148748547179
264,"B_p100_lam1000",0.182047460949461,0.335807668174689,2,0.731905534131653,0.601436319247384
265,"B_p100_lam1000",0.834868586629669,0.53461713364561,2,0.715749274478672,0.759341593951932
266,"B_p100_lam1000",0.142307147654539,0.453213212401961,3,0.770832457838513,0.453213212401961
267,"B_p100_lam1000",0.756871417499649,0.861953623867694,2,0.764670107021252,0.365110979586578
268,"B_p100_lam1000",0.422932145327849,0.312327858143671,2,0.704810428749136,0.670612731929877
269,"B_p100_lam1000",0.205156873380377,0.683679439973304,3,0.807333516871331,0.683679439973304
270,"B_p100_lam1000",0.663623828966061,0.484178898457319,2,0.667321353188957,0.697255856222631
271,"B_p100_lam1000",0.844823397550759,0.804227314277146,2,0.680208268235147,0.968779859001148
272,"B_p100_lam1000",0.383064515023104,0.586400424880623,2,0.578380977160504,0.861651305082684
273,"B_p100_lam1000",0.603194907837396,0.176901245268138,2,0.716181551202186,0.428859343583192
274,"B_p100_lam1000",0.114171251093464,0.13366872155583,3,0.780772157267074,0.13366872155583
275,"B_p100_lam1000",0.650393080218509,0.766481232477622,2,0.727194036506065,0.759075142875125
276,"B_p100_lam1000",0.754008604653003,0.725465028377269,2,0.706476457140956,0.416414733486087
277,"B_p100_lam1000",0.151505258225361,0.388926177085355,2,0.604679047892399,0.497276779261733
278,"B_p100_lam1000",0.99383757552226,0.539505895397756,2,0.608822541034004,0.860078866728881
279,"B_p100_lam1000",0.542862055644857,0.972756780852198,2,0.657888342996542,0.91676949755597
280,"B_p100_lam1000",0.0355472249011337,0.32654471684677,2,0.592562609919413,0.675978071606197
281,"B_p100_lam1000",0.913801505985455,0.406653968108906,3,0.779726116414297,0.406653968108906
282,"B_p100_lam1000",0.263280462453048,0.363219053243907,2,0.652066207380276,0.0265960533931552
283,"B_p100_lam1000",0.923665798069242,0.872877353609728,2,0.579556740042541,0.848872673195004
284,"B_p100_lam1000",0.439652736174003,0.575888543004029,2,0.69870682183533,0.789168805284684
285,"B_p100_lam1000",0.146478363349902,0.994039197173717,2,0.754293455631901,0.853514118944716
286,"B_p100_lam1000",0.612792151607573,0.119204242701347,2,0.631186363584021,0.353608876926921
287,"B_p100_lam1000",0.264462138184842,0.821754960345971,2,0.651624186844005,0.848211336616903
288,"B_p100_lam1000",0.00284036593963954,0.948412096426003,2,0.692180472864964,0.912256451703543
289,"B_p100_lam1000",0.0514686510827291,0.944198729900428,3,0.767891112710365,0.944198729900428
290,"B_p100_lam1000",0.102051522198217,0.037144777989578,2,0.763430024191297,0.14677868352794
291,"B_p100_lam1000",0.939330056768127,0.214775366389305,2,0.590141346707041,0.447365425335331
292,"B_p100_lam1000",0.697682660984762,0.280541928926095,2,0.652938519148832,0.382635257392445
293,"B_p100_lam1000",0.944315866064023,0.789031815237824,3,0.796709815639597,0.789031815237824
294,"B_p100_lam1000",0.495748426287474,0.314901429696581,2,0.52329347892886,0.398998282781449
295,"B_p100_lam1000",0.18072906092974,0.0894365135521837,2,0.721195051049672,0.110581613672173
296,"B_p100_lam1000",0.13754659297033,0.309631672396395,2,0.737428313945629,0.0374055098704515
297,"B_p100_lam1000",0.862159182056928,0.49666752791295,2,0.638006771126915,0.642586915646933
298,"B_p100_lam1000",0.480171531239129,0.921946088909848,2,0.729978883704216,0.623712764112088
299,"B_p100_lam1000",0.428918521059614,0.321091118538288,2,0.579604946935333,0.675256549285149
300,"B_p100_lam1000",0.344437075184528,0.592932964168883,3,0.775023418524967,0.592932964168883
301,"B_p100_lam1000",0.79113144385384,0.87607491391534,2,0.640438793301635,0.845000896843475
302,"B_p100_lam1000",0.893986142110561,0.528153867473233,2,0.663011577131122,0.826398675366026
303,"B_p100_lam1000",0.39405252293753,0.28150926393368,2,0.540379885971411,0.488234718678787
304,"B_p100_lam1000",0.966716748123777,0.678045077357097,2,0.707681592625884,0.631777870625477
305,"B_p100_lam1000",0.43579751258567,0.614654500268837,2,0.670110130021741,0.756243728568661
306,"B_p100_lam1000",0.800676412084808,0.52845072992261,2,0.74090542508462,0.511940136032955
307,"B_p100_lam1000",0.29556798801905,0.746899837195894,2,0.74470941435236,0.463607186476751
308,"B_p100_lam1000",0.829028172320593,0.806023862568085,2,0.6809204440487,0.614030526504206
309,"B_p100_lam1000",0.862088038771301,0.403830864920144,2,0.679256178046248,0.758065139336383
310,"B_p100_lam1000",0.187245833426724,0.978019649548634,2,0.710612428547205,0.390152083380975
311,"B_p100_lam1000",0.304501221323307,0.669696080972942,2,0.664831129759623,0.842459044091665
312,"B_p100_lam1000",0.987734123220125,0.433712078071273,2,0.568148320852543,0.785643578814878
313,"B_p100_lam1000",0.219850054636346,0.18503868278025,2,0.602743121513797,0.480130307061547
314,"B_p100_lam1000",0.627294222683258,0.412647698662913,2,0.669468054989246,0.439129612582507
315,"B_p100_lam1000",0.384403121978421,0.725027208318476,3,0.810098108099723,0.725027208318476
316,"B_p100_lam1000",0.239051656428952,0.824587697769882,2,0.593301198907187,0.436128350804881
317,"B_p100_lam1000",0.131921842877408,0.0144633822690871,2,0.733491400377189,0.0665824033999077
318,"B_p100_lam1000",0.648845579763003,0.695411140434176,3,0.773707899561222,0.695411140434176
319,"B_p100_lam1000",0.118778204671304,0.212422429259596,2,0.575195752616403,0.154128563244409
320,"B_p100_lam1000",0.58736149032086,0.86371787338067,2,0.68057194219295,0.961601994923723
321,"B_p100_lam1000",0.696212168524744,0.611570029333826,2,0.664725851347371,0.900039203403493
322,"B_p100_lam1000",0.968564144854678,0.518253794215041,2,0.707074092487824,0.645268170736662
323,"B_p100_lam1000",0.183867161895312,0.619896178157185,2,0.670505070510138,0.884355727723172
324,"B_p100_lam1000",0.32436805576375,0.1424073695488,2,0.631161872720002,0.431317418401508
325,"B_p100_lam1000",0.177504602452811,0.82703226285881,2,0.728749748286316,0.30019497376049
326,"B_p100_lam1000",0.579131220023726,0.503361494373649,3,0.800632451997543,0.503361494373649
327,"B_p100_lam1000",0.845222176359534,0.887950210602516,2,0.62629946404079,0.969922808096168
328,"B_p100_lam1000",0.28332750875828,0.730218748084729,2,0.749869665285759,0.947603164949514
329,"B_p100_lam1000",0.879890858126295,0.669835775873397,3,0.772921610898913,0.669835775873397
330,"B_p100_lam1000",0.880683734927879,0.2804239325112,2,0.683181088248095,0.587288330917619
331,"B_p100_lam1000",0.0336315829599095,0.33238695208319,2,0.589277242128811,0.436836795896833
332,"B_p100_lam1000",0.268449869376254,0.211313543658769,3,0.823631902406594,0.211313543658769
333,"B_p100_lam1000",0.686239070014993,0.737447072564213,3,0.792093838521795,0.737447072564213
334,"B_p100_lam1000",0.663020346119373,0.0763648822506345,2,0.668050122323639,0.249826189749919
335,"B_p100_lam1000",0.806741207548547,0.344237408074481,3,0.789848592972233,0.344237408074481
336,"B_p100_lam1000",0.68112517633672,0.342933799391253,2,0.484528431204247,0.615807955622743
337,"B_p100_lam1000",0.182814879707909,0.74849978767936,2,0.758854697657275,0.197397075348655
338,"B_p100_lam1000",0.931267180455796,0.333503078216743,2,0.741462263026921,0.686342090240259
339,"B_p100_lam1000",0.521561206693062,0.391328852345585,3,0.795788247560219,0.391328852345585
340,"B_p100_lam1000",0.0906522342793538,0.0536654460590654,2,0.72831041912859,0.150975464343007
341,"B_p100_lam1000",0.11735761048608,0.902215448515205,2,0.74013465506212,0.023536565301664
342,"B_p100_lam1000",0.764220447048098,0.488840522817961,2,0.714705985114179,0.793107055885944
343,"B_p100_lam1000",0.527175912043932,0.305622813481759,2,0.746146405311699,0.218916315657987
344,"B_p100_lam1000",0.242680904877215,0.0933715028642291,2,0.628446663733306,0.0998861967800347
345,"B_p100_lam1000",0.127851437521165,0.105414913167742,3,0.810610615843998,0.105414913167742
346,"B_p100_lam1000",0.564337864209475,0.976490830958917,2,0.729574041873932,0.971275605228405
347,"B_p100_lam1000",0.0618705065554668,0.0246659551431071,3,0.769151481544881,0.0246659551431071
348,"B_p100_lam1000",0.658532976265804,0.795127463202157,2,0.717610598336006,0.333856930408355
349,"B_p100_lam1000",0.319460908584641,0.267430142453233,2,0.621199734427679,0.198689386126645
350,"B_p100_lam1000",0.0322974943787636,0.735725662846128,2,0.644581574426004,0.772084897648496
351,"B_p100_lam1000",0.690330304469033,0.799161097335923,2,0.557351099450128,0.59921040594006
352,"B_p100_lam1000",0.280160521294539,0.0886240316917282,2,0.648694962557727,0.267618430232985
353,"B_p100_lam1000",0.51931204153397,0.0460361771422046,2,0.649535920633494,0.212984307582985
354,"B_p100_lam1000",0.0443155445994412,0.378185495650021,2,0.72759783016474,0.0248956634780664
355,"B_p100_lam1000",0.678612029847415,0.359633643489235,3,0.771233556683044,0.359633643489235
356,"B_p100_lam1000",0.681739853349717,0.884951874077378,2,0.689149559406346,0.615389157407156
357,"B_p100_lam1000",0.73723581578136,0.672823341655163,2,0.617059328272123,0.206694338966889
358,"B_p100_lam1000",0.6404465857323,0.143545997013586,3,0.796633507346942,0.143545997013586
359,"B_p100_lam1000",0.194309505726543,0.993584301094298,2,0.671886734624879,0.366248986864369
360,"B_p100_lam1000",0.979706734473596,0.656581047751861,2,0.713777344697675,0.878964302919002
361,"B_p100_lam1000",0.348737768122566,0.859448596124629,3,0.77724576085609,0.859448596124629
362,"B_p100_lam1000",0.854302272289298,0.355146050651369,2,0.621137719020347,0.718015873605165
363,"B_p100_lam1000",0.66795721406542,0.330812745687174,2,0.721365186074246,0.242259644971648
364,"B_p100_lam1000",0.0173896643885043,0.0762067527465276,2,0.73191039022784,0.0501621097400236
365,"B_p100_lam1000",0.708366046876375,0.40764902196123,2,0.572655719397549,0.530097558438344
366,"B_p100_lam1000",0.192194840433633,0.0208413182181649,2,0.732981640910294,0.108500189035588
367,"B_p100_lam1000",0.428569365774149,0.847655549031573,2,0.724583525730131,0.982332150442996
368,"B_p100_lam1000",0.455998771296016,0.558291847324124,2,0.712354484139538,0.233262803105619
369,"B_p100_lam1000",0.413005321462196,0.984723483167857,2,0.728416704797651,0.99899983061753
370,"B_p100_lam1000",0.311906998662796,0.21680315411228,2,0.705504344741842,0.406497744500594
371,"B_p100_lam1000",0.123203386085376,0.96851144425121,2,0.593102600180051,0.0535278184353084
372,"B_p100_lam1000",0.11369828768428,0.857843601993257,3,0.77489663978707,0.857843601993257
373,"B_p100_lam1000",0.0554140919049038,0.0668809759323993,2,0.643804463683763,0.0188969214064749
374,"B_p100_lam1000",0.662405678196207,0.33521643198292,3,0.795874957364579,0.33521643198292
375,"B_p100_lam1000",0.49891355608705,0.110221062143669,2,0.676971826492585,0.0806832766806207
376,"B_p100_lam1000",0.359330796271459,0.568860791982028,2,0.607538506866967,0.307514868144671
377,"B_p100_lam1000",0.596702674735562,0.0770857156225222,2,0.723787348580185,0.213246933713672
378,"B_p100_lam1000",0.0867746230464359,0.944124098243885,2,0.701295247746838,0.0242559025188451
379,"B_p100_lam1000",0.215620092899645,0.982971376341635,2,0.723927019115672,0.643480889203838
380,"B_p100_lam1000",0.186814859387631,0.863547556921793,2,0.650720103573162,0.978305459503962
381,"B_p100_lam1000",0.256660730045343,0.569186563001822,2,0.664258218660717,0.883861606135944
382,"B_p100_lam1000",0.784510784794173,0.689054670141757,2,0.4955048292471,0.937153489013036
383,"B_p100_lam1000",0.18349796118784,0.685744426334267,2,0.724444131862994,0.527908580942247
384,"B_p100_lam1000",0.783760548007681,0.359425282085727,2,0.680600409011823,0.321551644720583
385,"B_p100_lam1000",0.14947789554165,0.216236594280552,2,0.681140354496798,0.124853813017381
386,"B_p100_lam1000",0.387518229325835,0.149908700169989,2,0.547532548560299,0.450031195667071
387,"B_p100_lam1000",0.270658654644422,0.276264294521522,2,0.75003135449754,0.584719710349368
388,"B_p100_lam1000",0.865515052643265,0.503109001676558,2,0.746361949718168,0.834371660336205
389,"B_p100_lam1000",0.395708800812324,0.643502938560505,3,0.771255948380526,0.643502938560505
390,"B_p100_lam1000",0.322281263317016,0.548650741020783,2,0.670870288927661,0.0607190107127219
391,"B_p100_lam1000",0.532007478806086,0.285750943659183,2,0.706180712839711,0.574409891381617
392,"B_p100_lam1000",0.367020816555706,0.829286532455819,2,0.741294447955359,0.293814275044106
393,"B_p100_lam1000",0.956525944198311,0.712261713394313,2,0.670315125266623,0.846752390299105
394,"B_p100_lam1000",0.3202814011924,0.549820932527372,2,0.615944946371251,0.748873422114092
395,"B_p100_lam1000",0.023887163533714,0.254181937909175,2,0.690130512497217,0.298916289625839
396,"B_p100_lam1000",0.58060549578732,0.11075109359164,3,0.805329489869707,0.11075109359164
397,"B_p100_lam1000",0.333036111003734,0.198769112286166,2,0.675551527942072,0.137362167816654
398,"B_p100_lam1000",0.829285139376905,0.613348622327195,2,0.567703297028126,0.432761357800271
399,"B_p100_lam1000",0.726361644160223,0.763848300914101,2,0.719591134600781,0.863609727853391
400,"B_p100_lam1000",0.855286924005201,0.639699879047177,2,0.703883331427032,0.882842924772381
401,"B_p100_lam1000",0.973335997087579,0.734703783451273,2,0.737257555741407,0.825176248149001
402,"B_p100_lam1000",0.353321843893679,0.549119572809281,2,0.687668647724116,0.212942919780732
403,"B_p100_lam1000",0.358864746446433,0.210027339545034,2,0.715834216966093,0.315408627886249
404,"B_p100_lam1000",0.720533599135806,0.264874084213039,2,0.737344055693936,0.423944516265132
405,"B_p100_lam1000",0.0546153823815845,0.525076486917073,2,0.603042301245955,0.114874647588532
406,"B_p100_lam1000",0.264315205620886,0.458594355841703,2,0.678612754095246,0.230842128967867
407,"B_p100_lam1000",0.94431406179537,0.786648483713279,2,0.69197721753464,0.878962014555072
408,"B_p100_lam1000",0.522913617142378,0.76237375482852,2,0.638832714448565,0.84527569109541
409,"B_p100_lam1000",0.495295689546427,0.540428048473151,2,0.63578617101567,0.537097404902959
410,"B_p100_lam1000",0.167228243789838,0.280532047564524,3,0.790583911186927,0.280532047564524
411,"B_p100_lam1000",0.798023899313647,0.832968834462624,3,0.788999487520744,0.832968834462624
412,"B_p100_lam1000",0.233707837144398,0.274170542075875,2,0.579006294397178,0.624267036134764
413,"B_p100_lam1000",0.985771898784821,0.856914033818744,2,0.717577706173449,0.762935652332736
414,"B_p100_lam1000",0.12551478411054,0.00707302361460604,2,0.641082853278725,0.0506490300956213
415,"B_p100_lam1000",0.0990246472948061,0.785128536735339,2,0.513181045190566,0.940318247378609
416,"B_p100_lam1000",0.384053606863589,0.166879391547198,2,0.735127419813007,0.482633033541471
417,"B_p100_lam1000",0.626514850199909,0.107408699910944,2,0.638647863747956,0.173300494498789
418,"B_p100_lam1000",0.562356126925566,0.852616246306487,2,0.743321748146026,0.257373599339551
419,"B_p100_lam1000",0.638763943556983,0.846818305908125,2,0.643823082391219,0.972650797775756
420,"B_p100_lam1000",0.896241369927361,0.762997623288358,2,0.760953022732756,0.871825387054344
421,"B_p100_lam1000",0.0306626690093634,0.399992095839647,2,0.629543591288242,0.216904230941502
422,"B_p100_lam1000",0.574294226436827,0.480066251593145,2,0.737409057200879,0.826967810507152
423,"B_p100_lam1000",0.872236851789046,0.690188871528069,2,0.759411900274046,0.686619496139085
424,"B_p100_lam1000",0.259570949954065,0.358200787384873,2,0.740795189623156,0.410261969124061
425,"B_p100_lam1000",0.192460683672968,0.0144912699160524,3,0.792086850171987,0.0144912699160524
426,"B_p100_lam1000",0.344512916767268,0.282919807905363,2,0.695663742219185,0.231560654752536
427,"B_p100_lam1000",0.419261655761683,0.0430715260979517,2,0.688345872490206,0.189722422578746
428,"B_p100_lam1000",0.592762080077425,0.692662027011384,2,0.595139696423459,0.779417858471196
429,"B_p100_lam1000",0.46538808650731,0.751077328959637,2,0.753958838515994,0.297857338394466
430,"B_p100_lam1000",0.586941422622493,0.54602567269336,3,0.803035932053966,0.54602567269336
431,"B_p100_lam1000",0.180835634259623,0.366960485378887,2,0.698276119307094,0.336466972223799
432,"B_p100_lam1000",0.70762337774874,0.864694989066704,2,0.763201856089008,0.501802220798008
433,"B_p100_lam1000",0.99702060513664,0.791583885573002,2,0.757711115277108,0.842357767823217
434,"B_p100_lam1000",0.587238253922089,0.743978034220764,2,0.668397956217201,0.684089176409064
435,"B_p100_lam1000",0.275361877076953,0.99079660609203,2,0.628976124519705,0.357794845366171
436,"B_p100_lam1000",0.485947301776792,0.961961058408305,2,0.652917443478578,0.987027964027094
437,"B_p100_lam1000",0.896588186492906,0.818154426477251,2,0.762410383970222,0.868676847118681
438,"B_p100_lam1000",0.32843828771047,0.748128639131366,2,0.658266143490523,0.953583783167846
439,"B_p100_lam1000",0.195179136421771,0.917420771994905,2,0.716829786558789,0.28161363650869
440,"B_p100_lam1000",0.66946771579372,0.771853482649243,2,0.685243730922906,0.945227509265217
441,"B_p100_lam1000",0.312884166022132,0.634879087236215,2,0.634011526415079,0.468562823380585
442,"B_p100_lam1000",0.737741327792075,0.316626592672903,2,0.659983431927092,0.640578119500731
443,"B_p100_lam1000",0.412046885776776,0.772697293257201,2,0.742747937906415,0.383323035855782
444,"B_p100_lam1000",0.558754150661998,0.494794481009261,2,0.73571543274866,0.5974626805691
445,"B_p100_lam1000",0.832958649494202,0.999556172777075,2,0.721628757678508,0.768389908031353
446,"B_p100_lam1000",0.0644309670253786,0.102368765327125,2,0.690492086927908,0.191678045407856
447,"B_p100_lam1000",0.0875522557059276,0.83178938184427,2,0.701688120926691,0.955764592065245
448,"B_p100_lam1000",0.190110727037341,0.125432338142134,2,0.660371454368693,0.344882169701873
449,"B_p100_lam1000",0.340689036542041,0.426443133174289,2,0.720273100619286,0.64735708197286
450,"B_p100_lam1000",0.167293428116508,0.562139993751239,2,0.739861531513639,0.47951283364479
451,"B_p100_lam1000",0.301724650828093,0.892913788862327,2,0.490645454352729,0.871896446950384
452,"B_p100_lam1000",0.452671835703261,0.610669978472921,2,0.754829755506819,0.451716483618944
453,"B_p100_lam1000",0.502855092907727,0.957301269185012,2,0.61605136022714,0.180106492535666
454,"B_p100_lam1000",0.519103199560737,0.178823429735556,2,0.680118191241726,0.0953067154708085
455,"B_p100_lam1000",0.348499914318194,0.388247789499788,3,0.769973179918829,0.388247789499788
456,"B_p100_lam1000",0.970905554062258,0.704602371556812,2,0.571530672951954,0.845146816253548
457,"B_p100_lam1000",0.344652875327001,0.793943956336024,2,0.659803196300177,0.133189724839422
458,"B_p100_lam1000",0.134302375716313,0.496615079585068,2,0.731879665013955,0.0265845104904013
459,"B_p100_lam1000",0.89592156371741,0.57522788432037,2,0.680555072484282,0.66352510919831
460,"B_p100_lam1000",0.681943204549124,0.238052597163089,2,0.734233423476374,0.528658685279197
461,"B_p100_lam1000",0.878877494761376,0.299703624246789,2,0.675228604452886,0.660793409467856
462,"B_p100_lam1000",0.884433686032949,0.445325273210631,2,0.661646603577703,0.790767054883069
463,"B_p100_lam1000",0.880327045144809,0.443994313088155,2,0.64040286897015,0.4348641745183
464,"B_p100_lam1000",0.478752689758509,0.545502314110627,2,0.671910460510282,0.683072974459501
465,"B_p100_lam1000",0.711057880454912,0.791022284611514,2,0.671301684187058,0.767446056992344
466,"B_p100_lam1000",0.142030552740364,0.132167153368633,2,0.741934481272578,0.410247498669011
467,"B_p100_lam1000",0.402674580419568,0.792776228617909,2,0.656831011926683,0.442879549638032
468,"B_p100_lam1000",0.529774025217243,0.718492786206783,2,0.684895699990838,0.777055729692654
469,"B_p100_lam1000",0.799875615420584,0.861500968959401,3,0.792824643470159,0.861500968959401
470,"B_p100_lam1000",0.764150355149458,0.575803446463331,3,0.794899044478816,0.575803446463331
471,"B_p100_lam1000",0.220803360396665,0.679107283778447,2,0.640226048760618,0.931379204238142
472,"B_p100_lam1000",0.770287611835104,0.658362919116688,2,0.617886051644023,0.87036639527965
473,"B_p100_lam1000",0.870994712252646,0.567742421845537,2,0.674518782452638,0.514775565941822
474,"B_p100_lam1000",0.512238011655518,0.991379179954553,2,0.66466480786248,0.785639364233845
475,"B_p100_lam1000",0.318307128500943,0.251395343140131,2,0.629021059170204,0.259911364128593
476,"B_p100_lam1000",0.86491176061319,0.706505887267656,3,0.809512274278874,0.706505887267656
477,"B_p100_lam1000",0.217795462273733,0.268647504446047,2,0.59768530613358,0.353814533919585
478,"B_p100_lam1000",0.46062324457965,0.811139437377574,2,0.692507986495899,0.183592439765614
479,"B_p100_lam1000",0.12544199272849,0.764313304023459,3,0.844507514569796,0.764313304023459
480,"B_p100_lam1000",0.851919756756457,0.715269086490481,2,0.61821914438173,0.308292496135264
481,"B_p100_lam1000",0.832609327884375,0.72122174821613,2,0.690298208229676,0.800716486820467
482,"B_p100_lam1000",0.0845722252347025,0.980039227114423,2,0.609806068858584,0.963198473946822
483,"B_p100_lam1000",0.0724560184012349,0.1672274882269,3,0.772541069449532,0.1672274882269
484,"B_p100_lam1000",0.812422897351547,0.940246892766923,2,0.722449361802207,0.409692938057191
485,"B_p100_lam1000",0.494888353355875,0.774419784939328,2,0.717433757291633,0.378922922287767
486,"B_p100_lam1000",0.52145061297184,0.485928503453466,2,0.631907528503705,0.202562838476252
487,"B_p100_lam1000",0.358399322239464,0.953604919561464,2,0.725160802948419,0.98359041199179
488,"B_p100_lam1000",0.861516564160747,0.807127645907173,2,0.590294400856637,0.540089354886585
489,"B_p100_lam1000",0.0227417865956128,0.00660472757232067,3,0.808484384623677,0.00660472757232067
490,"B_p100_lam1000",0.421699389016467,0.183829701583958,2,0.606314505846355,0.0531920888431867
491,"B_p100_lam1000",0.763580703350629,0.149059802054179,2,0.686122289082256,0.412525031095234
492,"B_p100_lam1000",0.858442208853432,0.79323662409837,2,0.75065798370616,0.434764553074321
493,"B_p100_lam1000",0.943734859930735,0.546487695961502,2,0.670984422325554,0.775968648397511
494,"B_p100_lam1000",0.60345616663542,0.435669537828937,2,0.689872830611551,0.718993238294409
495,"B_p100_lam1000",0.789322467743429,0.112054013469737,2,0.6710214176291,0.372502651959587
496,"B_p100_lam1000",0.258541238292099,0.157375061425982,2,0.660673553841053,0.0294877702402576
497,"B_p100_lam1000",0.233846341209665,0.80659387396556,2,0.664743995176773,0.863692717602099
498,"B_p100_lam1000",0.135779795366545,0.838122161665451,2,0.691853427591631,0.238098253175933
499,"B_p100_lam1000",0.382728533328106,0.29623797024604,2,0.532156022866731,0.641692029211556
500,"B_p100_lam1000",0.754196222041763,0.236395936527216,2,0.709883361054983,0.449339506969759
1,"B_p160_lam416",0.151476001165249,0.109882947757827,3,0.771874215533423,0.109882947757827
2,"B_p160_lam416",0.535863513845437,0.594198785412325,2,0.53614561726193,0.443934730039845
3,"B_p160_lam416",0.412771345099162,0.121309587860944,2,0.736847386679151,0.358765343094662
4,"B_p160_lam416",0.0921632830546066,0.977186201313294,2,0.633716056133363,0.0758865281681891
5,"B_p160_lam416",0.152530696550552,0.743384757192582,2,0.618932879497954,0.665328805616938
6,"B_p160_lam416",0.614575600317847,0.72863016881338,2,0.655517600477104,0.946765284703173
7,"B_p160_lam416",0.306535488643419,0.141389716089161,2,0.602585547351987,0.370029790937369
8,"B_p160_lam416",0.563391176394147,0.396381519035528,2,0.72924208085052,0.168326042130323
9,"B_p160_lam416",0.864267868738173,0.526514173293165,2,0.728559653993053,0.491308356511763
10,"B_p160_lam416",0.339470696758297,0.43433039405628,3,0.793497618617325,0.43433039405628
11,"B_p160_lam416",0.00993705979710835,0.730979669313632,2,0.697916753425426,0.0321732123637389
12,"B_p160_lam416",0.0811588823621513,0.428788901351715,2,0.655978679051156,0.237058071032123
13,"B_p160_lam416",0.0163732657259108,0.725059868974596,2,0.757759823938446,0.0689751642168792
14,"B_p160_lam416",0.101853007266162,0.0322705968948469,2,0.589647838523776,0.109641711897499
15,"B_p160_lam416",0.38039645833355,0.22597606997404,2,0.584212875531816,0.455175753362701
16,"B_p160_lam416",0.707688639968206,0.865969909705486,2,0.689904092569598,0.751998588552259
17,"B_p160_lam416",0.220580972380835,0.721662422243644,2,0.734106381014665,0.505130019836368
18,"B_p160_lam416",0.410818240887805,0.101086447574312,2,0.570809951182135,0.404949662332074
19,"B_p160_lam416",0.116440991091929,0.627501289997481,2,0.461910819338305,0.0354524907785437
20,"B_p160_lam416",0.722450833333641,0.897778396551148,2,0.674826477195916,0.389350661003043
21,"B_p160_lam416",0.964001053461627,0.452782014247944,2,0.642765495489891,0.826110358577565
22,"B_p160_lam416",0.605329074179897,0.12210094828533,2,0.637143169805798,0.436764916300449
23,"B_p160_lam416",0.718515743180857,0.83861269895275,2,0.568908414573591,0.516588022872228
24,"B_p160_lam416",0.631276214932724,0.304860046427847,2,0.679198756767273,0.662098060852211
25,"B_p160_lam416",0.674883624390433,0.846941624041829,2,0.721735250084839,0.574302280029485
26,"B_p160_lam416",0.782130357495014,0.772418510665282,2,0.7229227241845,0.887372528843125
27,"B_p160_lam416",0.678538625932186,0.748283470159541,2,0.701710293357232,0.761799498940447
28,"B_p160_lam416",0.0552637052382299,0.290576261520282,2,0.621445961591675,0.308076422358615
29,"B_p160_lam416",0.611861797349873,0.392857897040704,2,0.603931363043448,0.344268504630578
30,"B_p160_lam416",0.359428241795096,0.350745742734054,2,0.755330560840731,0.0999187055612777
31,"B_p160_lam416",0.537485361976221,0.649818087557608,2,0.59785747204168,0.870283944170922
32,"B_p160_lam416",0.66194873205365,0.503337127948676,2,0.60404859740289,0.709398954466845
33,"B_p160_lam416",0.678795714488954,0.193096214388039,2,0.640513965170746,0.54558943702153
34,"B_p160_lam416",0.256811881453411,0.802380528016714,2,0.689076770033592,0.193918834146431
35,"B_p160_lam416",0.577507340100888,0.914777396638027,2,0.636791746854586,0.794656292378686
36,"B_p160_lam416",0.313952107130499,0.285251306949186,2,0.699364756882878,0.479628824403502
37,"B_p160_lam416",0.348814081817076,0.177411858233139,2,0.640391055805336,0.525207301231435
38,"B_p160_lam416",0.989879769237752,0.99777450022691,2,0.584383343461224,0.847280249373857
39,"B_p160_lam416",0.0560911527469365,0.00571408953857611,3,0.829163127439314,0.00571408953857611
40,"B_p160_lam416",0.4514068769167,0.208898547401845,2,0.61771579817935,0.472067779425505
41,"B_p160_lam416",0.499548754768951,0.633305346861097,2,0.666209642567778,0.392474295511379
42,"B_p160_lam416",0.951997123729965,0.828859219324003,2,0.614627498533743,0.913918766677091
43,"B_p160_lam416",0.828973572683582,0.525806443521113,2,0.666326946010009,0.864761944115781
44,"B_p160_lam416",0.219036627488936,0.127012044211666,2,0.607502810693175,0.45227027741789
45,"B_p160_lam416",0.675624927589491,0.190313866119461,2,0.656945102719947,0.501863035691916
46,"B_p160_lam416",0.142540632374401,0.667666609695401,2,0.633067270940105,0.199488738565475
47,"B_p160_lam416",0.135005248231726,0.0952397770701464,2,0.717185887401755,0.220242212146511
48,"B_p160_lam416",0.560487790923494,0.082683950374848,2,0.730699747689157,0.280023428981928
49,"B_p160_lam416",0.451220912233272,0.926357532208539,2,0.621227585041257,0.554597783902439
50,"B_p160_lam416",0.563470101564145,0.232347222509115,2,0.728482263095126,0.267417158311017
51,"B_p160_lam416",0.63527004599046,0.396078740510165,2,0.614987057894349,0.60748499375142
52,"B_p160_lam416",0.232194969898165,0.725876240353203,2,0.359014013281509,0.713660979661832
53,"B_p160_lam416",0.528943589797106,0.515015297557161,2,0.70250132952196,0.834241227926542
54,"B_p160_lam416",0.534565100482201,0.081923100779806,2,0.477771513154055,0.323845826056567
55,"B_p160_lam416",0.776381467080636,0.856651901330926,2,0.555093917808448,0.292051965194903
56,"B_p160_lam416",0.972636043862498,0.623740492927113,2,0.587183414063519,0.691505848863917
57,"B_p160_lam416",0.983201258477342,0.35349533512467,2,0.663326539169974,0.733835933396061
58,"B_p160_lam416",0.838510868571081,0.187876356351447,2,0.706112476321532,0.506371363318397
59,"B_p160_lam416",0.106647661030501,0.626865477162194,2,0.670226752924729,0.592561253909916
60,"B_p160_lam416",0.371179238594262,0.695137676904615,2,0.61834744467201,0.374165076299127
61,"B_p160_lam416",0.0855802593057862,0.676356073081858,2,0.70922728163417,0.942580461676647
62,"B_p160_lam416",0.749488541241338,0.885474415594349,2,0.59488807329126,0.462941249104536
63,"B_p160_lam416",0.721066008639296,0.598072784675767,2,0.627978203669474,0.858690771367594
64,"B_p160_lam416",0.515025508632589,0.212834158665059,2,0.567932548585136,0.174073568929938
65,"B_p160_lam416",0.433988661990711,0.32622816970584,2,0.617579249075878,0.702808657430349
66,"B_p160_lam416",0.386752092172704,0.930657830862307,2,0.671610588783058,0.995212825336309
67,"B_p160_lam416",0.926287760172725,0.666556665738911,2,0.657861134873567,0.458795910972277
68,"B_p160_lam416",0.518184285662923,0.555226091462826,2,0.70775409394183,0.344103375197892
69,"B_p160_lam416",0.917267813999062,0.857998911575941,2,0.680921723824467,0.898415244379046
70,"B_p160_lam416",0.52735251879393,0.238692511926639,2,0.659111750893005,0.372784941073993
71,"B_p160_lam416",0.885071769264863,0.50251209281751,2,0.598217341172447,0.849136816157166
72,"B_p160_lam416",0.0804579278406575,0.248237867328323,2,0.597241251299938,0.495109179549267
73,"B_p160_lam416",0.362984726508971,0.466065599396774,2,0.719732407960414,0.38273661839919
74,"B_p160_lam416",0.802771134061857,0.329470991586707,2,0.686829148972762,0.631176876970054
75,"B_p160_lam416",0.914408357404762,0.831390177257924,2,0.720249408979178,0.928177451470738
76,"B_p160_lam416",0.216843399082764,0.0883207739346631,2,0.710975113147181,0.0662801849811736
77,"B_p160_lam416",0.869046425432293,0.54633559395259,2,0.714915150170305,0.470900148442804
78,"B_p160_lam416",0.958713751971124,0.929484531032983,2,0.710485739728146,0.722772993043857
79,"B_p160_lam416",0.781945684267799,0.355400968667405,2,0.652321062734124,0.302878530765543
80,"B_p160_lam416",0.423520995588036,0.106705496678885,2,0.740435188487503,0.2432977796768
81,"B_p160_lam416",0.608854195145114,0.752650028445852,2,0.596900979865299,0.942560857161873
82,"B_p160_lam416",0.433585948290953,0.117824659845229,2,0.676578990306184,0.139002876050748
83,"B_p160_lam416",0.334926405702535,0.380920020446875,2,0.639713172832278,0.161684686749499
84,"B_p160_lam416",0.491932480809926,0.402632885532154,2,0.611023770230323,0.593553055576763
85,"B_p160_lam416",0.916357087045736,0.84712600177709,2,0.737286961928215,0.98450550063441
86,"B_p160_lam416",0.277720063859532,0.750500988976894,3,0.773950724264719,0.750500988976894
87,"B_p160_lam416",0.776359066909676,0.728062287448357,2,0.592703386222686,0.644626362610498
88,"B_p160_lam416",0.129547879912783,0.595413211348868,2,0.604243665003013,0.322596908981721
89,"B_p160_lam416",0.232673606041712,0.688851765621528,2,0.663605237700843,0.166313016016919
90,"B_p160_lam416",0.971961837457977,0.376330984244809,2,0.475902570528362,0.749193682069249
91,"B_p160_lam416",0.0417374467270224,0.51548648565198,2,0.755756898279813,0.19444055856807
92,"B_p160_lam416",0.94441625752136,0.754305615594221,2,0.707965573790884,0.868460316671637
93,"B_p160_lam416",0.781228002929938,0.951686351908308,2,0.566238712532052,0.997768756203852
94,"B_p160_lam416",0.7063489643125,0.784328354957272,2,0.586720400068507,0.466312878218954
95,"B_p160_lam416",0.890121831250451,0.289080833491467,2,0.580355856587805,0.4287138504815
96,"B_p160_lam416",0.0232174799210898,0.367432393739009,2,0.736255847936229,0.340444450949563
97,"B_p160_lam416",0.944150613269179,0.511300530686083,2,0.697632507957704,0.643018439800916
98,"B_p160_lam416",0.269102512805838,0.48160574606275,2,0.729987870086928,0.0762590147295376
99,"B_p160_lam416",0.431521450941762,0.259460791532463,2,0.694528180471097,0.495297268006111
100,"B_p160_lam416",0.0103956515231957,0.371334923829234,2,0.47312585909754,0.222019672347018
101,"B_p160_lam416",0.551826443404007,0.44509677229671,2,0.656036506878933,0.789026428264857
102,"B_p160_lam416",0.731129621429418,0.558836072874831,2,0.715611044516031,0.877348747189348
103,"B_p160_lam416",0.687414632162495,0.10775690691953,2,0.712927296891679,0.394307263602008
104,"B_p160_lam416",0.209486905520241,0.0435904392856189,2,0.632967358112851,0.17252714189792
105,"B_p160_lam416",0.636236962990198,0.488764498460481,2,0.685986085035973,0.641535977222532
106,"B_p160_lam416",0.506743859470535,0.184925781793158,2,0.602061761944096,0.495472466154645
107,"B_p160_lam416",0.98311532917131,0.340634925432883,2,0.700864300337327,0.653384998704337
108,"B_p160_lam416",0.745514062720906,0.657092239557864,3,0.80493385969701,0.657092239557864
109,"B_p160_lam416",0.44419109210955,0.504540013718134,2,0.645334451092687,0.414818759241637
110,"B_p160_lam416",0.521162752207103,0.190715644823602,2,0.76052596637457,0.496509732453192
111,"B_p160_lam416",0.885255404314758,0.269489283733778,2,0.710936237212979,0.464710751958001
112,"B_p160_lam416",0.0218962069764894,0.757784227967336,2,0.623554880148562,0.465912112754806
113,"B_p160_lam416",0.142483329799732,0.648099087671459,2,0.615883050091971,0.0806370359407989
114,"B_p160_lam416",0.640383846762216,0.31414681516253,2,0.730719608740499,0.5729101564647
115,"B_p160_lam416",0.519803292671146,0.961688547008981,2,0.743842386823458,0.419131704901865
116,"B_p160_lam416",0.972585640961487,0.884447795227303,2,0.687665600341727,0.672171699669853
117,"B_p160_lam416",0.0248038295775218,0.541880612487359,2,0.642966643722546,0.538359341395847
118,"B_p160_lam416",0.449643031337643,0.489994537178674,2,0.66242148226602,0.42828133426455
119,"B_p160_lam416",0.859606728007182,0.716309518247736,2,0.439097629151663,0.578593188540887
120,"B_p160_lam416",0.388561749666725,0.263514290382276,2,0.689218939930357,0.105861228249853
121,"B_p160_lam416",0.0800995420931114,0.221005800553815,2,0.758213373070732,0.317786260879607
122,"B_p160_lam416",0.99519237130238,0.879504859991713,2,0.643243578642545,0.990524906755484
123,"B_p160_lam416",0.509513721893627,0.968119537065076,2,0.599966481868691,0.881353909192782
124,"B_p160_lam416",0.0714958458298223,0.767812701984234,2,0.636912451064487,0.801634819673157
125,"B_p160_lam416",0.137656833050582,0.413873494795334,2,0.521058443572244,0.575484559068091
126,"B_p160_lam416",0.108922368828527,0.130083022321692,2,0.659186281508647,0.171311824630304
127,"B_p160_lam416",0.710159853566608,0.522805001070386,2,0.710742953879928,0.688018257913629
128,"B_p160_lam416",0.963217690870263,0.956760423676026,2,0.630758245871732,0.995085273054625
129,"B_p160_lam416",0.464710444411964,0.72415525250979,2,0.597349213537731,0.885033259835935
130,"B_p160_lam416",0.149530353237252,0.398715184698072,2,0.695632861014179,0.783680539688652
131,"B_p160_lam416",0.168839563805525,0.160421963107673,2,0.672209449788885,0.139365771552061
132,"B_p160_lam416",0.231282972604613,0.879177619202701,2,0.566592194144938,0.416777251743693
133,"B_p160_lam416",0.544438980398906,0.655707216363082,2,0.549395017023154,0.91887568337932
134,"B_p160_lam416",0.333318094487199,0.702135067122115,2,0.656211853406963,0.596408003086781
135,"B_p160_lam416",0.515526391017337,0.297606649037712,2,0.725373844202144,0.31538812713969
136,"B_p160_lam416",0.629217176099546,0.544423144108269,2,0.744609274615718,0.547803993772099
137,"B_p160_lam416",0.50834444554227,0.835863646192567,2,0.66655376469045,0.73589347292421
138,"B_p160_lam416",0.689327176423004,0.0334483985690338,2,0.720037984107826,0.190373402365368
139,"B_p160_lam416",0.511346108695137,0.385583326572076,2,0.720561539908953,0.769889944395031
140,"B_p160_lam416",0.277054750324937,0.736755562851314,2,0.597800994267552,0.101540201536664
141,"B_p160_lam416",0.183670871975891,0.605602228219471,2,0.692783651549252,0.614577450675472
142,"B_p160_lam416",0.106064638220506,0.645864234086328,2,0.695999414573009,0.295578172230705
143,"B_p160_lam416",0.592490723130779,0.926421131006471,2,0.719276174680412,0.174464112000716
144,"B_p160_lam416",0.840950848962177,0.520559238286028,2,0.687873095571407,0.429320094212797
145,"B_p160_lam416",0.659999508674743,0.809602898340849,2,0.71751333058467,0.840458376777513
146,"B_p160_lam416",0.727090013273318,0.588486598036522,2,0.576954215828279,0.64001816558742
147,"B_p160_lam416",0.943259069515739,0.973904669561752,2,0.652879857833445,0.799447532211925
148,"B_p160_lam416",0.311691190516011,0.703053144182654,2,0.61672545395622,0.567998188494354
149,"B_p160_lam416",0.667694049340538,0.538215449502387,3,0.796191852472976,0.538215449502387
150,"B_p160_lam416",0.126710886731594,0.72631570817198,2,0.740104894527666,0.0629283617931251
151,"B_p160_lam416",0.646314826304972,0.395270042038018,2,0.715239380990811,0.514176235507237
152,"B_p160_lam416",0.956301698630288,0.533160091287058,2,0.635494391554095,0.86189820047772
153,"B_p160_lam416",0.825665624606908,0.153932360050602,2,0.607609854125529,0.453990775138708
154,"B_p160_lam416",0.909788131198749,0.210636386527761,2,0.657695595385833,0.571854596984443
155,"B_p160_lam416",0.359782156500053,0.714510909076272,2,0.657160555540025,0.409681600661784
156,"B_p160_lam416",0.429142095773641,0.185157772121638,2,0.531889263433536,0.358482817849577
157,"B_p160_lam416",0.66383473777266,0.918352788806915,2,0.623407195213169,0.994814182912486
158,"B_p160_lam416",0.803695623931176,0.926317953521423,2,0.663482511732271,0.94229321444639
159,"B_p160_lam416",0.693273500905856,0.435728502484729,2,0.746009375965758,0.762221206056849
160,"B_p160_lam416",0.99992694800014,0.962777129503352,2,0.573089844108283,0.992358357599798
161,"B_p160_lam416",0.902571470552825,0.333200591009785,2,0.558138696291128,0.659484150055185
162,"B_p160_lam416",0.00452334113609321,0.0113563369727276,2,0.651132622853884,0.0360433588587031
163,"B_p160_lam416",0.577051128099438,0.180605889684256,2,0.711794143084686,0.415241475346211
164,"B_p160_lam416",0.872383743506043,0.244277943506798,2,0.571003713089989,0.352288600599026
165,"B_p160_lam416",0.917514946920896,0.718799406193419,2,0.56747792870733,0.706054215830746
166,"B_p160_lam416",0.148855030090967,0.251713838031409,2,0.660419180515515,0.180353967411218
167,"B_p160_lam416",0.85035169854909,0.690909572256155,3,0.771218923656633,0.690909572256155
168,"B_p160_lam416",0.768313388844229,0.975810797166622,2,0.658540550838446,0.997253203752339
169,"B_p160_lam416",0.258724534222484,0.417828643108784,2,0.663169373364737,0.563110636201181
170,"B_p160_lam416",0.585767470134603,0.3894612244708,2,0.660287159998496,0.723903690610809
171,"B_p160_lam416",0.770121178855462,0.925530954633988,2,0.58490061752549,0.994987490209393
172,"B_p160_lam416",0.68826106707533,0.329581013314246,2,0.668592577923583,0.461373867669275
173,"B_p160_lam416",0.314981802848137,0.203333670999886,2,0.75490146511246,0.258847986649617
174,"B_p160_lam416",0.378135835331378,0.301509373564639,2,0.519305859871575,0.632794403356472
175,"B_p160_lam416",0.983156518724752,0.997719632616126,3,0.766667592227801,0.997719632616126
176,"B_p160_lam416",0.443892371271062,0.754575257700636,2,0.654334107585981,0.947405304822707
177,"B_p160_lam416",0.0977853279437609,0.156215970264113,2,0.587439739887309,0.417337773784227
178,"B_p160_lam416",0.011429032818272,0.071067739129468,2,0.614983733393382,0.0528164868959993
179,"B_p160_lam416",0.709259509253072,0.138908743222271,2,0.5963982062905,0.184022094075452
180,"B_p160_lam416",0.896593524402699,0.881957749823185,2,0.487612271710417,0.943439836739573
181,"B_p160_lam416",0.874498279772319,0.788682084621021,2,0.64966737628323,0.966164431108736
182,"B_p160_lam416",0.215938065752962,0.159757365584267,2,0.639774186985933,0.506088440422549
183,"B_p160_lam416",0.813598047092047,0.70631850382475,2,0.682875325264775,0.396630257672886
184,"B_p160_lam416",0.183386034836323,0.354154149710145,2,0.601691761740689,0.299541269055427
185,"B_p160_lam416",0.320907775017421,0.988380247030318,2,0.736006220533696,0.187261983118812
186,"B_p160_lam416",0.212438415438239,0.49143715207536,2,0.616367485225979,0.117155841492468
187,"B_p160_lam416",0.561415858194369,0.473475735968565,2,0.661338282601876,0.309022142507388
188,"B_p160_lam416",0.00226806548290426,0.542404187063832,2,0.709661258700927,0.399967942429677
189,"B_p160_lam416",0.681135335257812,0.814985368148473,2,0.734483587670224,0.847242115216132
190,"B_p160_lam416",0.2444003892821,0.203086734650107,2,0.707856937057317,0.396834766461862
191,"B_p160_lam416",0.911593200031625,0.928539597306534,2,0.705023146940149,0.673446413129926
192,"B_p160_lam416",0.761208041637472,0.589866455128923,2,0.692094123239309,0.75871972122847
193,"B_p160_lam416",0.0946761484850702,0.600910307843232,2,0.630764263736556,0.549566574243389
194,"B_p160_lam416",0.823077452781415,0.271764035993315,2,0.588848939785728,0.647852011669711
195,"B_p160_lam416",0.776622327776528,0.633890080052717,2,0.559762430524174,0.912284222152156
196,"B_p160_lam416",0.850489019449617,0.428731757365235,2,0.52405112536897,0.74029043354209
197,"B_p160_lam416",0.797208768178683,0.359463128281774,2,0.645589244002074,0.646026191251169
198,"B_p160_lam416",0.593434100366679,0.1870625147159,2,0.582593217844337,0.405251735237263
199,"B_p160_lam416",0.0420128904200109,0.983508167160646,2,0.724036480745483,0.0854501381624696
200,"B_p160_lam416",0.942159898624294,0.366844262416931,2,0.580366445189142,0.672686861613909
201,"B_p160_lam416",0.114488245529443,0.239007982109161,2,0.641651445668305,0.257631018323767
202,"B_p160_lam416",0.108102651279596,0.927031166245931,2,0.725952501766162,0.0833565536195175
203,"B_p160_lam416",0.966300932479537,0.998861597314185,2,0.471318035072581,0.939276173161877
204,"B_p160_lam416",0.260228085587717,0.0966070873435536,2,0.736523460356488,0.110742338682581
205,"B_p160_lam416",0.723495704983111,0.738301222498377,2,0.69820935999266,0.5112802189035
206,"B_p160_lam416",0.767071213400157,0.69073485263128,2,0.697223231982733,0.859447614050988
207,"B_p160_lam416",0.741394539491846,0.575800370081494,2,0.625213687536696,0.871760152619654
208,"B_p160_lam416",0.514910374755187,0.404880040195307,2,0.590445431600941,0.779971794122842
209,"B_p160_lam416",0.328433922439645,0.666734614548438,2,0.631716907321215,0.499372173361011
210,"B_p160_lam416",0.234325383358172,0.139753230398902,2,0.69343687507219,0.236843857159086
211,"B_p160_lam416",0.485984926277559,0.589575874216746,2,0.648450198025846,0.630517480929004
212,"B_p160_lam416",0.339454509216026,0.554390274703678,2,0.713318589391266,0.846815471632304
213,"B_p160_lam416",0.952536405368338,0.882858903794503,2,0.699188083001419,0.948063589299597
214,"B_p160_lam416",0.282966051903342,0.448381227853526,2,0.65962067650906,0.787995415691832
215,"B_p160_lam416",0.0852559675468156,0.623223378090569,2,0.68069627846934,0.883964858694254
216,"B_p160_lam416",0.177510279701733,0.340019405077182,2,0.643159581766951,0.720353795518979
217,"B_p160_lam416",0.782352184511401,0.208722727538017,2,0.577816993177657,0.533264865386854
218,"B_p160_lam416",0.246953628768248,0.952829877943897,2,0.583449950517705,0.357478180197926
219,"B_p160_lam416",0.737299448982303,0.614297345902239,2,0.65185775887082,0.663584887448675
220,"B_p160_lam416",0.151931157230333,0.504264162806317,2,0.625563102710593,0.02982210026423
221,"B_p160_lam416",0.964787299485332,0.68299269763313,2,0.694388319129052,0.781074260421152
222,"B_p160_lam416",0.987678609986983,0.688189875276106,2,0.608198701539357,0.868523386081735
223,"B_p160_lam416",0.35288133086886,0.969344825025209,2,0.738274622625393,0.986709150345304
224,"B_p160_lam416",0.775865411640015,0.62587872544995,2,0.692229149995206,0.702048728852979
225,"B_p160_lam416",0.53300034612951,0.78500131462948,2,0.695510796907423,0.264704342188018
226,"B_p160_lam416",0.0929393258392127,0.510924269674069,2,0.588687419221807,0.278755092978283
227,"B_p160_lam416",0.368386561993853,0.768801307290448,2,0.739622482883885,0.084146495229479
228,"B_p160_lam416",0.376097031847413,0.270101216216706,2,0.68976825470088,0.39982866698137
229,"B_p160_lam416",0.0884060387990231,0.337993357806242,2,0.569093565609032,0.602829868132219
230,"B_p160_lam416",0.12263846980375,0.583000648147202,2,0.681098084152021,0.547172444989101
231,"B_p160_lam416",0.962484107033982,0.638376934969872,2,0.726908499549404,0.490379682039758
232,"B_p160_lam416",0.972396002315559,0.712029067857863,2,0.675160221152435,0.881183905340918
233,"B_p160_lam416",0.823651216543149,0.496668367281635,2,0.594116129466888,0.837436325515116
234,"B_p160_lam416",0.395259637376483,0.621805951631347,2,0.631463619543494,0.553173573295526
235,"B_p160_lam416",0.751277390485237,0.496876785781455,2,0.661577852873618,0.836406301853371
236,"B_p160_lam416",0.237172681890857,0.807806388714728,2,0.75407701313033,0.35370275588782
237,"B_p160_lam416",0.229790756315845,0.745575848538173,2,0.717880897793285,0.96276682941443
238,"B_p160_lam416",0.382973403092055,0.456093088635593,2,0.704685222984539,0.667475814005268
239,"B_p160_lam416",0.423895012054947,0.16804267251514,2,0.581861597572418,0.49206202398061
240,"B_p160_lam416",0.18504168833481,0.17960068651478,2,0.693241244693256,0.493090215515921
241,"B_p160_lam416",0.28200779932368,0.765056790151238,2,0.658417739111297,0.692098206480748
242,"B_p160_lam416",0.69336986206421,0.8991383188558,2,0.636311140780705,0.636547161936113
243,"B_p160_lam416",0.736006368998166,0.238174166135971,2,0.722997319459879,0.467964156692181
244,"B_p160_lam416",0.198326214045859,0.975166442576985,2,0.654840720518731,0.0658445155824894
245,"B_p160_lam416",0.0390686582518136,0.877049267213614,2,0.750021266365053,0.406203047844806
246,"B_p160_lam416",0.148209149709354,0.656798090524741,2,0.66608001676493,0.0796286211458151
247,"B_p160_lam416",0.642017692074465,0.815848353361338,2,0.592555222003725,0.879968305481062
248,"B_p160_lam416",0.664979134654538,0.27357376600984,2,0.694244909578915,0.643276637030494
249,"B_p160_lam416",0.0616737255633012,0.424577439823929,2,0.683103141893782,0.392435418164321
250,"B_p160_lam416",0.203938228781958,0.6014380556641,2,0.663589592133468,0.737585245594728
251,"B_p160_lam416",0.429778857552894,0.278702379586018,2,0.620299883435728,0.534176812250837
252,"B_p160_lam416",0.88842501808814,0.278075216221343,2,0.574061435173208,0.675103269483561
253,"B_p160_lam416",0.175419414847427,0.211575770497813,2,0.707947379092782,0.395212612498006
254,"B_p160_lam416",0.706089150628731,0.737919196029361,2,0.676024444863067,0.909864079467019
255,"B_p160_lam416",0.11557265640836,0.742093637280756,2,0.687129328598956,0.448766495341906
256,"B_p160_lam416",0.314948766840124,0.117600422379512,2,0.67821311022502,0.268087240638152
257,"B_p160_lam416",0.42522901528718,0.652327958010303,2,0.725329143053023,0.613710932960914
258,"B_p160_lam416",0.723904347410298,0.3421676854188,2,0.577682110119572,0.709107147844788
259,"B_p160_lam416",0.405039365163,0.256465187832024,2,0.571449749861462,0.29650992415063
260,"B_p160_lam416",0.702928506196535,0.157261177442838,2,0.664698610710432,0.478680059321172
261,"B_p160_lam416",0.262022434813112,0.54014757172805,2,0.605842963444286,0.719532722656755
262,"B_p160_lam416",0.275695160256113,0.18570629241793,3,0.774050659275463,0.18570629241793
263,"B_p160_lam416",0.967480133822988,0.921028430481663,2,0.592596626605237,0.807758455573149
264,"B_p160_lam416",0.850622075338058,0.906180061017781,2,0.536300185096421,0.401102848785335
265,"B_p160_lam416",0.654702006934283,0.378466766226536,2,0.68405570907751,0.711749194223539
266,"B_p160_lam416",0.74240937882519,0.498084052128753,3,0.789891581479725,0.498084052128753
267,"B_p160_lam416",0.776401710541885,0.984937247579349,2,0.604024264035449,0.969112696710765
268,"B_p160_lam416",0.209654923634779,0.378771197735958,2,0.705696236431186,0.703440939713934
269,"B_p160_lam416",0.865513878914798,0.534189475486619,2,0.653405833162596,0.497068894149021
270,"B_p160_lam416",0.163607916370107,0.647435940163634,3,0.789704414472133,0.647435940163634
271,"B_p160_lam416",0.26184524586523,0.794330008167133,2,0.659822597606225,0.569835074603247
272,"B_p160_lam416",0.151592462851006,0.254309856511339,2,0.670232930702566,0.53091287251729
273,"B_p160_lam416",0.859304543812894,0.765846930156376,2,0.648434688901491,0.865325982612432
274,"B_p160_lam416",0.14040964920029,0.472263440432742,2,0.668126905264558,0.449504093281985
275,"B_p160_lam416",0.734890807781196,0.897374180133624,2,0.590076086411707,0.941607275726558
276,"B_p160_lam416",0.547703413942123,0.598632949293665,2,0.652824778977164,0.8988108332053
277,"B_p160_lam416",0.540582096119904,0.168017599311566,2,0.734925748796145,0.473809688502234
278,"B_p160_lam416",0.994340016104864,0.656056405329954,2,0.627168543947754,0.795742972113335
279,"B_p160_lam416",0.629017955269318,0.813650541124,2,0.71781782414929,0.237166637774131
280,"B_p160_lam416",0.481886785159991,0.849639220979969,2,0.643080509561472,0.976022297214777
281,"B_p160_lam416",0.223760200304583,0.494390147795543,2,0.719380528411383,0.165119845538473
282,"B_p160_lam416",0.697701911554432,0.687101216550934,2,0.584857950142225,0.864339065499241
283,"B_p160_lam416",0.840458429532566,0.680853066083584,2,0.656788387719121,0.838189931663405
284,"B_p160_lam416",0.0689731602980262,0.278965185637514,2,0.681750871477546,0.09535061609936
285,"B_p160_lam416",0.341721022647438,0.879667171186696,2,0.611723196190065,0.483202825766797
286,"B_p160_lam416",0.096499187319586,0.530060747912183,2,0.619991030290369,0.82308180668977
287,"B_p160_lam416",0.123490081741259,0.0518183645959405,2,0.601186214622861,0.104179010915476
288,"B_p160_lam416",0.489751935316153,0.618882766383236,2,0.762624874008862,0.616490212968162
289,"B_p160_lam416",0.232734357195268,0.30341871275721,2,0.603700134657065,0.279723651191872
290,"B_p160_lam416",0.44056254659942,0.58489200510732,2,0.623143340952423,0.321335701356156
291,"B_p160_lam416",0.888590419121768,0.561938202451742,2,0.628483662813835,0.893169074349584
292,"B_p160_lam416",0.956647857750042,0.699043570109335,2,0.675044561587487,0.868701758568198
293,"B_p160_lam416",0.899763223949887,0.97461827634508,2,0.531401062045784,0.478962691273346
294,"B_p160_lam416",0.539713779712325,0.920443052776531,2,0.594430835772767,0.653863079068399
295,"B_p160_lam416",0.66409308644442,0.500984755912546,2,0.674230400595981,0.852979785669687
296,"B_p160_lam416",0.0985250171525964,0.60995271437532,2,0.587472583440872,0.263701099305964
297,"B_p160_lam416",0.164732448939792,0.501692238529242,2,0.727598475036572,0.856129672969463
298,"B_p160_lam416",0.104742595578745,0.996324926748911,2,0.673264230404036,0.213797381846382
299,"B_p160_lam416",0.299768248234377,0.561878872481073,2,0.733028872971691,0.596124723793187
300,"B_p160_lam416",0.229733681813082,0.824158860970193,2,0.662787477542367,0.329446772125772
301,"B_p160_lam416",0.629950565207725,0.593593696604072,2,0.633252875296406,0.408812104467541
302,"B_p160_lam416",0.938621542302077,0.564267307948879,2,0.63411962220163,0.830289095898251
303,"B_p160_lam416",0.773432962476408,0.865120882161148,2,0.545334125369527,0.437068486584999
304,"B_p160_lam416",0.629416343780524,0.615322193545047,2,0.519175809720534,0.181074858268759
305,"B_p160_lam416",0.280956324537042,0.626243454849671,2,0.755590683001443,0.87255143122784
306,"B_p160_lam416",0.677436742424213,0.61943802208627,2,0.607627564775873,0.790351953898082
307,"B_p160_lam416",0.125120430014398,0.482126154276036,2,0.664727111120991,0.0704600537458973
308,"B_p160_lam416",0.252605498314909,0.732676042613405,2,0.603970959755751,0.564757655036296
309,"B_p160_lam416",0.185474191843274,0.564978392403232,2,0.570181167058155,0.866489906657798
310,"B_p160_lam416",0.184460474065136,0.130314080191192,2,0.666306223596112,0.0291554667218749
311,"B_p160_lam416",0.857631429062526,0.812546930193783,2,0.585666592047315,0.694711082045395
312,"B_p160_lam416",0.472757116786407,0.188065724009181,2,0.701272344279623,0.471389072696178
313,"B_p160_lam416",0.426312425097997,0.15874332480913,2,0.708888760443893,0.261403830276509
314,"B_p160_lam416",0.319552379764728,0.0893401351192724,2,0.663164456858554,0.239827933914099
315,"B_p160_lam416",0.679720992142522,0.643783957707978,2,0.686745109246039,0.928914848791797
316,"B_p160_lam416",0.437489028523295,0.485974272951612,2,0.583417809437958,0.843862207342566
317,"B_p160_lam416",0.879093134829967,0.396781723619182,2,0.717718773676139,0.621025346233445
318,"B_p160_lam416",0.597625609105252,0.871561115914055,2,0.723251741623812,0.663144924002897
319,"B_p160_lam416",0.158218005837641,0.59979208556621,2,0.495826328328614,0.504033040949635
320,"B_p160_lam416",0.519535388537135,0.98229452497098,2,0.688551297776349,0.881778895793611
321,"B_p160_lam416",0.494892313836056,0.140496277623779,2,0.497474579043123,0.38305420493216
322,"B_p160_lam416",0.998286971647702,0.88794929201399,2,0.739931676105512,0.875386039004341
323,"B_p160_lam416",0.509244672783102,0.448115578974002,2,0.689755405632326,0.230303686552838
324,"B_p160_lam416",0.711231942632227,0.706592285695667,3,0.769690185197598,0.706592285695667
325,"B_p160_lam416",0.401059209324503,0.661080367034614,2,0.703741766105946,0.220905971041737
326,"B_p160_lam416",0.934573885047233,0.313552539524715,2,0.677419575998064,0.690591371673479
327,"B_p160_lam416",0.680479457061885,0.864546261687152,2,0.664844576914151,0.702659128667068
328,"B_p160_lam416",0.440374214334549,0.577660466899646,2,0.576324059360199,0.199832848762032
329,"B_p160_lam416",0.639113769254238,0.993412866794374,2,0.755094916899214,0.772813774800593
330,"B_p160_lam416",0.259766604689069,0.818422094710983,2,0.709357746738059,0.21161345202488
331,"B_p160_lam416",0.296290974042145,0.748458566189165,2,0.759598250663541,0.48932283845101
332,"B_p160_lam416",0.554115603693736,0.295249752115687,2,0.725437076301514,0.670375066565269
333,"B_p160_lam416",0.295121203624454,0.208698256784985,2,0.741986495627253,0.248082418164484
334,"B_p160_lam416",0.587427670801476,0.482864090964136,2,0.566545084875163,0.79669024539265
335,"B_p160_lam416",0.0651718655256566,0.756580337651712,2,0.742658138438701,0.927526660900968
336,"B_p160_lam416",0.148399716104884,0.988348031254469,2,0.694890890106182,0.689880547131769
337,"B_p160_lam416",0.660590541193029,0.384221864937683,2,0.665204739762618,0.622148334521615
338,"B_p160_lam416",0.181765974216092,0.726002300120999,2,0.711318153348079,0.200503864186968
339,"B_p160_lam416",0.106506933185291,0.806927498474554,2,0.715010297101981,0.832953193581771
340,"B_p160_lam416",0.54209528958616,0.668396405213248,2,0.640093944533239,0.461462524812395
341,"B_p160_lam416",0.553765520815168,0.766533089947051,2,0.679509217334594,0.558381244113504
342,"B_p160_lam416",0.549574440311547,0.97216024749576,2,0.606563873371738,0.517868571508042
343,"B_p160_lam416",0.537504380402948,0.922746852117326,2,0.647579929415775,0.287815089274883
344,"B_p160_lam416",0.109585912176803,0.91659667605245,2,0.578665327567829,0.871425596787065
345,"B_p160_lam416",0.58760098082275,0.777588907559392,2,0.722119884119628,0.330060743942635
346,"B_p160_lam416",0.25135823958371,0.588093375334731,2,0.743477384332692,0.423994550161305
347,"B_p160_lam416",0.0278756548345656,0.993843878702491,2,0.67352924850914,0.0153126759937262
348,"B_p160_lam416",0.753741536805878,0.729069248628347,3,0.779331612762126,0.729069248628347
349,"B_p160_lam416",0.368631185964276,0.065628500145559,2,0.531573043518779,0.282030702449444
350,"B_p160_lam416",0.92226918735164,0.571280022709698,2,0.623805569899613,0.577593161505483
351,"B_p160_lam416",0.63789472542719,0.211398721468224,2,0.438841424371097,0.460728443232023
352,"B_p160_lam416",0.44701921359406,0.194768593048688,2,0.722192035563356,0.460577116110527
353,"B_p160_lam416",0.73950230584702,0.252994391419437,2,0.588620173449665,0.518729450915991
354,"B_p160_lam416",0.524690471762063,0.972953371199782,2,0.532548280080897,0.976859749688241
355,"B_p160_lam416",0.755981160145297,0.568235191590408,2,0.654642130952432,0.372959251912398
356,"B_p160_lam416",0.94992379893139,0.713616280655763,2,0.373123693197661,0.885090440386486
357,"B_p160_lam416",0.21626303482618,0.334673178380884,3,0.766712608961505,0.334673178380884
358,"B_p160_lam416",0.913146922168004,0.89568219648848,2,0.619454983054526,0.905458605394067
359,"B_p160_lam416",0.904133336022064,0.578657614481911,2,0.696956183489112,0.459076820684123
360,"B_p160_lam416",0.521591079442274,0.200749750125738,2,0.553719839669074,0.327919336107679
361,"B_p160_lam416",0.00616152122405422,0.0700210527906371,2,0.639660927463753,0.0785504542020676
362,"B_p160_lam416",0.0685370724524267,0.343792624403645,2,0.674563779901175,0.0181501184534835
363,"B_p160_lam416",0.80419319304951,0.644779212511311,2,0.662259115173393,0.868164538725599
364,"B_p160_lam416",0.27614581914182,0.921914160322839,2,0.625252011604578,0.488093384395151
365,"B_p160_lam416",0.272204383066221,0.729032668882382,2,0.611471401870445,0.541259017975162
366,"B_p160_lam416",0.812655841846975,0.778063297491313,3,0.772547002922441,0.778063297491313
367,"B_p160_lam416",0.29430707544846,0.201062760500012,3,0.780695765530408,0.201062760500012
368,"B_p160_lam416",0.843556396370108,0.942194980060578,2,0.682863048493954,0.985853686276664
369,"B_p160_lam416",0.551344994931176,0.554292918687921,2,0.725952201698832,0.885058139608109
370,"B_p160_lam416",0.792200386496491,0.352489010766301,2,0.603532095207384,0.695590310895036
371,"B_p160_lam416",0.149540922262508,0.000930542402824086,2,0.605823423512206,0.0179329563142208
372,"B_p160_lam416",0.120099355283821,0.756724167904211,2,0.697346780171823,0.942680946388728
373,"B_p160_lam416",0.707680220791,0.961873790149065,2,0.511834112858511,0.689971473866512
374,"B_p160_lam416",0.428438775949161,0.713829560867247,2,0.65009370723395,0.78302109298483
375,"B_p160_lam416",0.818082097624771,0.630366415336509,2,0.71840521203066,0.496459665064807
376,"B_p160_lam416",0.239883640931047,0.210513282342904,2,0.697525517280582,0.226257984543385
377,"B_p160_lam416",0.123692701486592,0.140680886977507,3,0.775633842521804,0.140680886977507
378,"B_p160_lam416",0.221194793876219,0.573699727434047,2,0.598442353918596,0.402688992894223
379,"B_p160_lam416",0.26170163558125,0.97669803561964,2,0.532558172611847,0.888452956942404
380,"B_p160_lam416",0.509167842459181,0.894357190883348,2,0.729259443663634,0.850899479983785
381,"B_p160_lam416",0.739021003201974,0.410664694358921,2,0.620542917803587,0.382716417817943
382,"B_p160_lam416",0.939983360725592,0.712807491609101,2,0.566238229111027,0.955284304229176
383,"B_p160_lam416",0.242299175548925,0.0161236435452822,2,0.726140082106658,0.0537122760527995
384,"B_p160_lam416",0.663373679123796,0.372823097003015,2,0.697244768137605,0.505032122859362
385,"B_p160_lam416",0.728468048172258,0.118155422125437,2,0.701721517754564,0.381648765022994
386,"B_p160_lam416",0.791517835206839,0.808114612374675,2,0.749591887750308,0.405378924173053
387,"B_p160_lam416",0.593778533298166,0.523061349955983,2,0.652401716746817,0.73931743592678
388,"B_p160_lam416",0.458029556388082,0.738962321824968,2,0.58676160893196,0.7031068566266
389,"B_p160_lam416",0.646858595164163,0.411301449294976,2,0.71137726060813,0.716689598177999
390,"B_p160_lam416",0.584214541776903,0.250996836874189,2,0.659738153334656,0.502906443749615
391,"B_p160_lam416",0.69119090774055,0.744009216209732,2,0.650986111260144,0.917428377109431
392,"B_p160_lam416",0.312438085187556,0.928036643861933,2,0.747367847508259,0.978390581806303
393,"B_p160_lam416",0.575357020845915,0.334596842832382,2,0.576289050188936,0.416476035258718
394,"B_p160_lam416",0.506027972928327,0.499651868833835,2,0.684881924211995,0.667838097340193
395,"B_p160_lam416",0.75344560179755,0.986867683168467,2,0.706733118933762,0.844409498477791
396,"B_p160_lam416",0.0788989334044636,0.197474406857447,2,0.584960461035152,0.341211484572211
397,"B_p160_lam416",0.073705528060691,0.414809058841605,2,0.732061252954498,0.0936379196902997
398,"B_p160_lam416",0.644367842093406,0.252297613162851,3,0.795838113686954,0.252297613162851
399,"B_p160_lam416",0.747843808814549,0.77514586932295,2,0.757050143666972,0.376740734665173
400,"B_p160_lam416",0.652175441523605,0.523978806516481,2,0.546766312979516,0.847650536728655
401,"B_p160_lam416",0.0223338044258531,0.388883351465404,2,0.695731185876302,0.554014019091224
402,"B_p160_lam416",0.553072895932356,0.537590301184893,2,0.722776405885893,0.75574126024974
403,"B_p160_lam416",0.580074126007764,0.788982584074719,2,0.590929733482359,0.219724967611108
404,"B_p160_lam416",0.15244526394022,0.465756041871065,2,0.689982096224533,0.412533235685443
405,"B_p160_lam416",0.906533021283255,0.333971357865108,2,0.717080502708389,0.722918956546987
406,"B_p160_lam416",0.674310672802262,0.223179356736928,3,0.80510957970606,0.223179356736928
407,"B_p160_lam416",0.073812208777547,0.123769485687892,2,0.608914929461063,0.432410482950701
408,"B_p160_lam416",0.177557354426614,0.48163578030123,2,0.715102255052659,0.0730712348685882
409,"B_p160_lam416",0.147651139146064,0.593978230762787,2,0.53677868963259,0.295660303571322
410,"B_p160_lam416",0.59929321044843,0.439255397219629,2,0.704144361298223,0.288841450028942
411,"B_p160_lam416",0.518218470158972,0.0372999022279441,2,0.672866272047887,0.228873741108555
412,"B_p160_lam416",0.583928309755964,0.522654305026276,2,0.599446056017607,0.841831509119203
413,"B_p160_lam416",0.646342328414817,0.425650522776606,2,0.68357951334925,0.798495897581979
414,"B_p160_lam416",0.265557254077057,0.0803244306229125,2,0.578830353011962,0.250401927635936
415,"B_p160_lam416",0.572257895456218,0.811172073308007,2,0.559677529562255,0.727237680353315
416,"B_p160_lam416",0.799618433159935,0.488137921978182,2,0.732988297422386,0.846199400985666
417,"B_p160_lam416",0.849866396417627,0.470277863068881,2,0.546718894303779,0.680670549543565
418,"B_p160_lam416",0.895468395610322,0.798581119217013,2,0.737233625093176,0.853913974528348
419,"B_p160_lam416",0.588917475776317,0.695228453884853,2,0.682518436372762,0.232793742117096
420,"B_p160_lam416",0.311437182116518,0.977890474396126,2,0.681772743932807,0.771411299144511
421,"B_p160_lam416",0.608977889694713,0.600256391941343,2,0.763100648008507,0.160748690377851
422,"B_p160_lam416",0.986136792099788,0.648198414817044,2,0.607289516624364,0.87831071802383
423,"B_p160_lam416",0.325419205441065,0.514733625184906,2,0.616861359122177,0.529645890655907
424,"B_p160_lam416",0.663825998178616,0.747683914377122,2,0.598567802812729,0.492997851159437
425,"B_p160_lam416",0.432103281938449,0.766022751621436,2,0.709095661241098,0.899518956220094
426,"B_p160_lam416",0.165190819403595,0.0611308431713689,2,0.583897330208921,0.053836343178997
427,"B_p160_lam416",0.655470317110475,0.938505032761918,3,0.819856338653994,0.938505032761918
428,"B_p160_lam416",0.180835169012687,0.202426304891961,2,0.593921092995586,0.267405139806699
429,"B_p160_lam416",0.993314256910088,0.743272961968587,2,0.578129778798321,0.815597745121578
430,"B_p160_lam416",0.903775176426629,0.418212578139304,2,0.640349256531848,0.717145877906138
431,"B_p160_lam416",0.724673382001085,0.12497262236335,2,0.609585692429457,0.366339878530719
432,"B_p160_lam416",0.567798289203923,0.201411368644598,2,0.680396694938016,0.207800519689241
433,"B_p160_lam416",0.108424289233864,0.788530409850343,2,0.612241359500112,0.391371813661462
434,"B_p160_lam416",0.774015932218324,0.922011466470359,2,0.576642604099298,0.804091891485063
435,"B_p160_lam416",0.0160850737010141,0.277458222759286,2,0.469647049875607,0.0300302959274213
436,"B_p160_lam416",0.445836750784185,0.817436377965208,2,0.674501328135525,0.662596109000299
437,"B_p160_lam416",0.185382017581385,0.778559938413432,2,0.753193566332141,0.27592076435589
438,"B_p160_lam416",0.855909796016881,0.861137220085736,2,0.658903226611675,0.583164914250834
439,"B_p160_lam416",0.091983226975708,0.423088093770675,2,0.712056185315675,0.641743620984796
440,"B_p160_lam416",0.788628433273255,0.381922783906619,2,0.589960609787228,0.483707443221171
441,"B_p160_lam416",0.201460670878995,0.63905391475953,2,0.679211980227081,0.32096567827156
442,"B_p160_lam416",0.264799944753968,0.216612610723792,2,0.709966056208695,0.565799569942337
443,"B_p160_lam416",0.636550890161081,0.126631983097759,2,0.540944671848566,0.313358639345214
444,"B_p160_lam416",0.366408520072637,0.61983686938836,2,0.609663952339836,0.830732674034498
445,"B_p160_lam416",0.557436401994617,0.574216680815167,2,0.722845998718781,0.763961057327372
446,"B_p160_lam416",0.521098229727751,0.431545024647754,2,0.586229039183906,0.269161502296456
447,"B_p160_lam416",0.338033848578528,0.558675671608814,2,0.604221738454797,0.857639321252756
448,"B_p160_lam416",0.443846813613877,0.0738011574918097,2,0.589764617373715,0.321389626340259
449,"B_p160_lam416",0.814456977225291,0.36877036995676,2,0.598111118135986,0.545765930559369
450,"B_p160_lam416",0.190024211550201,0.397152726507294,2,0.737394850819263,0.762785977461279
451,"B_p160_lam416",0.807524014583493,0.935395095173545,2,0.461359339443295,0.764762195690536
452,"B_p160_lam416",0.531999944427314,0.912185711225048,2,0.665253588662146,0.920202248597968
453,"B_p160_lam416",0.549279375222352,0.841796923668072,2,0.708290690212158,0.922269185778064
454,"B_p160_lam416",0.0415938599814166,0.0854262337361982,2,0.679641890156715,0.0669392222563099
455,"B_p160_lam416",0.975614083551529,0.943667632798462,2,0.602274284433469,0.911820495460665
456,"B_p160_lam416",0.349175080906788,0.582962645509428,2,0.721197898305373,0.898985065647249
457,"B_p160_lam416",0.0883387122497561,0.93986769568872,2,0.665962257746726,0.0975437858473653
458,"B_p160_lam416",0.00327416028965388,0.0346934088333537,2,0.608601510375917,0.0263194525467432
459,"B_p160_lam416",0.293021435732485,0.267779901139999,2,0.683432207297405,0.346512447275494
460,"B_p160_lam416",0.49423625817523,0.423927148450364,2,0.678511800384435,0.721535750087082
461,"B_p160_lam416",0.539805263490222,0.673417436581871,2,0.689829829286727,0.587192102646057
462,"B_p160_lam416",0.161094157509843,0.661449213484755,2,0.394497504288297,0.925147844254652
463,"B_p160_lam416",0.378063653004642,0.198263259197557,2,0.678359935162878,0.481809429898525
464,"B_p160_lam416",0.291911320931184,0.980179490202754,2,0.495139448024459,0.181885491688401
465,"B_p160_lam416",0.872377849755992,0.763318814346869,2,0.665876273463222,0.388117142161587
466,"B_p160_lam416",0.526625795158781,0.680101825001514,2,0.699569148886965,0.754535532262196
467,"B_p160_lam416",0.409044242139385,0.0512637748830223,2,0.643980229124328,0.264820138376898
468,"B_p160_lam416",0.32384348903295,0.668225502038622,2,0.551093201156947,0.376859593897032
469,"B_p160_lam416",0.472236154249099,0.809089179818659,2,0.684566440859215,0.78773274302391
470,"B_p160_lam416",0.981973236786061,0.976921207333454,2,0.491726396515573,0.657287569217405
471,"B_p160_lam416",0.201535568051691,0.417841561208215,2,0.692491885452082,0.697074574386842
472,"B_p160_lam416",0.687105370980744,0.65047998717406,2,0.616658332156692,0.894438888480066
473,"B_p160_lam416",0.819664910738526,0.760047207344746,2,0.579447420671993,0.808709195600207
474,"B_p160_lam416",0.660073226312806,0.687846044202075,2,0.554617022534803,0.310669651654203
475,"B_p160_lam416",0.115215071431914,0.571160573519168,3,0.787534515539597,0.571160573519168
476,"B_p160_lam416",0.137698609549562,0.189636449057324,2,0.656244381068329,0.0719395603285508
477,"B_p160_lam416",0.0862663881078982,0.567453075697276,2,0.678548763226934,0.346873246112818
478,"B_p160_lam416",0.839157293738201,0.615376062132355,2,0.521803318607056,0.712919552363914
479,"B_p160_lam416",0.932124378981354,0.760246638347144,2,0.635337129642246,0.859380039161726
480,"B_p160_lam416",0.510285783357334,0.601700828520669,2,0.577769655249993,0.825012163491194
481,"B_p160_lam416",0.218100905857209,0.319339121834454,2,0.625089075615481,0.271679355928277
482,"B_p160_lam416",0.184486416225552,0.594060673525463,2,0.661035649441732,0.905890831787375
483,"B_p160_lam416",0.417305855393958,0.923518181164087,2,0.657565374595715,0.399178675566062
484,"B_p160_lam416",0.11231473138514,0.326861370849079,3,0.803067269577449,0.326861370849079
485,"B_p160_lam416",0.542093268141623,0.515560156016277,2,0.569702546906066,0.715660512670945
486,"B_p160_lam416",0.279367836697252,0.123516078217123,2,0.674615114333221,0.390571194531696
487,"B_p160_lam416",0.558397399824792,0.421694795832256,2,0.6432522573185,0.321624402307947
488,"B_p160_lam416",0.559847483584785,0.570569007485154,2,0.654437687638404,0.433521493947741
489,"B_p160_lam416",0.459478324785826,0.178097491516759,2,0.637130888688683,0.274071915555021
490,"B_p160_lam416",0.966880917724152,0.638532026040143,2,0.607782339830183,0.920971153500503
491,"B_p160_lam416",0.918451851356086,0.848779011507443,2,0.704908457715774,0.8479486256618
492,"B_p160_lam416",0.160283788641298,0.719440890586133,2,0.76032589707463,0.62366015344003
493,"B_p160_lam416",0.264415584719052,0.350129850459406,2,0.554219772537478,0.730769294260985
494,"B_p160_lam416",0.982576461076535,0.928549615633566,2,0.358780587503451,0.98842294807151
495,"B_p160_lam416",0.362893407678239,0.601107696653857,2,0.644861206349276,0.192024405299577
496,"B_p160_lam416",0.243288443364508,0.348288195102305,2,0.571257268609644,0.0577561877348886
497,"B_p160_lam416",0.796885984049803,0.706965109723117,2,0.603455273489816,0.910608106298524
498,"B_p160_lam416",0.707325306348111,0.333018098828358,2,0.605859731647771,0.30022143248437
499,"B_p160_lam416",0.0512868796060679,0.578762486986649,2,0.552120541655369,0.903440886847885
500,"B_p160_lam416",0.121906102565281,0.907404557864317,2,0.682611102767379,0.934527622693521
