"rep","cell","law","S_dec","S_edge","df5","p0_dec","p0_edge","p2_dec","p2_edge","p5_dec","p5_edge","est_sd"
1,"A_p5","gauss",1.0291517793521,0.132398217976977,7.48197598393709,0.998187474898941,0.947420546944068,0.997665286754207,0.937240251497838,0.997669619955067,0.938654616444383,0.702940636510518
2,"A_p5","gauss",2.69840471059825,1.09115573848055,7.54973998762768,0.952604205546981,0.588916952389466,0.943722461264367,0.545865055968229,0.943973268500958,0.554039378903439,0.630538683698902
3,"A_p5","gauss",6.59408712155375,0.740520261895145,7.58036538597592,0.580421400441617,0.702238629842459,0.540257593193243,0.668469868085358,0.541384969284191,0.675450451491479,0.607701805128805
4,"A_p5","gauss",8.24444858096553,0.804875862320285,7.04413051587123,0.406325971081698,0.677719281596886,0.323106101846185,0.607752278236552,0.312094460137621,0.604331895077548,0.974486278508464
5,"A_p5","gauss",10.1512060000375,2.8759990293725,7.1392484392198,0.251975551476004,0.240163223990485,0.188625431014308,0.168358056573616,0.181138431047662,0.166393681406767,0.934919703873813
6,"A_p5","gauss",3.71782938855077,0.880940716758548,7.26741600062034,0.882344123045028,0.654913757195167,0.851945876424619,0.595889476922721,0.849405645280948,0.597538554047944,0.828819166515613
7,"A_p5","gauss",8.85171747483308,0.478311779589077,7.34451557707446,0.352434099425939,0.799538189026224,0.294618075724238,0.761733334841918,0.290587211589024,0.764281329308538,0.782122330832576
8,"A_p5","gauss",4.93534994664223,0.567283798435323,7.38414687922077,0.763890781246848,0.767476059991149,0.72259083031796,0.727863845529002,0.720803419347704,0.731750049155169,0.733444405130312
9,"A_p5","gauss",6.76186517769419,0.578076470283274,7.44644402985446,0.561806911453724,0.762985166886378,0.509794434333343,0.726043033381796,0.50841860887167,0.730409119579096,0.704458541368762
10,"A_p5","gauss",11.2962291198068,8.23052118891049,7.20353967084122,0.183000537018266,0.0163355913208717,0.133367518612729,0.00617764705310186,0.128307106241543,0.00613927988232255,0.88568563439276
11,"A_p5","gauss",8.15789129777478,1.9203433114128,7.43826326138197,0.412018046884268,0.384296576458084,0.361350700069459,0.33309693846032,0.361402411504788,0.340158335805244,0.676033940982077
12,"A_p5","gauss",6.99875525174889,0.234794878911918,7.20550023692853,0.535125085192241,0.903376027533357,0.463367225228727,0.877729011884486,0.455617921263217,0.877836649935618,0.875565054565704
13,"A_p5","gauss",9.96927477287771,1.38757566235215,7.58355741470501,0.26472081630718,0.507703646719999,0.229156058195234,0.462590115835244,0.229918977893486,0.471745845620585,0.62586571052995
14,"A_p5","gauss",9.0264220031103,2.43534483615429,7.46873636382007,0.336521934127291,0.29646457700172,0.289524687253498,0.244218230330295,0.288542113293967,0.250795465880705,0.699067498493005
15,"A_p5","gauss",8.21899709031806,0.389791953474034,7.41598007202454,0.408928988625366,0.846430098768964,0.356344379569148,0.814022020115769,0.353160820367311,0.817217187758679,0.744279814748122
16,"A_p5","gauss",6.00166776878382,0.633445808418683,7.48970966569417,0.646012091090741,0.739867172687109,0.601671293215831,0.703586589373769,0.60172527219247,0.708683877510284,0.689843556981519
17,"A_p5","gauss",10.5848284941484,2.95834446818081,7.42047540369547,0.222835665346542,0.228713272384564,0.180325236594909,0.179494273327354,0.178836316833919,0.184340455105369,0.71384940047314
18,"A_p5","gauss",5.5239370240927,1.30044291213251,7.46476047984279,0.70079645446737,0.528800378360753,0.65754220428371,0.474411062279459,0.656646014971201,0.48082941824082,0.72069201489612
19,"A_p5","gauss",3.11821082010013,0.176601682762521,7.21718858702116,0.928197754472073,0.933845154433694,0.906051654483235,0.913329435799614,0.903337995682706,0.913374341204889,0.877198283466601
20,"A_p5","gauss",7.43886893879569,0.474905077987092,7.34209987994683,0.489126496077458,0.800349671846669,0.425617308392613,0.764772462071872,0.422933309650227,0.767316086634953,0.791516634978276
21,"A_p5","gauss",5.40611157649134,2.1080465623437,7.38443281112809,0.71141812687711,0.351925948621988,0.665751989229952,0.29195056251634,0.663765362110376,0.297415159215183,0.748819690722443
22,"A_p5","gauss",7.7477748889829,3.41500563991348,7.13147748674776,0.454536793213559,0.183897777954958,0.377502075149478,0.12140659143772,0.368434485097571,0.120409838504154,0.905524464726929
23,"A_p5","gauss",6.4444873171685,2.65160014066036,7.50455167451135,0.595825170234783,0.268443444173127,0.550808688790253,0.220991861403676,0.551027711024766,0.227982165695377,0.66701646487664
24,"A_p5","gauss",13.4816212877584,1.60161474876634,7.38588392664866,0.0954615530173546,0.458110993838048,0.0685985971456726,0.395061445275808,0.067028773818578,0.399281155644138,0.770318710688197
25,"A_p5","gauss",7.84636348140591,0.376109449414979,7.51120402400188,0.444328871079209,0.845777639182403,0.398542036353296,0.822332843618938,0.399148032933638,0.826677210064207,0.640665328453941
26,"A_p5","gauss",1.59631986206781,0.22051360859906,7.37792807156416,0.991466070936482,0.911124395533372,0.988727585823663,0.890740121477269,0.988606531443251,0.892463818395261,0.763784293825408
27,"A_p5","gauss",7.27555800667016,2.55702769338228,7.55240843183982,0.505741747182098,0.281284620113302,0.462944210363153,0.233827328025563,0.462597082042516,0.241873631670785,0.631691964185246
28,"A_p5","gauss",6.07743661798726,1.46720317472238,7.55268610441393,0.635368015761311,0.486848353730955,0.59767654447954,0.442829781684215,0.598907877812521,0.45175365421031,0.608666296819091
29,"A_p5","gauss",5.48741734544836,1.12613365423668,7.0433830066985,0.704013278444335,0.578838130496116,0.631732394623963,0.494956446706786,0.620481378008652,0.490276915043678,0.977156186141914
30,"A_p5","gauss",3.55786884879485,1.09241122110403,7.05544998637022,0.893704780543386,0.586460704029833,0.858802801290675,0.51199508111689,0.854224487698593,0.509863908947128,0.939183317710442
31,"A_p5","gauss",10.8795787733725,0.579781103106244,7.37965529003263,0.205941209032645,0.760897024817123,0.163334899463155,0.718395615045526,0.160199415059961,0.721971634504465,0.762510939767678
32,"A_p5","gauss",6.63198804484458,0.295591133750539,7.45370833811613,0.57389437351915,0.879962304189886,0.524952961460424,0.857501054187188,0.524102330021763,0.860658515770618,0.70212756859226
33,"A_p5","gauss",6.95663436989428,0.791894441656479,7.63125368021916,0.540745755425972,0.682912701497946,0.503683813406136,0.65203962477357,0.505594659926366,0.659556881626252,0.572073572623799
34,"A_p5","gauss",4.67287186581941,0.671808052967437,7.26976649177083,0.794747720678781,0.731015525996873,0.748259179640646,0.675948911224062,0.742766887971153,0.676263701202428,0.852870111981138
35,"A_p5","gauss",7.24738168300753,0.86686294667702,7.1929508409789,0.508333014150019,0.657142417166613,0.435507437159508,0.591067134406187,0.426953677806111,0.590570177483381,0.905331880072787
36,"A_p5","gauss",15.251665805404,1.01884307257598,7.47234021778826,0.0525174960410949,0.609778378284847,0.0380863563832241,0.563259873017616,0.0376344209216997,0.570041467767663,0.665394001703015
37,"A_p5","gauss",4.39064331792549,0.376344775277316,7.4131925523785,0.820498153069396,0.840296834843128,0.786454439067452,0.812790527505934,0.78580647958058,0.81582412535669,0.740376385417564
38,"A_p5","gauss",8.6843606907785,2.76088546933856,7.54248194511907,0.366649980001373,0.253086227728722,0.323555144475077,0.20981452752848,0.32440711550748,0.217266606410219,0.645095062914099
39,"A_p5","gauss",3.11322253659239,0.410298815891081,7.28709355658757,0.928145200958196,0.828485580651268,0.907784675025177,0.792283425122634,0.906139638911,0.793668950567024,0.821987038322053
40,"A_p5","gauss",13.4439434990224,1.48271962364652,7.46509884771131,0.0965349614011473,0.483725471077935,0.0722420739220895,0.427217608966683,0.0713938640483605,0.433651804579435,0.710293989119599
41,"A_p5","gauss",7.94574966939851,0.261555329918072,7.52616890524028,0.43735867931858,0.893240282526634,0.391306008518764,0.874901472746073,0.390902555308245,0.878349087920975,0.631526541941674
42,"A_p5","gauss",10.5760342712515,0.31753448905266,7.41284293646416,0.224735010095427,0.868692911147224,0.180524775805775,0.843893971294838,0.178803185680065,0.846619888103401,0.726817146920033
43,"A_p5","gauss",2.59091120635749,0.818020440714678,7.0246657827838,0.95756132121782,0.673889635341983,0.940590384693285,0.601469127698355,0.9377818486197,0.597043828714095,0.97603575475092
44,"A_p5","gauss",7.27019798007217,3.89138277633126,7.46381182579304,0.503606777698607,0.143680693238703,0.45483607510358,0.106625565846449,0.453928805461218,0.111024969665991,0.678711152118378
45,"A_p5","gauss",13.5920646488505,7.56643247874435,7.04272996172572,0.0913948797044375,0.0224159492841896,0.0557568324671057,0.00837680585506706,0.051491900439347,0.00784597977052726,0.976547063336436
46,"A_p5","gauss",4.91677452121978,2.12869100126505,7.4154888391609,0.767347636054726,0.351546656813845,0.727673630920986,0.290902282891933,0.725556477644801,0.29653099901509,0.727823679920399
47,"A_p5","gauss",7.56284530863577,3.92093359868148,7.40789329202052,0.474694151363647,0.141884440079414,0.419747039567092,0.101032071064746,0.417028454414967,0.104636070633163,0.727901156383815
48,"A_p5","gauss",5.83411303239576,2.83813147966848,7.33229164955873,0.664711360966809,0.24486627460596,0.609599715772524,0.185630581009125,0.606406964802318,0.189029197893633,0.799127124442632
49,"A_p5","gauss",14.1700955326059,5.06216879790857,7.44604022634888,0.0759554574076572,0.0799333440281631,0.0552155203333967,0.0531202919467025,0.0546019106301754,0.0557543785878306,0.706019808212843
50,"A_p5","gauss",6.00393328493216,2.94079460087821,7.35260801195828,0.645858927565215,0.231741429002096,0.591451255014545,0.17530073570593,0.587959028916805,0.178651622567301,0.791520248411158
51,"A_p5","gauss",2.33770242621795,0.205372189691277,7.38271645574369,0.969348221368642,0.917457561263239,0.961151733340424,0.900231047761855,0.960961644298729,0.902060386379368,0.741524383507597
52,"A_p5","gauss",9.74977737822468,2.0147103276919,7.25567670894865,0.281958586631692,0.369868186812938,0.221377789813028,0.295460991465077,0.215866212133443,0.296032236446815,0.882678494669701
53,"A_p5","gauss",11.2754362013192,2.068962021712,7.35497732394803,0.184910834126964,0.360933737411201,0.142436165159809,0.29484870079792,0.139349893477436,0.298756145744355,0.775452409819103
54,"A_p5","gauss",9.37212315081657,3.47531966224033,7.57408393642844,0.309381726226311,0.176178473728368,0.270794582438454,0.140656063515388,0.271646726983227,0.146959562838514,0.624050185747866
55,"A_p5","gauss",5.15523918634462,2.86719547047285,7.41291234162805,0.740399707203908,0.24109763495416,0.697830175429597,0.188090003427004,0.696520741172914,0.19286225064141,0.737651132261974
56,"A_p5","gauss",4.80511234599928,3.7207378781826,7.23307747287343,0.779434355801285,0.156586530869437,0.729259267580758,0.103291897929578,0.723622727068871,0.103678888879261,0.852985523455994
57,"A_p5","gauss",4.24221136507151,0.905409480887854,7.27667980267585,0.835092732208648,0.645158565730584,0.796591990504231,0.586205039321994,0.793338195483541,0.588474189276904,0.817361074044826
58,"A_p5","gauss",3.14862747749374,0.783662781491501,7.48617281256545,0.925640033378011,0.688040197746814,0.910617585274441,0.64732115912141,0.910624971024627,0.653324391199418,0.672520234147981
59,"A_p5","gauss",13.1672490922191,6.94419211546376,7.13683926013216,0.104294891754424,0.0300778452050563,0.0685809340910263,0.0122794755774828,0.0642344855065615,0.0118266100179647,0.944912806699689
60,"A_p5","gauss",9.00428410610985,2.47028232405956,7.40903309019453,0.34072847647963,0.295842526501666,0.288417485509096,0.235389881775825,0.284375545654302,0.239679988531981,0.750126193024847
61,"A_p5","gauss",7.59423058002632,1.23102917621965,7.4801950580514,0.472264811579468,0.548468102483092,0.421774078173354,0.497966415335845,0.421441765830738,0.504884265812403,0.689463667927485
62,"A_p5","gauss",6.49009299012254,1.97032226102426,6.94172570142324,0.590935183463526,0.377939408793751,0.501953650753861,0.282597679314941,0.484835439235521,0.273878054869037,1.03217579758048
63,"A_p5","gauss",5.38760870709919,0.402098256507469,7.40812547912026,0.714002811344113,0.827943225479221,0.66938442779143,0.799803537818982,0.667917116751182,0.803015668082683,0.705416711090678
64,"A_p5","gauss",7.76110348312374,3.5931855323136,7.06697274152376,0.455366512477035,0.167104542859755,0.371969242282468,0.102370560974455,0.360025730141377,0.0996462527885271,0.985368806105601
65,"A_p5","gauss",3.50970993448556,0.777360321238421,7.51258343604474,0.900172719684975,0.692109865857632,0.881555941887321,0.650325743803913,0.881339307370221,0.656427012424754,0.675562848427779
66,"A_p5","gauss",10.2949203636166,5.59414872413276,7.35466471809173,0.241169860937082,0.0613645943353622,0.19411647433707,0.0357994408383611,0.190131522910583,0.0371822947971255,0.776851933252729
67,"A_p5","gauss",5.44633350706483,1.72831525606351,7.33115285004251,0.709312330970269,0.427786291712833,0.659139828882754,0.356095544580909,0.65379165547487,0.359332940957827,0.791880503035887
68,"A_p5","gauss",6.94292602733568,0.166369987585926,7.28314414901831,0.541701724126196,0.93530154911431,0.475221228025736,0.917992549372937,0.470466901636305,0.918855594242607,0.821114103409697
69,"A_p5","gauss",6.55346450058678,0.104759360457123,7.17358826152952,0.583963699701875,0.961982547979437,0.5107610346381,0.949637753823668,0.503322867617098,0.94975915140304,0.876061975124305
70,"A_p5","gauss",4.36305657544034,0.246056480930703,7.40196178159998,0.822562262277685,0.897672974897411,0.789625771714718,0.87692637017087,0.788189222815129,0.87925271602074,0.729981596194278
71,"A_p5","gauss",5.39637030227075,1.73270402642335,7.06944711337652,0.712561289786527,0.424579515003046,0.644585038435231,0.336983699797184,0.634655245902654,0.333078826772391,0.956865369235177
72,"A_p5","gauss",11.9055718436744,1.82036141103821,7.39237424322133,0.153019904039724,0.406618172079082,0.117568611587918,0.343626583065597,0.115411089622296,0.348791501404787,0.751375500006221
73,"A_p5","gauss",6.89278263662703,0.137759789140112,7.4520700189411,0.547401683081792,0.951572609377555,0.496883436977356,0.939673905364424,0.494235097269021,0.941259241056922,0.700403663753872
74,"A_p5","gauss",3.49515718511643,1.41827923289263,7.43815972359865,0.900226148436278,0.497525652719919,0.87943858481031,0.440690360991239,0.878875633252214,0.446988326764361,0.717118372274601
75,"A_p5","gauss",4.51884340448359,0.535104255716419,7.45576390530922,0.80778229779106,0.774847070865191,0.774735169942058,0.740940648935684,0.774310683646134,0.745202940845648,0.714915559640675
76,"A_p5","gauss",10.7333760771023,1.49264319187557,7.40469818062834,0.214348133190313,0.479707502411976,0.171939521590274,0.42003725411075,0.169644057131147,0.425637063555811,0.726237351029717
77,"A_p5","gauss",3.43907376861583,0.566066661075711,7.29091444626082,0.905262796884217,0.768207662297656,0.880082445036445,0.722748228889803,0.877882315270834,0.724340159702456,0.831768220387416
78,"A_p5","gauss",2.15841172259445,0.735592794004596,7.5866140353739,0.976563863512229,0.703452031456662,0.972073371233653,0.670265188917793,0.972307401725112,0.677139260694203,0.606597178679076
79,"A_p5","gauss",10.430334544182,2.82931764720832,7.54948418477264,0.235700898815821,0.247328212243999,0.198427770885079,0.200784906692518,0.197997605198236,0.207824333889511,0.655202775204961
80,"A_p5","gauss",10.9472505047447,0.82813219176563,7.49054054946955,0.203280941550829,0.671511930940606,0.165588535848353,0.628420538552858,0.164974426344981,0.634259672573621,0.693357176991166
81,"A_p5","gauss",12.257986214141,2.85580781938105,7.3587656236534,0.136218664172718,0.237970349547042,0.102599692211316,0.183548711428611,0.100828837899093,0.187886153434267,0.749372746856054
82,"A_p5","gauss",2.7317550500141,1.12106580515001,7.38766264076214,0.950905872132424,0.579694774094675,0.938351350450805,0.523132744918875,0.937873315761923,0.527574709689836,0.770102404695415
83,"A_p5","gauss",4.89217037992745,0.898518163133998,7.20376984461853,0.768700185241616,0.644779697208377,0.715752198919582,0.581578818222679,0.710308898685154,0.581910433801525,0.863591534762661
84,"A_p5","gauss",8.01697585632743,0.866716859914412,7.27165276516967,0.430823060998427,0.664371410381234,0.364815935536651,0.602017866345521,0.357145661358121,0.602564654828457,0.840227027498521
85,"A_p5","gauss",6.17549373250231,0.130639885763094,7.38989081028912,0.625393472925805,0.953465721306936,0.573296838918552,0.941334439616371,0.571050264932328,0.942607855203353,0.760652048594462
86,"A_p5","gauss",4.26732253205511,1.9073445780047,7.37245897594302,0.831050953172949,0.388835970824565,0.798764381181416,0.328013556882452,0.797250153425127,0.333208718823158,0.74330990642901
87,"A_p5","gauss",9.36922372621707,2.23426040140692,7.39746963832381,0.311146706163862,0.33159783242604,0.257753426073314,0.27201986514623,0.255367056886199,0.277162663768174,0.750648337042563
88,"A_p5","gauss",12.591699701449,4.9445963319564,7.14252699818814,0.12285995121238,0.0850872956994847,0.0831549741692934,0.0477064324362153,0.0791399340438508,0.0471093454193942,0.917688043549682
89,"A_p5","gauss",5.30436982033077,2.36328073516191,7.50397630791066,0.724441746278534,0.311003472566058,0.686675052700726,0.261466579445686,0.686609086916983,0.269117966528456,0.653372484451459
90,"A_p5","gauss",2.65403839139488,0.0595176305780967,7.2653650462031,0.954500512565846,0.981272852486866,0.940667416851755,0.975345331590432,0.939694591717311,0.975645112460358,0.820269456727668
91,"A_p5","gauss",7.3301514953582,2.08097447737201,7.53845476540401,0.499772402484516,0.360257851255019,0.455394005201072,0.30963919323347,0.455298340679864,0.317517794610353,0.663769752291707
92,"A_p5","gauss",8.06521775845804,1.72542450383925,7.13291118726918,0.424835318993128,0.42705787975345,0.34767660089439,0.345829635981326,0.337902730291778,0.343556943127649,0.912401966535251
93,"A_p5","gauss",3.85469232783624,0.507298647491572,7.126638858886,0.871003266594997,0.789925682398122,0.832057774541797,0.740192618696853,0.826708904899424,0.738922374043424,0.911701993558711
94,"A_p5","gauss",3.679148864887,0.0442419853636703,7.11582807041526,0.885105416512958,0.98917210024967,0.850326965759435,0.98387430393689,0.844973400687982,0.983718610395403,0.939117471193342
95,"A_p5","gauss",8.16211652468012,0.476341387680293,7.1014077201095,0.413742966940909,0.802851430025794,0.336478481824161,0.753359297569467,0.325563970406317,0.751673165668007,0.920244473018371
96,"A_p5","gauss",8.35625355464927,1.49733999132309,7.33019009043452,0.398447713476772,0.478466435143406,0.335422227776748,0.41389482333058,0.331828137690829,0.417150941319183,0.809433100887429
97,"A_p5","gauss",7.85747849158743,3.56138122113313,7.46624465663993,0.447837159998854,0.170125635158179,0.394696598183505,0.127729448428673,0.393283908270158,0.132197450330453,0.710879239870666
98,"A_p5","gauss",8.92758627055402,2.03117702680721,7.36672732627925,0.345524981446549,0.365098220430736,0.289744832706172,0.301960167458381,0.286531960407942,0.306937864563223,0.761577807279803
99,"A_p5","gauss",3.9689052233272,0.934800807329633,7.09646180041022,0.860724539938377,0.637299615742794,0.818902741732189,0.561844396225469,0.811981303971842,0.558425762458204,0.955261976141047
100,"A_p5","gauss",5.62888297285199,0.918767388711433,7.46086520359474,0.688913277741512,0.640325454143271,0.644559162582865,0.593562361803205,0.64364098434924,0.599129891243205,0.702876829276386
101,"A_p5","gauss",2.37391046411902,0.94520876910227,7.0369149893951,0.968012416123588,0.631023654729644,0.954457434653203,0.551622172090623,0.952033635527225,0.545995441826851,0.996702980941549
102,"A_p5","gauss",5.65391059012224,0.286291433123601,7.20473996524357,0.683793362426458,0.880331323970509,0.62274933494331,0.849882591774926,0.615781409953324,0.850153381113554,0.884928681497753
103,"A_p5","gauss",5.57402299335338,0.4178552453532,7.39627786079839,0.696987718044866,0.830569618160009,0.647765649222802,0.795549150314965,0.64446685259173,0.798230921041243,0.761455435327691
104,"A_p5","gauss",3.87512068875687,0.721885680558895,7.22355990532738,0.869009441291813,0.710437308660473,0.834567446125593,0.651678764955375,0.830519593777956,0.651580780255227,0.878269152051245
105,"A_p5","gauss",9.46082902169617,0.465913696663881,7.47693208219418,0.302997435273634,0.807320701596107,0.257034224001134,0.776531855167585,0.255931242989086,0.780615315242769,0.697143614872535
106,"A_p5","gauss",2.98989437117548,1.68154419374957,7.49435582933538,0.936061698480098,0.438525806688125,0.922880783269179,0.385275734116771,0.922881319051274,0.392365209453253,0.686520711046223
107,"A_p5","gauss",8.82130532696012,0.260025898675274,7.34970189287483,0.355676540120671,0.893804512447138,0.297321930226238,0.869617766774292,0.293616932892831,0.871263395379317,0.783011803765535
108,"A_p5","gauss",11.5711108811363,2.2529525718036,7.10478892493898,0.168381954741218,0.328656718281704,0.117200726689352,0.247333203243826,0.110812244146457,0.24459248691679,0.924363022401985
109,"A_p5","gauss",2.01662641287698,0.338698879589951,7.35520552735666,0.981215625964257,0.860242523460534,0.975574240078248,0.830088643680927,0.975198389337025,0.832244587856919,0.785528077307318
110,"A_p5","gauss",9.36570931454959,0.854160409465204,7.34316455176095,0.310343157166758,0.662291024387914,0.253747658824214,0.609382715345989,0.250561901127398,0.612687834532615,0.800395317678589
111,"A_p5","gauss",9.6202290756583,0.355463276974188,7.23825592774204,0.288651535601355,0.848158985808094,0.228733595517017,0.815102361896539,0.223064420452513,0.815954672101365,0.827764590700791
112,"A_p5","gauss",9.8011488174722,7.80921308504705,7.10489305850614,0.2763858399373,0.0196489500817125,0.208894339587766,0.0072430009033555,0.199439373086173,0.00693524835221782,0.9259338039681
113,"A_p5","gauss",9.57055967195957,5.65785748898786,7.40290603463406,0.29355201933089,0.0583783967507303,0.24377214596255,0.0355414003471197,0.241235797508436,0.0375357166919723,0.735393882453669
114,"A_p5","gauss",4.78088088007791,0.703845098576012,7.51752756941611,0.78022639937543,0.714773417885308,0.749101408149103,0.67756287670275,0.749184729696201,0.683958709681581,0.646389327800885
115,"A_p5","gauss",6.84690360153629,0.586403422713435,7.33317627649012,0.551921586518604,0.76140623357498,0.491199246056379,0.717182681917768,0.486778654857266,0.719638629759044,0.788838217170528
116,"A_p5","gauss",3.86252093968108,0.630104194182757,7.28504032348505,0.867785753390562,0.736331620084465,0.836387894745558,0.692928801896549,0.835180801000794,0.695454336021265,0.807419110771526
117,"A_p5","gauss",3.47144638296232,0.0856908611926152,7.45421396181683,0.901752490040206,0.973267013349663,0.882567137959158,0.965790596317861,0.882217497579996,0.966903215972848,0.703564677460652
118,"A_p5","gauss",5.14856699394777,0.252727867171445,6.81039790617873,0.740836645347159,0.897089657304898,0.658939409268604,0.857905919232169,0.640348651130668,0.852391999832211,1.11020133193793
119,"A_p5","gauss",15.6306789591595,0.210881147074221,7.35171842308748,0.0469082216355778,0.915462565984625,0.0309891587149318,0.895850420533056,0.0299472666458429,0.897300376646643,0.771084104616758
120,"A_p5","gauss",13.7595210185905,5.00846278794079,7.12173134366261,0.0859728057834618,0.0819627192320211,0.0544497067295067,0.0438661588125449,0.05104091239775,0.0430159678498747,0.929445970835166
121,"A_p5","gauss",4.40303539253359,1.57852030611816,7.38796759697944,0.817795470935417,0.459732398465885,0.784356369758199,0.40118893785946,0.783037410070902,0.406923894638736,0.728039950546544
122,"A_p5","gauss",6.83781995485018,2.54221433545417,7.09583768119101,0.553531003167456,0.284031218161223,0.473752126190131,0.20154853803628,0.461604013919522,0.196845205073406,0.975879881731292
123,"A_p5","gauss",5.61543854671624,0.049519555034059,7.43239920758165,0.686981005829511,0.986243868629079,0.643479099173652,0.982284877116108,0.642670066133674,0.982900047429239,0.690441097447284
124,"A_p5","gauss",7.47280014277228,0.304457777614997,7.52428516090508,0.481835880266173,0.874169108213929,0.438007073224734,0.854672823517333,0.438737568970709,0.858453751946415,0.627905502364099
125,"A_p5","gauss",11.9717204818957,3.70424380140163,7.19869487379191,0.150246480858351,0.158185076734316,0.105997596477245,0.102271930739951,0.101710420385557,0.102034421169942,0.913534803029703
126,"A_p5","gauss",1.97396532217245,0.171262917657233,7.2381235821876,0.982612068637438,0.936283949946111,0.976214248175976,0.915676259040505,0.97551330023677,0.915967828226542,0.870000057884072
127,"A_p5","gauss",8.6779857369716,2.15820182383043,7.11190872815009,0.367614723205121,0.342880529736168,0.290319693742533,0.262005242097597,0.281736472781219,0.259369408527523,0.941681754264437
128,"A_p5","gauss",15.7670037545346,0.574138187407608,7.22636944984838,0.0443316849217714,0.76224709682859,0.0270835275850743,0.714291110181437,0.0257601857083926,0.715411801273884,0.865436019745479
129,"A_p5","gauss",9.09870287714078,0.152836748446142,7.41136949243762,0.331838690320631,0.943467410708867,0.279253742548365,0.92966193849582,0.277242568960612,0.931202928855331,0.740245524727945
130,"A_p5","gauss",5.32592779177755,1.07004259024412,7.29565059787554,0.720018632304215,0.593316901871786,0.668993030287075,0.533787317118826,0.665355472152004,0.536781125719895,0.791771394920932
131,"A_p5","gauss",2.7358110889273,0.252463143851731,7.03509052917407,0.950388332687309,0.897280952355796,0.930965668792517,0.863834877862772,0.927524659037001,0.862004338293201,0.984400298257714
132,"A_p5","gauss",4.17741082346639,0.762650787021122,7.3168390566615,0.841078183575388,0.695856951369367,0.806214637776816,0.642330405524097,0.803497946391001,0.644932200280509,0.808145489445499
133,"A_p5","gauss",6.23476238237029,0.553395298318,7.33924851663144,0.619099871796245,0.775333093946608,0.563907647573687,0.730160283920908,0.55881968172836,0.732519845662984,0.808652091063109
134,"A_p5","gauss",17.3583179043821,2.97435138756899,6.95438529193754,0.0247580465198658,0.226004511065481,0.0121712959357827,0.14809703753496,0.0107005712588998,0.143169364652531,1.00416373274076
135,"A_p5","gauss",5.19598623275492,0.263915483439729,7.31618004416895,0.737742731806229,0.893644126813175,0.687721241812829,0.867257808079934,0.683230854927637,0.86848368436475,0.810952231482195
136,"A_p5","gauss",6.27766675290067,1.48246130451343,7.10825636960842,0.616194839675534,0.483195028205549,0.540686214300512,0.394658402199318,0.528826578592656,0.390426229741369,0.961063969151082
137,"A_p5","gauss",5.35351640338446,2.81220461692785,7.45282534449118,0.720489201848466,0.249168138745391,0.677605638133885,0.196863311692371,0.676279074171546,0.202041941653699,0.724619843913957
138,"A_p5","gauss",2.94629619372348,0.337692364178121,7.2172281070612,0.938627851645178,0.860751216736128,0.919320520341662,0.826602859434808,0.917320374488704,0.826706250423223,0.873201134958649
139,"A_p5","gauss",6.93778765523116,3.69031659222796,7.26810946247014,0.538946711741894,0.158812655002949,0.473866918586093,0.110822714275502,0.469494358559466,0.112829935041371,0.807747196545518
140,"A_p5","gauss",4.08413503220464,0.0520434922761005,7.11917316023473,0.850288461527485,0.984981936806312,0.806640191026579,0.978508256346258,0.80034209345891,0.978343574260701,0.929798102375485
141,"A_p5","gauss",2.15450909673541,0.765214814068575,7.69551929313454,0.976723846099044,0.692499315630019,0.97326822928982,0.665550373896153,0.973648363699251,0.673796156770613,0.518737793344652
142,"A_p5","gauss",7.3889491028902,0.414616247842412,7.10362366686097,0.493853509103518,0.828429794783228,0.413443698642799,0.783765039713259,0.402086300296975,0.782335310968361,0.929640300295195
143,"A_p5","gauss",1.07429286961755,0.381763322084612,7.24336007999102,0.99788373726669,0.838941158083431,0.997018564062334,0.803805096909474,0.996945093024853,0.804906459247681,0.828394150174088
144,"A_p5","gauss",5.83382972041683,0.555475504879884,7.2225240698134,0.665823567212503,0.771646740920302,0.602600682413255,0.722188759806905,0.595491972756733,0.722724810883884,0.866084461961696
145,"A_p5","gauss",3.29239328152899,2.58528989698555,7.50649870650857,0.915730706318069,0.278954317503526,0.899696172455191,0.231830787912356,0.899864857323742,0.239386752859723,0.646966141796288
146,"A_p5","gauss",5.96590448509829,0.354123295435491,7.17240320347027,0.647757969575602,0.84927143931202,0.580771580923914,0.814469892549485,0.573942614063995,0.815067913921304,0.866691882821738
147,"A_p5","gauss",12.7082004060908,3.10280661847153,7.03749114786648,0.120971215442976,0.214183530937599,0.0776803590725089,0.138052158845827,0.0712361877606476,0.132786334776713,1.0000663304072
148,"A_p5","gauss",12.066913985243,2.37513005624847,7.20561810307621,0.145410316451854,0.308510143786266,0.101918813484545,0.241752057643774,0.0987582527388688,0.242441541562883,0.861053956611244
149,"A_p5","gauss",4.8874423313883,0.895541900683281,7.13048268822821,0.768989968829678,0.647859045701209,0.711288032359415,0.580697535385164,0.704650675185954,0.579130875842741,0.925084924709145
150,"A_p5","gauss",4.3249335145775,0.969019453582449,7.37301809053803,0.825011638360767,0.621477333817001,0.791737846916636,0.569016861265528,0.790586570400611,0.574080191954224,0.74217097190986
151,"A_p5","gauss",14.9269062362893,3.13646899931233,7.47028229935711,0.0588395502774796,0.208042502126373,0.0426832238512714,0.16322255353534,0.04232533443373,0.169216964513662,0.685229045173977
152,"A_p5","gauss",16.9584732969175,0.969919199658897,7.31634684797155,0.0295109967161649,0.620883648920739,0.0180811142841777,0.566383579240569,0.0175229616952133,0.570065973892922,0.795716657718003
153,"A_p5","gauss",2.42757338095358,0.417122067093837,7.30034468245196,0.966169231461598,0.827517699263959,0.95553736706552,0.789613406016214,0.954644271069691,0.79121487435755,0.848871466540282
154,"A_p5","gauss",7.89720623840678,2.66517002536672,7.43705871283237,0.441988477221393,0.267085831191734,0.388994956489373,0.212386930589834,0.386315378131472,0.218162856519138,0.709892512557852
155,"A_p5","gauss",5.72649226841403,2.71042711591549,7.54248200733526,0.677248449120072,0.262432846213994,0.639891315731058,0.21556409815896,0.639786639202162,0.223254968111806,0.649650546450309
156,"A_p5","gauss",3.89883234181448,2.9824175268997,7.29963549454398,0.866743613122645,0.22553038686852,0.8349157450679,0.166001594234985,0.832381254999927,0.167653061260527,0.819509300098971
157,"A_p5","gauss",8.57199454482939,6.58930445253184,7.43035142332246,0.377293491431313,0.0376386851725261,0.324211542374607,0.0218318082229187,0.322838931821114,0.0231583348133138,0.723803785249947
158,"A_p5","gauss",3.04981190056051,1.27029800748276,7.64420313563175,0.932158085164181,0.538400966979142,0.922420044420914,0.49989814725589,0.923048280685101,0.509878067005674,0.560238472046113
159,"A_p5","gauss",6.46200574057887,0.643850600764029,7.29516243067186,0.593415955180865,0.735426706691699,0.531399841459944,0.68800195487026,0.527165211350661,0.6904565421531,0.811422052939898
160,"A_p5","gauss",8.59117633904283,1.80470251635173,7.55688215684384,0.378490917599247,0.414203106657885,0.33446482092289,0.361343667234318,0.333844321181073,0.369473659094402,0.670630953642942
161,"A_p5","gauss",6.25763501968402,1.19585929571203,7.22150734892744,0.612154002205725,0.558049793622266,0.548711644312913,0.492094730438465,0.543787202969657,0.494199005177117,0.844849707257926
162,"A_p5","gauss",9.31888783181804,0.415001747133615,7.15362925592702,0.312865611597514,0.827769072652174,0.244963665328638,0.784089434771641,0.23627069900784,0.782979239471586,0.919840296464673
163,"A_p5","gauss",5.64094018873694,1.82857536339757,7.36948277486217,0.687162535641811,0.406561665920856,0.636423819076433,0.344810894088331,0.633625342181343,0.349726646166426,0.744150819458001
164,"A_p5","gauss",7.85944958918333,0.108950508687349,7.49813819807071,0.443033193760735,0.961654592636092,0.396119465187226,0.953527385576697,0.396488738724369,0.954980584884616,0.673003143646755
165,"A_p5","gauss",3.7110384757172,0.868414914585878,7.48559413619583,0.884622167817076,0.663354959344523,0.862548452743968,0.616434970949264,0.86172010310172,0.622307455201523,0.690261686531062
166,"A_p5","gauss",7.94943302415836,0.275758895959458,7.27806337159486,0.432751218409123,0.885181863073772,0.369004018926403,0.859457958077204,0.364431763660101,0.86091246634738,0.799509424327849
167,"A_p5","gauss",5.77854783373235,0.986779521377739,7.40646664502836,0.672529543716154,0.623436322666829,0.622575549202657,0.570799703809862,0.620626007958365,0.575261010599904,0.753061989419357
168,"A_p5","gauss",7.75718995705142,1.08301053033097,7.42286224640467,0.458605809901799,0.593565110794085,0.402391799288003,0.53559722428501,0.398726451317716,0.540115764487822,0.764617339753485
169,"A_p5","gauss",6.38915655121609,1.6244007883766,7.25005630750778,0.600922692802018,0.44817202557819,0.535812239018549,0.38164515488544,0.53112521739082,0.384556677722869,0.805121469349443
170,"A_p5","gauss",5.17792879173192,0.58257596951217,7.28037068389385,0.738335062140825,0.761001182277904,0.685955465804894,0.715326284199755,0.682177965196928,0.717087553671746,0.830801013634471
171,"A_p5","gauss",7.28174295621382,3.4562026028211,7.09640016504825,0.505028338511336,0.179144961808226,0.423229188877961,0.11556102422505,0.412662525194438,0.113237108859081,0.936674073731308
172,"A_p5","gauss",7.43696345390126,1.35906773996091,7.32483708889221,0.485880461528087,0.513813701090361,0.425274535291524,0.449634841836907,0.42122892626436,0.453230741803352,0.803964000125367
173,"A_p5","gauss",5.99544229078931,0.484311114466246,7.25641534378669,0.644362814349468,0.794343481464148,0.583824088353861,0.753023648790688,0.57903878182052,0.754483889155861,0.842989571490499
174,"A_p5","gauss",3.24832458197122,2.01995908649307,7.32070510548731,0.91864088227734,0.368186012365564,0.897459046838628,0.301355600855274,0.896107303869584,0.304859242025675,0.801081088166409
175,"A_p5","gauss",10.0747900011412,0.132358833266342,7.63709244865747,0.257394778796443,0.953232716297741,0.226296752212402,0.94530609303673,0.227571699714452,0.947450857538342,0.575117116036152
176,"A_p5","gauss",9.29893302139658,0.670807934796116,7.47708779094471,0.315512908256853,0.724868376227946,0.268563068283402,0.687079160340196,0.268098799508531,0.692095490205552,0.704640429131616
177,"A_p5","gauss",7.52142975631935,2.13033251563018,7.37111765479367,0.480450802306489,0.349446109596317,0.420269316256468,0.288312373082309,0.417400327432233,0.292564353770753,0.763031309326327
178,"A_p5","gauss",13.4120777426231,2.75651039354923,7.48173302765417,0.0978782833235198,0.255676676932451,0.073871513401782,0.204047364867298,0.0729176791930926,0.209724763457897,0.697235697585787
179,"A_p5","gauss",4.939752052805,0.836934555633637,7.29537692515515,0.758467598318063,0.667380708049776,0.715395109321327,0.615815288573399,0.712810430643027,0.619897696717064,0.754089779809036
180,"A_p5","gauss",7.79295509859422,1.65925315180889,7.36766608971117,0.453604101980245,0.443361480269931,0.393050462346518,0.378467521710302,0.389322069039524,0.382416499194667,0.7768814676198
181,"A_p5","gauss",14.1571213224101,3.27375047480314,7.01640160352469,0.0744392370968424,0.196420861171281,0.0443726568273257,0.126572354135879,0.0407622969451765,0.123009799646981,0.983794263397852
182,"A_p5","gauss",11.4444915002622,3.14001671797185,7.56098492305448,0.174227612945211,0.208222388162574,0.14510723987543,0.171297504398492,0.145749290305869,0.178290334043228,0.608494083611388
183,"A_p5","gauss",7.59048727897133,3.42960122516894,7.26074647842855,0.473410514090467,0.181862141814397,0.405261138597707,0.126292712464026,0.39830745635614,0.126970956072066,0.84788484962851
184,"A_p5","gauss",4.72121288576923,1.84598577365437,7.42601180406167,0.787243670982491,0.401849398767859,0.749424409553065,0.345324933015517,0.748995883195238,0.351106997212864,0.732816971559983
185,"A_p5","gauss",7.77744426796871,0.788156559712836,7.55876935457729,0.452306596401624,0.684903552127768,0.409941523108856,0.650284578253486,0.411019885198902,0.657061236897321,0.612969862699476
186,"A_p5","gauss",5.10002483995182,0.907736664884639,7.41449902423969,0.745207655299959,0.642566813320796,0.704216639977069,0.594928499187709,0.703214325103529,0.600109235481832,0.724765830462605
187,"A_p5","gauss",6.58162205060077,1.40590145572419,7.48294206884038,0.581870244079264,0.501755199213145,0.533099305927004,0.449746075429337,0.532819153822147,0.45642046184589,0.705151046384621
188,"A_p5","gauss",5.04379952038987,4.26248752126732,7.52241530772284,0.753749001989578,0.120097911417893,0.719259984537756,0.0878834720743243,0.719158413467584,0.0922576794205537,0.648859013843548
189,"A_p5","gauss",5.9109651097234,2.65229465401858,7.36392803079298,0.657992215647393,0.267763174705744,0.603082561784432,0.207767992892305,0.600171149599961,0.211382159614686,0.797287726898633
190,"A_p5","gauss",1.04909284269764,0.134614843870469,7.14579118931764,0.998056558592226,0.948257255122087,0.997138932553967,0.931511381832383,0.997021290373659,0.931372507220956,0.907854775913431
191,"A_p5","gauss",9.91608380635438,5.54732103680015,7.40269429702694,0.269317490988416,0.0622835410095212,0.220283385947765,0.0380040921077872,0.217910275435268,0.0398350371938089,0.738579589587312
192,"A_p5","gauss",3.37565775339742,1.05922963319778,7.29901238177482,0.910213292902485,0.598589838701559,0.886320266359288,0.533518936674871,0.883956668269054,0.535554931546937,0.813860617948771
193,"A_p5","gauss",5.97874563212947,2.5591098494189,7.49546442331026,0.648773221801312,0.281820752714169,0.605131175711667,0.232232587603341,0.605107190866527,0.238998570701738,0.681272131152
194,"A_p5","gauss",3.24486574266295,0.0682737711699453,7.22203692537377,0.919367582972591,0.979752723283111,0.895095234414602,0.971360274104757,0.892311856455676,0.971447373338526,0.891456282037638
195,"A_p5","gauss",11.8448514845075,3.00194492284598,7.08841253382473,0.156371529041112,0.225845116244845,0.107027579732677,0.150978117439792,0.0998958507665844,0.14733590184626,0.953697254843371
196,"A_p5","gauss",5.04404474422658,2.62890009741377,7.38890764491227,0.753182628489546,0.272546385386776,0.709963281899288,0.214883531962201,0.707997826460454,0.219382072674667,0.753984037078343
197,"A_p5","gauss",9.9087523865449,0.811435907874221,7.53730610785234,0.267572201163013,0.678914744327287,0.229488187414415,0.64188255209586,0.229951217818395,0.648827904556591,0.628094064661649
198,"A_p5","gauss",3.64003474200723,1.63399158053329,7.18681495148958,0.887632008171658,0.445183506968114,0.856142882066579,0.368168642080408,0.852795541070224,0.368533545333857,0.88780239821791
199,"A_p5","gauss",14.3093980877739,2.44098377503548,7.20791991457044,0.0714439897257295,0.298499786229962,0.046579865142246,0.22602940771713,0.0441645626752145,0.226119358854238,0.874497406412533
200,"A_p5","gauss",6.20500109696558,0.404376305145045,7.29272142882629,0.620275759471516,0.829883445208303,0.56143478923004,0.795911733416314,0.557562604140832,0.797815967765007,0.795850517980294
201,"A_p5","gauss",7.30090082215706,1.23745257660839,7.3865783076964,0.501055797219115,0.543585957303081,0.444695809429834,0.486332462868386,0.442314492248115,0.491353577556776,0.752518003214944
202,"A_p5","gauss",11.8863930476388,1.98351017494526,7.38676587027742,0.154339453947475,0.373967150718073,0.1181224733062,0.31176214635048,0.115864814912692,0.316747218372999,0.751827396427809
203,"A_p5","gauss",7.83115527231595,0.239516162755437,7.4456144281396,0.448502073028703,0.90259733402089,0.394875112431037,0.883867381491224,0.393809685902631,0.886327701998041,0.705020342658244
204,"A_p5","gauss",6.06888958872763,0.0782557865005347,7.31641235015904,0.638427691902692,0.975034969115644,0.580947117099003,0.967351714020893,0.576381572294383,0.967873170335633,0.784281418594324
205,"A_p5","gauss",4.3520110545822,1.27488687103927,7.46035085138088,0.822860410981957,0.533269655130201,0.79343030299482,0.483441877218612,0.793465949126954,0.490537868835179,0.677123371036052
206,"A_p5","gauss",10.7712329254403,4.19226317348904,7.40782264595125,0.210927659205293,0.120055023021389,0.169648878596247,0.0841859864620239,0.167883574065205,0.0875211898001798,0.734889940745019
207,"A_p5","gauss",16.6172770822414,3.64154563122282,7.33395913044528,0.0335026927783527,0.161677403492232,0.0210134184007807,0.114836848078222,0.0202864595945995,0.117322058295111,0.787503927948198
208,"A_p5","gauss",4.80709603488522,1.93210473461961,7.30602780332695,0.778957627911506,0.387587485562383,0.733416214678,0.319249095045582,0.729602658948348,0.321663358346656,0.8082492822569
209,"A_p5","gauss",10.2686718812551,2.13798597259484,7.34751464917368,0.242245071246571,0.344692204499248,0.193210337142522,0.285569262025645,0.191351575173772,0.290685949755266,0.760283733727597
210,"A_p5","gauss",8.4201597528348,0.365815885315823,7.23129185929772,0.39014830534381,0.845682041212467,0.322019187800746,0.810787193825754,0.31591246859495,0.811401761409814,0.850191554074591
211,"A_p5","gauss",6.88643141154757,1.18288656221613,7.55993853227847,0.547791550097844,0.562061470198019,0.505116164115538,0.519676510974528,0.506135120134401,0.527577330390378,0.619847382235761
212,"A_p5","gauss",4.06285425632068,0.0449064083230712,7.46835333131096,0.851773063073434,0.988991009088675,0.82553569397333,0.985766273860705,0.82534084439952,0.986269279350306,0.696909129897593
213,"A_p5","gauss",25.5503961279991,3.78771152291058,7.42316537034162,0.00115686667699122,0.150181647444679,0.000593732901072563,0.110157303904475,0.000568578906316342,0.113820787986742,0.703207004539349
214,"A_p5","gauss",3.68775303968937,0.453740652727798,7.13717726336814,0.884177587160912,0.809514037418258,0.849918995918237,0.764163624244587,0.845101158782278,0.763245635436549,0.908405538749535
215,"A_p5","gauss",4.36778492022806,0.0832471711714312,7.48219842430064,0.823398727617146,0.973219080448531,0.793769853986877,0.966425234222941,0.793218092405974,0.967481848180893,0.693984171166771
216,"A_p5","gauss",5.33250249053525,0.258516289234646,7.23190161301684,0.721452833648452,0.895230412553393,0.66484747106229,0.868155991136802,0.658662208711032,0.868746855770558,0.83892858029879
217,"A_p5","gauss",8.26753462326433,2.06485427311058,7.30147670842891,0.407177466394421,0.360112285099464,0.34204032695775,0.29038726894577,0.336893262458349,0.292898540738771,0.821631004606644
218,"A_p5","gauss",2.63180867238228,0.850991639859229,7.27015340128043,0.955639488019719,0.661368962541947,0.942396026326577,0.603170292224631,0.941320800791013,0.60518338663728,0.816361064603079
219,"A_p5","gauss",3.48705566466932,1.47552165393476,7.50778203056264,0.900990326421686,0.487320871034299,0.883479406198076,0.435578976471048,0.883373031489215,0.443391403768231,0.659722411599902
220,"A_p5","gauss",3.66591716810163,1.46510224565846,7.22740559281841,0.887235432769964,0.490712636216373,0.856501289878207,0.415236245022572,0.852640230158853,0.414866634207324,0.859375330901075
221,"A_p5","gauss",9.18353270383589,1.00560143089167,7.11109410747249,0.324487417815936,0.614549177144533,0.251780049786777,0.539128872963107,0.242088262797036,0.536162430072643,0.944119655700076
222,"A_p5","gauss",6.94166901545414,1.11468438938668,7.35458000623642,0.542141679856549,0.580633077542011,0.481287659092592,0.523444079301996,0.478323603113668,0.527675953278638,0.781790034207577
223,"A_p5","gauss",7.54714419309214,0.462378723647811,7.56614823566592,0.477735626429957,0.806430559155568,0.434509607139562,0.780471726182093,0.43531671748058,0.785553554684229,0.636970725436959
224,"A_p5","gauss",4.65927328701801,0.121556275870035,7.42340666704403,0.793885901058299,0.95832817612058,0.757813236508673,0.947465948444239,0.75634340283761,0.948798908935675,0.727771713774491
225,"A_p5","gauss",11.4901854956865,1.03016005079975,7.25765182050077,0.171177582900643,0.604989902590223,0.127275713855166,0.541505517727554,0.123611504156175,0.543204212737885,0.835020843249989
226,"A_p5","gauss",5.70724162717632,2.06528878074056,7.26748417447561,0.678885758627074,0.361356911188954,0.620350563744372,0.290493168664947,0.615578868634287,0.292524572920902,0.842044174348627
227,"A_p5","gauss",3.940392176109,0.876452586321215,7.38570994091042,0.863849041966221,0.658211013476297,0.834733127251112,0.606455052798614,0.833262318487144,0.610575978188846,0.760225820433492
228,"A_p5","gauss",7.79990737435959,1.89557622918928,7.33616609895689,0.45061360477379,0.390930525393313,0.389210411191506,0.325771135561185,0.385268450886601,0.32991108600559,0.785953299991995
229,"A_p5","gauss",7.41361906846565,1.00440430979405,7.13998710472915,0.490628996458517,0.617164665223498,0.414100656241624,0.542160694309307,0.403469388438508,0.539952286218999,0.931144054040254
230,"A_p5","gauss",3.2370875352653,0.206765856818723,7.25575342451456,0.919451380591181,0.91723773343813,0.896576834499969,0.894514906232672,0.894423599603943,0.89504251980951,0.857911348786911
231,"A_p5","gauss",5.7243610489681,2.10230208560223,7.28588154764156,0.675995714947321,0.35395720544852,0.619684831882222,0.28632807882783,0.615465389531196,0.289421975666611,0.812140411017209
232,"A_p5","gauss",8.325887007088,0.141130901463227,7.35918981809029,0.402501232236441,0.949875381600207,0.342750994644671,0.934863011497115,0.337481248132393,0.935735660305697,0.810488622769209
233,"A_p5","gauss",6.99342167313977,2.58502720270055,7.39135291057348,0.534393119650609,0.276254274419346,0.478168172995204,0.221113434137528,0.476524621175041,0.226572179844981,0.730832354527936
234,"A_p5","gauss",7.21906222142417,2.82684626675472,7.1034174779435,0.511703691164921,0.245913353279626,0.431478223914038,0.169305432607936,0.420138090931816,0.166585466686581,0.945499616483304
235,"A_p5","gauss",2.04905808793419,1.67846031258732,7.44817805110572,0.979916763368946,0.436172602138841,0.974913989329184,0.380934199223412,0.974882061293577,0.387519855794616,0.704793700936137
236,"A_p5","gauss",6.09385058351677,2.18328677681504,7.48149603713576,0.635402113294231,0.339044310043678,0.591466780958017,0.283347014406199,0.58998366059568,0.290610053098423,0.692928200630256
237,"A_p5","gauss",14.5985812098507,3.39529687615569,7.41205269902436,0.0660904943279998,0.182376875366248,0.0464885523101196,0.137943212590023,0.0457812049888779,0.141949179659733,0.736548849667534
238,"A_p5","gauss",5.12609913099202,1.60298814761666,7.13179102290417,0.743964339263672,0.453575922439364,0.681807653605324,0.374109734303299,0.674807256384413,0.372419613270749,0.927394798177527
239,"A_p5","gauss",7.8122408173675,2.52385157019069,7.18193827885753,0.450902405101749,0.284934391348953,0.375985702305209,0.212755786566685,0.367508439604078,0.212259005240192,0.876258498567523
240,"A_p5","gauss",8.97643051624289,4.14282404781335,7.41022451266056,0.341666536954661,0.127647638661609,0.289376904941369,0.088898415718241,0.286789805692023,0.0917107043402284,0.748168396798266
241,"A_p5","gauss",7.41744595246504,2.05783132819312,7.29990107331911,0.489966396524631,0.362728615761056,0.425967447822415,0.294693272161431,0.420595783018751,0.297067124695483,0.798321877412535
242,"A_p5","gauss",3.01654153792962,0.153008613980371,7.44743242279878,0.93420733180428,0.943007734046802,0.919743860562074,0.929958714888883,0.919534343359028,0.931676032603375,0.712948147029988
243,"A_p5","gauss",10.9564179817175,0.18175953565084,7.14402205258922,0.200851376567139,0.93169194461059,0.146082236120787,0.909702595627414,0.139342204704329,0.909179458674081,0.921580369188076
244,"A_p5","gauss",28.1457548124477,3.05292799209475,7.4988685923792,0.000415977460539896,0.218847806659485,0.000213251708631734,0.173569626491432,0.000205602099742186,0.179765375947885,0.669314841794245
245,"A_p5","gauss",12.669280490532,1.01823663220289,7.30740412629599,0.120737945600145,0.612375073449246,0.0881546555852395,0.549175617157733,0.0849770621690425,0.551336538664177,0.810327001127767
246,"A_p5","gauss",6.63093478412628,0.692013046535642,7.20438785484692,0.576249765470927,0.718434527007972,0.505134537928849,0.660759070860013,0.497485751583722,0.660535497539889,0.894104574179494
247,"A_p5","gauss",11.3855082716484,3.55852536075597,7.46344355796222,0.177670971139436,0.167267845763582,0.142327797917667,0.127165187322012,0.141832919047953,0.131991408593658,0.695456489330944
248,"A_p5","gauss",6.6378130185564,2.84471148927002,7.59497203946824,0.575800040096955,0.244049289371091,0.536999414320103,0.20278293356549,0.53789003741309,0.211111078590161,0.601185034339787
249,"A_p5","gauss",4.70208024345242,2.80601105492746,7.39993232019226,0.78860222456347,0.250397784762449,0.751121011574436,0.195711470497691,0.749519600501163,0.200290638707885,0.735086504568708
250,"A_p5","gauss",4.00836395264233,0.396395863629848,7.47617466317655,0.856175806423735,0.83341252261866,0.831097013728937,0.808432671668369,0.831195863114047,0.812288609948407,0.660387568538738
251,"A_p5","gauss",10.4785339240277,1.3851214221321,7.48584283096942,0.230409848582694,0.508062316353356,0.190450745588689,0.456949081258401,0.190094682925535,0.463775430532527,0.679607430182048
252,"A_p5","gauss",11.3531304389857,2.44339957997363,7.48150774040405,0.181039897379369,0.300392659964252,0.145773555752845,0.247060211502423,0.144297601939835,0.253648488121426,0.684960261972539
253,"A_p5","gauss",3.47805542671587,0.26503782215466,7.17801226800074,0.901508212011027,0.893165239173597,0.872670862568826,0.863665792594806,0.868808302439509,0.863646760543222,0.877256810202132
254,"A_p5","gauss",9.71733240507383,2.99279320474235,7.49661869363311,0.28292782074861,0.226809817665027,0.240246975059432,0.180866160143175,0.239470936180891,0.187538447928839,0.655361808016212
255,"A_p5","gauss",9.79003586024393,6.6780697917117,7.40744960248585,0.276306958858844,0.035518543284964,0.228329267402407,0.0201653962092261,0.22655386907883,0.0214240244822219,0.738773377836011
256,"A_p5","gauss",9.43669195920113,3.6154575995586,7.10935775099273,0.302774918103072,0.1644549798456,0.233254898636102,0.104121181622964,0.223903855751556,0.102298498772679,0.929775609076944
257,"A_p5","gauss",5.90609057643404,2.94600645050511,7.11392911451814,0.654208222685257,0.231418562548652,0.584312067724992,0.160255503706466,0.575187133098191,0.158447579125471,0.921480776133634
258,"A_p5","gauss",6.0287465546896,1.02746389835912,7.19563325814839,0.64457743865361,0.607755805580237,0.577041285871615,0.536725402228164,0.568674405921428,0.536329211531917,0.881927078839989
259,"A_p5","gauss",5.04996476928264,0.471489998549032,7.51840464017435,0.753262505429696,0.806705741945497,0.718081317012352,0.776040256465943,0.717976722703248,0.780657431391774,0.696494356492286
260,"A_p5","gauss",10.0755368824446,0.363270127993886,7.00680841778746,0.259048644310659,0.846931235237521,0.185239523753991,0.803442102796999,0.174797736008292,0.800428445009956,1.00818829522592
261,"A_p5","gauss",2.07602036769515,1.19337589821507,7.22389823692651,0.978721845590729,0.556122804324107,0.97156458455107,0.488611644410012,0.970924918660054,0.489992552158353,0.84436895402038
262,"A_p5","gauss",4.23874414984719,2.04507861508743,7.26247553105097,0.836395717374443,0.363226213629853,0.796445284165629,0.288082688303642,0.792633300820816,0.289394172053497,0.8670754024755
263,"A_p5","gauss",5.52611458061123,0.992312563646158,7.1574866599932,0.699623672171611,0.617349588742175,0.635492722741846,0.547094634402476,0.627006997134005,0.544880860024132,0.906583833861702
264,"A_p5","gauss",8.77595210158868,2.28389286584461,6.89887535098064,0.358552571677662,0.321824905429706,0.268410671553378,0.227451605769397,0.252582769821474,0.219045730607459,1.05021890386891
265,"A_p5","gauss",6.14717929043174,1.21783048010781,7.2114356592328,0.628840086705322,0.555565652297722,0.563709419281532,0.483174825068414,0.556008004375313,0.482705092198939,0.881291058417953
266,"A_p5","gauss",10.9599937934093,0.333509849601654,7.44004140223759,0.203888156523863,0.863818997017022,0.162384565448668,0.836927523960157,0.160473173548283,0.839722096077741,0.753034254084713
267,"A_p5","gauss",6.53536372060835,1.53737148173644,7.5112314074903,0.585565946772105,0.466588522256287,0.540386133872443,0.418023151714506,0.541069820329389,0.425326493537419,0.669586392500984
268,"A_p5","gauss",4.71654331721734,2.55160919263292,7.2416404463739,0.788115958882127,0.282526161162921,0.740743583883117,0.211471492425354,0.735215061155102,0.211985318486082,0.856936098937658
269,"A_p5","gauss",4.318388348372,0.455676427703647,7.50765951049006,0.827591368163754,0.812673866302701,0.80054373120457,0.784162003195035,0.800467453295579,0.788953999312469,0.646569209601099
270,"A_p5","gauss",8.15253307923007,0.549294048544087,7.17297863343504,0.416190146801088,0.771232870500853,0.34178950196658,0.721564952693227,0.334035838329084,0.721344170512925,0.89698792215352
271,"A_p5","gauss",7.81912136942719,0.954517232003163,7.36635681427593,0.447403659453869,0.628231205227939,0.389389350502121,0.5754948430264,0.386622117047807,0.580075068442572,0.74722371476438
272,"A_p5","gauss",13.9105954273355,8.35945257879827,7.34862385128818,0.0810648929538622,0.0150328254646487,0.0577320862255638,0.00674312039823866,0.0561397417130813,0.00714976326427597,0.77786558040473
273,"A_p5","gauss",2.34490591170166,0.120287144121844,7.626441285048,0.969428974950897,0.956581874138357,0.964156201054356,0.948899224203973,0.964496716235486,0.95103793524882,0.56105714306686
274,"A_p5","gauss",8.26296818516482,1.3304836886335,7.56429739436555,0.408465871176533,0.522272152778881,0.364131618983804,0.476468340999586,0.364459089113805,0.484544932357427,0.634495408403538
275,"A_p5","gauss",4.54069566674835,0.00935608278140906,7.34084407665698,0.804562585817984,0.998813881970329,0.766029782676209,0.998357330672942,0.763830989268277,0.998400314085817,0.768465897253578
276,"A_p5","gauss",1.69028087878606,0.454798698026629,7.24873612534003,0.98962904697006,0.814333443213992,0.985834096148591,0.771972413145725,0.985419239178317,0.772926210652485,0.837259975006965
277,"A_p5","gauss",11.1458113174456,0.745471602019398,7.16557509724739,0.189631843046316,0.700533382011311,0.138905886098207,0.638061362162015,0.132340819192672,0.636743737247169,0.901466959730398
278,"A_p5","gauss",8.41117509305318,0.00882358880015481,7.26888236394521,0.393195849891869,0.998925769210278,0.327034016260674,0.99845523809958,0.320533812679106,0.998477423082168,0.834881562586712
279,"A_p5","gauss",5.04422060722397,0.774237000644056,7.43253874023907,0.752218830551955,0.691292770853395,0.712910431710082,0.646578615057869,0.711715790715161,0.651651215707789,0.714039403234137
280,"A_p5","gauss",6.15658287567804,0.175435057354439,7.1433642004535,0.629958681763885,0.932454588910205,0.557321231095676,0.910737307354297,0.547398689478661,0.910074468702218,0.938072834102638
281,"A_p5","gauss",8.59955147417204,0.19209055789051,7.39308736444408,0.373381866560088,0.924479884836772,0.318961009275245,0.907214253021757,0.316725670477746,0.909028407092569,0.740699416018087
282,"A_p5","gauss",6.75407900382482,0.0273187738351257,7.48663939496181,0.561892784046142,0.994343089944813,0.514190943724527,0.992558869588751,0.51351438824298,0.992865107880206,0.676492134788314
283,"A_p5","gauss",3.38228913789388,0.606417329560424,7.12458180067171,0.908946517269312,0.752055606361811,0.879440806379456,0.695135912170496,0.875372683763733,0.693593058180152,0.913881589254971
284,"A_p5","gauss",5.82181833238794,1.14773746046017,7.37472940552243,0.667910061257991,0.574933427448507,0.616320161884608,0.513598901967013,0.612211853728201,0.517775113708416,0.765240900314685
285,"A_p5","gauss",6.21045933996454,2.55550139185238,7.23449886118401,0.624195366306136,0.280107536003442,0.558184657245568,0.21202786204868,0.550689678972145,0.212236320811032,0.855955918671038
286,"A_p5","gauss",4.93461350712678,1.40975105551586,7.30773546796918,0.764284166663778,0.499769990873671,0.718632225391219,0.429285542088181,0.714216503510727,0.431548298440371,0.817675935432462
287,"A_p5","gauss",4.23784092960224,0.419543205064093,7.15574098736293,0.834227128410267,0.821695960391569,0.789946585062511,0.781193304199175,0.785211792514781,0.781217873291057,0.878911990453803
288,"A_p5","gauss",5.00147022277433,1.555530663406,7.28567394381414,0.757879904220562,0.467478385164144,0.708824990050786,0.396772859376232,0.704179250351382,0.398820199787364,0.824360512769291
289,"A_p5","gauss",4.93967337423781,2.73430802654681,7.19247485624352,0.762569748685984,0.25768066453292,0.709976261080209,0.18684485715509,0.703545396700964,0.186832398960998,0.87631891625352
290,"A_p5","gauss",7.54661711573519,0.244607814616245,7.41793401648474,0.476254292963972,0.904330357456947,0.42206183244091,0.883285838573327,0.419755308944493,0.885581514509348,0.733795678924487
291,"A_p5","gauss",8.23404779929376,0.325778080178968,7.56040222876126,0.407956061293599,0.862246305639254,0.365573823023509,0.84324551533967,0.366809262246197,0.847149416650078,0.625100077901069
292,"A_p5","gauss",4.61609803322329,1.00631636545779,7.4690971852753,0.798151229456664,0.615024113914991,0.764676245793074,0.567273031161987,0.764531415450006,0.573421160286375,0.695083659944699
293,"A_p5","gauss",8.43332653761171,2.98267911832513,7.45998481019661,0.388771380688528,0.225183378520165,0.339241215368085,0.177476863576302,0.338174535767231,0.1831220509958,0.699398570816193
294,"A_p5","gauss",20.1002684048025,0.443605251284469,7.32588864718536,0.00939249166261513,0.813991293847817,0.00524066377480314,0.779315179672093,0.00501046758266965,0.781896507191862,0.776831929661871
295,"A_p5","gauss",1.64702395860046,0.046529996827423,7.35832800716462,0.990309317701303,0.987568388127752,0.987350627542574,0.983449051725424,0.987242539315659,0.983908201305881,0.734017455718968
296,"A_p5","gauss",6.05050183893625,0.98148500562779,7.23928940751558,0.640246987658496,0.622294125456298,0.577747927785933,0.554469234806662,0.570592148896242,0.555121198435409,0.870081005758679
297,"A_p5","gauss",8.57451409411019,5.10990136211791,7.39208839829075,0.374520076463114,0.0770959132132099,0.321242099347683,0.0491242240814554,0.318793597567593,0.0514236813209235,0.737903919524644
298,"A_p5","gauss",8.70059581874063,2.0922616093873,7.4444514836163,0.36364891913591,0.356696578044266,0.315216207623455,0.300517131030085,0.313053322007627,0.307057970185383,0.688363584689523
299,"A_p5","gauss",8.18765381312162,4.36796319013108,7.43302507903869,0.410660091200142,0.112882750685561,0.359179750268866,0.0786016890129577,0.357954973402434,0.0820656332121892,0.716292528267968
300,"A_p5","gauss",13.9273125362908,1.6814956350657,7.34644155571143,0.082253007632377,0.439346386793603,0.0579673300035636,0.371034935072254,0.0557378935696224,0.374055402804101,0.78973495099093
301,"A_p5","gauss",5.61439459546301,0.286092992632683,7.3474531290336,0.690595943740956,0.881276997232289,0.638331302367624,0.855843920828499,0.634712604962846,0.85762431127076,0.773352694642014
302,"A_p5","gauss",16.9057259006558,3.18158495785508,7.18730798535008,0.029660033199207,0.205282948154957,0.0170168557249026,0.143740950984672,0.0159261639331394,0.144113442237242,0.868071767018273
303,"A_p5","gauss",10.4300104718488,0.792461363057119,7.2482670946624,0.234992975340246,0.683408149534978,0.179345978056894,0.624588976074632,0.174054946790461,0.625432092102898,0.857094591536779
304,"A_p5","gauss",3.89382927823902,0.615506082819576,7.23167504357122,0.869315455390861,0.755777319811526,0.834456481159474,0.698023531823652,0.829277069272399,0.697025151146191,0.908102548304237
305,"A_p5","gauss",7.21606974998318,1.91530675864963,7.25174591091509,0.50946325236866,0.389132156636476,0.441960219384563,0.317964806031892,0.436942005886388,0.320305249403917,0.841664132649523
306,"A_p5","gauss",4.28292055990376,2.73664522393848,7.12736048508134,0.831154786724535,0.258575842544948,0.784044431584039,0.185863454092651,0.778071670310495,0.184415167373544,0.908484699741243
307,"A_p5","gauss",12.3203933538962,0.488479646620948,7.35653236376628,0.134619634844819,0.794899015749207,0.100618803651531,0.757735827809518,0.0985574904011925,0.760570097540731,0.76517705216625
308,"A_p5","gauss",17.7094036288855,0.464525102930738,7.33426673074152,0.0227521531828854,0.811134088510829,0.0138857280739746,0.771536356799212,0.0132036925780714,0.773520893565254,0.815720440290538
309,"A_p5","gauss",5.74475361720884,2.29352142966766,7.39201472025167,0.674785417861375,0.320903726704833,0.625346991227423,0.259896465694198,0.623099338378166,0.265030889909148,0.755995015959581
310,"A_p5","gauss",8.56130478839955,1.83260622779272,7.10230415860463,0.380348723692238,0.406319569072162,0.303346261069561,0.315873401359322,0.290376359162794,0.310031248404752,0.981617518982717
311,"A_p5","gauss",15.4824448542997,0.342014877792315,7.5352402918435,0.0483224796269288,0.859851353645778,0.0362306721271773,0.837625956917557,0.0361535487522912,0.842018975649655,0.626482479929956
312,"A_p5","gauss",11.4500009901519,1.74250117172602,7.48598244648278,0.175274377393548,0.423794694297231,0.140820121673035,0.369279806173147,0.140361156856248,0.376405210038774,0.69934881183741
313,"A_p5","gauss",7.89726856879643,3.86765983727514,7.39001603685397,0.442634321935348,0.147088694850984,0.385095016371011,0.103793963067915,0.381349654038191,0.106823866507926,0.752323181371901
314,"A_p5","gauss",6.72159508661702,2.72041016551149,7.13564035620694,0.562352369322875,0.259269448454101,0.48821017783944,0.187465161200888,0.479600972382482,0.186251053340739,0.90016578981328
315,"A_p5","gauss",6.06252519387157,1.47565236005009,7.28495079729799,0.63872218825772,0.487026332426657,0.578793174961426,0.419772125938291,0.574012144951953,0.422142944220698,0.8080699312075
316,"A_p5","gauss",6.22718284178939,0.325527342552906,7.23720046165153,0.619772490798377,0.866330477330844,0.556358525169208,0.832148532176721,0.548923525281904,0.832431802315453,0.877214472626861
317,"A_p5","gauss",7.02308890182713,1.46966828516089,7.51291497278126,0.531648722672871,0.485021068799841,0.486368149004998,0.434343468213622,0.48604642914147,0.442669329415673,0.655063502352303
318,"A_p5","gauss",8.25131512462004,1.52067052712462,7.52688088973733,0.407207228404354,0.475047344431033,0.362313973780042,0.425418594615343,0.361726529659614,0.434017285655788,0.633905252472908
319,"A_p5","gauss",2.86674649717235,0.820707446799878,7.43546378704725,0.942837478825074,0.674193559781147,0.930160601284539,0.629211820804906,0.929955590202964,0.634997495489255,0.70224867943362
320,"A_p5","gauss",7.98905062617268,1.93225473803196,7.48477896598066,0.431507181380349,0.384408495057924,0.383205198933569,0.331917668297399,0.382330738392185,0.33941897905133,0.669649206409043
321,"A_p5","gauss",10.2001893211436,0.241472061030145,7.17175731922529,0.246405647324649,0.905765355872605,0.18816650491081,0.877299611379441,0.180737986383181,0.877365088662003,0.879352967815164
322,"A_p5","gauss",5.28521030952158,0.8557181288627,7.11807238469527,0.7258603594328,0.661569452056464,0.661197458568843,0.595064033684638,0.653624259150848,0.593697754259866,0.923621707640803
323,"A_p5","gauss",5.66176488762059,1.03501032091406,7.30945252991177,0.682339838159427,0.604152894384973,0.628173890314115,0.5458745206848,0.625417176708069,0.549741285094237,0.795512760729996
324,"A_p5","gauss",11.500188955627,2.03284685866112,7.28583389911601,0.169113831743922,0.364039701777842,0.126976479015834,0.30106519331357,0.125057887720941,0.304726357717764,0.788027531969802
325,"A_p5","gauss",2.93379747018982,0.278353060741436,7.18689709271491,0.937255917207586,0.883526292386636,0.918695927972008,0.856509024945055,0.917225457123878,0.857488515777726,0.832808903636044
326,"A_p5","gauss",8.36465523266852,2.65093961046538,7.3931917322268,0.397861611555094,0.26895563314342,0.339766976570591,0.211646390737139,0.337569045054037,0.216223198173186,0.762593092561069
327,"A_p5","gauss",9.48746457990856,4.46881731448057,7.41622214398262,0.299932633853788,0.106872172483827,0.250133726081222,0.0737719482349918,0.248441023174808,0.0766352792714327,0.72536543078093
328,"A_p5","gauss",7.36878259941575,1.06106039730272,7.20631147623805,0.495844719061386,0.598023966273864,0.423268150657254,0.529511683322233,0.415490696674198,0.529395543870006,0.879476832054795
329,"A_p5","gauss",1.39602960913658,0.770844104322293,7.56363165604554,0.994716078670965,0.692833270857557,0.993421519518598,0.654402091827115,0.993459695448757,0.661042185267425,0.651201242778796
330,"A_p5","gauss",4.83999501737211,2.38763447018551,7.44971949277019,0.776016695786939,0.3047982510603,0.7393816934726,0.247144688997885,0.737159727882061,0.252588851306118,0.711760297827274
331,"A_p5","gauss",3.0249867430286,1.2689857717506,7.17870656006663,0.932815685533586,0.536673575594495,0.911477914497807,0.464252272653252,0.909495926460389,0.465081171674499,0.873548199821298
332,"A_p5","gauss",7.42201957128245,2.03101659137073,7.54494078370071,0.488338112777728,0.368016736727265,0.445626499019587,0.32024041539004,0.44624760633427,0.329079217940318,0.630145674607948
333,"A_p5","gauss",7.14357138006423,1.43297686211652,7.17372079010584,0.52012661594905,0.494193192989495,0.445499671860891,0.415644438070241,0.436167920157501,0.41461519526637,0.889120410452026
334,"A_p5","gauss",2.85866282800184,0.0428787166313984,7.43042822004249,0.943142289656057,0.988020892494257,0.930175018931089,0.985028018300295,0.930225196939154,0.98546996108849,0.711075978592108
335,"A_p5","gauss",14.9531432281493,5.36351792690108,7.27706198807156,0.0586331026704494,0.0677175563950998,0.0380342004382439,0.0394728226925551,0.036565289633596,0.0403301066583072,0.802792200064082
336,"A_p5","gauss",9.27073445941205,2.75320490320404,7.46472979315018,0.319106249892618,0.255980331217962,0.269758994781096,0.205743264259695,0.269057445502582,0.211224898662839,0.714690566319265
337,"A_p5","gauss",10.965217475272,2.18349270810866,7.25955285669844,0.203342812771598,0.340719007935611,0.152603815592114,0.267215833687482,0.147158220676433,0.267294543105873,0.865008535581193
338,"A_p5","gauss",4.77563196308144,0.517061590520707,7.5002364952802,0.781803907670213,0.790678712216547,0.749297621650328,0.756226423289312,0.748749701249919,0.761163159304585,0.678302363924056
339,"A_p5","gauss",12.0925659820618,1.54288223093748,7.29614689050443,0.145545256593307,0.470446343557456,0.106363667071297,0.399382939391377,0.102910561255569,0.401331893229085,0.829746283135659
340,"A_p5","gauss",8.4993342621817,1.35510865067886,6.98750746098956,0.383882297067776,0.516890237808667,0.297898881082847,0.42650899469405,0.283902241408444,0.41926504044865,1.00720354081834
341,"A_p5","gauss",11.650876064661,1.05936383744982,7.4522571429251,0.166022616020594,0.600643065318908,0.130719547584086,0.548943422376834,0.12934730388678,0.554812537483897,0.711325395284672
342,"A_p5","gauss",7.40297987869975,1.03009489637989,7.35103263297147,0.490477128624308,0.606518965920321,0.431533984642787,0.54809866936155,0.427650152963543,0.551907089677584,0.77428020433834
343,"A_p5","gauss",6.28581089226133,0.0906225169077705,7.37513689999176,0.612188590591816,0.970856142788028,0.559662635327088,0.962515837781202,0.556394747640092,0.963455285172074,0.734255172572463
344,"A_p5","gauss",5.53628190084068,2.89066568960471,7.50800298982454,0.698028541022864,0.237687835310295,0.65908186471314,0.193278967634035,0.659328702524147,0.200020962193554,0.665471150378443
345,"A_p5","gauss",8.01412317128151,3.38103326103193,7.28584723237915,0.428155779482237,0.184738911963731,0.363321404949365,0.132524078281672,0.35902673863849,0.134482243845235,0.823919071552808
346,"A_p5","gauss",6.76097045505295,2.17911057194748,6.80849142624084,0.55972445237949,0.339934956192164,0.460167269491133,0.234196254618711,0.437630146699649,0.220058561292925,1.12614883445199
347,"A_p5","gauss",6.18887507327813,3.36678355776353,7.23859471862517,0.622759802854848,0.186532461984834,0.559288053199878,0.13094060979417,0.553807866033739,0.132135226029849,0.839673607932527
348,"A_p5","gauss",10.0585390208436,0.241759047723235,7.02052149065578,0.258868444502482,0.903086952683424,0.187552301943446,0.870406438004754,0.176747085103373,0.868372375848754,0.990804840213698
349,"A_p5","gauss",9.50076867965351,3.18249088387449,7.41494422616774,0.299067655340704,0.206399894335344,0.24879534913546,0.159385276201844,0.247251084347627,0.16381448409331,0.712288407259702
350,"A_p5","gauss",8.00431064563295,2.70506535598966,7.41646000571457,0.429570219938909,0.260057049271845,0.375463150578574,0.206940067500435,0.373735472346509,0.212114076867717,0.722130304466802
351,"A_p5","gauss",9.8288886736089,3.36448098603626,7.36506397948494,0.27634292603668,0.1885497059594,0.223594362128675,0.137176909451993,0.22023652179976,0.14007454586051,0.788820788301348
352,"A_p5","gauss",7.86927403000155,1.56244896857953,7.34818428164607,0.43805018854971,0.461045399609985,0.382495314174285,0.401887907642872,0.379701855631222,0.407554322879394,0.73101428799673
353,"A_p5","gauss",8.72583247579657,4.74508104936789,7.38660918330633,0.362727104896478,0.0914812819509389,0.308515931241675,0.0591292993206446,0.30524924357403,0.0611900571364692,0.755152100458926
354,"A_p5","gauss",7.65925422356304,0.343034341304673,7.34040125377161,0.463217872858138,0.853813516048159,0.402314058706418,0.826867578030266,0.399963642645312,0.829248537961328,0.772805669213784
355,"A_p5","gauss",6.58212397498458,0.920834483404863,7.2997420755739,0.577787115805289,0.641137140170388,0.518100690345379,0.583506059744759,0.513612828888038,0.586859369244124,0.789014115151201
356,"A_p5","gauss",1.8426086558108,0.719670472225938,7.20811785947618,0.985847320481022,0.70718088469911,0.980602497599265,0.649744951952141,0.979967995776566,0.64973669578507,0.867812291802517
357,"A_p5","gauss",3.74151956622836,0.36529221047436,7.3806316947928,0.880824541208602,0.846166479202135,0.85416187545371,0.815954171614984,0.852831185736791,0.818420424556159,0.780393020289045
358,"A_p5","gauss",2.90737296334656,0.153314639958918,7.33885623300815,0.940448488968283,0.94089775511142,0.924787059138858,0.926896509423598,0.9241400938596,0.928120239809678,0.766013579438713
359,"A_p5","gauss",4.53130782654523,1.23702879056586,7.46312424787234,0.805107108335221,0.546219517992576,0.773791879398506,0.496980691919939,0.773828496086965,0.503870417996669,0.685223352754677
360,"A_p5","gauss",15.9644282774899,6.85398050283614,7.48434371894593,0.0421005455760595,0.0326197544923612,0.0294432898129648,0.0193485191702983,0.02917348833073,0.0206875262385628,0.69769246841048
361,"A_p5","gauss",13.877912443819,0.17822370906334,7.20549792196321,0.0835892100075415,0.931293972275226,0.054651851684392,0.910390001576431,0.0517251349104217,0.91056270594822,0.877199128322436
362,"A_p5","gauss",2.07351310427149,0.571373910135512,7.4282973663052,0.979562699347917,0.765809775609282,0.973934039375086,0.727188552627569,0.973762718786644,0.73100355307013,0.733080973204047
363,"A_p5","gauss",5.19030951273944,0.765102152300425,7.3164242890221,0.736608920633496,0.693747784329812,0.687902685801995,0.640629258460669,0.683882549725694,0.643761242559626,0.803543601829585
364,"A_p5","gauss",13.0785420834552,2.06430069369685,7.36751044512428,0.106378758407979,0.358859922425625,0.0780421265784869,0.296684037811251,0.0763890364377785,0.301153391876281,0.763854577921031
365,"A_p5","gauss",13.5256057477053,1.60987520118602,7.37874363722966,0.0932279293765417,0.454637292923286,0.0674282536941173,0.390419385710837,0.0656710261872309,0.394899012449947,0.756044623638152
366,"A_p5","gauss",0.907062619078063,0.162828343848673,7.42639168855358,0.998916090742975,0.939930119661264,0.99854868830707,0.92554848040017,0.998544869538705,0.927145902820029,0.744387874781879
367,"A_p5","gauss",7.09702344276531,2.75191129181483,7.30534665737344,0.524174677273377,0.255913877774696,0.460627432758039,0.192880898757732,0.455750743649049,0.195488730091269,0.82064459794451
368,"A_p5","gauss",7.81212082696552,1.19662596525332,7.22852537306046,0.451359120580875,0.56122145992696,0.381154929469437,0.487352020639096,0.372497507179234,0.486724814483966,0.875035692223836
369,"A_p5","gauss",3.2193630566789,1.47378311437056,7.39923308652219,0.92055135721935,0.485844493883495,0.902197859531959,0.426636857655335,0.901550090998563,0.432367226699525,0.730925264404518
370,"A_p5","gauss",7.10582627254388,1.75124133280813,7.23751228092063,0.521705107835301,0.42320801271179,0.454390396213575,0.348448480420931,0.44738465194462,0.349537673435609,0.854750605562262
371,"A_p5","gauss",3.58278639746054,0.698031232708786,7.21959651897888,0.892717504680338,0.716499705772223,0.862807785591864,0.66582690488048,0.860292683587728,0.667177996937321,0.836046771600391
372,"A_p5","gauss",6.8779566996572,2.69141983890596,7.33918091363193,0.547019284275526,0.263015435687543,0.487123947973043,0.20207331595167,0.483830606201521,0.205872745436309,0.795402272421143
373,"A_p5","gauss",4.89767479058729,0.637242433970459,7.31980405584647,0.767691833257915,0.738975910097986,0.722555115406593,0.693312680000555,0.719801610638562,0.695963751388855,0.797498790627352
374,"A_p5","gauss",5.78799336827133,0.655468645054563,6.9156414340625,0.668488290961505,0.730463514589546,0.583500259967796,0.664299425753123,0.568772592192151,0.658139289506856,1.02599579820115
375,"A_p5","gauss",7.20398681906207,0.708240125100551,6.94482452249297,0.511207427518667,0.71197474723245,0.420765480197234,0.636820849325733,0.403956773111693,0.629302469043027,1.03977575996461
376,"A_p5","gauss",5.29772841694466,0.111719380881105,7.27631967758559,0.725003127238946,0.962766922100888,0.672842702468216,0.95065970349493,0.667196005866541,0.951149188183836,0.813007764408181
377,"A_p5","gauss",2.55883938024934,0.164263234946412,7.00391608496426,0.959480569327014,0.937618535874501,0.94272948659271,0.914324574520466,0.939323878439667,0.912600191416705,0.981562022318467
378,"A_p5","gauss",9.29990930872057,0.0810235976827171,7.40892801707549,0.313238816932278,0.97365178908019,0.263078835733284,0.966582689979424,0.261593013834615,0.967424682440575,0.739290975662898
379,"A_p5","gauss",3.30649929997527,1.47615892041207,7.36710592600651,0.916700220102479,0.491649777663444,0.895733439163082,0.424443810272604,0.893693078794142,0.427592608023952,0.790318650150236
380,"A_p5","gauss",4.85912906007347,0.109535740618155,7.29737856717686,0.772883782846347,0.959580505416855,0.725771590002295,0.94816030179768,0.722364118103744,0.948811733926257,0.813604885226281
381,"A_p5","gauss",4.4200216015996,3.11581257777477,7.27285349045681,0.818036682479883,0.212751747540629,0.776199230294364,0.153162841804996,0.772627444936682,0.154605286914789,0.830901557755752
382,"A_p5","gauss",8.14037749782443,2.4782910758665,7.11599283037032,0.416409508951696,0.293636182734961,0.33781871227994,0.21860562066416,0.329167292036079,0.217322011098979,0.915448947532457
383,"A_p5","gauss",7.33274739267703,1.71532264227298,7.53232660666213,0.499289315543672,0.42923384041073,0.45404912075738,0.376782574647643,0.454358244958521,0.385249081401025,0.683517439175674
384,"A_p5","gauss",5.84515070881101,0.796607482836375,7.37170696104824,0.663034675274796,0.682329916509812,0.611926206778679,0.631953949550966,0.609008482854317,0.63597888558564,0.770641489527405
385,"A_p5","gauss",8.75277306548507,5.74938028332128,7.3290915067403,0.35926667625396,0.0556551523864833,0.300204407069367,0.032913521298843,0.297247778956632,0.0341761954530917,0.776685294954305
386,"A_p5","gauss",13.4831402034098,1.23901776482262,7.50285184285087,0.0944119781681886,0.547316742781668,0.0725000864024731,0.497628622353402,0.0719372276704235,0.505305855867367,0.657509613917021
387,"A_p5","gauss",9.86215625124319,5.84469887624424,7.57529562023666,0.273943033028475,0.0541901619625437,0.235931474435277,0.0366257245966093,0.236328641890051,0.0393397946085459,0.63897098466716
388,"A_p5","gauss",2.10034123392711,0.796431141391148,7.1881327916157,0.978971247789691,0.688155230420323,0.970682543773723,0.62459439392477,0.969608906114568,0.623520889925751,0.900714340945365
389,"A_p5","gauss",5.52224851819382,0.573988977969444,7.03739951810411,0.699885372335637,0.768396375229229,0.62868009745489,0.706394160966612,0.615656593277755,0.701949193320182,0.990544694472263
390,"A_p5","gauss",14.012430271123,0.579824756099876,7.26073610060317,0.0785263575257046,0.758950042849725,0.0534816573086434,0.710607105491967,0.0511438651845507,0.711757919249608,0.846285860324124
391,"A_p5","gauss",10.1118605835124,3.52950948186627,7.34452419109345,0.254093647547933,0.173880965624392,0.203181621049423,0.125676587600195,0.200260213265983,0.12834565694788,0.774071345857591
392,"A_p5","gauss",5.88811145840347,1.92386766204135,7.36347194997898,0.659422913190302,0.387594958368787,0.606202230782787,0.323726384729748,0.603118026047084,0.327889926074505,0.771753484039277
393,"A_p5","gauss",7.11964378345234,1.94439916276,7.36214259798145,0.519102923904475,0.381896798482015,0.461716168620936,0.320203746279994,0.459407000340104,0.325451233420134,0.754242239202359
394,"A_p5","gauss",11.3407168844841,8.32152145438364,7.40386794571409,0.180060947337458,0.0154045204387729,0.140861591759246,0.00761734389809043,0.139846877928162,0.00823134272062676,0.725600367225596
395,"A_p5","gauss",4.24816422517831,0.580027927438429,7.51273755477862,0.833760354097722,0.75986641246883,0.807913320196755,0.727205880690642,0.808137184114528,0.732999322137496,0.639122732294397
396,"A_p5","gauss",15.6621741558087,1.75771516655541,7.59048088840753,0.0466489891049884,0.423769508822466,0.0351620435565849,0.376229818411409,0.0352390874311217,0.38506609062824,0.631225567628862
397,"A_p5","gauss",12.195568247257,1.17699010650044,7.44465896177628,0.139742464723497,0.566014819935227,0.109148659953486,0.512412177745488,0.107630518498442,0.518910109207133,0.701092220935414
398,"A_p5","gauss",8.77735854776032,1.15560355488469,7.27799372570382,0.35595402988057,0.566280395944007,0.294192043772821,0.503867200125898,0.290117234903968,0.506899550271409,0.806232510644187
399,"A_p5","gauss",9.51741434301068,0.627136088545835,7.27995036998086,0.294811325487356,0.740017586053291,0.237684140320571,0.694217794397254,0.233905603656578,0.696884308149812,0.80272332129186
400,"A_p5","gauss",14.0011911551167,0.582485729234126,7.31237664625762,0.0804063757228337,0.759368550344518,0.0551657041082231,0.713859439503033,0.0531702265805976,0.715803861928606,0.809700825045097
1,"A_p5","t3",12.2321099559624,0.0582695888002161,7.51361237323067,0.140549944614148,0.988633873878929,0.113998366439066,0.984599604374922,0.109736331563439,0.984882307878743,0.714671349243437
2,"A_p5","t3",2.91017999207204,0.493916183791768,7.49598251036894,0.943905916387576,0.81431557010389,0.931040398478151,0.77398433638376,0.929720842633167,0.776403764144915,0.746482498629879
3,"A_p5","t3",3.70002127367928,2.92420011203511,7.1517910182327,0.887310929828697,0.237748185807139,0.856822807673718,0.164856565601592,0.845758253445703,0.15632348789484,1.18192109128055
4,"A_p5","t3",9.65368004977389,3.4900561500821,7.54719112990851,0.289849930227029,0.18034349037942,0.250569328004707,0.138868216145302,0.24816239986672,0.144044936106293,0.651517577364362
5,"A_p5","t3",11.8373762994671,5.37797006858371,7.53977875453054,0.158090311223011,0.068827812700635,0.128944052363092,0.0458736547288472,0.126732948633278,0.0480513926518327,0.67448142700464
6,"A_p5","t3",11.8793578009825,0.737086658865598,7.42721402207612,0.157078573630916,0.717803624861875,0.122949447658454,0.662390364669306,0.118231544077375,0.664388839431986,0.76418731821145
7,"A_p5","t3",3.96136513102712,0.147743208608746,7.1769272417488,0.864934936344832,0.956661021808885,0.828438330940298,0.935945851342788,0.818948048172116,0.933975003380052,0.940977393797823
8,"A_p5","t3",7.77478821448537,2.48403953770381,7.33310940843627,0.457770096145793,0.296613344516543,0.396770961780002,0.227077698426672,0.38728811239484,0.226145972889226,0.850199175241207
9,"A_p5","t3",9.15280659225569,4.11251414805484,7.31823164828244,0.330234831732351,0.130325262928286,0.273890149713342,0.0829843450432658,0.26377648598952,0.0821286965969994,0.835109418345776
10,"A_p5","t3",8.26878594504136,2.16047040452226,7.62593615068417,0.408389254079807,0.349054988807299,0.370599141148883,0.303190971950685,0.370054583971068,0.312475505178399,0.58122307882006
11,"A_p5","t3",6.50036915701073,1.51020850552328,7.38057602890622,0.595594833222583,0.490074121273406,0.542827348461161,0.417708886008318,0.531920900808794,0.416871030128328,0.819296084017922
12,"A_p5","t3",5.14902644372558,0.623527581134142,7.52820098938378,0.746499072498904,0.763325763567415,0.711518526618269,0.721655628877986,0.708176928468501,0.726064224235232,0.684521010933565
13,"A_p5","t3",2.6130850624773,0.433722087019563,7.51091171049421,0.959704263915101,0.840954030759915,0.95009542647703,0.802766138940515,0.949126926755955,0.80578446435453,0.725586776918861
14,"A_p5","t3",6.01944924708626,3.37050815806769,7.45682275456797,0.647893064523211,0.189297969677973,0.601587817310581,0.140393565825619,0.596690158744598,0.143603273725523,0.724099843292752
15,"A_p5","t3",8.59195770884708,1.08824196450339,7.60251722591507,0.376690402796892,0.599541645062792,0.33867264899032,0.556544217128667,0.338180148501658,0.565269986374553,0.567575514335449
16,"A_p5","t3",2.5314229387914,0.986402270971016,7.59288021505298,0.962626722526513,0.630232098015613,0.955512212012798,0.586361942501557,0.955376136640688,0.594775658401925,0.592473411366895
17,"A_p5","t3",10.5131152815016,1.92036061823062,7.50833100862925,0.233888198715611,0.400628438226063,0.195262870930092,0.337665723940322,0.189262541826557,0.341182405475535,0.72235911989948
18,"A_p5","t3",7.2680878664313,1.82131753548087,7.47428466096015,0.509362474193688,0.413694479730221,0.462125391554419,0.352565506281247,0.455214284794651,0.355715486548164,0.721096145491787
19,"A_p5","t3",7.17207626804567,2.21733890980436,7.43982020350596,0.51958794612736,0.335572103517351,0.473474095470306,0.281167388363888,0.462055102117018,0.283794050971786,0.885109324591097
20,"A_p5","t3",5.69680920419287,2.92170587990523,7.42257732542489,0.685849911141604,0.238566657299427,0.640108037698339,0.178323154558052,0.63246930328774,0.179013461178096,0.784496504540818
21,"A_p5","t3",6.18471078136697,0.253614068282566,7.44144571464819,0.62996356568742,0.915752726859555,0.582679074562193,0.889634401951282,0.575700990832585,0.891470370676829,0.7415801758652
22,"A_p5","t3",3.9392941475449,0.129567271859421,7.5465819076461,0.866541438169876,0.960847045016448,0.843981698795693,0.950109802128734,0.843063806205821,0.951735335809939,0.648670969143303
23,"A_p5","t3",4.10106093313433,2.0166258349901,7.468588670242,0.854558515949497,0.383819751705377,0.826927235937546,0.317853071040533,0.822675746879389,0.31899559116985,0.784833041149154
24,"A_p5","t3",12.3822983516532,1.1093258665598,7.49822085121707,0.133500739329996,0.590659522821074,0.106792500615793,0.539249605316062,0.103889573642806,0.543773020059001,0.763471416489542
25,"A_p5","t3",7.53777336013618,0.526406603389734,7.38620636564193,0.482194791119086,0.795673613411668,0.42487130105525,0.748834588690517,0.417169914655784,0.749970126615936,0.800302527482736
26,"A_p5","t3",13.1099102835083,3.32863247493062,7.44237179498092,0.108877642659646,0.197041677373391,0.0839601733439302,0.143046414018099,0.0783170404515658,0.14200770838055,0.908045184782876
27,"A_p5","t3",1.77807440419818,0.251919840707862,7.64526491405549,0.98850434378648,0.911985517239926,0.986034779590457,0.893150152024536,0.986071221841416,0.896738897429954,0.595337167615111
28,"A_p5","t3",12.562628872411,1.13863346034609,7.7410484376806,0.127897479203291,0.585730179824278,0.110810859602522,0.549331615048778,0.111065295619449,0.560827238854034,0.477603150569616
29,"A_p5","t3",3.93783717244633,0.678306049725442,7.53459610002277,0.868850626495094,0.74697922146452,0.845445102988597,0.698614224555167,0.843042869807039,0.702159881496488,0.732768401353074
30,"A_p5","t3",10.2091430677529,4.07063119366511,7.44337347615184,0.250427377412016,0.132455733077508,0.207861739294525,0.0925299176867482,0.202193042075729,0.0945627608659892,0.730625231998263
31,"A_p5","t3",7.47906688110997,5.5230672476943,7.48207778840687,0.488892425947768,0.0645535173697565,0.438717870724546,0.0403209240761103,0.433561914200292,0.0417022965586104,0.752179163232639
32,"A_p5","t3",4.04943192410557,0.54782194557464,7.49700520584251,0.85483196798109,0.784985140842587,0.830762336439623,0.746501998909249,0.829077056111356,0.751147523969433,0.670619555899037
33,"A_p5","t3",1.85319447339418,0.513980690036907,7.26160916592708,0.986452123464963,0.798337106964983,0.981860260012846,0.749718015927024,0.980531801308904,0.747575153871835,0.950208465245819
34,"A_p5","t3",10.892723781358,0.743823247916561,7.41030662554431,0.206543622424095,0.705841633297461,0.165666741981131,0.655144725787774,0.161538710734482,0.65819136324287,0.740293149448126
35,"A_p5","t3",9.69233914542145,0.189662539301238,7.66601688065302,0.291058595917256,0.948687177541745,0.258726437872054,0.934157745287642,0.255369464149628,0.936659135567029,0.627634045653631
36,"A_p5","t3",4.92478008047309,0.254975541646363,7.07998071741216,0.770318118615879,0.910049514512495,0.712418891804842,0.872154045001606,0.695700326881778,0.867266545238706,1.01935042283088
37,"A_p5","t3",7.65431738857167,1.70995270874003,7.49697223024094,0.470645236180675,0.43814185855367,0.421651255705661,0.378237627741601,0.41696324172243,0.384154538069744,0.682039599036791
38,"A_p5","t3",6.95070196070378,0.223474077421142,7.51407499005101,0.545700015661283,0.925522857399984,0.499368494939688,0.905163251492486,0.494386674824376,0.9075133673803,0.6965403797222
39,"A_p5","t3",4.42327069324697,0.902455218213823,7.28750718700632,0.820250723031708,0.654102460522824,0.780672395161535,0.589064204105681,0.773810560475666,0.587717544393202,0.836823460288951
40,"A_p5","t3",5.24255305980018,1.41512176101749,7.26727868539668,0.734762591495593,0.508093366321962,0.6831853253827,0.428390702479267,0.673374418283449,0.42483540029468,0.878230922143609
41,"A_p5","t3",8.20601518858038,0.0773209203088558,7.3792968434827,0.41666458863643,0.981564163511031,0.359418332823276,0.974073135532566,0.350448716506149,0.974261320461625,0.787414348210456
42,"A_p5","t3",6.13747802872339,0.205303388154789,7.45219441885479,0.634837845659152,0.930279741225443,0.587634530620128,0.909694098628098,0.58219869239651,0.91107357968009,0.738550148415785
43,"A_p5","t3",7.08094100245531,0.512609874664908,7.32735245767079,0.531194740711347,0.804833396245065,0.470717978701528,0.754188210009404,0.45985577570996,0.753027074651784,0.85751659669474
44,"A_p5","t3",4.75583708533366,2.60123040301949,7.40570434483311,0.793820053170051,0.289391837940608,0.755144173010365,0.224619473114948,0.745239528083285,0.22019239131389,0.905076670928216
45,"A_p5","t3",12.2739582729666,4.65795293342205,7.45103706270857,0.138183898269075,0.0990495650757445,0.108892190138653,0.0669103035595873,0.104824504144816,0.0677399885048645,0.733380380756617
46,"A_p5","t3",5.52419089266371,1.01672254830962,7.49098282606812,0.71196797773093,0.641885211636123,0.668870528789518,0.574172943540516,0.660064809592419,0.574056041831994,0.838393961430196
47,"A_p5","t3",4.37828637455435,1.0623990419858,7.45368292281413,0.82638513233201,0.608725510781875,0.794997292161786,0.547481572573443,0.791147175171032,0.549887587664832,0.774322087934887
48,"A_p5","t3",2.1133328075967,0.508596369464761,7.3682814916392,0.979604060799299,0.809905401546366,0.973284574224108,0.760812521439283,0.972042372541855,0.76022934659265,0.815553230128785
49,"A_p5","t3",15.5736164975199,0.670757697082888,7.32513349254586,0.0484827889896331,0.745763020604355,0.0324993250916716,0.686243060417719,0.029752384567159,0.684571850603303,0.860986246633868
50,"A_p5","t3",17.4834186460494,3.9642622071966,7.4668678855544,0.0245113777186354,0.136904790909776,0.0167331261922945,0.099065896652896,0.0161408220650672,0.102812655534196,0.680588714526018
51,"A_p5","t3",10.9287193823184,0.205851539784953,7.16968938019227,0.207228037416621,0.934642766594044,0.155810643488972,0.90388461790584,0.142222528009922,0.900278488776292,1.01298626933073
52,"A_p5","t3",14.7122323314433,0.477189767897804,7.4883041510895,0.0649425652531477,0.830039620560045,0.0482453934030229,0.784985809110281,0.0457840155471571,0.787105394662283,0.774769071825764
53,"A_p5","t3",7.32495413688124,4.44364649119647,7.4983045304289,0.511046679060139,0.113441389461628,0.460196066955706,0.0776044247703371,0.451747676269326,0.0774574271685071,0.805674233419989
54,"A_p5","t3",13.413148991398,4.32491294347674,7.49973913729781,0.0986306401604329,0.117512296864506,0.0759280953203605,0.0819591444432042,0.0730443392042222,0.0839738956567935,0.713157137165007
55,"A_p5","t3",4.53555898382272,0.367282286709047,7.44792016853357,0.808714721636215,0.860700566422962,0.775549235325956,0.828406845752607,0.772856989459273,0.831384104890921,0.696464047914113
56,"A_p5","t3",16.0438382600362,4.9153699822056,7.70461226096793,0.041920839848266,0.0880502935204667,0.033408875910987,0.0667030307164831,0.0330561414257964,0.0711626910055406,0.56573411910608
57,"A_p5","t3",7.88413956997077,2.39433545540332,7.43985487782673,0.449575404390946,0.316007856947395,0.396070652430031,0.249956870924882,0.387737904036308,0.251004252220898,0.820207467272354
58,"A_p5","t3",11.8730212439626,0.18679032623524,7.47883911040734,0.156256500429659,0.940171825633037,0.125963841946998,0.919931281877191,0.121654147634622,0.921390764928265,0.776289706489239
59,"A_p5","t3",5.19403674417264,1.69860767868551,7.44700632778491,0.744592389037031,0.449762696242798,0.70255366035929,0.380953026273812,0.695941310828415,0.381376895443101,0.864927551234771
60,"A_p5","t3",6.04036754707017,0.833328488960505,7.75988928530032,0.652056714140162,0.703261399451327,0.624104199783887,0.664359532150272,0.624311618929617,0.674553408188984,0.525962248867966
61,"A_p5","t3",10.0271183661841,0.0163280828520585,7.53258703461395,0.263877480077226,0.998141973847878,0.227550890165142,0.997409369845368,0.221189742256788,0.99748958730811,0.883173823772923
62,"A_p5","t3",4.4206887266961,0.67076848250476,7.31643890714229,0.823324573536132,0.750495907017767,0.785751207504788,0.688944008489148,0.776993446657731,0.686096463658741,0.867231431318791
63,"A_p5","t3",6.12550985241159,0.803056543072606,7.43579941481338,0.634655837581628,0.687679366084279,0.585203556644908,0.640398696816485,0.581953244807099,0.645151459152359,0.699770833385741
64,"A_p5","t3",9.94455339000071,5.44240748268061,7.69290600351491,0.272828414383171,0.068051756555507,0.241510675671983,0.048549901422082,0.240421401711646,0.0517593026802056,0.621439527798058
65,"A_p5","t3",7.73366375190136,1.1286881860845,7.45617352947518,0.463198486386277,0.591882136260402,0.412287835709567,0.527727872199216,0.404472756271427,0.529443145865408,0.776335989348949
66,"A_p5","t3",5.90249078142159,1.00950438703741,7.69605860390247,0.662625771392796,0.626824193123202,0.633664777736589,0.587526623061516,0.633833144205442,0.597507439346057,0.537586405088976
67,"A_p5","t3",6.15972462703563,1.48318608949236,7.57179747508948,0.638573209917751,0.503640446706098,0.597184002623329,0.442883297391257,0.59197729507313,0.447365921808733,0.720416481315806
68,"A_p5","t3",3.80027191451929,0.723642882718914,7.5582470407485,0.881203908666977,0.734886073198731,0.860301263090401,0.685374369610532,0.858202014591976,0.689117633996487,0.715617794704641
69,"A_p5","t3",4.96309476540751,0.410614095461067,7.49968138080475,0.766530563062624,0.850350367665536,0.730917617525254,0.814265909846827,0.727683377892311,0.817416362374091,0.7124234667321
70,"A_p5","t3",1.78357293068293,0.275740540815927,7.60200271007994,0.988971768210715,0.912956722311093,0.98603497639983,0.885701833218731,0.985912559989182,0.889102203410458,0.666359418985356
71,"A_p5","t3",11.9721558350468,0.259988318310748,7.58881955483678,0.153707670110185,0.909239946848049,0.126534387474017,0.887742762927207,0.124389366828842,0.890990616296351,0.659724185246738
72,"A_p5","t3",8.1825332398566,1.00709320371914,7.33984968379742,0.414272957981674,0.618493710290585,0.356804776322776,0.554198662853295,0.348632201041306,0.555819773127074,0.775749566051323
73,"A_p5","t3",6.81317868262304,0.362321906305224,7.4566550497748,0.55711526081401,0.862856237594891,0.508621782831036,0.831899226863677,0.503788331509234,0.83472081021641,0.699219270559936
74,"A_p5","t3",6.93727972073098,2.13565948076594,7.41840309802553,0.554886848282454,0.371283712900875,0.499789146608062,0.298057481043569,0.485970082355875,0.292747850196072,0.865169277716951
75,"A_p5","t3",5.38156231588572,1.94252783262776,7.45261074035928,0.719879467567777,0.39209965744377,0.677203255914157,0.329287567320225,0.673371453477788,0.333491350623306,0.741553133466227
76,"A_p5","t3",6.26114670975776,1.88947053915923,7.4800109544464,0.625715822409985,0.408781952206396,0.578787020714353,0.342189215211624,0.570646191701775,0.343121817921644,0.796132590342502
77,"A_p5","t3",3.53618607513434,0.326280677544933,7.63410061895213,0.90288840391901,0.891682960855059,0.886419097770886,0.862785967521372,0.88575812961201,0.867045330555531,0.641318880203008
78,"A_p5","t3",12.3254118516416,4.0478384456628,7.30660764668579,0.134133436837879,0.131081618668711,0.10017743856136,0.0867450943405441,0.0954196021258277,0.0869632661972772,0.806926252415992
79,"A_p5","t3",2.4564650829845,0.633915780650463,7.39312697355373,0.967068602060854,0.764652234690613,0.957431198488504,0.708370219973909,0.955589722427303,0.707543619242841,0.896401555928795
80,"A_p5","t3",2.66487301231108,0.591166573217952,7.42679204945579,0.958492590185929,0.789286870591444,0.947630290512923,0.738429707086922,0.944676469238853,0.737402934601311,0.875641076855521
81,"A_p5","t3",8.63983301317691,2.1376679675187,7.37018037591537,0.37433160743313,0.351682575275045,0.324767946538749,0.291994045358042,0.310697791401688,0.292953398036186,1.08715153194048
82,"A_p5","t3",6.63272372525642,2.74378169094934,7.34788855236742,0.581088479296573,0.260306913094541,0.524387679308393,0.194961988024517,0.5130489492133,0.193168340001841,0.876074515829669
83,"A_p5","t3",16.7410528145175,8.96132645683874,7.54575484003389,0.0323571096694792,0.0115542362852912,0.0237018926504629,0.00596484062914926,0.0226709696584151,0.00638723393552298,0.671227937023945
84,"A_p5","t3",4.33703275045415,0.427513140114814,6.92354961211618,0.827338300963229,0.832767655567198,0.772297556628677,0.775531737023634,0.75600968871078,0.766722793104057,1.07200281935934
85,"A_p5","t3",6.65159131019968,1.63014056166662,7.11709117350154,0.577274804738953,0.454410704615331,0.506311449897119,0.360227818173709,0.485318669662787,0.347914074958098,1.05719875908797
86,"A_p5","t3",6.48269770780668,0.0732501189792154,7.60770772485563,0.597879269004126,0.984782216922285,0.560021253271111,0.978988281538042,0.557501412874263,0.979994043980601,0.618038899881636
87,"A_p5","t3",8.39069083405865,0.589008465623378,7.55724068154799,0.401221250017502,0.783877615344142,0.356996748295845,0.738790109037336,0.351627940791485,0.742736577678266,0.681472897481663
88,"A_p5","t3",4.58863002352823,1.99049009637186,7.61162304363841,0.811075685276297,0.394914023195952,0.782428159239976,0.336552023059871,0.779652403138225,0.341135245356913,0.71797847670053
89,"A_p5","t3",5.75406548143848,1.29438061313275,7.20778866816441,0.678181853013524,0.541091500416673,0.616938280921781,0.46058949594185,0.604079816195111,0.455630677994983,0.898210327561366
90,"A_p5","t3",8.77603303354617,2.08450539016117,7.63091525791541,0.361206030699294,0.36087256116487,0.326446148782635,0.313922239852588,0.324774954013966,0.322566364720743,0.601014034247726
91,"A_p5","t3",7.01293669875935,1.11712078737445,7.44272654949815,0.53563576062643,0.595669968467366,0.486471480570607,0.533201796566629,0.479924826013804,0.536810316679375,0.770326017238891
92,"A_p5","t3",2.10450468000789,0.185819880674999,7.23416511211773,0.979279188861828,0.939387170491882,0.971939036919294,0.916067324584073,0.970433534864537,0.915010580850743,0.880440725805905
93,"A_p5","t3",6.4292653713734,3.18010898436021,7.59773165609592,0.604099186626035,0.208498940339755,0.564112005249414,0.165798041323616,0.562498645342063,0.171693573260261,0.62384682295653
94,"A_p5","t3",6.24050121226548,0.420427278355478,7.17389184677419,0.622809877101976,0.840655547842341,0.560420263599118,0.794242660468536,0.540977053046674,0.789532165634037,1.23071524239566
95,"A_p5","t3",4.61780843915804,1.59234322765155,7.58137607466332,0.804984973943245,0.474569472176604,0.776162230758843,0.419378410878741,0.773680310011015,0.42543077735956,0.659616880690872
96,"A_p5","t3",4.60588301851228,1.98403007893256,7.48717224021615,0.804530178879459,0.384719013029565,0.771794263528729,0.320656947461387,0.767672895885831,0.324547115498133,0.743184298854702
97,"A_p5","t3",7.38512076623295,1.56038483942268,7.49596421734982,0.495888978672642,0.469628394806136,0.447856672179773,0.412734096255828,0.444993489079742,0.419175188611827,0.694662806372855
98,"A_p5","t3",12.349211717649,1.18868679855714,7.62394541037921,0.13578755583823,0.576605745286337,0.113362193191443,0.528847328593943,0.111832864302184,0.537389697148107,0.603878328628017
99,"A_p5","t3",26.5450193890413,1.46581903421437,7.19524229114448,0.000798769901735441,0.498541231167984,0.000339141860255854,0.41210460171327,0.000267291271862424,0.404697940300998,0.940865712271645
100,"A_p5","t3",6.92128202698218,0.666161957171917,7.65295320018124,0.55286578935012,0.759022213903167,0.518109155743492,0.718430103224341,0.512330195936704,0.725334958996491,0.679803819285228
101,"A_p5","t3",9.9117462727676,1.67387357685077,7.40250998713597,0.272046646818536,0.452902706018709,0.22620876502812,0.388112879322247,0.217432079309148,0.388203025989949,0.789718245517244
102,"A_p5","t3",5.59891036059172,0.809194742047854,7.1267263136023,0.695969313666389,0.69376214906772,0.632646072100735,0.615016439794841,0.615138688154693,0.6050680723419,1.02854430115963
103,"A_p5","t3",9.66880414799603,0.340744023959072,7.49599886760196,0.290962657537687,0.887688242086298,0.250689048757849,0.853762369626293,0.241975559216066,0.855238066521377,0.801559730127607
104,"A_p5","t3",9.65241621390594,3.83680086129428,7.53117175583672,0.291650395944455,0.149822813730274,0.251110809963856,0.110949689293862,0.246689081561016,0.11425644398846,0.688078109360147
105,"A_p5","t3",6.17813811820789,1.18890521058587,7.31991517866571,0.632493628443605,0.575855975182498,0.576923937767894,0.502629865117767,0.5639543531641,0.499056387138271,0.856624241867944
106,"A_p5","t3",8.20615294002247,6.73546076929653,7.32823669764567,0.4117897905328,0.033681118047221,0.354616336732428,0.0169242209638438,0.345125520770515,0.0167690302447816,0.795573999398686
107,"A_p5","t3",9.02006937427941,3.25968657681824,7.43748081896835,0.344379307311218,0.202741860413846,0.295773115081702,0.150964098946703,0.285582634398282,0.151460174587353,0.814578290553468
108,"A_p5","t3",8.70321160696879,2.79641009327117,7.6909434985948,0.373734198471145,0.261000432217914,0.339756250409649,0.217302133828968,0.336826469962779,0.224671261125207,0.598110165761168
109,"A_p5","t3",3.83968345867088,2.11998350904662,7.74554805756748,0.876993708822687,0.360148693574613,0.862803806628323,0.321107559455302,0.863614423175489,0.332535599834234,0.509078163691584
110,"A_p5","t3",9.45934218011864,0.196030917799806,7.66985827466309,0.306500380910423,0.941542513759592,0.27385738589743,0.92765698726535,0.273181262484756,0.930631640770041,0.590021012761725
111,"A_p5","t3",9.51510313917513,1.2529085140485,7.26845408084393,0.304605974741053,0.558792147326469,0.245290363066382,0.477507629717606,0.232544877033993,0.472104804540828,0.939522394273466
112,"A_p5","t3",4.92302533972966,0.610798289077071,7.58569665954075,0.775118010668041,0.779404773273914,0.743506765065313,0.734666207605505,0.73966665893441,0.738243844064557,0.733726074163317
113,"A_p5","t3",9.93284516292103,0.207715308328168,7.34733279417834,0.269356360278808,0.935351979189034,0.225450605368508,0.912116001822987,0.211192043702502,0.911563736274724,1.01227437419026
114,"A_p5","t3",6.21452550464987,0.108312231335728,7.14952436371167,0.624988243017461,0.968364017731434,0.556296099290341,0.952236452440645,0.541130133673317,0.951093932747115,0.919868345763344
115,"A_p5","t3",9.0727051418508,4.56854050129072,6.9677342080674,0.338553193549278,0.105193690273469,0.264195108462824,0.0553038624473714,0.236412812430471,0.0483160319724959,1.12308341017875
116,"A_p5","t3",6.57297033915822,1.41297862964341,7.36026139198379,0.584555187492612,0.509176552559759,0.530038405861581,0.43790476354921,0.521340879171713,0.438892539126702,0.795773963103427
117,"A_p5","t3",2.75779347223772,1.10917765172812,7.25202564928815,0.95141535031545,0.596900029397522,0.936192339664494,0.52033865141125,0.933153860187925,0.516697399362648,0.900881293715519
118,"A_p5","t3",6.08721934774524,1.71193932458711,7.6029415521986,0.649935724265071,0.458495581057461,0.610172865103467,0.396176142494082,0.603895760148678,0.399556080475102,0.714624502146403
119,"A_p5","t3",7.73070876682863,0.0432789084318595,7.44726614116843,0.462414050070551,0.992126304491076,0.411043788639625,0.988373943504285,0.40387491730051,0.988612896653855,0.766488165305157
120,"A_p5","t3",5.00140818440558,0.258333000859374,7.50281931450807,0.763504464673194,0.916195118623466,0.728512608268413,0.89017380723259,0.723616505266695,0.891863785115113,0.803390073043321
121,"A_p5","t3",11.6243539765785,1.73202174916961,7.55838043397029,0.170413382241577,0.437197273202238,0.139880291808397,0.379337436118177,0.136860523830058,0.384974936892408,0.693398045095778
122,"A_p5","t3",3.9587935042012,0.911042177859303,7.53857992131915,0.867890705158787,0.668929229759883,0.844016734313384,0.613012880300881,0.841246512808721,0.617044494777883,0.701659204079445
123,"A_p5","t3",5.46807575598533,1.66490140458215,7.38505562706638,0.711786309465347,0.454564463155679,0.6656162752945,0.38075022811721,0.657020706115831,0.379320317502858,0.844434415774114
124,"A_p5","t3",7.30969073006418,0.109025079867712,7.3830939728177,0.504488801232525,0.968113265693709,0.447554907287707,0.956195436790964,0.441003527914421,0.956648354791191,0.770155727527457
125,"A_p5","t3",12.4272729546925,4.88886448303657,7.47377516072508,0.134086177374611,0.0886574757166619,0.106119463104903,0.0587219139022925,0.100912916056738,0.059499369538883,0.875274595709992
126,"A_p5","t3",4.93880035597979,2.44755713879999,7.31146957405022,0.766877702522364,0.298421636036692,0.722345343737942,0.229042633084522,0.714406535037147,0.228048845764335,0.821633856078594
127,"A_p5","t3",9.94923876554216,8.25702985440112,7.35751653851795,0.269667379850378,0.0162505423982735,0.219327715989968,0.00693693555785957,0.211366711651344,0.00682760778161873,0.825450144426052
128,"A_p5","t3",6.01139605252675,1.7023867152633,7.65562188406573,0.656254654123849,0.455061670256432,0.621380316906037,0.400048028814328,0.617814425762029,0.406944020832585,0.63906901274085
129,"A_p5","t3",4.79809361651849,0.302478911563048,7.43083645013351,0.782742988055762,0.887781698086596,0.745212381320935,0.858334633955775,0.741130447997368,0.85985510855681,0.758786086352728
130,"A_p5","t3",5.04935242602731,0.220323108894075,7.10426600576315,0.757310258479625,0.928641066134222,0.700813007819977,0.895329866503062,0.682508412352391,0.890794966480654,1.08066117556826
131,"A_p5","t3",7.12886854120743,3.72684713019382,7.40389346780355,0.527486393117915,0.159727497942292,0.471476440290096,0.109320719109976,0.462803932580941,0.109651400311003,0.814028323879403
132,"A_p5","t3",10.638492366352,1.15100573352027,7.57684707594433,0.226909312143867,0.597025906402734,0.191798907848384,0.537512215396845,0.187389202155687,0.542589721574806,0.699330538323383
133,"A_p5","t3",8.79721214545231,2.81778208396314,7.3558095181562,0.365741742003495,0.256405838594814,0.309021631369748,0.190777354218464,0.295609652333874,0.187924170421464,0.880730722710849
134,"A_p5","t3",9.72584844579631,0.00731892794980003,7.60287879858427,0.285302102141201,0.999384368571275,0.249035767296458,0.999191179644792,0.247947002901061,0.99922867251384,0.617950986416364
135,"A_p5","t3",13.2570777696769,6.16064198919869,7.3321328450598,0.104155675848067,0.047858062458125,0.0748604593820272,0.0259175427579401,0.069763691262712,0.0250623979125435,0.869916386686096
136,"A_p5","t3",2.90596770374063,0.482679552651047,7.45261992512169,0.943766121366707,0.819524132577133,0.930541851553371,0.776646526696939,0.928848433844587,0.778239469535642,0.758643100725834
137,"A_p5","t3",9.5410429592609,0.512985717848536,7.72484934552234,0.301934799506766,0.817892316473842,0.272333237925987,0.787041373199716,0.272035462124752,0.79555355792564,0.540010370658265
138,"A_p5","t3",7.49851309625927,0.364784664239058,7.33344397232685,0.484814705260857,0.860195304160902,0.42565261401462,0.821725027258036,0.415521934650764,0.821666507629633,0.832257908790411
139,"A_p5","t3",3.56857714288649,0.23987638491791,7.50252421383849,0.896848855674954,0.913287135949193,0.877617920108361,0.892203502441452,0.876204337925839,0.894884806435733,0.679043230565032
140,"A_p5","t3",11.7909328302435,2.06690878767276,7.6239064871592,0.161058184593763,0.372999088451126,0.135471032280326,0.321702996507401,0.133708320281296,0.329581541406806,0.615512197158923
141,"A_p5","t3",10.4283881683471,3.45987135246985,7.50994529563603,0.237538268321983,0.181173846870671,0.198320810012862,0.135038259288364,0.1945253037668,0.13913089750257,0.702288377924122
142,"A_p5","t3",6.11731103293548,0.209201960664508,7.23651902783849,0.637181380656731,0.928340539829526,0.574962767713734,0.900482791349298,0.562238245923243,0.898606768677774,0.905417339902498
143,"A_p5","t3",11.1987593576311,1.57658439987025,7.52845317495571,0.194414280098196,0.485057735767214,0.160111483697277,0.420156224900574,0.154255957685694,0.422738601727541,0.745920926746615
144,"A_p5","t3",5.06030349759369,1.55232591572792,7.54240277103073,0.755633178250688,0.475655740875545,0.722671804775346,0.418146538884908,0.719700691707747,0.42411359986631,0.688164918296145
145,"A_p5","t3",7.31105147288862,0.50282747971768,7.46016152499046,0.508022935369719,0.815269869530834,0.456710847798033,0.770000250650363,0.449130853627806,0.771859039404533,0.747702276691256
146,"A_p5","t3",6.42952483112584,0.188027077359234,7.2302448455435,0.601486222379788,0.936768676304979,0.537975867129862,0.91195019867398,0.524077268329419,0.910856922548704,0.956693465350569
147,"A_p5","t3",4.65382759528692,1.21871525857198,7.39201850108553,0.80023717461778,0.567136528321386,0.761845996643967,0.498263831469526,0.755518651015083,0.499640167621451,0.804939582722229
148,"A_p5","t3",13.5195863460759,3.42885194518564,7.40148079479971,0.0955320567399157,0.190513323820986,0.0719668958453328,0.137774828136658,0.0659903029014155,0.135138503163317,0.903988405665223
149,"A_p5","t3",5.03803149556775,2.77584146631117,7.44789232561374,0.759868978502938,0.2602528984099,0.72122694819146,0.198967864362063,0.714340744971146,0.200126894195916,0.773256180910613
150,"A_p5","t3",5.93077506299847,3.42559530867759,7.32773789511017,0.658541665266366,0.184295850851857,0.603978257705314,0.128910332028007,0.594515105992714,0.127820319332874,0.825541227478045
151,"A_p5","t3",8.31002726095947,1.23451806153815,7.35427364391017,0.406910843088284,0.563384379426367,0.349195542840003,0.489719147073304,0.338180686554397,0.4887976247151,0.851422871349554
152,"A_p5","t3",7.51805814957602,0.924803574697142,7.48337216692578,0.487211018656513,0.664061370619685,0.437223810494585,0.604563292197655,0.429642965870156,0.606516532570568,0.816750603452513
153,"A_p5","t3",6.56559481829308,4.88180103871471,7.57973024979784,0.583203977678617,0.0868763329036516,0.546893499784713,0.0635978740652232,0.544909283565551,0.0671196442387525,0.611730904133874
154,"A_p5","t3",7.8037816290374,0.0210057538938862,7.31250452895598,0.455777906467462,0.997392168772732,0.395323104953612,0.995962490466651,0.382160499180582,0.995939381295334,0.846541657950612
155,"A_p5","t3",6.2014904121045,1.89930432117699,7.66192335631321,0.635397520193966,0.411296274570911,0.599735821288482,0.356355481286284,0.595878075829658,0.362187252934732,0.714785467227705
156,"A_p5","t3",10.1159750259924,0.859829742050937,7.61394070009857,0.260130900161553,0.689107317034519,0.225360947887336,0.63797412011718,0.222207382652478,0.64439488663968,0.643899288722586
157,"A_p5","t3",4.6894233977914,0.0732752286754904,7.50597879069548,0.796003873984297,0.983226464826249,0.764712522443735,0.977383842980839,0.759814700389854,0.977834059393539,0.693832376420056
158,"A_p5","t3",4.23159810194043,1.76215841124012,7.51549447135992,0.840907640185532,0.431073736311954,0.814123894011346,0.370935259555112,0.81158738784738,0.375730872842497,0.721519947102076
159,"A_p5","t3",8.17740885408943,0.722243154930681,7.31220036559024,0.41838470717273,0.724021554383051,0.357707601120492,0.663855130827319,0.346089485969227,0.662722597074471,0.87760256752696
160,"A_p5","t3",4.61688156651526,1.62716462418503,7.52106386440219,0.80284706783862,0.45917832826952,0.772590656878179,0.398704715401195,0.769244931160778,0.403413120487584,0.706361134672744
161,"A_p5","t3",10.6742755204943,6.03262813915368,7.58279143281577,0.220672291332631,0.0492950537701449,0.189532121425562,0.033046820809013,0.186200487568439,0.0350500896613039,0.688709964058434
162,"A_p5","t3",4.4449186059299,0.919685803236278,7.41638508651492,0.820043250264831,0.657836937957439,0.785843294730869,0.596971373466389,0.781051516255431,0.598828172577133,0.760698728624028
163,"A_p5","t3",6.70091113133768,2.00601122542759,7.63183272093913,0.576629029804538,0.387361799388707,0.539309605150483,0.336138673974122,0.535034157737078,0.343899188758887,0.6686998336783
164,"A_p5","t3",14.1771490420818,4.58444327318343,7.25110351791737,0.076961346760748,0.10476972850138,0.0528869341936609,0.0632017258757962,0.047590784431193,0.0612313011006569,0.928981752868288
165,"A_p5","t3",12.7152018613108,8.51464934126051,7.16570169236522,0.120641344400408,0.0139433622767671,0.0831990070377014,0.00486048782392035,0.0767053655361829,0.00441868064239681,0.93511629152619
166,"A_p5","t3",4.38184267392595,0.517572868672357,7.60580521087529,0.827374183190087,0.804483032094812,0.802132747575584,0.767727676381221,0.800784559697817,0.773127086713137,0.660555290165063
167,"A_p5","t3",3.97887431411802,1.78831411926597,7.75764896470669,0.870170284890703,0.44102459324104,0.853351643749435,0.39291922201393,0.85276536605688,0.401468113706898,0.609328427807332
168,"A_p5","t3",5.98501315239703,2.05956616927882,7.26879544797244,0.652624425873411,0.366360790261661,0.595557614143984,0.286283975582825,0.581921765423201,0.281259030967402,0.881669004723245
169,"A_p5","t3",5.93575401375389,0.142225413541361,7.70740330940306,0.657633651724089,0.954080270712562,0.629681173611448,0.944085086134312,0.630367633150043,0.946911149457389,0.512446786082948
170,"A_p5","t3",6.65260369099112,0.752095048350054,7.24087978103691,0.579106245138565,0.713661173662651,0.514649572273388,0.645100035228984,0.49901397944325,0.639064687431716,0.925003708180933
171,"A_p5","t3",5.07740126645523,0.287738452400504,7.57694535233508,0.757768633096501,0.907456226551942,0.723787199219999,0.878116628177233,0.720703368882626,0.881360260987764,0.679597630165567
172,"A_p5","t3",2.53341803280724,0.0507827243551197,7.45158999028402,0.962869851491052,0.989547522425629,0.95345940485767,0.985528747867602,0.952347657283215,0.985786872051702,0.728039609092376
173,"A_p5","t3",4.39674467144349,0.196927791173135,7.34692948074305,0.825338415167796,0.935104800016674,0.788008073092753,0.911298470269319,0.781320490284086,0.911222025115493,0.83281007792199
174,"A_p5","t3",6.9860488394381,4.14575264342302,7.40454617524022,0.543932785414363,0.131166964592122,0.489160670151167,0.0877103822560653,0.478812600486929,0.0869938837758389,0.833401125516358
175,"A_p5","t3",5.65914554407873,1.25183491842906,7.40214944042081,0.693270363583628,0.561732602494837,0.645852838413847,0.487987939547648,0.635298703476452,0.485331798287478,0.84748267458436
176,"A_p5","t3",4.06055316029715,0.223991927619844,7.6305038067598,0.853186389968091,0.919575641425255,0.834810586166416,0.905249008848686,0.835552089351206,0.909324097531404,0.551596339370523
177,"A_p5","t3",5.05018292860206,1.37606108654265,7.65132761831204,0.761693207767895,0.532388657585668,0.732431467617217,0.477986052499679,0.730058212572672,0.484995199846051,0.655080209175316
178,"A_p5","t3",3.63207712811067,0.923799155284584,7.58869545438759,0.894243712117415,0.662488069998726,0.876511544201583,0.611243258784343,0.875297798491307,0.616985531907077,0.691079824022319
179,"A_p5","t3",5.17528316895543,1.0829923274888,7.76809451428249,0.753476972610155,0.634415462935926,0.72769885019708,0.584805006623185,0.726437288016304,0.593364500872334,0.596636781146123
180,"A_p5","t3",12.8689246978602,7.23108782802208,7.76673593713902,0.11826707983035,0.0280375837149618,0.101689809911662,0.0191994555390362,0.101305157759694,0.0211991392078679,0.561997069827708
181,"A_p5","t3",4.46318387376068,1.16082527805756,7.40060377119439,0.820945899752579,0.589723368047905,0.786845861708336,0.521520762417982,0.778448008747057,0.520752433159303,0.898528893363083
182,"A_p5","t3",6.90107131369681,0.121431159050647,7.52320121829762,0.552492327108004,0.967266085911242,0.506154433875941,0.955887462699321,0.500907314319987,0.957170054366607,0.713070268077158
183,"A_p5","t3",3.68051687829398,1.24980239489931,7.42331104815456,0.888872688018807,0.557368144902096,0.865365981381798,0.493930058630511,0.862450365921511,0.496575506084824,0.738927185720814
184,"A_p5","t3",2.44024802185805,0.376946518555376,7.44508052528709,0.966991962865999,0.859610984053854,0.958371598802536,0.823087803930992,0.957316327479065,0.824896174313209,0.767233453047739
185,"A_p5","t3",9.51028493842529,2.73268443335923,7.3564151617297,0.301712986384144,0.263216616234892,0.249108685338582,0.200682835654029,0.240928147571888,0.201461807031014,0.785958266566432
186,"A_p5","t3",2.55914623736017,0.192790890954774,7.59304752476703,0.962948134583655,0.943640463253728,0.954978312123445,0.926243268758076,0.95435687749206,0.928423414634419,0.663889312691226
187,"A_p5","t3",6.99018510160692,1.69623933372748,7.27280533748173,0.540009437029064,0.443433061683683,0.476065056338404,0.36365595752961,0.464059073655963,0.36039209439968,0.863429439834491
188,"A_p5","t3",1.44323645638798,0.936954229573093,7.2695062776791,0.994498701681674,0.648783476710885,0.992260816149189,0.574727150019556,0.991719146407706,0.570282715533335,0.932772795074788
189,"A_p5","t3",9.94446982237391,0.0919270505607545,7.47462660884107,0.266539527987629,0.972753810107729,0.22485138089024,0.965020377330206,0.221914621388937,0.966045407639038,0.685862963052257
190,"A_p5","t3",7.47652476924783,0.716502307620789,7.11348295952869,0.486067852100814,0.720392668253467,0.411560515573504,0.650041243122763,0.393867184720723,0.642563733732805,0.960298913373418
191,"A_p5","t3",9.81479318019998,0.224848257304313,7.26671187659006,0.280900390049074,0.927638428616609,0.224837896530467,0.895669951729389,0.212173305458938,0.893872711269551,0.941592810091844
192,"A_p5","t3",15.3361846345647,2.3548342348395,7.63361083510167,0.0532544611241345,0.32103208529877,0.0412463841625713,0.272506499142956,0.0405131708116054,0.280309364142589,0.620557471488301
193,"A_p5","t3",3.9994967683808,1.01484989276693,7.69797137104524,0.864382641707381,0.638008416427281,0.846893602635481,0.593667675809211,0.846306117015093,0.602067208819533,0.576140065208472
194,"A_p5","t3",6.91678470209377,0.409217379774383,7.75665923379394,0.551767585870534,0.858852022760524,0.522961011953298,0.833740064273851,0.523316288386214,0.840857374744435,0.501869754526698
195,"A_p5","t3",5.65326130218828,2.64925888902715,7.72260991504115,0.687678343775632,0.26914518614326,0.663273540030695,0.237766996200118,0.665626082083287,0.247766749574555,0.475971486929876
196,"A_p5","t3",10.634018235084,6.03227302761879,7.60912150793187,0.223749916929129,0.0494291681558336,0.192381751961578,0.0321824438889122,0.190330436131872,0.0344789124682164,0.634894119469383
197,"A_p5","t3",12.3292451388762,4.67294501067488,7.79844164168032,0.137308676956557,0.0984417383983601,0.121814670556925,0.0802793471016336,0.123013179736207,0.0865812206574976,0.451589517873406
198,"A_p5","t3",13.2448383791544,3.96167496229098,7.35216122905665,0.103577250711288,0.141223269360613,0.0760904511844727,0.0948042679942499,0.0710609693221163,0.0946175579644122,0.863398495676373
199,"A_p5","t3",2.11442993410745,0.628650507644633,7.35277134143015,0.979735183162949,0.764915915482929,0.973258430595309,0.708062749597405,0.971700105268597,0.706399221186336,0.905528001235831
200,"A_p5","t3",9.22466470770863,0.523363124314259,7.49316559345444,0.324891231353192,0.804941480907524,0.280836188432336,0.760201367760434,0.274837207790598,0.763430618620551,0.730524508651747
201,"A_p5","t3",6.45321724311499,0.0657615011661609,7.65340752710499,0.607462907464465,0.98855731609946,0.570403233936627,0.983481149451311,0.565690572976552,0.984140642707757,0.679867956550496
202,"A_p5","t3",10.9733913022826,2.45385509156077,7.6633291755431,0.204119570753055,0.304913345754413,0.177167509619243,0.259861199949962,0.175770197319293,0.26846792270511,0.589156716337695
203,"A_p5","t3",4.95422435238252,0.603642668489814,7.41531199964116,0.768548752806387,0.776502441986455,0.730071741759579,0.724494642158425,0.721925715467559,0.725035981470623,0.82203823439798
204,"A_p5","t3",8.99950383421911,2.0638885223668,7.287658507246,0.343215309431583,0.368925971934601,0.285107180983635,0.290739886031816,0.272682021033803,0.286382122718371,0.877991996424956
205,"A_p5","t3",5.8635072448487,0.0672720749664456,7.49558880898674,0.665742612689518,0.983574029694939,0.623285748787819,0.978080054732921,0.619197575571914,0.978789460600988,0.689865922238767
206,"A_p5","t3",15.6626410214724,1.86057608377328,7.67497068393332,0.0474775698006317,0.41416660914117,0.0376223937180253,0.365019776515046,0.0370054878773725,0.374246969981934,0.582000669793242
207,"A_p5","t3",5.79690943348453,2.25831952637566,7.65881673943921,0.678621241434691,0.340579517932202,0.644925948916784,0.290724128248195,0.642978249443944,0.298046690033624,0.633222354972573
208,"A_p5","t3",6.13569931320619,3.75412653025808,7.35540105986272,0.634818115573323,0.153501846382603,0.58163905378221,0.103926478705158,0.572419646720297,0.103261632840744,0.837535621145327
209,"A_p5","t3",3.36201610284156,0.30538379394921,7.32851999228244,0.91143213443678,0.882954970731048,0.889948768854812,0.85174092869158,0.887008140503215,0.852533008069062,0.811059113596684
210,"A_p5","t3",4.67459641963781,2.1768978214133,7.44263794182655,0.798458017023926,0.351413286519154,0.763128978747699,0.286167296409207,0.756926474005643,0.287105062819493,0.830780460594891
211,"A_p5","t3",4.09666928200566,1.38337624084572,7.43140488350217,0.854603546694922,0.526515566985448,0.826351688334483,0.458497448925819,0.820851350692429,0.459407429557436,0.850706486368878
212,"A_p5","t3",3.68589472667847,1.13977919299075,7.54484371787063,0.890393502320254,0.592806388609867,0.870153799385261,0.535410081392927,0.868035825413421,0.539924440306438,0.702777846131035
213,"A_p5","t3",8.8872693713102,3.38947654735012,7.57718107180069,0.356317849173884,0.190947060494223,0.313479992233881,0.147564989602703,0.310109967095072,0.152499589510162,0.654097339605284
214,"A_p5","t3",14.645557494077,1.01562927927098,7.42932260342117,0.0652704851831603,0.615693307656373,0.0468018144651421,0.561034919526844,0.0453039296242876,0.565429654070189,0.720362451408829
215,"A_p5","t3",5.67535619689183,1.75720165827654,7.71025019176428,0.691291255851913,0.434331300298553,0.662627098507843,0.387623487171901,0.661999041158022,0.398650969023493,0.552843535052164
216,"A_p5","t3",3.58035173030248,1.27587370671576,7.42643852534435,0.896355588047663,0.542876939648254,0.87429881233267,0.478175252480297,0.871851233450395,0.481234046107838,0.753295680289744
217,"A_p5","t3",9.65847179461341,1.17315618781051,7.47721418486128,0.289997859763493,0.579138697373968,0.247442430086952,0.519490072334061,0.241208576451911,0.524280079142271,0.745565879286291
218,"A_p5","t3",4.493223583993,2.20681538196266,7.64269994630394,0.81641127050162,0.345398396734919,0.791995937315366,0.298519444581152,0.791606978014497,0.306826365360007,0.595329787511001
219,"A_p5","t3",0.855878154265885,0.159338617969209,7.54923457012735,0.999251486732316,0.95314827136616,0.999012451496833,0.939349550109709,0.998997363430726,0.941097535066597,0.676151810992768
220,"A_p5","t3",6.92657860026857,0.572977883520987,7.4761812616539,0.54703668134289,0.779144782128573,0.49791628331394,0.734489688059318,0.492979195494741,0.73768632893237,0.741659264973316
221,"A_p5","t3",2.63067860312804,1.28613163815985,7.67921012338351,0.95646736964336,0.530373302715672,0.950892129983318,0.495543302008809,0.95134284209219,0.506303696800134,0.496790657216233
222,"A_p5","t3",9.5045566608232,2.81990240792792,7.58497776658289,0.303335255019107,0.251353767922375,0.264863733635903,0.202255536101234,0.26219811675125,0.208399058863302,0.659797012512289
223,"A_p5","t3",9.62814100537424,2.69423490222463,7.23361165230441,0.294515658945261,0.267913971692017,0.235599018775996,0.190672679374537,0.221557007159988,0.183939679369924,0.941801392056223
224,"A_p5","t3",7.32287140589142,0.817582146879196,7.61024910917798,0.509974167170226,0.708270071932515,0.467954468330012,0.657025437986022,0.46376894533934,0.662687421059996,0.667637324022085
225,"A_p5","t3",5.0834121110227,0.658195857328436,7.40803268110414,0.754140006219509,0.754854607903591,0.712554491240242,0.699910019561125,0.705804810023167,0.70016728343071,0.797805286580696
226,"A_p5","t3",7.6619614542431,0.408654464706157,7.51782665779096,0.471449527636556,0.853674519429199,0.424890880723394,0.817262812491043,0.41842781189044,0.820529053400535,0.683993804833172
227,"A_p5","t3",11.9511044810734,2.62322702362586,7.62361354287143,0.155869075535038,0.28534228191975,0.130411886168702,0.234218410658871,0.126978927097131,0.238755823680215,0.700462303606219
228,"A_p5","t3",2.68880677905343,0.33046509627243,7.12663696048891,0.954365445972638,0.874001804549652,0.939515172717904,0.832260286893395,0.934303453082952,0.82841634804409,1.12766193527325
229,"A_p5","t3",1.88304640654722,0.0516214635255395,7.5001856168528,0.985343097285815,0.987265352753781,0.981693703544655,0.98299071593742,0.981521758150685,0.983681417201959,0.672692140736056
230,"A_p5","t3",2.74574108214022,0.0631889556583526,7.48266556459385,0.955059998634854,0.989151754341245,0.943867273341799,0.983601919714396,0.941039625081426,0.983799442202055,0.937412897553802
231,"A_p5","t3",9.71364972481637,1.23756084524857,7.35129354760226,0.284765476458731,0.552583950470843,0.23293616270814,0.486287686246481,0.226444583163762,0.487711640046222,0.797403378880159
232,"A_p5","t3",9.90208403097668,2.71499346366196,7.62075911900394,0.27492420582731,0.266753859421019,0.240035442641569,0.219479428994624,0.237064879619654,0.226289469233652,0.632472520034418
233,"A_p5","t3",8.0704099519163,3.95202463719581,7.16821549144976,0.429490170110738,0.142463384609121,0.362312363227273,0.0878159509826328,0.340788624454247,0.0799969630210648,1.01150303472653
234,"A_p5","t3",7.57686495201559,0.185518140187156,7.35746554711844,0.482537722557339,0.946513735151458,0.4252375586719,0.924707957903247,0.410027851766425,0.923544843648363,0.887595150905747
235,"A_p5","t3",7.60852939728873,0.0804920019697044,7.61431554962752,0.478826960885725,0.981922336846008,0.437234558405492,0.975372682187686,0.433997751119362,0.976420681776447,0.632541521918725
236,"A_p5","t3",2.66576607597005,2.14428130855767,7.42937757239829,0.958403311655577,0.35772635448745,0.947222387360455,0.290927406832415,0.944719574029423,0.289472879526277,0.902007749362483
237,"A_p5","t3",4.30463033718684,2.39760286743831,7.41456759764367,0.835190725991206,0.313777606726464,0.802580343264994,0.248464607168809,0.796977599129438,0.24860951322094,0.78083761050443
238,"A_p5","t3",8.64281464863595,2.62330283637686,7.61851633415764,0.375463628548765,0.278661183937463,0.337329904681795,0.232527416447868,0.335138531663745,0.23997657976226,0.596268804436682
239,"A_p5","t3",4.98478298215864,0.489244130477705,7.50361741258499,0.766545860594476,0.820508406102487,0.729905203747486,0.776468912389649,0.725258187393348,0.778935015507451,0.783358719588872
240,"A_p5","t3",7.26471793658143,2.87420766990456,7.56579675253036,0.518381323157534,0.253542702898451,0.472769965135711,0.199854223000281,0.465395422077219,0.202304566725017,0.739011640719244
241,"A_p5","t3",4.58016410585901,0.397712001758865,7.50365164650739,0.807210963706505,0.860889442286322,0.776245831967682,0.820528292459724,0.772177045353944,0.823438241274856,0.711382586064068
242,"A_p5","t3",6.78322153109794,1.26097547405638,7.37658268896378,0.566042792852492,0.555616254460307,0.516262211156016,0.491110586046429,0.498892205632735,0.489725190296431,1.16917102056691
243,"A_p5","t3",8.6315973722239,1.41069270355861,7.2858863028744,0.378051410396791,0.519633088552562,0.31734026510791,0.436638238893633,0.302683970824532,0.429941648937385,0.93820133484108
244,"A_p5","t3",4.07497207811404,1.39772519559361,7.48771081237451,0.855105937217927,0.51532270658548,0.828383379357821,0.45393388545972,0.825816272413949,0.458790316201162,0.724969569301743
245,"A_p5","t3",3.33804870205532,0.672119505500433,7.45452958825976,0.915464050334046,0.741641019032922,0.896923012338468,0.690760186258077,0.894762504201442,0.693369856552486,0.757476199642498
246,"A_p5","t3",9.18628179834644,0.644753023894989,7.4102049529004,0.327622460131264,0.753188293429024,0.277052265028967,0.701261492185647,0.269952952116915,0.702936674926029,0.775348815933102
247,"A_p5","t3",2.88048720727744,1.05629039750498,7.27747096809885,0.943127876717347,0.603393419568351,0.927237214439552,0.536049442105729,0.924730439384005,0.535220152379487,0.867992003885183
248,"A_p5","t3",12.4527966187518,2.96247608102616,7.35627845997487,0.130910571745335,0.23019787926886,0.0982935466815557,0.169730737610472,0.0939415163362011,0.170193820896734,0.81081457871562
249,"A_p5","t3",5.64099476238063,1.27201940517805,7.11728661391904,0.690383805060454,0.548510917835253,0.628254987682378,0.459406038041483,0.608984484738912,0.447507299745407,1.15446168878207
250,"A_p5","t3",8.02606633600023,1.48777844525299,7.6546885133165,0.436004910647659,0.498118934134526,0.397662245348658,0.450621711867981,0.396163940959152,0.459538216366905,0.592290167945251
251,"A_p5","t3",3.46582148813495,0.171055598792599,7.4151790473074,0.905868170658442,0.94620980783401,0.884856265878854,0.926168564114786,0.881644377452137,0.926752970090214,0.796835668666181
252,"A_p5","t3",2.9423138241724,0.455519195846073,7.68875807904658,0.942158288343581,0.833561743956896,0.932942639077217,0.804878982887524,0.93320389761464,0.811734097227543,0.567199823386084
253,"A_p5","t3",5.04179983087512,0.784012413254209,7.45552910364894,0.757308757153811,0.702549278615886,0.72061588042422,0.645725249878622,0.714466849204729,0.648038977956754,0.807618643406745
254,"A_p5","t3",4.18028174634052,1.34018322425066,7.65421693231555,0.848802020691234,0.54153263044527,0.827425391044844,0.489416195413475,0.825653134859597,0.49635168279452,0.643739470810972
255,"A_p5","t3",7.91140048907563,0.990462240457958,7.2009913004217,0.448210542629632,0.641417043681716,0.379993461596154,0.559131321492057,0.35953373135425,0.548802685549407,1.01212997091443
256,"A_p5","t3",11.9915018626354,2.48859611868701,7.74666971906038,0.151226097459022,0.300337816968733,0.132783516798792,0.264553614751671,0.133180629518473,0.275929174034234,0.479923670344143
257,"A_p5","t3",5.39986371536343,0.807321043784763,7.38847774778715,0.719350561796775,0.694878085033742,0.676503165650703,0.637105595074032,0.665517350963611,0.637043924038433,0.89768664972026
258,"A_p5","t3",4.84188660139313,0.261077484984505,7.43286114784732,0.77789905956327,0.907001694980041,0.740670232178629,0.880945455725502,0.736305535563876,0.882072603418072,0.761787403972373
259,"A_p5","t3",5.04613719058411,1.11581682107476,7.15490453901567,0.756973027660396,0.592247868259817,0.700356626659999,0.51027406736118,0.687448702831355,0.504024745451475,0.921282538933445
260,"A_p5","t3",10.971681941971,3.14396369996041,7.3960610763001,0.204153847519533,0.21111525455096,0.161514054769569,0.155074047289194,0.156414463716909,0.156329425382498,0.77230847283903
261,"A_p5","t3",6.41811684113618,2.01526982894898,7.34292692257107,0.605383123712588,0.378828190390013,0.547488269178765,0.305249488047079,0.537680989499539,0.303828270527909,0.83445162830328
262,"A_p5","t3",8.85026609135506,2.40395257571779,7.33618494087352,0.355357123768112,0.31099777797119,0.298515056588957,0.242463541451766,0.289543792323417,0.242096459977669,0.825239041536258
263,"A_p5","t3",3.53848578289986,1.29983709090552,7.36965055914706,0.898893520492407,0.537253498506266,0.875413392456824,0.468389598319432,0.872624689768177,0.470494555162803,0.789361099966647
264,"A_p5","t3",2.65456740574724,0.163197170465468,7.26933706954628,0.957074684950401,0.9495868650163,0.943517855800662,0.926709867770175,0.940448226235496,0.925699191726715,0.880504349631831
265,"A_p5","t3",7.89621844781955,0.146627143001523,7.20674135780655,0.44548647664308,0.952975289209758,0.374417898592674,0.933246686794791,0.361835878447206,0.932345333274204,0.92198871700433
266,"A_p5","t3",10.0639649691704,1.26715117546953,7.37441204824143,0.261011573805307,0.55304201593968,0.212074741692049,0.485374033084973,0.205364543681149,0.485798458808196,0.802741686171427
267,"A_p5","t3",11.4925661155269,1.07650639296213,7.42313005840069,0.178222981859376,0.611101809763637,0.140456999589451,0.542625955212356,0.13385710366,0.542654114057222,0.804740966407569
268,"A_p5","t3",7.19520920498626,1.01518311535579,7.54055233100655,0.523709634258205,0.632962779158454,0.475610108734594,0.575165443457826,0.470163669495024,0.579404469681363,0.712291990741761
269,"A_p5","t3",2.82554394708992,0.743461329804634,7.47468630575601,0.947623409463342,0.714923405582647,0.935634667461443,0.665424736642507,0.934577775404081,0.670039591944749,0.687272127358425
270,"A_p5","t3",2.68121514061954,0.769055023533998,7.58189965796444,0.956002194929039,0.707952385122673,0.947109896824819,0.66302304145262,0.946714347278506,0.669403445844706,0.652456710727134
271,"A_p5","t3",8.2805901437671,3.86471121753859,7.26091220258547,0.409485996195984,0.148006683590112,0.345460085136324,0.0943634942205532,0.331149345260468,0.0910158077176741,0.921893107917292
272,"A_p5","t3",6.88770750252169,0.71125395369181,7.38393968252761,0.553529128523138,0.734649120627083,0.498815929796679,0.673969264353253,0.487595317722473,0.672031631949184,0.847372994581262
273,"A_p5","t3",9.0742884378206,5.6533957988358,7.45695803809331,0.339480200987839,0.0607603868990774,0.29102775312624,0.037714975779803,0.283077442871798,0.0380210765666905,0.772336645251129
274,"A_p5","t3",7.50596572875907,0.827785169467088,7.39742463892206,0.485599092536619,0.682989259962259,0.429358873982007,0.625828239169335,0.421735159959258,0.628093751580822,0.763474535012672
275,"A_p5","t3",5.49641828814936,0.166345046130459,7.00128297228522,0.704767751278043,0.943538051912516,0.636671824679617,0.915034373189787,0.615140201425702,0.911449715588564,1.18586293498344
276,"A_p5","t3",4.94913256261038,0.588045068780816,7.44254368684305,0.771858492184781,0.795715351263738,0.734315813402851,0.742351227564578,0.72553993504412,0.740349356379873,0.841589638551919
277,"A_p5","t3",6.41662887700378,0.50623279364376,7.30134053657179,0.603434163344567,0.800116101173405,0.542921315826143,0.752084807126228,0.533204058858619,0.751872646313684,0.828778133668113
278,"A_p5","t3",5.14847591529969,0.298609823675863,7.4691301628559,0.751807998629382,0.907744434947514,0.711513159789017,0.87427501847392,0.703668708296658,0.874188848118793,0.838081957819172
279,"A_p5","t3",13.6829255529252,3.82343794473673,7.54807225251303,0.0907015282864158,0.156399078537189,0.0718338835768086,0.115775692424081,0.0681172566545958,0.116810586041445,0.765219273989842
280,"A_p5","t3",10.8603476417488,6.07853116997507,7.40049545353821,0.212120324326053,0.0496267970086062,0.170423837958708,0.0271641431346383,0.162059585575002,0.0265852871510834,0.88061390992858
281,"A_p5","t3",7.23793720681529,2.71525254031199,7.23599205135807,0.516117044926315,0.267277506501675,0.452254801281697,0.196101559092094,0.432796684557084,0.190554654524427,1.04997242288991
282,"A_p5","t3",9.01054053350869,2.83139435992632,7.21817005304236,0.342938548721285,0.250544056693565,0.279445171870459,0.177700816197439,0.265059347921857,0.171167870735179,0.981853775340101
283,"A_p5","t3",13.5202635619525,4.70615623153492,7.44574439761839,0.093451149648652,0.0971583232467794,0.0714717161904501,0.0653979709038857,0.0682532029788154,0.0671147631791817,0.755075574594907
284,"A_p5","t3",4.59219101615352,0.80048905133,7.45612997389576,0.806900311211221,0.705221795617704,0.772238406329062,0.644594862363106,0.767201653970989,0.645984096200752,0.803186016683981
285,"A_p5","t3",4.27786407975114,0.769610357314681,7.37721611670496,0.839435570286657,0.721404876416451,0.805355847722827,0.656151129272296,0.797732953333407,0.653229135513717,0.880167942882316
286,"A_p5","t3",5.55110466264093,1.32121080073019,7.4109754491184,0.700280584728973,0.532828333118642,0.654746075890683,0.467229000216606,0.648972258544286,0.470253910368406,0.76411454136607
287,"A_p5","t3",1.94998377867295,0.133483819729279,7.48284268742972,0.98401279250522,0.96093769155385,0.97979988068453,0.947568445541052,0.979488697918667,0.948762538114503,0.693292349726414
288,"A_p5","t3",11.7666618979239,0.515330704931752,7.41459161689302,0.160601520800683,0.795063895530395,0.126116756451907,0.752670670150555,0.122094602440202,0.755600074517912,0.736736018126774
289,"A_p5","t3",7.73593064878561,5.41917194124171,7.47832064120035,0.456444608390851,0.0657282204433848,0.409333027298781,0.0429962408838657,0.40672829503563,0.0454656956749195,0.655727259653909
290,"A_p5","t3",9.07438909740122,3.03885668484192,7.19013349398227,0.341231396298374,0.230080145885335,0.278292663263305,0.156414200625086,0.257208746181634,0.145343124487689,1.06099912542241
291,"A_p5","t3",15.7008358816278,5.80883270491039,7.5738865402983,0.0463743390873053,0.0563747925994842,0.0353010161139535,0.0366585540018335,0.0339622825458844,0.038540464450315,0.671368367868756
292,"A_p5","t3",3.55169510607275,2.34138065958282,7.48215011424964,0.899893965112293,0.318643044021931,0.879860900005923,0.258483454543894,0.877382705468875,0.261994496294043,0.72027204247612
293,"A_p5","t3",7.86907383784896,0.74748856672096,7.46787924497219,0.456130716205074,0.736642107731304,0.404792798946841,0.673956343368965,0.3920267465506,0.67092105091359,0.876710065897835
294,"A_p5","t3",16.9162414523734,0.574866450156436,7.47982076663905,0.0308305499437376,0.777742464747987,0.0213699272815613,0.732652914604132,0.0202309574281709,0.735992092096532,0.748851539670157
295,"A_p5","t3",5.32135820079487,2.34021619408608,7.64132524288014,0.72630389063805,0.318745520962734,0.696806514156258,0.275120253352206,0.696692993054822,0.28441007241619,0.571569305582776
296,"A_p5","t3",9.93960301010044,2.65785258389992,7.55650479756302,0.27008160083997,0.274000728580459,0.231952788848961,0.223734436828451,0.229033782556347,0.229854924282573,0.665497073260472
297,"A_p5","t3",7.97730722801469,2.13738754338268,7.55167281248203,0.442561423490092,0.361923387438399,0.39703712454546,0.302707279567615,0.390282330887348,0.306250483471424,0.799744588325044
298,"A_p5","t3",11.2233784056203,0.692572746167847,7.37674911228375,0.190647860269544,0.741839209128352,0.149874163220928,0.683986732151456,0.142726373615184,0.683305407742306,0.825243974620544
299,"A_p5","t3",6.46976951342847,4.10246885678535,7.83383899408856,0.600429636322283,0.132746064777582,0.577669454302086,0.113709784623547,0.581185119749683,0.121391977314305,0.420032766186349
300,"A_p5","t3",9.06852497527428,0.577643603503856,7.2954955135351,0.341053442857284,0.78401112021267,0.280639494415636,0.724594617336345,0.268039391688996,0.721124871257892,0.901651169509665
301,"A_p5","t3",5.96676405965369,0.988117025881476,7.61999865150556,0.655595066569222,0.637549224573707,0.62066350065749,0.591345603952249,0.619269352251469,0.598561610145589,0.613111539942389
302,"A_p5","t3",6.61055829091412,0.490776638796295,7.60473396163249,0.584013121475743,0.814117658048553,0.545063324699202,0.777979774965712,0.542209241127309,0.783170387412253,0.670953364665551
303,"A_p5","t3",9.19676112323219,0.193176302362344,7.40636351530944,0.327633562308368,0.93961434135115,0.276717207883568,0.917999918578909,0.268723450862176,0.918012294322934,0.827995027318113
304,"A_p5","t3",8.14159567382047,3.18952180372902,7.62622619738701,0.425729686236093,0.212235387201557,0.384686446823611,0.168459927261405,0.382025486419259,0.173878114084564,0.644818255482305
305,"A_p5","t3",17.1381664754085,8.2789320051002,7.5846217410055,0.0284455421587522,0.0157331028543677,0.0207648058661483,0.00885707656740431,0.0201686870214013,0.0095193719842448,0.657253940905592
306,"A_p5","t3",6.94703956464642,1.49193722351579,7.62708490532864,0.544239175613231,0.493683195580732,0.507546190722528,0.44811427899791,0.506692456946017,0.45723188664015,0.577099799698831
307,"A_p5","t3",5.13349295282715,0.650200680813507,7.46765917562515,0.752203817039636,0.767108656762886,0.713582706992434,0.713450739121633,0.705260000917566,0.713558952565374,0.821664256989641
308,"A_p5","t3",3.68236722280759,3.24469542967633,7.58806852741764,0.888102603526787,0.200797035236586,0.870113395911594,0.16045189992556,0.869826771511281,0.166835821731495,0.629578889750134
309,"A_p5","t3",5.07297199360887,1.52780842141273,7.51602396774791,0.755234700595856,0.483462566755695,0.71995199952045,0.423396016100068,0.715975107949603,0.428075909364476,0.762330763874524
310,"A_p5","t3",8.065969743646,4.03214499891467,7.44528107275434,0.427892273275733,0.134284463711141,0.376992441956407,0.0946967559635732,0.3705465801408,0.0962096126153388,0.754320284876701
311,"A_p5","t3",4.95570152374327,1.12797652100769,7.52654357068633,0.767276382423264,0.592758257285242,0.733777647090604,0.537183265766428,0.730565140580862,0.542449143915431,0.690553925279957
312,"A_p5","t3",3.49628756586472,0.283546836098604,7.28076957194623,0.903044493094446,0.903963901093338,0.878504424968021,0.870692039682284,0.873076595217269,0.869352176821206,0.884190153112319
313,"A_p5","t3",6.25368849830684,1.57480712874198,7.23148470291145,0.622594137461859,0.47093230825505,0.560039486273012,0.386105589367953,0.545350183843565,0.379085706541482,0.95988718387868
314,"A_p5","t3",5.28157132556379,2.58028790380221,7.51283251774434,0.731167481135156,0.284126072275599,0.696630633249805,0.235102728658842,0.690956370488536,0.239628226306733,0.780643842725397
315,"A_p5","t3",3.8175337595484,0.287684045168895,7.49460317480603,0.880616354702785,0.907070167445956,0.85713568368312,0.876470758542009,0.853047779488723,0.877756917193118,0.777764095198365
316,"A_p5","t3",2.96745580816825,0.628682564299534,7.33125068018929,0.940239415508534,0.763004687613795,0.923795578116356,0.705245810178041,0.920349383413087,0.703127382936612,0.89366260759688
317,"A_p5","t3",7.91275924045338,2.06560376009385,7.6164024782487,0.445829284310196,0.370068283924929,0.404931470600897,0.320795944068169,0.403407137468625,0.328629565213915,0.603087675932779
318,"A_p5","t3",4.70355758609019,0.142289485108529,7.51146240094819,0.79458506414511,0.962129968400654,0.762846515729857,0.947665339729503,0.758864173268455,0.948565687857044,0.719654662325674
319,"A_p5","t3",5.44749548535543,1.9752813582638,7.59811458751892,0.716014402481786,0.388228455931864,0.682600588071261,0.333011164019579,0.678700138753542,0.339301196745895,0.673899648596375
320,"A_p5","t3",9.58261024154446,0.0789462881042916,7.46318064952341,0.29523834768789,0.979063775221464,0.249057686913875,0.972074556568934,0.245635937536807,0.972873475610764,0.714784173816429
321,"A_p5","t3",16.0073092799821,2.11116861496163,7.59564495266453,0.0416751419005918,0.358939759840455,0.0314978377090516,0.30992876313172,0.0310126930302073,0.317895550181278,0.614997276672304
322,"A_p5","t3",8.68154635396386,1.82270990916005,7.48914517012965,0.373482499216543,0.4193552570386,0.325098012862701,0.35635708469696,0.318866038081139,0.359785633667499,0.726010789881795
323,"A_p5","t3",4.28134304099622,0.805511152537576,7.47460047950876,0.83964237908929,0.711615272259582,0.808838295496757,0.651227730738244,0.803663490264057,0.652217068197389,0.828525156570032
324,"A_p5","t3",10.9692699144613,3.62198665910079,7.28757295749791,0.2047502052269,0.169426528128653,0.159345346439605,0.114730015383596,0.14850422365181,0.112083643377377,0.960510625745203
325,"A_p5","t3",6.22491419098817,1.11229351669474,7.54520499685729,0.630449530435456,0.607576129488625,0.58734605507571,0.549294343506894,0.581572873713167,0.552633060608712,0.750367359126941
326,"A_p5","t3",3.98290497098496,0.174890573836095,7.56195499783454,0.863922439513997,0.947602759666367,0.84196497219512,0.932622998012934,0.840149070314124,0.934354447366277,0.664456447648732
327,"A_p5","t3",3.21464618681771,1.62080155936466,7.52797586230866,0.922713437169585,0.457029684172758,0.907713245106597,0.402817984852442,0.907403824674372,0.410061334571149,0.649626845227058
328,"A_p5","t3",16.2422341572811,0.384650002303915,7.6691629854632,0.0392868984825914,0.858930032774635,0.0303786304529213,0.833736811919214,0.0299823896762306,0.838901373004885,0.58624796294544
329,"A_p5","t3",11.2963988352692,4.8330264566379,7.52645977418456,0.184989908282106,0.0893955147497519,0.152282802721695,0.0610234641588343,0.149901377786144,0.0640465663793641,0.661633015683752
330,"A_p5","t3",8.02148716819314,0.63520503383661,7.28090685638259,0.435412085343357,0.757145837646116,0.371489652618625,0.69791104600061,0.357556697828348,0.694764999049143,0.897795309390131
331,"A_p5","t3",8.94422422779564,0.128814509200789,7.50623479389872,0.349550390588435,0.965958630726597,0.304489737760108,0.953815287294713,0.298330833630192,0.954739909873322,0.746916862574853
332,"A_p5","t3",3.94590598546021,1.75176842094169,7.53017804508256,0.87076770776749,0.443229306816542,0.846677841455041,0.376778021815516,0.842655963921377,0.378265950131746,0.789878147860297
333,"A_p5","t3",4.18405745050462,2.26818943256392,7.59566032535743,0.849311116650093,0.342651719853403,0.824836266465777,0.287450166937746,0.822202930264519,0.292113244268817,0.714265609844538
334,"A_p5","t3",15.0245909327523,0.377679420470497,7.54015380206096,0.0585179275728536,0.86057938844903,0.0440537671922363,0.828801907497449,0.0425846968650457,0.832059637855067,0.691638925976504
335,"A_p5","t3",6.62660405220773,0.0636993062288249,7.70459112067554,0.582767337154812,0.986341924351314,0.550638579055453,0.98250884847669,0.550495675304823,0.983381172298887,0.551868741127942
336,"A_p5","t3",7.06652978290958,2.05975608787943,7.49997019792529,0.535319954882539,0.370482035727466,0.486558329587872,0.308737878623128,0.480041957768677,0.312130458315266,0.716701274793679
337,"A_p5","t3",7.13237299392676,1.58301561854114,7.44079313650589,0.524249483295896,0.467817354312996,0.472162194482339,0.404182591089962,0.466449125804218,0.407336497914023,0.7432571104028
338,"A_p5","t3",8.82510232772298,5.78855093777455,7.30495167851662,0.357665943682707,0.0557243658160412,0.299443205960605,0.0298935522024582,0.288512343209975,0.0291078517914003,0.854554741019912
339,"A_p5","t3",9.31045569981319,4.59065685997418,7.3232805986428,0.317360878193292,0.100976179968066,0.264139213841068,0.0645742331945177,0.25231193391102,0.0633063101351958,0.859182397976154
340,"A_p5","t3",9.07184131507608,1.32448958384018,7.6608681498224,0.336078143443531,0.530738053456163,0.303291770359586,0.487122641975277,0.303054190495873,0.496924089402655,0.563227488818992
341,"A_p5","t3",10.6229545749376,3.0493248918108,7.43020554826963,0.222568091788397,0.221485927067457,0.181208119644479,0.167453475148501,0.177110173160954,0.170938430820899,0.731535769079771
342,"A_p5","t3",8.22757065093798,1.19308157022619,7.29110657671904,0.417113318739154,0.576244835736327,0.353513359263903,0.497353473180878,0.339186371499434,0.492191114215796,0.913635928614905
343,"A_p5","t3",10.1344101164094,0.205546820292514,7.17259506287338,0.259247247186999,0.937524481330483,0.203001951842756,0.90906141783725,0.184186749743912,0.905176657475983,1.0760229514558
344,"A_p5","t3",6.69650635319118,1.69025478122818,7.0427321578086,0.574625782004188,0.447743204364611,0.499099255647194,0.34732444659156,0.471907411656291,0.328380437138738,1.08969769347009
345,"A_p5","t3",5.76475165913423,2.59210300694965,7.47255948907846,0.677670456593228,0.283127701839175,0.63469683654818,0.225001930950836,0.629320211889399,0.227717016163343,0.726118098133962
346,"A_p5","t3",5.44727145546987,1.52829971635151,7.55373510459407,0.715459161199702,0.486994289936428,0.678810436326882,0.427521382495407,0.675088762612554,0.432900402463765,0.698329596678709
347,"A_p5","t3",11.0820977838191,1.79897349318661,7.55915867441871,0.19471635217555,0.415115981296984,0.163993769853798,0.364699631360504,0.162698448945146,0.373235424822963,0.613322230192028
348,"A_p5","t3",13.8482591051115,0.689969124451669,7.56807783735167,0.085199909110076,0.735419933551785,0.0668771134163043,0.694801104189869,0.0656825156434877,0.700401390824177,0.626772322989736
349,"A_p5","t3",11.8705163658896,2.36530211588145,7.5557071527812,0.153970851275557,0.308664029646323,0.127294165643019,0.261325869414768,0.126712609001094,0.268520287091163,0.621527554935941
350,"A_p5","t3",4.84262451910646,0.986236423377392,7.60924492750662,0.781607161974411,0.644040926498026,0.752587617107331,0.593076478552683,0.750618648880889,0.599555407562581,0.665267919846248
351,"A_p5","t3",1.41523582821767,0.541768506908406,7.1883281200939,0.994948819148,0.798310715330555,0.992627022920849,0.740202715944927,0.992060003431197,0.73504321843165,0.926719789505191
352,"A_p5","t3",9.80275767493815,4.97414677874716,7.3788180352734,0.280045930116888,0.0849915970323646,0.22945270086692,0.0514623571494863,0.22290911721352,0.051780259862114,0.811728739100582
353,"A_p5","t3",3.36298924437762,2.57235891788974,7.50741587893807,0.915228701462563,0.288309634898981,0.896895504207014,0.229817283097063,0.894968412577501,0.232920093822953,0.750398125659931
354,"A_p5","t3",3.94633217842178,0.719627716481931,7.35340221323403,0.865418430810427,0.723400724574045,0.835834113231871,0.667195866492761,0.831516345713474,0.667873651382981,0.77457137236903
355,"A_p5","t3",6.51470705527397,0.697206752016612,7.14093067847636,0.594464797996914,0.742863157220082,0.545855619189847,0.684773288762554,0.505050800477557,0.67454719626818,1.95436014388116
356,"A_p5","t3",6.61040946983179,4.49101229519178,7.71028572125912,0.586618057651838,0.108960223740824,0.55412031758051,0.0842692470302979,0.553226532303317,0.0890196034974855,0.56703985567739
357,"A_p5","t3",9.43938908449197,1.39550824379492,7.02500218630218,0.306581905708812,0.515057199538961,0.236588043971065,0.419459796130442,0.215866470917734,0.405918072195329,1.13489398953847
358,"A_p5","t3",5.86529611182528,0.157978320789317,7.67443952271623,0.666604852452437,0.954789210487036,0.638785776169794,0.944586782190891,0.636319842042056,0.945951180035477,0.574684858158366
359,"A_p5","t3",2.89666669847865,0.206050839363424,7.26803371324412,0.943498510461685,0.930565256423251,0.926820323022967,0.905721794505593,0.923445968854592,0.904621355795447,0.85613259437676
360,"A_p5","t3",14.288538296721,0.917411615457929,7.87775208942194,0.0753515642654699,0.667654548604603,0.0664745677256482,0.640308030582518,0.0676145586413006,0.652355535440909,0.428745506726135
361,"A_p5","t3",6.01335648017082,4.34251089238474,7.40581903071653,0.6529599224758,0.117246599052207,0.603165273796039,0.0769485981571792,0.592668529199343,0.0756229420207359,0.859043109117688
362,"A_p5","t3",4.17559503836804,0.108369307678451,7.66236626308141,0.847785173638054,0.972974727656064,0.826693937543392,0.965406505260625,0.826480035258806,0.967065737987688,0.605733621908923
363,"A_p5","t3",3.82230650890784,0.0812660702352801,7.55373192771496,0.876473642554901,0.979142072347756,0.855794826403598,0.972955139343281,0.854907979828641,0.973887719226821,0.653828271603742
364,"A_p5","t3",13.3486704127714,7.22916676820394,7.29259292527878,0.10008628724236,0.0269016882218804,0.0710913812190422,0.0123999789786335,0.0660928098414109,0.0118855541375668,0.87448556406669
365,"A_p5","t3",5.43371376107057,2.75414000987466,7.18980227022143,0.716027214440497,0.259628158051639,0.657632159694122,0.181281396056747,0.641991843141944,0.173223421822286,1.04106240167875
366,"A_p5","t3",14.3736766832901,0.679534545139585,7.52393009731973,0.0711311169461832,0.75011579534421,0.0556326947094032,0.702871646460476,0.0527760360308145,0.706900419147577,0.878180881303283
367,"A_p5","t3",11.1935112080519,4.51041825401717,7.49760425186899,0.193930009158074,0.109820277208582,0.158058529134402,0.075299144062131,0.152198278500617,0.0757773007566021,0.761109531715677
368,"A_p5","t3",6.21065210824975,0.622047694606469,7.26659811698027,0.628146487226767,0.762128889125753,0.567854005153693,0.699769057009735,0.554154461144268,0.695751618155018,0.898188553303321
369,"A_p5","t3",4.98059091986834,1.20592381847424,7.22773642759246,0.765564363941187,0.571835277015774,0.714969033928082,0.488444436633809,0.702390670920053,0.481391959006287,0.919890460994786
370,"A_p5","t3",9.10284276449307,1.65322705786795,7.59162530050603,0.335979650667277,0.453373348447724,0.296295556157415,0.400634123495239,0.293890960134161,0.4084053937821,0.634764168280011
371,"A_p5","t3",10.9472902914099,2.47171025718646,7.24887463113957,0.203856835627875,0.300210320447952,0.155800618470293,0.22351287787947,0.146950720303818,0.220173453700638,0.900865541590967
372,"A_p5","t3",1.82544159741542,0.982438923919322,7.31235334788779,0.987317260854599,0.63354645520655,0.982870213306857,0.563897247252305,0.982046970666334,0.561143820723864,0.853142628907805
373,"A_p5","t3",16.7345789316441,10.1513274413034,7.57204940723563,0.032395675307743,0.00592643645156832,0.023925285999491,0.00292487087812554,0.0233862009614967,0.00330237682696843,0.626763579694056
374,"A_p5","t3",8.31475503948167,2.04805325706731,7.57560252735451,0.40776337870545,0.373928312606364,0.364843891977104,0.316605981701919,0.360501634852644,0.322334930684106,0.677870655882542
375,"A_p5","t3",6.38775497945792,1.66851836341999,7.47589897612957,0.609259568644144,0.453853251717785,0.561764686651936,0.388921509904357,0.555190128851482,0.391923631952373,0.751646982995508
376,"A_p5","t3",9.66703000584761,2.01572483767191,7.4081477213596,0.290145842486894,0.377712617876243,0.243574416739359,0.310879062996393,0.234377155805498,0.310491582146857,0.793976371704196
377,"A_p5","t3",16.8033923267836,2.14567766886446,7.59247288811932,0.0315750764745271,0.352096716623523,0.023645479870915,0.302195968425966,0.0231069655179392,0.309364052463305,0.634640891024148
378,"A_p5","t3",3.11952606954772,1.07334466750716,7.14079313621453,0.929482715454444,0.602318307163262,0.906067246805851,0.519803113824881,0.90046693963563,0.512521272101341,0.945118938303574
379,"A_p5","t3",3.53800941658026,1.20778724466101,7.46064158963648,0.899980979823514,0.564706914540134,0.88019547424026,0.502891369623834,0.877677743517505,0.505651391285121,0.747117731240673
380,"A_p5","t3",6.02354459826232,0.37707923740355,7.31862822569207,0.650854287418788,0.867323122111154,0.595741190063867,0.82156446386973,0.582473056938249,0.819299214513057,0.883272193299454
381,"A_p5","t3",4.26734596490012,0.765895089988144,7.06394023307884,0.834597787708499,0.698986106402064,0.786628127108489,0.625531872772483,0.775269053634864,0.61904015952171,0.962976801744453
382,"A_p5","t3",18.6721973591444,6.59547160866078,7.55583077673522,0.016916771421133,0.0382381916885026,0.0115885434262619,0.022671217089995,0.0109337084532948,0.0234157040056049,0.748364823669898
383,"A_p5","t3",5.34848545844179,1.06137208848145,7.16838960996799,0.726837647160578,0.615005279820442,0.673680705725822,0.533729584681071,0.651114183158761,0.521053535620886,1.20772760865197
384,"A_p5","t3",5.96938445992501,0.462027516062503,7.52947555063594,0.65162523899337,0.829019742776794,0.613141580187895,0.794258761090949,0.610298199941244,0.798585913299163,0.634674856700162
385,"A_p5","t3",4.69306170349851,1.69888464481762,7.58056562031708,0.797022289011626,0.448979557974017,0.768444792734773,0.391206114246399,0.765280006672162,0.39807717525333,0.659560393735606
386,"A_p5","t3",6.02565982227738,3.49177411795349,7.33477705541654,0.644982358747931,0.175360592411841,0.591306231028985,0.122516006326015,0.583638382465892,0.12283659946426,0.818365353444644
387,"A_p5","t3",5.18227070428014,0.471629498455629,7.40904110356254,0.743571656069757,0.824383277975735,0.699926312206392,0.779217472607149,0.693724328369275,0.780309922740729,0.792309129957777
388,"A_p5","t3",10.8616432311224,0.426533505133252,7.2627469620117,0.207823041144423,0.832328601263402,0.16791377624442,0.795538113297667,0.151983947781831,0.79440038408973,1.06436721230826
389,"A_p5","t3",4.21849058905593,1.01393650647149,7.56063938738858,0.847214054044019,0.643509563904149,0.820381420200555,0.582445220960112,0.816311570952638,0.584616512406276,0.773458990372803
390,"A_p5","t3",7.0032392784506,0.965794631486911,6.88702253656724,0.540146179132233,0.644096070417414,0.462154247257604,0.55518736800673,0.41961947956272,0.535090780794314,1.40932203841463
391,"A_p5","t3",18.0210861600375,3.34391065551132,7.55728328237454,0.0202969399593698,0.190323122252703,0.0145490171005165,0.148532382664365,0.0140702680120071,0.153710072235486,0.631895440548718
392,"A_p5","t3",8.94208496450488,1.72299740136764,7.02676579821434,0.349916519834377,0.435463753135264,0.274577415884528,0.336115549000572,0.251945922518077,0.320373908056814,1.1867496619022
393,"A_p5","t3",4.83296027396985,1.05248430393867,7.60108272361394,0.780805697344208,0.614813740188337,0.751499761663311,0.56589826352528,0.750542896059252,0.573133116031126,0.643644392348554
394,"A_p5","t3",8.04712712887109,1.37753004850478,7.58324917833866,0.434810109846022,0.527655894272823,0.392152429983453,0.46934065335336,0.386694930831407,0.474797978338497,0.704238210983832
395,"A_p5","t3",10.4272239017193,6.4271616683858,7.51926111537923,0.236393528862406,0.0398674140184507,0.199571809786964,0.02380297709808,0.195199158690162,0.024889065471891,0.680628329529506
396,"A_p5","t3",18.0129047868667,1.49241258120833,7.30862414132201,0.021071700226168,0.49207181968619,0.012954402760965,0.416837594322619,0.0113633330120532,0.413713431662962,0.896600976508695
397,"A_p5","t3",6.23545118753885,0.233315940679862,7.63740932486348,0.625479370165962,0.92923693238651,0.590576483721088,0.910473736369871,0.58957280535598,0.914490890231586,0.573256945142057
398,"A_p5","t3",7.37123725787842,2.07460318283656,7.61410635882472,0.500418086776469,0.36536665596651,0.46025700569269,0.315936622370299,0.458891816838129,0.323610594863571,0.621662628500858
399,"A_p5","t3",13.3142926839536,0.528774248238626,7.28586930370252,0.1020671185022,0.807619741656082,0.0726573717974278,0.751671897311088,0.0663716062183906,0.7470575936763,0.925176480264528
400,"A_p5","t3",5.02115023436492,0.855058480035518,7.58305686054246,0.758636434116185,0.672724561280162,0.728807045302383,0.629623288742957,0.727252467771685,0.636490001957931,0.622632505836901
1,"A_p5","binary",3.79138854652275,0.604395566862739,6.54682618960673,0.829177302616619,0.735461458680696,0.795051592464621,0.698422910717403,0.79428903897134,0.702270537088407,0.743435007639716
2,"A_p5","binary",5.98530796205948,0.943825490204463,6.60290373736581,0.570442998331563,0.61179296709839,0.509024533902004,0.559491924913452,0.507346402530284,0.564387977407874,0.748833506882687
3,"A_p5","binary",6.15122113156738,3.32058581349012,6.4625308859553,0.511842561136665,0.144624326247067,0.466853158644743,0.116718321415025,0.469111819928783,0.121162931657578,0.629082868405794
4,"A_p5","binary",11.1084681190875,0.515478028515797,6.15592067237314,0.117472595148949,0.775831528030735,0.0763285983062856,0.730596152896557,0.07392990874344,0.731946475897524,0.877993676315891
5,"A_p5","binary",18.9129899648136,6.85257165541318,6.29769298324527,0.00620076348863186,0.024699431629587,0.00298908411889287,0.0118693933554972,0.00282667589262997,0.0123316693432519,0.821417179238626
6,"A_p5","binary",3.37457378171956,0.371444991498296,6.26101107487259,0.865287334367344,0.817622597999769,0.826667451130132,0.78363583973524,0.823294150380904,0.783698626644238,0.892171898421414
7,"A_p5","binary",6.92442964954032,0.742161415866861,6.20946307161414,0.426993312439853,0.676827299614565,0.352479885071431,0.628377811188621,0.347175712259321,0.628937814251954,0.859553327957545
8,"A_p5","binary",5.50372762865085,1.74932425213112,6.27320691733972,0.603426144708823,0.385232296834215,0.534230976625986,0.31945575936324,0.529683106869923,0.321302541716873,0.832904933442918
9,"A_p5","binary",3.48160353988566,0.218233757733064,6.06366379231939,0.841571008841666,0.90309151383682,0.797676232230105,0.881463357352614,0.793392651799829,0.880971704029425,0.897722602184999
10,"A_p5","binary",9.79538675236627,0.67086958267704,6.47558762447502,0.203556319683571,0.694288823342309,0.151209969242364,0.6492266637,0.14759245820238,0.65044465669878,0.836585655253827
11,"A_p5","binary",6.90674554679153,0.638740625512033,6.43545826487062,0.463120335643227,0.721574726777453,0.383042740302216,0.66913885875075,0.376640242510854,0.669139157180995,0.88676328870955
12,"A_p5","binary",5.30524031906532,1.84241824519734,6.47425435408758,0.641161246937183,0.373288916703953,0.582806367796354,0.31814489222014,0.581260797960737,0.321867095597033,0.777907156543737
13,"A_p5","binary",9.13844621480742,3.38520611352722,6.46447786560387,0.260079670155355,0.161989432360377,0.192507288162799,0.108367373042591,0.185624124843492,0.106881603103029,0.917648005910489
14,"A_p5","binary",1.52056230483183,0.0670355891474637,6.02841836347574,0.986889224310363,0.979321425476599,0.980750960997195,0.972365462547126,0.979955724162394,0.972088452799201,0.929100620597876
15,"A_p5","binary",5.86876125537812,1.37043140526212,6.50401082181619,0.580839797871774,0.486575087171914,0.514526430912171,0.424883874091476,0.510555605629586,0.426850499788275,0.814460481501184
16,"A_p5","binary",5.66776235904295,0.295907676663331,6.27757901420039,0.561874696651923,0.867731737716143,0.506716147751613,0.846928158500503,0.506955911325111,0.849393144817452,0.696278027780198
17,"A_p5","binary",6.2462308353269,0.284389120384506,6.44264015274449,0.532131829489893,0.873824728480392,0.459035044427,0.849597970796658,0.454976569812964,0.850298811127942,0.824236841988377
18,"A_p5","binary",2.90676025118605,1.67301506155897,6.34445978656558,0.893336658302544,0.393522321114427,0.876886091206647,0.353305014392219,0.877947149092206,0.360905124440581,0.616283674844232
19,"A_p5","binary",7.74580415616088,1.14146295212264,6.48225647217383,0.361625932426139,0.546865151351338,0.298895350288429,0.487832444735387,0.296671187305372,0.492245705556121,0.772166411647427
20,"A_p5","binary",4.91582056257789,2.56931295588039,6.32043075062069,0.671890937702303,0.231127519644583,0.618228492987252,0.181686376850909,0.617342047670368,0.185852622967724,0.758527423743438
21,"A_p5","binary",6.19416368107782,3.41063345922268,6.13727423569037,0.49497703545259,0.129340342619781,0.426782627910833,0.0891697814574135,0.422490405206008,0.0899040176843132,0.82806501118308
22,"A_p5","binary",7.12556914207217,1.35311506781654,6.61523682163252,0.442551181199563,0.498101583765576,0.376328252932777,0.439669605179604,0.374200440765791,0.443350076966426,0.787891312462519
23,"A_p5","binary",12.2590634199819,2.10514158914089,6.2868935321003,0.0833549992416934,0.314699093566845,0.0534246502603792,0.251142595640094,0.0515845927290524,0.252105069500155,0.8343418710833
24,"A_p5","binary",4.47709957408669,0.675804923402639,6.22540432915318,0.725947465062492,0.713158539029183,0.670259784338234,0.669104554202893,0.668787344845384,0.671783360707725,0.794011052890271
25,"A_p5","binary",10.0675672212517,0.632250110047493,6.28817257322972,0.187682904391109,0.722392575260189,0.126892118419752,0.66236038970628,0.119792256265303,0.658657624442593,0.993125908631697
26,"A_p5","binary",14.8696053199759,2.48514822732677,6.41937792865094,0.034542614773017,0.27602795322464,0.0196835245758384,0.216133863401178,0.0188113517456552,0.216993559775069,0.852898266671479
27,"A_p5","binary",5.10382579871872,0.676271832538263,6.62207339792782,0.665293614557628,0.658813870675479,0.623872510943965,0.62325870849191,0.623820071204221,0.628574974970663,0.650197676175123
28,"A_p5","binary",9.80585657147442,1.59582548433264,6.52724465948475,0.209534134485708,0.420652606144847,0.155404997009828,0.356850149001461,0.151455175007567,0.358289903129223,0.854356645339885
29,"A_p5","binary",2.29030362639011,1.27970320241935,6.47653606700601,0.954828455085413,0.500240975807775,0.943862687065152,0.455681244193108,0.944079289661647,0.460802966987946,0.68141644747606
30,"A_p5","binary",5.80877184265488,0.493531076608726,6.2356505976657,0.591846170603852,0.78517768793828,0.498090796226572,0.733514262419934,0.486195517604118,0.730340810747811,0.996450122112367
31,"A_p5","binary",3.74046355654419,0.934521711876821,6.31904078713012,0.832986185218952,0.614112998060414,0.78574385237261,0.549285098020917,0.781151165586727,0.548813585467582,0.895021982364489
32,"A_p5","binary",15.6390054768308,0.96910499769569,6.44102033463735,0.0244505875463423,0.602763098525368,0.0145147486532452,0.549748177741047,0.0140699330878482,0.552797561687616,0.795287897080031
33,"A_p5","binary",1.10580505427839,0.333967543040352,6.72685342457221,0.996658199159993,0.85012502049796,0.995574113201924,0.824652669914997,0.995545905526999,0.82705844876868,0.742789858497668
34,"A_p5","binary",18.7662634682777,3.76819704867443,6.67300182474543,0.00728241366330673,0.134684637663817,0.00489140367596796,0.106856489824241,0.00496535468623382,0.112556228726791,0.595704607379876
35,"A_p5","binary",3.57998757401968,0.276501639174071,6.56533180773763,0.840519388442225,0.868734693272535,0.815619102970483,0.851818782641777,0.816696214849899,0.854663950093713,0.654828446712115
36,"A_p5","binary",9.6324942418177,1.49548057175323,5.82649418929329,0.186413752217689,0.439570975015507,0.118972487803998,0.350304019035721,0.1088324548816,0.340307725415291,1.07948044853234
37,"A_p5","binary",6.8163067216797,0.185154786261114,6.43922617578499,0.461100774371076,0.919510301210045,0.392002116436497,0.902442332494401,0.387189158368504,0.903025859921993,0.839482667085882
38,"A_p5","binary",5.85520763226345,2.90045571571082,6.44229277296222,0.542211564841317,0.197151394352195,0.500986941535168,0.164296197637471,0.503084515977767,0.1704294657821,0.608627496326563
39,"A_p5","binary",4.94956214884336,1.57984822751063,6.22567969195582,0.69199158149565,0.429729906115308,0.61446990000689,0.345727427880979,0.602665201909197,0.34025773803418,0.991366874177061
40,"A_p5","binary",6.81270504283059,0.0993568412474893,6.3314431695986,0.460145188097174,0.961694187454932,0.382647009866566,0.950631055533747,0.3743200426348,0.950669358643383,0.887943312985021
41,"A_p5","binary",6.43164417364478,0.0972954936919247,6.06279297767733,0.505383770635244,0.96638993079407,0.400878787254765,0.953554341897475,0.38467817511269,0.952421468503326,1.06169648628283
42,"A_p5","binary",15.8772836100752,5.44356979648245,6.41034784782516,0.0201897490035836,0.0537920180611859,0.0125928016452914,0.0343602065055814,0.0124321096451436,0.0359492403952251,0.724194286018305
43,"A_p5","binary",9.84101681015035,7.25162343827382,6.55513384935557,0.194387915656739,0.0138288141677639,0.152741680580507,0.0072903983102145,0.151908703447623,0.00779608541600307,0.721457788129329
44,"A_p5","binary",2.5198320551477,0.0692754743396275,6.0730523333604,0.935444393455805,0.976740583373632,0.911122041347942,0.970123440969451,0.907920476451243,0.969731478488836,0.934171220191181
45,"A_p5","binary",4.15087416135117,1.07049597871625,6.16188116324466,0.759128780610899,0.574405734841383,0.709392104352186,0.51701927894517,0.70698963694971,0.519907174425432,0.787677892288191
46,"A_p5","binary",1.34805165698495,0.0516047400228834,6.08483961526013,0.991508378388114,0.985215648923623,0.987412715806056,0.980046090169926,0.986925403169531,0.979897241662899,0.926520984026366
47,"A_p5","binary",7.52780054487696,0.876312133249749,6.74284017402702,0.418418154654843,0.640286716918268,0.349605202543423,0.586486838557587,0.347084708412455,0.589882975285902,0.802975805218561
48,"A_p5","binary",3.18206733255213,0.14023707521939,5.99286629524509,0.891519557951416,0.943780034682368,0.842878491652416,0.922988122115532,0.830847796481186,0.919162607264157,1.13251763117341
49,"A_p5","binary",7.44657329412276,1.22827326436703,6.59703226051478,0.391608949093533,0.513288665737905,0.33742139397638,0.468934574139677,0.338352091887225,0.473871730475581,0.68025929859796
50,"A_p5","binary",4.1652709678242,0.656233481507307,6.36068391264712,0.790805481042796,0.717313468530027,0.734439013958731,0.66348529408675,0.727636225901636,0.661274053411534,0.938114033670809
51,"A_p5","binary",12.1803311985899,0.578145186711098,6.20884077592735,0.0750790829784143,0.723393855613002,0.050725930346662,0.686311500846179,0.0499595310504912,0.688060285959335,0.788702902472715
52,"A_p5","binary",8.72562531915872,2.71344440840065,6.15869984299412,0.247022774126994,0.218764674139466,0.189100325606836,0.165918613885654,0.186018029327437,0.167505309599273,0.810470169673385
53,"A_p5","binary",4.23426286734712,0.598230689700888,6.26278077186415,0.748069769729135,0.745164801617687,0.705343522350455,0.707786976904778,0.70563709345437,0.71260017591648,0.705302712483761
54,"A_p5","binary",8.1181985210513,1.83491005073415,5.90888883901587,0.294122361619986,0.365768543452216,0.214530162546195,0.291495615572961,0.205040833872724,0.286791937917552,0.975867051769645
55,"A_p5","binary",4.83597756833529,1.77757516261492,6.24958092076711,0.717227092111081,0.38176143405548,0.633778124211969,0.293958100352755,0.6214670053067,0.286899577624373,1.04455596207333
56,"A_p5","binary",8.19846311301642,0.768122560788085,6.36703152270892,0.28746174716488,0.659434883510763,0.243892259415715,0.624376439323309,0.244921496649662,0.629819012132293,0.658002705947212
57,"A_p5","binary",3.49456156557466,0.167539583748135,6.79616778365789,0.865261405753572,0.928295436258747,0.844273501338912,0.918420858807116,0.845413382993844,0.920371118491687,0.602580330217437
58,"A_p5","binary",8.22508750990326,2.29886494225334,6.53175369428689,0.322164760691157,0.275282737883918,0.262204905090171,0.222397420665806,0.259549725524827,0.22450753314197,0.78667808186562
59,"A_p5","binary",6.55820977880432,1.05367272043637,6.33115096398759,0.478363014789249,0.572223396698943,0.407223173733665,0.519757707386672,0.40344299555138,0.520887048906539,0.829907763281775
60,"A_p5","binary",5.53640632500211,1.22033427312337,6.8805869659027,0.649968538881314,0.530080426721883,0.598885158629549,0.473651578018298,0.596958036693772,0.478967813778068,0.744927798851343
61,"A_p5","binary",9.58871468958817,0.0205075444028714,5.96426091131388,0.187583188362225,0.995246282852227,0.124765165700969,0.993516203631807,0.118948473553358,0.993434969983356,0.969222987454145
62,"A_p5","binary",6.09310407542518,2.17769831434473,6.46590640012677,0.526590799156885,0.317522141623335,0.474241417129889,0.271527216445896,0.474971621905287,0.276938317111428,0.683909940267003
63,"A_p5","binary",7.65234477253257,1.79926660427446,6.34447586649585,0.364585023840043,0.393234567778733,0.295608158248262,0.32899356828249,0.289774356527569,0.32905449010721,0.838305518990619
64,"A_p5","binary",6.37796821964683,0.940283935489846,6.68716024374893,0.526261665546554,0.596482284455322,0.46988101767535,0.548705013637426,0.468538683155515,0.552981638001319,0.73863270456164
65,"A_p5","binary",5.23610747669985,1.74085002163818,6.50241380273784,0.649288412814094,0.356551887081178,0.593920461634494,0.304522254702677,0.593631274303738,0.308890757697315,0.762975592278119
66,"A_p5","binary",3.18067934605898,0.514506136758171,6.29171130582694,0.873923899815883,0.77604662338481,0.848397187768252,0.743164810402355,0.84824292244148,0.747037013542631,0.705595233714435
67,"A_p5","binary",4.38704015996676,3.34743189108648,6.43146769227979,0.749201938420198,0.165292776823828,0.703955865332744,0.126043199798804,0.70448594599556,0.129383683508221,0.730459169242136
68,"A_p5","binary",3.10677614175455,1.42178369496262,6.6766176379842,0.900064455317591,0.465422495757948,0.878929806391495,0.414558659401346,0.878819597104835,0.420132532742665,0.701408219157009
69,"A_p5","binary",4.69538147040998,0.480555545399364,6.11150122835684,0.689908638077283,0.790354993894928,0.624740919680902,0.753661305134556,0.621790808206847,0.754463000423484,0.824739526800453
70,"A_p5","binary",6.7748644542263,1.32312249784747,6.41299455633507,0.470571349127491,0.499282810266232,0.395439545187275,0.431317405118536,0.388630971240405,0.431073387740105,0.897763086823041
71,"A_p5","binary",4.04144672600266,0.687493104540425,6.43842622569755,0.79838031842975,0.697772173614631,0.755507793515026,0.650227430308497,0.752222819048002,0.651835679107025,0.797756817321596
72,"A_p5","binary",3.9808813263872,1.44451493844586,6.33059590505248,0.802806155808258,0.450740462328252,0.752554096341136,0.380303232087871,0.748178507676005,0.38140410825423,0.871639754285471
73,"A_p5","binary",5.11212710753673,0.808673035362333,6.47817292288397,0.670703074284221,0.663195865640011,0.611049027717075,0.617307149084782,0.608611441547287,0.619220226024935,0.778419012347856
74,"A_p5","binary",6.17575550948081,3.60261328455509,6.69317548832758,0.542903720704344,0.119715906560708,0.492409777750294,0.0909276650042514,0.492944837935821,0.0945014986211026,0.686078558297361
75,"A_p5","binary",6.46674932716026,1.92809398669009,6.46539006731517,0.496295854299657,0.366646019410854,0.433340050427334,0.308422806106554,0.430298097592832,0.311210019050706,0.785348444791784
76,"A_p5","binary",3.80352243420475,0.308238167319644,6.32770027376849,0.798306232601937,0.858153011995853,0.768448839528179,0.840066467285058,0.770341779392878,0.843501439411876,0.624362192905707
77,"A_p5","binary",3.16544401156075,0.657004467283242,6.40727926364943,0.881846534503577,0.72320138371205,0.856568187826092,0.684644136383763,0.856755731807787,0.689458505549653,0.702765221933693
78,"A_p5","binary",13.2498053946786,0.668865003379595,6.30951939677255,0.0590259564524668,0.691211733917212,0.0353925963868197,0.644633209160503,0.0341001516248773,0.644399232172363,0.873039738395209
79,"A_p5","binary",9.05485477361031,3.73755597564976,6.62819149485217,0.246076561629215,0.127323083822442,0.205218083779228,0.0969777654177021,0.206096797314104,0.101313727358484,0.653001793239144
80,"A_p5","binary",3.00933442086099,1.0683305542709,6.37233100098599,0.90233852780577,0.571080418644123,0.876140975549596,0.51380571146552,0.874405091013067,0.515913256122996,0.805345366344827
81,"A_p5","binary",8.7011232766641,0.892609985167117,6.43442658213482,0.285124158369068,0.630017123256327,0.217792868499652,0.57150572241961,0.212546589812179,0.57204600201242,0.857919370588296
82,"A_p5","binary",11.9389183284,0.966950628155747,6.20048369388505,0.0979062258335213,0.609640055885947,0.0590381067805941,0.536532323708764,0.0544843094675918,0.531374177480984,0.986371575300713
83,"A_p5","binary",7.81634302886434,4.16742205498549,6.63191908671436,0.352486784621686,0.10423225065436,0.305059951450861,0.0780923958002168,0.30657852939781,0.0817379531067394,0.641007462671754
84,"A_p5","binary",8.49806594367499,2.50848230694816,6.18933393273568,0.273350715745121,0.256606046338977,0.207118846582429,0.196755056817839,0.203920505554596,0.197802656417964,0.85478539210548
85,"A_p5","binary",6.02381759954933,1.50702829054575,6.49553618613398,0.547466843463007,0.428471381171308,0.491737929579547,0.370002587262995,0.489193418338625,0.375593336803894,0.731356529212701
86,"A_p5","binary",3.55319966853749,2.52530405928879,6.26922967443344,0.845628192907123,0.261495542306818,0.803631024556421,0.201583872482571,0.800881671547174,0.202564763581416,0.860493580418533
87,"A_p5","binary",4.59160193960918,0.483760117626973,6.25570831715792,0.71200833259723,0.789193980531208,0.657600572682473,0.753354961079123,0.655997842861158,0.756059532932737,0.76665986308331
88,"A_p5","binary",4.15112310384188,1.90616043539768,6.5945496962611,0.794064176357639,0.376524973392688,0.752306126531001,0.32545668696869,0.751329089988514,0.328889092053971,0.763432547758468
89,"A_p5","binary",9.12925607899192,2.8112727837196,5.90630393474379,0.223288583192547,0.216894560671777,0.150229820668054,0.14656587747212,0.139520002805132,0.13978959173222,1.04570555384365
90,"A_p5","binary",4.73431397671835,0.24848569539516,6.51085835026661,0.709490824131397,0.892204361878125,0.663567539545196,0.87511352630681,0.663696627234205,0.876970288272173,0.6971044489484
91,"A_p5","binary",9.95649220823002,0.936598729752004,6.67604599375748,0.18086015793617,0.613121329386579,0.153684032243531,0.58340673297971,0.155906880945796,0.590574849841924,0.551831283539579
92,"A_p5","binary",4.85216166040592,0.822281348728274,6.40660856492247,0.681178160835059,0.661319455001731,0.633280663802855,0.620298025598979,0.6342193242145,0.625338868721716,0.698226987135347
93,"A_p5","binary",3.80333409838637,0.681476107560736,6.36476433637698,0.824732545561183,0.705706590093616,0.780548058990222,0.653381353820902,0.777122496496054,0.654729624518739,0.844928718465685
94,"A_p5","binary",3.31331910440853,0.182874864328413,6.49591164831824,0.877342050261626,0.918726999277503,0.848324691585676,0.901731103433253,0.847089043496727,0.902943500305451,0.78235305940752
95,"A_p5","binary",14.6162266206014,1.31362743552925,6.1352286892226,0.0316532664481673,0.508727972027833,0.0173881659308059,0.442671955521119,0.016509890426345,0.443042137816837,0.862858216946033
96,"A_p5","binary",3.13865521431115,0.0732576930561032,6.55260186975953,0.890328033539016,0.97503155858047,0.868459958744979,0.970547447290916,0.869337969290546,0.971195283421916,0.684051334643424
97,"A_p5","binary",8.61337004954209,2.36682099081089,6.52987224189362,0.272839244393268,0.263194888418852,0.227881448117202,0.22146397505213,0.228940792861586,0.227122156950418,0.670099823445921
98,"A_p5","binary",7.26460234404923,3.26375217832128,6.38590866769854,0.400132232776133,0.158552654794653,0.333392486483006,0.121821878936992,0.332769263005428,0.123265962972343,0.788205648798447
99,"A_p5","binary",5.12579890005228,0.916103502895097,6.49905722154838,0.686457010329546,0.61320470101518,0.618028816867285,0.548378679699993,0.610431195985275,0.546720071342783,0.913621121079421
100,"A_p5","binary",4.4020446617423,1.39312419053104,6.52322892725561,0.752227537965927,0.472622119896458,0.710148048758586,0.423450728414878,0.710744422667318,0.428958533036509,0.713257205210839
101,"A_p5","binary",5.07733499725913,2.23852231017643,6.54046863481333,0.671366354621263,0.296139079914148,0.619867441965126,0.247987802437069,0.619497075336472,0.251599980901349,0.711158103630954
102,"A_p5","binary",3.42115036529212,1.52561213731692,6.55673912295756,0.86842882558357,0.450958364906464,0.839753275859335,0.395825948327931,0.838894384145793,0.399793021368304,0.748456178501033
103,"A_p5","binary",4.63553095296677,1.40548308897773,6.06990572129418,0.697168298646298,0.490006954553966,0.634678114314432,0.419920668120777,0.629150274404804,0.42067416902426,0.842499231423854
104,"A_p5","binary",6.21247488511185,0.821140024046572,6.76742547532298,0.547124447386525,0.658234004313906,0.497599056278674,0.618522588092028,0.49772497521161,0.624855027590748,0.665291094153115
105,"A_p5","binary",9.02873062221895,0.918627651375674,6.36367943980724,0.245355593420513,0.613184148126244,0.187735013841749,0.562642507982355,0.184189077389285,0.563337863866146,0.812776128032144
106,"A_p5","binary",3.61288770672252,0.0365391231462901,6.76328964609199,0.845404862577857,0.989556729108141,0.825461581796289,0.988079224339247,0.827547539549869,0.988472929715968,0.561641638009874
107,"A_p5","binary",6.95381362426619,3.89483591351717,6.57206675940704,0.444696084652329,0.128931840890075,0.387500723221251,0.09855726071008,0.387735140724516,0.101155342221373,0.696458074562022
108,"A_p5","binary",6.35492717505562,2.8921233879431,6.28461270654031,0.497774706441166,0.169759307719879,0.427131278922133,0.122949445952965,0.421665256886509,0.123223261920603,0.857001055128661
109,"A_p5","binary",2.49610385935948,0.239195251935703,6.51117184155006,0.942765208470068,0.89506214688517,0.929012854131082,0.878036311498925,0.928904489564835,0.879847782337257,0.71640378144168
110,"A_p5","binary",17.0191502545453,6.02201544431251,6.74209221486665,0.0182935141036789,0.0408207315044062,0.0106378876021623,0.0217583052411132,0.0102017476684846,0.0226954870632297,0.795852798012704
111,"A_p5","binary",4.71158969240219,2.96628503143353,6.55196686279856,0.731272750260897,0.203476849292454,0.67524761336453,0.1490266606781,0.672169700978164,0.150679387390731,0.848804974241689
112,"A_p5","binary",5.36924147256063,2.21705296301148,6.36214663400861,0.617479361158393,0.298957670152739,0.56135262116146,0.244462470534632,0.559171266334055,0.24837560277138,0.742294400986121
113,"A_p5","binary",8.41419399901074,2.56389255789481,6.0841045273823,0.260526131387971,0.252709257681121,0.203452835987157,0.200546325293767,0.201502341129522,0.203090816935406,0.803841661633866
114,"A_p5","binary",12.3040649831744,5.95282923577981,6.33814797786965,0.088763228483935,0.0390051186593896,0.0541238263630133,0.0211047408356169,0.0517808237089387,0.020899853668171,0.905183603586612
115,"A_p5","binary",8.69609126936271,1.72063564037007,6.28628754585918,0.284464519202555,0.407600788292362,0.205928275988319,0.330434091633317,0.198384025218007,0.328044208178899,0.943767239304724
116,"A_p5","binary",3.96259843762325,0.23648412349653,6.45102059534265,0.819759449543177,0.895991965911256,0.769342697040053,0.869782380959971,0.763283788629557,0.869013508695543,0.945920727781617
117,"A_p5","binary",7.68349125586338,2.25278899841837,6.36715727126046,0.375314163610009,0.308522978943063,0.29720053351696,0.240658936726706,0.289445985122835,0.238775353021807,0.899450736782464
118,"A_p5","binary",4.97567710608269,1.0197695108745,6.67306507802048,0.677770059691651,0.561802801008758,0.644248858523746,0.526195028564144,0.646374126151828,0.534475210032255,0.570727393627548
119,"A_p5","binary",3.89452425036639,1.77830479939553,6.17982511771763,0.776654123336955,0.375282857469736,0.739997664229982,0.333307890349169,0.741797759626342,0.338755281916619,0.651433910951229
120,"A_p5","binary",6.27852570376812,1.98554793328302,6.3279004663545,0.496329032539314,0.340387820286869,0.43817565513545,0.286152511475017,0.436509171979139,0.290910716750853,0.747530370010149
121,"A_p5","binary",8.86055613496324,1.85447648481254,6.06086657454697,0.236767770804729,0.369178462619686,0.173590402124401,0.302945611366696,0.16864080322342,0.301764756976273,0.886200037819754
122,"A_p5","binary",5.65914042724259,0.263203724247621,6.26189875866969,0.554859047409882,0.88098362435913,0.505208641111058,0.865097017116434,0.506916082327661,0.867449523686854,0.659692617628851
123,"A_p5","binary",3.4332606083927,2.10291826759071,6.35102842424716,0.867629534535678,0.325429778985602,0.827436565038678,0.258464490056679,0.824201356727664,0.258137549697944,0.886054295870444
124,"A_p5","binary",7.46198332245203,4.888935452648,6.6589748907703,0.389193513194861,0.0690550442969305,0.342598202207467,0.0488206504333348,0.344045428817596,0.0518154906777147,0.650825143445162
125,"A_p5","binary",3.26865445105188,1.67615510503649,6.28768364020641,0.878279135517782,0.403210704820092,0.841920195839444,0.332233082614225,0.838649205366111,0.333213641973511,0.887334417035992
126,"A_p5","binary",5.6695282711821,3.33644832011865,6.37252875373806,0.587476406901713,0.169466926809992,0.522811689954009,0.119474868235715,0.519870919555937,0.121793608868211,0.802458310815784
127,"A_p5","binary",3.54872621074527,2.01254896382645,5.98061437686052,0.809921275547669,0.341061965814519,0.773984390629566,0.290910990573036,0.773183367064139,0.29455537499511,0.728546610003855
128,"A_p5","binary",10.3695215708881,2.20910916796302,6.5958946770875,0.171274655080925,0.290197121992749,0.129967337560615,0.233984518569709,0.127996728108812,0.237360317137416,0.770658493168621
129,"A_p5","binary",14.8356566953533,8.27659460274512,6.7185488684245,0.0382238713547332,0.0115096796872788,0.0252666089166421,0.00583982998863875,0.0248838689833897,0.00616151632024786,0.748727480123946
130,"A_p5","binary",7.25258132436754,4.33445368855563,6.75407085116404,0.426241476670724,0.0902973844983532,0.376055068796022,0.0655635637811844,0.376598967418763,0.0686109733120299,0.678798024260469
131,"A_p5","binary",6.61996829571323,2.08443511610866,6.49954203761238,0.498803104573931,0.341791733677423,0.424254183624571,0.274712839391111,0.416960399655943,0.274540556633795,0.870423873667935
132,"A_p5","binary",3.13257099353406,0.494663010364951,6.55700793885496,0.898774811532726,0.783001660689766,0.8722416401479,0.746875513433547,0.871207439535474,0.748579513387173,0.822649403844363
133,"A_p5","binary",10.9614384576461,2.81384586516263,5.88056227621164,0.110365412840339,0.203830595799288,0.0715353530261296,0.149615286597963,0.0683978709724764,0.14837858110339,0.884661352549217
134,"A_p5","binary",5.22626268166545,0.479985302863592,6.41339644787316,0.64758248709112,0.774427654859439,0.587866822319827,0.739087107301813,0.5855917424003,0.740636224067396,0.794250849201722
135,"A_p5","binary",4.2332807450352,1.56571275169955,6.89611082165882,0.79252479653088,0.437276594131909,0.764212737305956,0.395940061060611,0.765574884362289,0.404197620118524,0.612249549487027
136,"A_p5","binary",12.5973545356213,2.18561229237237,6.67760202426638,0.0908943735830692,0.314655913987955,0.0603237711928112,0.250936276576515,0.0584629633016982,0.252375490656967,0.843264938337235
137,"A_p5","binary",5.16475079088405,0.128075017003924,6.28755832225688,0.660640653595485,0.940497141104012,0.588482486980188,0.925679534276688,0.57942838934299,0.925051225560418,0.965201079035399
138,"A_p5","binary",3.91902699553403,0.245499448143216,6.70476350211116,0.833654627344352,0.889588823494479,0.793160596334967,0.866094140526367,0.789975078593667,0.866629763496856,0.836726838846187
139,"A_p5","binary",9.34484747582781,2.97481759651671,6.52200232136348,0.233296983278855,0.21031507762843,0.179975552623552,0.156182690584034,0.17728344760999,0.158783889252863,0.811348153051298
140,"A_p5","binary",4.14112342207224,3.14628320527559,6.16969566881285,0.770888977966569,0.192033378306159,0.715195166321806,0.143311055021649,0.71183512774201,0.144037463929398,0.837973888726008
141,"A_p5","binary",6.92392250416616,2.49323895422121,6.63104495684395,0.4625826061565,0.258033265692773,0.400453769110747,0.207480171418921,0.398294589622907,0.210736244233173,0.773250967714524
142,"A_p5","binary",9.49819752770707,7.14434401862637,6.4713748770783,0.214958597091223,0.0176738046947725,0.167688040515707,0.00875096586120039,0.164995578041129,0.00899587446564554,0.802233237894236
143,"A_p5","binary",3.42336699862599,1.47033302560075,6.30187070482604,0.860610544156605,0.448081244416291,0.824500789056417,0.379542651488368,0.821166776361221,0.380269946283176,0.851745416837394
144,"A_p5","binary",10.8488682969184,1.61010860952349,6.59383525386612,0.148180022595964,0.428717062869005,0.109940563757551,0.369902694953487,0.108527269133705,0.373887940868069,0.782745877651179
145,"A_p5","binary",5.86901911939115,4.07359525129591,6.36429843214499,0.559163678157342,0.112306044178398,0.495602566444773,0.076540448048354,0.4925467447455,0.0781041285640292,0.783560204524735
146,"A_p5","binary",4.40465448800023,0.918192745062577,6.46699537933043,0.747878613793026,0.620164995225897,0.704246324276593,0.577097102782203,0.704800930677665,0.581465085498977,0.714303528370092
147,"A_p5","binary",11.8216759130794,4.74369514120123,6.324476816418,0.0795459779886705,0.0783284136044177,0.0625130112169934,0.0611292614512586,0.064080982371158,0.0648059169435129,0.56037997071229
148,"A_p5","binary",5.19924796224489,0.852470051236336,6.62912648886521,0.674990047643364,0.640801511506649,0.616748149851758,0.591118499052174,0.614907167445603,0.593822239436531,0.805102412471027
149,"A_p5","binary",7.89239795084752,0.810621741174145,6.61854909718567,0.354662522877471,0.643173237394536,0.299799214881183,0.597245473675247,0.298057680582544,0.602417941328956,0.718920262473643
150,"A_p5","binary",12.7229801395012,6.86112086149321,6.47887394608002,0.0772937795457099,0.023337509597196,0.0507698507020005,0.0106885084670535,0.0485325525452736,0.0107916079143311,0.846056542669884
151,"A_p5","binary",6.1205187651642,1.61123685829632,6.47632396599088,0.547091370196087,0.402558692373718,0.478820592527015,0.339520138091631,0.475114178060777,0.342360701974605,0.837479495424134
152,"A_p5","binary",9.16822842988997,2.89434605403322,6.56824980724039,0.255234414518382,0.196425712274647,0.197403576791996,0.144879595130341,0.192856801589556,0.145262643213961,0.840498459429842
153,"A_p5","binary",5.56248182756881,0.933976890915426,6.72079834997255,0.599554386982062,0.622841366632351,0.569828106676233,0.598760913717689,0.574683933295952,0.60666900782439,0.481899041565753
154,"A_p5","binary",6.35769057510081,2.23384596073213,6.43953067077064,0.522861877427419,0.307192091621172,0.446307435037004,0.242142504740591,0.440646431041021,0.24186572876295,0.879258677013373
155,"A_p5","binary",12.2358518642094,3.18622079728451,5.74089459970641,0.0627128887729933,0.187383295258592,0.036686383094938,0.129857348672817,0.0345156490759464,0.128667366587846,0.910966002179546
156,"A_p5","binary",11.1803190416272,3.73134028764469,6.59589682534119,0.136466276892624,0.140231923030231,0.0975950961944314,0.0996556947171564,0.0952608112804185,0.100815001702477,0.77953867494071
157,"A_p5","binary",5.74329978466101,2.3572376882209,6.44518675461405,0.581081289262452,0.282094999367695,0.521021314941091,0.227371171186362,0.519116731405002,0.231355817111692,0.756688005863725
158,"A_p5","binary",7.04707890018386,0.319905266867337,6.75514841326442,0.441061963842119,0.863768218903186,0.396448840704007,0.846283909729615,0.398454874029794,0.849904218150117,0.600707613787352
159,"A_p5","binary",2.93339142162879,1.01239344870493,6.34111401933545,0.916195800900799,0.585029356970464,0.884962068864198,0.517954551041376,0.88122922118476,0.51366896002889,0.952805408466171
160,"A_p5","binary",4.64668719085703,2.05366808046962,6.5592355219034,0.738269580923883,0.326502465227327,0.685734315696607,0.261846816634142,0.682378886789018,0.264543370790615,0.81273566492861
161,"A_p5","binary",11.1989981281047,1.38040148675579,6.46072520716532,0.130080046862498,0.475883591431351,0.0911459901646958,0.412525069941802,0.0880986575581074,0.41311631623086,0.843252375341295
162,"A_p5","binary",7.10000787633942,0.179978192346097,6.16719983472227,0.409233776140336,0.921048381213534,0.329789236545345,0.901895547868644,0.323605533392896,0.901868002727245,0.869738302357679
163,"A_p5","binary",2.32282355240907,0.147915549385397,6.33841958644605,0.943881660539989,0.937746046762752,0.932298906243259,0.928378800580946,0.932596448238683,0.929719841023508,0.661330680081523
164,"A_p5","binary",3.77057025231335,0.301245296367318,6.38267796165243,0.827941334654019,0.864450988094375,0.787055497850803,0.83794295548446,0.784038421737581,0.838669562402211,0.824640711153845
165,"A_p5","binary",10.1693023898658,0.883631280357737,6.63216534206165,0.181659585343435,0.623805239191355,0.141228258050463,0.582900982357442,0.141496888233336,0.586985654351377,0.724631619393468
166,"A_p5","binary",8.20922100857219,3.21837147919522,6.21028453721352,0.289521590915871,0.184208544804024,0.229311608745513,0.138619181094262,0.228237044159851,0.141171290741166,0.770341708926042
167,"A_p5","binary",5.01281426309186,0.995307719624798,6.30827806470245,0.646938307961456,0.599778200141067,0.598632018978962,0.558527166184482,0.600917157675907,0.564875026429692,0.665293269868269
168,"A_p5","binary",5.17203536816835,1.59333633828084,5.88329042180877,0.625229381542559,0.425006906583322,0.537754671896631,0.347672854975568,0.52623360590174,0.342389592007435,0.965574000741839
169,"A_p5","binary",5.85604287379781,1.27704618478393,5.98634867038546,0.553949047122543,0.484080195309429,0.461015777342589,0.406816499937729,0.446839014241319,0.400266541061684,0.997231632355037
170,"A_p5","binary",13.1769965118356,5.26160381867893,6.72017901934525,0.0603127333338929,0.0469602946916207,0.0488683113248511,0.0375693264298008,0.0496776332354092,0.0396495923981176,0.539179285618687
171,"A_p5","binary",7.03830614230783,3.13780150453001,6.47064408751871,0.420032917543369,0.192911154122566,0.366630568393554,0.1544891603386,0.366038605628441,0.157979535994235,0.697968393906373
172,"A_p5","binary",11.4954158089025,2.72671182237722,6.65731083062462,0.138014644394172,0.247303741971116,0.090701652872383,0.182552940125408,0.0870995296253689,0.180697430418933,0.902119623975663
173,"A_p5","binary",3.00097425938362,0.457990103463721,6.28825524037336,0.893929272174735,0.799141905675025,0.868662156541241,0.769882581903695,0.868795175099073,0.772663598857548,0.731388207725798
174,"A_p5","binary",6.70809287803838,2.41985527176353,6.12056061808503,0.438336444188814,0.263137512470472,0.364082086437178,0.210864507727742,0.359719270150406,0.21038035663747,0.845963287784776
175,"A_p5","binary",12.4581172060673,2.49409770524646,6.57469446262604,0.0870798062546576,0.248048383432146,0.0592439485935163,0.192253338511142,0.0576075139351033,0.195075323140077,0.779495336599022
176,"A_p5","binary",9.02149933978312,2.34195132619937,6.50025179112247,0.247277724415986,0.293700978028487,0.197153692887187,0.245673783671317,0.196439138080165,0.249408766314444,0.734917758031611
177,"A_p5","binary",5.62326685201259,0.635429565119883,6.64996347384013,0.598326781787962,0.727732052734025,0.555165492851106,0.699369059544494,0.558682133280425,0.705528971290756,0.601696262491705
178,"A_p5","binary",5.70454994958218,4.35968796873358,6.38113154933097,0.580058846209905,0.100283851936518,0.517255687408804,0.0687846734344898,0.516365116917317,0.0707205204172456,0.756339096468301
179,"A_p5","binary",4.40887147972309,2.13553675233988,6.22592525190514,0.757359447195456,0.317184562706701,0.688151436411832,0.238878043557821,0.681227402365718,0.237505120434352,0.955812687356583
180,"A_p5","binary",5.44560908798693,2.54805505097522,6.02177778532607,0.593137594358262,0.24854036577487,0.513080940511938,0.183425075044304,0.505948713628739,0.182280054088003,0.912112030492253
181,"A_p5","binary",5.44010281409933,0.770277564559186,6.19189231061835,0.592671771388563,0.673841289343949,0.530144125070546,0.628016023518396,0.527840470998296,0.631296224179293,0.777216759573228
182,"A_p5","binary",6.14323685355623,1.67389709751597,6.47087306029072,0.535762587270515,0.403997560614434,0.47338749868482,0.341497340969595,0.470763427223564,0.344929276751916,0.775486345844014
183,"A_p5","binary",11.848233465527,2.22082591623277,6.23226180914814,0.085015757969958,0.321298365159761,0.0582740044724069,0.264343746772879,0.0577382338765107,0.268761762679906,0.755499469902192
184,"A_p5","binary",5.28372660298654,0.66779332571631,6.56889597142058,0.65402255056941,0.711636476063954,0.596879926371608,0.66854963237403,0.594769341808057,0.671273623248509,0.761986036725332
185,"A_p5","binary",4.32736352438631,0.240951285727059,6.22661296837516,0.732759739780927,0.875616484362821,0.686500851268043,0.85899155888131,0.686965393082499,0.86044402331108,0.730009930689434
186,"A_p5","binary",4.27136555406049,0.52551344768132,6.06274542546909,0.737274731170563,0.766973154191306,0.682199186072087,0.726687530895082,0.678689690523111,0.728087652688822,0.838935539792713
187,"A_p5","binary",4.95326946383291,0.700161669518774,6.50966098947308,0.700157864255564,0.678944111957831,0.639026847105132,0.626405972788969,0.634116873981513,0.627193393076634,0.87062713625771
188,"A_p5","binary",1.42495558462657,0.0784202871549515,6.46056495043636,0.990235525018754,0.969341256554842,0.987273031056051,0.963308792804106,0.987297333846622,0.963913072725606,0.73355841388902
189,"A_p5","binary",6.25823528757338,1.44985744297514,6.18185436078736,0.491841947546208,0.473834057962845,0.423239881358144,0.414530648327559,0.420173705597222,0.417054040208918,0.801086386495798
190,"A_p5","binary",1.50892471026487,0.070443544324849,6.51159059280139,0.989565551665504,0.976428575094521,0.985504287570397,0.969506571643523,0.985171925725662,0.969661038206087,0.858019466283593
191,"A_p5","binary",13.356141960655,4.65025782513251,6.73380902840703,0.0688062840210326,0.0886608298186641,0.0461435615402854,0.058059135374849,0.0452466185745505,0.0593912283642748,0.792283031883815
192,"A_p5","binary",5.11725230868626,1.80264297504779,6.01346157019815,0.637255870375806,0.389236349705757,0.557293128686516,0.315367354146488,0.550011230567843,0.313787846887153,0.917578930458107
193,"A_p5","binary",4.49659041773161,0.272714711485141,6.4247700614819,0.744056037085913,0.880674574786631,0.691906153939791,0.856541217593055,0.688280635903235,0.857261469883372,0.806501867071136
194,"A_p5","binary",9.12804621829725,3.64882565440873,6.6751814748282,0.248066356893891,0.125351959434498,0.205230946066073,0.0954336871049987,0.205245485093976,0.09866684734043,0.684119150813784
195,"A_p5","binary",7.83374388773538,1.41280697267561,6.47658881682486,0.351297340681932,0.468170467457003,0.292222757223922,0.406546292791291,0.28800712728729,0.409252204871114,0.794797404221837
196,"A_p5","binary",3.39822881471356,2.00676227478013,6.24486530678248,0.866278467430182,0.343213262657974,0.824817135839305,0.273999152810124,0.820750943991449,0.27218781748648,0.901035899761727
197,"A_p5","binary",6.81395542045425,4.2184524277553,6.5916942115512,0.455453572036373,0.0975884010351379,0.404308867118603,0.0717661631887596,0.405533720010663,0.0752575864064158,0.671369365241643
198,"A_p5","binary",5.43381075187632,3.43154387704223,6.01414926395708,0.586160423001556,0.143803448613754,0.510178103816442,0.103198114528217,0.505825958541343,0.103087863042913,0.838590827635105
199,"A_p5","binary",3.75932205481641,0.510437492450332,6.05917242490083,0.811605575451388,0.757588044250344,0.759162929453897,0.712799108507312,0.7535545025837,0.711805303187398,0.916758073611331
200,"A_p5","binary",6.05896858567792,0.25710834437286,6.55302138849654,0.556304007005686,0.88792636695837,0.492578259016309,0.86623446370073,0.489869885631077,0.867726948787159,0.79131111750328
201,"A_p5","binary",11.2418729930225,0.698015778873721,6.17402536637868,0.121789577873824,0.70416315657811,0.0746556146688844,0.642120368566828,0.0701958962318776,0.639270786109209,0.956543455668684
202,"A_p5","binary",3.80533518266324,0.305244699752109,6.19130659624867,0.808247727513029,0.864943107008607,0.76187707885528,0.8376402719671,0.758970401350911,0.838567869633136,0.826799989755351
203,"A_p5","binary",1.90149984743762,1.3441787437999,6.0399434807158,0.971972677975676,0.497463435466395,0.960587927095475,0.417115707272559,0.958729150165386,0.41448146385465,0.927263573753058
204,"A_p5","binary",7.06858067534331,2.30963866373895,6.6850401767253,0.451393714492429,0.281084349418114,0.39135124364585,0.225537393838073,0.388490822945784,0.22991065479727,0.763079569687652
205,"A_p5","binary",5.98692983526928,0.489145207932702,6.60502367605485,0.564464712990806,0.787779200087956,0.507115049621595,0.757589610745991,0.506873024975747,0.760498039531231,0.725197362651157
206,"A_p5","binary",7.06073540180838,1.88662823684279,5.96800023271701,0.396640677904185,0.364059641415983,0.310993183372485,0.295841764987236,0.303703946704358,0.293225733497899,0.905496445266584
207,"A_p5","binary",6.16492855064246,2.35887371088191,6.64698363238623,0.535970022059818,0.231826899404188,0.487543772459589,0.196577747981737,0.488648727770594,0.200717586530757,0.657032951608424
208,"A_p5","binary",5.72208530547796,0.940839090449038,6.46891404050215,0.598583053177637,0.616495208983389,0.532030219306465,0.554586851286149,0.525802698634542,0.55617969066296,0.844626977302431
209,"A_p5","binary",13.5729959891094,5.77859491170059,6.66259648091826,0.059022100742677,0.0422629688622769,0.0398035615959199,0.0260333975689352,0.0392662194491873,0.0270956468533112,0.730533652072172
210,"A_p5","binary",5.68289019821797,0.653435033207789,6.28571104867603,0.608736850054404,0.723601745827921,0.52133619500135,0.667885369786623,0.508676020391697,0.663412397349317,0.968746763275211
211,"A_p5","binary",2.98414763104951,0.368179380417948,6.15080781124416,0.897962888836548,0.827809846656548,0.864582063374213,0.79482304161241,0.862631203277049,0.794977754187928,0.865884189696213
212,"A_p5","binary",13.0046797113956,1.38548509288197,6.24525713136833,0.0608611165110824,0.487493761617552,0.0375203493517919,0.425894166819026,0.0362773653037767,0.427860989201616,0.852210978116978
213,"A_p5","binary",18.1727522528613,1.41353821931999,6.53181038156899,0.00875258712013161,0.473281011115153,0.00529499788688581,0.423156718167016,0.00518892115179059,0.428897661265674,0.690935377380701
214,"A_p5","binary",2.06853908252564,0.481886748160609,5.49809211150851,0.945809435247148,0.755418619758289,0.925486018624561,0.709119548397539,0.923387679154361,0.707986021064774,0.892170703524609
215,"A_p5","binary",6.7676440166369,3.22886377199837,6.32998696376759,0.479711418835318,0.182153018119878,0.390670118518522,0.120626962575062,0.379486025972509,0.117862790716702,0.958662654748034
216,"A_p5","binary",7.24076269456961,0.459855694087643,6.17740019950767,0.393240619272555,0.792033897142294,0.317262482204158,0.753269558048573,0.310281694472398,0.752618705347749,0.874755711521129
217,"A_p5","binary",1.47569880971575,0.557572256610895,6.3176463899294,0.988048714747363,0.750706606603178,0.984501497193503,0.71309499018338,0.98443543653443,0.716979964601235,0.73870431230239
218,"A_p5","binary",7.07183036848582,2.59395666194482,6.39656019728179,0.436863303623253,0.25895525618816,0.36046834119476,0.196851053527986,0.354045514903554,0.196802858827614,0.868234793710557
219,"A_p5","binary",10.0318647580121,1.24395996676608,6.30935695837668,0.19094332476895,0.520446524867708,0.130274981688673,0.447762674883545,0.123927246347292,0.444095224651398,0.933346032773501
220,"A_p5","binary",8.71796850927781,2.01269758507195,5.9003713314224,0.230923572516318,0.357649186605733,0.167863309903858,0.288470769381376,0.162374910441911,0.287348221981134,0.88481778249379
221,"A_p5","binary",4.50786027916114,1.87925514847418,6.38248548355265,0.735733364525873,0.362710534223078,0.685091668262347,0.305167806935448,0.682430748607394,0.307839071509721,0.788810146219425
222,"A_p5","binary",3.67699086441146,1.63812240973037,6.45911454481647,0.838983951091873,0.416608386229756,0.802208096512325,0.35852377087145,0.800261039282659,0.36165462394612,0.795071645331059
223,"A_p5","binary",8.98683982020887,0.856001206651379,6.46305564649777,0.261961396466675,0.623309389803986,0.202346617032297,0.564839412899723,0.195805744484949,0.564077107977947,0.885799232432102
224,"A_p5","binary",11.3762200341469,0.710001188832235,6.55186527929656,0.116062640964821,0.703173324726401,0.0861864636089685,0.667802357222935,0.0862491763237496,0.671660700052611,0.709313601865024
225,"A_p5","binary",8.63532532258942,4.18643243764534,6.20833828775429,0.259712196285042,0.0967949363140059,0.199374657484367,0.0630280837740087,0.195998440951581,0.0636004756183037,0.852751744157849
226,"A_p5","binary",5.60884517218251,1.61680935948528,6.79735562333991,0.613686396337532,0.421094927966983,0.573801279637076,0.383242148095087,0.576531347222232,0.391263864247363,0.592061398727754
227,"A_p5","binary",10.412100033133,8.70550561092474,6.05563292290927,0.136573177971201,0.00962500281597101,0.0966752983671639,0.0044353661434583,0.0951140880860774,0.00460896081729401,0.787322071963845
228,"A_p5","binary",7.72809331788698,4.44651774728791,6.36348280702849,0.337620175226656,0.0930251642733847,0.285472245840673,0.0666996229437733,0.285148790728491,0.0689345041406023,0.708843893671109
229,"A_p5","binary",4.28425137932613,0.170689993092804,6.40858931193652,0.759290669348636,0.929506041930166,0.715848918964219,0.915750413718322,0.714718015724491,0.917178498054397,0.742537325130887
230,"A_p5","binary",2.37744779164328,0.721113921070659,6.91446390532123,0.956063395918939,0.687660574501628,0.94853511074574,0.658924892475136,0.949095219161919,0.665509099082105,0.570473133574302
231,"A_p5","binary",1.82069321663097,1.28875081961343,6.89911808844812,0.980832836458691,0.507537053601572,0.97715292875173,0.469820689743422,0.977500218339922,0.478716784073364,0.570311835121455
232,"A_p5","binary",13.5636120575428,2.15553191732122,6.58242850803163,0.0627245486382788,0.318778268832692,0.0385335625012853,0.252533461626842,0.0368058201686718,0.252884760223346,0.85492668190295
233,"A_p5","binary",2.48305124977297,1.13661535063938,6.43723122085906,0.941331521329385,0.548768661710673,0.927008093453283,0.503624903529551,0.926867584306436,0.507078657052378,0.743504300242215
234,"A_p5","binary",5.92393852628836,0.622547699667557,6.40427047608172,0.56251118171278,0.739732922961236,0.49452891033166,0.697931037047521,0.490462282676835,0.698964497696247,0.820855526453503
235,"A_p5","binary",9.78334792721636,4.23945577860734,6.53809283826236,0.193106178774237,0.100370736022746,0.156197235091162,0.0712364743172879,0.155241894557256,0.0744080812717263,0.692794887124644
236,"A_p5","binary",4.96686706147696,1.05298774373069,6.64874528529028,0.693394753132292,0.578923195356892,0.646325159460584,0.53262331926277,0.64685256904713,0.538099031755453,0.712911090371554
237,"A_p5","binary",3.632727506506,0.143814987615097,6.5963975237071,0.847091838955986,0.943774150041276,0.817058481023706,0.932449160506986,0.816932074855274,0.933840463813125,0.701703316538012
238,"A_p5","binary",8.22721186135366,0.603924575685368,5.9254171004081,0.25883856286889,0.72340585952319,0.200642363740056,0.678061742976589,0.197921727706882,0.680121283716718,0.823993099105405
239,"A_p5","binary",4.85987347487456,1.98708111329793,6.26595447516282,0.688341121637937,0.33523025595965,0.624391965746581,0.268455804318544,0.619261585285522,0.270155947896626,0.85676304634316
240,"A_p5","binary",8.86911001278829,5.8906220276995,6.70792025460474,0.269167704835781,0.0452642856685325,0.225088827480689,0.0307538305514097,0.226844800966381,0.0327426770524702,0.660644683359443
241,"A_p5","binary",9.99098901354645,1.78703128639558,6.13743842568492,0.161908903647578,0.390395582738778,0.115519977497267,0.325185286582008,0.113757364112013,0.328088524326057,0.81055406097956
242,"A_p5","binary",3.96666386733068,0.388259124301563,6.75579044768598,0.823131738871059,0.827597449729985,0.788950211813757,0.801990461347804,0.788838648273237,0.80455437426721,0.730491928079193
243,"A_p5","binary",11.1513898254935,0.223360913946813,6.0279988410226,0.121886109616476,0.903623451807722,0.0721324457065118,0.875063720571091,0.0665313449907865,0.872765975916832,1.01947498257039
244,"A_p5","binary",6.55757846620317,0.0519347285406871,6.464250342651,0.482042760726604,0.981635247196311,0.420001234634009,0.977533148954244,0.419741216315244,0.977938385395872,0.760547364314612
245,"A_p5","binary",6.57581909103618,0.707671549450991,6.5808059145343,0.481490739857883,0.679145483466093,0.432674275568229,0.645848108205929,0.431679509109526,0.649750848864924,0.69082868426834
246,"A_p5","binary",4.55495719447276,1.48649707573274,6.70837200406531,0.749792351284813,0.452353969199322,0.707771038920186,0.402506748615547,0.707476541785103,0.407679027001005,0.712149791400464
247,"A_p5","binary",4.32106252901493,0.295048728020412,6.10656747282618,0.758091913999096,0.874806069229262,0.687842436256859,0.842158916178104,0.679057582430674,0.840577244723715,0.974015512958079
248,"A_p5","binary",5.13175393749729,3.88872158333687,6.64024000859639,0.669280008161685,0.116583938103108,0.622583616035914,0.0884534563908126,0.623513111819922,0.0913766907396172,0.665665176121931
249,"A_p5","binary",4.9044774167539,0.160690953460092,6.77460862644584,0.722181717551438,0.931845310083409,0.671682267637766,0.916988892560151,0.6684025835692,0.917676048589581,0.78812204489307
250,"A_p5","binary",8.97941586635317,4.82795785175197,6.42709130868224,0.242661387551948,0.0728255548700421,0.194067922186676,0.0493904632882682,0.193655402170793,0.0512392315296587,0.72933913168453
251,"A_p5","binary",7.28300176278471,2.1098371367307,6.33507684168813,0.421286651185971,0.318255883961781,0.334892728857732,0.239333044870775,0.324854848938415,0.236275171494109,0.969111060686368
252,"A_p5","binary",7.93123705311062,0.0478575163514583,6.71242826962525,0.364463963143628,0.985108434260934,0.306333536348193,0.981791482012023,0.304820159354047,0.982084307169826,0.748810514226997
253,"A_p5","binary",4.17591637773063,1.27305623014687,6.246882594664,0.780093287412266,0.517781347230439,0.720981973412405,0.443625437847147,0.714414408682762,0.441731507717197,0.90825864784568
254,"A_p5","binary",1.72079112509944,0.11398951016868,6.14674533857373,0.981441990405676,0.957647302152233,0.972870522057652,0.944261885732386,0.971635785747227,0.943482096075678,0.946904262995065
255,"A_p5","binary",5.87648604317961,3.81897265443856,6.43881045586785,0.564537570767753,0.126937889825366,0.501800485006364,0.0924664159631163,0.500406287159982,0.0937974498359804,0.76831642637813
256,"A_p5","binary",5.79987323617423,3.91968364534875,6.60655841645123,0.584981481261473,0.114950718444428,0.531323851166099,0.0865555494457732,0.532277026876248,0.0895033779439359,0.706245527554613
257,"A_p5","binary",5.75086988557387,4.16056247815894,6.43226088083832,0.613640435500797,0.113154405480799,0.527835756491971,0.0666233034335437,0.5182039209294,0.0648051984458109,0.969533308923494
258,"A_p5","binary",5.51803342514656,1.41939014456355,6.35427156413353,0.603735615906568,0.440252585101462,0.540718120038816,0.383247314442265,0.538153531122067,0.385416170734602,0.800924982615481
259,"A_p5","binary",7.98220688878988,0.157367941965746,6.46807269320658,0.330342464188699,0.921071465659662,0.274117390260371,0.908767442322462,0.273713062244896,0.909789721624783,0.742122291780242
260,"A_p5","binary",4.55791311286142,0.670754336819345,6.41291356980164,0.727386014904104,0.696216701278464,0.677630607084583,0.652590623365462,0.67584228001762,0.655825482846313,0.776011111452923
261,"A_p5","binary",12.4307938297116,3.23373460187758,6.71861991770643,0.0949912729008319,0.181090004699356,0.0652337434631469,0.133074795648858,0.0638096611639254,0.135489267293284,0.809907818326589
262,"A_p5","binary",10.6997981085047,0.478451469872142,6.34231919348512,0.143825627684445,0.784732251268509,0.102099804844355,0.745757405297821,0.0992423900456256,0.746548665961059,0.846521555015596
263,"A_p5","binary",5.35772475188987,2.44948759545915,6.22614655076768,0.616408367390112,0.255525868005171,0.549998405577226,0.197135521285585,0.544414970724428,0.197850979208395,0.839833865278812
264,"A_p5","binary",3.56633473091537,0.364768981789653,6.35817643843948,0.851869431763704,0.824119595118464,0.810982691921173,0.791704731205802,0.807433257409759,0.791651603863558,0.844718555776935
265,"A_p5","binary",3.63448076838947,1.07206079848895,6.28375509471711,0.851207745042919,0.565040299374401,0.802690867270587,0.486137825896647,0.793880802826495,0.479342173856061,1.01082347962448
266,"A_p5","binary",3.11005072372352,0.471845397694859,6.94101354353504,0.90876454029424,0.789972638223799,0.892103293270873,0.766012563841764,0.892901800300993,0.770003563139174,0.642374158212194
267,"A_p5","binary",5.35439390705488,3.48721400067635,6.18018673930943,0.625913664219838,0.14770001493598,0.548688364917789,0.0974064118311115,0.539666920511465,0.0958429410306298,0.936745668569267
268,"A_p5","binary",11.2812682781967,0.130964371251995,6.28220167790484,0.117210751082614,0.943774504105953,0.0782606265948574,0.931031362068052,0.0752094659614522,0.931234100536853,0.866775498179001
269,"A_p5","binary",7.48986145320415,1.48838316417083,6.45644445442642,0.386031255214325,0.437308458937133,0.32109738754002,0.380185316403239,0.318223027200743,0.382716889201391,0.812387277407868
270,"A_p5","binary",2.61903588436854,1.58429122712395,6.25111205664738,0.929560598139641,0.403397873241806,0.908843633384868,0.3447253077589,0.908022489741278,0.34789889189976,0.797717906313319
271,"A_p5","binary",5.48101949645969,1.09146151420481,5.77860360771043,0.587125666557841,0.575404496061516,0.486025206807142,0.491960249857979,0.468757033694419,0.48153520520327,1.05800795646107
272,"A_p5","binary",5.41846522023253,0.172344202438671,6.28701513225476,0.612345404305741,0.918178387146211,0.548156101718291,0.90091569714652,0.542524780927427,0.901174808937472,0.848940253520598
273,"A_p5","binary",8.01380556330576,0.226424252006947,6.06452433501207,0.286624337717848,0.900892976476797,0.230579124929805,0.881406303178665,0.228268232946892,0.882657132448242,0.767941883165622
274,"A_p5","binary",3.51261843809339,2.10561755017026,6.58783099924814,0.866394777745302,0.322698477579589,0.833338321115018,0.25770827998038,0.830513678579902,0.258921675185019,0.830444299256309
275,"A_p5","binary",2.43470846997953,0.151073627087736,6.65302895094185,0.949725973886056,0.938054651264448,0.938128889996763,0.927200230669587,0.938317426440137,0.928663330127891,0.692585710624841
276,"A_p5","binary",19.3289850465236,4.53666368088764,6.40659164683412,0.0046493938733938,0.0870923465103359,0.00268929625824266,0.0610817172148277,0.00262786843682417,0.0637459344043657,0.683717628695378
277,"A_p5","binary",1.83883514191146,1.09570051818828,6.28997027136898,0.976658520240052,0.571057327377258,0.968300800601048,0.514690944695113,0.967884523176971,0.516506887901871,0.832569987208196
278,"A_p5","binary",4.13092518921894,1.97325372974297,6.4275523850777,0.785738521815207,0.342889422993411,0.742681518127808,0.282949909779423,0.740711990998819,0.286661961258431,0.779804798436304
279,"A_p5","binary",11.1587797441508,1.4491261366618,6.30675199378759,0.121141270775092,0.472048719795266,0.0832943998755309,0.408536003035084,0.0805932140422467,0.408886498364335,0.852409413714209
280,"A_p5","binary",14.3919318074812,0.206007091200709,6.17328630722614,0.0346005729084929,0.917723548748878,0.0192134586492101,0.897631805288867,0.0183630112407149,0.898025473349139,0.84713822858159
281,"A_p5","binary",5.39276068799236,2.01649754949019,6.30512162301628,0.617581355968137,0.348206919351296,0.552064196117948,0.281694012963855,0.548879601077978,0.284513210812771,0.815110220851525
282,"A_p5","binary",8.93402752825295,1.22901474382625,6.22155283094255,0.241768589225455,0.517350421244921,0.180832691265342,0.461498077097086,0.17736232440771,0.46108191689807,0.845888181135648
283,"A_p5","binary",3.63540421422576,0.777450064590601,6.05518130417993,0.823244117318641,0.647430071634244,0.77774577521845,0.586556109473406,0.77316710730487,0.586584695666981,0.894412713689533
284,"A_p5","binary",1.74940344673018,0.328953699216452,6.73997646248681,0.983030334198684,0.846025940258525,0.978708353993696,0.82296448269411,0.978564190083717,0.825045140102373,0.716229812160618
285,"A_p5","binary",9.79253695003591,3.63723866063385,6.5846903171293,0.203778403042741,0.136462613741083,0.158467930776292,0.0971048123680363,0.15650656122681,0.0995628973939727,0.767397996437682
286,"A_p5","binary",7.48289127272569,0.886053919284928,6.07594149383496,0.381729999327118,0.625898563561973,0.289876283752528,0.556167094610792,0.275260895992154,0.548383067109476,1.04396725000535
287,"A_p5","binary",5.12140463869043,1.37791304034835,6.07842005561577,0.629403564756333,0.476010474032425,0.561483056831554,0.413281432203032,0.558670583587481,0.415807764065712,0.822285145134441
288,"A_p5","binary",9.96620771823832,0.255610408696539,6.34025109913723,0.162729511814898,0.885713211634389,0.129830636050973,0.868389460674114,0.130700766324991,0.871574091277388,0.64180574031694
289,"A_p5","binary",4.76853247303511,0.727719734609526,6.53070130674742,0.717791984380977,0.678906328213595,0.664133053766005,0.635751399251641,0.661664829812737,0.637332648047697,0.803035063265654
290,"A_p5","binary",1.74003617517264,0.27466824214635,6.34784405037407,0.979663720169657,0.876114094963514,0.973550443959973,0.85517165379759,0.973537507035266,0.857178186439412,0.73190387660206
291,"A_p5","binary",3.44267498793271,1.24266335980605,6.74501172080072,0.870717570145073,0.520301960390679,0.847113662614561,0.480040353472494,0.848221222225319,0.486275032634854,0.654386259691317
292,"A_p5","binary",7.74006577160961,3.20577311409393,6.4672919585604,0.352053513123723,0.162436411362246,0.29625998135387,0.123073204533371,0.295375764121274,0.126343800207633,0.737500355697707
293,"A_p5","binary",7.40092626967991,1.63496143921965,6.0748368605829,0.374900131098124,0.422341653349854,0.290175346002432,0.350775054790273,0.282941046544487,0.348938751266406,0.941112789368036
294,"A_p5","binary",7.19030131447911,2.21268669050661,6.82635889401562,0.427681872370228,0.299660017147342,0.388572005037999,0.268091667285502,0.391387678569838,0.274656713655395,0.573077250377194
295,"A_p5","binary",4.07869105074673,0.730545229683077,6.14697574286811,0.771825028833534,0.687047966018986,0.720091797915439,0.637634378076608,0.716722813966213,0.63874125666637,0.828576192664887
296,"A_p5","binary",3.92161717353098,0.548034801240842,6.29005361927883,0.81233621627607,0.742354579377385,0.760637110198107,0.694308021591618,0.755104371126059,0.692979916891584,0.903057554631756
297,"A_p5","binary",5.42970394152447,3.39065262618681,6.42405911516179,0.612064423212387,0.156487679449305,0.557976693038272,0.117869005379385,0.558554223081143,0.121715338786162,0.723916225953074
298,"A_p5","binary",9.98639773599798,5.02354079399427,6.28311149301827,0.180170953065271,0.057261718982488,0.127857127774469,0.0325563755587737,0.123984076526717,0.0326108103920111,0.868189765978921
299,"A_p5","binary",8.54668581813181,0.122652854183367,6.29310715385122,0.269186746231518,0.951590062430208,0.212409831165792,0.940304551452215,0.209970045824059,0.941051998646568,0.79935484946791
300,"A_p5","binary",11.65635362495,2.33388017711802,6.4473079617407,0.108434513256741,0.277783313140645,0.0746484094542467,0.218369398052357,0.0725825314397897,0.220558957946379,0.827997944543963
301,"A_p5","binary",4.69851910450988,2.11520899911709,6.48634460025056,0.71505558911283,0.329782491048438,0.666018182182003,0.279051266621953,0.666019816396288,0.283515012976288,0.728055596601063
302,"A_p5","binary",11.4289956858518,5.54949507721426,6.31266027923218,0.107072025701157,0.0492300059421032,0.073782461736242,0.0306161679338677,0.0731497838360715,0.0313458526784425,0.785931965867275
303,"A_p5","binary",4.75912352661189,1.00736243964489,6.66658068444868,0.724208626296673,0.589717587717008,0.67705764738615,0.540601008483322,0.676246376868042,0.545224659410058,0.728720558422858
304,"A_p5","binary",4.32504896064688,0.218248050741285,6.26962802539936,0.731092043879301,0.889527055876233,0.692706894617819,0.875537276322023,0.694330259207174,0.877732838615337,0.643796965367699
305,"A_p5","binary",6.29553700644868,0.135163098233013,6.36088901789607,0.50545520131783,0.942683050910807,0.441769614479271,0.929428426034803,0.438233112337377,0.93039888422767,0.768583665649758
306,"A_p5","binary",9.24195231491352,1.94838412890098,6.13317819597539,0.195243616796778,0.28737000529108,0.153527631806695,0.240984436325853,0.152849650363813,0.244450427129531,0.720618332926459
307,"A_p5","binary",10.3023119823512,5.47987231657851,6.16558432680079,0.134490635169501,0.0479556409432452,0.104127548813481,0.0307197845291365,0.104760092105724,0.0330343279997978,0.675349605942027
308,"A_p5","binary",10.1305042830829,1.15266065988596,6.48485805898415,0.167986338532046,0.557686478872579,0.131761885578744,0.514874128018937,0.131819270717991,0.51946827709324,0.698162767510709
309,"A_p5","binary",7.24819663825213,4.10462179027093,6.29464766935778,0.410717162137912,0.0979972874896031,0.330604891744009,0.0634525619740112,0.323548711442747,0.0630402955466629,0.893277503314602
310,"A_p5","binary",5.8060151463995,0.0974055561719933,6.35456818644996,0.557975264847214,0.96816075191026,0.501087885509903,0.960410506908345,0.498356716177626,0.961194250658128,0.734338741368414
311,"A_p5","binary",8.4665637528094,0.183893145274035,6.35814425036092,0.27661280447145,0.923122990143051,0.222951418489626,0.909023800182598,0.222579386487203,0.910370163918901,0.748408488031367
312,"A_p5","binary",2.56544094784413,0.0618479940467903,6.47011404112707,0.940489505473511,0.978228474509856,0.922808148876676,0.972600762997138,0.922118812294028,0.972975427550347,0.808532528360117
313,"A_p5","binary",3.17578973557387,0.193025472070345,6.47537027342608,0.89154981027689,0.919691373998921,0.863096851901485,0.902051501539619,0.862067401515454,0.903247232746143,0.803748660827902
314,"A_p5","binary",8.46296943582037,0.297418903122657,6.37217797494088,0.273925133648117,0.849775445663146,0.224881308096476,0.827366580979672,0.224632498029154,0.830365679415159,0.710827386098939
315,"A_p5","binary",7.71106945576376,1.1528713001618,6.56570404068006,0.352221860984229,0.551083325332008,0.307274172660636,0.512865270200195,0.309182498211441,0.519153751444211,0.635966858996409
316,"A_p5","binary",6.12086193925586,2.4893188602281,6.10271073936376,0.518464501483189,0.234253170026314,0.435459929319801,0.16787030701105,0.42784964176107,0.16629688959796,0.926298373345654
317,"A_p5","binary",8.04250039029909,2.80966508322352,6.4107321744834,0.335114646266255,0.194604680222967,0.265481842111097,0.147046386486182,0.262213069780197,0.148199044417722,0.842942348386051
318,"A_p5","binary",3.22950458087277,0.198208107037351,6.14920591223103,0.873220101981401,0.901079980288592,0.836772038437809,0.87935394633646,0.833466566812741,0.879440963220373,0.886450748421599
319,"A_p5","binary",7.7619210132172,2.89194447001731,6.67237874228156,0.366623776392892,0.204998716180719,0.315504562859509,0.163529595629314,0.316038592994568,0.168812926460627,0.682066608750669
320,"A_p5","binary",12.480401723465,4.46694021623238,6.17770332057603,0.0706061404721152,0.0934270258688914,0.0445283859753673,0.0580784986971281,0.0429345665654637,0.0587307232924659,0.838265855100264
321,"A_p5","binary",2.27896141724688,0.300623675976909,6.52302264892968,0.957547345619601,0.867383819079127,0.945960281033549,0.844872924243788,0.94584703471274,0.846954599439176,0.748641444303136
322,"A_p5","binary",5.09827382940581,0.549364485106548,6.7597587241878,0.681729033158908,0.767207213285536,0.639083302155352,0.738863505095955,0.639842365229736,0.743084395942231,0.662049793977593
323,"A_p5","binary",7.45045003528915,6.24126690298255,6.81474987748403,0.404238487878547,0.0365176700107376,0.3602533675801,0.0250401587037714,0.362900969714114,0.0268729770599796,0.627550846289949
324,"A_p5","binary",11.3208047574531,9.44932935596766,6.3022440296027,0.113521524505694,0.00426439550736335,0.0763212616763367,0.00153943475699148,0.0746813747788374,0.00159819400437178,0.827444794273721
325,"A_p5","binary",2.3137311086968,1.10528624829608,6.36344286735899,0.951939580215246,0.562643482280324,0.937367561083982,0.505281174894016,0.9368359938129,0.508342237020271,0.809006458370978
326,"A_p5","binary",2.69231204996718,1.52010296786482,6.21281703582488,0.918513767506315,0.427349189652704,0.898600154081842,0.367347474002076,0.89772642287218,0.372466229872959,0.749063284463788
327,"A_p5","binary",1.9604390830802,0.210499127760071,6.43317648287494,0.973501198219743,0.905379449038734,0.964540896206859,0.886544738173222,0.964038509013205,0.887350216443475,0.818606040969867
328,"A_p5","binary",6.90765776283017,1.73434635951016,6.3819193840685,0.420521640190536,0.408547638841298,0.368695558473082,0.361732954301669,0.369344909808833,0.367460361135368,0.675418798049005
329,"A_p5","binary",9.46690332878363,2.83012166061106,6.00709322115832,0.181117818741459,0.200708185262283,0.133199136273595,0.152707647376975,0.131099178667309,0.154140571036523,0.824008099204708
330,"A_p5","binary",4.97989701929816,0.226316165408259,6.4512714347072,0.672274195817505,0.90385743871086,0.624146966514511,0.887308952542395,0.62447752068164,0.889486679986535,0.690478816483334
331,"A_p5","binary",10.0073769546948,7.31828151279995,6.16343729733666,0.151667879729138,0.0191263860048014,0.115839556006997,0.0112467252015317,0.116481433827786,0.0119199407713551,0.692092909835343
332,"A_p5","binary",7.61041455015758,0.111697009700698,6.14409354009839,0.332132961787154,0.958304912320022,0.274234467880569,0.948604877307623,0.271635873158137,0.949463209089682,0.776652219582063
333,"A_p5","binary",4.31070581645588,1.81490474148189,6.11158330710922,0.743761060485711,0.379119521968178,0.686373515386362,0.313267037022984,0.680926533779181,0.311755239918415,0.881763769024062
334,"A_p5","binary",6.81228670161426,1.25283800015964,6.17509316911382,0.453395315835911,0.51995146908958,0.366534257063363,0.449158907721904,0.35541910371371,0.445100777149678,0.932172421619926
335,"A_p5","binary",5.47431205753405,0.0597822283821047,6.2902226916573,0.606203071379699,0.981367345296701,0.539123123723684,0.976452857481227,0.535088652517419,0.976649593204843,0.807210884790493
336,"A_p5","binary",9.84901047553148,4.99162957456936,6.74401528098628,0.204527740746256,0.0656713575473045,0.165402942590552,0.0459680763153153,0.166039011404315,0.0483729972773501,0.669045875288047
337,"A_p5","binary",3.00322576561629,1.37789075264475,6.22643470286239,0.899096932972392,0.46848216593863,0.869792364382595,0.39985640847957,0.866865971993766,0.399835709921954,0.871600230603377
338,"A_p5","binary",5.69655625613292,0.356175722084561,6.61149786324677,0.592428209338356,0.834926908027945,0.544010542880764,0.813562526579127,0.54481650489963,0.816408150927234,0.673655850655601
339,"A_p5","binary",3.83271439120751,0.306086465569272,6.23762385186115,0.824335568398974,0.863104779447065,0.77043895694851,0.829931524153049,0.762547803334569,0.828795197178183,0.954423043881231
340,"A_p5","binary",4.88892787012126,0.47889052804011,6.11187992179264,0.645481500788901,0.782421148261829,0.593262430984468,0.755583108944931,0.592877480263732,0.757954208827542,0.726584453639108
341,"A_p5","binary",4.70055317839613,0.748775150890628,6.26198149633074,0.68888476929022,0.678748658645336,0.639197241834075,0.641575268416569,0.641251329538361,0.64632059348641,0.699063355189654
342,"A_p5","binary",10.5856656072328,2.51920880902673,6.3764687256644,0.159175307482059,0.256067070035251,0.110013308941057,0.182477844012886,0.104403098129308,0.18123030257985,0.947479172108791
343,"A_p5","binary",11.0606904876559,2.4521977039445,6.46416572003856,0.14092448872214,0.269084867996239,0.0954923467848976,0.204027330994761,0.0916888569497307,0.202664725758251,0.898812756835581
344,"A_p5","binary",3.33820674279461,0.0768491877438798,5.8955455128538,0.842162031605383,0.966849942092578,0.800726451656789,0.959290202090539,0.798199493173469,0.959498708310356,0.827865429745048
345,"A_p5","binary",7.6698911097958,0.660161440767268,6.71376833878069,0.38437220257682,0.711898990287462,0.330929324299789,0.673180843729974,0.329659288660975,0.677057938721029,0.721912309902022
346,"A_p5","binary",2.97587827730863,0.113941722027599,6.65794690207982,0.911719464078126,0.957869549150344,0.892633240429002,0.949157222657389,0.892515869102745,0.950183819235145,0.709552093667176
347,"A_p5","binary",7.50661799337822,1.90864648588542,6.60434634343529,0.408443284324799,0.35196528364973,0.33898504342624,0.285382892423103,0.333427998774699,0.286816893208109,0.847024757952954
348,"A_p5","binary",1.89234026767965,0.876090809531443,5.97304641467163,0.972911060570121,0.639677095808858,0.960295820009287,0.569390671334858,0.958146945826904,0.564626799715347,0.981297972926799
349,"A_p5","binary",4.49139982870666,0.633333402114662,6.33816816337961,0.711791299992751,0.730604296440417,0.673140670006627,0.701875414535886,0.674833882411704,0.706616828065556,0.633847465194022
350,"A_p5","binary",3.61495865038109,0.442042120330889,6.46751334448627,0.847416236323876,0.79586959898725,0.811638814615219,0.761991774265684,0.80955722390934,0.763424221013892,0.780651474298511
351,"A_p5","binary",6.81342310216904,0.193452414071332,6.40123768613964,0.45912668632399,0.90513692337195,0.38766780981829,0.886230636398067,0.382749994960215,0.886641345153485,0.82552270855194
352,"A_p5","binary",6.79444640781476,0.387170132695048,6.29532899608882,0.448876456227737,0.821298872251667,0.376977727486312,0.788970646243755,0.372080978035281,0.789150405515661,0.845548698159651
353,"A_p5","binary",8.18973688623094,2.73616172023859,6.46880548280866,0.31571632531753,0.226532569817886,0.258166040035127,0.178747196026693,0.255997023825297,0.18128783455739,0.75475469503788
354,"A_p5","binary",10.2733773459303,2.41561134926269,6.1980181547601,0.151194320882746,0.291128014665677,0.108895633406876,0.230930113176567,0.10772137463516,0.23528246350613,0.788938309809309
355,"A_p5","binary",1.76232860726843,0.54862597193577,6.30038828284589,0.979624195037086,0.728280362422865,0.9724664753517,0.684859416639446,0.97182192723411,0.684997421247524,0.858781930056541
356,"A_p5","binary",5.22782415431792,0.394199944743385,6.14794789145989,0.643384631594341,0.819117569189081,0.565708521805972,0.774285585599869,0.553359330587876,0.771640782296308,0.98144467554827
357,"A_p5","binary",19.3474972972944,2.93041057865448,6.69827628554864,0.00651293865232871,0.217566907751779,0.003686516534958,0.172734882150452,0.00365697459070924,0.177525614619623,0.706171385067438
358,"A_p5","binary",1.54375624317979,0.052353048688202,6.31244069680355,0.987822821971376,0.984195056808349,0.982546579498808,0.978655556314319,0.982005390926137,0.978729200364673,0.893751677771959
359,"A_p5","binary",1.5145343471798,0.881951651548315,6.48341589889772,0.988416563903316,0.631665884368055,0.984874015725813,0.586385407766645,0.984806112569056,0.590139897969122,0.750925530214872
360,"A_p5","binary",3.34482570146319,0.74728634957533,5.77598925816915,0.852685981593951,0.692540491771307,0.798004308244633,0.633063858762652,0.788614549984462,0.626391922003903,1.00139748023249
361,"A_p5","binary",7.14120245258463,2.826133018093,6.55865865305751,0.406416544019154,0.21643846119632,0.362852076152168,0.180020448327457,0.365149767867782,0.186587967717422,0.614673282091975
362,"A_p5","binary",5.12461600573293,1.36378309953354,6.33869177837792,0.66449122693349,0.455802632290639,0.596992410407686,0.396726777193085,0.591907111894924,0.395969528213833,0.895804022908303
363,"A_p5","binary",9.6301129229188,2.3769884110145,6.5926132598367,0.240644238945346,0.278504066900003,0.174177857076111,0.203625942708204,0.166046340260735,0.200476414628429,0.963801757550842
364,"A_p5","binary",4.6553221236717,2.4481812364495,6.16665799971736,0.687167135957995,0.234386511759335,0.634881352461805,0.192519649580275,0.63537195812434,0.196170814614756,0.736130834846173
365,"A_p5","binary",5.66296002074821,0.635073798545445,6.27823546389473,0.586108603203061,0.706972239804323,0.514863312395702,0.662557761796467,0.510249076407636,0.663218609358791,0.846872107337563
366,"A_p5","binary",4.59475246688736,2.56969119905221,6.75222734296172,0.738682203173385,0.243378627593182,0.704851172232524,0.207276621038901,0.706961187532611,0.214000510211328,0.614997425180311
367,"A_p5","binary",10.2834767243841,8.2399349024351,6.63848599209231,0.17831518509277,0.00981638369677351,0.135731756710243,0.00498206084818831,0.135158443952056,0.00524688859149702,0.771159362902198
368,"A_p5","binary",12.5003857720089,0.349452491454588,6.1491637503029,0.0738177695636362,0.833435661685395,0.0435413374256399,0.798219973338425,0.0414952020952797,0.798394207822948,0.92812439381947
369,"A_p5","binary",2.22107857109464,0.306928217133546,6.71105214637958,0.96259178260974,0.864092276117376,0.953541459896046,0.843914694855914,0.953762883374071,0.846503870403984,0.698834255420322
370,"A_p5","binary",3.44129575815313,0.350140244756075,5.9222127456151,0.842294916968715,0.844897364954938,0.791598533667956,0.809328943503196,0.78640630897735,0.808132799856297,0.927560577990554
371,"A_p5","binary",8.79991631764349,0.656029851428977,6.53200141680775,0.281665919133069,0.722992606090785,0.217331378351606,0.67862220823576,0.214839947303689,0.680201138693888,0.829107663805782
372,"A_p5","binary",4.24581928709321,0.777153924658589,6.51238638969994,0.776166937913721,0.661389061934078,0.732061168481245,0.61755931832192,0.730555227079853,0.619833936105008,0.777444765534956
373,"A_p5","binary",6.16374889156023,1.92259221449101,6.45102292080484,0.53297967541708,0.353646919538321,0.468722668456881,0.291730935251831,0.465812653449221,0.295114176536357,0.79135642100074
374,"A_p5","binary",4.23313040013123,2.527582785919,6.27428632980364,0.779175207633035,0.26184412091776,0.717377125067195,0.196345081940949,0.710579818477398,0.193594241092051,0.934622913342607
375,"A_p5","binary",9.88133394533631,5.31505584689232,6.13899419878786,0.171985579018521,0.058185302967717,0.123602563555173,0.032905553605339,0.119156896125757,0.032868431072119,0.854401323939511
376,"A_p5","binary",10.835698510555,5.4606323646962,6.53567992486905,0.14279123284228,0.0488489421891123,0.105917313199574,0.0299887614835097,0.104471147210019,0.0308271308810694,0.792919379236505
377,"A_p5","binary",4.61916575742012,0.714286572239914,7.00114826820232,0.749419319079549,0.694741387259497,0.723356539566129,0.668489852261945,0.725713460238497,0.675448632591604,0.544574241351146
378,"A_p5","binary",5.17123676327405,4.94373879092143,6.62624976399904,0.650362421301219,0.0576511423175299,0.614139090767625,0.0422348102894471,0.616357635234037,0.0450337081432525,0.596263780905522
379,"A_p5","binary",6.63841508794221,0.253291221019435,6.38270865817437,0.476629116423997,0.891770782990178,0.403964006551137,0.870425992846786,0.40042756952306,0.871006323023721,0.811243472886856
380,"A_p5","binary",7.53128745396954,2.1757461492488,6.3684800231565,0.38553748436701,0.318934574918137,0.310902841843156,0.255251894176155,0.303898504423057,0.254170875194611,0.875776695132264
381,"A_p5","binary",2.70134627069002,0.520513564410638,6.31708312225614,0.92978767764481,0.770719414920211,0.905891771556445,0.727548433529814,0.903700335877669,0.726943795666596,0.890347961079662
382,"A_p5","binary",11.3462348917266,7.97862463377933,6.46433546739305,0.125547552995172,0.0148307080972031,0.0837103914632917,0.00662493366870764,0.0818468034143355,0.00675319886892445,0.860446180580306
383,"A_p5","binary",4.15275550712637,0.517335757094396,6.49878480904501,0.789840691621779,0.774583581751895,0.743042252120219,0.738706324119488,0.742041587528039,0.740699176164922,0.797485594533662
384,"A_p5","binary",3.39814482213446,1.69068868759159,6.47051905272743,0.876545593092569,0.402811116845168,0.840362160265097,0.335557690045451,0.836559490135822,0.335294692590496,0.889285932838389
385,"A_p5","binary",3.11841928156767,0.292658543762479,6.49916895583792,0.894173929931532,0.868036228523086,0.869847641029305,0.844871436872428,0.868988178397358,0.846699803830139,0.75803505332972
386,"A_p5","binary",7.8593708901994,1.51628159214596,6.37728820557428,0.352568410720451,0.439943803900604,0.283676863840715,0.369403603863056,0.274803942900175,0.366483445892398,0.900602434385416
387,"A_p5","binary",4.92674675990668,2.69975922068392,6.37261625262706,0.671821587854028,0.220441600180871,0.623510941883112,0.172399775721256,0.622577846508482,0.177672354767199,0.704885592744949
388,"A_p5","binary",3.39554650571574,0.911061843834612,6.49964180962185,0.860687446540159,0.603718427812338,0.836522542621162,0.560533466912273,0.836466625600638,0.566570056641183,0.673878112216912
389,"A_p5","binary",4.05474986543603,0.516585242983528,6.57062363164322,0.798647747848389,0.768250095942884,0.760891502800439,0.738636639533231,0.761423085570412,0.741618918966503,0.729658146274454
390,"A_p5","binary",9.04750712708333,1.68312078570946,6.35435675025612,0.257755738537583,0.400912101111616,0.188517152010153,0.324558333631337,0.18104653450777,0.322449041875532,0.921272665468141
391,"A_p5","binary",3.86350500084245,0.0208456533945262,6.36423360595749,0.813912918241799,0.995940843485122,0.772264619072673,0.994694331400932,0.769462181057444,0.99475528752341,0.807287322714998
392,"A_p5","binary",5.19573119334349,1.07817243536351,6.54162260477796,0.666705142504359,0.568204591811166,0.608111752154815,0.508388169303322,0.60314932459041,0.509400029888501,0.829279634433243
393,"A_p5","binary",2.32737274977784,0.124969786528957,6.06949867029878,0.944308366460954,0.952694925198731,0.927318954698406,0.941364980787381,0.926720999441688,0.942046043394813,0.788609605366577
394,"A_p5","binary",3.81079734293993,1.35530093117768,5.99110939346004,0.777574026494013,0.484253655677124,0.738167133915146,0.436280666482069,0.738002688064433,0.440482468709714,0.724132306238719
395,"A_p5","binary",7.05562092500915,1.54504000737393,6.50055715211756,0.433945783146424,0.445910170651533,0.370860703586622,0.38570858153559,0.367808175439746,0.389311898633729,0.781287807312387
396,"A_p5","binary",9.31711061045712,0.625802246911992,6.34003680433331,0.220819454637957,0.72399517921333,0.166438404519643,0.680905335823348,0.163444295644018,0.682387541891159,0.793254159785428
397,"A_p5","binary",3.65433448028304,1.24622682595194,6.56111351573543,0.84448216164309,0.515093388443764,0.811274189818848,0.463940012068853,0.811078817720934,0.46821969210972,0.748132650284283
398,"A_p5","binary",4.89294979519817,0.127447695050389,6.49797753803182,0.697260638766426,0.946587527321494,0.641347517426381,0.935952385179879,0.640111503676647,0.936641956355338,0.77708668410809
399,"A_p5","binary",11.1828149293217,0.149541706955458,6.42813958877578,0.123696398052557,0.937339896154677,0.0876080554794053,0.923735926265338,0.0858920568816949,0.924390158023435,0.803917435155073
400,"A_p5","binary",4.49501642495017,1.35412000280659,6.48581625361167,0.739097956467927,0.479475941325892,0.693870053212621,0.425665264668644,0.693700877324745,0.431135898667232,0.724367847400017
1,"B_p40","gauss",2.66321003370183,2.27295895450061,5.51655503111477,0.939730872477217,0.282841534211155,0.886642144253332,0.180467863796347,0.870191575893628,0.160306187980067,1.4479329739928
2,"B_p40","gauss",5.8632204030104,0.0520559542007515,4.99478991385242,0.591708216990204,0.983730372794786,0.394739966546555,0.971745740435141,0.309691850861236,0.966158542653941,1.7935721358606
3,"B_p40","gauss",7.51967151644467,3.94582895015629,5.81069243260708,0.403397443913478,0.117124098145789,0.251188075220465,0.0544382565420189,0.240460990805294,0.0565253734483926,1.20074548227832
4,"B_p40","gauss",3.47527801272796,1.77383075328423,5.27381922308489,0.873015793367139,0.376634248192311,0.767674698458289,0.255265986996285,0.72862180803355,0.234550592028795,1.5283692630114
5,"B_p40","gauss",7.79095257101809,5.66001879639261,5.5075684950024,0.371093106541693,0.0428434613494605,0.212657700275133,0.0133979392913576,0.184123750471324,0.0109619957429761,1.40358249458584
6,"B_p40","gauss",2.76508274253834,0.167048337907907,5.18921473014586,0.931134344504139,0.926977990166514,0.863195175542405,0.891719594162915,0.83307784591305,0.88210140962339,1.58614486077745
7,"B_p40","gauss",4.16357640350971,1.54231065092018,5.33412827108402,0.802361765320543,0.434035882439631,0.670226754814891,0.305450208926365,0.618775409942662,0.272170790754622,1.56412045536762
8,"B_p40","gauss",6.55533427071865,3.34855472801914,5.78435606437166,0.503406765465997,0.154651572392279,0.348171164876445,0.0856837525252427,0.336241774874296,0.0871670937927106,1.17587856249331
9,"B_p40","gauss",10.6423085852847,2.18671485896286,4.94912760739426,0.16272348154134,0.306899367602043,0.0556571077334433,0.175080889747101,0.0282702103590782,0.139521720957384,1.78746310619366
10,"B_p40","gauss",7.99556959805552,0.827003032012104,5.30134006793418,0.350985128571238,0.640418616339724,0.185968223920465,0.530123231571773,0.148413795834099,0.49586621468287,1.549220561985
11,"B_p40","gauss",3.06626498108385,1.69786776001208,5.73153398818967,0.909325451007114,0.401506782421508,0.842276274191335,0.274598570822999,0.83138244558596,0.272469193960849,1.32795718566791
12,"B_p40","gauss",7.11357555188944,0.103711590445214,5.59508083943459,0.437984347222216,0.958095609455642,0.279278706319579,0.93664574494958,0.252864471336431,0.933274903980497,1.36303803985687
13,"B_p40","gauss",9.91671521965343,7.11490232243567,5.27097164924539,0.199001360455107,0.0191472028041662,0.0806846813224866,0.00372234024544693,0.0583047662785563,0.00253004911415666,1.55875771502488
14,"B_p40","gauss",8.01275430439468,0.594733690707244,5.75271111165565,0.351060089377746,0.732929646287863,0.20800393055914,0.649069269464961,0.193232650277768,0.651767261933732,1.2335031490151
15,"B_p40","gauss",7.37538732613688,0.311918699183834,6.23001066223456,0.42813715429459,0.861219360909374,0.294039690042153,0.822364144798159,0.303598310789837,0.828984719013211,1.00171988590897
16,"B_p40","gauss",3.73395367183318,1.95900626031438,4.98886968974067,0.844477522834416,0.34436300809413,0.721319239877097,0.234500381976578,0.648784073323319,0.184993891817486,1.71266551087653
17,"B_p40","gauss",6.82733883163618,0.769726730250897,5.8622023716206,0.482438680148832,0.665677377993593,0.329768320924648,0.581659668153913,0.315720148288414,0.58084722053125,1.21078738894221
18,"B_p40","gauss",2.56547102173371,0.809659009298473,5.1397404505058,0.94615430759989,0.653648378633561,0.889933357508252,0.542746094012602,0.857292127977668,0.492924067642603,1.70139315311363
19,"B_p40","gauss",5.30149579772625,2.59653100558959,5.51835594496804,0.67042432264526,0.245885738807169,0.504105803444107,0.14929115854479,0.464073848535168,0.124130996931217,1.47423815469896
20,"B_p40","gauss",4.98547940778049,2.58402421847013,5.61421485560038,0.706128293967309,0.249317296163578,0.559253110589226,0.150963027941251,0.525136072622468,0.138827260998565,1.39550337959994
21,"B_p40","gauss",13.4929227222931,5.39234993918112,5.28213747190949,0.0639486290396187,0.0532725228944521,0.0163197036709375,0.0141520639304951,0.00892256887786402,0.0105697167840628,1.6155696582932
22,"B_p40","gauss",5.05810329545642,0.715108985106998,4.78863028248744,0.695496173106939,0.687492370388521,0.505159572689185,0.568977890169744,0.390044744690674,0.514610879754036,1.90295360147878
23,"B_p40","gauss",2.62666315973755,1.690860184195,5.4459742264586,0.939366208786787,0.409659264364395,0.884672850212263,0.2906357372787,0.870369032771131,0.278250544235904,1.41161306412307
24,"B_p40","gauss",3.7177034157719,0.228887897071016,5.29488780097571,0.849200050140057,0.896836566625652,0.738785561072417,0.851380146911141,0.689718933712934,0.837934576355246,1.57899016491583
25,"B_p40","gauss",2.22949021176076,0.476348367831301,4.95331152251767,0.966353461190704,0.785411099642012,0.925594423406094,0.686250461695268,0.891048252115406,0.646520987418858,1.87142213646741
26,"B_p40","gauss",4.8500671539767,1.44451145939415,5.59066144227025,0.721455676245523,0.460920555380869,0.574633009575481,0.329530286791051,0.542273856721203,0.320817950866827,1.39466183592651
27,"B_p40","gauss",2.19704198518133,0.542030857996171,5.62811846241291,0.966149469277873,0.7578275293409,0.93295637369387,0.677492084691571,0.926888232710092,0.671201893360676,1.37591083333354
28,"B_p40","gauss",5.83343523660882,1.00440400637973,5.27799345786019,0.602800908760231,0.581798486064352,0.421860891123973,0.471301086962301,0.355256094689699,0.436653317871044,1.56981937674687
29,"B_p40","gauss",8.15425717467464,0.374995174101743,5.32387088856117,0.337320671598897,0.833646110590607,0.180226483444375,0.769358937847359,0.139923921476872,0.751799965854605,1.51580751554562
30,"B_p40","gauss",1.63297859421815,0.472346979682382,5.53059300271105,0.987717020278238,0.790148942413834,0.973542880492136,0.709776692449168,0.968467081912619,0.700085128500547,1.45233341742298
31,"B_p40","gauss",6.76451838994953,1.39748715837375,5.57284104549104,0.475345791083302,0.45328764534812,0.311554630206314,0.333885991946394,0.285469298703826,0.319728740924167,1.36019803601039
32,"B_p40","gauss",5.28302538682466,1.27412159010275,5.53008375546915,0.681587020689368,0.513633186602566,0.51835627686798,0.401234863899044,0.4687897612813,0.37881863960689,1.45368002055305
33,"B_p40","gauss",9.97947644738065,2.51449050360744,5.15982481778676,0.198405241580961,0.252405738568853,0.0783874048277187,0.149084661236626,0.0506997322728091,0.116443118532836,1.64398641110685
34,"B_p40","gauss",5.39070651780981,0.600712157784209,5.69649857193188,0.652826635094995,0.731183789592434,0.502345764177822,0.649633100638562,0.476440032061896,0.65269882610042,1.26861219727937
35,"B_p40","gauss",8.8645728392291,2.29723916574355,5.25813483013326,0.289198440865581,0.288400867968108,0.130682672819643,0.175217317558337,0.0965307421483584,0.139913612352181,1.6397346614575
36,"B_p40","gauss",4.86673520852338,0.21733278897157,5.20924596159391,0.712776254912514,0.89926313508402,0.548953478966205,0.851098377584161,0.485030036674555,0.833685650222476,1.62199669390682
37,"B_p40","gauss",4.23999293353052,1.05308888138193,5.73852825176593,0.781939017432264,0.563379403786266,0.664049216993782,0.47586399274875,0.657356619771505,0.464576915475049,1.22729857428313
38,"B_p40","gauss",1.88883356463709,1.56906626215697,5.89679907085321,0.980094415168353,0.424712375926151,0.961449959364209,0.315489064703922,0.959364981973291,0.315648610786614,1.23170763600117
39,"B_p40","gauss",6.55547708860094,0.776900549932145,4.46060669988757,0.514260786008691,0.663168879240985,0.296684549163094,0.540236111348269,0.162654934565064,0.445752584392147,2.20776898308155
40,"B_p40","gauss",3.64029719411765,0.413736050471086,5.66729838245288,0.855160068531149,0.806092329746117,0.75944341797361,0.735404061815983,0.742822189000075,0.73543482478165,1.31908995455922
41,"B_p40","gauss",5.61988633930424,0.0408680603282172,5.54255526698193,0.616049375156226,0.987626934570688,0.453416237381738,0.980359534677553,0.421966824541144,0.978939339972901,1.37577293146537
42,"B_p40","gauss",7.2406288850986,0.28993031275838,5.55404587295962,0.437579057562179,0.869998476754693,0.265250909780696,0.818678786408502,0.235766375578237,0.80454015012412,1.42459693580295
43,"B_p40","gauss",3.4548119016954,0.0817365755510021,6.14368821634403,0.878849647184104,0.969917571406891,0.808723006843088,0.955921603714338,0.810207224098318,0.958102084627981,1.10662190449171
44,"B_p40","gauss",4.43110738592432,2.32508324133268,5.63734552542799,0.768596617078053,0.279941717383309,0.638432200121639,0.180049004734289,0.615276517268991,0.173625094817462,1.30716564920947
45,"B_p40","gauss",4.83867909129949,1.4418312978373,5.53517392720951,0.722273373856125,0.463305045658116,0.579735959352294,0.352614266348904,0.536889888278677,0.332574010732932,1.40211762214302
46,"B_p40","gauss",2.38191545655464,0.0556084893375501,5.68182750029193,0.957460341651876,0.983270954920197,0.919713157571255,0.973114038790079,0.910662932976235,0.971356315903617,1.36881372567554
47,"B_p40","gauss",6.28960953452487,2.24415480993246,5.78526525835367,0.538456247522038,0.295950960753111,0.379483291577972,0.179296290882849,0.367781277708355,0.180837346905006,1.25932605374638
48,"B_p40","gauss",11.3947811198158,2.35942923346392,5.68429756367479,0.128036349274587,0.27940047929043,0.0504620468143973,0.178001993502293,0.0417235078715243,0.166696203282231,1.33075306119065
49,"B_p40","gauss",10.6375592760117,5.22953276835306,6.19722376287825,0.161919248993124,0.0599684848403469,0.0816392106450926,0.0246910448977982,0.088976434058223,0.0278428862589901,1.04972468956612
50,"B_p40","gauss",7.67182243774987,0.324022567707468,5.85693167973076,0.385829881964237,0.85636853266253,0.23776260598255,0.80442695662099,0.232214226991408,0.809491635523773,1.17965179802528
51,"B_p40","gauss",1.62018861896591,0.45527988829889,5.06419974605199,0.98718023699663,0.789807683564774,0.969642606514921,0.708385760050189,0.95904701549513,0.672403895788125,1.72178540745005
52,"B_p40","gauss",6.81625309930949,0.434370974138286,5.14279744059286,0.47257155464861,0.795963293991529,0.280628035020458,0.723469255546502,0.224864851387972,0.703384523170763,1.58737326495474
53,"B_p40","gauss",4.04434477273991,1.84433964024076,5.51275847984349,0.817886507694931,0.366807966718763,0.694428907425832,0.247905658256684,0.660994166725953,0.220086996286324,1.49264284154931
54,"B_p40","gauss",1.0776467878811,0.260657791841425,5.5624886452917,0.996948403146782,0.883724158933316,0.993140816772834,0.835873173474306,0.992206232021553,0.828948073442785,1.37997986766466
55,"B_p40","gauss",12.0683872118971,4.21063481493482,5.53362533199587,0.0995217023403047,0.0990023745916869,0.0335666973099902,0.0395583266006302,0.0259121222841321,0.0336405182430081,1.45994304552697
56,"B_p40","gauss",3.72478284630745,1.69381817913755,5.12393648423299,0.841000844803717,0.397144938925868,0.71889365096649,0.278624605795154,0.667429953715683,0.238789201593311,1.63353523920539
57,"B_p40","gauss",4.26824164748619,1.75741267436597,5.3615384008362,0.791473152848018,0.384595656961629,0.64850371183534,0.252548238552949,0.604951013459842,0.220194127304923,1.57089683325493
58,"B_p40","gauss",1.98421304401749,0.127811697131729,5.60915339870263,0.975825537837489,0.948981512381509,0.952623424988895,0.925546785938947,0.945276965809584,0.921852691570424,1.36797963850201
59,"B_p40","gauss",11.1371381158507,3.96571595218536,5.38025390550032,0.14225354542549,0.107678467256034,0.0511109347628298,0.0436507740623917,0.0352838209644548,0.0360519580517943,1.53406385217969
60,"B_p40","gauss",5.45892991275336,2.73957817042068,5.35017159011196,0.644110218912842,0.23001863292773,0.454866279673039,0.12367653292481,0.417170349896981,0.109086312862458,1.4921711690888
61,"B_p40","gauss",2.92145632276368,0.152405325884636,5.80266876486486,0.917864294322343,0.936362489246994,0.86009516830527,0.912267654637104,0.855642327662982,0.911358996057345,1.1960835077199
62,"B_p40","gauss",3.9050574040477,2.24505866793214,5.74409289977042,0.824922724393607,0.284649574208796,0.718347697950019,0.19273576536939,0.709916909218687,0.182444549254143,1.25721973955624
63,"B_p40","gauss",3.04299026961095,2.16131715342667,5.11906940002885,0.914005534896489,0.312978794157363,0.828398229841371,0.193689512177904,0.782944362766803,0.149422528329015,1.75149263591158
64,"B_p40","gauss",4.25611559829594,1.54719600356109,5.32586437010745,0.792309330626018,0.427938570507682,0.65309307588295,0.293910602782297,0.602560874008963,0.26753313695445,1.5906627419788
65,"B_p40","gauss",9.53666550526661,0.323334633202825,5.9216269609174,0.231916942945765,0.853274463665536,0.118522994168178,0.803516439303439,0.115575697191563,0.808685051083767,1.17441124134139
66,"B_p40","gauss",7.38346953660193,0.747923019365817,5.20403829317471,0.41593839582125,0.667336316951824,0.237015079108939,0.581079493305262,0.182370992327643,0.534686181423399,1.60985532427974
67,"B_p40","gauss",6.69032374252227,1.11800769135158,6.22622571312074,0.492910147651634,0.544198981590425,0.358339693616618,0.44898343253874,0.377042896240777,0.471066548219262,0.999190534790904
68,"B_p40","gauss",5.8598423983219,3.45494285866298,5.18388087043047,0.594288063232909,0.153316237646413,0.406419055579785,0.0698246539933546,0.33806641904653,0.0562286646896976,1.62734151972117
69,"B_p40","gauss",7.12176706481418,2.10807870694203,5.73466472249789,0.447325492817559,0.308695376219171,0.285924382758126,0.200098516154504,0.269210138546653,0.187709240382525,1.33344073173952
70,"B_p40","gauss",6.17453006457951,1.75268943342211,5.39234267857426,0.554168754279163,0.382947906946007,0.369937483819687,0.274650786640453,0.328428631707366,0.249739495216889,1.46360653795936
71,"B_p40","gauss",6.94228503231523,3.49087710755862,5.46548691757916,0.468601098451816,0.152850731012915,0.287045914591526,0.0787176633304709,0.253287321121827,0.0695479149335197,1.42170356899319
72,"B_p40","gauss",1.54101268950423,0.44274704842234,5.43090272069673,0.989261758525256,0.799239479571483,0.976785534328668,0.728661976401719,0.972190406540628,0.720882503090913,1.41809217260445
73,"B_p40","gauss",7.8798512478454,1.39493828345834,5.7738074804427,0.382858463980215,0.474614392723722,0.234100559920852,0.359819176858271,0.205995004458627,0.347038289197226,1.35428465884593
74,"B_p40","gauss",2.81988758609217,1.09016459557452,5.48034195636537,0.924716680815847,0.544034119326052,0.866476685613723,0.43727865332788,0.846448821246512,0.4184978853647,1.37693861005879
75,"B_p40","gauss",7.77338447899331,2.57533278157386,5.48748495707448,0.375973966964683,0.243030025186209,0.218720219608347,0.142593808530757,0.183097877094688,0.13143969010259,1.42803694830419
76,"B_p40","gauss",5.00044457202509,0.343592895507443,5.38379688855619,0.702401175531483,0.843339506085857,0.545429676957867,0.78811645280155,0.490834637895156,0.774745898530528,1.47254295039951
77,"B_p40","gauss",14.0808574383562,1.30627855810937,5.52543487513975,0.0511882994376075,0.491375353986788,0.0141428147144362,0.372648918770001,0.00900302752246374,0.361436276169353,1.41860685866354
78,"B_p40","gauss",5.4266565536055,1.70279249764915,5.94878791352713,0.663780816658314,0.409788186915725,0.515134881977619,0.297240013924266,0.504855503515576,0.30436297911226,1.22936206275039
79,"B_p40","gauss",5.58792707853351,1.19930747853928,4.5240047932919,0.616181264772903,0.521784340970426,0.393365370489367,0.380025687724528,0.273068609963492,0.291704417444772,2.05372552853179
80,"B_p40","gauss",4.51817763663156,0.148221945637045,5.41471094182735,0.761688937388723,0.939238411537147,0.617372057290808,0.912810847979535,0.571712914693859,0.903841555828616,1.48287664199121
81,"B_p40","gauss",8.16635797826604,5.56907770870966,5.58450179577406,0.347091870272387,0.0481393766652133,0.191616684539184,0.0141577396854085,0.165075373558922,0.0116007287253779,1.4413935413498
82,"B_p40","gauss",2.9977031331044,0.463003883834194,5.44950649295189,0.913294446828087,0.787410295213291,0.841088833167618,0.716499799903011,0.819831044058184,0.70146823107068,1.44255160127679
83,"B_p40","gauss",2.29896745572413,0.59654634574457,5.76671777332998,0.960245985318478,0.729446212732315,0.928448426262987,0.650963984196238,0.922729435985415,0.650524046488901,1.24075713959015
84,"B_p40","gauss",6.93049172563079,0.920764064613345,5.43441316167762,0.468576111757722,0.615539614698575,0.289327133596071,0.508986742603896,0.250590522781577,0.496634415535191,1.44879879574755
85,"B_p40","gauss",2.25152728512942,0.150228712650168,5.22530311730363,0.961848802426361,0.935061525127225,0.920720103605079,0.902686764088223,0.903191713426103,0.892029412925197,1.60721892312174
86,"B_p40","gauss",4.93947921348237,3.23689717532759,5.11725696874659,0.698752150862057,0.166816535009696,0.521023715729179,0.0822691512637007,0.460338510484111,0.0632762898259123,1.61293412343027
87,"B_p40","gauss",3.9037173648409,0.969399255435023,5.97175535289222,0.829761196243499,0.590312292961525,0.737280075356613,0.488454983787535,0.733051814746507,0.497578967383286,1.15961056516123
88,"B_p40","gauss",7.86532993923732,2.23056185107831,5.30683216170027,0.365476545738485,0.303001424505493,0.193743163939476,0.182402362821936,0.157483234352634,0.158592427130057,1.53920306060411
89,"B_p40","gauss",13.5535368780365,0.818512293224102,5.1292474616355,0.0576148465240308,0.642948316584084,0.0154048583798323,0.54257783260852,0.00693155234589116,0.502532020606145,1.62080841930822
90,"B_p40","gauss",7.9891607654294,0.217626424986686,5.59480964034839,0.361007653615899,0.903709025021171,0.205563947675435,0.860840043589055,0.178527585210268,0.85720321682937,1.38395279419315
91,"B_p40","gauss",6.66986790187202,2.03936832476042,5.24406729600859,0.49739912541581,0.330778404073397,0.309309749677131,0.217246061433162,0.252383012098729,0.19194316152947,1.53769655291537
92,"B_p40","gauss",4.05899109119893,1.90268374685401,5.64747977058269,0.815507097796415,0.360614347527236,0.702926557333325,0.252228194407513,0.675657485624711,0.240176406404414,1.3320443969229
93,"B_p40","gauss",4.76410397218358,0.163726236007832,5.27944398383264,0.731937057764544,0.929202114645552,0.564975397720441,0.894097511367575,0.512784866181639,0.885356644378685,1.57948679419901
94,"B_p40","gauss",1.54290608040257,0.219849031565092,5.58062946042839,0.989022362911435,0.899509453006182,0.976752859251941,0.859507984628385,0.974080609866097,0.849828124091563,1.39545075697751
95,"B_p40","gauss",5.37306579193923,0.488749018245455,6.01371834336792,0.655411352429041,0.776105401368588,0.510413933274527,0.711163960587296,0.520184337837362,0.712326449998322,1.15763349678416
96,"B_p40","gauss",8.58885109393741,3.88714510523981,5.80794752774998,0.30143997415271,0.122550486237788,0.172582857409616,0.0589661961975727,0.158348894830404,0.0590312671267188,1.24210615791372
97,"B_p40","gauss",2.52030297637361,0.930622788830799,5.80893199061947,0.950567893505109,0.60899956012273,0.911702317473052,0.505915215280823,0.902529063654293,0.50675013616992,1.27275963363118
98,"B_p40","gauss",4.23425133347349,2.04842958787657,5.37931961471723,0.793629851932642,0.32845101352611,0.65999167093206,0.209901985437204,0.613311065937166,0.179956815472904,1.54165909360951
99,"B_p40","gauss",7.51248504943248,0.495057686817149,5.32657889526737,0.401853396470119,0.771324383413853,0.226294303812449,0.689075695501345,0.186253126657157,0.667909316014188,1.54019546003544
100,"B_p40","gauss",2.69151501437695,0.746880869384913,6.07369523221441,0.936304514802013,0.680276379401157,0.893871852630047,0.606084218746831,0.896841991701883,0.612988799361361,1.06553530482609
101,"B_p40","gauss",3.82669769630605,0.468336276875682,5.30782055579884,0.834404909705982,0.780849149798751,0.717507673311624,0.71109764653933,0.673115202064833,0.685347729222594,1.52408867879534
102,"B_p40","gauss",7.91786155052384,0.882783500765339,5.13550860909106,0.369219488833368,0.631508692162219,0.195980472984753,0.51692521142735,0.13707341663074,0.463730346109145,1.71519437319809
103,"B_p40","gauss",3.97871702271074,0.129276015082078,5.13804401462924,0.818406406398302,0.946116191917946,0.681925618793113,0.914226210557716,0.624172871000531,0.903815064076231,1.68804961402295
104,"B_p40","gauss",7.13282660093064,2.61123493906257,5.20808741563446,0.453144567213682,0.251649141481077,0.263225439764236,0.139796277381139,0.203965938735264,0.112819101974332,1.65357332826838
105,"B_p40","gauss",6.17128192876264,0.680048979692772,5.5723222331709,0.557902494966622,0.697710487111604,0.387378590502169,0.599517319868871,0.35367450327519,0.588693564011079,1.38785963144177
106,"B_p40","gauss",3.77007088352157,1.08777289467972,5.30062571611642,0.842934735269298,0.553774480845448,0.722534596642312,0.442671027884343,0.681266189932187,0.406334814320294,1.57265621493209
107,"B_p40","gauss",8.81796619825678,4.47087049325307,5.1294353907822,0.28344894659656,0.0875353496087901,0.133689569403814,0.0318080919105788,0.0888330201776341,0.0203346820859778,1.68038288302712
108,"B_p40","gauss",3.72131538354731,0.902678007186257,5.59155130086767,0.852279729978831,0.621443191932599,0.74743371547111,0.521640545038528,0.722637565693293,0.500335436661538,1.40825736032376
109,"B_p40","gauss",12.0285493843717,2.45567086786508,5.54205389364085,0.104445007299742,0.267696459519234,0.0371215346906036,0.163677242952167,0.0267080600131746,0.147417292541339,1.44767834857799
110,"B_p40","gauss",3.55105905949718,0.112735296609177,5.73405053012868,0.867723960163652,0.955180942895669,0.775181851927597,0.934117727006918,0.762604575263809,0.932476740121979,1.29728710519415
111,"B_p40","gauss",5.70900589813337,2.06776101341754,5.0107994900453,0.61593068425883,0.323712845640906,0.421262183593385,0.20738139662671,0.332058312371732,0.157631303085556,1.77885392343327
112,"B_p40","gauss",5.23037118213147,1.11747492119376,5.39746949091044,0.673998060849291,0.547031087366875,0.511737517463517,0.431417667856813,0.457179176646669,0.399155990270072,1.54416816191289
113,"B_p40","gauss",7.41832704155957,0.137866055702068,5.61382419402973,0.415772513451491,0.945193234947043,0.255755716320158,0.917032504923127,0.226659808080705,0.914822684314578,1.37057225834602
114,"B_p40","gauss",7.60556022352297,1.560369541634,5.33399420352621,0.397755820660566,0.430590623169916,0.222734813042327,0.306563796634195,0.179325791007004,0.279661541110657,1.5473869635858
115,"B_p40","gauss",8.61074801851559,1.34540695192822,5.45701852690412,0.30545917190488,0.486755000506071,0.154895612275504,0.379951071150002,0.125050579263163,0.358505069864223,1.43572849954717
116,"B_p40","gauss",2.77511273137864,0.302976320834227,5.57322697885348,0.933681192609134,0.862464701044209,0.877395294671245,0.805941690540825,0.858965635066783,0.796477456774252,1.45199317121968
117,"B_p40","gauss",11.6423180072851,7.1347329695709,5.05589467106829,0.115437008355452,0.0190107953675034,0.0338715864490504,0.00320427298169401,0.0188353433765762,0.001493852180108,1.74904425171828
118,"B_p40","gauss",5.45340027893564,0.330037584209826,4.46602693008947,0.643759830986765,0.847559686642814,0.425895949218524,0.770587398565872,0.28117285541189,0.707916364787324,2.16134581248417
119,"B_p40","gauss",6.97820383495679,2.28056475848768,5.30188788220948,0.457086427456057,0.296018526039763,0.281246319091329,0.190615431670772,0.229383488456796,0.159091672149665,1.52804539523839
120,"B_p40","gauss",7.64632878894552,1.60001312485461,5.42191645248213,0.392623717583593,0.427660865123396,0.220404300415842,0.309310955703557,0.185659699109648,0.291420510123568,1.45278355218955
121,"B_p40","gauss",7.99791739502775,3.44883268762571,5.53723149389145,0.352603919580263,0.151650257388497,0.196868622202628,0.0727683945156372,0.171955353594047,0.0675048946723835,1.3903708794427
122,"B_p40","gauss",8.18007083862289,1.03018124808478,5.16505532387455,0.337988655062891,0.573939759132413,0.168727445044427,0.445160588409384,0.123772936338152,0.413894613146528,1.64156729253044
123,"B_p40","gauss",9.72889870774382,3.27812545828659,5.73334375325286,0.214065553278721,0.154484471825249,0.107089506542065,0.0748297811912493,0.093941041521366,0.0724973460022194,1.33116599856357
124,"B_p40","gauss",2.50769177755207,0.652695015632473,5.31455734170058,0.94838148595073,0.707308674310434,0.899722057319794,0.619096953523249,0.87771922745049,0.603361125752231,1.4626889282961
125,"B_p40","gauss",4.74692143225664,2.19297510497411,5.88451435177326,0.736701250368843,0.303956266706501,0.609256106433627,0.203367985444564,0.596716506340088,0.21041719632244,1.18961180581533
126,"B_p40","gauss",7.99773176574579,0.0902644702166376,4.6314336544857,0.355354015321083,0.967012295153995,0.1664676432828,0.947992087609187,0.0872629318002158,0.929207483485377,2.04285922680085
127,"B_p40","gauss",6.2765028118062,5.0076094148549,5.6638067736933,0.54081978168062,0.0646375961668593,0.37093698874971,0.0226798074378678,0.353165772114279,0.020848503647817,1.32953260714604
128,"B_p40","gauss",4.53654417644817,0.319008325850694,5.06785177970724,0.757444287389373,0.853096563126316,0.596943178261412,0.780766485047861,0.518163027818897,0.756861770411566,1.71715449538572
129,"B_p40","gauss",4.50645837997525,1.55435730042831,5.69849402246679,0.763298365540891,0.442744339205507,0.629474948700651,0.334423981245056,0.610584134168814,0.315469922230899,1.33241184056855
130,"B_p40","gauss",9.09106910342303,0.770238925841979,5.30924750936441,0.26701665391864,0.667586758123238,0.124486192040139,0.560429567752108,0.0898310627455697,0.541776205867383,1.54036463899892
131,"B_p40","gauss",4.96490531119631,2.10180710733284,4.81461004957863,0.708446142632675,0.323742423517546,0.524907288726976,0.195602609480248,0.408694252589561,0.141326857674955,1.89114703687366
132,"B_p40","gauss",3.44155322782007,0.119510383975853,5.99558013861174,0.874034564498073,0.950436634953088,0.800656434503017,0.931724737778099,0.800723000948971,0.933562504586955,1.0967134319151
133,"B_p40","gauss",2.63604535511165,1.06835743474894,5.13920353748696,0.941353757169969,0.567612192729411,0.88349571231256,0.435468833785105,0.846318005344139,0.384232284537971,1.74502532645103
134,"B_p40","gauss",2.88203314648256,0.167882480541106,5.27217806197766,0.921199067059721,0.922977607117456,0.847726309211506,0.887916112974901,0.822301908623392,0.880907234487552,1.52000615920154
135,"B_p40","gauss",1.47207567591578,0.328350692336003,5.23331808481494,0.990988782770756,0.851555788172316,0.97885804734567,0.778842035054165,0.972698273595557,0.762677906436078,1.63023369161874
136,"B_p40","gauss",10.932314239868,3.44664747939992,5.85828019135031,0.142698717937968,0.14721298531865,0.0650192304089923,0.0810731094327284,0.0605803666657836,0.0761123079473155,1.20221343662713
137,"B_p40","gauss",8.23608615958677,1.12882708156268,5.85181586196796,0.33617880396318,0.544037542719952,0.194908212110469,0.427860101014058,0.187246549175198,0.429109953128047,1.26546055147721
138,"B_p40","gauss",1.71953176582733,0.131147056505602,5.59933411474199,0.985133331108475,0.945769894486668,0.968584645906541,0.919796086620402,0.964438195341955,0.919300958004743,1.35583639245664
139,"B_p40","gauss",3.14737106939284,0.450674870510257,5.55446995669011,0.900788460252836,0.79429954871172,0.825773143447482,0.723396190096147,0.80618874654846,0.709712634745867,1.3875044593174
140,"B_p40","gauss",10.011493811865,0.229123720468354,5.40547612631981,0.199892329604029,0.899124348643219,0.0875814974249309,0.845996635248413,0.063132062543067,0.837987113949507,1.54635255315706
141,"B_p40","gauss",6.98354618379488,1.56063891116878,5.1796705355732,0.474798936030912,0.442113360884519,0.277836353233412,0.316305748823395,0.213781538221112,0.279608904071149,1.66031496445796
142,"B_p40","gauss",4.20144417118929,1.73578478968031,5.12457224816427,0.799031050475826,0.394528737415358,0.653091645109211,0.273102787782559,0.583814578966472,0.224985067580302,1.68009954641354
143,"B_p40","gauss",4.58918179464387,1.03984806739336,5.6793367322024,0.752659980689937,0.577468735175197,0.610183343749086,0.479263158480521,0.595130210410167,0.461677203395174,1.32824865137243
144,"B_p40","gauss",4.58947335138442,0.14634683840758,5.46697717294095,0.746447748517245,0.93718759424671,0.602102957247332,0.905034994244946,0.566685972696045,0.90047327318636,1.46661558230461
145,"B_p40","gauss",1.73938908353617,0.544026828376202,4.79835309094497,0.984728479169645,0.76491645888906,0.963247415840605,0.659426750517132,0.940518064847441,0.601860613290939,1.98442209683767
146,"B_p40","gauss",5.28850184828719,0.739505290948187,4.98856384920366,0.653982669446784,0.674555214908276,0.464319215563581,0.562454416317486,0.386908757590519,0.515489234150504,1.7334350555381
147,"B_p40","gauss",1.56805392111229,0.173125580849916,5.59702918574481,0.988689475544554,0.926553159956864,0.975901307063955,0.893770415077556,0.973437398735872,0.89418048170663,1.32694255745796
148,"B_p40","gauss",9.77311903764017,2.20396764891767,5.74000538323687,0.221825469243749,0.299561478027558,0.108538480628857,0.193722213778766,0.0922205378974977,0.180150043589009,1.35121210757034
149,"B_p40","gauss",11.6661406402183,1.1546366056528,5.49591869289113,0.118921031325361,0.540391687641098,0.0422899811286229,0.424490959730636,0.0303362534154458,0.398924562153924,1.47471644748958
150,"B_p40","gauss",4.07361002830569,0.0675650734632141,4.66752554829332,0.816234935078259,0.977613452269612,0.662115393824429,0.96232025148499,0.537963100819328,0.9520198484413,2.0086477889489
151,"B_p40","gauss",8.37963890543498,3.75722386382812,6.02230540539685,0.317260386820945,0.131315207941926,0.188000629269931,0.0732506266707115,0.193906259819387,0.0769463653453433,1.09951756235131
152,"B_p40","gauss",4.20581075315233,2.06452557474505,5.42650149160737,0.799608505753515,0.320673633788628,0.673368540475153,0.206137167754315,0.624150307528179,0.184312248815783,1.49156482044014
153,"B_p40","gauss",2.89895395241962,0.0791077962404628,5.67648773578496,0.923147064239354,0.971008433496994,0.858558281100309,0.95710518686764,0.849586858141965,0.954311924174036,1.33535356614923
154,"B_p40","gauss",5.85120062670534,0.846829089215862,5.46268124056916,0.600259891352404,0.644184505378249,0.424717967653311,0.536832972829015,0.379331003961973,0.516890723527569,1.47984815978591
155,"B_p40","gauss",7.50778045087664,3.77089134978452,5.11925258069015,0.400980024311793,0.115786048560831,0.219974271480474,0.0485699754028086,0.163500588786354,0.0342081873105031,1.64587100299783
156,"B_p40","gauss",1.82819516827349,1.35453479284884,5.421304879194,0.981464824765454,0.488604969992,0.960956612431162,0.362872074250879,0.952483891927636,0.335155826258839,1.50722030977559
157,"B_p40","gauss",8.94488640554867,2.77726524494323,5.33856484666682,0.274703143316154,0.220443627131356,0.126473401660723,0.120124672735792,0.0991866306450828,0.0951226138887175,1.57617439371366
158,"B_p40","gauss",1.87259628924442,0.0882763796075264,5.72143331892048,0.979629869638066,0.965201029283504,0.960362905503609,0.951309231749357,0.956566935938063,0.948145406673287,1.31737980685767
159,"B_p40","gauss",4.84327632296216,0.879578491955935,4.87928016110036,0.717663390526309,0.621948627686839,0.539860323550863,0.486907561115185,0.43705007648896,0.420983663133133,1.88416220492589
160,"B_p40","gauss",9.66126120736492,3.97403063188694,4.96805311271999,0.22497514780787,0.114567300664336,0.0840191588336742,0.0439189679024293,0.0496676303868464,0.0259048433644941,1.81480536128352
161,"B_p40","gauss",6.30619447485759,0.224974352224962,5.57710557804588,0.548298480185135,0.898791070694688,0.382404310825049,0.855234129496863,0.337855937384532,0.848559420040096,1.42717516043738
162,"B_p40","gauss",9.84739492847893,5.87191246616382,5.28045478982832,0.213354255768287,0.0398745143349636,0.0877929651322978,0.00880134851051184,0.0612362301198777,0.00605944095519251,1.63404134989626
163,"B_p40","gauss",6.22284994200489,0.261472353032886,5.07501169543705,0.541934383395043,0.880888191547419,0.351495511994508,0.823301232763931,0.27816769096287,0.801914198109681,1.68200934585143
164,"B_p40","gauss",5.57276498303228,3.13660523825255,5.7365792792263,0.630630766980168,0.17074995210418,0.471449470544142,0.0960399543985995,0.455477316382898,0.0887007655172023,1.29611123277699
165,"B_p40","gauss",7.98776531786334,5.69075402992891,5.82805786373646,0.352726028873138,0.0434501771100331,0.211671864533189,0.0159474164284107,0.203133406770251,0.0168405871155921,1.18799847924158
166,"B_p40","gauss",7.4842342554458,3.74129198578821,5.56016596210594,0.409399375577264,0.127469019098522,0.245728354832099,0.0567409721591191,0.214921841465258,0.0481783119661076,1.41442235073454
167,"B_p40","gauss",2.02963940652019,0.55432047529446,5.98283781250456,0.974347892741407,0.758896672601611,0.953416082836047,0.690387178365172,0.952396823563901,0.693660167274997,1.13532160676956
168,"B_p40","gauss",5.95138359360256,0.608073786744583,5.43106241640925,0.582711093605203,0.731575829031224,0.407207141755587,0.649190665785979,0.361895571329402,0.632026600288807,1.44613102864452
169,"B_p40","gauss",7.00076438658697,1.59421087674089,5.3323724034631,0.454663621516716,0.426895329160051,0.272898041546014,0.303253715219971,0.23097566235518,0.277633843256268,1.51984374024146
170,"B_p40","gauss",5.71389687018455,0.139469305044275,5.54356958398118,0.603091303113225,0.941219247094176,0.440107263650586,0.917421896926289,0.40934316122177,0.912298008200306,1.34580247014158
171,"B_p40","gauss",5.54143206479787,2.27531451053683,5.66370491057159,0.636379584632356,0.284788571211691,0.481639047992169,0.180744056847669,0.45010802106194,0.171891311433457,1.32774208132404
172,"B_p40","gauss",11.9843959764219,0.575996370151133,5.41799367533996,0.10350658319203,0.741539995064456,0.0342824124352513,0.660111017793323,0.0238219604422063,0.63482863367468,1.51022078254173
173,"B_p40","gauss",4.6998142367357,0.433634838640795,5.98782293691358,0.737181044161786,0.798531017546564,0.611002815499159,0.740452232063174,0.615556264909212,0.742163765653819,1.15145380917382
174,"B_p40","gauss",2.55688806078471,1.1952793813424,5.33179641000164,0.947937281993802,0.530563453900402,0.895457839843208,0.409123295614733,0.872132084853054,0.380810152474983,1.56583572270698
175,"B_p40","gauss",8.64468856558571,1.9193065071916,5.59252317176605,0.293861089866295,0.344489289201272,0.150482648682738,0.223630267830528,0.135360471570022,0.225400570500236,1.3338144616446
176,"B_p40","gauss",3.71913054657632,0.15891105463522,5.30263477146456,0.843987419745499,0.92845286012781,0.727410891052529,0.896758984994848,0.689504610635338,0.883796422094589,1.55783142411626
177,"B_p40","gauss",9.11018845404161,1.8902648306488,5.23329760532239,0.261631430548294,0.364347659495073,0.119799768751704,0.242297404832183,0.0837347805133544,0.213391178606303,1.59609284031979
178,"B_p40","gauss",5.34905464734488,0.501053089541317,5.72084468119768,0.65624467467765,0.773623077776424,0.50465691305095,0.702050469214202,0.485581585022502,0.697233617791784,1.26541623931964
179,"B_p40","gauss",9.13533571156103,0.591219147206221,5.14372292361493,0.260582673599087,0.739112172929451,0.113217185659935,0.641332595407448,0.0767497413783957,0.607820835821647,1.6748992866855
180,"B_p40","gauss",4.29215690113901,1.31417903217655,5.89345849343533,0.786256024983148,0.493929189836189,0.671588946093413,0.380708709057373,0.666497156561333,0.383219284110865,1.21776658167614
181,"B_p40","gauss",3.696835182828,0.849796101728527,5.74236964506578,0.852581566315366,0.637792162691733,0.755624648520279,0.537609913671864,0.741550718613253,0.528995755498744,1.31884816225007
182,"B_p40","gauss",6.79478231436556,1.93979246502678,5.33104207308411,0.487762763770133,0.347611189804096,0.300531242366077,0.229588891078905,0.251041046296649,0.199496076675243,1.55274714948765
183,"B_p40","gauss",4.4662593280021,0.431118048240508,5.34910993033623,0.774088315123942,0.808441660933065,0.627759566562338,0.737177958561834,0.571856676964966,0.724911163155695,1.51602760211079
184,"B_p40","gauss",8.04568745337967,0.272500082696324,5.65007967422307,0.359045029056039,0.882433657004663,0.204970920128725,0.835412481729238,0.179784268946459,0.831550240097748,1.33641891420773
185,"B_p40","gauss",6.98406804408287,0.142386046036182,5.33614035790663,0.461924881927855,0.943305207586769,0.279914415040509,0.910634713487887,0.23313494833274,0.902558334043362,1.54843498897991
186,"B_p40","gauss",4.50029497235674,0.257783165765704,5.71235754943454,0.761300245280863,0.881827440382235,0.632585953342735,0.837329532393134,0.613239345674935,0.836078464500039,1.28842376617867
187,"B_p40","gauss",14.6425556543913,1.49520952856003,5.57166388622046,0.0390727548974674,0.439338389141419,0.00980403536507812,0.323870388234395,0.00724412630486393,0.306635424903177,1.40596912623061
188,"B_p40","gauss",6.30693225727157,1.20854116958224,5.23826408189774,0.53549783238564,0.523993063841039,0.341792749562108,0.388831113024494,0.291258842369916,0.352142434533252,1.64060056978286
189,"B_p40","gauss",4.79927098245387,2.94200857663229,5.38159570144486,0.725399866683176,0.209501017878927,0.568075275613497,0.105188118940006,0.521225920969351,0.092912926610962,1.5204628307938
190,"B_p40","gauss",7.39011619757706,1.80842360655087,5.69999810152088,0.424745314471446,0.378614336753832,0.258290985262101,0.257456666622046,0.239349429186054,0.247777943265199,1.3434425331345
191,"B_p40","gauss",3.27445551985067,1.70728280900318,5.60804122838488,0.894105731809955,0.408930820839434,0.811785264153482,0.283108956328156,0.791884994025785,0.262001201361034,1.42602739704797
192,"B_p40","gauss",4.90813554343771,0.925019597091394,4.87243511013306,0.709318232784661,0.620927811839265,0.529197042674052,0.501612591386856,0.42708439203473,0.441785922126767,1.81139999041873
193,"B_p40","gauss",6.31438209686257,0.109438688248699,5.71945482974587,0.526214209926955,0.960825719261262,0.377734055013582,0.93981286985825,0.356004360547844,0.938599830217902,1.28285883923167
194,"B_p40","gauss",3.37561589964674,2.05952830606565,5.63624241389719,0.882593844882573,0.317969915630342,0.794918045158241,0.209383585656713,0.779544814256459,0.193190053810957,1.35649986894586
195,"B_p40","gauss",1.80065236439799,0.00927586214183578,4.91244625320144,0.982347954229518,0.998635133875904,0.957020090727553,0.997508345011656,0.938349524587965,0.996626019680171,1.84954862574151
196,"B_p40","gauss",3.31869512357838,0.343394628476475,5.61620304304754,0.883798104904924,0.837637072687187,0.798860116725643,0.780988175714098,0.786134361300313,0.772841566670398,1.33545094153106
197,"B_p40","gauss",6.7814855462315,1.44078573802138,6.01946968580446,0.487076947586704,0.470273633369699,0.335283113622534,0.362705521655278,0.340722192014568,0.380064475194732,1.09294074835366
198,"B_p40","gauss",2.45697517231637,0.204336171869642,6.17861927685489,0.953199001246852,0.916503713257378,0.921154975406638,0.883361833883034,0.924074803937878,0.894803565671707,0.988266791242547
199,"B_p40","gauss",5.43057949801118,0.890895995011386,5.45491316056895,0.64396081657983,0.61816898925091,0.474506301633968,0.506998306547324,0.436214098567665,0.485397653554944,1.46768327774395
200,"B_p40","gauss",5.69241971983582,0.268452084201445,5.60884989841683,0.621553332394427,0.877641479894877,0.452935607066085,0.82976278065268,0.421019398405455,0.818328502947414,1.42505556245604
201,"B_p40","gauss",4.25296427389482,0.325171422991379,5.21365796605749,0.790877543815942,0.856307465695855,0.65448805256546,0.793765239132298,0.58719122949021,0.764419239308792,1.66374307326352
202,"B_p40","gauss",4.62645614983775,0.211860150551904,5.0951553053642,0.743364684028326,0.904024566171449,0.584051718444864,0.860620514312908,0.507731245993153,0.845530228329053,1.65564920685152
203,"B_p40","gauss",6.46144421658751,0.47346947556794,5.33573888333511,0.51405456546079,0.777536540020605,0.331422688197624,0.685527616962691,0.287181314771193,0.666555548156155,1.56042991166242
204,"B_p40","gauss",9.45021266353424,0.616445671050728,5.5055191927199,0.247088543949853,0.728879429214155,0.11203235825713,0.641925960720639,0.0886078936999661,0.629911715812573,1.44401742470593
205,"B_p40","gauss",4.16435358615782,0.107498096386489,5.53245819775705,0.808423815571571,0.958940669423633,0.680232648193816,0.933942668782733,0.644400143972239,0.931587331187177,1.47902567480605
206,"B_p40","gauss",7.61249528522819,2.3618223298135,4.87390237629726,0.394513536331053,0.269780571105173,0.211210621800719,0.149924172636361,0.131021517308942,0.10401110798624,1.91772902205762
207,"B_p40","gauss",5.91243000307157,0.358021480707807,5.42876096917862,0.596506515511577,0.833130370395268,0.416902349270572,0.77333135423099,0.366538985232844,0.757904063603907,1.53288991413145
208,"B_p40","gauss",3.08848719729411,0.787777092271356,5.01178875382584,0.907001666653726,0.660663327739457,0.813872198897952,0.55259044555315,0.765259393183802,0.515224144305716,1.72072909958664
209,"B_p40","gauss",5.87179576666657,1.08082618832614,5.44392797808423,0.596515589584412,0.562413619146696,0.424173965912947,0.451313018688086,0.373953947436643,0.420224363059851,1.48944462611952
210,"B_p40","gauss",11.9299603737726,1.85677416632987,5.78847304768633,0.101983661308614,0.356273785776531,0.0399575309436146,0.250906395354025,0.0360696068815594,0.248640413904949,1.24588481379652
211,"B_p40","gauss",12.4023545048984,2.58236766925339,5.90972287428053,0.0885441289144749,0.250485489006397,0.0321607849717535,0.151446871957116,0.0323400935658551,0.157361630854759,1.18083714357341
212,"B_p40","gauss",5.65816056721841,0.25114721208732,6.03212788095772,0.625443126773409,0.891522241922179,0.484246829552463,0.850502871855157,0.483183821212223,0.855362250984261,1.135582943228
213,"B_p40","gauss",5.46864364370799,1.40872066334784,5.90695120327196,0.640539626348297,0.464920593529948,0.500540866001802,0.357336151379944,0.493167822909522,0.364207541241318,1.17249460858249
214,"B_p40","gauss",6.57512645097282,0.103533814589522,4.99418446977304,0.510972202822589,0.960026574573497,0.310804037209503,0.934062325316443,0.229494349819843,0.921905684607307,1.81861444177438
215,"B_p40","gauss",2.84669255032461,0.359317032698959,4.74145184145971,0.925714393325409,0.832403187338176,0.839711322633531,0.75640677164063,0.778020542925576,0.721836153129769,1.91544304642941
216,"B_p40","gauss",7.47855078633374,0.862640795664519,5.52238761482471,0.404478823223747,0.631345527119975,0.237557517286829,0.526361667168002,0.210928912264456,0.512240782744519,1.40639209779601
217,"B_p40","gauss",4.23606544845687,1.16513837111399,5.46712800425632,0.787351518958559,0.53148233433185,0.651413656027302,0.412022204395292,0.624623419306292,0.39355748971652,1.45438352242588
218,"B_p40","gauss",3.71263765617448,0.306897476495296,4.95959452591066,0.853649556704713,0.859594863049046,0.727182346430796,0.79426270764397,0.647293037811919,0.762537562109393,1.85805310529512
219,"B_p40","gauss",3.0351301715189,0.393979980353466,5.72290552084145,0.910526875388488,0.819176469268395,0.841321577237449,0.755846869289795,0.834614744352492,0.747641443046331,1.31827198141107
220,"B_p40","gauss",6.11722491933811,0.923991243099906,6.15708295497309,0.560356520426967,0.605523149430548,0.425036485585825,0.519366473387872,0.438346187272223,0.537959593794964,0.996387564004768
221,"B_p40","gauss",4.52299511099232,1.41986948370718,5.69735477537404,0.766394551340137,0.470726589853275,0.633901476796429,0.353607846834067,0.607950131783626,0.340380249844764,1.36500178561558
222,"B_p40","gauss",1.73900166166363,0.116298736471878,5.52383698625538,0.984224135777315,0.957733611551326,0.967023394125375,0.935823148613294,0.961603510059762,0.92989400692184,1.42672052366597
223,"B_p40","gauss",5.0732625096073,0.939622097783877,5.00968746198422,0.687771503666434,0.602733068349327,0.501565802691212,0.462255317824797,0.422425793343179,0.428430653615929,1.75764748934203
224,"B_p40","gauss",6.3186678794676,4.1293725052598,6.15280524494709,0.538399156355473,0.101465326250517,0.39839672322661,0.0539434518124731,0.412406322821094,0.061277069900832,0.986407352527817
225,"B_p40","gauss",8.74278148102342,3.26621240365702,5.41487381683875,0.296134806937426,0.165106020708382,0.14177744089256,0.0855918622115208,0.114685028713661,0.071935104555037,1.47085722741789
226,"B_p40","gauss",6.75333620814215,0.141683048050513,5.7013067729458,0.489802021512455,0.938144766668784,0.327897160449579,0.912330829859967,0.303263698116531,0.912049268464955,1.27047488014483
227,"B_p40","gauss",2.87987286146462,0.414877421650884,5.32303395175824,0.923775641863802,0.809420071913479,0.853926746171081,0.736086931569261,0.826163201013523,0.716755401098576,1.55295558439628
228,"B_p40","gauss",4.61876858778079,0.931946281949391,5.15154904884776,0.74896684487534,0.607899884726815,0.587317209616313,0.489081190084592,0.517380672358099,0.45446384963157,1.66644692793246
229,"B_p40","gauss",12.336784589609,0.813327253205473,6.34609616156735,0.0938538064675692,0.650800072410474,0.0443794973078697,0.571731573391075,0.0489488373459934,0.593042412042614,0.945186417890312
230,"B_p40","gauss",9.05512524183023,2.3300461804687,5.00253399435796,0.268064599487442,0.281945223968107,0.115193231918575,0.14057505954753,0.070994401715354,0.114697273894214,1.79843516996371
231,"B_p40","gauss",3.62814977106384,0.564667816806055,5.39636557101682,0.856855499527947,0.7425724716459,0.752063664579049,0.65245536186466,0.715826965579516,0.63699190823292,1.50354310851661
232,"B_p40","gauss",7.10666304045268,0.861746283750647,5.40643303154463,0.443735600781937,0.633868142892122,0.27462410872209,0.531736925027775,0.230338139543003,0.506934892906869,1.47017598886442
233,"B_p40","gauss",4.68584630532281,1.20891389283312,5.81646913114774,0.74425529702178,0.525284549069803,0.609379319408337,0.420691086591364,0.5974569174194,0.421711975269874,1.25676788383625
234,"B_p40","gauss",8.58647377938193,2.84783517280903,5.43734806063024,0.311485467926264,0.216568973518905,0.158593034457359,0.121408766264373,0.124976279672672,0.102093652593088,1.50783434341473
235,"B_p40","gauss",8.12097357619826,0.640541542574573,4.88906404036556,0.336423097288535,0.710770562238154,0.165197898339925,0.6053700952752,0.102502288904746,0.564199313069196,1.76684652217882
236,"B_p40","gauss",0.444452385062359,0.025283886569385,5.95417848320285,0.99989992348473,0.993298681054979,0.999778386315742,0.990069629967048,0.999768157651995,0.99007690122256,1.19163796617578
237,"B_p40","gauss",8.78437033961345,2.50147135081195,5.3423808972657,0.270169819337694,0.251376161253137,0.134436485071501,0.143680101612851,0.106754501308919,0.131577013052462,1.46852843421283
238,"B_p40","gauss",4.45966658832593,1.65769548060117,5.22758349067476,0.760634522932588,0.400195264348573,0.613638470945325,0.27363922111099,0.554737161528015,0.246855755639917,1.57780115416973
239,"B_p40","gauss",4.01213169431681,2.01375152509972,5.76163954956733,0.818213492882326,0.346633019772544,0.710568714989892,0.244088489459533,0.69561579795235,0.235493210043027,1.2605983894247
240,"B_p40","gauss",5.14783859318691,0.024225899752889,5.45445331916723,0.686831985476572,0.99445630532792,0.524448853379532,0.990950787700951,0.478353076674141,0.990447677020611,1.44288544088249
241,"B_p40","gauss",5.86065001121646,0.26137066731844,5.53256269153064,0.598681788608388,0.883152086948292,0.419280741307261,0.833905390046702,0.387736756846187,0.821324405871586,1.46609990935596
242,"B_p40","gauss",8.64039781102353,0.241204201151648,5.70253161998732,0.305015615743758,0.897933765836028,0.167110562951611,0.85417907158603,0.145431508092652,0.84914019075846,1.36539993470746
243,"B_p40","gauss",8.42681096498296,0.113582628699774,5.28026571867793,0.319682491956445,0.953621894776919,0.166152051282197,0.932247912813409,0.119985190240522,0.923195242408904,1.56416067171578
244,"B_p40","gauss",3.30371603413995,0.997108088497594,5.52924042079161,0.890783992298774,0.58331567370987,0.803887122102541,0.469694903435339,0.78106262367707,0.460043595781023,1.41599482980237
245,"B_p40","gauss",6.15561303878291,0.178953051812111,5.77426243748011,0.567013540166899,0.921823052176154,0.402450370412121,0.894014327068015,0.383261596206181,0.891761712575989,1.25836437058347
246,"B_p40","gauss",2.19889693237879,0.760532996401304,5.26598413655574,0.966251343296855,0.672908763772671,0.930428924150326,0.571690102147769,0.911812915310049,0.540499259837482,1.5854468154423
247,"B_p40","gauss",13.0469001312484,3.36641170009883,5.68463377296934,0.0704309438979813,0.146125317940864,0.0235768649183872,0.071244982744343,0.018890988802444,0.069705969884408,1.30716056244328
248,"B_p40","gauss",6.94090171719598,1.9897372807022,5.34415105373758,0.456085710990453,0.33893431202237,0.283043668116401,0.218997828188201,0.238269959649097,0.202273639802252,1.47979334498743
249,"B_p40","gauss",5.4047260212961,1.0636852957072,5.47868490605791,0.655848933560124,0.566467044765922,0.481136445598275,0.459742660481158,0.443737976095771,0.444688098402461,1.40774748510558
250,"B_p40","gauss",5.3974130241733,0.348373920685737,5.10535581636062,0.654707054749472,0.837036967714233,0.47167634513175,0.772676332484831,0.389592017315234,0.74977611274939,1.66782760272447
251,"B_p40","gauss",2.48847755466066,0.677897827091256,5.23044658414551,0.949425296817286,0.702527336471806,0.89699814519316,0.605365086045107,0.875061095531764,0.581785134466242,1.53788076835091
252,"B_p40","gauss",3.05953691099589,0.0599246612259973,5.27458040254049,0.90503370469041,0.981373489855221,0.827986183672252,0.969192659931779,0.795183895250783,0.965852559423385,1.51561227743757
253,"B_p40","gauss",3.65354529085293,2.04871714396062,4.91957783964997,0.850418973865777,0.324230717801906,0.721548042323679,0.205945554304466,0.653478175031607,0.157666931257261,1.76080436938853
254,"B_p40","gauss",5.32507537657443,1.4788855690651,5.54431808238398,0.662991304833404,0.449993530909184,0.493384068462915,0.332474797227931,0.464553662786119,0.322343147356264,1.40791728954141
255,"B_p40","gauss",8.32385273555416,2.40201920927885,5.52998995445029,0.317662836711733,0.270899937074398,0.169148883721025,0.169971223720182,0.149203762884845,0.157410525135348,1.37372733160511
256,"B_p40","gauss",4.51517787431877,1.64103378009781,5.50743386928592,0.766598655295361,0.415842724405406,0.62962948384619,0.297885549954162,0.584488842693046,0.27599396910208,1.47000265653153
257,"B_p40","gauss",3.11652226712489,0.158242797196185,5.2592778004021,0.903243117190385,0.931846039767988,0.821767657029826,0.8968170975411,0.785171987299108,0.892513753535567,1.52357779686265
258,"B_p40","gauss",8.42931732519978,1.74913795638778,6.0276151718349,0.318691351417159,0.388486546556748,0.189004278021057,0.279481320755196,0.190879012800688,0.295563968834409,1.1158397701552
259,"B_p40","gauss",2.79065206267795,1.77259775444904,5.88756956687373,0.931571361288129,0.379474427910842,0.878990051838143,0.266669464340855,0.875631110191329,0.266429392255084,1.2579106989691
260,"B_p40","gauss",3.99051528204974,0.266415441435242,5.33536723214574,0.825132147935783,0.88114397978699,0.70194341724479,0.824453543991366,0.64814562949641,0.810462304121184,1.59846191960888
261,"B_p40","gauss",4.03321754355351,0.761372891013449,5.26793224494784,0.815713460340835,0.664407548953103,0.681602761578092,0.569234280176986,0.632654795765006,0.52855723201786,1.60147855661981
262,"B_p40","gauss",4.31303495650204,2.87296248903969,5.75386848816279,0.775715556725838,0.211056253606743,0.657976086937128,0.127993844836453,0.647731505391769,0.127721610337219,1.20255888643087
263,"B_p40","gauss",7.82865994127505,1.03396796415412,5.44237101124031,0.36846324972095,0.571617240792757,0.202066024386281,0.448743223805967,0.174210696209916,0.432621410057019,1.4826163042799
264,"B_p40","gauss",9.92724530768112,1.29861680059761,5.50955571113304,0.200586071375167,0.497675793534773,0.0898119198395854,0.386525967650399,0.0715073043997277,0.375224976610123,1.37906247445143
265,"B_p40","gauss",11.4486094918948,5.10301596328283,5.31933021416986,0.129383237632849,0.0638156800417911,0.0428597804330431,0.0197664380901252,0.0279089856164043,0.0153465045204191,1.55932130959844
266,"B_p40","gauss",4.83813650107515,0.0421309695847617,5.89955455211568,0.720564988583778,0.98833354415885,0.590491676422194,0.981022064533427,0.584525100542259,0.981282151094156,1.19465390270406
267,"B_p40","gauss",4.69963012623924,1.90111063971599,5.70271752427475,0.741401867765071,0.359366142438891,0.610751290479474,0.244052702412051,0.581094485581109,0.240125262803014,1.32571426908898
268,"B_p40","gauss",8.94084176868621,2.88165038395787,5.41624310718315,0.271449826994054,0.205810672144145,0.129402267892295,0.109775628958603,0.104904867362563,0.101660626576116,1.44609039427691
269,"B_p40","gauss",3.50733493205027,1.20846935228082,4.83549558917408,0.864656851457346,0.517594511931248,0.745098497111177,0.376718232120552,0.667962222023588,0.318305509698716,1.85535182151667
270,"B_p40","gauss",6.80980392212552,1.75385900955002,5.56246741233554,0.492623049215933,0.392979311727678,0.315512490843488,0.284317968265102,0.279212087677101,0.269388211979965,1.38083412942551
271,"B_p40","gauss",4.32526564317225,1.50522095917071,5.12396232533011,0.779263820017981,0.437368447430746,0.625298122458336,0.302969827542408,0.562163440157749,0.261650816462398,1.70064949848769
272,"B_p40","gauss",10.9555448225367,1.6229864792158,4.87573739776543,0.151160070629841,0.421188649654329,0.0481216699841857,0.286395606344642,0.0218336433728061,0.220532724614679,1.89664755009937
273,"B_p40","gauss",1.94559252156028,0.444606050878071,5.73287039142883,0.976698593888821,0.790027170003053,0.954995744401512,0.727439976389811,0.951674632028026,0.722689991564577,1.26524333020236
274,"B_p40","gauss",3.94603583362046,0.248830774970696,5.68886212342852,0.825954142914846,0.892741514326124,0.714695003429726,0.850149030646795,0.697989870145915,0.844005345408024,1.32676234065016
275,"B_p40","gauss",4.05461632273093,0.256905253719855,5.61837815788955,0.815238509604524,0.882569199875832,0.699626991382501,0.837479274066037,0.672584073385929,0.832037608886486,1.35659644938752
276,"B_p40","gauss",3.46846649945367,1.31624324367237,5.21488810130599,0.876343057924309,0.49296081425006,0.7700362893493,0.369951099886506,0.722996802474067,0.331122411117822,1.62012280670107
277,"B_p40","gauss",4.44141974083712,1.07394675336619,5.07929514377952,0.774555634151793,0.568745094461577,0.611559053084052,0.446488056891967,0.536811943743277,0.402621520422291,1.73089741374091
278,"B_p40","gauss",1.07984452578973,0.587750610502548,5.17541394448783,0.996838108360247,0.733699780340308,0.992368175984651,0.635145318288064,0.989796699513073,0.615668072040357,1.58903533701118
279,"B_p40","gauss",11.8026329896131,0.536598633707201,5.60997908165183,0.10963657672929,0.757544882763398,0.0381070760385537,0.676606739698047,0.0319058556878389,0.671147463210734,1.34249632761262
280,"B_p40","gauss",2.4590480082161,1.37336508222802,5.29674311419528,0.951964290539753,0.47878093065012,0.90406874420425,0.377011863503596,0.882988629364023,0.335485184711614,1.4985099452729
281,"B_p40","gauss",10.2997072082164,3.66665258216226,5.72361286645202,0.177683784175996,0.133008531513357,0.0797843205420599,0.0619886251965793,0.0720674595969667,0.0609700856733689,1.32371407368097
282,"B_p40","gauss",7.32532847173935,3.065151540539,5.70740009515888,0.42931218278353,0.190777970558655,0.271822039895212,0.106851423670605,0.246208288895516,0.0999627584082151,1.32612922275439
283,"B_p40","gauss",6.68908256495519,0.818910504988732,6.10432345437878,0.504820309916366,0.65413573732116,0.355203743281422,0.5763333082573,0.361988149607728,0.579077390507143,1.10566346403265
284,"B_p40","gauss",3.91410349074183,0.658748393863278,5.40619763513956,0.826564699844058,0.714653258465317,0.708513770734234,0.618892397714441,0.67058450263852,0.599638036040364,1.47657251509948
285,"B_p40","gauss",4.64807996694464,0.209893975847144,5.30537950383623,0.745639935078396,0.905517673338534,0.589956995618555,0.86222341723911,0.534883960043043,0.848108833230672,1.5877803705399
286,"B_p40","gauss",7.13386707119848,2.56321513311795,5.74357286285469,0.436618395940067,0.24299516384953,0.286425557372998,0.14713712080006,0.268946959289353,0.13591239754221,1.28530329717789
287,"B_p40","gauss",11.0805170155727,0.634166490150407,5.95631777046914,0.140019802074617,0.720959772448833,0.060492599800123,0.633302652801541,0.061422372647743,0.642553747951669,1.18454784250342
288,"B_p40","gauss",4.00445013067056,0.292170515480354,5.30423103508795,0.812291483684637,0.870329216202242,0.689500757978913,0.815257976437057,0.642010556132691,0.800310721157947,1.54224221416223
289,"B_p40","gauss",5.76281785252884,0.274427580967111,5.27575038140776,0.604194574737456,0.875359905152635,0.419179294836088,0.822468647083191,0.364194129631509,0.805444848390212,1.58715632020009
290,"B_p40","gauss",2.69736141905147,0.211491636159271,5.25342629142334,0.935693633523161,0.903724991088318,0.870831813967425,0.864396346267048,0.847213356888137,0.849133260351244,1.57251607580038
291,"B_p40","gauss",6.09319186621345,0.174015006854994,5.62481153050583,0.568299271403746,0.925699257900097,0.403767531365641,0.898072781418983,0.370779641449822,0.89141824354382,1.32788122103074
292,"B_p40","gauss",3.22297133219656,1.22896437747099,5.69234288580162,0.892031026364253,0.507454496292261,0.82143620368636,0.396261667157002,0.806723690195055,0.396508378497102,1.28109880666179
293,"B_p40","gauss",1.54024648708219,0.0362157465568979,5.73699665168148,0.989589758784644,0.989617521739577,0.978602838361381,0.984000412025477,0.976635651091823,0.983418252269662,1.29961702958942
294,"B_p40","gauss",4.1794369451617,0.446126284013879,5.31364665624138,0.802612950433718,0.795062048931392,0.66325665212848,0.71596672151834,0.613849898937493,0.694695657047385,1.58686496232463
295,"B_p40","gauss",6.27870667714063,1.02137356088078,5.61559834222927,0.554551247273005,0.583617675371628,0.387835345633329,0.470892014415042,0.346283944771771,0.446549761901917,1.44605421986773
296,"B_p40","gauss",4.67321466902194,0.643656296164155,5.5161135204406,0.73893960065137,0.706154183436118,0.593990160843658,0.602806616143485,0.559242697978595,0.586426345586264,1.47671628229273
297,"B_p40","gauss",6.00601093366697,0.505173676141774,4.84996231555215,0.582115958405628,0.775358257064521,0.368331583791738,0.677589605849538,0.271148678401355,0.623627121768085,1.94221933747661
298,"B_p40","gauss",1.41387785783568,0.14282937982393,5.72289458903178,0.992346576887758,0.943176997988915,0.983924861814837,0.916495325079957,0.982217373245815,0.910797670745232,1.33250535485311
299,"B_p40","gauss",5.79722714898391,0.734811102324145,5.56294242897793,0.612536539530754,0.677799140027373,0.442542970999925,0.587203261504237,0.400575040538856,0.558906158751376,1.46035798203129
300,"B_p40","gauss",4.09385369805156,1.41501684652702,5.61019120009848,0.812885454079887,0.469872728393136,0.691831538180443,0.356344217033489,0.665146990999014,0.33681360583462,1.36950402266321
301,"B_p40","gauss",4.63574002697302,0.859023236731196,5.68121144536992,0.747474288640067,0.635851506507643,0.614785012603121,0.539377772567582,0.588302597012524,0.529721393693452,1.31446920045623
302,"B_p40","gauss",6.46065858156762,1.71608181720254,5.63546144968121,0.520195519008174,0.393117930720086,0.351867249029787,0.278940804197369,0.327493697022934,0.273188287246583,1.32533376708692
303,"B_p40","gauss",6.63485092164905,0.274010190315244,5.26245625316253,0.504716836663309,0.876313767224326,0.322333851810627,0.819813647006738,0.258571185057957,0.804854604599878,1.58881204091234
304,"B_p40","gauss",7.01771214886855,4.58854549338855,5.41090165452888,0.451560203721788,0.0793706263411195,0.277732429435435,0.0277433849121613,0.239381454456847,0.0211462688231361,1.5037216213183
305,"B_p40","gauss",5.02191377241919,0.513667239723997,5.0085246728693,0.697935438682087,0.764236199579707,0.506774736072589,0.673141292620767,0.430791481480221,0.644099709661018,1.7371404457472
306,"B_p40","gauss",4.28246331692773,2.15687820474947,5.93135623962325,0.783174350434708,0.298206444140845,0.679177648857676,0.204369649596291,0.672945617528448,0.220632185378389,1.08931576640731
307,"B_p40","gauss",2.6715466637458,0.647180041748807,6.08279356072965,0.939674900937467,0.713519834293467,0.897140404550543,0.636430275017294,0.899264717606281,0.650974418555698,1.05951582510428
308,"B_p40","gauss",6.21108979167178,0.487165425550309,5.32725972732047,0.552347722727343,0.779169885507745,0.361365258299673,0.695133687518012,0.314926811567416,0.678969620867072,1.55506073447618
309,"B_p40","gauss",1.53596670103637,0.739463974451491,5.51963602130151,0.990040277106695,0.681236410090858,0.978028252792097,0.570122020335341,0.973722775303318,0.555233953971122,1.50083136154584
310,"B_p40","gauss",3.37310619540608,0.211770666711035,5.62499890011603,0.881983128394632,0.905426245494942,0.79470176056274,0.865247199815244,0.778662936556175,0.857518434422788,1.4034373363669
311,"B_p40","gauss",8.70143986266224,1.24410415465391,5.0979464103246,0.301009831861882,0.519023658023457,0.140813480438101,0.384390885528154,0.0917879501532213,0.332997614791721,1.73998472076667
312,"B_p40","gauss",7.8644311257263,0.0125378773729808,5.40399671937802,0.365158472099407,0.997502967333827,0.195807449904126,0.995819085042072,0.167802339854091,0.995498527896675,1.46264855836906
313,"B_p40","gauss",4.79481164793377,0.580802193771056,5.82666118546229,0.726523943620482,0.738006065836339,0.594006009624513,0.660567350302718,0.582183478196284,0.662466689676978,1.23629426313462
314,"B_p40","gauss",4.10318587865671,0.857030240097093,5.15981333331754,0.806662771819765,0.636661058658343,0.659283800862997,0.515261980562351,0.605957620636253,0.482636013646401,1.64560380101914
315,"B_p40","gauss",8.82801869921457,0.369412624108792,6.14140991619415,0.283450976242612,0.834580061904036,0.171172616488665,0.785902440991738,0.174435868914933,0.791064303888356,1.05419075910889
316,"B_p40","gauss",3.32802345775051,1.02514658992491,5.08623961465848,0.886131370137598,0.571482577065204,0.781086928060862,0.436530936122985,0.731585850089493,0.403960783754487,1.70969271067715
317,"B_p40","gauss",2.04635235142318,0.189535767581313,5.85638623195782,0.973476811932363,0.917524066412454,0.950317008802371,0.887166043165109,0.947330553737133,0.885763331972838,1.23195096767912
318,"B_p40","gauss",2.63727974851029,1.54463078756587,5.74947997733353,0.940845503352742,0.424908270244488,0.890860068838454,0.326557568928427,0.886585496450433,0.325149476953739,1.21269849721568
319,"B_p40","gauss",2.87988308033904,0.22329873542791,5.47979441914801,0.92259311458455,0.897270596635347,0.854623569106811,0.855897108695533,0.838940907149358,0.852816282911439,1.3493072303312
320,"B_p40","gauss",5.47836996323022,0.495762709810407,5.98095667764475,0.648353693705081,0.779226952956921,0.508872894764962,0.711501796361515,0.501460401152368,0.717839361991947,1.14410169283468
321,"B_p40","gauss",5.79523310383265,2.31997631468383,5.85337220569884,0.61043424902592,0.286397765524776,0.456647468799238,0.183042618441563,0.440874710366207,0.184359767830317,1.2600606129412
322,"B_p40","gauss",11.209006856282,3.33501141576956,5.8939582941716,0.129165572514514,0.154060095140887,0.0558355606388973,0.0872366339784667,0.0552038682308023,0.0912199750530218,1.15652006642978
323,"B_p40","gauss",4.42790549147,0.498972923012705,5.54677268120832,0.77031536038523,0.780901400724328,0.634093968245158,0.704580181494119,0.604135377272767,0.698131948571274,1.36531590053755
324,"B_p40","gauss",2.07837091795674,0.0688285339185391,5.11778019868074,0.971957515399494,0.976505981745505,0.939546628923951,0.960587560905442,0.917887992015026,0.954214521281444,1.70576958488399
325,"B_p40","gauss",5.74479904400151,2.84133261093674,5.86325388847089,0.603718217130492,0.207714377298104,0.453392135316426,0.125255586815792,0.449028198527857,0.125652769876019,1.19142458429133
326,"B_p40","gauss",6.91096882208136,1.93204068452987,5.64293117852221,0.474365361312579,0.348642579186691,0.305769594940861,0.244449426352545,0.279023062264088,0.231230216012041,1.3468036055766
327,"B_p40","gauss",3.65741763576596,1.70886679966283,5.41159097220069,0.857949253376693,0.405924750778562,0.75813805198216,0.29651543497691,0.713942975763487,0.261638737981476,1.48043627033304
328,"B_p40","gauss",5.86628072755754,1.66957634333868,5.42900210583487,0.597778551642002,0.405490575392712,0.417601936896629,0.282599207677461,0.372567117220466,0.261116498019189,1.49933664249067
329,"B_p40","gauss",1.78292096052538,0.419860949292773,5.57732288717415,0.981565933848791,0.80160436130856,0.963516460330246,0.743220530573509,0.95950882486275,0.734790680879521,1.32252497730909
330,"B_p40","gauss",4.86899876556879,2.26638979870828,6.07262394470326,0.721488781995529,0.299136185001109,0.59664576260036,0.206364550086764,0.601151891765534,0.212177610288619,1.08892669543798
331,"B_p40","gauss",2.97619821968716,0.713728821098788,5.60429296723329,0.914173270537026,0.684484602750137,0.849769134436068,0.605286421976251,0.834455884291405,0.584898941392391,1.31905454644415
332,"B_p40","gauss",2.03689884958469,0.0430689166709085,5.09542977624938,0.97338283510088,0.987355815635055,0.939925204058548,0.97813293433475,0.921696519287066,0.974647991042869,1.69987768708791
333,"B_p40","gauss",6.2587503000766,1.25821808461345,5.78107173851783,0.545797883929255,0.509671918717262,0.384471069342655,0.415507648401548,0.371270313659504,0.408150513933447,1.21962651622431
334,"B_p40","gauss",3.89582500442468,0.292588781651601,5.32570620069699,0.833924756938447,0.864992964369236,0.710700868216066,0.802878287986931,0.663228041368863,0.7913916310553,1.58823760895216
335,"B_p40","gauss",3.47750737416375,0.136394531410611,5.62743948334284,0.872580373344959,0.946992606566533,0.783433272898642,0.922944026103238,0.764461113918105,0.919863143194341,1.33604567946092
336,"B_p40","gauss",8.41754659390662,1.72848838505816,5.2233280050335,0.316171118038079,0.389617647072917,0.157206958703489,0.258841221005056,0.115912392520128,0.22105878555885,1.63211950348468
337,"B_p40","gauss",2.20818858606498,0.207428142984064,5.00683040004639,0.965319663618146,0.910113717179964,0.92648112509509,0.870565953043126,0.897869033404925,0.851925034976618,1.72014241674255
338,"B_p40","gauss",5.82557838601142,0.457574475925731,6.32619208362522,0.602507243410696,0.791489329429312,0.475430450038855,0.740309638137155,0.497552861611104,0.748681276281713,0.958598106596275
339,"B_p40","gauss",3.79891918373861,1.47868911556842,5.59431668551876,0.841703872288648,0.453994146645629,0.734291897778353,0.320522221354827,0.710551978375942,0.316157371358841,1.39349765969905
340,"B_p40","gauss",6.69943163077851,1.68834756157028,5.26399091593811,0.4906176313013,0.395444936590985,0.309796950880201,0.272671206192855,0.252050086837261,0.244397475205467,1.55644920451882
341,"B_p40","gauss",3.23254509326951,0.309247051749923,5.35980556520296,0.893722136545335,0.862675721336776,0.806703245560506,0.802546035407557,0.775697864050935,0.787401853347933,1.56121578140618
342,"B_p40","gauss",6.98746720504953,0.444512213566504,5.67629450503382,0.46696770231242,0.799994916490412,0.301570299814787,0.736997249362806,0.275212521754117,0.728015056908019,1.3223340145695
343,"B_p40","gauss",4.00237272774574,0.129654452530824,5.32480536560737,0.824060672282351,0.948781489266006,0.699306159579122,0.923817926919893,0.645834280724352,0.916553253240931,1.54315593522752
344,"B_p40","gauss",3.56600979695021,1.33262356210401,5.54295731979141,0.862569838242857,0.483565471710294,0.76157917383105,0.35941398109561,0.741514907725417,0.34224646944781,1.41532455665222
345,"B_p40","gauss",4.47622312886797,0.476518264213551,5.70710412153898,0.767044179385644,0.781231072596578,0.638749569860365,0.715322044023403,0.61617083482002,0.702502717190241,1.33563965218186
346,"B_p40","gauss",4.11399811468748,0.477613113733286,5.7662301835139,0.812181232937321,0.786184298019403,0.697881463819712,0.71353954582986,0.679923411087291,0.705662727012323,1.33959843321419
347,"B_p40","gauss",6.09723497182577,1.6001211017824,5.61267307365658,0.557005970254995,0.410206523832439,0.397728571844455,0.311245673113662,0.368581175292464,0.297968681379093,1.27565101602793
348,"B_p40","gauss",5.52569154980309,0.0975376607598185,5.58832755686357,0.64568411627443,0.963448752545383,0.488128534282527,0.946220393532485,0.441947146689487,0.942796365763189,1.41067110004904
349,"B_p40","gauss",5.93752890391443,0.0952461617315871,6.13253257749128,0.592282063595758,0.963891492301901,0.454717698136992,0.948333195240234,0.458322163671438,0.949684790945559,1.09679424111004
350,"B_p40","gauss",5.81292979509346,2.4579625798984,5.67335201900748,0.600228983807722,0.263934264392508,0.448547412837128,0.159001670495755,0.4138684127594,0.148406732771784,1.35620804714738
351,"B_p40","gauss",7.08169300016691,3.19107723707611,5.31878738590576,0.447509114052943,0.167190398659525,0.275076564944062,0.0799686097547891,0.222007666759985,0.0647406085215163,1.54375089096169
352,"B_p40","gauss",10.521832998118,2.03284684516803,5.1738156653966,0.174003566798168,0.334312284690838,0.0599300219946119,0.216630593567787,0.0390599699753547,0.179632933317541,1.66269676908036
353,"B_p40","gauss",1.31488063082128,0.202039359353145,5.24702858725204,0.993833587084098,0.909108044190285,0.985067462204025,0.866735524922773,0.981135780081329,0.853822080794275,1.61138672299947
354,"B_p40","gauss",5.1481082055393,0.447519195112266,5.44539448733623,0.681021706764505,0.794291293668929,0.51739206008269,0.724252465541275,0.47598949334891,0.698836643165859,1.52873871288059
355,"B_p40","gauss",3.25048214053387,0.0892601533874631,5.47210100452708,0.896500132814646,0.96904752676629,0.814612067371354,0.952816952837784,0.784676171091055,0.949265022458685,1.44290894209227
356,"B_p40","gauss",2.98246560450017,1.55280691242491,5.47460959429019,0.914431032588901,0.432603975601095,0.844652364961639,0.323271459308031,0.824338041772443,0.310352141956397,1.3599099168273
357,"B_p40","gauss",8.785917028926,1.56220906367678,5.48219842317438,0.290945722230245,0.431886704227216,0.140576278545163,0.316128882170128,0.118284018747674,0.282955681519034,1.50113165911223
358,"B_p40","gauss",5.76105690459604,0.491902775736042,5.56625454320545,0.60810483954083,0.780497844320306,0.435499796768768,0.701289989287896,0.405926590292485,0.690027115007797,1.41030714942423
359,"B_p40","gauss",6.85681138167793,0.445860055522273,5.98908877380055,0.477293379425009,0.794259119921564,0.329372813755493,0.734746020628553,0.32859745507875,0.741264934897621,1.11235190860222
360,"B_p40","gauss",4.74192405164892,0.603054073144904,5.59423045066263,0.732623161902892,0.725612157661839,0.595190889669573,0.648130043637176,0.560391719428359,0.638002307639769,1.33501901763119
361,"B_p40","gauss",12.032921264687,1.7352938733024,5.30726724770992,0.100471932023597,0.395063679554625,0.0303267417482092,0.256515097557821,0.020447999359225,0.233272422008808,1.56322197611434
362,"B_p40","gauss",9.6774101075627,0.17918160653042,5.42941199095859,0.220075612359149,0.920265963149108,0.0907502389443056,0.884764169898893,0.0755939203653541,0.874686166729143,1.50055284128876
363,"B_p40","gauss",5.84882529624008,2.99101880509782,5.34727791681861,0.59040328415612,0.189618112999029,0.407879468890657,0.0955550571851691,0.36310699674433,0.0770867791301557,1.55016636544787
364,"B_p40","gauss",15.2710533378094,1.76679849282054,5.7347877875255,0.0310974311772125,0.386680786499615,0.0078830765390614,0.273640407503862,0.00651283745669562,0.268155429382121,1.29312013905405
365,"B_p40","gauss",4.98644293052939,2.22119846011518,5.98814384600322,0.699373498820808,0.303667658784597,0.569894360208997,0.212788288718187,0.573675426256778,0.21761444831323,1.11014474189115
366,"B_p40","gauss",5.20739726036494,0.237084230855668,5.51410811073639,0.686192169526033,0.890906867137253,0.518091964114633,0.851194280382694,0.477670739309219,0.837619345324329,1.47594583832619
367,"B_p40","gauss",4.02051747928992,2.44420948382137,5.29257167257839,0.814225821446173,0.254625324275574,0.682585239134774,0.140102879274609,0.637613287505765,0.129374938751804,1.53420000243051
368,"B_p40","gauss",4.66132092461969,3.79820689340357,5.49404975033485,0.742916361968026,0.12426158618081,0.585660688521331,0.0576745244142451,0.559397737607074,0.048389332251664,1.45666336929345
369,"B_p40","gauss",5.82204945984096,1.21418662906176,5.07914495188653,0.59631309045926,0.519090813043939,0.403182088837129,0.391621404658827,0.327608290678837,0.359817508468892,1.63901201811468
370,"B_p40","gauss",8.36492818512506,0.115180370029671,5.51758299097556,0.324981269143738,0.951428110484956,0.17545656174685,0.928971865696666,0.145513497322375,0.924699519859794,1.42663622959435
371,"B_p40","gauss",3.58979329691016,0.71547908426112,4.86618901688236,0.864848394250244,0.692397787521409,0.734650327937875,0.573871501029618,0.655426305001585,0.504791039753894,1.94976975076817
372,"B_p40","gauss",4.2676000657664,1.14589302272303,5.4661419865941,0.790724716020219,0.535391743880408,0.657054380796233,0.424455293341246,0.61950696920558,0.399182924941056,1.45718845768738
373,"B_p40","gauss",7.66073847740544,2.04588517964538,5.87482518704334,0.405283218515145,0.33527284968507,0.251775005152749,0.2272967092147,0.235526978016887,0.222692107524628,1.30664282660804
374,"B_p40","gauss",7.91066057146853,2.66348319689612,5.67927457829476,0.37933121797892,0.238153331910664,0.219619882445188,0.136232281562382,0.193029083138549,0.137194036566458,1.34383276763497
375,"B_p40","gauss",2.89651644346573,0.189132487919408,5.28589064292283,0.918723900777463,0.910544934380526,0.841669826435347,0.874239722043623,0.820372834703607,0.859325627213698,1.55420675610599
376,"B_p40","gauss",5.95587576666542,2.47141528409968,5.80214329725137,0.577621144319367,0.264248895512278,0.429497930627082,0.159000420151791,0.412391825076032,0.157126949211163,1.25259908605406
377,"B_p40","gauss",4.50439063896847,0.269626305185416,5.25830007333402,0.761947579733358,0.878299620949528,0.607148099819153,0.826608409892564,0.552060627501745,0.808968774753655,1.56626753067501
378,"B_p40","gauss",10.4709191681607,0.477035253730284,5.33682555280886,0.17101687040322,0.77794271919147,0.0677713021190481,0.704195708688085,0.0472748323090278,0.681307128255244,1.53171844214406
379,"B_p40","gauss",7.48509106986818,3.41867993229597,5.6829309632777,0.405592137380085,0.158387364549377,0.252700257664457,0.0859462544415106,0.228804620396337,0.0817969891355593,1.27395800166986
380,"B_p40","gauss",10.2082860369477,0.108354562185662,5.50400308899685,0.185295978849179,0.955148334692472,0.0806331801589822,0.933839330627813,0.0622594775767878,0.931524060222201,1.39314599715632
381,"B_p40","gauss",7.83443340769511,3.11895214128176,5.9139380746097,0.368532495726655,0.185306273414917,0.225802898054003,0.106258988098617,0.224906998924846,0.109697814916074,1.17399020088957
382,"B_p40","gauss",3.62531716259595,0.976288852871158,5.13303131751515,0.85567107681325,0.592423914550848,0.740516513458507,0.465034931297569,0.685882140551829,0.437654842257061,1.63635228206945
383,"B_p40","gauss",5.08928064588377,2.35347906578606,5.80165130961573,0.691971488384143,0.28025288132839,0.541566743441828,0.184058488128812,0.534806796063651,0.187369434913309,1.22280392239869
384,"B_p40","gauss",2.25262189896986,0.823318617629413,4.71840100618983,0.964968287179785,0.648428610819133,0.917388797875414,0.51783005347662,0.872035654276257,0.434817257508273,2.02544224213876
385,"B_p40","gauss",5.29720738895509,0.517802234909504,5.26283064072439,0.664702524337893,0.765377518878495,0.484623984697924,0.681361530962995,0.427704143966063,0.659166321742808,1.57029312329357
386,"B_p40","gauss",5.75368797406347,0.246860133208514,5.30096244440291,0.606698633404349,0.884692582173022,0.422997923623967,0.83358813386437,0.36874242229713,0.815937138447119,1.58591044401975
387,"B_p40","gauss",3.22259288677086,0.9435863205141,5.36281007667796,0.896558921664856,0.607726924329788,0.803808096344463,0.503346848926078,0.778649658149603,0.483695134999503,1.47332347251233
388,"B_p40","gauss",4.14219928612605,0.123403841226479,5.75516350195979,0.807054312419646,0.94999170929106,0.694090974772328,0.927942852332624,0.674428164592682,0.925574773834212,1.32142793403887
389,"B_p40","gauss",7.74480090004047,1.2049164125908,5.54303703014172,0.380629209258122,0.527351543167074,0.221016298455913,0.416809445141878,0.191448981726985,0.394426697856884,1.41333664126889
390,"B_p40","gauss",2.18251906415411,0.848644346646771,5.67814081082723,0.96619090787572,0.634272885567286,0.934861196122417,0.546128046612295,0.930211040504299,0.535335846389248,1.28867436624692
391,"B_p40","gauss",5.78729178865628,0.58470619999827,5.48851438512316,0.606043213433425,0.736705890461122,0.42417929704392,0.651711895558708,0.391280691036757,0.630961845495794,1.47304932147924
392,"B_p40","gauss",1.54974824728954,1.18616259706619,5.65362969118847,0.988751368819126,0.522771547187589,0.976705682479398,0.4064951147979,0.974983715043224,0.412162624984423,1.30492338293623
393,"B_p40","gauss",2.84113898206509,0.304230641867599,6.00796839111564,0.92715333265318,0.860792026527127,0.875484676346556,0.813289396665768,0.876648459785548,0.815439699439925,1.17334616654227
394,"B_p40","gauss",4.77208908658544,0.203156975013689,5.38975728199078,0.730317835729811,0.909189444446925,0.579779419253631,0.871535684886424,0.527369258333105,0.862485925292167,1.48542685281285
395,"B_p40","gauss",9.04201909271769,2.01391856130661,5.35934006245521,0.25861444635245,0.334822936464918,0.124632162102928,0.203106696752448,0.0965215921358917,0.184160150891942,1.50538408594305
396,"B_p40","gauss",6.03639393310478,0.268518582903517,5.71936721104645,0.566634524391642,0.879069849056304,0.409644396164753,0.830903988869003,0.390814126307608,0.828350120892767,1.28542343896885
397,"B_p40","gauss",2.08382804221416,1.23092170677488,5.68536840469254,0.971646224051658,0.516499581971129,0.944960860054853,0.403162446341803,0.939411485845852,0.402749975985212,1.3071913785741
398,"B_p40","gauss",2.99159530678745,0.428996122499689,5.54154576282353,0.91382638740155,0.808398687296056,0.844400921048358,0.741481165530596,0.827637999322003,0.727410034916696,1.41352066262395
399,"B_p40","gauss",5.80392656166464,0.183157471426204,5.8980620598056,0.587254188704967,0.921023905936626,0.438508646389342,0.888505844590088,0.445604292806301,0.891155926244468,1.12627876549479
400,"B_p40","gauss",8.45422246772392,1.06450092126462,5.64598979726772,0.302593584617409,0.556529319679054,0.169234920518172,0.452882938546058,0.151973990714467,0.438474625840936,1.31624915395484
1,"B_p40","t3",2.36675411666773,0.667956882398684,5.78159941325959,0.956999554256098,0.706742204803554,0.922312772165629,0.620115986318599,0.916701365786464,0.619714606703141,1.23335749396422
2,"B_p40","t3",4.27179025207921,0.708017132527296,5.87209116792576,0.795142002254239,0.701143031788899,0.689502797811749,0.61477045407205,0.668499683122099,0.610631289228816,1.23939171438496
3,"B_p40","t3",4.36489733550996,0.925590522225848,5.90846737763768,0.785822937040357,0.621423118396643,0.682071295235931,0.516750148853287,0.657830648310711,0.519641153937143,1.21148436623677
4,"B_p40","t3",7.0121817975493,3.67711579468312,5.80526249720734,0.472859145746248,0.14198230395964,0.321769229642692,0.0773298957598538,0.288689832268528,0.0691284665979799,1.31576015575098
5,"B_p40","t3",6.20118540006517,0.517227431964612,6.11976627717444,0.563378707150912,0.769478798464425,0.426937338816339,0.705730519675541,0.4227436843313,0.708239980280761,1.11719154458109
6,"B_p40","t3",9.39423652768885,0.507908394737263,5.95833826474172,0.237600427018402,0.774352155657575,0.13080602013495,0.699836563857429,0.125202506049205,0.70638529318433,1.14510060309776
7,"B_p40","t3",5.95747516341228,0.633980645642253,5.98992898940609,0.586229533494595,0.720719403547819,0.457745701409212,0.639588038040204,0.437370278709409,0.649490287995147,1.17449713933569
8,"B_p40","t3",9.83819845551404,4.95237094682755,5.31148030241902,0.214832167236559,0.0665642627009768,0.0952815589161932,0.020058224367694,0.0628909930528443,0.0149869749671343,1.60359292805195
9,"B_p40","t3",4.28768369394145,1.47863629542323,5.5233432819551,0.789361662430201,0.442106351552795,0.653965557948386,0.307950720631986,0.623154936768356,0.29812036802806,1.45348783933864
10,"B_p40","t3",1.96577058014514,0.350066882731699,5.70013126859823,0.977251821357535,0.848010567455437,0.956812975654658,0.789699470709077,0.949701581902865,0.782461137624587,1.35044885429654
11,"B_p40","t3",6.12559136143646,3.79075054949135,5.80118554592414,0.575989018754944,0.126144715917826,0.424277554130321,0.0590913211485851,0.39025586993179,0.0515785505760766,1.37422910873322
12,"B_p40","t3",2.44491129592626,0.429490285463638,5.51637138189463,0.954915906024747,0.816779740920193,0.917775501474405,0.744688989346103,0.89719679783569,0.726504764485982,1.46601607808088
13,"B_p40","t3",2.25563622766275,0.870113111312231,5.8434649875433,0.965002955438373,0.636862131480087,0.935427965066247,0.548981809516535,0.930299409328408,0.538584683979431,1.27500630686062
14,"B_p40","t3",2.91662392910571,0.138315469335417,5.54883209847664,0.92230908673921,0.947537711087587,0.855814190975696,0.917075640316973,0.838884115075381,0.914016524726345,1.4299275194323
15,"B_p40","t3",9.21446265173858,0.562571727220686,5.41646699874085,0.243918356419395,0.742697680069385,0.121515225133764,0.654065245823371,0.0924728899690219,0.63805422997233,1.48577048906424
16,"B_p40","t3",8.32220964411599,0.724817027841678,5.77673428487762,0.333004418150016,0.688922537200475,0.19496399156159,0.596922479993695,0.17306233221009,0.595006216621056,1.25882006623882
17,"B_p40","t3",12.4376175171075,0.311566590139011,5.65499344871513,0.0888009211331088,0.859096674849835,0.0314590297993274,0.805082351513881,0.0245764116937544,0.799476815083457,1.3484064438123
18,"B_p40","t3",6.93617746733517,1.95521480688277,5.77994476574297,0.471684934598932,0.339254472636454,0.321688487892859,0.239670350524804,0.293429779087266,0.234580412305056,1.24061868600827
19,"B_p40","t3",8.19226037297373,2.52517210295728,5.40965002932654,0.353246176220286,0.266830152111942,0.199702001288136,0.159590130010583,0.145663951261609,0.133257686122083,1.65395266260674
20,"B_p40","t3",3.23015203861929,0.972555717369749,5.75236461489598,0.898138961763661,0.599517508668762,0.82772698499442,0.499234590800796,0.811996484315944,0.497275091602369,1.23654099497076
21,"B_p40","t3",4.65830156193213,1.43037167188094,6.00509421186637,0.739304746659312,0.468866839243862,0.619935158999776,0.369379926715279,0.624961595464202,0.386150000980619,1.08214224288262
22,"B_p40","t3",2.50369539495214,2.22455006279068,5.85037897674668,0.951179844979211,0.291995861063065,0.914046415561085,0.196994190037043,0.907224770292016,0.196229358324193,1.20409979139169
23,"B_p40","t3",8.87862540095306,4.80710045081203,5.68647336886726,0.276952884647844,0.0698125279758857,0.150039833549166,0.027824532905087,0.130082223528926,0.0265035696393011,1.30691644737455
24,"B_p40","t3",7.63706683241198,1.11467307181989,6.29595891833627,0.402824653765046,0.560771673288507,0.284314432318783,0.479957985866128,0.285558036830533,0.492483467856628,0.968284460595561
25,"B_p40","t3",6.22891106104099,2.64011125146373,5.27826990149335,0.565147068480917,0.239975890015144,0.395471603728963,0.14076999579171,0.305690291930152,0.119644927258494,1.62671930568805
26,"B_p40","t3",1.70598394468658,0.385136930265159,5.43799643052169,0.985233023524044,0.82512250840147,0.970296460521959,0.75806755134732,0.962139361553786,0.748306050051713,1.49990611925144
27,"B_p40","t3",3.04675879319793,0.920831366599711,4.60889277179617,0.913983205566086,0.615162780955987,0.828237323616378,0.490024087241032,0.726011492432307,0.403563620044563,2.09470175884221
28,"B_p40","t3",6.84635073828885,0.636711077725195,5.79221055030755,0.477765563171269,0.714271996486759,0.321160772169284,0.623760832474244,0.304715084538341,0.621879765792623,1.29999984364823
29,"B_p40","t3",2.79957554597349,1.09292121186832,5.85148528467755,0.929381022762879,0.551527881129595,0.882069724974378,0.458573161352951,0.873470880973952,0.445827633503979,1.21418887599793
30,"B_p40","t3",3.05024864051831,0.403118273826339,5.64602377848844,0.912930079375359,0.822709055760044,0.854876728679113,0.757859199019889,0.828125717811265,0.748131311406267,1.37935323578408
31,"B_p40","t3",2.7919747840248,1.56040764381845,5.58402414136364,0.929399592369956,0.423654890898161,0.876828085832726,0.306653732498195,0.857136201991878,0.285227726112131,1.4172934327811
32,"B_p40","t3",4.4618528370788,0.21081719429778,5.69863138194526,0.779480985622152,0.918985908043082,0.664421599062413,0.879966803587979,0.618116305797738,0.871228012621679,1.37435353852263
33,"B_p40","t3",6.12897623039905,2.98871469974462,5.42579404002693,0.56820016470757,0.202374039827305,0.416131946990412,0.117772791020654,0.338581858259943,0.0980627429312316,1.57531211840867
34,"B_p40","t3",11.9546348436493,3.83410724453313,5.69770157733255,0.103640926651852,0.110324121160338,0.0418551845867068,0.049601847484234,0.0324705816584158,0.047489449592504,1.28624883383864
35,"B_p40","t3",4.48860173729217,0.43782483703307,5.63080160385939,0.760345130865018,0.803481800989937,0.633138178011141,0.742118427468067,0.604723987890971,0.72766149004691,1.34647488526608
36,"B_p40","t3",5.07508348737895,2.3745153808785,5.84880912302718,0.694356627232586,0.285266502971372,0.561407264753868,0.189983225353261,0.542846880905785,0.180041670124768,1.2652600580937
37,"B_p40","t3",3.17113394025439,0.570839049845491,5.71832447142802,0.902549596214522,0.75016635228963,0.831467345499842,0.668454562729255,0.816774962515434,0.664533820173228,1.29305339264198
38,"B_p40","t3",4.01966804854982,0.328571323038231,5.27450805980239,0.815083941931643,0.847551472869629,0.692255357841825,0.789923433133504,0.635087349568781,0.763862335621838,1.58649689965176
39,"B_p40","t3",7.98387339481658,0.569380093294689,5.76362816818346,0.353853858141924,0.736417083774202,0.214925529668318,0.656525442538562,0.197000236576483,0.650429359278356,1.26503833097129
40,"B_p40","t3",5.90269595695206,1.85797551272822,4.43725458475188,0.583927857024193,0.366391578486446,0.407304328451862,0.234494710577612,0.222643927728065,0.151999495479424,2.54508419015979
41,"B_p40","t3",1.67444802817229,0.369043573062619,5.38809426993157,0.986004663860045,0.829971902328863,0.969755011764549,0.763025038756832,0.962905149822109,0.745436475917764,1.4875192300435
42,"B_p40","t3",8.66192991796938,0.790857732190084,6.22258384757769,0.303688851868097,0.666036858242104,0.199695606287301,0.5780428014369,0.193449529795683,0.583805289610333,1.12651694603121
43,"B_p40","t3",1.97554969552544,0.174980551788629,5.75703340070533,0.977319990768467,0.936574626556308,0.956783701006565,0.90806246100307,0.951022635655118,0.902632265001948,1.29187321283404
44,"B_p40","t3",7.79988940839141,2.49810721487269,5.51426558990336,0.368338956114528,0.250549219136921,0.215586650860493,0.148023373870156,0.183899405596542,0.145165278982298,1.35804998465611
45,"B_p40","t3",3.58977155873439,0.983467827691301,5.44221184904007,0.863954360654734,0.604972492962969,0.764128238265975,0.488821190213187,0.728223808037804,0.465868346293265,1.48887282074785
46,"B_p40","t3",3.85354858228187,0.595188660965261,5.48661881578698,0.832126299867781,0.731340712045379,0.723476812838573,0.649501908678585,0.69021247885696,0.639898945838661,1.37569477566039
47,"B_p40","t3",6.37634072461506,1.0421866631568,5.59993185118959,0.53831527024261,0.571915667063247,0.382016586926623,0.459488963637984,0.332356770889574,0.447347279632411,1.42080496830165
48,"B_p40","t3",7.0054673698953,0.865186191406223,5.97487007554533,0.460930845345697,0.632892395063186,0.324594043416009,0.542939746857536,0.310587552077316,0.541670800854663,1.1479982517138
49,"B_p40","t3",7.50394026450011,0.869076490396665,5.70802437548155,0.403604528716904,0.634778168338246,0.254193839056032,0.534234510255008,0.229960283976822,0.527998520696135,1.31559284551984
50,"B_p40","t3",9.94371363862326,0.522864736135267,5.50065664920742,0.208221035899319,0.774671720853104,0.101233843181973,0.698562477617592,0.070198989423256,0.673430731960032,1.48618430244781
51,"B_p40","t3",3.11779952169398,0.223209587500558,5.29455520618166,0.904771884685378,0.910248034516023,0.836502327592215,0.871216851883249,0.789452281655679,0.857214659160562,1.54560900523544
52,"B_p40","t3",3.96816948016726,0.169188183955852,5.66271194674684,0.822795350523302,0.935629209408685,0.726920457118791,0.902699150408851,0.690943193318721,0.894094810658925,1.42126765684809
53,"B_p40","t3",3.21994164519026,0.982915907177337,5.70604734310571,0.898747903719657,0.590175860956882,0.827868137583179,0.487561405272645,0.808754432765035,0.479590467123206,1.3034791668299
54,"B_p40","t3",1.99519433179426,0.274277599390007,5.74724396104378,0.97614878005132,0.877881836734604,0.954126638976334,0.83256934651643,0.948323215721658,0.82736682511435,1.33812355874434
55,"B_p40","t3",3.66840530968977,0.269717526386037,5.62803122073329,0.855763022594633,0.883175220119333,0.763336141464838,0.823896177075617,0.734300803086477,0.818186490575519,1.47254552896028
56,"B_p40","t3",5.54218576338842,1.1964563144156,5.72926686725723,0.638872465549491,0.526815782460251,0.495597539158272,0.417608168499868,0.458783031156077,0.400475319566569,1.3519871109143
57,"B_p40","t3",4.03737311414665,1.47947237588573,5.48642652264501,0.81389134135138,0.44340581627817,0.703283747966394,0.329056988495035,0.659710328193217,0.299621951961255,1.47679773067538
58,"B_p40","t3",0.956449953275648,0.215493665863635,6.02491064919693,0.998125752419593,0.90600214359335,0.996225697525452,0.869293436931288,0.996197996109124,0.875477372588951,1.11939795102201
59,"B_p40","t3",4.68433753295956,0.220652293303118,5.84667147104377,0.749945457500978,0.911433842527445,0.631376959741961,0.870869143218251,0.601925263640654,0.870301475825639,1.26650036830625
60,"B_p40","t3",5.58242966836844,1.64616330310876,5.64544518422109,0.637987418315459,0.414397471907498,0.485977620702109,0.298566915611447,0.441639327374426,0.277949724521311,1.40529245676872
61,"B_p40","t3",1.93906994098207,0.678992665785477,5.91766939120636,0.9764346893363,0.692141092339781,0.956959569917904,0.604863214323222,0.956660171578205,0.615655129728388,1.13847605447545
62,"B_p40","t3",10.3647338395551,1.1463442019735,5.98285675324798,0.1787280407972,0.539427509828478,0.090593347004883,0.449942112126939,0.0850667120394852,0.452083773165885,1.12187395496753
63,"B_p40","t3",2.62682975701901,0.0725197999859716,5.09994346904879,0.943897556060417,0.979780076637755,0.892456527802007,0.967489216578466,0.847981222466366,0.961593007150182,1.73856171974767
64,"B_p40","t3",7.5745306980187,1.23214183189798,5.642018354644,0.393759295409218,0.516502233491136,0.242929078448676,0.406989643398495,0.215997869679358,0.40125081606096,1.29398223147168
65,"B_p40","t3",6.69433524147026,2.25204826849444,5.29244507122787,0.495186162588277,0.290308408808061,0.320043892874633,0.179318144653785,0.256128059434851,0.157703497649352,1.55349896082677
66,"B_p40","t3",9.98212886314049,1.14584404820703,5.52858890216257,0.19925308851107,0.536375139422538,0.0960115163845535,0.422083440110879,0.0707444192122162,0.4037172088801,1.47295989319414
67,"B_p40","t3",1.82626849260173,0.138166097290736,5.11606076806505,0.981238511479556,0.943189816924077,0.959754665844764,0.912969240674832,0.94348478559976,0.900749418300837,1.66127288056998
68,"B_p40","t3",11.8451248341218,0.528813009581322,5.33252429988405,0.104999267969868,0.765312022140527,0.0372807537691429,0.680147410326686,0.0229841798606111,0.657769406233804,1.51155904141659
69,"B_p40","t3",6.26256150343443,0.543684211207963,5.0230410867112,0.556500592805047,0.764118640049307,0.355258743830564,0.665582762416015,0.266330691714727,0.627576854301266,1.79776445969611
70,"B_p40","t3",11.9597355065966,1.41121803563898,5.87223515608624,0.105760038845615,0.482815882275198,0.0433729254172053,0.383437937053635,0.0379834065808402,0.384016415661374,1.17047767008843
71,"B_p40","t3",4.89911261504289,1.43857111776797,5.69863512238291,0.719528938153343,0.463107817686401,0.58298900486708,0.335515060909431,0.549369501282988,0.328574189674833,1.37897749475056
72,"B_p40","t3",7.78753258399971,0.603544072587551,5.04310952866413,0.388471175634606,0.740315764593158,0.215880711828554,0.638865538955083,0.135771148529695,0.595810683259656,1.78701730562779
73,"B_p40","t3",6.95520396946659,1.30683350589872,5.73316308209127,0.462182530975806,0.485042893362759,0.313259960967786,0.380408968929003,0.2856200927836,0.380105042791875,1.25637746915276
74,"B_p40","t3",6.95625012045792,0.885746612956746,5.2717243987908,0.468771756963921,0.632426120923195,0.291559504423617,0.512979059921605,0.227650041658281,0.471499311681365,1.65783211172424
75,"B_p40","t3",17.9790328455644,2.47749549111496,5.2152192893745,0.0104261654292339,0.247691903939931,0.00176983369850281,0.131252678166217,0.000649696190746285,0.102348044276282,1.66095402827393
76,"B_p40","t3",2.46221921735887,0.0527122133164631,5.55155418077495,0.952525489040715,0.985227731060348,0.912160034486011,0.97559804161274,0.896656014618399,0.975193938379624,1.39384149303816
77,"B_p40","t3",4.63525449339029,2.43495467203525,5.77046766711614,0.746744199289671,0.261699360893604,0.61256444240663,0.172622103424987,0.599849165256936,0.168451968181228,1.25592908018284
78,"B_p40","t3",7.11685130525125,5.04967297598652,6.07023194686068,0.451106192879833,0.0600432681203855,0.316708889015016,0.0265614879551641,0.310500058753607,0.0298815803728516,1.06297112038024
79,"B_p40","t3",4.85931482433408,0.857627880364846,5.79806939271094,0.727337367115554,0.639513492768338,0.595412461361286,0.532491506160187,0.567973305715072,0.519704741259276,1.35628719419798
80,"B_p40","t3",3.49539589132466,0.00462501945653485,5.36101398902088,0.878773894929461,0.999588840771168,0.789923853036927,0.999343383211186,0.734782440889046,0.999170763321894,1.61304187610567
81,"B_p40","t3",5.43219658012868,1.35099108730414,5.80078643505854,0.65799898292056,0.490262378020442,0.519285273099215,0.384536818237924,0.484594956726484,0.378401004492265,1.32451118325339
82,"B_p40","t3",4.6208961140285,0.556180362269488,5.99342610286877,0.749166843262128,0.749320362773845,0.641348186622385,0.672708463849235,0.627671761929143,0.67177992420553,1.21548342643777
83,"B_p40","t3",3.34912687020973,1.88841091172946,5.6440529522289,0.894330591786709,0.373523245953346,0.816162191466663,0.255842230626189,0.785742436309744,0.240682500989653,1.41454471124403
84,"B_p40","t3",9.57794882353671,5.56085273670828,5.90255402076787,0.234694344317574,0.0453198384946696,0.128623134100323,0.0156469725202562,0.112188025218457,0.0145261242809027,1.27717315809556
85,"B_p40","t3",3.3429872584474,0.151087316280324,5.89560594514052,0.887911269569157,0.942383119309377,0.819432869072322,0.91444279647944,0.806919916494008,0.913108587003288,1.25759961124786
86,"B_p40","t3",3.69973828859992,0.498849114307908,5.31315422378741,0.852044220267788,0.781383486705777,0.745210023900463,0.69775592995627,0.694205699081447,0.658725629403973,1.62854268061592
87,"B_p40","t3",4.15973143366893,0.146965447515318,6.04576769436247,0.808145645055942,0.940256730157907,0.710592509366181,0.916800612080674,0.70270532065411,0.915472811261445,1.18642228656277
88,"B_p40","t3",2.343679775038,0.465537274410209,5.48270627137118,0.958284894564883,0.786510757874631,0.921255019445651,0.709984137418853,0.906030999147934,0.691931059129621,1.45560932053552
89,"B_p40","t3",5.4076575043275,1.34823935163166,5.83648123025375,0.651747163398098,0.48129362684786,0.52328970568328,0.371941467838155,0.492411769735097,0.368590449990442,1.29141995434983
90,"B_p40","t3",4.4950760715091,2.47960163313405,6.05554054669352,0.763683960525616,0.256181688293091,0.657126102979119,0.165032640433848,0.654094950252684,0.163841890651799,1.15906612819564
91,"B_p40","t3",2.57228581825144,1.63381171925107,6.00350493526117,0.950406637712007,0.426180800510268,0.915645175049128,0.32424688581102,0.906572498319692,0.314992113169395,1.25104423922716
92,"B_p40","t3",2.06946845158628,0.173918611966,5.16425903027273,0.97338256464981,0.931982166059743,0.942936587690776,0.894006446334891,0.921535290450564,0.875856302117288,1.71666462652624
93,"B_p40","t3",5.96058650278496,1.30641146054161,5.65617188418083,0.584523604705965,0.477382189124971,0.418631980113213,0.366220105575387,0.391494253961756,0.34137970095342,1.37296360897784
94,"B_p40","t3",4.68725469898329,1.00992545528749,5.59984237616775,0.752613202381283,0.594026487111322,0.618586527154048,0.477868195151088,0.569710639436826,0.462414584106549,1.46674286672084
95,"B_p40","t3",4.84097631213952,1.80184526094633,6.15297321006808,0.727267603094413,0.376788687867088,0.613876286882946,0.279951138760337,0.614697576115985,0.286196532581519,1.08608070343661
96,"B_p40","t3",4.16000217782137,0.129800788972847,5.95155879562432,0.804851983096225,0.947521170526846,0.701596547432746,0.92564904458185,0.693231220694737,0.925452447453751,1.174209795171
97,"B_p40","t3",8.36517765434989,4.65745302471395,5.65772380887174,0.318834298503152,0.0813113130591243,0.174239507759277,0.0378156082203889,0.158791793420865,0.0323857066012486,1.32079679811702
98,"B_p40","t3",6.88117675586833,2.57683724621441,5.51261414205103,0.46331699292077,0.237492113069015,0.297549992015731,0.13803107582272,0.265246783770692,0.133552633288965,1.36859182800871
99,"B_p40","t3",10.6530966625913,6.17462836666214,5.71135688647167,0.171141494382058,0.0335055042122615,0.0742995986969229,0.011687983922126,0.0599444643232845,0.0102200490198296,1.32735864038686
100,"B_p40","t3",3.51961141145929,1.18963659810575,5.17501978083839,0.871020221737685,0.518625205483074,0.781891651315925,0.395188284939573,0.70972797151432,0.36377364340349,1.76871350730672
101,"B_p40","t3",8.61427276068812,3.83940118240326,5.42813325339875,0.296950629896347,0.113011670328484,0.158909257007849,0.0475377772084604,0.12264110995909,0.0400871847213211,1.46557388788678
102,"B_p40","t3",12.399515906872,5.99970814233094,5.3717984531471,0.0942662021185295,0.036592456591987,0.0316600002268026,0.0100319099880882,0.0181008180702915,0.00683579398939083,1.55125472610245
103,"B_p40","t3",5.38556564660233,0.566555698018997,5.68130149297682,0.661896208688031,0.75211687583053,0.514901776757871,0.669932911345726,0.474580112279739,0.654565767914315,1.39517384601584
104,"B_p40","t3",3.30498188669968,1.83390673724079,6.05671414070903,0.888385918723056,0.371355973343179,0.822050080126483,0.28814204429195,0.824905918870646,0.292226411353286,1.03147758074847
105,"B_p40","t3",4.19929431187646,0.387764439578426,5.382229470395,0.799502167492039,0.824414180097718,0.679592656831246,0.755236554266358,0.619679630428849,0.737992978230031,1.57798078378322
106,"B_p40","t3",5.11895787811135,1.60266208673192,5.59284417971441,0.691893868583626,0.430597666006654,0.551888649506153,0.308154009670123,0.501848389267328,0.290989092352873,1.44459447979548
107,"B_p40","t3",12.3726741838034,4.40600788212479,6.22018492007763,0.0940619269326526,0.0853023496821967,0.0450749052355132,0.0417050290471608,0.0431023874261245,0.0466565750946394,1.05930602974219
108,"B_p40","t3",4.93519701808946,0.279024351060085,5.78455687238942,0.712221284247003,0.885201124732664,0.58158692970228,0.841114027430257,0.556013558676461,0.840710843641717,1.22246032039936
109,"B_p40","t3",8.15010266549422,2.08607959125865,5.69442391096536,0.352287336163456,0.317305680512798,0.206132840222842,0.206009189730838,0.176932494682092,0.202191875035073,1.33768370953909
110,"B_p40","t3",2.16507931182139,0.411997574838877,5.16022247812947,0.967838728162865,0.80754672932463,0.934563910845117,0.733115398332047,0.910753810834613,0.707183470022658,1.62177495923432
111,"B_p40","t3",4.19339218139177,1.10723296315935,5.67198829467722,0.7921635770575,0.545140921467711,0.678886192548473,0.437766698119319,0.656330239120027,0.423979513680308,1.30229187360048
112,"B_p40","t3",4.06506209336656,2.11909170386764,5.79058531344009,0.816223265263076,0.321186930872059,0.711639094789819,0.212608309015056,0.690410778853177,0.203926217636261,1.30080112630243
113,"B_p40","t3",2.55242318003128,0.469563742821927,5.00888048720996,0.94628594190492,0.78355555175495,0.888626631367479,0.694363249185011,0.850176323511207,0.661335627451886,1.75563705976021
114,"B_p40","t3",9.25386107827039,1.97002439244895,5.59796130759081,0.247385553788805,0.342387251058017,0.123366486628822,0.225916763665224,0.104473493513024,0.210963676857145,1.40993296352137
115,"B_p40","t3",13.3758392640818,0.935039885107938,5.912305566326,0.0629261486097341,0.598162327176851,0.0249183878759719,0.507434876030699,0.0204510409790218,0.508517626197562,1.19394304787648
116,"B_p40","t3",6.75174717911091,2.3845472430731,5.57891960406207,0.482625172083148,0.271299467825127,0.318403985235666,0.165546973132306,0.287506660816531,0.152631878259958,1.34616329789874
117,"B_p40","t3",6.63822034909919,2.91641480358447,5.15258825998768,0.490821651553544,0.198788844646203,0.31426855691199,0.100797487274413,0.24355118219748,0.084503251586806,1.59704701220483
118,"B_p40","t3",5.32745709530278,3.93163345949407,6.19377745416563,0.66396470267757,0.110345501388937,0.547091666289958,0.0590156075732736,0.54946076055967,0.0631472563721376,1.03078296749348
119,"B_p40","t3",3.67013999573067,0.625698846597948,5.13584966065386,0.85888071099843,0.731255863735111,0.751287961465033,0.631458594332616,0.678196230939796,0.589721818640432,1.79120948946613
120,"B_p40","t3",4.56324416144753,1.48923038979754,5.82398188857674,0.753646082607559,0.430230380982622,0.632574100636615,0.323642463513599,0.616875154785716,0.318986460625452,1.2478901638878
121,"B_p40","t3",5.6283408389881,1.00158853369239,5.74393682881785,0.623152916893564,0.589271635176834,0.479379539244136,0.482311411094251,0.448808744735265,0.472560816159448,1.28386354602596
122,"B_p40","t3",13.2040967169449,2.07318017947906,5.94625009052655,0.0691581473128748,0.322054255409526,0.0268865301776144,0.220860749599863,0.0230563059134727,0.218527995845275,1.2113290633339
123,"B_p40","t3",3.82149770019497,0.935866519708223,5.58445245625693,0.836188952131307,0.596286631410453,0.729761183835777,0.494660999977023,0.7055867118611,0.479062201908783,1.3606009730956
124,"B_p40","t3",3.37134339628454,2.13542299481997,5.83052067353695,0.885420878088718,0.316691541442266,0.812542486766927,0.214962960775163,0.798159463712389,0.21428559691082,1.22985844905385
125,"B_p40","t3",6.55646252796994,0.565032211664474,5.4571305998111,0.526729764617776,0.75330821024738,0.353979223216445,0.666313356257828,0.292522594529983,0.649465469667145,1.49004458826206
126,"B_p40","t3",9.04506816174387,4.54481332966972,5.30093746093792,0.271212751265141,0.0803793130554817,0.131555796299426,0.0280490175616521,0.0912131733906913,0.0209933392904612,1.60254898769405
127,"B_p40","t3",3.07364347874733,2.61297863538204,6.05004208568899,0.911615506629465,0.234624901791058,0.85965343791269,0.142664829779083,0.853164573661726,0.156371413948222,1.12752981297218
128,"B_p40","t3",4.97760118312468,1.28178866999817,5.55909741212024,0.706814066498282,0.505926528663699,0.555305813318339,0.395163491574985,0.518539212290585,0.368070025298229,1.39025027811402
129,"B_p40","t3",7.72408181161919,0.824338849160521,5.60758535167429,0.372624767443798,0.631855045795865,0.226533896882967,0.538191147271016,0.200057273163704,0.524065848023379,1.31744065423394
130,"B_p40","t3",5.40795012176651,0.293215370450861,5.93095615536066,0.649582777865618,0.866981368333867,0.521428279498603,0.822159289923287,0.504859157075794,0.818924029238932,1.18614390645804
131,"B_p40","t3",3.21023635221786,1.2995595673556,5.56895355023789,0.898755129717022,0.49408959838089,0.824928832113205,0.367833665663949,0.797589571689368,0.334527324510099,1.46440622025992
132,"B_p40","t3",5.39308709838251,1.03232347945399,5.3865617851374,0.661463125684647,0.579731652399428,0.494533977902425,0.46606673298767,0.432137886009662,0.446185626824208,1.51056873164866
133,"B_p40","t3",10.8530799355387,2.78188676969087,5.74419841889784,0.141988154376654,0.207712893343575,0.0681159748401622,0.125333414609401,0.0568616445427446,0.119525639480245,1.285404908938
134,"B_p40","t3",6.98489062681172,1.85225353625846,5.89239329828576,0.454469296184565,0.353829614765787,0.312872369155976,0.265872551301847,0.302407086888198,0.263370482579764,1.13110524247005
135,"B_p40","t3",5.26330115499485,0.726487487740538,5.6601908771231,0.673930370036855,0.681674162151148,0.515866307057343,0.571582983472812,0.488999733940819,0.558292768321576,1.39754126935766
136,"B_p40","t3",3.8673667097778,0.177535475260357,5.63969417866962,0.837586773719543,0.93100924954144,0.739935575769444,0.896001720525878,0.705186880735194,0.890579958537177,1.39962842724074
137,"B_p40","t3",4.78280366799582,0.127711583959021,5.88896320355668,0.72802551790025,0.952005310059892,0.609620391301026,0.926599255837009,0.591194429783355,0.925005706943798,1.2371255557932
138,"B_p40","t3",5.06940581190191,0.200402785479301,6.08337314604776,0.704061376167411,0.912105830324308,0.58659568801598,0.88245965234429,0.573275976546697,0.886178658100455,1.09125832598867
139,"B_p40","t3",4.9410974821617,0.817177979065446,5.58410029231122,0.70776335842256,0.649610310001644,0.569461529466523,0.54322204446632,0.527806286359352,0.534222176191714,1.36658811426285
140,"B_p40","t3",6.25581113185591,1.49189627684654,5.38759884226909,0.55242395281853,0.446061665040891,0.375614811784408,0.307056453262618,0.317784993306483,0.281474046678999,1.5429043730579
141,"B_p40","t3",3.78412884488385,2.33083127132797,5.4584251642602,0.849438312871814,0.285788347846351,0.744605373621755,0.16585420955083,0.698374239660565,0.152568563803634,1.50756732557277
142,"B_p40","t3",2.59205680570611,0.0962950055997524,5.82045077369333,0.944833479152716,0.965210002788506,0.903029737014915,0.94820814759787,0.895317973949847,0.948032634788275,1.2254872827102
143,"B_p40","t3",6.31286930196354,0.276610861968307,5.09210050961867,0.539053054864842,0.876381733008133,0.353097497293085,0.819251561478753,0.270238474868906,0.791517832175649,1.72218493868388
144,"B_p40","t3",7.54176312790333,0.137135543808034,5.63379308752085,0.413546558259736,0.948152831790878,0.252222458967285,0.918734440012049,0.218355572297911,0.912212381405134,1.44617426056194
145,"B_p40","t3",2.56885463333164,1.22634511760919,5.36679266529453,0.947773460128768,0.516045200433764,0.905528505657807,0.403565480889232,0.872280924346653,0.347952412051055,1.67444948283908
146,"B_p40","t3",6.98666086437031,0.965965368680003,5.53231283293811,0.458205173704319,0.597844817760572,0.302676351713539,0.498522104285998,0.257276350022197,0.471911564769644,1.40832751674825
147,"B_p40","t3",3.99200267824579,1.22501885171969,4.26422627447516,0.821573010822698,0.513807854985325,0.702018017913275,0.398268823833845,0.484361972522423,0.285116358538688,2.61643099059053
148,"B_p40","t3",4.07978981344856,0.0964308670398446,5.70874904425838,0.809316416596054,0.966102162964584,0.701677109436735,0.94948884215653,0.678918741562778,0.945703363396617,1.31155832720368
149,"B_p40","t3",3.98287426910419,0.0361964645521384,5.07985561160005,0.822378511100899,0.991869895749341,0.70559149129189,0.986219750985392,0.616907112274651,0.983475422041253,1.72999142610034
150,"B_p40","t3",4.49444418338722,0.129904242805145,5.40306764032158,0.766977470939626,0.949682191139406,0.624545494387164,0.924129336965134,0.573870503844361,0.915144060696286,1.52434256592036
151,"B_p40","t3",2.9690097657607,0.113935092294062,5.77469866981186,0.919991642493674,0.958742575359244,0.865510861436526,0.938284145517905,0.847931801598687,0.936595469486404,1.29348516543713
152,"B_p40","t3",8.83069498804372,1.87378864579384,5.8399576386209,0.286058680470206,0.345912939035761,0.155320541876336,0.246408279272184,0.146576081654811,0.246120669253308,1.19860600726986
153,"B_p40","t3",3.20525579002025,2.55156128674078,6.09110020487389,0.895400088060457,0.237002238632831,0.833486115751901,0.148137632149972,0.838486826441411,0.163544257723579,1.02460997133817
154,"B_p40","t3",5.9063277674325,0.704662760297784,5.6921940712688,0.59257323462075,0.692080348389956,0.448762232394953,0.590813323208091,0.40396718472604,0.587048255375893,1.34117811712353
155,"B_p40","t3",7.97533499616535,3.09418324033037,4.79211107582383,0.366729784898736,0.177065477424194,0.194429215501685,0.0870877190859719,0.101934240634918,0.0460080630186802,1.98739273972208
156,"B_p40","t3",3.92766255073041,0.799765937431879,5.98796029411386,0.827789051626414,0.650709758877581,0.737298952066293,0.556703653857,0.730675920963618,0.554425871451787,1.20066944097667
157,"B_p40","t3",8.10376156291076,4.7388715298978,5.80145054925377,0.359420116764437,0.0723988804428627,0.213418809416892,0.0298487924518445,0.191494154989278,0.0297161285085064,1.25441803266791
158,"B_p40","t3",2.7979910441235,0.274774261219381,5.49249060883958,0.930065146710774,0.878325701553832,0.878031058695284,0.833692750275579,0.850439516603971,0.81426323827736,1.51882910452716
159,"B_p40","t3",2.86902447590957,0.136602879799917,5.8285649745771,0.924500877576858,0.945815173956913,0.871580237531234,0.92128397394218,0.863616721047888,0.920913154957573,1.22186926071411
160,"B_p40","t3",6.86490441784922,0.23839435595256,5.62787050901854,0.490803660189851,0.89682551983572,0.330616278439224,0.852254029442971,0.281805409660285,0.838164547709749,1.57795043285571
161,"B_p40","t3",2.48293112381719,0.762863034977463,5.52141936918981,0.952276996013367,0.671060328203958,0.91226032777773,0.578729271808595,0.892592353412008,0.557217274845297,1.50328744078909
162,"B_p40","t3",3.84150182390962,0.117057744038512,5.53498815305427,0.8362357909509,0.959601499765773,0.737737249800872,0.939526846632832,0.697954509415323,0.933480752552163,1.40931159392965
163,"B_p40","t3",2.49725251036169,0.159348476426942,4.97850211615958,0.949923870035287,0.938678859366441,0.897795973412491,0.903489434219329,0.856654434603422,0.886593165455009,1.79529683512777
164,"B_p40","t3",4.12303986894215,0.823156878541856,6.15963846508656,0.810813932071961,0.648815637618128,0.721523437977124,0.57028204730496,0.720173412981049,0.579106536711648,1.06806308692359
165,"B_p40","t3",13.1339440298779,6.08460445040196,5.07594988049825,0.0730275379434916,0.0356326231142218,0.0179683143947185,0.0082272677525137,0.00817446793505638,0.00415908838667201,1.75745213490051
166,"B_p40","t3",9.97027970735831,0.94029793481282,5.85744594570352,0.201039149813752,0.612495219317924,0.10882060307943,0.520202594123276,0.0916742497161798,0.517714289233267,1.20010590534538
167,"B_p40","t3",3.85320847127854,2.36821226529165,5.37167608747066,0.837254396824521,0.274986320749121,0.722928323187686,0.164897913406406,0.675870638234845,0.133769107556073,1.5774887309632
168,"B_p40","t3",11.5576439197079,5.01042048236605,5.87280580915203,0.118493643157664,0.060732967568333,0.0528490493462662,0.023730333593776,0.0459956349352563,0.026041224226974,1.25225243216622
169,"B_p40","t3",6.03885650522195,1.07238473243295,5.45092419264376,0.578268820381168,0.567016950934084,0.407547348977732,0.447862396007166,0.353420715229178,0.432336386376699,1.49166379917303
170,"B_p40","t3",8.78998766363487,2.89824000467281,5.8392073184804,0.287035891567319,0.205120745580209,0.162136165168721,0.112240760696518,0.148799458327904,0.117252843403299,1.23813891507167
171,"B_p40","t3",6.30102895427695,1.75849050850622,5.88266720431461,0.538403511777892,0.37561954394392,0.387850450718362,0.273846108830601,0.379278041761785,0.271845076350402,1.19747328780619
172,"B_p40","t3",5.75758157019036,1.86176211491234,5.797522389421,0.614650415452357,0.371215806162999,0.467049726589099,0.266085478040758,0.438264727033495,0.254340377269589,1.29022438677149
173,"B_p40","t3",2.34291421332258,1.08363762912328,5.3290956166963,0.960048829181962,0.558048387071009,0.920783291840165,0.431255138373463,0.898303659595833,0.389906972661232,1.60743443501728
174,"B_p40","t3",4.27765739319227,0.284303101490472,6.17918129939053,0.788259639543016,0.878318179243583,0.701113161856756,0.841129601442375,0.700038382778448,0.846120579614414,1.00672776226022
175,"B_p40","t3",9.21132431843606,1.29078212719406,5.47131208497511,0.261702598845053,0.502023266225792,0.132123209121337,0.380970065716919,0.0967486104291801,0.358467099499161,1.48131639620213
176,"B_p40","t3",7.80471035631721,3.27446061959426,5.84874024030297,0.379739313527485,0.171778389615268,0.23425004243663,0.0970842613721672,0.220158937994016,0.0959528469264495,1.21488690239652
177,"B_p40","t3",7.23238145190164,2.93860402719641,5.55136914819106,0.449466880189678,0.200486871787587,0.285862486990021,0.110985465227007,0.235860162929492,0.0956717771238093,1.48545122048235
178,"B_p40","t3",7.76683935085521,4.53328996091962,5.4307004268848,0.375752849891811,0.0797679622217811,0.22100130559447,0.0324425077809785,0.177662261687318,0.0248688649486979,1.46087136020605
179,"B_p40","t3",6.0606086602364,0.40270743698698,5.74965032184213,0.577677602459658,0.822625733489809,0.429973878325333,0.763856178407497,0.391703277369338,0.747050711052123,1.32349640488036
180,"B_p40","t3",2.11437386510024,1.10484223212079,3.5078579790647,0.970234739718764,0.549165133532732,0.949808418212628,0.47766487729367,0.776720783260188,0.252153977426317,3.82403213806234
181,"B_p40","t3",2.80642688166409,2.43141214320182,4.82759207292724,0.933131932263329,0.282456089580267,0.864950597424318,0.163580867832481,0.795397144584506,0.118110598354729,1.93162545940834
182,"B_p40","t3",5.71495773630413,2.37864933603149,5.6561762428206,0.611688979174162,0.267612374797451,0.455835862373102,0.163619368069205,0.424655726805838,0.154795356462525,1.34493262566344
183,"B_p40","t3",4.7799210262108,0.584095557168702,6.12951235013846,0.729683813673419,0.740966581682644,0.620393896053418,0.669394349702803,0.62105829046278,0.679117656159349,1.07500588979669
184,"B_p40","t3",5.59148028496459,0.622565027656733,5.74867170795063,0.635262048026657,0.718498662119563,0.479444920216014,0.639874924884102,0.454863346543493,0.6396608702802,1.25940995396318
185,"B_p40","t3",5.17681827005478,0.527644049831484,5.47745433948524,0.67482230071816,0.765108231902814,0.517824971820824,0.676194922425364,0.47621244130022,0.652764296402758,1.48744775498205
186,"B_p40","t3",8.21533242226218,1.73554181748838,5.66830472644058,0.347065611715361,0.397311997418491,0.201799224551723,0.283058336445918,0.16946104193115,0.266036246929919,1.39775603310499
187,"B_p40","t3",2.91180263446343,0.0835590693135388,5.90432407207728,0.922940404667475,0.972115563054629,0.869212509559192,0.956301735973155,0.862262874736357,0.954029351267286,1.27210079603693
188,"B_p40","t3",8.05138008122845,4.00378980245819,5.64347417851642,0.364472421130311,0.116167481900177,0.217252360482461,0.0504067381359243,0.178627944188684,0.04398957681546,1.4744540746823
189,"B_p40","t3",3.94353423520324,0.577307049131165,5.40443166387743,0.831239758656259,0.745658307336582,0.729979145620504,0.660688034861869,0.665279536357423,0.632113763822544,1.66706360950019
190,"B_p40","t3",3.45211024097696,1.20873884962651,5.72121101631202,0.875902677946351,0.529457658328352,0.794178167277965,0.418923075235952,0.776437221971123,0.411629701937335,1.30177918596713
191,"B_p40","t3",10.6647306089465,4.50313772825145,5.75855336375909,0.168380216596498,0.0857037266736576,0.074531862164217,0.0374953497213486,0.0624657640669166,0.0327701800946233,1.31630877949569
192,"B_p40","t3",6.59390726092601,0.0586580282372514,5.4835713490965,0.512603062071537,0.985619985459803,0.353704914721692,0.976675968250415,0.291856662243507,0.973262119060159,1.45268398755029
193,"B_p40","t3",6.52212103826494,1.26913544702582,6.11722693761858,0.527305251400349,0.510883695568029,0.392653583384766,0.413651424110442,0.383108574312357,0.421149215083746,1.11591417597312
194,"B_p40","t3",4.88581705304347,1.04275917105999,5.6847129150716,0.718881467722834,0.569957376152936,0.57695026712036,0.458901606724826,0.549742046911966,0.448392206616312,1.33364490369034
195,"B_p40","t3",10.5759407230701,5.10884406713806,5.84021009460784,0.169880882607305,0.0606248666427489,0.0780906264451044,0.0239226137332234,0.0695252054670709,0.022813943893651,1.25801006470104
196,"B_p40","t3",8.33770462641512,3.21786229906628,6.33148411435076,0.319232943519745,0.161269993355979,0.214096964623436,0.10166854023281,0.228607434164632,0.114957566240426,0.912486256281657
197,"B_p40","t3",4.21374651342868,0.111262338897497,4.70843964750612,0.799284417006629,0.958769307846974,0.656788046047365,0.932613130468546,0.518380298472321,0.913385887509851,2.12039828524084
198,"B_p40","t3",5.2299519001545,1.12434002841501,6.09764866861794,0.677480119872089,0.5417089350133,0.552658107498861,0.45145381515952,0.551734283922143,0.452979141888675,1.13029671153794
199,"B_p40","t3",3.44561084271248,1.57768296583093,5.94569953985586,0.871648853862089,0.41836213738817,0.801237417524412,0.307497296961983,0.796048943057844,0.309432050405366,1.15199305435798
200,"B_p40","t3",5.923637150473,0.903206682100757,5.85126575284587,0.593317577453543,0.619140667742641,0.442186182280966,0.515387429415437,0.423219544763222,0.51311369297288,1.26279816456498
201,"B_p40","t3",3.95024233097967,0.207175100529625,5.63197791657917,0.822897719225927,0.913243576084018,0.711570759991982,0.864085828437533,0.690168724150638,0.86575952908671,1.38123687832583
202,"B_p40","t3",4.98928500380568,0.612124702796609,5.76210206062269,0.708128044895855,0.73202438664496,0.574962532439154,0.653869896225838,0.544591016228533,0.650130672160821,1.25096258837214
203,"B_p40","t3",3.68518102016647,0.497092293331415,5.58401850981046,0.849684468327465,0.774924916545706,0.753532632791695,0.693428058772767,0.727795063489797,0.68829739443055,1.35757777066932
204,"B_p40","t3",6.7958178456038,0.341606702828287,5.86918489762833,0.491374204501047,0.848680976597035,0.348450559405172,0.792264267172384,0.31992030459911,0.792633768279302,1.26356452096358
205,"B_p40","t3",2.50045399120705,0.273921695628756,5.02260592792097,0.951198210692626,0.881976379967082,0.897865418199787,0.818925094803287,0.858622353518771,0.789186303232974,1.82548798038028
206,"B_p40","t3",7.58650187857103,2.01355685643302,5.53131213815997,0.400200193167798,0.337173493362392,0.251191762460793,0.233859992131019,0.202399619393534,0.218571746278047,1.40221708700256
207,"B_p40","t3",5.59514371203906,1.52219942975203,5.48651532210141,0.627870263694004,0.4390296711001,0.463921389523719,0.326878652457659,0.417438671588776,0.301526599617548,1.41429440738873
208,"B_p40","t3",11.4658997460449,2.90071972410603,6.10026069425613,0.128318112166829,0.199662579161171,0.0598321499128496,0.129462953806138,0.0581446859178156,0.128998864944805,1.09752725579091
209,"B_p40","t3",8.1611614257973,3.8117829555884,5.91548943095449,0.339070683134781,0.12398949041174,0.206296705662604,0.0581431219819166,0.199322605948901,0.0570065401145968,1.20647662147325
210,"B_p40","t3",5.71972736544587,0.667236276972328,5.8889828705764,0.617096860210077,0.710208726765987,0.479781516449967,0.626616915238138,0.455968507064311,0.625627879921092,1.20782918859632
211,"B_p40","t3",1.57065800132451,0.684397906189139,5.71688694730366,0.989357063071912,0.700286873351198,0.978605026538747,0.613051418830293,0.975344869390044,0.601641548295689,1.33952111187195
212,"B_p40","t3",6.7219524505555,3.02384470866064,5.62246750292071,0.497667738788305,0.193012403405274,0.336020888852247,0.109153310836438,0.296336709096117,0.0940766139043681,1.39406816574521
213,"B_p40","t3",5.80503903932872,1.57886269252454,5.80005795166857,0.60509177212107,0.43265393206923,0.453482234732116,0.312835129238905,0.432161374283148,0.308468936329702,1.26685405439864
214,"B_p40","t3",4.57207048260685,0.158709843261833,5.5201052163822,0.759085035857623,0.937064120557845,0.623789715427696,0.903737590471562,0.577161697563487,0.897035440254283,1.4708358040437
215,"B_p40","t3",9.10175676406718,3.2915270049556,5.79389721018876,0.259384213441579,0.164766826257269,0.139372257442949,0.0997639487585373,0.127076480002118,0.09258821707845,1.22848129696324
216,"B_p40","t3",9.94724422969344,3.40488286601573,5.83666020784788,0.199976553659605,0.153449073295804,0.100530399630042,0.0763005151472119,0.0916695411636129,0.07876010048662,1.24794271119227
217,"B_p40","t3",6.30618529590105,2.31129748756705,5.4180497928778,0.549303048177843,0.284266490264261,0.374409751146452,0.184630834952398,0.315916057499537,0.158811153827857,1.51865767964747
218,"B_p40","t3",2.93874568439164,0.953983398817269,5.36153704716761,0.919673108737583,0.59899399916206,0.853812801662903,0.480466989180553,0.821181155283455,0.455558439799037,1.56224631079444
219,"B_p40","t3",6.03480702096341,0.758875462319142,5.919980347242,0.577683185781969,0.659315960861071,0.432195161796314,0.576470061770422,0.417972413268854,0.575592500621847,1.19256991877501
220,"B_p40","t3",4.64662917257218,0.771904351496711,5.93097870384521,0.744366696303643,0.664890374670427,0.630598436832041,0.579891820111142,0.617544263097593,0.584446452052922,1.14863318939568
221,"B_p40","t3",1.06191575409631,0.0428156977534345,5.87637338534741,0.997183803132055,0.987846304180255,0.994288901444377,0.980974955307638,0.993904817249457,0.981354841895067,1.19462492033553
222,"B_p40","t3",6.18211574352832,0.289610860608618,5.37008411727679,0.564417600046218,0.876683053867841,0.392564947250179,0.814999903360795,0.324066167838529,0.791490905520337,1.64439598421897
223,"B_p40","t3",2.77092077630659,0.135220235212038,5.17967124784131,0.934908170537726,0.953644848524237,0.877513045132843,0.926429445865979,0.832343398246823,0.91408479426378,1.68261931495667
224,"B_p40","t3",6.76325809398787,1.34766663091465,5.78368103115629,0.493929455168839,0.485178927449825,0.339449316726505,0.382467247355605,0.312490432467669,0.373153121122968,1.25692013029323
225,"B_p40","t3",2.66286449748282,0.0563046532898196,6.04534355530975,0.942426781532972,0.985105503866762,0.901465840227545,0.975828006170909,0.89868218555223,0.975872414659699,1.15216116505863
226,"B_p40","t3",8.91768539103414,3.28750248128871,5.23140440248549,0.286000551778711,0.167612527901948,0.143981545649298,0.0789987066932075,0.0918723283332924,0.0568829290505062,1.66872937704257
227,"B_p40","t3",3.64267968118661,1.55621036413537,5.91066110971237,0.855597181778059,0.414340821601874,0.773962614608101,0.306598183056688,0.764817820977557,0.303551180446935,1.23640592753047
228,"B_p40","t3",3.52688301179743,0.511195232926474,5.63335201002378,0.871229548969927,0.776417238796629,0.784830321144455,0.694637990563371,0.757380151815119,0.686566034559166,1.40201309754724
229,"B_p40","t3",3.55305933557823,0.878468778146891,5.19195461095936,0.863817074689028,0.621963599551618,0.765772333633367,0.515200465350711,0.705835261213536,0.468674447194007,1.62663722748876
230,"B_p40","t3",3.011150358094,0.882454219609541,5.58004257481443,0.919454951832357,0.639492497634786,0.859341471254814,0.539857497758685,0.83031266970114,0.533544512069203,1.36326198101677
231,"B_p40","t3",5.15134360607299,1.29700431196784,6.08580342269292,0.688777477498934,0.488899306699419,0.567184383216852,0.376486139068348,0.561237189100948,0.395723234023076,1.14719301282283
232,"B_p40","t3",6.56003805967633,0.637212337560231,5.55871111922967,0.511449157539536,0.719590096150396,0.346723388081625,0.634271774407436,0.305837394561009,0.608452938400518,1.40264036314457
233,"B_p40","t3",4.47203629551097,0.39083877846533,5.33794762664691,0.768762181743928,0.825902204135768,0.628873103308459,0.756220164769643,0.569114062116069,0.740016978842722,1.52575439181602
234,"B_p40","t3",3.51718826377953,1.03304880827295,5.16225328134714,0.867325668095129,0.572815350968677,0.763755445366455,0.459148511610613,0.707665312972621,0.401666031225443,1.67852953308484
235,"B_p40","t3",2.37214771329931,1.08322877407447,5.54014623475918,0.958793197164617,0.56341903039668,0.921674089557384,0.451591323179831,0.906134018357494,0.428287917467181,1.44602051661048
236,"B_p40","t3",13.6286798081333,6.54665641191829,6.19333754464682,0.0654605437782297,0.0286843227779672,0.0261829705239305,0.00869777998278787,0.024303793884062,0.00955656425815055,1.17850675003625
237,"B_p40","t3",3.61639124284104,0.439627508918766,5.58307887261385,0.864330644448533,0.801542274321527,0.763291517034318,0.724229447895166,0.738029186393149,0.715571753498214,1.45447869667734
238,"B_p40","t3",6.02146418475939,0.943175804332061,5.29580224493011,0.585425266196521,0.610491399921733,0.411185987429517,0.472569879881315,0.333455974187732,0.446788829507777,1.65833426323961
239,"B_p40","t3",4.45283647851442,1.75874695405343,5.72322369825131,0.767715379207784,0.377585762175407,0.641791452093553,0.260852155348797,0.621995137699423,0.263444291460566,1.28979608579801
240,"B_p40","t3",8.10152281407573,0.59073717247493,5.83075389020629,0.352179054220441,0.740050102797867,0.216490192501083,0.664519115435177,0.194489745949375,0.662984714956687,1.22595256214394
241,"B_p40","t3",5.95980902415093,1.91113222326544,5.5325152338961,0.596598086138431,0.366043288191129,0.43419209657033,0.245456699809577,0.375031517760492,0.225704502518478,1.47295379165902
242,"B_p40","t3",7.37620684362228,0.072716173782772,6.11039666778839,0.430084660426247,0.97558912661697,0.291957264631522,0.964752140279824,0.289312204661361,0.963698071365782,1.10940524928547
243,"B_p40","t3",3.27373001350816,1.79983843207226,5.6958810759959,0.895127159054305,0.376280839036827,0.823045019327298,0.264544287321041,0.799712854788391,0.242110106881007,1.36497111345257
244,"B_p40","t3",7.26835187332019,2.99541231680248,5.93230849928819,0.438511305802229,0.191698652808733,0.294744092845313,0.111329440519678,0.278581103015242,0.114224451539289,1.15437567427897
245,"B_p40","t3",6.33346615467271,1.87775497876327,5.68186152830408,0.54042457477764,0.354545678953268,0.381731486463475,0.238968204369701,0.348676330914034,0.228354261127629,1.36577116738737
246,"B_p40","t3",7.38835381686816,0.25675279273858,5.40777610155243,0.424912084669963,0.89302932686968,0.257596626062932,0.848283517539834,0.205090340452101,0.830768540973773,1.50067247073915
247,"B_p40","t3",5.26343708697069,0.905351235891638,5.29363735538708,0.67068318861378,0.62053136336226,0.515051019048253,0.504279390191499,0.437156156452742,0.468229242377542,1.61486165661633
248,"B_p40","t3",2.49666049383481,0.0840008259103407,5.9338127395643,0.951009629328569,0.972407524784896,0.914362988645418,0.95993411349401,0.910601714954545,0.958728340134934,1.19451568629955
249,"B_p40","t3",7.27864555481344,0.464201212973359,5.85605901886663,0.435368939921717,0.793620509186953,0.290889805442238,0.725183474894086,0.26831944793409,0.723633994296548,1.25752258867431
250,"B_p40","t3",4.83451154658151,2.71638780710447,5.96532704269724,0.719172364036587,0.218544919537469,0.602981494389431,0.133931714616653,0.592879498744745,0.137133993434119,1.1563005538112
251,"B_p40","t3",7.87288028302262,3.46873341697581,5.78142341589677,0.370087263903334,0.150210153182823,0.229141746628339,0.0778185146837064,0.207139325108335,0.0770109509330251,1.28270364366491
252,"B_p40","t3",1.65408272650912,0.931553321981997,5.55167150482289,0.98662257721741,0.606298778915671,0.973034364512941,0.491654997990708,0.967660125426538,0.474025691385453,1.4123826901622
253,"B_p40","t3",5.20886541936033,1.86907664112946,5.83121556407206,0.670414106800477,0.348361654741758,0.532785437448455,0.250820465697453,0.520696311079318,0.25060483147568,1.1831498302804
254,"B_p40","t3",4.41615651879682,1.65045775359162,5.62557315471426,0.769908669878732,0.404708457645909,0.642388685284473,0.291609362809708,0.615824936186364,0.283617816545888,1.32425107656359
255,"B_p40","t3",4.09358861916167,1.34967262860864,5.34462930908135,0.807738893461454,0.471750082043787,0.681615725076934,0.344563484176385,0.632090154900468,0.318145510379278,1.53800039285519
256,"B_p40","t3",5.96716656407561,0.413735614588295,6.17367277526739,0.584756762441928,0.817648579877061,0.453312407950729,0.765922295544746,0.4598480079137,0.776590092930888,0.984504691676843
257,"B_p40","t3",5.70941068825487,3.43145067289096,5.65676310485301,0.620592123228572,0.148837455197998,0.460500521540703,0.0699441067623668,0.42564101708294,0.065204736585446,1.38208060679521
258,"B_p40","t3",3.79428874461875,0.741236827818921,6.0689921783052,0.842505093580267,0.679966076073129,0.761160364895965,0.603460833315027,0.758004254282153,0.607969805590896,1.09297773916257
259,"B_p40","t3",12.9336425709839,3.39967519371054,5.73486361292329,0.0788435982726866,0.154772021374963,0.0271622172205366,0.0775052728755523,0.0209559135644699,0.0700838085337908,1.37361637833894
260,"B_p40","t3",1.64885936146536,0.251817484900406,6.00228979100517,0.987349382491879,0.890229031262415,0.97600421932513,0.849061880621877,0.975037539355417,0.848724290665978,1.17329451308832
261,"B_p40","t3",5.79722926945931,0.246888600805913,5.72703220779215,0.60562831253996,0.892228140724049,0.444970972724363,0.844638755056586,0.422951262374139,0.837245846983691,1.33062032131126
262,"B_p40","t3",5.76490926978967,1.46307979366099,6.06127113464025,0.611120595499222,0.451222017027668,0.473550862122336,0.326783157166999,0.471672045058255,0.336068120975371,1.16835504481128
263,"B_p40","t3",9.3453809322957,5.29708688109505,6.15116080700274,0.248927599882119,0.053889727675546,0.142475747836554,0.0222654096141937,0.143846772112848,0.025096464005516,1.0469792530847
264,"B_p40","t3",5.14178978657306,4.32524962324481,5.84807929852921,0.692394697965593,0.0904641651663251,0.560028408033032,0.0409079155339818,0.532910995449238,0.0405795033467842,1.27213563019513
265,"B_p40","t3",1.00776061383263,0.244983924141726,5.58033228424824,0.997596887831709,0.886226318688572,0.994844437346206,0.842207069387708,0.99391520672816,0.839920764222251,1.33880538635699
266,"B_p40","t3",8.63193603124104,7.16089156736784,5.58259723200556,0.301835417100868,0.0186026021352774,0.164378462931579,0.00334910730563065,0.135823708048729,0.00222015244268503,1.52309589176045
267,"B_p40","t3",9.91862548645865,1.72689342871217,5.81033713189692,0.212656984314451,0.396237903286676,0.104977085429573,0.281878903234655,0.0910154267993164,0.274325588731024,1.2943940129924
268,"B_p40","t3",4.39099495665338,2.53079243876716,5.85292724631843,0.778438067925023,0.251462591642145,0.663829399825791,0.155658806308499,0.647048014836335,0.15302172187784,1.24688826113042
269,"B_p40","t3",1.66637609439729,0.378962965670941,6.0173291784934,0.986780601137525,0.833168356078806,0.975595233467057,0.77751858770624,0.974803838031659,0.78541882548167,1.09378138268373
270,"B_p40","t3",7.32877398345923,0.291810094648549,6.05183354626803,0.430364879559643,0.867507125067191,0.290630996900074,0.81955399875153,0.286974616862748,0.825788858905791,1.12073648007385
271,"B_p40","t3",2.82183417254117,0.308178359926943,5.80660544713807,0.931158806438772,0.87428628623798,0.882524082955067,0.826680744308734,0.868966040390486,0.819678540932926,1.26988469649463
272,"B_p40","t3",1.46740196099269,0.0745478520909332,5.81376572220222,0.991135620871646,0.974463201737842,0.982706377109954,0.961519190439804,0.980975626994501,0.960109227020738,1.25537039076283
273,"B_p40","t3",3.47720293616136,1.15897675165455,5.23490416312485,0.873858656462387,0.535262136079678,0.774500157543142,0.405692883322804,0.723065569464173,0.367229000074856,1.61325768147751
274,"B_p40","t3",6.3737338789881,0.130189779030723,5.93174344147934,0.539313683826535,0.947693046851571,0.391986995332258,0.926057818191677,0.376955935919222,0.925634572493878,1.1741445608244
275,"B_p40","t3",5.66603590412562,1.41747922318323,5.71127927642224,0.63383740951893,0.467655792146592,0.483406270857253,0.351997153398909,0.439167887337852,0.332453084582331,1.42157110962368
276,"B_p40","t3",6.28811130230478,0.899495744420471,5.81035010593485,0.559447701514421,0.628308125720714,0.403566830615011,0.512679014814369,0.371348221088804,0.508916044448781,1.3431906121985
277,"B_p40","t3",3.91436799227252,1.25752818736693,5.72026816955875,0.833603334540046,0.500921173434704,0.731049768887478,0.399681395211511,0.70610393790998,0.38386956926972,1.32735318573799
278,"B_p40","t3",1.59203050179554,0.306051306739065,5.75930120661431,0.987892573812158,0.858425018021736,0.977381124280166,0.810240776086167,0.974742227903649,0.813503281059602,1.18754902777442
279,"B_p40","t3",1.94985006968489,0.260454003394954,5.63168863691155,0.977891028526611,0.887762327606538,0.957287316252705,0.840748407007005,0.948827550421013,0.832183566284362,1.39248153595048
280,"B_p40","t3",5.2138335196011,1.32082457622786,5.67613242754671,0.677149923364595,0.49302454116754,0.525780600539203,0.376432399159877,0.499160369824276,0.368262815722886,1.35942116281392
281,"B_p40","t3",5.81709900966384,0.44311901860255,5.8809124386058,0.611815571294259,0.796937437620232,0.462722039588927,0.732431625408687,0.44157759519349,0.731206536251306,1.26139125329511
282,"B_p40","t3",8.20874061535999,6.33693189422584,5.27393446156858,0.343405213390427,0.0324868174304941,0.191560573322202,0.00720796322307404,0.13208672701622,0.00403686798754277,1.72477169161861
283,"B_p40","t3",10.7490013537113,0.985678725608455,5.74536902959464,0.159557016349148,0.59217300797533,0.0730669474936619,0.483573910158197,0.0599616425802549,0.472389062630957,1.33869839695962
284,"B_p40","t3",7.34908744505068,0.476511765315318,6.07150180248541,0.417059258646037,0.779816900960663,0.293856890285705,0.714493232735485,0.287329763431493,0.720660127882008,1.09729861606961
285,"B_p40","t3",9.03391931036438,1.87182809415138,5.70498157785977,0.271637323725394,0.360995000499456,0.135661287448229,0.238515050412277,0.123888141063349,0.233027141697309,1.36056877843081
286,"B_p40","t3",5.03180881075103,3.78944003230238,5.22700039924091,0.698676713561456,0.116909995251006,0.559030535736147,0.0550393764539345,0.462209855173456,0.0375462104242492,1.73039695103302
287,"B_p40","t3",7.44846140962326,2.44488131443119,5.53233877838521,0.407959041212694,0.256810835410287,0.247419576563342,0.148492527591645,0.214667122475483,0.138825110476961,1.40989040890597
288,"B_p40","t3",2.83058841971249,0.170463657588899,5.18447465360023,0.930729810365607,0.929702582218885,0.862101934065923,0.88886649882331,0.821407407696017,0.871212804209403,1.70583301475731
289,"B_p40","t3",10.307556765484,6.27888258319805,5.90350703340764,0.182299879160571,0.0329151895868368,0.0924846216685203,0.0102018287472854,0.0821274227826545,0.0102966237933568,1.21296782847334
290,"B_p40","t3",3.62411574298815,0.733684318755442,5.51715694510259,0.863207629903739,0.687306368768266,0.771062167242994,0.585795757802203,0.731866227477822,0.584712573795885,1.39028325073689
291,"B_p40","t3",2.92043318056236,0.692125163398582,5.54723417659878,0.922463716608113,0.697761544546717,0.855803175742962,0.603921003129796,0.836880600084847,0.57249669951033,1.49980011702318
292,"B_p40","t3",7.19702623532972,2.29813487703041,5.49684920696778,0.450982507264167,0.285580163983379,0.292545381080189,0.182506717926353,0.232795082117381,0.155174255199171,1.55240527334806
293,"B_p40","t3",4.50389019544006,0.343979589950268,5.46851395580194,0.771140298951652,0.853122327840227,0.632572417192954,0.789396845441926,0.581018703910641,0.770949386193464,1.54082376552632
294,"B_p40","t3",7.01735786692656,1.1954425143263,5.52247466878999,0.463814604963058,0.526163842785689,0.303387460433652,0.405743554099901,0.253161992553393,0.387741565157736,1.47598575535156
295,"B_p40","t3",2.71305329064269,1.33250652856296,5.74932467858771,0.937009160442613,0.492663198084388,0.88756600984192,0.370864723343258,0.877418444607378,0.366431564626098,1.32170994602033
296,"B_p40","t3",4.94838431765816,0.324421062144751,6.04390557402187,0.712774090815906,0.856959086110463,0.588520437681982,0.811603621835951,0.586143953316465,0.816048850364122,1.09126758689709
297,"B_p40","t3",10.4354174396273,4.47960655957899,5.80908331531742,0.178386046046317,0.0822823043744038,0.0863300812252618,0.0298463460229497,0.0727981962733633,0.0284904351142401,1.36176336649403
298,"B_p40","t3",7.12186315806372,3.39689573215991,5.5667374821421,0.444075096145062,0.143562666188507,0.280431199057353,0.0700056324261298,0.248230945124686,0.0607168514053624,1.40421111218777
299,"B_p40","t3",12.0150490250533,1.53859229203994,5.69921870611657,0.105519680592055,0.439282603137003,0.0390572702479467,0.315442897001626,0.0314405724038602,0.312962395434589,1.32885274176349
300,"B_p40","t3",2.20891306319711,0.13423066873385,5.38770770422427,0.96486992064526,0.947307097873183,0.9320085482538,0.916514968149183,0.91594624701926,0.908086485100003,1.49433897101158
301,"B_p40","t3",6.38249656823304,1.09398271073361,5.51973624474313,0.53437066048273,0.551193112041984,0.368551027187108,0.434769091044473,0.320898862124802,0.417277825450282,1.43518907055869
302,"B_p40","t3",4.5544622885315,0.915900458051748,5.97563798156267,0.764549447908363,0.62130954941057,0.648428322678471,0.52525525626678,0.637190725785112,0.533421162867265,1.14872372902286
303,"B_p40","t3",17.5142877257548,5.53936175245594,5.91832352181204,0.0121990922221665,0.0459318170329817,0.00318935833353828,0.0194326513837364,0.00255987377568867,0.0199256336551628,1.12107837791905
304,"B_p40","t3",4.02707403344113,0.941465300824088,5.66497371434213,0.81788685932098,0.611253359616915,0.714400446119512,0.515745282426963,0.683371085108931,0.503629609332735,1.30237100944995
305,"B_p40","t3",4.59529831132465,1.3838895115453,6.0602632235245,0.754753492591978,0.468817266620784,0.642311207059694,0.360192798478815,0.64012309747787,0.380071893546271,1.0855546798001
306,"B_p40","t3",5.39321931003718,0.391688812728836,5.33754455841109,0.657852771428647,0.826463195798923,0.496712494741776,0.766073367070196,0.4249322616511,0.743905812621295,1.54108973305506
307,"B_p40","t3",9.59147560376481,1.3180457320993,5.90100702876951,0.226268069621511,0.488698982283363,0.118501576478605,0.380947979847287,0.11144723765769,0.394026927602095,1.16061483245425
308,"B_p40","t3",2.49523260431196,0.284855371172498,5.80167931953027,0.952831947921009,0.874756477490929,0.915925624889698,0.828040692145545,0.904502960801503,0.817501614951713,1.31516797701723
309,"B_p40","t3",3.57439067166795,0.52808340272024,5.42099395819622,0.865260709111288,0.763682100861518,0.76741627705022,0.682413750421119,0.727948554184425,0.66612300107182,1.48297569490915
310,"B_p40","t3",2.54961626557173,0.147810717182598,5.64942237112592,0.947628657543861,0.937670890688967,0.902313460693458,0.906620295543546,0.891205202752554,0.906100284206296,1.35200143607106
311,"B_p40","t3",6.81368791873827,5.2235411295379,5.72642259317071,0.484653927932292,0.0527112642388179,0.334101854645976,0.020159663841252,0.299722233072723,0.0173377072100664,1.347357944872
312,"B_p40","t3",4.8531649611418,0.766679829046975,5.63548274112403,0.713466638273214,0.678398812793272,0.582716660641874,0.586673194223862,0.548359506240569,0.575811115676511,1.31817874236843
313,"B_p40","t3",7.00033890367433,5.11931271796233,5.59010418006625,0.475210890912685,0.0652648818928677,0.30960766788806,0.0231243331643561,0.262865624538879,0.021777319892465,1.39651904228362
314,"B_p40","t3",10.3389997847562,1.92528175477395,5.75920685811197,0.186545996680758,0.34177825041917,0.0931262136216645,0.231718111819395,0.0727956033042937,0.2217270284595,1.34539121254493
315,"B_p40","t3",6.1926883363129,3.54795630363962,5.69192156055626,0.55791189269741,0.148308234305301,0.397561035568482,0.0814625574546594,0.367438634786418,0.0725468557700194,1.27845441681031
316,"B_p40","t3",6.85530502830061,2.04693117606279,5.60360260755284,0.484535517625471,0.340003582640831,0.324955656297869,0.224046361465078,0.279541532588308,0.204843641338418,1.45541035927812
317,"B_p40","t3",11.075895134238,0.240443203199422,5.72361806621348,0.142222749473901,0.893588127041048,0.059457932119056,0.855277320976727,0.0502532710440466,0.849617944626906,1.27574424858616
318,"B_p40","t3",2.97601399931762,1.71280164417923,5.16287497482609,0.920615254010307,0.393248827341208,0.847687462441189,0.250964536905931,0.798442842188074,0.211764853472247,1.74242796993534
319,"B_p40","t3",17.2843027082683,3.26431322633096,5.64540249558558,0.0139645360651253,0.164674270532733,0.00306001703340775,0.0841939382475636,0.00192681537541484,0.0827941212513961,1.33778194245597
320,"B_p40","t3",3.67856051162307,1.07723734297276,6.18784167443134,0.857278681617784,0.559382240915883,0.784805553733012,0.463872907183867,0.784511307205747,0.478229805466466,1.05949886532379
321,"B_p40","t3",12.4212705833178,3.05499407043991,5.76373289439638,0.0958861504461372,0.194196682700436,0.0363921425265918,0.110194337634343,0.0276758902554504,0.0966466866206913,1.40949984313221
322,"B_p40","t3",5.41336715652809,0.305101048870022,5.90687419097898,0.651562709772527,0.86724074566347,0.510319046971432,0.821626734800872,0.501502442581999,0.82692795318715,1.12649793011172
323,"B_p40","t3",5.2999867732441,1.08919184168373,6.21739663234115,0.663956793241049,0.560980256917295,0.550382242159388,0.46915473788171,0.556806698962707,0.484142625379154,1.00969124511743
324,"B_p40","t3",2.73919027279995,0.569533752812424,5.42191381696087,0.93587653686116,0.761090739988014,0.88146011970346,0.670859846763149,0.855001722584469,0.653625949882965,1.50359691645354
325,"B_p40","t3",10.347508005927,2.97182307973256,5.90466470766334,0.190492506595785,0.197417383100904,0.0988344852251468,0.120382928233442,0.0805403519407866,0.109761673921577,1.28776314234035
326,"B_p40","t3",9.1845508313794,1.08206710580186,5.30715338770551,0.260730618558506,0.555280219861315,0.123239981963209,0.428895486867866,0.0861021190147392,0.399348207680021,1.57837378510959
327,"B_p40","t3",9.59364616356,2.85356660945504,5.79402260501439,0.226126265001822,0.212912197425219,0.118329452978968,0.126443638006848,0.103089175751743,0.127849090687156,1.24024186798918
328,"B_p40","t3",5.09702321954292,2.46827386999391,5.85829447116353,0.704428933182736,0.269493975830967,0.568739082551332,0.16977026620438,0.540702247417971,0.163233576979985,1.31329044741523
329,"B_p40","t3",7.70902596911779,3.43681734553504,5.17227883857772,0.395252995168132,0.158859597973206,0.221464685307592,0.078515802412582,0.154522547386418,0.0522507233365715,1.7248339920916
330,"B_p40","t3",3.45230996171602,1.01426006828301,5.61117281489796,0.880708586454084,0.582908602804351,0.799168693791948,0.474592849048007,0.766005713157818,0.44788513030465,1.45746362677465
331,"B_p40","t3",3.3190035188427,0.266551443752603,5.43377541137203,0.888198321747791,0.878002307718047,0.807223016280167,0.827598336885071,0.769586833544986,0.818009236161272,1.47760630329828
332,"B_p40","t3",7.63081500901575,1.9043937277211,5.71204908909753,0.396776843781148,0.344749799949944,0.247972593842231,0.235528171066569,0.219542272794315,0.229174569792935,1.30245362829856
333,"B_p40","t3",1.73688177490701,0.0343229975154902,5.47749450171264,0.984277928038244,0.99251370226605,0.967041693101699,0.986806232284805,0.960819327842241,0.985664146038165,1.44580865758264
334,"B_p40","t3",6.84616967468511,0.331048751962909,5.21867359517176,0.478227503392226,0.847131012532275,0.302186580879261,0.779223686802548,0.231575258324327,0.763336647026431,1.59081092979165
335,"B_p40","t3",2.93369272386951,0.73897533438792,5.81229470056371,0.919348842897056,0.672408113724033,0.863191726002254,0.584732063312676,0.854669036117509,0.588595196169452,1.19703040706626
336,"B_p40","t3",5.69548444330873,1.78211094512746,5.78104788588199,0.620383942581044,0.384124212395715,0.478604064291667,0.27086345012942,0.444590771811138,0.262584294377187,1.27852142462211
337,"B_p40","t3",3.81715496214208,1.16621904694454,5.13617822732795,0.836075185656751,0.525784606971401,0.708234742160681,0.398822017307859,0.653167590504954,0.365329556625098,1.62321267275864
338,"B_p40","t3",3.29550944916822,0.225407281635283,5.42768021147066,0.891604190192132,0.904227975524741,0.806029015386265,0.857644578557626,0.77244520894737,0.844005556182207,1.51807360684637
339,"B_p40","t3",7.58714885892187,1.4579532329833,5.07807095560309,0.399986041137506,0.45316776316372,0.221666721858611,0.320452899734208,0.153001058526076,0.280789886761092,1.68633522193668
340,"B_p40","t3",3.01167666441862,0.134335265987697,5.67229973799728,0.913979493129821,0.946368256349149,0.844586979754624,0.922567977833415,0.834977734588667,0.920079295708921,1.29520681408428
341,"B_p40","t3",3.55963353368266,2.47754634680927,5.78502736423908,0.871798774511114,0.262765137243574,0.791907763848165,0.168867870592101,0.767669799220697,0.163393990314325,1.27544628550792
342,"B_p40","t3",8.37391471813068,2.42454130511813,5.50680413377812,0.330752823954598,0.262878486454678,0.191982825577015,0.166057539509121,0.143354857413755,0.140992507052113,1.477934720354
343,"B_p40","t3",4.67184155810441,1.44449789489849,5.56327776362795,0.747186387376822,0.449442347891049,0.608614555874701,0.332787765538823,0.567343902876137,0.320579532105086,1.41010982248885
344,"B_p40","t3",7.14839639467169,1.36789412756557,5.77628341516869,0.458032429012404,0.494706164481208,0.309176190025003,0.38348651933387,0.271334940818042,0.365492076132569,1.39035389519758
345,"B_p40","t3",4.86903338306176,1.44755672117001,6.26974301133244,0.721539822405662,0.453196597530139,0.614772477330327,0.360785623075838,0.624113910894874,0.377954217905171,0.981737979382269
346,"B_p40","t3",12.4876781008361,6.40029851886448,5.96153181524238,0.0942889044371993,0.0335349199605677,0.0376482999343716,0.0102466471601617,0.0327512668994612,0.00908239796509358,1.26784046447614
347,"B_p40","t3",5.99754956454158,0.120941306808555,5.77300539556302,0.589294667895303,0.951325443795037,0.435139056286509,0.927162877626701,0.403064350463365,0.925391577678665,1.32749260547575
348,"B_p40","t3",6.17634953552736,1.8236658344621,5.33783635042129,0.556608058015293,0.359552869780645,0.376349266457774,0.240422605619026,0.32034095329893,0.2040530113298,1.57162557888107
349,"B_p40","t3",3.76601376817996,0.356109761992905,5.73726794566932,0.842697352492461,0.839461521562858,0.750156517046135,0.777306010752227,0.729778091044497,0.765234187058473,1.34037379269643
350,"B_p40","t3",8.56383080820835,3.25316048236202,5.72044268049847,0.314124662156804,0.17341440740656,0.183493722898542,0.0929199295068602,0.151667024225512,0.0879213232328382,1.32854471306701
351,"B_p40","t3",5.5202497251443,0.677642512405192,5.36663457126595,0.637041801128196,0.697101779140391,0.465332258424952,0.600162519322462,0.410865986575836,0.586895551887129,1.4918696721608
352,"B_p40","t3",3.99950400825076,0.221353990337421,6.04808537524851,0.828309705268188,0.908140200237977,0.732347267585588,0.875083765359288,0.727299440435496,0.877212626637956,1.13529034047747
353,"B_p40","t3",11.2543182056713,0.76807620526697,5.97634219268816,0.132783515860169,0.654830671274516,0.0606083435296119,0.56731712221948,0.0578019729566193,0.574550296004519,1.12241668280486
354,"B_p40","t3",5.54203829014368,0.249247121831133,6.0290982025225,0.638415210165153,0.8828850067399,0.5033954552203,0.846450615053528,0.498537793294523,0.845895616894274,1.13347313900949
355,"B_p40","t3",3.74145454910688,0.117291125294434,5.63789593135173,0.852637529146555,0.960024618684783,0.775015764881385,0.937784321063464,0.724832564851514,0.932118965615075,1.77123027460371
356,"B_p40","t3",8.69443469526425,1.82052355333056,5.91034346370897,0.304216435140614,0.371498360093111,0.179334990273411,0.250457820498449,0.161762640199839,0.251038619957013,1.28563780637131
357,"B_p40","t3",2.94886222286174,0.125092919457517,5.90198658137319,0.919111459589664,0.952837563597219,0.862844794067326,0.928738358772327,0.858361021547649,0.929207898614241,1.19909645525848
358,"B_p40","t3",5.88209226673775,1.43251735788282,5.78070554737514,0.598054882741906,0.456740880800129,0.444935257707742,0.326744071093009,0.41881940440164,0.321729191850188,1.38108473040535
359,"B_p40","t3",2.87720682426659,0.288958981751068,5.62418671705062,0.924472357776674,0.863926937347372,0.861786485903865,0.813066985344658,0.848932095986796,0.808421833756924,1.34101078066249
360,"B_p40","t3",4.89685424067225,0.305838644515556,5.25677964941416,0.717594878490532,0.86523982757396,0.560083235904142,0.813624767081731,0.487695724010279,0.781692781275408,1.64925829902902
361,"B_p40","t3",8.54216960454014,0.152675015204563,5.61350179631144,0.303745030027898,0.939464792383354,0.166419013025086,0.910125321079358,0.143130797740032,0.907062197553829,1.32926455131325
362,"B_p40","t3",8.20048752578936,0.12485700930304,5.53126349583839,0.342911380065069,0.955267627503301,0.199294574611355,0.929770890969967,0.157250317710808,0.92181344373875,1.48357689856892
363,"B_p40","t3",4.81997258275253,3.11143407639795,5.50344254993246,0.718786405762155,0.177609438280749,0.579125867548963,0.0923312269186334,0.535312170885393,0.078615184427701,1.44191392216077
364,"B_p40","t3",6.04184816503227,2.66105959642711,5.7980898235153,0.58266335400881,0.228819877442212,0.435576556953133,0.138575922429832,0.400589492296837,0.125523008188361,1.33346627371817
365,"B_p40","t3",16.543594461659,3.84523437315951,5.39714902669468,0.0195225088305427,0.120886457255905,0.00409813156905159,0.0510538480167945,0.0019571738784514,0.0403812043803075,1.57656955129644
366,"B_p40","t3",1.63230804890427,0.352923661420236,5.72074197135995,0.987354853911139,0.842857776936476,0.9750847102918,0.783488699802297,0.971768593871399,0.776496467099785,1.34639097195912
367,"B_p40","t3",6.45918274462089,3.00993079574707,5.38462804161085,0.517255055927425,0.182470389181149,0.353215644465522,0.0936618078201862,0.293821602448769,0.0794926014107592,1.51091536448485
368,"B_p40","t3",11.8380315452341,4.87063945613615,6.04413578017562,0.114210932882689,0.0629427053945117,0.0476039759520757,0.0233437388418116,0.0473243288651544,0.0282261082311275,1.15862812591517
369,"B_p40","t3",4.13520867776525,0.451021388976267,5.78552302005242,0.804578815725564,0.793355462118254,0.697786095231705,0.734507009784685,0.679088329908692,0.726733581248056,1.25613470746914
370,"B_p40","t3",2.38048514369311,0.559427961637686,5.63317699204997,0.958856019033912,0.753495802840063,0.922490944801154,0.661754107298407,0.909288354634535,0.655022131982554,1.41551854308497
371,"B_p40","t3",8.68213127396415,6.29246145803352,5.4250565382733,0.300141462980931,0.0284349697402184,0.157892150406744,0.00645910526021221,0.118759187467148,0.00513276131059281,1.49820800292223
372,"B_p40","t3",11.8756144607158,0.834044722487909,5.80368515812876,0.111531106272258,0.648951394302571,0.0487731678668701,0.555701065447139,0.0373243680721642,0.544146247963189,1.31200187432206
373,"B_p40","t3",4.372581840903,2.70796791246021,5.86238352744788,0.783424317924905,0.23398140666715,0.674420443291975,0.142513428813927,0.651409699081102,0.136311720648838,1.27452965154724
374,"B_p40","t3",1.7340419450074,0.52155280880444,5.75151483026698,0.984944194553386,0.773874927462671,0.971424485962031,0.690971557263294,0.966910391897836,0.697775979270688,1.29086795172847
375,"B_p40","t3",10.638460415804,4.26291618183282,5.35021934071318,0.157106135025713,0.0895091362533027,0.0673176994661401,0.0365113782281492,0.0440850766519694,0.0254328289228086,1.56257620976375
376,"B_p40","t3",4.8387619379747,1.65155517649864,5.63663499484013,0.731608037376624,0.409260056377629,0.59050322052348,0.289610996484128,0.551053211577345,0.28035099431033,1.39232528142846
377,"B_p40","t3",7.9315622636156,4.5810955343162,5.53412014501281,0.373202265115556,0.0784767541220261,0.208101036175624,0.0276426551240574,0.176584937162168,0.0234409158981411,1.46076225524381
378,"B_p40","t3",13.1296430943655,2.13103669924907,5.83725029958116,0.0687302531916081,0.307838036912237,0.0236314458886429,0.202194410178644,0.0213503590556903,0.204157945874113,1.21463490822223
379,"B_p40","t3",11.6446074570157,0.959815611087537,5.65353565303246,0.120906638398482,0.610243702372404,0.0525984714913661,0.50599306986462,0.035518860953781,0.494051457780081,1.43549049175823
380,"B_p40","t3",2.58537296322074,1.07196949302101,5.66723217283101,0.946553027721989,0.568943297296429,0.903539725452212,0.460842400670723,0.889164837467263,0.455247950013168,1.31566923977385
381,"B_p40","t3",10.2191846186947,1.53079043163372,5.8908343569753,0.187764943743789,0.443335556461579,0.0977349556929474,0.343507418803344,0.0845039844436946,0.32798599735365,1.27376257204863
382,"B_p40","t3",8.73650794231325,4.33288824611716,5.92643973084447,0.304058116904495,0.0900873020397895,0.183588852506402,0.0414325586343571,0.160330449237171,0.0357263572747871,1.37236066607408
383,"B_p40","t3",3.88888637509464,1.70488072374803,5.55084102235014,0.832168352516495,0.402607101660664,0.732895671871161,0.292371863656962,0.691888730329058,0.268739118066297,1.46909501332094
384,"B_p40","t3",2.64490756796168,1.58921020689415,5.71931013972462,0.941213108579057,0.421615676330355,0.894361820089453,0.315360365528366,0.884378591085166,0.300726501306041,1.31657442751498
385,"B_p40","t3",2.48549894223663,0.703223366583444,6.02736304706582,0.951302907337343,0.688478596402789,0.91654355240616,0.608263492332256,0.914839123435507,0.615599677663077,1.11691847807588
386,"B_p40","t3",7.81549612939159,0.506316534958845,5.73160961922638,0.364823030424719,0.769084725420995,0.223320857040886,0.695698707131317,0.206393562962665,0.696177748676724,1.21774666570816
387,"B_p40","t3",1.50068159017666,0.174182390737906,5.79246818666923,0.990909710634907,0.933163435912799,0.982455403073262,0.903218703431538,0.97966495433445,0.899958134579343,1.26549166515021
388,"B_p40","t3",4.52794428700526,0.715473022735836,5.69170419390525,0.75907313943343,0.690981816101351,0.644836043697606,0.602510921153848,0.606764616514802,0.595679173519451,1.28113836446288
389,"B_p40","t3",17.7470647200797,11.4464921896794,5.62189828743772,0.0133596817692768,0.00193238094721404,0.0025129838791228,0.000218900257310528,0.00142620022254314,0.000139562321993192,1.40852040894887
390,"B_p40","t3",2.23251127953061,0.204592991204399,5.51675518005302,0.965957430505145,0.916472454492141,0.933631105938295,0.874645290139351,0.919627369046613,0.866740686611819,1.50303672624755
391,"B_p40","t3",4.69188954396217,1.9548033079352,5.86732626462261,0.739416608216124,0.340786564912574,0.619699248894814,0.243030946737829,0.60301356559055,0.238998367135063,1.19873135820117
392,"B_p40","t3",2.10350698342599,0.0847506139497568,5.31479157766456,0.970312304511887,0.969850509637027,0.94171249652606,0.952729985546462,0.923471057409484,0.944118599981222,1.5603399615558
393,"B_p40","t3",3.71453342593288,1.0555945710171,5.59901224724082,0.853994373104956,0.577901967007143,0.757847526472211,0.456427426605673,0.724442121856042,0.4425284731498,1.42911836363768
394,"B_p40","t3",1.13586954270907,0.110203672530222,5.84490689541485,0.996589769281014,0.960497730933815,0.99273178521371,0.938660408492853,0.992275494634715,0.941132042472606,1.22682492228252
395,"B_p40","t3",5.78737472222057,1.65487002801338,5.61500503319877,0.593635586843522,0.394682051406086,0.43416562821848,0.280558412168474,0.409176140968745,0.276586416482355,1.28571962688255
396,"B_p40","t3",4.45010242993247,1.07628717724344,5.235202184937,0.770021088944708,0.560445999168776,0.6342483100542,0.44115821974956,0.558215722277386,0.407411394497866,1.60427544528399
397,"B_p40","t3",8.07368225268129,0.930298919940447,6.09343756875374,0.352042670874517,0.607646985158902,0.225195228947481,0.519135458227033,0.22481296329738,0.523114400055332,1.1033097099402
398,"B_p40","t3",3.63912583280603,0.837042675914266,6.06492814456585,0.858775424796685,0.64356585078455,0.785250645979835,0.57001208486291,0.779835499353187,0.570745013883041,1.07100325567842
399,"B_p40","t3",9.76513883800106,4.74081766531506,6.15654828864598,0.219361950750714,0.0700038816009318,0.125052394480454,0.0340425703842966,0.121981337350686,0.0360628563014588,1.07508208058527
400,"B_p40","t3",3.22749709746614,1.85675813230148,5.76580468638535,0.899696814072939,0.377695079349528,0.826751319920124,0.26302684884917,0.8123478253458,0.261059602925591,1.33353305883965
1,"B_p40","binary",7.70176139313458,4.19658106099373,5.95985366319593,0.394009878088791,0.102330842081812,0.243510227356131,0.0490810807472176,0.241699489058411,0.050668932225132,1.17522689018202
2,"B_p40","binary",7.95651011519773,0.949267641292803,5.60082769382131,0.352748863704797,0.597888884275088,0.201180739991655,0.493452250544344,0.181431259481099,0.496540404738682,1.2830319224205
3,"B_p40","binary",3.39121124248186,0.499045328919458,5.7576535428942,0.882418184539286,0.769690415245122,0.79488947168527,0.688924522539019,0.787986225902462,0.692351699801996,1.275939853262
4,"B_p40","binary",7.26493681419758,0.462166367977956,5.11286073741684,0.436195248808328,0.79650235347444,0.2450616608868,0.716581630308501,0.181232437229323,0.687548614942512,1.67756781148182
5,"B_p40","binary",1.39059389281684,0.266113241552574,5.26683294845646,0.993085005772587,0.883641273086363,0.983765723876478,0.830395173122011,0.977947385427937,0.813331374597932,1.63168593559752
6,"B_p40","binary",8.15407808456598,0.125399457708773,5.64512154314307,0.330421895889219,0.944737925866997,0.188144853364933,0.922542858748384,0.171866908293496,0.921252073995978,1.27050284367638
7,"B_p40","binary",6.46977526829375,3.38215266693592,5.44613940277373,0.523504423978585,0.160809361269309,0.343534965213213,0.0793855638778178,0.300960419478878,0.0654751262531652,1.48590356711341
8,"B_p40","binary",3.82237266884592,0.534541258859162,5.1519389638375,0.834198235319445,0.754348421948894,0.704498238113011,0.668889308286348,0.654179533127259,0.640793038544995,1.59940449302093
9,"B_p40","binary",6.83625031163071,2.89823448027894,5.22660241012327,0.478871712657502,0.200195788595192,0.297819384543596,0.0976442241799755,0.233763247346467,0.0777497524923083,1.65445401652862
10,"B_p40","binary",4.15526458702734,0.115402101795034,5.57374949103901,0.800476217181559,0.952203517990753,0.678298138814844,0.932336026721212,0.651540106401015,0.928843063460865,1.3597262105732
11,"B_p40","binary",9.05372838361492,1.18483482944367,5.89491221979596,0.271419394723118,0.536106872069215,0.142499612303032,0.428809222077899,0.138612805001143,0.426629646139734,1.24337002666332
12,"B_p40","binary",5.95198327639867,1.16276315960506,5.56761781522577,0.575085114654445,0.529477785231257,0.406378226445804,0.42073195545804,0.381066785871012,0.419350705432735,1.31014366652964
13,"B_p40","binary",3.35143701623336,0.320237438327673,5.34103693405957,0.884566095801448,0.85565739657467,0.789835211704512,0.794838066274053,0.755256470644755,0.777757985018014,1.53983033224033
14,"B_p40","binary",9.53967834021844,1.93749400879146,5.57079083619595,0.214620164110366,0.340565184986134,0.10134480568636,0.236806950731434,0.089984792325996,0.225664335573575,1.29951396944368
15,"B_p40","binary",2.97417574321521,0.147173371534033,5.497570269731,0.918582327345797,0.935657556960009,0.846931850289929,0.906156012592158,0.826624360211409,0.90051828276872,1.46140617877678
16,"B_p40","binary",3.77437262322301,0.718956187157409,5.35119991212029,0.840202459933104,0.684764425070022,0.726607571785372,0.579469662802415,0.687210681433914,0.564574467512208,1.5027036143713
17,"B_p40","binary",8.48993874129065,0.419253889254228,5.92427475337421,0.317129129581687,0.806713824735888,0.18133233467678,0.751102103387372,0.176146206492324,0.752863887132929,1.18001567889299
18,"B_p40","binary",3.60801506130777,0.386666908364151,5.71531385308202,0.858907585430557,0.821208830548748,0.766745201582131,0.757399198801801,0.751837125267888,0.753804322510938,1.30624332529278
19,"B_p40","binary",2.35792761033125,1.00985912640466,5.39725039650803,0.955986437293131,0.585341199498639,0.913383791440148,0.466744559910101,0.899800642120058,0.447958564909421,1.47483237011239
20,"B_p40","binary",4.8100630670336,1.15006628351859,5.30052684120714,0.726710075430498,0.548084849053721,0.561312876737917,0.420436959123688,0.508047081170104,0.383306938930833,1.61662024896366
21,"B_p40","binary",7.95219478432092,1.73231514849901,4.97194858726319,0.358253764532458,0.390908877470465,0.178184685050053,0.239952090214837,0.120542001649798,0.187366538831012,1.8582671906179
22,"B_p40","binary",5.33202344508804,1.25067877740349,6.0900130336694,0.669590598373302,0.510679582905128,0.536651517178128,0.417496838130687,0.535971051111992,0.419211078816315,1.14011719696986
23,"B_p40","binary",2.28394120352981,0.423283929258964,5.43257491120171,0.962932959973962,0.805548520168737,0.924860340326311,0.733383767191163,0.910259249409415,0.719596095512001,1.47952732488871
24,"B_p40","binary",4.14088634090651,1.74796703092095,5.96532182877394,0.799589589201913,0.377117145416808,0.692929443566842,0.287308965484117,0.697897728252035,0.290401897168434,1.09717202957065
25,"B_p40","binary",5.13428885399088,0.304858161172771,5.43174787495737,0.685406420110178,0.865307547368555,0.519745180789826,0.813475438379342,0.476987160730114,0.800829928376729,1.45749851102811
26,"B_p40","binary",4.69495438589579,1.00775821126262,5.77256770010094,0.741950885753381,0.583913570387036,0.609129160603777,0.476254949595921,0.590419403634064,0.468617400724621,1.31411715878521
27,"B_p40","binary",3.22560122909935,0.134232156827206,5.47567023411029,0.895496947987045,0.942026659125791,0.811613315944855,0.915257491912562,0.787917153265344,0.911748516117489,1.41827997591688
28,"B_p40","binary",2.64667171046642,1.56284324411009,5.37964652328485,0.940272970279533,0.426463792854919,0.88394743003357,0.306841819371279,0.863551173259204,0.284869674852604,1.47594152844055
29,"B_p40","binary",3.72974162897845,0.768307640874093,5.84350466695018,0.850676335767503,0.669898086849708,0.754046038897493,0.575517001044944,0.746556661401759,0.576198157992411,1.25492909136895
30,"B_p40","binary",8.76507877747068,6.14711683000039,5.45115286162421,0.291139380230184,0.0345578379918773,0.147194311236585,0.00810220553082441,0.117413339411849,0.00476425188004737,1.56627807455929
31,"B_p40","binary",6.55566850324169,2.14325882768456,5.92411191314233,0.507940382704471,0.310130709251778,0.357793595123688,0.215058808504097,0.354373799955513,0.221123396697488,1.14968876304048
32,"B_p40","binary",6.30235817026615,1.62804212315232,5.33205006261891,0.546890000734787,0.418288816944578,0.367259340419529,0.296875641359589,0.304753874811861,0.279290755917639,1.50777249063226
33,"B_p40","binary",1.56555306376278,0.782764770105807,5.03855797078088,0.988156725137678,0.662299229161881,0.972768102164808,0.538988454024063,0.962526377666797,0.504168140700594,1.69931504432876
34,"B_p40","binary",9.25520393643578,0.183764215109213,5.8166056228106,0.251013103425707,0.921428396707869,0.130011745044755,0.890909275076878,0.121172932652947,0.889786003693734,1.23215342964323
35,"B_p40","binary",3.28266974750451,1.86098611286594,4.86092960261339,0.886766594273462,0.366508590201538,0.779625124802394,0.224040654087435,0.713598421631354,0.187862976760019,1.79330201690422
36,"B_p40","binary",6.0958663498044,1.41485296523272,5.55043849731855,0.567130582709065,0.47199364838284,0.39244412704688,0.344651643616966,0.360027823787673,0.332299254137314,1.41643359454309
37,"B_p40","binary",4.79761099681998,0.578155693704518,5.64296090141666,0.727235988909878,0.743692380798324,0.584675981965472,0.661141107865315,0.557969992568842,0.652802007897023,1.35708357299451
38,"B_p40","binary",3.16798692105518,1.04025904294045,5.15958739774322,0.896909101887481,0.566734176056627,0.806944876890492,0.452527873609453,0.766830123316591,0.41689273081414,1.59710972347244
39,"B_p40","binary",3.11271061860209,0.631544393335175,5.58254486929455,0.903707963264917,0.715745771590698,0.831020514068503,0.622210962629241,0.813939572649374,0.622657367146278,1.36988534512005
40,"B_p40","binary",4.12098786620243,1.62480707761077,5.62451774142207,0.805097607124806,0.410378711887401,0.686718004975891,0.284861034253096,0.662261502425462,0.282436521636449,1.3798864932861
41,"B_p40","binary",8.06778790913994,0.358548114827898,5.26197738911372,0.341031516967901,0.837870495140992,0.179443437090449,0.774583838929265,0.139747790950828,0.749725859779241,1.57749339571113
42,"B_p40","binary",9.17046786364732,1.22433812627712,5.52077510241552,0.261316463108279,0.526680781406246,0.126508414416933,0.402243812765469,0.10227875311006,0.385287075961466,1.45238147250485
43,"B_p40","binary",5.39776151738834,0.137222677224923,5.69949206410095,0.654462229069195,0.943010524512056,0.497790935132795,0.916337837341786,0.474977360037042,0.910270503790089,1.37860552301229
44,"B_p40","binary",4.8639945336569,1.38052264813073,5.49478012385472,0.722616234642833,0.480559513657811,0.570200501751495,0.357327379567016,0.527364163463375,0.336676619767072,1.46367371185476
45,"B_p40","binary",9.37194581558399,7.00956933623801,5.41432065058313,0.244429448286449,0.0220218774987154,0.11420386108666,0.00535748263106761,0.0856338664451436,0.00392885293875023,1.46780996331636
46,"B_p40","binary",5.21064144136691,1.68111487323355,5.96343912763583,0.680736315102705,0.414771356861235,0.539394025427,0.312619834385671,0.537920047811551,0.323207125050248,1.13338314372769
47,"B_p40","binary",2.84029755457132,1.85427043445922,5.23631201588789,0.928433935752387,0.374492743182471,0.857891824148828,0.24897614349539,0.826195732062243,0.222499902820553,1.58545898555942
48,"B_p40","binary",5.99556017194861,0.127778503467225,5.26608029318156,0.57283164769314,0.947884286168772,0.380835508652142,0.921823390880324,0.332695017983771,0.913006336914583,1.57247567761244
49,"B_p40","binary",6.75975801006848,0.664281410014468,5.68927474355924,0.48491351231204,0.700523413573813,0.317182019832518,0.614675606127936,0.30102576934277,0.611828976265609,1.30934980315059
50,"B_p40","binary",7.7489336691773,1.64819062571887,5.21695392609337,0.374093678397862,0.408784945188601,0.19433542486374,0.296141426696611,0.156074830852287,0.270988399393375,1.52630389749243
51,"B_p40","binary",4.91029170725045,1.2965622608469,5.73487510663861,0.714410040930024,0.505447185108902,0.573199867254555,0.392999344499811,0.552616641818724,0.389392799547312,1.30542323215894
52,"B_p40","binary",8.0947931613292,2.35435587359968,5.95621770372709,0.355200730320838,0.280858869300205,0.2104919059628,0.183952708813472,0.2086511052879,0.19132712165188,1.17770498918365
53,"B_p40","binary",7.22113945116497,0.0442333539385999,5.50217411372984,0.443429580831716,0.987648888363798,0.271900784268197,0.980570684575366,0.231087824584464,0.979590959219434,1.42207657164258
54,"B_p40","binary",2.26305569202572,0.745704782237023,5.46862142779332,0.961503189436379,0.681275201938024,0.924097103956849,0.59350740121135,0.913789163146542,0.574209159243514,1.40046786563356
55,"B_p40","binary",6.84272448021758,3.34874944120787,5.38354509641119,0.47419999961164,0.160395745574856,0.291178784363651,0.0840792784016461,0.252887083323883,0.068650796004927,1.48711784742547
56,"B_p40","binary",3.56310031770418,1.02476051470148,5.59413649916745,0.863862873384599,0.569954833007287,0.770868625368956,0.472894877663981,0.747650882461323,0.460694856941653,1.33404473587647
57,"B_p40","binary",7.28701121685299,0.29744338790207,5.80615980845585,0.435739294677932,0.862235297403405,0.276893051383079,0.818379652237318,0.261707207364016,0.814066549199687,1.28379802582784
58,"B_p40","binary",9.70122542373309,1.27973155922801,5.40801047143218,0.213374974181409,0.503341371418934,0.0936805713887277,0.378462818278064,0.0733094675608368,0.353497983101109,1.51259052803192
59,"B_p40","binary",3.32193109372795,0.153776367570942,5.06729467706716,0.886822971797303,0.9338520326648,0.786799613714556,0.89743667040501,0.730358816715241,0.883722667870934,1.70396592943981
60,"B_p40","binary",11.6536917469726,2.68400111835425,5.54577881844341,0.110736994951312,0.234791112122518,0.0389643902667193,0.137850747850056,0.0324123183925414,0.121306905000231,1.41687358612828
61,"B_p40","binary",5.34695535856134,0.371729723948366,5.25919886837334,0.66366553472992,0.830413436511939,0.490573192295297,0.757246083907621,0.419540492907803,0.733159263680018,1.63859767241219
62,"B_p40","binary",6.47862506448516,1.98341575977946,5.3592298135755,0.509972557815004,0.340817940424094,0.335870148971075,0.226004613357602,0.288356973561629,0.205208805645599,1.4846694302003
63,"B_p40","binary",11.8059015061055,10.010635741164,5.20382483002292,0.107593428821459,0.00431813663519598,0.0343956557644728,0.000353550612445575,0.020488968430489,0.000172962886998196,1.62670760479438
64,"B_p40","binary",10.4343151348115,2.95074856013752,5.66966033001195,0.167254312641923,0.195599187088785,0.0705877748372585,0.10051224893443,0.0652173059862483,0.0939405500973722,1.34896141581793
65,"B_p40","binary",4.70730736998171,3.20755690666683,5.43982853532099,0.734389791758041,0.172733386045963,0.589462558652895,0.0913718434703576,0.54427162266509,0.0737476105446747,1.44028673982532
66,"B_p40","binary",6.74739849170211,1.53376844116391,5.27624158119548,0.472616732254878,0.437968154595293,0.298813404268031,0.315128211093397,0.248687112845673,0.28785816767083,1.52078957356739
67,"B_p40","binary",3.67390149079114,1.20520838600817,5.58423083446658,0.849569103100945,0.529183054155065,0.752786683517214,0.41834513758458,0.72970304123726,0.409606003315593,1.34136709483308
68,"B_p40","binary",7.02282291471066,2.77579219414637,5.6969977794837,0.462608804125918,0.220338050712942,0.290969078430422,0.126053271623165,0.274369938517535,0.13118384841346,1.2828598724034
69,"B_p40","binary",7.8774960066801,4.02656068843983,5.48846214830144,0.367029967761924,0.108402097367138,0.201784743330461,0.0481198930350545,0.175722584926984,0.0391705232005457,1.45840727000812
70,"B_p40","binary",5.92012183105387,0.0370365435306157,5.29232524499989,0.586855020958128,0.989151823968278,0.398858594890551,0.982012026687524,0.345985073230891,0.979189032333208,1.58398993118841
71,"B_p40","binary",2.04848287249336,0.396513229491189,5.42244069579914,0.973577488733781,0.820699545109544,0.945249582893306,0.747815555379672,0.93299943222507,0.727492032893127,1.56420377898104
72,"B_p40","binary",5.26151820967682,0.425557854592978,5.17608750337102,0.667496328954977,0.807234145098297,0.490505655778983,0.73418331813581,0.420007115574699,0.706379703030464,1.63188777663979
73,"B_p40","binary",4.77078623261707,0.701867530310946,5.469643355077,0.724790531193393,0.683160198263076,0.574907432702722,0.5824962537475,0.538396555547449,0.569291676324367,1.44355165838653
74,"B_p40","binary",2.51565691132937,0.754029926642651,5.61091779312983,0.947810032101875,0.674904690862255,0.903216872709072,0.585866178547427,0.893341438440755,0.573774318653056,1.33392062205394
75,"B_p40","binary",5.29814034220425,2.54900763499874,5.51548227936433,0.667461103307397,0.256547415104617,0.50249721771678,0.160487286463945,0.464505884847416,0.142252340669565,1.41569282782147
76,"B_p40","binary",1.48381998474872,0.188112203962924,5.14836038130445,0.990347314785436,0.916517020463598,0.977699529940292,0.878782352530855,0.970426073639087,0.865175164978211,1.63436844108799
77,"B_p40","binary",5.91437453603466,3.82204925431126,4.99268529344183,0.579936382509693,0.122217954555117,0.376248354769306,0.0511215308001604,0.303110906823974,0.0345444229214485,1.73425759854649
78,"B_p40","binary",4.05883914200259,2.24793478895929,5.5980406055897,0.807542266233645,0.293588809559715,0.685521893134414,0.191133651268552,0.669291751815729,0.175101536805235,1.37194002082057
79,"B_p40","binary",5.45704948964121,4.56646224395285,4.75849681003586,0.64233108774072,0.0779034335464911,0.435523051774317,0.0252964639749046,0.327187890426038,0.0140775517815696,1.88691423265497
80,"B_p40","binary",4.65201439403238,0.266192125566951,5.47340487425025,0.744152380461495,0.884250648723134,0.602560506605069,0.83915139924967,0.558689652391079,0.831932271734954,1.39620059379575
81,"B_p40","binary",7.67045374146073,1.29282221877671,5.11337561370036,0.392877396968416,0.501832025606569,0.20694683954557,0.377234595298319,0.151371522083899,0.330590786829451,1.69777653601509
82,"B_p40","binary",9.21036845611777,1.56434780925028,5.29904626516641,0.251529840347441,0.434622002679534,0.109919425677558,0.309622904524188,0.0844142111518003,0.272161911265128,1.55888979392148
83,"B_p40","binary",9.00198124303314,1.21047238674876,5.55639003415785,0.278274095325245,0.527247915382642,0.144898524175586,0.406127922921396,0.112985065628907,0.385331233708272,1.4534541444713
84,"B_p40","binary",1.95665045351069,0.184203371726782,5.3039426663328,0.974997487302563,0.915809463345946,0.94751860935398,0.881169828946012,0.937780562520225,0.871063856881361,1.49180157028326
85,"B_p40","binary",4.89854487271517,0.0976212192687521,5.15122068978374,0.714000331309157,0.962451735833593,0.542102232318852,0.942647775561585,0.471971054750227,0.93318340030595,1.65401541370028
86,"B_p40","binary",3.42519138433704,1.64902822270469,5.7229841281412,0.872844982058671,0.40517164495642,0.790790859964446,0.301275265488001,0.780113503235655,0.291181418288901,1.24435705253351
87,"B_p40","binary",6.41891431420002,1.64924734035302,5.46721729990106,0.533771914203536,0.414191682161476,0.354391843936426,0.300624514970696,0.309727465970077,0.268856365019585,1.50564910581612
88,"B_p40","binary",6.64299577955252,0.667369791263111,5.64210955857018,0.485328539097907,0.703651676819102,0.319850810611416,0.623135770459845,0.307605717163515,0.617133375833402,1.25157336473737
89,"B_p40","binary",3.24090026063359,0.691778556998839,5.32314480182868,0.88973017842478,0.694660016049753,0.800872116289957,0.598576692567081,0.771161695259978,0.576203722518061,1.51256155888503
90,"B_p40","binary",8.86228509381665,1.77758834441354,5.1408416590004,0.283364820905259,0.384519546866683,0.13233959658042,0.24085216520269,0.0879270339292496,0.203404248712138,1.7331302478036
91,"B_p40","binary",9.25452764165305,0.215082048659028,5.20003722860252,0.249389907751456,0.902985142639598,0.106092420954854,0.861189362495913,0.0757024575658043,0.849581550511006,1.59628377327001
92,"B_p40","binary",9.8626748358732,1.38498511611385,5.43399338154683,0.203913282649104,0.475797156581858,0.0878571318392105,0.355673245699298,0.0691507536687923,0.334292865289497,1.45484986680963
93,"B_p40","binary",1.11566787918688,0.0166723726115223,5.4525396393363,0.996471283985991,0.996180198036074,0.991961210414817,0.993861908135567,0.990404020234944,0.993184885116735,1.47071678304988
94,"B_p40","binary",5.9022918935412,5.12811416450659,5.54804264695703,0.587472550010455,0.058550719531699,0.413031009388899,0.0185522626439742,0.384605915899454,0.0165289084526584,1.41533474564626
95,"B_p40","binary",3.7866696626775,0.517030222122987,5.3760370124053,0.838809991666737,0.762903677785866,0.71371940733752,0.68499483019872,0.687538790747624,0.662037435254548,1.47594877174477
96,"B_p40","binary",9.82074606602015,1.83437415972314,5.22416403166439,0.200411751153671,0.366726472728528,0.0833089317877186,0.25034099604433,0.0585508680981488,0.214231607615059,1.57675161151875
97,"B_p40","binary",3.1648562031785,1.02625946203836,5.56586638451073,0.90213257183084,0.5740607830135,0.821768260076436,0.461158851417779,0.804502131345835,0.443807408086552,1.42382270571616
98,"B_p40","binary",11.4860308805409,0.589770551837457,5.7780713229261,0.125566998485721,0.740522781649243,0.0488710597670323,0.663166338972033,0.0436249853043216,0.661680886485414,1.25897578429053
99,"B_p40","binary",4.54414546727471,0.464292695471929,5.13866347959441,0.748101798828001,0.786218814559872,0.587936293579423,0.707776578050413,0.528101285401057,0.685478365127309,1.59155372044743
100,"B_p40","binary",2.6779827580384,0.507964962033699,5.42289864355267,0.937934191892049,0.764237350956703,0.881889340862492,0.67940327444442,0.861168681632146,0.658025847817222,1.51928039594699
101,"B_p40","binary",4.70832981216994,0.986865175100434,5.31340017037097,0.734022730487522,0.585087888398405,0.577076805149147,0.474568194425073,0.526500813031704,0.449392694430384,1.5112788445762
102,"B_p40","binary",5.14480111032021,2.16719590639894,5.51363277347752,0.68932257270924,0.317795415828781,0.528591922214283,0.193271707045163,0.486819555902178,0.176108999566557,1.4860771891158
103,"B_p40","binary",6.54411055166764,0.234178685055784,5.82819420047614,0.513952217317442,0.892832678730009,0.350697240501252,0.851091695199229,0.343261680779005,0.850846017216101,1.26660275919428
104,"B_p40","binary",2.521949567421,0.295827383883185,5.33199192283679,0.9481862552824,0.875171252413908,0.899452789631177,0.816803219054045,0.877499349115814,0.807091749377453,1.50687926764936
105,"B_p40","binary",6.77388612023945,3.67125423169604,5.85683696472178,0.484288925243016,0.132947490370782,0.334049714488449,0.0708928900714008,0.32083567068085,0.0676751054250481,1.23154632250284
106,"B_p40","binary",6.49080986654777,0.0860301869529188,5.79660518397488,0.512584429281636,0.967996915822839,0.350845875112245,0.950646650184253,0.345246282161103,0.950579446946228,1.25124552676302
107,"B_p40","binary",4.66575050082159,0.505632354397107,5.01940223361679,0.739024844635757,0.771169603084815,0.572415327311363,0.696014768771326,0.489974616802285,0.663407734182918,1.66732382013012
108,"B_p40","binary",7.33555652772327,1.05761117147655,5.49030322631086,0.416575947716014,0.564204249895708,0.247138626169201,0.445323889797206,0.219584251287074,0.430948056608749,1.40732096021415
109,"B_p40","binary",2.93978083753832,0.104370274023144,5.01441006590118,0.918596946086241,0.960168529374315,0.838158088625,0.938653718183449,0.790449928713385,0.927749712486958,1.71696319642821
110,"B_p40","binary",2.04288450586242,0.337312426063905,5.13482322393078,0.972925843476668,0.845696553876741,0.94116167994248,0.783803287361201,0.922549310400461,0.759340320021096,1.68737738282442
111,"B_p40","binary",11.1344809522663,1.21381660562088,5.43779785290601,0.149404586416378,0.533764624920135,0.0564651565120422,0.406268586468081,0.0372506400396893,0.377966827108232,1.5776904922211
112,"B_p40","binary",2.87896446930782,0.259238540844215,5.77256990618725,0.925967972846459,0.884890164923692,0.866082588456592,0.841527376496162,0.858841047057786,0.840378725384925,1.29473709181395
113,"B_p40","binary",3.40077797639622,0.961213056412361,5.6352488562511,0.878100229597261,0.594292415348842,0.792746481009774,0.504631430842856,0.776172122881128,0.488310978511699,1.31936361691505
114,"B_p40","binary",4.92352326043145,0.910791074145755,5.80139303046161,0.707929666415026,0.619599851449301,0.56637973193008,0.530295658391941,0.559604209827846,0.528061313334051,1.20975003918476
115,"B_p40","binary",2.01556851848302,0.966761535550936,5.71950367413989,0.975730120318684,0.607371902718734,0.950317784671013,0.509670950431895,0.945964004235036,0.496745375202986,1.34559575747238
116,"B_p40","binary",7.01717165164241,0.494420278091953,5.76471927989952,0.471931057932856,0.778371484390795,0.300743107296297,0.706551810795085,0.283483240735674,0.700555320891168,1.31196723860074
117,"B_p40","binary",3.07089879436775,0.401226011819555,5.55242095737841,0.906736264963218,0.81762872853593,0.836494334159376,0.752870882422275,0.817346205725307,0.743448056400758,1.37359481087532
118,"B_p40","binary",4.14699230961336,1.74300538379929,6.07043065234862,0.804789174915785,0.393378251460058,0.700185233834428,0.296264482432859,0.707465616413623,0.302213151168369,1.10943590653046
119,"B_p40","binary",2.45081417377136,0.434301749592982,5.71168244674521,0.952736589265468,0.804314391367389,0.913519222159581,0.741239379980456,0.905201670509878,0.73572323029465,1.29037490261955
120,"B_p40","binary",2.4254927816206,1.35244608448693,5.22828790275347,0.952732525072338,0.491749876114,0.904148800076182,0.358643704106075,0.88222125778025,0.314493773300704,1.60832155460332
121,"B_p40","binary",2.8666779214607,1.03715266009561,5.01571846312747,0.923169589913526,0.561856164111721,0.847740882856573,0.437254740230386,0.801841281364433,0.391819193072094,1.73032322994176
122,"B_p40","binary",4.76398783033,0.352957177218493,5.46008711913202,0.720612145712066,0.833836692516417,0.569385286325226,0.77569697126504,0.538105214857563,0.764677947079579,1.40595947889461
123,"B_p40","binary",3.90154992549543,0.655394170300977,4.99080706430742,0.833102476150589,0.708285363715924,0.69323808747861,0.59286142873536,0.617031725459847,0.544637536678526,1.85119016740809
124,"B_p40","binary",8.89620775393965,1.42610606696332,5.4272609889055,0.276248199159494,0.466946365490592,0.130459645716419,0.351788045106469,0.107649999065796,0.332132395926122,1.45021171671448
125,"B_p40","binary",3.87798383509722,0.293518947310664,5.25075586018574,0.829970246336952,0.868008834591961,0.711095163232304,0.810744257748139,0.656238233355418,0.788050170284655,1.61061206677263
126,"B_p40","binary",3.8489507625003,1.42121107875201,5.30828047865008,0.834376359149032,0.459327971003524,0.713277368310284,0.329028047092914,0.668421495186653,0.297772707246377,1.58678167753288
127,"B_p40","binary",3.14572622769321,0.322131215058368,5.55413999095314,0.897985246842091,0.850730332506358,0.820882740896561,0.792794446366816,0.806833977776336,0.791787545571864,1.31104936134464
128,"B_p40","binary",3.95774286064646,0.845896997918008,5.71231812529459,0.818680413781944,0.63871401750259,0.710243153932934,0.538345300758156,0.697974621983368,0.531391725035395,1.28926438752955
129,"B_p40","binary",4.60225527044794,1.11980446165641,5.5239749511522,0.754440071222715,0.54581940282056,0.615244456805657,0.434791902015552,0.572781694325555,0.409772622417903,1.4483369233015
130,"B_p40","binary",12.6035506833837,1.64353780999926,5.75974621904389,0.0799361018559879,0.405696774504707,0.0286921553112438,0.293875020383427,0.02551326666943,0.287161861215278,1.26988731991896
131,"B_p40","binary",10.8401112689143,0.779070868031808,5.15189653170144,0.15160885348046,0.664958784715719,0.0511076817738026,0.551996651045586,0.0323276206093208,0.507687329269371,1.71388833629174
132,"B_p40","binary",2.49582055369838,0.263971656075065,5.53149079827461,0.948804047400347,0.879534779675757,0.902836723520957,0.833023379402539,0.890823581186694,0.824583587459003,1.41659443974897
133,"B_p40","binary",2.87416063931017,0.42458094919848,5.3272140246379,0.926040181311042,0.798194047853357,0.854086470035798,0.71617771283516,0.826986734002284,0.698970257277077,1.57450551924719
134,"B_p40","binary",1.56643949273526,0.426941130578196,5.64941916239178,0.989021977517431,0.803424225785261,0.977572086749874,0.739327714781991,0.974000064390858,0.727482162464286,1.37255088605087
135,"B_p40","binary",2.34664566022239,1.30073481332883,5.37466868021782,0.95783781424847,0.48790025732742,0.912326018132892,0.360112005946759,0.899433129363465,0.333381446327724,1.52970199786834
136,"B_p40","binary",7.92704900158655,2.25525941213497,5.07478983583005,0.361306942962177,0.299548932963454,0.184196033697279,0.179242607599301,0.130699398601549,0.137775510996611,1.74744454644133
137,"B_p40","binary",7.79215288995819,1.60305589526661,5.67113951326868,0.381328862495461,0.423310925625399,0.225695003687903,0.300694098622756,0.201766040469932,0.293729753685891,1.36735212837101
138,"B_p40","binary",5.56148092216058,0.065034957691003,5.51808173735787,0.630151509597549,0.978304584007454,0.466058966148704,0.964944169777594,0.426959756104235,0.965194667844523,1.38187545483667
139,"B_p40","binary",10.7477180560949,0.299606361611166,5.35576329747697,0.157077317716648,0.862079287374756,0.0571167988942173,0.811250943304823,0.0417446345027668,0.79643548301773,1.53249359049305
140,"B_p40","binary",6.63907537780905,0.517323778487587,5.49591560769326,0.496016540630195,0.763157618786837,0.3196957374343,0.69247930245509,0.288971013416909,0.679173738632849,1.39508234185832
141,"B_p40","binary",4.991225682088,0.750787385394988,4.75574395837549,0.694496767197947,0.667355276396772,0.500704499034746,0.549212621854178,0.395022265335743,0.495914916388278,1.8567948122102
142,"B_p40","binary",7.00808113067243,0.0698660590533379,5.35853289997919,0.467065120042033,0.975137297926789,0.287078580186645,0.961794890518306,0.233619446624186,0.957839718374377,1.55511560306595
143,"B_p40","binary",11.2406371365704,0.434740046283245,5.34946001716128,0.132281932412947,0.798596881805175,0.0453142924629991,0.725670524391683,0.0323259651919663,0.708711679861451,1.5179155780585
144,"B_p40","binary",1.70210884439414,0.588425306261374,5.27641238083215,0.984673532768938,0.735436012179852,0.967749075179268,0.647532562813112,0.958352490660092,0.61955088163706,1.559196783376
145,"B_p40","binary",3.64233967080882,0.550512345131403,5.1709635580782,0.860016033297648,0.751652311322704,0.744154766382257,0.659626981485089,0.687329028788373,0.625265073101419,1.66841682032896
146,"B_p40","binary",7.30501985043651,1.65217497692743,5.69380997381805,0.429655515533872,0.419522146429032,0.265735713257421,0.293337910362371,0.246684822316125,0.287614875342808,1.33498337167676
147,"B_p40","binary",4.88898639313537,0.539683157506127,5.32670533610112,0.709421690765856,0.755511962602549,0.550561410606629,0.678008827333663,0.499606492133902,0.650995236817136,1.50727599273553
148,"B_p40","binary",6.01278648441237,0.166680722379201,5.54538848181099,0.577229977929873,0.923591446126649,0.409700055941195,0.894070301305316,0.370079559590132,0.890105888387221,1.36671002245654
149,"B_p40","binary",4.0178710147857,1.93431725914947,5.91862939854265,0.821163042107503,0.349622305065237,0.709134712930514,0.233150245992182,0.710461029986283,0.235846636032365,1.25875502174924
150,"B_p40","binary",8.82648690609054,0.0291534114873396,5.47953403278752,0.276114880512986,0.991848560769091,0.133730991312374,0.987360806503113,0.115783119385531,0.986494974908097,1.39795359041281
151,"B_p40","binary",3.18896140255767,1.57552862817159,6.01468638583683,0.901636343658523,0.433501840394152,0.835861588786611,0.326811445343343,0.835481012047345,0.329030231585746,1.18024592102919
152,"B_p40","binary",5.02002258716709,2.04155013853376,5.59609716179796,0.692432238141295,0.33099121201821,0.540995850455055,0.219001142543224,0.517536551151658,0.212685790170196,1.33514207861595
153,"B_p40","binary",6.86402736423301,0.144046993729054,5.81410122486374,0.479663900218397,0.939179100829859,0.319597743780538,0.91438241719041,0.305685178144093,0.910949154689339,1.28657489184403
154,"B_p40","binary",5.33411725681879,0.569515824382845,6.11411542832403,0.660057978152531,0.745747518427504,0.533953612185555,0.679307050743153,0.538670897275509,0.685331014837052,1.06965995980895
155,"B_p40","binary",9.11068428011084,0.565744364446538,5.71898312208511,0.257761468860392,0.745772979690882,0.129944391469175,0.666984546376165,0.120567188523493,0.666978668789509,1.26522685875578
156,"B_p40","binary",3.69149800114086,1.57706812723438,5.0532906482229,0.852272433095714,0.42625271925283,0.731450282109888,0.302787049408759,0.664626951767202,0.256246211390392,1.69119695054443
157,"B_p40","binary",5.09367560338667,0.478034137207702,5.54836002441922,0.690110599867943,0.783277048860123,0.5340010735764,0.711648249235805,0.499741076221702,0.706801327964642,1.35969828640748
158,"B_p40","binary",13.1557684637278,6.61541370423538,5.38385865854733,0.0679027537406062,0.0269356953304938,0.0184440667892231,0.00621607861001872,0.0123334395249444,0.00495231741955293,1.5182237172699
159,"B_p40","binary",3.85502956436213,0.311102972951386,5.91305256229588,0.835808501776108,0.852166738256584,0.737749873980181,0.805299995023942,0.734336326710475,0.801757716329655,1.22386472567267
160,"B_p40","binary",4.71176874987047,1.14594088892687,5.95814854826293,0.736718224977126,0.540260139123458,0.611395411303367,0.440053523115991,0.610282836420502,0.436704117359655,1.19380814017201
161,"B_p40","binary",7.95900859431065,0.258719333868013,5.55128939275956,0.344159435634741,0.8808331691086,0.193393328006263,0.837588855014873,0.176115172731996,0.833841802802931,1.32573254866897
162,"B_p40","binary",5.96482861721272,0.939097239473618,5.4186557997943,0.587665124023643,0.616379843203274,0.403717293273281,0.512144959214731,0.35828044765638,0.475397163477279,1.51939859358432
163,"B_p40","binary",11.6121888708763,2.54481424768222,5.64385702290814,0.123821736284938,0.264042163746164,0.0478987525528285,0.168999072799361,0.0361313302712458,0.152287940727604,1.39188706794779
164,"B_p40","binary",9.35915024297623,3.34958822469296,5.89630878324105,0.249650837276211,0.156828175898292,0.12455608105292,0.0856239534519838,0.122342630900604,0.0883933096147047,1.2034954081847
165,"B_p40","binary",5.53634353576269,0.934611237653267,6.14120208903149,0.640537872086222,0.60822919455381,0.504954753231282,0.52884875343109,0.513940774278602,0.539016682316049,1.03274862995978
166,"B_p40","binary",5.38752168912293,3.4436304018844,6.07354273890901,0.657784184197166,0.150683489064561,0.522720690649149,0.0769223536620391,0.525654887747657,0.0817726424364121,1.15972532325807
167,"B_p40","binary",2.05139469902496,0.356055615186021,5.41030713159579,0.972422114727837,0.839525138575616,0.942449447155814,0.778342062121171,0.932894477512046,0.763494777072843,1.46098133289932
168,"B_p40","binary",5.16798386988504,1.04535043227955,5.20209280946273,0.686570581941347,0.573024236787569,0.508664090020194,0.450053470715825,0.437875620770396,0.412605136809239,1.65352741549398
169,"B_p40","binary",3.77697906055328,1.14138600687369,4.84169806723669,0.843172978765294,0.545420674524186,0.710301702994342,0.422281099530324,0.620308724792596,0.371704377635359,1.82001449884037
170,"B_p40","binary",12.8351716130672,4.12799398593728,5.85218231533677,0.0757677844035459,0.105674931581226,0.0262817094246964,0.0502484418591618,0.025052227764976,0.0492344296417397,1.19285109121091
171,"B_p40","binary",3.25768685581671,1.40569039673579,5.67938213643983,0.893123062032893,0.469681982951252,0.815255494032818,0.349199605868407,0.801088650411576,0.344745754199995,1.33849272854603
172,"B_p40","binary",2.30845721441146,1.00633860417604,5.50164656147888,0.961233245302499,0.583659153348525,0.922119440590254,0.467576539189363,0.910139630167979,0.441907468751963,1.50852952193208
173,"B_p40","binary",5.31082408314177,0.217002393714409,5.45015350571052,0.654106828496091,0.904789313118312,0.488659942733793,0.866256142038877,0.453184324451811,0.858067171726659,1.40319375811075
174,"B_p40","binary",5.74633478529548,3.29067913651208,5.89731771055984,0.621434309587629,0.174774058328184,0.468555596793584,0.0919873643301394,0.45338146341936,0.0950147686827638,1.24323970245578
175,"B_p40","binary",3.80641230884321,0.499911984487338,5.03580926223672,0.836874914166023,0.769918298528465,0.706146448441752,0.682388037826986,0.641006726344256,0.642730456685933,1.75280417389923
176,"B_p40","binary",6.95372977315687,0.318079828772801,5.66096271171311,0.465904090099405,0.854968757740394,0.299202820649811,0.804848267607119,0.276837019895382,0.797429922533324,1.31996886551353
177,"B_p40","binary",7.30806126946014,0.285242843423255,5.37364438606754,0.430228633627534,0.869833869479018,0.254603084161083,0.819575607312451,0.208271875799409,0.802137859664399,1.54472615035589
178,"B_p40","binary",3.42656117901362,0.976476931686843,5.50489513881653,0.877891758798677,0.59415792954363,0.786894145961055,0.480116860134094,0.760048403758596,0.467398734574637,1.42537537645246
179,"B_p40","binary",1.91637209210606,0.102387188973752,5.39647983334529,0.978636608249738,0.959832376825453,0.954327066147047,0.941142706084923,0.944493319641715,0.93417080054289,1.52399749593594
180,"B_p40","binary",6.78128798312332,0.645188688704745,5.54990516849412,0.490916992940887,0.710995685252373,0.317773669381786,0.624959068609847,0.280646878963553,0.61452365562464,1.40280051551512
181,"B_p40","binary",4.13022605032371,0.842221957268354,5.73439938867139,0.80698343467744,0.64771610664833,0.691114953935522,0.553372032635848,0.674262843105957,0.544785428541872,1.29155473324121
182,"B_p40","binary",7.65191376782901,3.34752787341682,5.71605403213703,0.390498754557421,0.160674740127649,0.230566345347432,0.0893680611457888,0.218228326482156,0.0862144253282636,1.26888951658137
183,"B_p40","binary",4.4232943229188,0.802551649683618,5.81081768601771,0.77275279454676,0.6562913458849,0.648704414312502,0.567376510767865,0.636977278913553,0.559528036832864,1.27163508262017
184,"B_p40","binary",6.03985611417499,3.58549615105737,5.69241311037246,0.563663112801272,0.136251539782333,0.397136922028622,0.0736162398144964,0.386848725828456,0.0692153124060552,1.25051410220192
185,"B_p40","binary",9.31713854545566,0.0700143386414183,5.79617692841686,0.242243032097654,0.973244853185295,0.126432257913254,0.960441887225,0.116711248128033,0.959680753088203,1.28282540587749
186,"B_p40","binary",2.56503981978665,0.0483620314765174,5.5477786687056,0.94529887676705,0.986101851304687,0.894571182330474,0.976261082986878,0.883842093315788,0.975190186645666,1.38966314685553
187,"B_p40","binary",2.56965051995137,0.190161864104384,5.39141554723683,0.947561559426075,0.914979904936748,0.892081353874311,0.871393744074929,0.873280031249694,0.862080061632124,1.5675875591143
188,"B_p40","binary",8.34496262702182,1.7561645704039,5.8904699867461,0.326450929814106,0.380295391779504,0.191258598583404,0.285236324467119,0.183066793807519,0.286787056599824,1.16973166612066
189,"B_p40","binary",3.06380127143584,0.533230745406109,5.19494477854092,0.907367684963604,0.756207445898965,0.821085897167034,0.665243787784315,0.787089142727823,0.644434198387307,1.58082293866729
190,"B_p40","binary",8.74509870531437,0.926416555216498,4.91537089206827,0.290500968006769,0.602456881871542,0.129220556948302,0.495030275003412,0.0761289169785538,0.43441350086023,1.78587258830139
191,"B_p40","binary",6.31518676486736,0.48543710477594,5.55233965440167,0.541316717165707,0.78138485212343,0.366597618946338,0.704234537767165,0.333448616682043,0.697372065261236,1.38758888914514
192,"B_p40","binary",4.56108589372654,0.585964987798572,5.12939592233044,0.751559860621224,0.737436471455112,0.591043202129281,0.629246677098494,0.52285622982873,0.592872461901433,1.69920661885075
193,"B_p40","binary",4.74775104834901,0.720033477187665,5.21280045591642,0.741155815844971,0.691255474554001,0.578684450610043,0.59869862312564,0.506055679173577,0.566351817816505,1.59837515665609
194,"B_p40","binary",5.60779696081001,1.03511424034643,5.03785184941298,0.627458756049264,0.57070966478122,0.421583307296218,0.446886807029387,0.349774923629623,0.399075532116013,1.73960058335295
195,"B_p40","binary",4.79023300909175,0.228626803131187,5.77725821916545,0.732020750734777,0.899348233635463,0.593596368261319,0.855739926334366,0.576075258093247,0.851972494996443,1.35698475439434
196,"B_p40","binary",12.5751176705158,1.27097155102177,5.27724354287674,0.0827411956925646,0.503298224419597,0.0228553190475146,0.374802877128321,0.0149858384358421,0.337829077708416,1.61068682930329
197,"B_p40","binary",4.47373059948724,3.0882039671291,5.1129902000112,0.763631114233077,0.182810660024601,0.597458631340547,0.0885103808071904,0.535113934475906,0.0621028558546319,1.69920598787728
198,"B_p40","binary",10.4358275572594,4.28770560193592,5.54537466098695,0.174758214296186,0.0973547275369986,0.0735949858490664,0.0385516985840929,0.0584666714983866,0.0328335867231646,1.44044421309782
199,"B_p40","binary",3.42611378332145,0.835144629350813,5.49728344623854,0.876993910113731,0.632727996799016,0.777676344298682,0.529984706977312,0.75837324686648,0.515474223809602,1.4382519202236
200,"B_p40","binary",6.12845522720555,3.83328709839012,5.6265566691657,0.566166724576196,0.130179269808681,0.394625041843466,0.0584110530238239,0.366384881064062,0.049974720553845,1.41837314208438
201,"B_p40","binary",11.0428414606708,3.04078881934594,5.11272335217288,0.145865944464223,0.196410369343183,0.0471591617090106,0.10026413772597,0.0276302078009606,0.0728559933614658,1.71590208216111
202,"B_p40","binary",3.16489101627847,0.824882384650259,5.22016405009064,0.903015647276564,0.646933340215015,0.81200643626623,0.53869521959038,0.77376888997153,0.506318934670958,1.60840596340013
203,"B_p40","binary",10.4230513193289,3.51706121388488,5.95399230333541,0.188763817045599,0.153013122263918,0.0880642560410962,0.0833086916781527,0.0813484767533563,0.0831597042909585,1.23667110305992
204,"B_p40","binary",6.11127554763388,0.799426961026662,5.32230351734888,0.56760831427424,0.653385324706644,0.37910125749966,0.546162315132394,0.326324452368289,0.517795312085406,1.5419243114534
205,"B_p40","binary",3.59101818042957,0.419713447572709,5.49985121786901,0.862746994216222,0.815829598994464,0.761003293169124,0.746590172002441,0.734254308802144,0.739088747495187,1.42291340652828
206,"B_p40","binary",8.15941619581696,0.66382259647507,5.80777444628317,0.340899120482589,0.706689106578751,0.197740774779888,0.62493165051335,0.188106070603907,0.618899833528418,1.24087202070717
207,"B_p40","binary",7.89094498181803,1.08340770294184,5.84254922516704,0.366183924568973,0.554066309281686,0.219998517457803,0.47087969290413,0.212618992914915,0.459510531870553,1.20026387634146
208,"B_p40","binary",6.03234642804353,0.322175662762517,5.52973860581341,0.579065913933526,0.853006805442814,0.402593360461407,0.795387351487494,0.365352089170547,0.787662594162642,1.42871733958497
209,"B_p40","binary",1.53350922676115,0.352470725805167,5.63496838851331,0.989177812401503,0.841367626980167,0.977949310141049,0.781428811631461,0.975766115501851,0.781306550570555,1.29560331284046
210,"B_p40","binary",5.69457913471461,0.817752684251104,5.36739048421834,0.613993214783498,0.648337105045586,0.435914104444848,0.549184751893399,0.386609821003482,0.520140037056519,1.52546184362076
211,"B_p40","binary",13.9011263607789,4.24469332539787,5.75445881959777,0.0521144773065241,0.100099573950891,0.0151914523429206,0.0449665731227586,0.0131902545900724,0.0442976845413006,1.27870684940571
212,"B_p40","binary",7.70481973896224,2.940483508191,5.70633313233002,0.383311716922614,0.207420261112635,0.232102166290494,0.11864796498892,0.212667380532494,0.114217142897194,1.27849478323734
213,"B_p40","binary",7.08380049693753,0.475761975054978,5.29132810699929,0.450965000163249,0.781581274536319,0.268993136169257,0.701357314951488,0.218186617924108,0.689252039184757,1.5153332308718
214,"B_p40","binary",4.01943969727007,1.88030580301419,5.53164351648251,0.810664494492463,0.361105476154481,0.692008603705755,0.244424142504144,0.668006598373941,0.226701663186118,1.4039323629881
215,"B_p40","binary",4.03015539331737,0.334412588785606,5.79361071968993,0.814902271031583,0.84594819238786,0.703467314557935,0.791407119506183,0.695694448729627,0.790209739571438,1.26367538946568
216,"B_p40","binary",4.15277260028371,0.608340080470429,5.49335097833035,0.798106683159845,0.734275793069129,0.670594982915545,0.6460056514741,0.641899651691547,0.632686720115322,1.41179037916879
217,"B_p40","binary",7.96911168195305,0.353205043139815,5.64185955137553,0.351311395774824,0.835420742892329,0.204216038613698,0.778197264557448,0.184867407118665,0.776068182532286,1.31979730424175
218,"B_p40","binary",2.37724637874483,0.356817837265061,5.4552885457753,0.956082100180689,0.841363500608629,0.913064231929203,0.77292401931442,0.901278401828086,0.767455375352194,1.43592017213202
219,"B_p40","binary",0.685898562303429,0.565969203033239,5.0622074340699,0.999410360524906,0.736124837713849,0.998348232298071,0.642499139889324,0.997785532380895,0.612830670086,1.63883961526744
220,"B_p40","binary",7.1280587724039,2.70710090121382,5.23882307913989,0.451444337219635,0.223636843724471,0.253240515293118,0.121227324784697,0.208008684799521,0.1004058382245,1.62606449939861
221,"B_p40","binary",6.01054799747933,2.90768857596955,5.29324560105745,0.575542609987307,0.205823622016767,0.388665995702817,0.107030660147254,0.334639189344974,0.0909923626099324,1.56650881273352
222,"B_p40","binary",7.73182923762975,0.121786090242666,5.6403472799488,0.383120260242045,0.95143925735411,0.221619486466834,0.927062926155574,0.203168546903828,0.926327664597297,1.33773731851836
223,"B_p40","binary",7.70082656912087,0.756519230567567,5.70709272636247,0.394578142562163,0.676165548112933,0.232763661944779,0.585720275755969,0.213151850388043,0.57476035445654,1.34347045968125
224,"B_p40","binary",6.95840917897284,1.91188862697177,5.30278391917577,0.469587580616494,0.359490712347932,0.281707574738925,0.242379706921721,0.231431771848089,0.211777137618215,1.55036314918517
225,"B_p40","binary",3.7386477044278,1.56507074518382,5.31189187391639,0.844184423277595,0.433201729819884,0.728417320176713,0.316217286539696,0.688809034695543,0.288633078014347,1.50874845753066
226,"B_p40","binary",2.29027551290384,0.0359056505842888,5.53098668747062,0.960435504761917,0.990224713606878,0.923345131045567,0.985033186991021,0.914261052699882,0.984033999795269,1.34384759162867
227,"B_p40","binary",6.64616358033024,1.82506451939697,5.07519367193279,0.496549151181797,0.373604710536611,0.302738381675613,0.244907096862049,0.232806795736658,0.199667503654055,1.70636260006946
228,"B_p40","binary",5.20597239220157,0.360845141123884,5.18378704589246,0.674405864958684,0.82864700419802,0.492258391826152,0.758542745505503,0.428971807220862,0.736328887563777,1.61737217891142
229,"B_p40","binary",7.38978563237515,1.61859724295234,5.76831645627301,0.419263861483321,0.405035220560347,0.263291945505541,0.294263332970794,0.247564593074141,0.293093523548089,1.27706596498463
230,"B_p40","binary",5.09954955609847,0.134428223969002,5.28199882033787,0.678740460545718,0.941586176449482,0.511492512521978,0.914748342320163,0.460361987239541,0.908230193856292,1.48886276416305
231,"B_p40","binary",6.57295629190617,0.32128645586182,6.24768710447539,0.511478746440176,0.851064419232954,0.375344131201577,0.806497081358336,0.393532280917598,0.815585244160886,1.00305686483342
232,"B_p40","binary",5.9306872100572,0.398026390044498,5.53587639287515,0.589975307245968,0.823503032034222,0.420299230452521,0.760809170366151,0.379255532535313,0.750076191003273,1.39450203265965
233,"B_p40","binary",4.29527533961249,0.277910947605406,4.73602033701538,0.781569497374373,0.875608081481113,0.611173301856733,0.817562794311695,0.507561121233529,0.773118139836839,1.97510195087748
234,"B_p40","binary",4.93022250756745,0.254151384158422,5.49663538316376,0.714124743517751,0.884267881995962,0.549131097544348,0.83465623437228,0.516966571439338,0.824349180370307,1.48782913583743
235,"B_p40","binary",13.0075664367293,8.59246966273878,5.20067710158838,0.0697685676073311,0.00911277200729921,0.0172801813093655,0.00148322740331375,0.0104524651987574,0.000878876872663303,1.58350719211974
236,"B_p40","binary",6.04140839598463,1.15451598518444,5.27565658449958,0.574189116846272,0.531726553694251,0.3849119140083,0.412838419597354,0.328393982683781,0.389087607872393,1.53706885988437
237,"B_p40","binary",7.24693461062742,2.50487780471431,6.14695442073559,0.439535252928711,0.261974059623922,0.295998792876751,0.172738119921704,0.306710736721699,0.174909595884576,1.09979582497659
238,"B_p40","binary",4.20122743152167,0.323360712843174,5.62878313461049,0.798927623563021,0.860591124571226,0.67006189114191,0.80670044826212,0.651257104816526,0.808375833129375,1.29769367022566
239,"B_p40","binary",7.80570697820813,1.41368796912429,4.99117374123435,0.368371787296716,0.463730199575735,0.178568813572847,0.34096884566893,0.129793289678242,0.295697699258692,1.70585033563608
240,"B_p40","binary",4.15058587796785,1.62189247476262,5.05471642751632,0.803139085806613,0.413198520027345,0.660054855448461,0.277788837471414,0.582859855875778,0.236760847535744,1.74814758429174
241,"B_p40","binary",11.8414468324071,0.12542664477081,5.70264940192527,0.113934935368928,0.949257653370464,0.039640044113088,0.924587437956346,0.0343015069283649,0.924176594201372,1.32128449383334
242,"B_p40","binary",3.36222533001549,1.20475763780282,6.06298901190269,0.882924169879544,0.535172842393669,0.812110917857926,0.435803714235814,0.817131319599072,0.450501993805688,1.05759061663483
243,"B_p40","binary",5.84153524582537,1.76621484562748,5.50560367980656,0.601405512184933,0.37690467566847,0.421026451443019,0.249939364757046,0.386745430748786,0.243838345874916,1.43461204611328
244,"B_p40","binary",4.50573304725188,0.772277309980835,6.01560304306404,0.759838895658811,0.668686939467936,0.640744028770914,0.586652206203272,0.648286946630475,0.597463718322012,1.10698751191765
245,"B_p40","binary",5.48012715681122,0.381053091102483,5.75733881704758,0.642396967388068,0.829722652218709,0.488552343093551,0.77378626626686,0.471835041337302,0.772577022731986,1.24546023203953
246,"B_p40","binary",0.522510278802798,0.0179835640543686,5.75052553876367,0.999810717988097,0.996388349873509,0.999555452203985,0.994161849339603,0.999513216123815,0.993854331780041,1.29745031504201
247,"B_p40","binary",14.9679778898749,5.90500067955576,5.63885560834379,0.0352842799357429,0.0421842176549798,0.00858148706848472,0.0124823120247421,0.00674013138821539,0.00934061579620582,1.38786649137043
248,"B_p40","binary",4.05493684646512,1.02092712517609,5.15356348568071,0.814955221870758,0.578776726834606,0.674488065100983,0.459078390703976,0.61368996491574,0.422353713732585,1.67125453390583
249,"B_p40","binary",4.23248623987985,0.182142113236083,5.85775375534867,0.78810300113288,0.921688507020818,0.671765942740855,0.892151496204545,0.672319128217015,0.893546152707303,1.15391425731392
250,"B_p40","binary",7.61130422541703,0.0629871051440024,5.60459518722124,0.395174393324283,0.978173154513615,0.236011379506498,0.966057536768064,0.209061803687295,0.965699751595703,1.34278830189713
251,"B_p40","binary",10.4301640067806,0.523817679811794,5.99364708252577,0.176574975929484,0.760969687793027,0.0866461032057212,0.691860710889515,0.083644200327445,0.69429253963995,1.1731919460894
252,"B_p40","binary",3.62574524403996,0.709827188140274,5.71853367520738,0.855643960202062,0.68427572484719,0.761201473877418,0.605628552063922,0.750387068487697,0.596629563015436,1.26532172264331
253,"B_p40","binary",18.744161210413,2.65270084339951,5.245770202901,0.00765076667821185,0.243155671598172,0.000859159298226664,0.137202496014421,0.000385849822862161,0.118762818351666,1.53741686009275
254,"B_p40","binary",5.11668908896162,0.720142226499886,5.30685979513508,0.685215611560328,0.68274385522123,0.516424068170083,0.571991406637826,0.460256865055547,0.535783136975648,1.60977977856947
255,"B_p40","binary",5.28235284706192,2.42814086991159,5.10044392315323,0.665113476815009,0.269820917658081,0.486313176422277,0.153349251556087,0.405181279322802,0.119312688778805,1.69458849629786
256,"B_p40","binary",12.4878099718759,0.103990348084936,5.2975596986979,0.0867738696150538,0.959457301823905,0.0245447085844768,0.937541500567163,0.0156551797947199,0.932747632350283,1.54035242890592
257,"B_p40","binary",9.6932175541913,1.79219664349784,5.50693579625864,0.215092427963051,0.37416188847956,0.0962489915590967,0.261409385451813,0.0799253823900421,0.229734901056105,1.46180739457824
258,"B_p40","binary",7.39379125054457,1.73519855153311,5.47637716891648,0.416128984835206,0.39177362821255,0.246878178122403,0.272866978277264,0.212806708215635,0.258955042034773,1.41584259296478
259,"B_p40","binary",3.50216946134169,0.33903629627402,5.5319830007862,0.871679881340069,0.845292024417233,0.773972716690216,0.780666864282602,0.75043577711088,0.771187298869249,1.47920375697599
260,"B_p40","binary",4.63687363117284,0.685566592431549,5.4352974264087,0.74353142987682,0.692172769582523,0.591234669423904,0.593069393159229,0.555030865305366,0.578268571906856,1.44608585842804
261,"B_p40","binary",10.2765323835187,0.0447010714803578,5.50677771753418,0.182947937454411,0.986430936675737,0.0794290024933336,0.977530087225657,0.0606560937125147,0.976263625286568,1.43802253139736
262,"B_p40","binary",2.85365469580582,0.830013636314284,5.08532402666367,0.925408296647282,0.639479896507749,0.850394981548117,0.533627857247294,0.810317001158152,0.483053543655312,1.70289382113938
263,"B_p40","binary",3.8964673497714,1.62306253377571,5.39134715849381,0.832530702505413,0.408418195285426,0.708121435009315,0.287999937827998,0.670763645173889,0.253399370951759,1.54283979761421
264,"B_p40","binary",5.14758152968101,2.04692132541583,5.69873901347814,0.686855735131454,0.332175257213961,0.530850088900543,0.222876682932714,0.512027639023696,0.213005183516135,1.33141702699599
265,"B_p40","binary",4.4405129152791,0.892488933901226,5.54526984048143,0.769536902074152,0.612133692944609,0.629196634966117,0.510019828083103,0.601386009568179,0.497616391903555,1.40892780666769
266,"B_p40","binary",3.72365499618318,0.120563071222111,5.09395355382516,0.844005503683532,0.951800490532962,0.72183910374254,0.922605603097011,0.663575190445768,0.914013731530539,1.65363901588398
267,"B_p40","binary",4.06822967748653,0.0578886855989981,5.55992007602672,0.81157244047574,0.981613270964804,0.697291051164373,0.970847786623762,0.663385460627883,0.968788875753117,1.40759600463962
268,"B_p40","binary",5.26905077799825,0.777052582104365,6.14130857762904,0.670615060692937,0.656019319017851,0.53874193822025,0.577938556425095,0.551227858692026,0.588779500122194,1.06506979701202
269,"B_p40","binary",6.61281791435872,1.93828734098513,5.51123711413261,0.508013105304554,0.357717114465317,0.331940647245893,0.239686544449543,0.293801807134883,0.22456535443484,1.45666994763532
270,"B_p40","binary",5.64654029008797,1.94795088080034,5.40029972988846,0.62334422792263,0.349837200223929,0.4446267748116,0.226514822804038,0.39836414441592,0.222572084368872,1.45712320859746
271,"B_p40","binary",11.8682866602343,1.26953199173026,5.46149505246115,0.10788896393306,0.503741740132176,0.0337144395429551,0.394902300002349,0.0264377298379714,0.366978033253022,1.46071821527221
272,"B_p40","binary",9.02241158248979,0.357862498136715,5.71459431307563,0.271655812175732,0.840694259321881,0.136007437017812,0.779682858978166,0.124960291377528,0.776528210107887,1.34264622508361
273,"B_p40","binary",3.35689397711756,0.341610419470432,5.56849922864245,0.883507439463457,0.844206809318091,0.797266386936275,0.787077837559673,0.776626298192865,0.779762973832221,1.36487138994321
274,"B_p40","binary",7.76920714681987,1.71610090209874,5.59239472784257,0.371647879494664,0.395997407033159,0.220875919217551,0.274983704821234,0.194983724147006,0.267249340246391,1.36526803029374
275,"B_p40","binary",5.98944261131029,2.39982626187262,5.04813949330827,0.58338275750721,0.273350948301557,0.381222908521489,0.153578454480147,0.302044519407143,0.121720791476596,1.7340369975715
276,"B_p40","binary",3.78234799869407,0.650118187434272,5.43964128892464,0.840485576051234,0.707628970654542,0.726385496040559,0.61272281429992,0.695742932820569,0.590650258324981,1.4614244993234
277,"B_p40","binary",2.34621202840055,0.0600000904859301,5.49720656982656,0.958384011677933,0.980272659534106,0.918490967858869,0.967722953534925,0.905568320249582,0.964452156340959,1.48407315131869
278,"B_p40","binary",8.6572593069122,5.98999076525522,5.42613560113065,0.299359483213774,0.0352422499602554,0.149674570008176,0.0104443762095834,0.12032385251064,0.00761332621232391,1.4927989429173
279,"B_p40","binary",6.66711916607277,1.02666027569076,5.51670422356676,0.493210852992336,0.57610347324321,0.316634406194266,0.466275283706755,0.288618680224432,0.447589539088603,1.40082654897664
280,"B_p40","binary",8.74332101036093,3.32972901743313,5.10988667019977,0.288645125257559,0.16160353116473,0.13289437310743,0.0810221159803566,0.0901862166706442,0.059065595765977,1.64483108535379
281,"B_p40","binary",7.32478569350584,0.540830407953382,5.14895833535254,0.427651293112322,0.753379570734184,0.235154762922104,0.661791455304545,0.180964014003273,0.628314816546483,1.67699570026537
282,"B_p40","binary",1.18507253079047,0.0525608770177157,5.75827767598898,0.995869779059244,0.983741113247311,0.991066637019606,0.974106897070099,0.990350654708822,0.974146160091345,1.30563853141926
283,"B_p40","binary",2.42360854785838,0.420934172254743,5.45102399676768,0.953761077044773,0.806227856286806,0.911648709775054,0.740768842099848,0.895558090906228,0.72817228999383,1.42873800836425
284,"B_p40","binary",3.30901917948861,0.378392057683356,5.36183384641891,0.886351609814234,0.830300011487482,0.7921545121182,0.767005233453109,0.764915256261662,0.753377395685223,1.48319511881091
285,"B_p40","binary",6.34344500552551,1.45983351680905,5.28923446482349,0.539413341063306,0.45444066002054,0.356777287967955,0.337542216735999,0.294214340481958,0.303614228227314,1.54195663765435
286,"B_p40","binary",9.51062181431908,0.643702831887561,5.7500464583652,0.218723090908815,0.716518806866312,0.10913954661997,0.626177937771524,0.104072681689303,0.629378054085963,1.23736295164469
287,"B_p40","binary",4.90147451815628,0.721472010211466,5.69037184769834,0.713151834015272,0.684037977719925,0.565741832436844,0.596529480384966,0.548404576791206,0.594132716612879,1.29069363949601
288,"B_p40","binary",7.03956326529926,0.298506395937489,5.9043804585541,0.445653461405969,0.861925683142651,0.297543741960215,0.809420313123371,0.298405945160987,0.811514423110985,1.19841966541436
289,"B_p40","binary",7.23398676212985,2.47328618826994,5.69128085526689,0.434358941997551,0.258378443038913,0.270895439214045,0.15771788752221,0.252917854920736,0.155453817085769,1.32563571592209
290,"B_p40","binary",12.1786451714793,3.81888724483236,4.9885854082308,0.1010550124803,0.122069755643431,0.0282961515924456,0.0485123306863564,0.0125127574081535,0.031668714508184,1.77896954758607
291,"B_p40","binary",5.7691696348815,2.09279865296412,5.53479552638004,0.602283306847735,0.315104417602369,0.428753676114379,0.205991625546851,0.400540168935735,0.19419550954092,1.40297231199983
292,"B_p40","binary",5.39200202295509,1.06469539179215,5.48060531515236,0.648787183596243,0.562647533157759,0.488740025467348,0.456793477601946,0.445457628081071,0.433157836244544,1.41999329803129
293,"B_p40","binary",8.83327108559127,4.25815013664497,5.24387341234575,0.285088816702215,0.100542881655116,0.125112343527154,0.0388400068251336,0.096461083721613,0.0297011076729693,1.58493497156804
294,"B_p40","binary",3.58317854221443,2.08566613205313,5.99832756842154,0.862193186645396,0.322577764607927,0.779829347176948,0.227946620806361,0.781664385835245,0.237236384288263,1.1287743028247
295,"B_p40","binary",3.5050173861238,1.49052611044882,5.56125580377097,0.870722900847709,0.448722717840778,0.770173820351508,0.340441921104481,0.753804846143332,0.329583547186409,1.35894721025661
296,"B_p40","binary",4.58563093824835,0.905199323016241,5.68521379392139,0.750237109743824,0.618048173873283,0.614100192638363,0.528882488468243,0.596389641199974,0.512467366994308,1.31640963667515
297,"B_p40","binary",2.35707479625071,0.363195467964259,5.9819980410891,0.957975309220791,0.838056102442367,0.926828162263817,0.778498406806802,0.925300117553064,0.783407326312386,1.17384909393623
298,"B_p40","binary",5.82692579576585,1.56815829355885,5.67053419902312,0.595456174413059,0.418798612216464,0.435789982761126,0.308996542286332,0.411642008747245,0.301953334129028,1.29825679328543
299,"B_p40","binary",6.91510421132526,2.80497186585244,5.27170032631255,0.463325523665445,0.219287417186344,0.276256732810472,0.119163097785784,0.231656580957627,0.102950313697886,1.51048316733219
300,"B_p40","binary",3.01218490768029,0.51340638129267,5.15214105925639,0.91564778104577,0.763808676259587,0.832957561181714,0.674271432084061,0.79097991958544,0.643666221892179,1.6869639328069
301,"B_p40","binary",6.43102774703759,3.5478546570802,5.37466807174796,0.530595920025023,0.143830259841248,0.341648502005456,0.0672669327407681,0.295905564514117,0.0592118840077208,1.50087099178758
302,"B_p40","binary",9.85722557484551,1.60258120700612,5.8908969763599,0.20484568809044,0.415144406543571,0.098677579714003,0.31082671406488,0.0990564745358593,0.31652442091054,1.17387590391774
303,"B_p40","binary",4.3135120784545,1.05390497155273,5.97316529236584,0.78942829982456,0.571137514407762,0.67516598595981,0.472217080823975,0.672381396605988,0.480386621223962,1.17775511012392
304,"B_p40","binary",13.388306111382,0.0995945469293757,5.31919189349143,0.0620705248090632,0.962331992223194,0.0161769371118607,0.94075652442632,0.00990267865723049,0.935569703908746,1.55966379827529
305,"B_p40","binary",6.7288900199066,0.700495060987254,5.04828308456301,0.494682300294925,0.687445786486461,0.29777875799937,0.594631067460534,0.221235210946178,0.540637990176683,1.7473139418274
306,"B_p40","binary",3.95723300942347,1.49403632767162,6.29741693873361,0.825266186343157,0.455296674253533,0.73979193499485,0.371885345184443,0.755950955745152,0.391435603995401,0.928802396520776
307,"B_p40","binary",3.73319914827769,0.263017402039418,6.21155953895363,0.848793925650887,0.878942964434307,0.771089152422582,0.842106222774786,0.778596051630779,0.849668986049827,1.01571260948785
308,"B_p40","binary",8.74117308595783,2.52658139416212,5.6356228385043,0.296472147330682,0.263870502819719,0.154834564225616,0.157666657080001,0.133690012293658,0.151012409914625,1.41668297921171
309,"B_p40","binary",6.59359266306443,3.01144002577013,5.45358720370087,0.511177305370805,0.191148947832198,0.331950224663586,0.0983499961487995,0.288287943327375,0.079033404585648,1.52100750700583
310,"B_p40","binary",4.92961543533321,1.30518980231246,5.47918490200713,0.712186473473423,0.489586909995568,0.550468793075414,0.368753086701609,0.515037480696251,0.354280145157314,1.43410765813708
311,"B_p40","binary",4.7111284284421,2.42795064235715,5.41402400713892,0.727792523176352,0.256028455363388,0.573661617551422,0.156304439925379,0.54004296949917,0.134829685174254,1.46013670917106
312,"B_p40","binary",7.60986984551881,1.74837028447711,5.61746446832843,0.398005391418185,0.394438962116991,0.240148639566144,0.275418939227588,0.210747765003828,0.255098795549367,1.39025934668245
313,"B_p40","binary",11.2644726216291,0.0749122193153231,5.34034639785838,0.124614204717631,0.973058213871384,0.0420419136335258,0.959493864287314,0.0314980718458336,0.956293783680948,1.44402369091091
314,"B_p40","binary",5.08727543102443,0.199233856565563,5.4498797971636,0.693683796840785,0.908650665864829,0.531321346406273,0.873971861316208,0.486744004273684,0.866606539719398,1.44601614320154
315,"B_p40","binary",5.50065751954235,0.855204885608732,5.54800449014358,0.644024017036116,0.642322376308605,0.479220941576056,0.532092626707816,0.439407766356217,0.515978430475281,1.44243088761591
316,"B_p40","binary",5.0814490001394,0.254223101602347,4.81119405143568,0.682681505765977,0.88611942197829,0.492327083091471,0.826408425682929,0.389787444461543,0.794073096363057,1.89241840402404
317,"B_p40","binary",1.98977015817471,0.203767035331186,5.47669697848049,0.975155923422855,0.907679591310172,0.947586737083498,0.866943147648039,0.940742484932125,0.863850155940836,1.41109236530259
318,"B_p40","binary",11.9078178391728,2.70445462946855,5.57930535545516,0.105865220199218,0.226122921222628,0.0354050426611303,0.13503978731174,0.029677544629708,0.118718124983864,1.38451508396948
319,"B_p40","binary",3.56652996202966,0.348322541740195,5.71347329441596,0.860763581430048,0.835108755359016,0.767989018073813,0.783892214328041,0.758871225824731,0.785675450041105,1.21304987149767
320,"B_p40","binary",5.18928269973757,1.48009150989556,5.94231129917237,0.678740002120231,0.459714455165371,0.541818507662568,0.358530046418792,0.538146201637355,0.363544682737299,1.15370189033198
321,"B_p40","binary",13.5638880891547,1.31138868138722,5.27988404017411,0.0573989167012031,0.493814735240753,0.0149079658355836,0.358290020304129,0.00873837088175589,0.33368572403254,1.56113283170261
322,"B_p40","binary",3.19604637374873,0.256605109121265,5.30789861430994,0.902490019717454,0.885568370823881,0.813906790127944,0.830602349218009,0.77650807517585,0.816762762280123,1.62521562054102
323,"B_p40","binary",5.48511599180385,1.55358142995051,5.61840417208414,0.641346240981938,0.435565890003949,0.481568162453324,0.324990447949868,0.451526168482248,0.302109390487521,1.39286043893217
324,"B_p40","binary",5.84544641789927,1.47572383873357,5.56289891231331,0.598560946974399,0.452171182554296,0.42767616890714,0.332960863326341,0.394344099912498,0.325574472583358,1.39260321930989
325,"B_p40","binary",2.23621677679369,0.288992694811088,5.5016292977746,0.963208500461763,0.868175845116847,0.929240566001533,0.814984819560576,0.917892572666575,0.803637389433599,1.4375540565644
326,"B_p40","binary",7.1144098884206,1.59430986273168,5.39447648873732,0.449412788152343,0.428626372685294,0.26797057219556,0.303303647660565,0.228148843538148,0.269364437020145,1.55181841712216
327,"B_p40","binary",3.96366745612401,0.964030940533794,5.97109255225542,0.823436549601262,0.597454491590597,0.724592564350607,0.500921104028989,0.724165947952316,0.507215609179619,1.16625660115579
328,"B_p40","binary",7.03819329076895,1.45838249874699,5.36952744635386,0.453386251570747,0.454432744214912,0.27831246637158,0.32381853335749,0.232145798363835,0.306718184275376,1.50023631961851
329,"B_p40","binary",9.82801703900676,2.18819319008211,4.85954294462084,0.207468440110685,0.300219380065594,0.0766245207049923,0.171484126576833,0.0400327211472582,0.141519424773307,1.7978173948713
330,"B_p40","binary",3.28407392308326,1.06745805733731,5.62107495336842,0.888319817631355,0.567577116981439,0.809851170062859,0.458566777581469,0.792421325976395,0.459763427800533,1.28553574420995
331,"B_p40","binary",8.88287983586393,2.04931924369366,5.41420170110629,0.264407848869856,0.326600729034752,0.129594853408984,0.212226873307564,0.107215532931523,0.203952177074736,1.40424510523503
332,"B_p40","binary",6.54208040894391,3.78461753851086,5.35622266322476,0.523643133493478,0.131639707421145,0.342337602346748,0.0562522410792445,0.281024961592529,0.0463834131394358,1.55639764412251
333,"B_p40","binary",3.5038891979211,1.13888816033415,4.91160922713279,0.869980876225992,0.542283888216356,0.752014425180206,0.412192733212568,0.679235490837695,0.361778714877826,1.82697390487735
334,"B_p40","binary",3.86158013484758,2.10960765530835,5.62070122736787,0.83359479338265,0.323083827585991,0.719629489545326,0.213619844822017,0.70339636363508,0.205026079308197,1.34183967947556
335,"B_p40","binary",2.79361085190844,0.566348618842916,5.59460858119804,0.930316879052083,0.747752273514717,0.871460270245287,0.66305430426436,0.858231438881107,0.654228971360018,1.37733705076324
336,"B_p40","binary",5.71746354335121,2.63150195946416,5.75892365527609,0.607283523615539,0.23940253397936,0.439873536790903,0.145394639073333,0.438761419343906,0.147857503374442,1.25075928017082
337,"B_p40","binary",1.6012342729705,0.234407289876561,5.27370138921315,0.987784356181963,0.895675536311369,0.972708893078339,0.844587096722031,0.965645821234243,0.837121195403033,1.54017095832494
338,"B_p40","binary",4.20457894079962,1.28194959581338,5.62461905454665,0.798637438849568,0.507996329168849,0.673687125478372,0.396859798652681,0.649404934521992,0.382714738915246,1.35070360648085
339,"B_p40","binary",5.88821264848302,2.77595169726444,5.79850593367866,0.60053926317884,0.229197972722287,0.440661559231498,0.142161356436639,0.421172293271778,0.135992713561422,1.26320132962329
340,"B_p40","binary",7.21523813659789,2.55018341648452,5.02810364106619,0.437274538369453,0.251623913159695,0.245545005689347,0.121343120324137,0.176242533216835,0.0934761083838392,1.81098805052402
341,"B_p40","binary",4.47407017103666,0.939401758087399,5.13665854242891,0.76730040077733,0.611489900258562,0.602039894218179,0.48354139745319,0.539296885127109,0.448293932927839,1.68953254330464
342,"B_p40","binary",1.13955737061775,0.460961013548534,5.44360360055603,0.996264750266665,0.789131362189951,0.991372129043758,0.718815819709488,0.989755995082528,0.700253792984147,1.46042573548952
343,"B_p40","binary",5.56609926134373,1.9025453398491,5.62456147771704,0.626183111349932,0.34984303706902,0.466261284337567,0.243215448730134,0.441230797940417,0.230619305525239,1.34512831554542
344,"B_p40","binary",4.0551090285432,0.656652961050285,4.97438435507817,0.810439342121674,0.708755844193895,0.677955765948097,0.599117250954083,0.587633306597001,0.544679119452356,1.80185956818587
345,"B_p40","binary",6.27937044988944,1.81111610486148,5.36272198871345,0.544317448431501,0.372949952119995,0.362467567159003,0.243935672383974,0.311781091111889,0.235060602666433,1.51277987427185
346,"B_p40","binary",5.6217788639453,0.5848673702243,5.40300696807671,0.626898166552577,0.743286501433281,0.447662595183875,0.661042764940905,0.401959610326359,0.637319459213187,1.51018644232107
347,"B_p40","binary",2.2503063971246,0.842693927597494,5.34960583841913,0.960760762585781,0.627224953186044,0.921088152035886,0.51771039147571,0.909895928760296,0.502606263969227,1.44869978714022
348,"B_p40","binary",13.7734440906629,1.52416916423071,5.40260395086699,0.0586722850179185,0.436672865157533,0.0154718339711861,0.312886132679172,0.00901582269370671,0.289198728183184,1.52033254278785
349,"B_p40","binary",5.3881445498009,4.19816162080767,5.43001409331678,0.650636902399502,0.100251672101053,0.473651129344751,0.0431606506769465,0.439145539902109,0.0390864084896996,1.42696858050618
350,"B_p40","binary",10.8748335979892,0.947766417628962,5.32244676302562,0.152090791682923,0.602598571297313,0.0561468281565178,0.488503818520829,0.0379302438786355,0.455386327484281,1.57059913366868
351,"B_p40","binary",4.85890576779413,0.912885610789821,5.66475621409838,0.714626067399448,0.61715976652385,0.569348264024678,0.52255966073089,0.550841064503444,0.508317075973126,1.31651437549092
352,"B_p40","binary",3.97985800088926,0.532160012523308,5.46046214890826,0.814272430558301,0.752976687224757,0.698948970560673,0.673458751390066,0.665926729241383,0.660788688631866,1.42935185000778
353,"B_p40","binary",7.13151186820872,3.69776237306071,5.26244667209882,0.456429513399194,0.137352584479132,0.269280131052368,0.0611195890833546,0.210439403094944,0.0441461953823025,1.62933899746931
354,"B_p40","binary",4.20972168757921,1.43334028826114,5.060791578575,0.796593793734053,0.460787028369396,0.63985056518042,0.326998455751548,0.573753471675469,0.287329003255107,1.72111824916702
355,"B_p40","binary",5.75279270284697,1.18269289836624,6.0002446350158,0.612029570523206,0.53452715231428,0.464919389811098,0.426739892570545,0.46609122340595,0.437721606502946,1.17194358040909
356,"B_p40","binary",2.1862863855698,0.477985089529721,5.59824170076707,0.966040512685406,0.784315363364546,0.933556065690384,0.709444594734202,0.926984942240848,0.70138571665111,1.36004929666582
357,"B_p40","binary",6.63054811115108,0.503524244538122,5.44714995280392,0.493712827258716,0.76959679105375,0.317861646443997,0.698611281073094,0.283402129535979,0.684697466405719,1.38318722493936
358,"B_p40","binary",10.0298228953245,2.27678564153406,5.3517603511419,0.19407033718593,0.297370705110858,0.07733088973636,0.176815124238827,0.0595435882401861,0.156771659477169,1.53869702016732
359,"B_p40","binary",11.8539297657311,2.0541153537473,6.10993911882711,0.107209856392287,0.316970773222137,0.0452704515823981,0.213540367989726,0.0500805123517096,0.226536072741733,1.11070304078813
360,"B_p40","binary",3.65383480411144,0.0512445590522051,5.16594759755139,0.856813840468712,0.983215172858434,0.737230803331985,0.971858024695599,0.684114082382709,0.966806223189378,1.70258850932017
361,"B_p40","binary",6.21170261869331,4.22200300009753,5.05013422544464,0.554105115355599,0.101248579243568,0.355830230100814,0.0326527606749147,0.276065096831342,0.0190748675048518,1.80371972360669
362,"B_p40","binary",1.98550317988791,0.690352873563182,5.48164580823493,0.974368547850595,0.687172725226043,0.947602860415381,0.588738874172362,0.941130037516239,0.587464156551472,1.37935835408593
363,"B_p40","binary",4.35360264970438,2.40182994792577,5.98481943796965,0.779650052338642,0.265962535925304,0.666008894838087,0.173214909224111,0.667481179120279,0.179638126794342,1.14697062418153
364,"B_p40","binary",7.29811312966533,1.1734543688146,5.81156457549009,0.432057641978684,0.533522950596588,0.27972184142754,0.421219168676272,0.26123783016157,0.422815546619915,1.26320584743857
365,"B_p40","binary",3.53181113494691,0.522857010643509,5.27966723657904,0.869223956616621,0.762208022834066,0.762407177345695,0.664785942923748,0.71897319043921,0.649607955921365,1.62544632529393
366,"B_p40","binary",6.33111760389288,2.49553269739049,5.30951809681776,0.524447474571125,0.245653119912428,0.343995759061492,0.149387703774821,0.298350018618246,0.122086328577496,1.52231610787884
367,"B_p40","binary",6.82158491493549,0.315388294770556,5.97715754866018,0.475969544542625,0.858567294943044,0.328035160414966,0.805433219485742,0.330814732103823,0.812105449393015,1.14471761402251
368,"B_p40","binary",2.01059057533997,0.67123003361704,5.4974517625332,0.973239786175185,0.695327903937303,0.944444526313003,0.606404628875506,0.939070489183357,0.584719929927097,1.42946012941807
369,"B_p40","binary",3.6466334760174,0.264661101882717,5.70072915089341,0.859583916469134,0.885153956912934,0.763748331507121,0.834382351438248,0.745286510877858,0.829718357326106,1.35398865624435
370,"B_p40","binary",5.18987658291925,1.1525295646583,5.5364395833982,0.674669851457556,0.539531487550239,0.509691972042699,0.419197366345446,0.483362426663739,0.413139765881869,1.39896752709473
371,"B_p40","binary",3.03871295819799,0.63086698527701,5.3099799640173,0.911578247556376,0.718695408028643,0.832280224000996,0.61822116224818,0.80172319616747,0.600877987525324,1.55284150417342
372,"B_p40","binary",3.16870602661767,0.243980121334951,5.95367243718647,0.901605671308513,0.890784231971517,0.839986483508076,0.854251327467752,0.834244197205547,0.858179390629435,1.12021804473745
373,"B_p40","binary",3.4620605669186,0.518778950494104,5.59070122800526,0.873399092200417,0.762970903339531,0.779409360117059,0.684249522897005,0.763009009809453,0.683081255824441,1.34084276988128
374,"B_p40","binary",3.73540616762301,0.516812159006631,5.75383706719167,0.846274592632893,0.760067888133589,0.751541973080284,0.690886845681262,0.736231987946429,0.683150020597739,1.29313807130435
375,"B_p40","binary",8.22195509806561,0.669355749208889,5.43865226858171,0.332617594840587,0.700018747391578,0.181394459927499,0.600768025523408,0.146776352332363,0.585064713885916,1.48118563689029
376,"B_p40","binary",5.40047298116795,1.34080828950722,5.85479167371648,0.658058741166498,0.486443258372258,0.505848343102428,0.381435696232706,0.496007143251811,0.380328195015698,1.24730649510315
377,"B_p40","binary",9.75115976795993,0.131830792804661,5.43170525029115,0.209246839929616,0.94746887967519,0.0930065824078948,0.91936118505141,0.0728540906258152,0.914270215662452,1.47511011428709
378,"B_p40","binary",6.23305668753585,0.634498914285522,5.54605078130341,0.553331144401568,0.717166852655709,0.381111322745631,0.63009383510205,0.342365968481012,0.607550578846522,1.44232094804566
379,"B_p40","binary",4.72762223890649,1.02451617876736,5.48740813749348,0.730300768779344,0.574245366093388,0.579873937089485,0.469165998307943,0.547689248322573,0.450050335833535,1.40896561460157
380,"B_p40","binary",3.87808012739942,1.16796934851853,5.51035408078251,0.834143023159117,0.533817659403144,0.719372071127231,0.423580571558543,0.68868825864202,0.406109647070141,1.40704619551723
381,"B_p40","binary",9.87867543093654,3.66952195950872,5.5894196822738,0.21574315566203,0.140407640348407,0.0977954198969363,0.0644046198175645,0.0786132780538318,0.0527057825814747,1.47822538126624
382,"B_p40","binary",10.2220397346794,0.306527737154434,5.73235716060019,0.191306980544641,0.862093690609845,0.0841194604979032,0.802458303426305,0.0751834451038518,0.801084751530156,1.33537827963088
383,"B_p40","binary",6.76396288061001,0.460947636575488,5.20561776737818,0.485781517102189,0.794293018595834,0.286708200247159,0.726872963321214,0.237808221599071,0.706137620220223,1.56835519127793
384,"B_p40","binary",9.81450144041446,5.81038858414232,5.62242844123459,0.207114137311192,0.0422747131417646,0.0972476876155393,0.0148536528110956,0.0823444709640042,0.01270377209969,1.33173372430313
385,"B_p40","binary",4.90002266413099,0.141611322860989,5.91824264854369,0.71442845742979,0.941300632153085,0.583046009278647,0.916304174139677,0.577649266834024,0.917235465621402,1.19230309013302
386,"B_p40","binary",5.15298317425037,0.819940542701493,5.33326335582559,0.676276495163669,0.640914977978916,0.5052328023091,0.524575350950596,0.459568726673639,0.508105428904954,1.50534972236386
387,"B_p40","binary",4.25237577649064,0.316972533211245,5.63058438016616,0.795202940611278,0.853587968439812,0.664496799675997,0.799738058171856,0.642294731190056,0.792551943744751,1.38283646889286
388,"B_p40","binary",4.45684169273144,3.3286328813543,5.48806087265887,0.774077068482059,0.162615155720201,0.626749081629016,0.0778432300031715,0.591653634149945,0.0712660957680838,1.47139320149922
389,"B_p40","binary",2.21816214241546,1.59125568054705,5.53599846661012,0.964764030193838,0.426255747343489,0.931264085590787,0.303346573647791,0.921165071628023,0.283961187891479,1.4340105233078
390,"B_p40","binary",2.34671794000221,0.106131130140514,5.34244436513852,0.959543128847153,0.958264824914571,0.917566848885186,0.93576883333217,0.898929339922486,0.931767388498629,1.50954726397281
391,"B_p40","binary",8.52239750039908,2.74127623195895,5.59427324049354,0.308525509564205,0.223563265711488,0.163327264590219,0.137984540128506,0.142552093892281,0.130635393391035,1.31057857998801
392,"B_p40","binary",2.76341234127646,1.21683157222656,5.87686576196261,0.933424543526669,0.517408941272617,0.880026611336587,0.411976916742104,0.878503617661981,0.406779147705514,1.23127765126041
393,"B_p40","binary",8.81184697695275,2.23624757651528,5.80968993536665,0.287140938717753,0.300733609172173,0.157048703595971,0.195962781919318,0.145053431808616,0.188789282660645,1.28281459254299
394,"B_p40","binary",5.83474680181307,0.393363674569836,5.65947408828846,0.600145363413888,0.818752148199355,0.442512817922548,0.757806392006408,0.409187300019184,0.750902712222458,1.32445378334071
395,"B_p40","binary",9.37050682966031,1.23454387440685,5.26379272332341,0.241734587119203,0.510889303115864,0.101787325903801,0.396582238608837,0.0754547503671641,0.374494555487575,1.5116980729062
396,"B_p40","binary",8.10298726788057,4.77799164158437,5.81314406066791,0.345090519882724,0.0727766660133061,0.200382669955738,0.0306482510943937,0.192846445545861,0.0303028702773137,1.22604105861174
397,"B_p40","binary",4.65341272954569,0.600654116393409,5.07113268812164,0.739292979332522,0.727005755421334,0.578453340991802,0.638618609344534,0.499574395760276,0.598406516641842,1.68723679059036
398,"B_p40","binary",8.79868436827757,1.95438100874256,5.58515166290906,0.280848623635008,0.342046949023622,0.143025396239937,0.233779496845446,0.126163781504431,0.215730112159259,1.37373943177541
399,"B_p40","binary",4.67131057482738,1.11080411346723,5.89147115676042,0.732572934322363,0.544271703075738,0.606326063924633,0.455646127743167,0.609089042214925,0.460843090758071,1.07656024429907
400,"B_p40","binary",5.57035400014751,2.47424591458268,5.15935845232686,0.635284826237877,0.260461260486535,0.445340994411956,0.158559456066092,0.373227749142582,0.120204396504978,1.64300539253365
1,"B_p100","gauss",3.44031388108915,0.448733659612472,4.90456807332698,0.801963849949159,0.751599537362324,0.653312676048215,0.659936564459923,0.690843690027703,0.690013274854825,1.2091906296197
2,"B_p100","gauss",1.63671822336372,0.57893192348967,4.48884366495482,0.976494181543795,0.6989379403738,0.939584658303887,0.587672487382535,0.939808589974029,0.588005514172379,1.54063245066134
3,"B_p100","gauss",3.1606614503964,0.151554391449317,4.20465192511491,0.83685711648925,0.916550511494775,0.667258568658787,0.870709471132091,0.644774186357111,0.866545039120585,1.67775271464991
4,"B_p100","gauss",6.66446331536674,0.163968509957933,4.63483383608723,0.355085734345366,0.912136820076726,0.168495037919671,0.872221205456872,0.174387165771327,0.87906555172843,1.36686332858074
5,"B_p100","gauss",6.73084413517983,0.0394837016592929,4.78182015768743,0.357754928831733,0.984075330729103,0.160968205190563,0.973876364291577,0.187344015145669,0.976102635046838,1.34934206758221
6,"B_p100","gauss",2.21478097485418,0.542916684330385,4.60465317566596,0.941167503132081,0.713489358309972,0.867955135023605,0.595304656931546,0.871016593039204,0.604108038318561,1.49579984577057
7,"B_p100","gauss",4.26257326207744,0.958277461301908,4.89094178908524,0.679189133433157,0.554805005862729,0.485351884004271,0.434490333984377,0.539331602914245,0.471474576115,1.16806825513406
8,"B_p100","gauss",4.01115425142579,1.06116161904188,4.23243597359497,0.720600137922194,0.517427328464057,0.490187779718761,0.36072231320495,0.474827244931532,0.354858173216448,1.71036486530762
9,"B_p100","gauss",2.51207671649001,0.421316786827129,4.77723748368427,0.913368845131031,0.764219839327866,0.816415766116005,0.677291108818988,0.838297653946671,0.697874166242684,1.30264191545853
10,"B_p100","gauss",2.71409020604566,0.561113339077659,4.45293701570648,0.898919016866062,0.705649254395496,0.777811132393084,0.595539680003682,0.770907598010967,0.58130023911504,1.62711907459272
11,"B_p100","gauss",5.91500310279277,0.418478824708464,4.24975929573024,0.436092275583867,0.765059990581401,0.205065233519351,0.663870022269203,0.194074473032225,0.653594812293141,1.6972915688067
12,"B_p100","gauss",2.89921706074462,0.0765267416547832,5.0627511654463,0.870312769303398,0.965297576059461,0.751083415127795,0.942811550374657,0.801566605199544,0.953548846336258,1.11618721399928
13,"B_p100","gauss",1.5997850592954,0.652863600790547,4.6330153419364,0.976120239215623,0.663044556707069,0.940415152464621,0.541874453748049,0.948808420811608,0.570076075848081,1.35452717660689
14,"B_p100","gauss",5.73106092762193,0.301817413707351,4.78856156546222,0.470915727700756,0.83704862142227,0.255984962828449,0.767168927358919,0.295519330003526,0.793462938323039,1.22498304202408
15,"B_p100","gauss",2.29508658980326,0.049171702645083,4.39041694709424,0.931082679916633,0.979162447847155,0.834737409526114,0.963893219880102,0.840362198581894,0.965824166995248,1.55600556927394
16,"B_p100","gauss",5.43559831980389,0.644232347096234,5.17401348153686,0.516887103698929,0.677195654222288,0.320007212198175,0.578388586133615,0.39429104368227,0.617687185652861,1.06505198160397
17,"B_p100","gauss",3.99399007749112,1.10390465928592,4.60306072650511,0.729106886656028,0.497130833376746,0.520226681768266,0.357805968646191,0.54247032107909,0.368169104909539,1.47127940937167
18,"B_p100","gauss",3.53240076832429,0.60819327928767,4.62762519677203,0.790707704066804,0.681074465353167,0.615019234471682,0.566572326465043,0.635111588741344,0.591284997427607,1.38120959901917
19,"B_p100","gauss",3.76051234728699,1.26623392420807,4.62105820795577,0.763871043665308,0.442883943291527,0.571779224079765,0.29667042039618,0.590181039202789,0.321743716046937,1.4374006792418
20,"B_p100","gauss",1.05267781428041,0.795556307198215,4.34643633837279,0.994406997106426,0.597612948938613,0.982940697612002,0.454089413714903,0.983117382993179,0.453926630926213,1.6241560098735
21,"B_p100","gauss",2.56992730864496,0.734469015155537,4.73715048216978,0.911153699670678,0.626908650831253,0.808771485969537,0.497445872826649,0.824474913405175,0.515335504008484,1.43167082729425
22,"B_p100","gauss",3.93999017686539,0.634160394522401,4.73073777426182,0.733413793654774,0.682296483310001,0.538760890975363,0.557382003532165,0.573225820586468,0.589065044142724,1.34279790978513
23,"B_p100","gauss",10.9181135160171,1.42828514666887,4.47774465408595,0.0660515466672154,0.383146397622485,0.0117824062665843,0.236429829835085,0.0126455741563594,0.247622251842728,1.4983741873887
24,"B_p100","gauss",4.33388025375163,1.77548028098545,4.6769668519563,0.67310079011432,0.315389644689898,0.452611297478976,0.190353432491845,0.492316922004075,0.209010240490346,1.36267786623662
25,"B_p100","gauss",5.73793836956136,0.0729103342497968,4.33225100200321,0.463992270541499,0.966742790608671,0.233899263332479,0.945361129476189,0.225238127864541,0.947660307904474,1.56038150436
26,"B_p100","gauss",7.69726816111764,0.597713000914505,3.93015336672255,0.245029344702197,0.687329075263905,0.0688804056518085,0.547695997678723,0.0479341810636786,0.519804946981247,1.97318419630132
27,"B_p100","gauss",2.03282032646861,0.0836057756689337,4.67452204427854,0.951122802891906,0.959069380084718,0.8917657431465,0.937652490372706,0.901176035848833,0.941351892885098,1.34553876250508
28,"B_p100","gauss",6.92668865367464,1.36941229539812,4.5964798422202,0.337649450535832,0.407381184199748,0.143412288311227,0.258639235474498,0.148790884683325,0.274212957091849,1.5067481073393
29,"B_p100","gauss",2.98461455017515,1.7983800594928,4.5244220233267,0.857664047868643,0.321316291348824,0.723061245519025,0.19288265888702,0.727675725483886,0.203520857195424,1.43096837916408
30,"B_p100","gauss",4.48206635508864,2.2902864678882,4.43084477457662,0.639485619788164,0.213694508209271,0.421402544977115,0.10244995623335,0.423631680278732,0.109449975044051,1.49996453681317
31,"B_p100","gauss",10.6015861018774,6.57234545614868,4.58120552498567,0.0794346245743369,0.0146156635436749,0.0148023492138978,0.00218080809480647,0.0178415669730205,0.00308093727987235,1.39596712220391
32,"B_p100","gauss",3.66270416980747,1.48907100645083,4.88243244525203,0.783321580392187,0.391654796955102,0.612919631265115,0.253509423387197,0.647450189444172,0.292766622399221,1.26145532288923
33,"B_p100","gauss",3.16546108541179,1.50348805042065,4.83982577283376,0.843631765596571,0.390117593587496,0.695170508551932,0.250337075091408,0.732965500666667,0.288296765375491,1.31239525575054
34,"B_p100","gauss",4.76474059962566,1.45182529682061,5.42970477879544,0.62839538449924,0.396424330321992,0.456439060608496,0.273541594666521,0.534326142016184,0.342988268141258,0.916105413430541
35,"B_p100","gauss",5.32244668065823,1.27364955623335,4.47718980970357,0.516837112198371,0.422758953014748,0.295130820468546,0.28128779120457,0.300484867405712,0.290974399687188,1.47957784747092
36,"B_p100","gauss",2.64230074913507,0.133226279665386,4.93201314677752,0.898279027925996,0.928589893656366,0.801108380936866,0.890094301392477,0.830070996393238,0.903881662702306,1.2165344929123
37,"B_p100","gauss",4.7455111783477,0.353724567499736,4.76632303727722,0.605839422052437,0.807234384577177,0.388492559682993,0.733629435033641,0.436433406995304,0.751768792566418,1.27520231039443
38,"B_p100","gauss",6.7391535397099,1.18980985856517,4.51140042753973,0.337520322677003,0.458296250785499,0.139507025976511,0.312051308805706,0.15328980235584,0.335139842102992,1.44267452478271
39,"B_p100","gauss",2.6310052229721,0.892398566201993,4.69711281892148,0.899987159740798,0.568434678112604,0.78531091230495,0.428314762646695,0.811043103963904,0.45878490044321,1.39226846698299
40,"B_p100","gauss",2.34278905541199,0.772399319826506,4.54191469647905,0.926716560263187,0.603430452090868,0.832108382941439,0.472041613555586,0.845811615880115,0.493768760891748,1.44778319423264
41,"B_p100","gauss",2.39625006452965,2.15480845868812,4.79801954680552,0.922816552859051,0.238560007927854,0.837442100276118,0.132500780466424,0.858211567636546,0.15281254032414,1.26697257180462
42,"B_p100","gauss",1.93781730939798,0.358450283466799,4.49426245835514,0.955419142850755,0.788952603639222,0.894611542473602,0.699276173778158,0.903759724958554,0.719073487119002,1.39082961580054
43,"B_p100","gauss",4.62603776604394,0.878649710317764,4.42147974150856,0.610207876012131,0.551493312819481,0.382868669021025,0.415879545844626,0.397381445138344,0.422480292733842,1.48589883476505
44,"B_p100","gauss",3.92131776325457,3.10668559365329,4.57731514757689,0.729367590978252,0.13109251462637,0.529637925089346,0.0504010778545771,0.551895780041745,0.0570588218296548,1.4277371427584
45,"B_p100","gauss",5.75923493964277,0.366594791787649,4.82897147962125,0.491526327404319,0.805630960845631,0.278608879104538,0.72860584493566,0.29822853231614,0.745271764537289,1.3370754816465
46,"B_p100","gauss",6.28192955240533,0.674129512611546,4.82209704288446,0.405350546626452,0.652042389893936,0.203424774804187,0.537416832122023,0.236149618743994,0.561678172162716,1.28064874672889
47,"B_p100","gauss",3.24912207585903,0.256602083026577,4.91707976122164,0.83376489040741,0.861980260773069,0.691736851051832,0.802782849968167,0.726635203277676,0.820662595370709,1.22691246629524
48,"B_p100","gauss",2.14649335572594,0.0116493344754515,4.85146051099543,0.940948975658483,0.997209757254158,0.875199304117721,0.995391813869136,0.896656130885618,0.996147803610352,1.15026762607445
49,"B_p100","gauss",5.9945467887822,0.630504373296095,4.65142626359313,0.438126389023133,0.668731517033059,0.219695291872618,0.563228611562481,0.243480453667367,0.572347430484499,1.41411241231176
50,"B_p100","gauss",6.2176350964707,1.13195988730018,4.78124788781908,0.407987696060054,0.474092334448328,0.203883061821348,0.339728897129458,0.237367888186785,0.369200654221927,1.30413683929246
51,"B_p100","gauss",1.07861264778692,0.497217939705323,4.45145960475239,0.994457262593346,0.736743031771837,0.983893177747367,0.643061047119988,0.983223252276267,0.635479330515971,1.59991026730995
52,"B_p100","gauss",6.32974951785982,2.41241214850027,4.7373787271499,0.383818890806572,0.20736490375503,0.181665729246961,0.1055663379046,0.219614459461909,0.123961427639408,1.30418385590818
53,"B_p100","gauss",3.99839038070377,1.08780398420258,4.68533055072906,0.716725821251961,0.499643141171747,0.512740424234412,0.371548016128187,0.554711505929397,0.404004870633866,1.28005188871477
54,"B_p100","gauss",3.94814358490917,0.262072076111628,4.61309674117739,0.729349935521835,0.860172318576081,0.525594330271153,0.79327167591017,0.55280949117382,0.808706352863275,1.39871058591025
55,"B_p100","gauss",5.68615016007099,3.83749808785972,4.10248908626304,0.466894754940063,0.0777955004739241,0.22925791377434,0.0196050978254452,0.196805584314205,0.0156360970610042,1.81809570081551
56,"B_p100","gauss",10.0956553518808,3.87198428394533,4.41947000157181,0.097977510233217,0.0789610254306418,0.0190254442961955,0.0278535921710187,0.0193838490049464,0.0251834427455295,1.55480911325602
57,"B_p100","gauss",4.40870958019145,0.209005162191083,5.07726387051794,0.672057412932885,0.895421804936764,0.474818506537817,0.849089496991749,0.542225008952331,0.867894454217226,1.10885824502365
58,"B_p100","gauss",9.6713538859427,2.00954931084246,4.72546209252371,0.125957182273916,0.264212219039712,0.0331529463782951,0.135907676098847,0.0378458198712122,0.15002848030301,1.44760148146479
59,"B_p100","gauss",3.07572770820368,0.0550146381507856,4.48881091935684,0.848239941825942,0.976736624088731,0.69674947364666,0.96157561262045,0.704127852430638,0.959853416138698,1.57147265172257
60,"B_p100","gauss",9.60987890346411,0.773596233977889,4.74391325904291,0.117641174512236,0.624050364284354,0.0283263102963178,0.493416765065785,0.0394952497513286,0.527952659992997,1.32324851634399
61,"B_p100","gauss",8.71251666635769,0.346113391631303,4.8288495490457,0.166867560045693,0.808506979861441,0.0542243446785609,0.73119035605638,0.0712505180697912,0.756458283681315,1.23143070976929
62,"B_p100","gauss",7.84333250762487,2.02076012609051,4.70048889863488,0.226800090312484,0.261192357944798,0.0826695449670253,0.143429132890758,0.100521704994968,0.162436379062948,1.32158913880851
63,"B_p100","gauss",2.17204685160585,0.331726067450159,4.74265151084581,0.945385228221446,0.822480939396733,0.874599231656135,0.746695882041945,0.886893616038215,0.758576852319514,1.38758259605476
64,"B_p100","gauss",7.97504927715123,0.164352498174281,4.51715778842269,0.222759875703552,0.908441376732014,0.0773738270998248,0.863870869126282,0.0788768858163564,0.868836767521636,1.47558736648937
65,"B_p100","gauss",1.66926253305197,0.885396820354764,4.53585580839931,0.971174473729811,0.546875334091786,0.933149598932796,0.423110561329242,0.938896118330272,0.446394452754315,1.32330208490966
66,"B_p100","gauss",3.12352944611534,2.33618726390927,4.54112165334104,0.845345164161781,0.217733009835808,0.695765373625256,0.102780342900291,0.702554294911022,0.113406811221045,1.48229650171545
67,"B_p100","gauss",5.37497896675726,0.523815514219971,4.24692035799343,0.503194630427711,0.712459772706869,0.276243189166045,0.602772645689207,0.255919312844594,0.591375997772195,1.65734374669075
68,"B_p100","gauss",2.3867429150715,0.817279359259003,4.51075335177885,0.922942943525946,0.600461807511581,0.82996625548598,0.480382173702949,0.83595355445058,0.488373688429213,1.5030783049549
69,"B_p100","gauss",7.91918780663872,1.29596788298696,4.62419625658753,0.235508849465843,0.445165347288793,0.0830749093501508,0.312058743888893,0.0897589855607936,0.308454784185159,1.48115411340012
70,"B_p100","gauss",4.80501339873802,2.74833696142264,4.83774832095008,0.625561340014558,0.185591764671577,0.405350376486032,0.0856818467553684,0.4381233922883,0.10261822416831,1.36946673436765
71,"B_p100","gauss",4.40071603806785,2.63115305784166,4.914474198003,0.674433194828322,0.177693552399777,0.47291255859713,0.0787979199083314,0.518741602097946,0.104990317835461,1.25985578662826
72,"B_p100","gauss",8.3743916116787,3.40074867475693,5.04216952542401,0.1932268349544,0.111405391814077,0.0679410222793784,0.0437431228503644,0.102351332899878,0.0648395172431446,1.13643405545101
73,"B_p100","gauss",5.57537870588415,0.122993702514329,4.88863070326021,0.494814686273902,0.936365203238381,0.287414333508489,0.904950730514894,0.331322070850468,0.913852238413955,1.24444256260345
74,"B_p100","gauss",3.35325898478044,1.51933666036282,4.34342894428654,0.809098317921856,0.379955224925448,0.620831623687347,0.232689748149139,0.626637899928979,0.229650975389284,1.6285147564678
75,"B_p100","gauss",4.70469140068541,0.546969024634358,4.52937733384012,0.623378513141035,0.706620293042548,0.399454832788793,0.593892842731626,0.403112489571894,0.610104466415546,1.47338798183877
76,"B_p100","gauss",2.99888330847521,0.924750376108964,4.98873118643284,0.865288327631016,0.549061802017186,0.742837527027995,0.428688686865934,0.777602386105754,0.461548414311996,1.23827069547313
77,"B_p100","gauss",2.21986433969037,0.531761678688881,4.64359258940249,0.9386111971598,0.717784554862407,0.854391652231429,0.601352697175733,0.873034762950308,0.627174676696481,1.41542809078696
78,"B_p100","gauss",14.2140077700697,3.6864875148626,5.01105774961836,0.0172970105768173,0.0905335362048945,0.00223030359823984,0.0362634836611837,0.00386210582731983,0.0445008363202357,1.23777545050996
79,"B_p100","gauss",2.85307111860484,1.78573794790432,4.30778346399479,0.872278229209619,0.297856093180731,0.736179634710577,0.165310448051749,0.724923862508689,0.158673993245804,1.63588970842098
80,"B_p100","gauss",3.48135048926896,0.222717820183777,4.24749124475037,0.800358451502794,0.87951158473721,0.605695890745809,0.819484202361495,0.584289445332368,0.812632055325782,1.72334818348732
81,"B_p100","gauss",5.25222961510892,2.73509342881137,4.96215864869776,0.554919572101144,0.17431705663679,0.339390027121274,0.0759357220395253,0.388338465150436,0.102522356492726,1.2486510616847
82,"B_p100","gauss",5.01140870961377,0.878891604265145,4.46980059181695,0.579831281481388,0.57428752043019,0.347695415639396,0.439402592552044,0.344209520957122,0.44013125325185,1.55643495581249
83,"B_p100","gauss",4.38158993971344,0.788953490563637,4.71064605989944,0.673810326837866,0.611912360926799,0.453601208727585,0.483303981460476,0.489580722185946,0.509522216866428,1.36624427309747
84,"B_p100","gauss",4.68814143214368,1.40595802041325,4.37921993942732,0.640969027425436,0.423856412031553,0.40087155919185,0.265067123326239,0.379767902535458,0.261697293630864,1.67810546734661
85,"B_p100","gauss",5.85151889906667,2.95372992735476,4.52123031204485,0.467131851588123,0.153259605929839,0.234096560177173,0.0647739918077401,0.240541775900468,0.0668064529118183,1.53717158403655
86,"B_p100","gauss",2.41171299462023,0.0757385276342764,4.78376774376145,0.920447905820486,0.967834312050069,0.830663809909243,0.944549596617006,0.854713002328033,0.951305325296614,1.29493314723989
87,"B_p100","gauss",9.08146229927802,2.03762872141797,4.91029649770408,0.14146548835847,0.243460024343901,0.0423787517936223,0.132830931580051,0.0638932205479428,0.163959154933646,1.17219620531153
88,"B_p100","gauss",10.3609633531199,0.242545801597213,4.697816714014,0.0837312866090909,0.863705586317974,0.0190278547074871,0.801895758338711,0.024204814112873,0.821793929979346,1.30036324384744
89,"B_p100","gauss",4.81446872570067,1.02023961083376,5.05629057207234,0.618841280348323,0.529999791119924,0.418087295015036,0.400423895063489,0.47134603913338,0.442297505268113,1.16612202589974
90,"B_p100","gauss",3.50557671367259,0.343869518836004,4.70285450294149,0.793988557788789,0.825074602747327,0.614369108458766,0.757433708326752,0.651534571654272,0.766320462138395,1.36295303811805
91,"B_p100","gauss",5.52567153701675,1.02447149015336,4.60754911502022,0.513038980525618,0.523246458281176,0.277412296031537,0.39127328562324,0.294069144833275,0.403349275732543,1.48569638823819
92,"B_p100","gauss",3.78539656505793,1.24998285520332,4.45836103922904,0.755224689363185,0.458031328367956,0.552165471369243,0.305781865397584,0.558551409552844,0.315807044425754,1.54404918402334
93,"B_p100","gauss",3.14387274354134,1.63672579560421,4.18056934938085,0.837903387470107,0.341896561731564,0.669190474269705,0.196559969725598,0.644484452850255,0.185391349101131,1.75846057598028
94,"B_p100","gauss",2.35183412533316,0.208278410691773,4.92398814873002,0.922264885894915,0.88915364238928,0.844075073648176,0.833513192036135,0.873758252977062,0.858520419049176,1.10727466708234
95,"B_p100","gauss",6.23425589899874,3.58952209540195,4.89038395175261,0.432142141720009,0.101471965701511,0.217890893573495,0.0364792669855968,0.25076774049825,0.0493425459175315,1.30476124490559
96,"B_p100","gauss",4.3314019975945,1.15988320380359,4.91387431357039,0.686543612817339,0.480329185133962,0.48513698236241,0.344648119868695,0.530626354980159,0.37164516325805,1.30861849273449
97,"B_p100","gauss",3.74375789599612,1.96062812453612,4.48636666611854,0.764311713228566,0.277485674741817,0.564316265531916,0.132136100443741,0.570147489670593,0.1410875842592,1.6044707858325
98,"B_p100","gauss",6.8488216053319,0.833202083135145,4.7098002890446,0.333339493679506,0.579660037775951,0.148717773571577,0.445566569426705,0.16828519485033,0.467134118928866,1.36617577896847
99,"B_p100","gauss",1.87250205376686,0.706276993218532,4.39703970238576,0.963257644459411,0.642306603381608,0.90753341245108,0.512554280233895,0.906712350367016,0.512968134769817,1.61010076133992
100,"B_p100","gauss",2.54746241262771,0.738430020273091,4.3134682344731,0.912607400341162,0.623214540233767,0.799977271091869,0.490981157491821,0.786164254393317,0.472006852527066,1.73274790311028
101,"B_p100","gauss",4.35332371565845,1.89933730337099,4.48623235837073,0.665477596424826,0.284215258531869,0.439720600083754,0.161727314950338,0.45614028893606,0.16099241053027,1.49291907477222
102,"B_p100","gauss",9.48029816992171,4.58444655632384,4.48154467393993,0.129179035838498,0.0462789955906748,0.0271439442773771,0.00965114023247482,0.0310256740318871,0.0106024314788238,1.60756892461213
103,"B_p100","gauss",6.10725017935045,0.285561780816965,5.0198161960669,0.41456297227152,0.839755078207798,0.217119694329074,0.781116510550427,0.28372538994734,0.803495347769302,1.09951559256399
104,"B_p100","gauss",5.07866287466917,0.82349098237451,4.82538423116413,0.559110098917286,0.591531711158567,0.340824922007648,0.454469211380403,0.39285034482671,0.503207829119351,1.21123103550995
105,"B_p100","gauss",3.09112149726222,0.93531595121623,4.79314612877741,0.844881184983392,0.549939860416147,0.702956520948525,0.421855418321399,0.740939034869078,0.455520509239909,1.2586611355535
106,"B_p100","gauss",6.26183923780794,5.00480644847155,4.76607060445781,0.41803857387792,0.0398279444039774,0.204611590822998,0.010151930649408,0.230312552920857,0.012621498403812,1.37463112964452
107,"B_p100","gauss",3.16836760618079,0.976816035179472,4.43950552782733,0.826457209805586,0.515074246798017,0.664535669714576,0.367198474161341,0.678780437934683,0.390010580685592,1.45154213473651
108,"B_p100","gauss",3.25306218192011,0.0990157010436745,4.19055797593172,0.811818103272243,0.953340138993956,0.623404190898249,0.922858878006798,0.623012110816505,0.922893543073087,1.61732806972112
109,"B_p100","gauss",2.8996203136464,0.742286219260507,4.58323737009993,0.866981381743546,0.625461101935161,0.730453599686546,0.505743933412911,0.750293592492254,0.52270842761732,1.39523966518115
110,"B_p100","gauss",3.7842505111775,1.41681122310014,4.70578433203635,0.761476335631134,0.396725736224566,0.568473827817939,0.260723053878226,0.598361312079874,0.279679357789955,1.38440365724292
111,"B_p100","gauss",2.8543854993597,1.17847714077128,4.8076194983986,0.879180851396631,0.490132009005689,0.764387064409485,0.35861439674457,0.784759488396772,0.383999497023036,1.32934998305835
112,"B_p100","gauss",4.34935596652284,1.93659179181024,4.6185978058543,0.677460407058786,0.283292863313745,0.445845644068226,0.148779523414454,0.479601635531105,0.167712188710251,1.45892391138934
113,"B_p100","gauss",3.67788724517679,1.42409295507769,4.89264041588612,0.76917245016954,0.38467008661146,0.603582444464466,0.252796763266578,0.645058774565958,0.29291402482351,1.21583191463448
114,"B_p100","gauss",8.45361810088369,2.56023350964856,4.108374748503,0.188310408505621,0.189795163804819,0.0485122178315137,0.0773939025606016,0.0367654235542567,0.0654821543729698,1.83546864396938
115,"B_p100","gauss",2.47683328783559,0.503062278036921,4.58489339715383,0.909117776503495,0.721735098489865,0.806235812440501,0.622151876881767,0.827521967854849,0.642534183801263,1.30889426816105
116,"B_p100","gauss",7.90114847961374,0.226752537679208,4.22260802627805,0.224791299126782,0.874167929021098,0.0679683477784424,0.811434894116031,0.0603798880313663,0.805826817256958,1.69428179748617
117,"B_p100","gauss",4.93513416896382,0.198358347931805,4.81959540312477,0.591034625692087,0.892281724759714,0.380111413218582,0.837770811572445,0.41441697728759,0.854426445938205,1.30075096427399
118,"B_p100","gauss",2.04512281413895,0.202957324021342,4.71140320624474,0.95211122529811,0.896912078814971,0.886396188736281,0.847593925363617,0.901724893553167,0.856070432930038,1.34835704720987
119,"B_p100","gauss",7.51736404180501,1.68628991535343,4.70659381326246,0.253637906093698,0.324379857249184,0.0976099936897459,0.199086795439776,0.119635061538227,0.226687686854999,1.301078195216
120,"B_p100","gauss",5.52360359460816,0.108486832694714,4.52935414472105,0.509808986699156,0.94655159118053,0.282659617464281,0.916234027187141,0.282070340987514,0.914907904732879,1.57984897875896
121,"B_p100","gauss",6.72152653246419,1.33365878847839,4.52195829826304,0.366114426724946,0.441617106271033,0.154052149056793,0.288876515366977,0.155810378182078,0.303034493762624,1.57349937527013
122,"B_p100","gauss",2.92513854645832,0.39439904060076,5.07074135251929,0.874343387913588,0.783959198542516,0.755917142542481,0.701038785224199,0.798153600860278,0.734232102706899,1.15098366238313
123,"B_p100","gauss",3.17446497187485,1.60816491828366,4.95045088279976,0.837499543248732,0.346736967810612,0.699949135263425,0.206217141548834,0.742975732131735,0.244132666403999,1.21892505037658
124,"B_p100","gauss",12.0836996351593,5.03704809376027,4.73623962669412,0.037054022499007,0.0418455479077141,0.00532899734279668,0.0099439934037987,0.00911669993720832,0.0159560534839556,1.25675268759861
125,"B_p100","gauss",18.1970527603496,0.659754195357544,4.54678527932509,0.00181619221681339,0.664704300396312,7.61321167663809e-05,0.552600417779798,9.98207702842535e-05,0.565624985393165,1.42200989759744
126,"B_p100","gauss",7.28571645107768,0.337457360004795,4.53917325393613,0.3035695249824,0.816491311418002,0.118082428871235,0.738246277820692,0.117626458331215,0.741139956447647,1.55267416447625
127,"B_p100","gauss",9.31979612943239,2.24071145370889,4.38553611022685,0.136979700401154,0.240371199880596,0.0345541401623548,0.116832191893631,0.0303128071702077,0.115906349966423,1.62764489103541
128,"B_p100","gauss",4.39689566835939,0.0534216015118756,4.93967716678889,0.677191828018061,0.978973917246991,0.472101323076228,0.964129069039541,0.523136198176286,0.969893526540277,1.21857095976949
129,"B_p100","gauss",3.3216699361074,0.627209082721926,4.35084813811092,0.804902141455197,0.659077828884064,0.62459946130362,0.526704634163642,0.634078395161185,0.542787193537388,1.5294441449078
130,"B_p100","gauss",8.11383664041621,3.67676598432303,4.61374648588652,0.204493040054254,0.0827755915510098,0.0709196217249315,0.0269814241962245,0.0804539040854841,0.0313086682896168,1.41595768243282
131,"B_p100","gauss",3.04844858281323,1.19468921224886,4.62462690894363,0.853266548417953,0.466143791040629,0.716882412364082,0.32725015006399,0.728311074841027,0.350987265309023,1.39001782127952
132,"B_p100","gauss",4.53995311133679,2.46503371870627,4.75055195843926,0.644739945976836,0.205580734814614,0.438748392471777,0.10102721005751,0.468290442622021,0.127135353671111,1.27001590854768
133,"B_p100","gauss",2.51479917079211,0.0761875452128494,4.77753132043152,0.906406077161665,0.965867256477383,0.814907846805012,0.944223251369834,0.837178062416042,0.9511009707432,1.25407617673607
134,"B_p100","gauss",3.43259131336057,1.47771716058433,4.2043026887606,0.801461556341858,0.37436705569182,0.606978865560556,0.230604056360573,0.586528945044048,0.210119451208635,1.74994573608561
135,"B_p100","gauss",3.55366813182588,1.34510054176274,4.54203200953638,0.784595311070883,0.412902275800259,0.594676999695849,0.272055155452409,0.617395403458368,0.283659941280416,1.49207434460452
136,"B_p100","gauss",7.99572254899787,0.119430855750953,4.36482419961224,0.223211004093218,0.943945723876303,0.0687314758479595,0.909308947246287,0.0662518066162968,0.908404055462492,1.61030524337605
137,"B_p100","gauss",3.52983188281304,1.11420699317324,4.45960366938537,0.788260033863624,0.485421472669847,0.600769722837975,0.333293751254167,0.609662981329844,0.348614022763213,1.50558095425578
138,"B_p100","gauss",3.47858973177337,0.733760501577181,4.40428455054433,0.784388136213681,0.621155466000272,0.608931448449235,0.48817753777839,0.611298433194587,0.502983621831126,1.48909789039128
139,"B_p100","gauss",7.37274993368196,1.56315259297044,4.36352081148279,0.271010550552248,0.354234915653103,0.0983471587210761,0.22766368616119,0.0954148638671796,0.220705603831443,1.55322744054459
140,"B_p100","gauss",4.32116217217377,0.0439593127785528,4.60170646304597,0.667335953220427,0.982173979423437,0.448179054641561,0.9698451269521,0.481934831802254,0.97274504969516,1.37136427123325
141,"B_p100","gauss",4.55026521143126,3.54244731423449,4.45894060425165,0.649967009554474,0.0993052277592227,0.412482518918133,0.0355471583655753,0.416997664159569,0.0364948634503981,1.53934972154948
142,"B_p100","gauss",4.00977058237074,0.948395798966677,4.76922559246651,0.723546622089632,0.552859315962958,0.527287526572942,0.416996917437884,0.5659879082569,0.449086476250867,1.34022792524952
143,"B_p100","gauss",2.27709361453614,1.12232712526876,4.70666631694665,0.9318912341482,0.47196673413878,0.852193680873182,0.337458837300691,0.868322621474953,0.355444169444305,1.36343563542041
144,"B_p100","gauss",1.25452099623971,0.0816641781005211,4.53449010739191,0.989896089284148,0.962305107280873,0.972249226977795,0.937068449947607,0.974271283941867,0.940281614787966,1.49962986565822
145,"B_p100","gauss",8.49993701468315,2.94471371993789,4.32963892714659,0.19592440400343,0.146435867141917,0.0549619710226168,0.0525492780311368,0.0472462263620145,0.0484018572336561,1.71799840381437
146,"B_p100","gauss",4.33693698885027,1.48006332338771,3.8174824616472,0.64555817831042,0.362158470389249,0.381845806575553,0.212689652165148,0.334104045413761,0.185761025745337,1.91882046383456
147,"B_p100","gauss",4.81550818197262,0.538969596713785,4.77335984188957,0.60179334337597,0.72352194342526,0.379742912299501,0.626466918561138,0.426190531163541,0.653125979506265,1.27913752870816
148,"B_p100","gauss",5.25523705076635,0.704970400688479,4.64753043607957,0.53188032709038,0.640590053060876,0.306905862746696,0.515988746926167,0.337931246812232,0.541762139504039,1.39354845537174
149,"B_p100","gauss",1.57401750276303,0.375374685594715,4.75657772208018,0.979018272085703,0.788754348610206,0.949276994151999,0.712785087242702,0.954905635335811,0.718924513364523,1.34458879910412
150,"B_p100","gauss",3.61183504128914,1.03805347649325,4.88208623814619,0.778547896652398,0.518224270033721,0.606904878088182,0.387243837516532,0.65598317371102,0.431511907769522,1.20114010590803
151,"B_p100","gauss",6.15018493136035,1.1464014586129,4.61464418098757,0.429990262733094,0.478621412868047,0.208425471800876,0.331051182201274,0.221215355380977,0.347677588620275,1.49904921346076
152,"B_p100","gauss",4.59007333237664,0.186172065549706,4.77239535714185,0.631594949730592,0.897392509979674,0.428080482661998,0.847973745555876,0.463286632857033,0.859260344171657,1.29273614065598
153,"B_p100","gauss",10.5435090996777,1.10816886174089,4.64295632220475,0.0804427648515091,0.486996414888738,0.0149570835345234,0.338387037749198,0.0201546280378024,0.362472316774569,1.43689238816651
154,"B_p100","gauss",3.67201259728216,0.400119167436819,4.66965948067129,0.776986301808351,0.780045029644636,0.593984822901936,0.697176094821268,0.61472619817365,0.712083419207375,1.37608658429164
155,"B_p100","gauss",6.67379219403093,4.12452911254957,4.64565349774288,0.346907835881022,0.0627218067665846,0.154366983808032,0.015082686878348,0.175285996376961,0.0195854998193695,1.42089539466653
156,"B_p100","gauss",3.76170631387862,0.993423391476047,4.28214651148931,0.758827044441956,0.529057161142465,0.533215647643015,0.374695513697399,0.532905514245022,0.376596901338843,1.67629744292866
157,"B_p100","gauss",4.46763731863638,0.214040187797915,4.58960750646679,0.663519631473235,0.88347499109865,0.438016978403244,0.822171280372418,0.454005893300307,0.833394310859173,1.49884517058683
158,"B_p100","gauss",7.65552824813641,0.737569576275561,5.22885775260331,0.261942312329518,0.62151258539351,0.112533097740648,0.508290857540659,0.16443930174027,0.55335962851283,1.09569381389207
159,"B_p100","gauss",3.34301268685732,0.178910089358745,4.39233032904596,0.814637361855391,0.903833280555649,0.630019538670028,0.8559668557995,0.637104113593034,0.854790540645103,1.55696894842353
160,"B_p100","gauss",4.13863742516223,2.50563428939618,4.78713416132393,0.7191710123455,0.212724057415386,0.5176732315992,0.101792369037241,0.545510926840292,0.120203859803311,1.38430882914177
161,"B_p100","gauss",4.44303548803318,0.219460793475605,4.62670192895776,0.647973834222317,0.881999844113331,0.437075229410727,0.823359603156831,0.464280695894485,0.837591602341387,1.34883173764584
162,"B_p100","gauss",2.56674336352933,0.963656252571446,4.16248921276723,0.908243840815979,0.556662126464848,0.784295383381627,0.396476379522759,0.76467300652486,0.390155508752308,1.7515488072403
163,"B_p100","gauss",12.0093403789712,4.93030718432995,4.58130495604854,0.0377228960615642,0.0358693230715802,0.00546649291306434,0.00689833787076943,0.00734140533506222,0.00939834772770731,1.38621563836307
164,"B_p100","gauss",5.03218243200086,0.165480884085996,4.35788980770151,0.5560287019835,0.913173482943513,0.304374500495589,0.862797476096128,0.322090705677067,0.867027885119263,1.53790749200742
165,"B_p100","gauss",1.97068437043268,0.203499274580383,4.64669093960025,0.960533725175923,0.895515777911593,0.903478636720936,0.835713341943549,0.908012172067097,0.845480850247637,1.50326261259622
166,"B_p100","gauss",2.32950743935607,1.11269819326959,4.78664629778081,0.924004554548898,0.485384268689656,0.836403164493159,0.339336119448556,0.866539828614873,0.39244040781953,1.22064943017938
167,"B_p100","gauss",5.10445739631711,0.685642933565381,3.97559895730861,0.565848170007806,0.648242291413812,0.293882578039185,0.5027440197386,0.246095615756273,0.477052722919481,1.94994390533032
168,"B_p100","gauss",7.31087239712261,4.91693062390693,4.82732950092393,0.292756180575449,0.0410533321688299,0.123968548764064,0.00959777631554759,0.145993007072478,0.0133970608906548,1.31930462971995
169,"B_p100","gauss",4.3924776044278,2.52211562439426,4.90088376986841,0.675373600442356,0.210941129844199,0.464892207503024,0.100822714484646,0.517432666703073,0.127687260510164,1.27919667422782
170,"B_p100","gauss",4.93225240946833,0.902488075624015,4.1596155410856,0.575755496226911,0.552528266409601,0.322839314326453,0.393495435308142,0.302292683427086,0.391354912785042,1.72335316716886
171,"B_p100","gauss",5.80953877976701,0.746831790191983,4.43892269458387,0.447111904476563,0.61747150370312,0.217895065619492,0.488458071444888,0.233115620941474,0.500035865830737,1.47647013044102
172,"B_p100","gauss",4.61100797767801,1.18549924068381,4.54211053766287,0.638097797817058,0.454629234642046,0.414259684851039,0.322010079209877,0.421230102409947,0.329983124298542,1.46221260123571
173,"B_p100","gauss",1.85107598969548,0.222831249188565,4.27587615557026,0.963685841184386,0.876385329878101,0.905675820522313,0.81217106089907,0.901572139745419,0.801926700625536,1.69104577678221
174,"B_p100","gauss",7.00447841960294,0.695270217641776,4.3114403156895,0.320839830470651,0.65294882954807,0.118100958203544,0.510463291841569,0.111813467870775,0.520160126420937,1.68858925917405
175,"B_p100","gauss",3.98436743510589,0.491274688857058,4.43496294699597,0.719075697729918,0.731940839760145,0.507419920413362,0.625720667678674,0.516365407804879,0.630233312212589,1.53034491230521
176,"B_p100","gauss",6.46026444410483,0.428946708142307,4.40176661254006,0.374832823102669,0.762963796560291,0.156906996957943,0.660562186149037,0.162840717214606,0.668036524262609,1.56539213405394
177,"B_p100","gauss",3.63501534338785,0.117531561820801,4.49083471590944,0.772113135296409,0.937192423369922,0.576239454340516,0.900535964876583,0.593252076616931,0.900510273155435,1.55627464093548
178,"B_p100","gauss",8.38441381523865,1.77555703200473,4.70094987404123,0.197424226656712,0.319169382725387,0.0641325642514352,0.194725338423885,0.0745174243803346,0.219353294063409,1.33276983374511
179,"B_p100","gauss",5.51419498223927,3.02242146464356,4.551528031224,0.483178048319018,0.105205561775406,0.268671588232064,0.0399653304005557,0.28660229712709,0.0451376384187319,1.37303804668593
180,"B_p100","gauss",4.40168017034811,0.268267461893351,4.94150970245124,0.664898621961029,0.846289524647077,0.465816581007674,0.782634041212351,0.522431643257185,0.801645667901475,1.20795494187625
181,"B_p100","gauss",5.76703130017332,0.347381127203603,4.90191550022199,0.45398575561808,0.811967096590846,0.253973714539225,0.734561680473157,0.30799752860477,0.77024162745018,1.10209655365964
182,"B_p100","gauss",2.58290199374199,0.0803027968876104,4.49971846499058,0.896596821558544,0.961439630822521,0.7860004648167,0.936104956216588,0.799642970011215,0.937896829948909,1.44362827699863
183,"B_p100","gauss",5.03164914724667,0.0661477135839068,4.60426851392369,0.588644656048873,0.97344583027764,0.355670457247761,0.955872192305775,0.363820847278022,0.95652327922109,1.53868682836214
184,"B_p100","gauss",4.68685266362223,0.0703862323436959,5.08937548563684,0.622519012738637,0.968718287814342,0.429931497208542,0.953036527891251,0.496870813305847,0.958985976623691,1.09595374409399
185,"B_p100","gauss",1.80784055678486,1.43910700104369,4.65979961871013,0.968115200983531,0.386737292951523,0.923165644055491,0.242993116540975,0.927974964446422,0.261917636325464,1.44858334443726
186,"B_p100","gauss",1.66180600950873,0.665372775160425,4.1744948354953,0.976321698702209,0.670034471746284,0.932935662110705,0.526074332823698,0.922572327976642,0.507903312844245,1.86632401041949
187,"B_p100","gauss",2.50536016238147,0.456773389709883,4.32001755027623,0.916867084769438,0.765596308367525,0.798934283536754,0.672222548792325,0.795745171530933,0.670202449838567,1.63495548798156
188,"B_p100","gauss",3.30118763835323,1.30218633861354,4.73180801086184,0.82532622107725,0.436825026574825,0.662241405991075,0.280057198362542,0.693265118735739,0.309469537602491,1.41293975890392
189,"B_p100","gauss",5.4554823842083,2.38419503249739,4.52609208358307,0.513738399085664,0.225234027517118,0.287300283396954,0.113610517900409,0.290489116741545,0.113042706520811,1.52575232942667
190,"B_p100","gauss",3.60664847177395,0.732932359585753,4.40794891334463,0.777871155882742,0.627623369030502,0.576129737798333,0.483006441654972,0.585740861294543,0.503325854550221,1.56731679774561
191,"B_p100","gauss",3.31932588277978,0.299579909883648,4.26726380128669,0.816253913655696,0.83176844527477,0.629772132232895,0.747402539948457,0.621966299395466,0.750970274416202,1.64119555151125
192,"B_p100","gauss",6.94963509913115,0.356108928314279,5.1991408348436,0.34381448973925,0.811609571566415,0.162826781872544,0.741029106002368,0.219195621982631,0.770617242276246,1.08761335668806
193,"B_p100","gauss",7.81876161281672,2.63018489877698,4.77271087545714,0.250423975229407,0.183447958024758,0.0905944777876723,0.0871893165256764,0.108231839569645,0.0929477180124383,1.40595177225704
194,"B_p100","gauss",2.21568558325182,0.779808102363293,5.29772810180504,0.942624356318261,0.617253582923227,0.885491920138456,0.511575865128551,0.911775249014536,0.563129694171545,0.981971653109862
195,"B_p100","gauss",6.30630211843754,4.31914033615899,4.30129453831284,0.388466034696576,0.0560687525195431,0.167477511065143,0.0124184137587882,0.163318213907283,0.0137403342114404,1.64610943652599
196,"B_p100","gauss",7.80587656057277,0.233021411269038,4.39288511747941,0.238226162713163,0.878010231216295,0.083883635555652,0.814038969433368,0.0765781589180852,0.815099096254745,1.56799609069505
197,"B_p100","gauss",6.64267503432518,1.33455508967781,4.38328172841765,0.365182236678638,0.430052476410152,0.148190334337207,0.272073355072933,0.145517563036505,0.287421270929333,1.60403109120183
198,"B_p100","gauss",4.8231589835315,0.052789530655272,4.79590206823943,0.603641067219587,0.979173913982442,0.390094090330256,0.964087739298441,0.428151082985379,0.967686308366155,1.3152598302937
199,"B_p100","gauss",3.57885890754273,0.269489929906708,4.95493398384432,0.780520422832646,0.852196384500616,0.621851849871109,0.789582401645508,0.671826727788768,0.809561143363064,1.20498925884022
200,"B_p100","gauss",3.4937947024624,0.493904571265827,4.21742687288863,0.784918025586379,0.736677818051041,0.585650761748081,0.636704804856599,0.577472834753462,0.635122159116699,1.62298763581094
201,"B_p100","gauss",5.28709846155741,1.01779277962973,4.4504205450956,0.552463788849343,0.543714430676979,0.300161625702373,0.389023493936143,0.300947296504612,0.392101497471868,1.65849629820572
202,"B_p100","gauss",4.0125852338268,3.49440209198219,4.43024475964851,0.7202809705402,0.104808925822768,0.506624817739449,0.0401093752629524,0.509587213435138,0.0364374856307144,1.54694497962705
203,"B_p100","gauss",7.50956346258984,2.05021257416525,4.00715888326772,0.25970907327732,0.242464386616153,0.0829068543696505,0.121085986170236,0.059642720435899,0.104863675898933,1.8579030931953
204,"B_p100","gauss",1.55785319629969,0.0407893314523539,4.52284737852479,0.978282420488975,0.982961604810075,0.947398739829896,0.971181045344061,0.948911858467839,0.972372962072213,1.48093559734555
205,"B_p100","gauss",6.06734343395582,0.528893472437875,4.48443358443,0.428098581529272,0.701628935592256,0.195915988274932,0.591149771632143,0.211615510763233,0.599969259301004,1.4956918116976
206,"B_p100","gauss",5.07866025770248,1.96734589943858,4.71277062667094,0.575729104369861,0.283358986776702,0.348074541899328,0.151618417914332,0.374563857131679,0.181169671512126,1.37396492169995
207,"B_p100","gauss",0.503292829309388,0.0376000928068085,4.79892306881283,0.999675272713846,0.986385357225908,0.998935898328039,0.977469862545506,0.999155706033942,0.978977145117576,1.35759815277604
208,"B_p100","gauss",3.67347120590828,2.09837705178103,4.69431727163907,0.759187668143179,0.256227225058928,0.570452802091017,0.143003548726863,0.617645996545232,0.167246008632133,1.28750496626563
209,"B_p100","gauss",7.98739534685673,0.579710743994055,4.61996067001782,0.21973162633738,0.696757015476066,0.071088452619641,0.58623102438901,0.0861248048922767,0.606815922063012,1.36367857112422
210,"B_p100","gauss",7.35245575937514,1.0714468014647,4.39828615087822,0.255085153517292,0.506365654196556,0.090700208020346,0.371000629485757,0.0997995586653206,0.384971952087164,1.44785771613183
211,"B_p100","gauss",5.52560675543962,0.0904745275092181,5.37276975660273,0.518413509325119,0.959426534100352,0.318974504107226,0.934458725323644,0.410974542507149,0.948423893483169,0.997933299083808
212,"B_p100","gauss",3.42845548451678,0.155481024297656,4.29522555027793,0.809985486090285,0.914863089407753,0.623207425172346,0.870355100431833,0.603239724213775,0.86372018308246,1.71655694233203
213,"B_p100","gauss",5.88893798157206,1.62782221560362,5.04225757559104,0.46433340022371,0.353632418772941,0.255731948549595,0.225417368870096,0.31367460143795,0.263959316676733,1.18302388033069
214,"B_p100","gauss",1.62003206759819,0.179562430952229,4.52667396299843,0.976532672612114,0.910996327874797,0.938814867626627,0.859120027019496,0.943443604537425,0.868123034073423,1.46604551267841
215,"B_p100","gauss",3.40723991682992,0.33661886195988,4.6164634649318,0.80787607824147,0.810413775879415,0.636460469516516,0.732798761736312,0.657277256353515,0.741195223699177,1.42763128598405
216,"B_p100","gauss",4.47251325443278,1.54459876304707,4.63512342276443,0.648618121659573,0.358382676255026,0.448511896455864,0.241170636534754,0.46073311134079,0.248901071511795,1.37050609577418
217,"B_p100","gauss",3.75148158958531,0.272496894069067,4.59356502017529,0.756395512141163,0.845900829974868,0.562396496077985,0.770597515020899,0.587033729187663,0.787756748786763,1.40942318434436
218,"B_p100","gauss",8.38816349140799,4.70060067132894,4.34791320656037,0.197747862685331,0.0456650163038006,0.0547349621805086,0.00943507661962639,0.0517168786984402,0.00936565810761536,1.65202890052144
219,"B_p100","gauss",1.59261470647098,0.155275853906651,4.35869046851509,0.977056537883417,0.921779683220163,0.939589106722591,0.872568621034544,0.939792309507718,0.880849030155258,1.55775130766746
220,"B_p100","gauss",3.53640676451901,1.54026043022187,4.75317809249642,0.786131848239672,0.371646776738266,0.61814218038705,0.249588053272887,0.652469230688306,0.265752000125181,1.31074851267781
221,"B_p100","gauss",2.45838625929801,0.322064381393433,4.74075854466994,0.914565146277761,0.822367459058728,0.831336004834457,0.758491533862395,0.843808404599815,0.772335460887996,1.25630310374271
222,"B_p100","gauss",3.04602641330531,0.4296173183638,4.34383388519058,0.85643051302708,0.760626637852427,0.698100878294023,0.657501223035452,0.690520402752605,0.659916850272214,1.648309347815
223,"B_p100","gauss",5.03288677092379,1.22629083957602,4.46233894315769,0.569445792183481,0.433397085682877,0.334689030983165,0.280575634033079,0.339738883645463,0.294381570228279,1.60620721712885
224,"B_p100","gauss",0.414878583216797,0.0621864652333662,4.50712744282065,0.999856191988068,0.97335098481591,0.99951442134332,0.954957988129266,0.999492957264095,0.955974243180665,1.54846237917881
225,"B_p100","gauss",5.76873341571108,0.595153482810945,4.30021503603807,0.45753000315942,0.670957683228121,0.228458882259909,0.549429054790415,0.217247575125888,0.546822264868405,1.63269103485055
226,"B_p100","gauss",1.8782411351681,0.810395755200778,4.33565096255537,0.962754754994246,0.596946193542626,0.905505200468364,0.453133885651456,0.901839683362459,0.449382705510461,1.64978321298864
227,"B_p100","gauss",3.65382769990802,0.955263393947819,4.5602264328329,0.777299226824263,0.554176470163371,0.591009395207693,0.406261567489521,0.600820870879508,0.420891984962148,1.48867787777638
228,"B_p100","gauss",4.20593079291958,2.64150362972948,4.65888054808984,0.689004103750444,0.166896807498542,0.482007179318558,0.0744760856488113,0.512181583281687,0.0911338810317807,1.34988314423581
229,"B_p100","gauss",6.32251056458826,0.134338811602054,4.78677497997352,0.404178561080124,0.936251806804728,0.206537587137652,0.899642999452867,0.226895335866351,0.909624774805352,1.32125326677967
230,"B_p100","gauss",5.78414587302611,1.14828421304382,4.71212388917911,0.486541310696447,0.490993413626485,0.254612452462797,0.347815983100341,0.277303763102216,0.37068647233788,1.42103001434085
231,"B_p100","gauss",6.00985883761735,1.34297159608193,4.33527534085335,0.445822648183026,0.425644169593243,0.223544983514345,0.277518082557984,0.196292144632655,0.269742385561617,1.68486201646752
232,"B_p100","gauss",4.79085837243714,0.863110347835149,4.53064888501636,0.591704914649871,0.551776282918073,0.373567797888694,0.423418048076836,0.389084535895026,0.433802732853275,1.43684336167564
233,"B_p100","gauss",7.64623651873092,2.37300696082927,4.22297195756142,0.263422479848935,0.211498467625623,0.0803546579890084,0.0878162713719395,0.0700270630206963,0.0875298065884891,1.76617319878653
234,"B_p100","gauss",3.33615744799822,0.302892966626631,4.73595217488336,0.805930052416025,0.828437748666012,0.645284671436675,0.756704456717112,0.687642133160024,0.778343019017862,1.23762824817216
235,"B_p100","gauss",2.48328735368502,0.790957401365469,4.12222026619682,0.914261872220384,0.607879368130499,0.806282805820146,0.459111901401232,0.776968080321643,0.452543181949755,1.74160762900133
236,"B_p100","gauss",3.45349736338497,0.192606649040123,4.36880358834919,0.803776298652908,0.89793547190632,0.610574808242114,0.838801191193361,0.610755111440016,0.844339133735415,1.59274019925532
237,"B_p100","gauss",1.56179239295605,0.0511409688904559,4.47380310519999,0.979083815887266,0.979722063336121,0.94514627852929,0.964641638364131,0.947290193931228,0.965621015557552,1.53178478446742
238,"B_p100","gauss",3.11311640207041,0.16766124517832,4.90506912666919,0.842637643950724,0.909731185609298,0.70806715054697,0.867491921153158,0.749086396932011,0.882625235867047,1.1884509726083
239,"B_p100","gauss",3.75653190942381,0.427314474094846,4.07141374938991,0.755653543522904,0.777381805435661,0.535956366234613,0.673541691530377,0.495495103699053,0.656565096635406,1.81491852173343
240,"B_p100","gauss",6.01590946545765,1.22767714344971,4.88128238332238,0.445244014507725,0.455292222095849,0.234711665532685,0.318498464270847,0.274433444215781,0.359620877780939,1.26221868065845
241,"B_p100","gauss",2.2769236399521,0.841415239774519,4.37128251237652,0.936103355449109,0.593662068472781,0.848389117708023,0.460998413873316,0.842251957281563,0.457162879503145,1.62791098533479
242,"B_p100","gauss",2.6517101854527,0.795147874193217,4.59793639231975,0.89366674535772,0.606151927890038,0.786024540359199,0.48461899644473,0.798898233168374,0.51162621521345,1.33036205266258
243,"B_p100","gauss",3.48147086553052,0.0918256542703887,5.03106453125065,0.801934976880817,0.954022672931164,0.649658544417482,0.932872014042317,0.699073641579132,0.939207195522099,1.17219597591489
244,"B_p100","gauss",1.44691496187492,0.375556381435416,4.86145789420042,0.985033773207101,0.798292442478202,0.962689916491558,0.710661766921729,0.967504193311151,0.729752076854717,1.34423381967998
245,"B_p100","gauss",4.93057931120957,0.897765878189981,4.69902281725519,0.587126757024268,0.57089766472387,0.375133399023958,0.458048056785506,0.395454956886199,0.475246055918406,1.33906519404171
246,"B_p100","gauss",1.12238637132452,0.103168728266407,4.6415085571614,0.993507149785623,0.947680385328206,0.981946695329232,0.916591210483995,0.983335589819588,0.921345294856,1.43731466771903
247,"B_p100","gauss",7.54755154570022,0.954200720990081,4.78571711828689,0.26633921792068,0.53320514867844,0.108872546370392,0.41028228346553,0.125654912887562,0.442245908369154,1.27316045084319
248,"B_p100","gauss",2.62546306467452,0.0826627286772628,4.5086521186383,0.898039751094891,0.962368194677411,0.784676536263385,0.937519994190705,0.793173470779172,0.939727484591288,1.49203168040932
249,"B_p100","gauss",3.84599841879024,0.0869477410936069,4.19687188527917,0.729250500634077,0.963231724436276,0.518980728146045,0.934324475140836,0.500598535975774,0.93302947615054,1.65607444463968
250,"B_p100","gauss",4.90868064262381,1.60749625461901,4.62232304616363,0.585138767681548,0.365882129288357,0.351994203955519,0.232745174106048,0.386105907354149,0.255874701162857,1.36715257849856
251,"B_p100","gauss",4.44773278722399,0.533360490878504,4.56802669949795,0.658902172701417,0.717734849367097,0.43443050979769,0.595893684508984,0.453551259791883,0.62764628648698,1.42402351715288
252,"B_p100","gauss",5.04356094031871,3.64371201118768,4.61601457192217,0.561240264255099,0.0941777968447632,0.328874789756578,0.0317092052995964,0.364016915143358,0.0418629909834267,1.37799829678361
253,"B_p100","gauss",7.32564220544075,2.41898539670979,4.72200115167283,0.279835998235083,0.202586903693199,0.12185484440125,0.0930736857624868,0.133979374522502,0.109454714802278,1.39256010289798
254,"B_p100","gauss",8.3539950491154,1.19354483234219,5.05563630411493,0.213293244740967,0.478896871475278,0.0763799487966014,0.345613716156501,0.104251080765989,0.388882531170011,1.18681672018721
255,"B_p100","gauss",1.90064672088821,0.750422533807067,4.74364312987987,0.96003843998656,0.608803040136026,0.909048370922883,0.49073787723584,0.921497250803876,0.508514368843509,1.33789769073605
256,"B_p100","gauss",5.59829876870129,0.325971546917204,4.2789896843801,0.486419665137465,0.823504010798594,0.238828042593913,0.74316968526483,0.233432099522547,0.739644320762737,1.67813764394223
257,"B_p100","gauss",1.09379426532383,0.555406433501593,4.42148574249115,0.993798917970267,0.705885288715631,0.981178142454462,0.586676136784498,0.981975230749289,0.595247793289943,1.5877329948296
258,"B_p100","gauss",3.88720641941072,1.3215575207314,4.30328243128292,0.741146974905783,0.429418570457294,0.529924905882894,0.292075071309881,0.511970053457794,0.28288673997595,1.66112243454378
259,"B_p100","gauss",6.04223675869228,3.34026951423382,4.5651553728057,0.429979641672109,0.116377700338268,0.217603369959049,0.0426064693634024,0.225813909006096,0.0486304804495723,1.45757483951327
260,"B_p100","gauss",5.70113599672694,0.125400144914326,4.31097671004447,0.471374424418128,0.936689103427246,0.24035046669731,0.897893571015006,0.226129457734494,0.899703986016454,1.5861233095958
261,"B_p100","gauss",4.38006311867376,0.993404547774748,4.51416676874016,0.671021457146388,0.539553197549234,0.444782035885559,0.387685623043324,0.456008713094529,0.404200689616055,1.53833730232077
262,"B_p100","gauss",6.42078113803479,1.8703771587891,4.34441027767456,0.370306369682533,0.302935737612561,0.166295959450672,0.169919309373833,0.158984463998356,0.178526025588687,1.53752888110162
263,"B_p100","gauss",6.64589440951394,1.14684158415112,4.4993469951725,0.356456252690088,0.477983758091264,0.153374718501226,0.329699298760687,0.159294955119924,0.339122186510821,1.51034273670161
264,"B_p100","gauss",2.95532533058886,0.586635345508101,4.64778782135002,0.865315449591223,0.695844812351966,0.738347768085346,0.589170488413066,0.747953714307961,0.595704670988576,1.43274923801049
265,"B_p100","gauss",4.94206697152283,0.685411055188679,4.46267558592488,0.59353814893909,0.662698956185891,0.351936228154419,0.534260732340149,0.353634177537129,0.528354413581536,1.61568931076235
266,"B_p100","gauss",4.63496448801295,1.40083728068794,4.87364972981066,0.643198427353364,0.402623783350265,0.432518658392592,0.258520620513886,0.472045368824537,0.288843530929226,1.32521636669963
267,"B_p100","gauss",3.1133635861514,0.539581050894826,4.62109376920535,0.836986900724644,0.722698445456017,0.686840756264768,0.631264707678513,0.715426171551358,0.641168298042847,1.33909198213598
268,"B_p100","gauss",7.29029783555625,0.3137248692541,4.33418883673738,0.287809831515971,0.827171864197868,0.101401557574368,0.74081704958777,0.0979671911094734,0.737685844909031,1.67015298119908
269,"B_p100","gauss",3.72065182040062,0.829661375615435,3.97954553071812,0.76085229371054,0.581310015435955,0.539504355140619,0.440010452519275,0.485060662360545,0.407623209685835,1.8911168259546
270,"B_p100","gauss",1.49160847183346,0.135356280416541,4.30661450959505,0.980639260882877,0.931471939931865,0.948899868074718,0.892625564171935,0.948466427712768,0.893238901173015,1.53432844114575
271,"B_p100","gauss",6.36191326901269,0.294711043454415,4.78885233071141,0.39608608582521,0.843526674051133,0.193524962750632,0.771128047827694,0.223010009345638,0.793393052132698,1.28229290050539
272,"B_p100","gauss",4.46520834624089,0.987910962132965,4.22618740116924,0.668430490240035,0.547783358288137,0.435722357223629,0.3975598423484,0.389971717838045,0.378081881569087,1.81992428619285
273,"B_p100","gauss",7.15786584241098,2.1261178609038,4.81154244847533,0.292174057266129,0.259473137927986,0.122240280708035,0.140317879368348,0.155552692652594,0.165506067175267,1.27860427709697
274,"B_p100","gauss",5.88466442244103,0.548034625115413,4.45891306373733,0.442833207042793,0.708545919146279,0.205483000920338,0.588763407987657,0.227650187821128,0.601082877492314,1.49179068201477
275,"B_p100","gauss",1.96660994909526,0.652422875812529,4.56158874180029,0.951988081723646,0.650194935895556,0.8867887907297,0.532331598096819,0.903528152958597,0.558798975682978,1.34175411830236
276,"B_p100","gauss",9.31856723104383,1.23148320564476,4.29607524847112,0.135807605418847,0.429070322836726,0.0326464818354584,0.276758934625568,0.026995225748385,0.285417331270579,1.64198917872875
277,"B_p100","gauss",1.41476481229008,0.104348646988419,4.55384482179434,0.985906773212954,0.949857419540491,0.963113900723268,0.922066290756955,0.962950031858298,0.923745308063131,1.50424876264874
278,"B_p100","gauss",3.14056295571884,0.228936776829665,4.43065504620601,0.841281955758584,0.873078249541414,0.6728420452604,0.802960130419746,0.684030139666511,0.815362862023112,1.54789460125841
279,"B_p100","gauss",4.19271339208895,1.17564773224935,4.7089756150515,0.696299991679164,0.475447797500875,0.481690427116537,0.335595254396049,0.523279242459529,0.370441899625431,1.32050597948803
280,"B_p100","gauss",2.35218415466717,1.27613436908222,4.89678431172353,0.92740010555237,0.435830712098901,0.846412308832874,0.296475572398497,0.871383677828238,0.334421689392785,1.26170251196337
281,"B_p100","gauss",6.38300690739983,3.57367131776224,4.95769318557738,0.399118790006274,0.100834001172467,0.200336661003843,0.0346705897866859,0.243961891106437,0.0522766108972068,1.21882341446775
282,"B_p100","gauss",2.23318874706265,0.333677983272613,4.52217730291403,0.932997928077708,0.814915093865786,0.848808059090967,0.740108639416237,0.861842565537969,0.754104649040779,1.38095067865455
283,"B_p100","gauss",5.88006060837184,0.227227230305975,4.32468973410777,0.450062682402789,0.872090637592831,0.225107759231035,0.810961665792829,0.208526411592112,0.806103857075143,1.63683624203437
284,"B_p100","gauss",5.56765100052798,0.853478928143701,4.52105103009952,0.500630777307655,0.595943273463222,0.276974230829127,0.458596902992887,0.275014300138274,0.461842575371174,1.5392021025291
285,"B_p100","gauss",4.5375304473745,1.01553347794696,4.4825053257992,0.637814761744824,0.517968217092347,0.399315911302848,0.363282649816658,0.423555035990776,0.396752514618715,1.45907551780419
286,"B_p100","gauss",6.59847880986513,0.349055309310288,4.838535071466,0.368153011718547,0.809546715470286,0.171183496905782,0.734006769640912,0.206311509826422,0.752684678220132,1.26797758820146
287,"B_p100","gauss",9.864290629489,0.240493702026336,5.09595040786951,0.108679715423183,0.868798088402582,0.0300035852125453,0.813759407693418,0.0503576880868648,0.837236911148558,1.07415845566079
288,"B_p100","gauss",8.04933489334751,0.0532344565638679,4.65046239728394,0.222388930345799,0.979850050991114,0.0703424312394547,0.965387622023879,0.0859136797758413,0.966029367941312,1.45126059016114
289,"B_p100","gauss",5.43655232190025,3.8069563360778,4.79500767071151,0.511735898282644,0.0800710777015666,0.298148286193981,0.0288678043573276,0.335704925565827,0.0338799522979227,1.32966787265841
290,"B_p100","gauss",3.18607073691641,1.58953089875826,4.40005526057553,0.843614782146116,0.361154978049826,0.68270676740331,0.205793334701429,0.67047685172718,0.222156874891368,1.59507659929972
291,"B_p100","gauss",4.72201977437066,1.13685573609198,4.46750444992836,0.633277427609124,0.512554958804322,0.39905647451624,0.359803736945423,0.389668654901646,0.367755473266478,1.60095360512257
292,"B_p100","gauss",1.59330520259613,0.0574407159855105,5.07870729338587,0.977534913458873,0.976443368373619,0.949143685974502,0.961468007145101,0.961886168955514,0.967595198110195,1.10081834568227
293,"B_p100","gauss",6.6494265518077,0.670255497313114,4.62174378727887,0.362259832616195,0.656435856712594,0.153582523288111,0.545038638001444,0.173933926845301,0.563311361794338,1.38426445200825
294,"B_p100","gauss",8.34084643677345,3.07357883511529,4.56531348596925,0.201255045191634,0.151619143544538,0.0600561329250275,0.0613982346622217,0.0671819133360136,0.0673037853560925,1.46580165707163
295,"B_p100","gauss",4.59618156872096,3.40891089608914,4.28753780373258,0.637255062484421,0.110237271784226,0.403919628846079,0.0378685880047354,0.378407308047765,0.0316155796310672,1.71155072495267
296,"B_p100","gauss",4.01940200723854,0.540734162263481,4.63683558398367,0.728874448675951,0.714908465687678,0.52521198808579,0.609450045676792,0.543438376405739,0.626821202262433,1.44734610062227
297,"B_p100","gauss",5.28621618600218,0.574583307441184,4.91958973804328,0.534699865352549,0.699676229498569,0.322314770220119,0.600338879721878,0.377028219360607,0.625700875290314,1.23575037676776
298,"B_p100","gauss",3.79599913363415,0.34366269219776,4.93546759511287,0.75483938732275,0.807945114570542,0.577608929012516,0.730264730825621,0.630220848582084,0.761289536004361,1.1551131275534
299,"B_p100","gauss",3.40244612818686,0.17858930395833,4.41521173030161,0.795147318848319,0.900061071609861,0.621494632277247,0.85052536138211,0.628116763176192,0.850053373726311,1.51861531990373
300,"B_p100","gauss",1.62397905793008,0.378575634636944,5.03735707218856,0.977285902346558,0.800786008769968,0.948956714807524,0.728188930145435,0.958748817251032,0.754011860257033,1.13636910447508
301,"B_p100","gauss",3.39842630362504,0.706956605149264,4.68496837082605,0.813991718992796,0.644694533311437,0.651185897111327,0.509819483754386,0.669565924606422,0.540728327048734,1.40404124907958
302,"B_p100","gauss",2.90327320846812,0.613133360807423,4.72172732327404,0.865598186323911,0.673805620507216,0.73472360952201,0.571239300214808,0.766323917208648,0.599184601710488,1.24525476599258
303,"B_p100","gauss",1.02921056024418,0.640213179182974,4.66226817225105,0.99514665008466,0.680956546076257,0.986113811241825,0.55694254208232,0.987805917791836,0.584371809405536,1.40423826315805
304,"B_p100","gauss",8.22493559098311,0.850494981103748,4.68857699074135,0.211981276790086,0.584952168265772,0.0657829303003515,0.444208132958889,0.0809016534901559,0.475546404302445,1.38817465705097
305,"B_p100","gauss",3.62144897331112,1.34271723707784,4.37489357280854,0.783805399253376,0.425007822600141,0.582315116719512,0.274470838585133,0.577401871348564,0.271943453882596,1.67548254357341
306,"B_p100","gauss",4.67396110607288,0.374046789894047,4.56381800820929,0.627440851670511,0.797844458416349,0.395773303713682,0.694578088873569,0.414343058839833,0.718128930867606,1.48632905017315
307,"B_p100","gauss",3.0926479520681,0.730419978726036,5.12691649406615,0.849604398589931,0.633313922585509,0.725107437513713,0.528522741319065,0.776247491064686,0.571977566343462,1.07767984853605
308,"B_p100","gauss",1.20810645548814,0.453086853998195,4.57785635692922,0.991740532042441,0.763996637004133,0.976966353626032,0.656987195085847,0.978137703992215,0.67328223848121,1.49041703209992
309,"B_p100","gauss",9.38258660561966,0.608336391004694,4.74926181459178,0.12872747186204,0.685870503939363,0.0345261978772238,0.558513591461916,0.0453293369152854,0.597297246919434,1.31583553219689
310,"B_p100","gauss",3.80423464038808,0.125416753649761,4.99611382115593,0.763344474011458,0.94069178350755,0.595233484779428,0.907182627007642,0.636994254043657,0.918518440505881,1.2021510911454
311,"B_p100","gauss",0.782333593924098,0.141425974367831,4.74289812310075,0.998109393482079,0.926221126417344,0.994774425516806,0.88670139990504,0.995609809839449,0.900857595062583,1.25732254136699
312,"B_p100","gauss",10.0612310023787,0.696304998371452,4.71647548477096,0.0992900597449522,0.658726840740313,0.0210666769107808,0.541897226328419,0.0295627122678652,0.574475983702747,1.30532027485382
313,"B_p100","gauss",1.52796492868962,1.05496990466865,4.49402132252889,0.979926213465567,0.499349047812529,0.947874565937739,0.358315297938888,0.950963914720062,0.374608957127757,1.46318925947486
314,"B_p100","gauss",3.98489290189645,0.363503518553088,4.75285868385312,0.720043147201514,0.792336568080378,0.526454613786898,0.703770387487582,0.567720790370151,0.72540068012517,1.33219059855379
315,"B_p100","gauss",4.035279901369,1.0907609843741,4.74837115627122,0.716640451132985,0.498147033402626,0.519757510198296,0.36365857763012,0.558252743728254,0.398146006709277,1.2786048188471
316,"B_p100","gauss",7.03930452863701,4.29729411451839,5.34203605122391,0.329694470739598,0.064591732821029,0.16750157400024,0.0229209390545005,0.228617452367366,0.038929081179251,1.01100033621989
317,"B_p100","gauss",3.52765287264933,0.690664094601766,4.17975401878169,0.777516614083906,0.643079579996162,0.577564849511016,0.505795316350074,0.563017602573031,0.500307974695069,1.67502044469827
318,"B_p100","gauss",2.89582446860936,1.02875658456714,4.49645264653957,0.872375097970392,0.525301131432528,0.731648598469075,0.368576725467043,0.741656138950832,0.401865958892436,1.46476583770974
319,"B_p100","gauss",5.00697668848439,0.751595098701996,4.50543596877112,0.564808198945944,0.623148923323699,0.323453224102062,0.500180438412546,0.351088955267229,0.513276783475769,1.46254138990248
320,"B_p100","gauss",4.41997793494552,0.302064924888634,5.27540512921386,0.666793093593248,0.839181164543728,0.489057388449487,0.77915442554664,0.56874773236474,0.810335188015208,0.95873371496984
321,"B_p100","gauss",2.83746811447101,0.967221759305956,4.502943096953,0.879392308815907,0.538805813864088,0.743996935239431,0.390691068634066,0.753230724613129,0.409658457125258,1.51594581535895
322,"B_p100","gauss",7.01252153286347,0.208501204307997,4.77690043474927,0.307973413383411,0.88326591707568,0.138951656330432,0.829077759743605,0.162799587724712,0.846323733015652,1.27042836829968
323,"B_p100","gauss",9.7856620216242,1.21163464357236,4.41188116419634,0.113110417369957,0.463928100514407,0.025570237156294,0.312524368120555,0.0232873939606477,0.321986936371252,1.56051408343338
324,"B_p100","gauss",6.18775443272485,1.65542981201448,4.95473580660586,0.421979214479194,0.359636411663104,0.213618457632751,0.222425272131886,0.26521880029668,0.264476256575926,1.22396232508354
325,"B_p100","gauss",2.77969223424003,0.889257308758764,4.93401029745898,0.893963071561174,0.56986493031093,0.78519159118968,0.441111154261069,0.808966145812088,0.46088791709615,1.36818099717749
326,"B_p100","gauss",2.11148226329396,0.00753220278301223,4.35781654824919,0.946516412026248,0.998605939525868,0.873577173944697,0.997457313772583,0.868361335805782,0.997458229811088,1.58253059257469
327,"B_p100","gauss",2.46490248384342,0.0886373042513614,4.79479717845383,0.91540772142888,0.958194895296102,0.819729884339734,0.932742002952424,0.847446082408597,0.940608495216794,1.2749542061756
328,"B_p100","gauss",3.04854039009468,0.623903393094063,4.3854641458264,0.850738552188329,0.666067394493062,0.698244813068105,0.530385688260567,0.695416797245003,0.532780977964071,1.62007403800625
329,"B_p100","gauss",2.92034549463822,1.56551869386889,4.78275479561275,0.877026769444803,0.372196093068578,0.753677784168708,0.231501814051228,0.770000480490467,0.255447139622946,1.3732575440138
330,"B_p100","gauss",3.46380103372238,1.1192447191987,4.55792009537881,0.796725760577272,0.485057983469937,0.623716462329173,0.340203799316359,0.638450259864412,0.369859469802069,1.40608269654141
331,"B_p100","gauss",4.64672621811313,2.18155380912969,4.65205297211021,0.62799176371518,0.224007928917526,0.408433169310568,0.112073985861867,0.433200295082941,0.120670703421433,1.43477560509054
332,"B_p100","gauss",3.36723062367131,0.26147376968498,4.59104871633524,0.814876782692994,0.858705732432174,0.646048765465461,0.795932345288024,0.661672594641075,0.799495278322357,1.48571990635431
333,"B_p100","gauss",3.28568460183359,0.907175292891237,4.63736125849614,0.826928365896335,0.560019534439457,0.670060642617938,0.423442609954235,0.684058049199988,0.445892662893319,1.43518465053887
334,"B_p100","gauss",3.4030455793475,1.52840024857008,4.87447660033515,0.818676902047985,0.38534322022138,0.658197685756385,0.247392091618888,0.69328677016928,0.272244158807997,1.36273682268141
335,"B_p100","gauss",6.4290527816642,1.22262043728158,4.59943161915532,0.395946353065151,0.460740007350693,0.181384984978603,0.321875487465053,0.19104248084876,0.342901593875484,1.42765483708972
336,"B_p100","gauss",4.71008482340797,1.24909163382806,3.85602611280735,0.605526834650989,0.4389751120895,0.335790706906515,0.270917762846977,0.280913289943881,0.237333283209864,1.98341223409286
337,"B_p100","gauss",5.38537209245517,0.634176937245144,4.41876609461607,0.531837129736964,0.679201397777811,0.292991359683645,0.56648749795915,0.282485317700404,0.553456290698779,1.65163223103425
338,"B_p100","gauss",5.40166088402942,1.6939522420203,4.46524754271124,0.509673044576365,0.330209261331384,0.276721597809316,0.187757920816122,0.287753108564943,0.195650305101119,1.53163893166689
339,"B_p100","gauss",6.16066763172256,2.44935876123755,4.18766703515176,0.430376836376227,0.196258921639321,0.19454588484573,0.084256862826311,0.162028697596591,0.0731230355569771,1.84014447628036
340,"B_p100","gauss",6.67563642900489,5.4145745073896,4.971664585533,0.359023682395378,0.0328249870015006,0.168438026752325,0.00732478582653562,0.216263771515441,0.012279250748194,1.22391961533963
341,"B_p100","gauss",4.88294124548679,0.267547631704557,5.27349011447678,0.602599792808507,0.854623120331548,0.412067765179201,0.793014476515231,0.493076485705732,0.82458445718164,1.01254338604241
342,"B_p100","gauss",4.43112821558905,1.51290828204615,4.73041213547484,0.663260165364353,0.389654944641507,0.453652039468524,0.256492779569658,0.48378226103664,0.274072922307781,1.38169779075606
343,"B_p100","gauss",6.53929955870301,3.07304219218614,4.73747265547899,0.368730321752838,0.136412972898745,0.174758203300003,0.0586425719058813,0.198877303092661,0.0717198080992899,1.3188976343954
344,"B_p100","gauss",9.48430840431228,3.37978869800937,4.69089602701349,0.130353163003619,0.113286034769847,0.0352941506852464,0.0392025731995265,0.0405464127193769,0.0447104948276348,1.46695612882921
345,"B_p100","gauss",3.24081860917128,0.336693757727891,4.59786464201966,0.834002782491388,0.819225863537824,0.683147284562043,0.735500176822277,0.687502665750139,0.745705299823421,1.48211909101827
346,"B_p100","gauss",7.30566195441009,3.54384472796184,4.77180191260734,0.289116486483392,0.0915003851393136,0.123531683507925,0.0336282931558268,0.14073303462824,0.0376177527779538,1.35248399623677
347,"B_p100","gauss",3.68740547755117,0.540466785780094,4.40060718462306,0.749256639628786,0.714023642902907,0.551454321146922,0.609496319564153,0.568631592639579,0.615981064602736,1.46984305097154
348,"B_p100","gauss",5.66343345223384,1.5682873987985,4.10094009507904,0.484646724839188,0.372832587542465,0.236650435092076,0.219148311864962,0.198613731641609,0.208644499851617,1.79946146132438
349,"B_p100","gauss",7.7475832543991,0.269222987579017,4.49667391008273,0.23621340806012,0.852714228150427,0.0823855880000157,0.787719924968239,0.0875907318334852,0.792827407028121,1.45831489236052
350,"B_p100","gauss",4.40251089727534,0.375011833494011,5.3496278918757,0.674971302774844,0.805477761157865,0.502028243283892,0.74304647415688,0.581933394369445,0.775589849624228,0.925937814071116
351,"B_p100","gauss",3.93121912181217,1.85574166784574,4.67395638069863,0.73795390423208,0.291225302459716,0.535301586211699,0.165190405759543,0.565528406521092,0.186358697716834,1.38160204959116
352,"B_p100","gauss",3.81251998058442,1.81479069105015,4.98588128377259,0.76842721058774,0.328812179479739,0.601770766407645,0.200854988429737,0.634025648077695,0.233540222443136,1.25871794807369
353,"B_p100","gauss",7.68421774341793,4.32413865777575,4.54434056379893,0.257492326603293,0.0635814175838917,0.0895598795866129,0.015433159436389,0.0950153494005579,0.0184149667867586,1.56219577331006
354,"B_p100","gauss",6.06790984072297,1.8055760972314,4.7346274449969,0.40064852165613,0.299255620217525,0.206613713732572,0.170023770817919,0.247197634598249,0.205607846321382,1.24148987875229
355,"B_p100","gauss",3.36572725510457,0.883481562178838,4.83232728796044,0.814207310705173,0.569193466257147,0.657244309378926,0.435697917492264,0.694933001750919,0.475694887885436,1.26714411007199
356,"B_p100","gauss",3.50637869327722,2.33587910759215,4.43724416928398,0.78698918461522,0.217018926324432,0.599343463717771,0.101955701021536,0.610512091533399,0.115862658587367,1.48264466077404
357,"B_p100","gauss",3.41330349733508,1.05315769262861,4.39339935494974,0.801091091042561,0.504614155359839,0.614465201132982,0.34893313086361,0.621898374106298,0.350252244975775,1.61349628721789
358,"B_p100","gauss",4.20774726117939,0.903334642171329,4.30114700293372,0.684742325670549,0.553850715713503,0.439155053420818,0.408241279285383,0.449822612199974,0.414059513316765,1.61523931603433
359,"B_p100","gauss",0.842320314726574,0.00676473272668745,4.08422583233364,0.997867369801372,0.999073769040698,0.992469361879009,0.997908045549884,0.990332417796614,0.997729301990932,1.93634823001112
360,"B_p100","gauss",4.98405070205393,0.100865643398362,4.279660942135,0.565965236748958,0.948807886446405,0.332187601348635,0.917604465948177,0.315499755444165,0.914796894298783,1.65807687220738
361,"B_p100","gauss",2.34926903926442,0.796458864306295,4.66113230894881,0.9273603551775,0.586093404913748,0.841004179857083,0.463481315388575,0.854439472582545,0.483814347427986,1.35292131825778
362,"B_p100","gauss",1.4041959043529,0.891616984565864,4.16273996043238,0.984600719920504,0.561603550361921,0.956579431219229,0.408428450509231,0.952216934338512,0.405287106702786,1.7559052704378
363,"B_p100","gauss",8.00010226061784,3.37406008169655,4.78557120765213,0.222957289852891,0.111572922158002,0.0806380257391845,0.0408655944688697,0.0994940485272456,0.0525869753863255,1.31106104143498
364,"B_p100","gauss",1.69181364030981,0.443941410117517,4.53989105800145,0.970528464909241,0.755401489196008,0.92973277274285,0.670457216745883,0.936331556088237,0.6842469804591,1.33282931011661
365,"B_p100","gauss",8.53293096340739,3.09296549200653,4.61943463675836,0.174263326828857,0.13543717033432,0.050960455486186,0.0567394771694552,0.063701562027572,0.0646329831967689,1.36464887589857
366,"B_p100","gauss",5.19119155168396,0.012653005467931,5.0783209618331,0.559121375794806,0.996820044119954,0.353250664950989,0.994497089573198,0.415696831171312,0.995513339051251,1.15769502333735
367,"B_p100","gauss",1.96798604593999,1.16362260676324,4.78028025780928,0.958044129844598,0.47058537247025,0.90038995678303,0.331971889824592,0.915200785878367,0.360363810732672,1.33591902712119
368,"B_p100","gauss",5.6809569596453,0.193289501234509,4.65515132555868,0.468603780471878,0.890274530816916,0.252503991818689,0.843555968915387,0.281596023624204,0.849728326407497,1.36258432836957
369,"B_p100","gauss",5.35206298109324,0.560529380492534,4.10102183295182,0.516809495526605,0.707902629340586,0.255520387296694,0.575649629767405,0.235060768025916,0.570995718177293,1.76788474130594
370,"B_p100","gauss",12.4126451726866,6.55764535711049,4.64562319897378,0.032929162313218,0.0121401844683309,0.0042860107164775,0.00170491024691333,0.00635809929732156,0.00291107596337647,1.29814416906529
371,"B_p100","gauss",5.27054444983219,0.161358530070915,4.81265433215952,0.528573668007726,0.911048839835338,0.313260456841403,0.870312326764368,0.362174450483765,0.880574958514713,1.2691919988357
372,"B_p100","gauss",7.17921408682542,4.53474812391529,4.08221281628944,0.282884691685522,0.0482160995945162,0.0849165349054484,0.00927535511380961,0.0801234381104503,0.00860039800593349,1.7370901046361
373,"B_p100","gauss",3.49576205442422,1.23003626791994,4.3777787149808,0.7828925265451,0.459863495673828,0.601561486141908,0.315491784135976,0.603493000770606,0.313430541560868,1.53162258835948
374,"B_p100","gauss",4.95806568217439,3.75401762601123,4.87115930800627,0.569743983791632,0.0762837632209933,0.351584800603554,0.0266045975731468,0.418893743196403,0.0385323307276666,1.18518257722708
375,"B_p100","gauss",4.74436228515572,0.829112646238137,4.14538988809756,0.58244893556768,0.584208278670418,0.34084729689185,0.446392316852798,0.328536347151443,0.450827717630791,1.6055452207965
376,"B_p100","gauss",7.36589139374182,2.19116120033764,4.87944769130392,0.284511260479389,0.233522504519767,0.111789260958822,0.118630094064474,0.147642600622659,0.148775103793136,1.27657639235112
377,"B_p100","gauss",5.48569203687939,2.72836994801794,5.03492572526974,0.495823263587491,0.158000770874782,0.296209472678436,0.0756038698162599,0.366094922175597,0.102558116769153,1.07324026812946
378,"B_p100","gauss",5.76965411071968,0.954302850245884,4.87014941007699,0.46248324942142,0.543442530474608,0.264292383620611,0.408779811255302,0.303034905843412,0.451541626743243,1.23381419788288
379,"B_p100","gauss",4.36387825527068,0.0946420666487762,4.14033714106276,0.679003169648503,0.956653353280015,0.433720900054673,0.924817655220624,0.391824906625244,0.922943540587477,1.81339664968281
380,"B_p100","gauss",8.52945038563803,0.566390573371573,4.67562441454029,0.182168225856671,0.694692612358571,0.0552094829672773,0.581016431864014,0.0675918477153447,0.607973376620497,1.34874921462057
381,"B_p100","gauss",5.4874328396657,0.679304526669063,5.08279381450532,0.516128813530348,0.65689692939782,0.319655979201661,0.550623019885864,0.373339113848028,0.596931125512919,1.08348650078092
382,"B_p100","gauss",8.63299636967189,0.933050456120391,4.34065528798649,0.161922325665707,0.52641376803679,0.0406273792334473,0.387713459478045,0.0442838551836997,0.38662448484062,1.55925092039401
383,"B_p100","gauss",2.25238011677622,1.12090409614461,4.37489514740377,0.939111890398273,0.494469735409677,0.852014639262137,0.33497023627824,0.846512929686327,0.342593391898548,1.64476261145571
384,"B_p100","gauss",2.32100665864515,1.5206528544019,4.61081740077237,0.931094898186597,0.373424407030128,0.841316297952844,0.227820652339069,0.854778713861181,0.25127265664666,1.44580440638697
385,"B_p100","gauss",7.60229355498612,1.70502850002357,5.00176638101201,0.251189197642189,0.338540093151987,0.102191318519294,0.214997033848496,0.144201382169154,0.268921183085342,1.06510144993279
386,"B_p100","gauss",5.70895650514707,0.511853465771873,4.86326126891301,0.483881692892907,0.733962512519017,0.26396337480454,0.630814476383387,0.30987778617638,0.658150501911337,1.31022785343024
387,"B_p100","gauss",2.96942438451172,0.293489071545967,5.17515869775963,0.866672820568273,0.837949102350894,0.753114472148215,0.771321563821473,0.800207569064138,0.800964586153741,1.09631415085926
388,"B_p100","gauss",4.4233827689061,1.00243517777323,4.92771903299271,0.675325355796969,0.54162487352834,0.481110713227556,0.402277640084468,0.516461718661479,0.436370489386282,1.28704115823824
389,"B_p100","gauss",2.92221366337306,1.38166563925777,4.23358313015372,0.868878442651903,0.415082652123117,0.715932590465372,0.267260692376562,0.70041446240379,0.259122539084045,1.71143456727721
390,"B_p100","gauss",4.80877507029375,0.399912683646498,4.25952170006642,0.593189825193566,0.78769335114196,0.336036991706073,0.686362724599883,0.338967727018588,0.691475376904679,1.64120356011545
391,"B_p100","gauss",9.03154764163257,2.62195746467355,4.64660072501873,0.145980666282696,0.184524198065544,0.0387680405468621,0.0789078703120922,0.0498026034815829,0.0972390218806117,1.38585908582266
392,"B_p100","gauss",1.26492274286287,0.331565093289995,4.95990605245849,0.990091000758402,0.817459745061128,0.975693788232888,0.739492485606487,0.980375764486547,0.768883265308319,1.1983300197944
393,"B_p100","gauss",2.3451766846024,0.296021365084407,4.87185662133411,0.924483132389142,0.831775786700987,0.845184476256556,0.765775601410245,0.870991248434794,0.790273400986836,1.1603614746326
394,"B_p100","gauss",9.62623109368719,1.45103014751984,4.2668767488135,0.114744633523059,0.395965758608207,0.0243209854081309,0.246457783628184,0.021101431522441,0.247922448462697,1.67606992347831
395,"B_p100","gauss",3.02348757288993,1.84617538074673,4.51451054143163,0.856897936547013,0.302882166733248,0.70914812401197,0.159893169004591,0.718072775255157,0.170703445021682,1.54793291534156
396,"B_p100","gauss",7.41874672956529,3.81621400210901,4.54503740253651,0.283822329384006,0.0773759348261402,0.110056624380225,0.0190145662293922,0.110117570666654,0.0252470570430806,1.53206018541805
397,"B_p100","gauss",3.26045121516658,1.40202156159522,4.53948976761424,0.813144397937997,0.406280696326712,0.64853095625734,0.263482619428091,0.675785447483114,0.300663122620926,1.32304879445584
398,"B_p100","gauss",4.88543630655849,1.34830685836747,4.39202072744167,0.588939507600981,0.400678307941999,0.340567603829188,0.237574973813339,0.350096348915514,0.254634957957625,1.59111419306396
399,"B_p100","gauss",2.90938941098605,0.096824090390293,4.23871410821793,0.869041489512507,0.95434650320609,0.709285642500315,0.921532678680349,0.704323406096846,0.922816329610208,1.6849520437046
400,"B_p100","gauss",2.98961681967577,0.37547578755372,4.55244732871428,0.861843152520961,0.794771159851822,0.728232859163489,0.708940917413004,0.730119290987161,0.710859772675738,1.501301517932
1,"B_p100","t3",2.82117815415458,0.250248377634407,4.4856823335681,0.878381504033233,0.863027084833992,0.757030327152466,0.792201029006568,0.754443987900244,0.805298188203404,1.49207789810504
2,"B_p100","t3",5.50488603285918,1.20505948490317,4.94150267788652,0.513396159423241,0.478180114392735,0.293807323445957,0.337794246483557,0.349021965647269,0.380197958467756,1.25074408236963
3,"B_p100","t3",3.00116772944536,0.90685634422552,4.73497182063327,0.868319809153612,0.575984272612716,0.746287968291239,0.436655359835068,0.751105150494153,0.464090894735479,1.37596822958313
4,"B_p100","t3",3.17069930976503,0.412549717722395,4.87366678479883,0.852158636729492,0.773815982445059,0.722566452587727,0.68474686771359,0.735069192014854,0.698900446542296,1.3953790010807
5,"B_p100","t3",5.95059009952402,0.0201935080988193,4.53476175826804,0.455822591782829,0.993576760133365,0.241678661835292,0.988021266185281,0.231632841332567,0.98856325153653,1.57127186880925
6,"B_p100","t3",11.2340679837589,1.42873932089307,5.28081535873096,0.0618895391371278,0.397567149854393,0.0167969184568312,0.269699012210166,0.0300433697596914,0.330695435636551,0.974691376974367
7,"B_p100","t3",5.09401791824792,0.112156194702613,5.04352839115703,0.57761808350914,0.943783050109696,0.374003994424276,0.91722446814206,0.425147234470459,0.926080931780048,1.18143927414947
8,"B_p100","t3",5.28911957074147,0.967232382609362,4.7093815005804,0.531235380576363,0.52425356259468,0.30447218724907,0.375939343419277,0.342792607870012,0.41926608383302,1.34652348248601
9,"B_p100","t3",3.20759763221988,1.14064225373052,4.44126047524504,0.828372001030809,0.478037350128257,0.669009519751712,0.319660082851012,0.671911474814013,0.336369267052254,1.52862363585745
10,"B_p100","t3",4.39721147499649,0.511837217481292,4.53853095569377,0.661067048454495,0.709386560644238,0.450903133068233,0.590578181836752,0.457178038813804,0.614012591063554,1.53155684117354
11,"B_p100","t3",0.963737415730522,0.224060199640469,4.25309428563539,0.99615262380062,0.879568285971578,0.988420435867817,0.817920531726313,0.986680345917037,0.809715557482488,1.71165643810859
12,"B_p100","t3",3.28828510269406,0.0579978587157331,4.54474205577385,0.821398629802504,0.974622633259996,0.667339841330927,0.957861356823502,0.670429096890917,0.960310354239008,1.43565854109413
13,"B_p100","t3",5.23633301648562,3.60254874683082,4.51069327931673,0.546928312035421,0.0901877103126052,0.31518660905305,0.0295236226223041,0.318026844495322,0.0325949974662029,1.51897453647478
14,"B_p100","t3",2.70121677287889,0.0541156458969274,4.58406372620327,0.895329022584537,0.980382727734948,0.791771959927857,0.966094767119352,0.788041542614622,0.966655261402755,1.49705245248267
15,"B_p100","t3",6.41595291292452,0.329449536929387,5.09248195907416,0.404164858379187,0.825078336735055,0.21153607378535,0.747773950397296,0.258734325471122,0.776655739822457,1.18214884432785
16,"B_p100","t3",3.72818137601079,2.52243327844084,4.45345874774604,0.773701692467692,0.188924123585173,0.588185850989962,0.0742976482870835,0.569183093939545,0.085021430239601,1.60257919414958
17,"B_p100","t3",7.38527746363847,1.08579634768816,4.80249488164392,0.282117008931016,0.492246845952564,0.117573088950707,0.358837951445932,0.137750748872561,0.392349931586916,1.29368631377849
18,"B_p100","t3",4.51104755238207,1.43447940603489,4.7066611404085,0.662690960065318,0.389736708458526,0.450393348582808,0.234374382989887,0.46502283020203,0.241363908198202,1.49405661784931
19,"B_p100","t3",5.94719304142448,0.381572459284614,4.94623272403562,0.4377672395025,0.780208029589857,0.244842562089275,0.694499619456556,0.292132439751406,0.723275881012011,1.19821698489323
20,"B_p100","t3",5.43638141952901,2.11707586951956,4.48492983313167,0.523196814075139,0.264911235110072,0.295654841437055,0.13313460126646,0.286343861539653,0.142061903970138,1.56339430605055
21,"B_p100","t3",3.71767905552729,0.361733017778587,4.65426789575335,0.783754651994564,0.806356692614534,0.599114284801655,0.722912749368902,0.603078826649151,0.729368799844742,1.5039179711548
22,"B_p100","t3",3.96627684730285,0.273022000572439,5.04342732442506,0.730723025378837,0.857282318187487,0.56207761968802,0.798268811067082,0.6142768545169,0.819409050249084,1.11914818783562
23,"B_p100","t3",4.37292637455366,0.3055691166006,4.87629255453592,0.676566283320349,0.838205148145037,0.474519390267731,0.767194388722463,0.517499447176393,0.787710834189828,1.28801264139056
24,"B_p100","t3",3.39279628503966,1.02546569739422,4.7155104059171,0.811564174759351,0.517176918554221,0.647809103557297,0.368430038641502,0.674364954714358,0.407695488557048,1.34787970411789
25,"B_p100","t3",4.4555750109772,0.586505764159248,4.98876974262355,0.651933912286538,0.689142825227882,0.464067372638055,0.587788914025976,0.520143087304541,0.620441803822736,1.19414188727798
26,"B_p100","t3",8.19650353085204,1.64850992635661,4.58836589853008,0.20277568007696,0.327336644440049,0.0743199875010943,0.196198815469551,0.0744689695837605,0.221432383890002,1.37655081416967
27,"B_p100","t3",3.58855679226397,1.04147747939354,5.09520074438858,0.7934779201976,0.521714309074104,0.638558921191505,0.398464469934821,0.687930560534503,0.438753298871196,1.1536873965589
28,"B_p100","t3",5.27258137304465,0.814694942412177,4.62076560876043,0.528273657454151,0.584292772861757,0.3003278657714,0.443544573378884,0.330821757741467,0.479848165082379,1.35505396244842
29,"B_p100","t3",3.13352992187096,0.15986165453009,3.81568874545795,0.850667330117028,0.920106526270343,0.690863903074522,0.866853563720052,0.583403661240657,0.851376625791243,2.34480340383581
30,"B_p100","t3",3.24644523559812,0.12887608887181,5.13606357151611,0.833233082854511,0.940565549037356,0.703638387427546,0.908497611965607,0.752041103497233,0.923339489455505,1.06715621734528
31,"B_p100","t3",3.70100778000365,1.38844998561932,5.13608309950506,0.778314351028511,0.412893345665584,0.624398707258341,0.289082201943868,0.673420101334749,0.31870245843043,1.17152253674497
32,"B_p100","t3",7.29438407694817,2.15115559494176,4.28833651508012,0.288513081938971,0.248743414531344,0.109013472826657,0.124701327289104,0.0923024064606104,0.122560197939955,1.68133478874895
33,"B_p100","t3",2.68873169064976,1.46212623808718,4.76100281243207,0.89280521203761,0.386512787794362,0.788657095493277,0.269610807497328,0.809119724617231,0.296549431709954,1.24051228487244
34,"B_p100","t3",3.29167853700691,1.98308546192237,4.41200204566724,0.824466719918291,0.281805041470984,0.654546817259423,0.1540246773221,0.650382815424881,0.156360106378149,1.573296705543
35,"B_p100","t3",1.66646614737436,0.316530639706655,4.89653759235404,0.975125491586016,0.820512133831733,0.941022264316443,0.745469219531761,0.951118294213773,0.77278973157239,1.2146702569771
36,"B_p100","t3",3.52049826320542,0.265114776490598,5.00706683023196,0.801479309687942,0.853311770692868,0.645687994151671,0.794703336535466,0.689685805870107,0.813497846489216,1.18487428974823
37,"B_p100","t3",5.02138362978334,0.415987591387548,4.72769375390285,0.581409805160521,0.775342944782323,0.359489386484867,0.675517169957352,0.385932916011471,0.705917355233435,1.32365128163461
38,"B_p100","t3",11.7389582661953,1.81819374631594,4.89780428589203,0.0509986911678539,0.295391138757494,0.0100720257816904,0.164367927768202,0.0142456823712698,0.19310648014642,1.2881381628451
39,"B_p100","t3",2.20588507277298,0.175503160125499,4.79638546002496,0.94091456219417,0.904421138069628,0.875511635604625,0.854299674232039,0.885370131904779,0.866186128711968,1.33532114509695
40,"B_p100","t3",1.98092651532035,1.45313181550559,4.10863116835456,0.955102899355023,0.380223940956588,0.893954505962646,0.243860046166522,0.871022831802166,0.228082938524492,1.84505178887958
41,"B_p100","t3",7.96381841412776,3.23164019844616,4.95372974933107,0.235451595147499,0.115891984249501,0.0914446926148339,0.048965355680701,0.116233556367451,0.0652299562217744,1.17714605917023
42,"B_p100","t3",6.60914478493513,0.626531234312022,4.71281046831677,0.349936034378962,0.671151085237407,0.169025060271546,0.566349277648108,0.189376881297306,0.586710503971799,1.30783196998173
43,"B_p100","t3",10.4154404779478,6.81730294013299,4.89434847349916,0.0925930646229757,0.0101063709404408,0.0234653030445204,0.00134276799524435,0.0298213396211835,0.00240107370229348,1.30189112583241
44,"B_p100","t3",4.61369830116863,1.13091829540944,5.28431885605236,0.640117909070842,0.501943413952118,0.475326368678703,0.390029257809283,0.538195651785354,0.441478574819726,0.94631829193405
45,"B_p100","t3",4.4144311126352,0.34371467162204,4.98592511287299,0.659065781357267,0.812651927255814,0.472342539846206,0.738250375102339,0.52756075297547,0.770635490974347,1.09018631231785
46,"B_p100","t3",4.36728906138087,0.567242871885384,5.12206367370144,0.678557398289742,0.702819005252389,0.495114512812591,0.600118606369622,0.55581380640044,0.639469337977283,1.11904953147223
47,"B_p100","t3",8.91795354544582,2.59209369590174,4.82830095852879,0.154011834771105,0.182565283274142,0.0491857072695072,0.0801189423781085,0.0634514436967403,0.103116979723129,1.31206991629309
48,"B_p100","t3",4.1282647704915,0.866592002477389,4.92769122403094,0.710589567222808,0.574591109382922,0.520582274033906,0.435654800180851,0.568178583563841,0.475029676076382,1.2868553799487
49,"B_p100","t3",5.37926802356239,3.75039999590633,5.02991653624235,0.532400259324989,0.0839775494529555,0.338390512414182,0.0301278461192725,0.380401335435498,0.0456818870442995,1.1435563452954
50,"B_p100","t3",5.62410534387337,4.57180472142506,5.02175270133668,0.493118671247375,0.0502712403702783,0.29055894319002,0.0123595086004205,0.344889361981021,0.0198505604722923,1.22145150875955
51,"B_p100","t3",8.99896258899167,0.221371128916117,4.97375918301852,0.155776059244788,0.877441125122037,0.0511458898431936,0.828891564300839,0.0701973008681404,0.84155852421007,1.23017703642827
52,"B_p100","t3",7.16766519682217,3.80513514676411,4.57992619351856,0.309000032436835,0.0864935320478674,0.126688738525664,0.0220706723897948,0.129459204480828,0.0260504516318635,1.58436197827423
53,"B_p100","t3",5.10108773998152,0.237216710158863,4.37313163734928,0.568254086530569,0.880099324980665,0.330677628110865,0.80674795286865,0.314333308072179,0.804487161402857,1.73432719668981
54,"B_p100","t3",5.74981625373862,0.489998399512171,4.65256411992218,0.476248555572755,0.739187165446231,0.27847734019459,0.637794293444315,0.272296806542859,0.651444004267795,1.44986399460469
55,"B_p100","t3",3.33383050358824,0.145504168822251,4.96153164636916,0.82923670094684,0.930177831624262,0.689573197937643,0.893797366582199,0.717264385579815,0.902564683573839,1.288157102034
56,"B_p100","t3",4.7768371669379,0.614849087579066,4.79746884078681,0.594649695246747,0.647739309031149,0.395903074746549,0.554842235779792,0.436080328635275,0.576574824146331,1.17666976549416
57,"B_p100","t3",2.35148315978011,0.220677705194304,4.26077563749177,0.925017953430696,0.879816635362032,0.824751498370281,0.821364304245822,0.818109396211974,0.817116360143491,1.67684641628435
58,"B_p100","t3",3.61106960808407,0.374517541669923,4.4669854420564,0.775344047432102,0.79380575803559,0.591224563824397,0.698634702667165,0.594792196647895,0.714302537757149,1.51543628844225
59,"B_p100","t3",3.38351695933873,0.397610172159011,4.860575223642,0.808375028262721,0.76944788332196,0.663311020182753,0.683219433397255,0.694925730854727,0.709131800620928,1.21493445958544
60,"B_p100","t3",1.71668303161087,0.411528735090307,4.64098012489465,0.971045462376664,0.770837273319072,0.931775417131252,0.669567921069202,0.937421564542353,0.688451496389223,1.38913105070356
61,"B_p100","t3",8.74207183168184,0.591006816709827,4.84956764760124,0.18352089884244,0.681485474107705,0.0655219652456974,0.562475655357034,0.0723058705865276,0.58445630880553,1.37494022419974
62,"B_p100","t3",4.81682922801069,2.09808430685437,4.58151901408823,0.609743882918486,0.253367281164476,0.387613308404153,0.139182081289516,0.393609711342095,0.149687392980968,1.44198827796205
63,"B_p100","t3",12.3326949199378,1.39224296361574,4.99938363972216,0.0357786520434029,0.398373008237833,0.00747104066265247,0.278069156103312,0.0115135214214098,0.319564189297519,1.21476961029306
64,"B_p100","t3",4.54383263215064,0.182869521215608,4.92914865961738,0.642975397292183,0.905530721828238,0.460184758744331,0.861900422068814,0.4964748220468,0.875693936929917,1.20954674061761
65,"B_p100","t3",3.51552120674717,1.49436035738896,4.88002038054971,0.789946163415184,0.382694807692186,0.634177736669238,0.252427799149072,0.674097879067719,0.280877676673152,1.24581662099025
66,"B_p100","t3",6.6861255423429,0.316904867427449,4.62794172280095,0.374708325866664,0.837646487826285,0.176555163581386,0.760544344019226,0.171458101099232,0.769629200708742,1.53683566214264
67,"B_p100","t3",3.78614191805063,0.920921571667661,4.98182328002409,0.760704643565212,0.558005636277062,0.596347078536824,0.431699470234296,0.637882684208396,0.469936110732335,1.19089063929503
68,"B_p100","t3",4.41632712503422,1.44359718920971,4.87689768191427,0.67060934625695,0.385689317481208,0.474116085432976,0.261184547245809,0.510008869858908,0.291642515601294,1.2407583154096
69,"B_p100","t3",6.52047834794738,0.814114416329056,4.98708041359085,0.384624369522841,0.59193196519949,0.199739785131994,0.465429301759458,0.233679418552104,0.495581395305257,1.27994397048628
70,"B_p100","t3",2.34766091279743,0.598765268180981,4.99467194481335,0.930442805006888,0.692917082443116,0.863294948858756,0.601570480902192,0.878530371269728,0.622796680206566,1.19091745637952
71,"B_p100","t3",6.08321963249607,1.64640438685533,4.79579539325251,0.441339724443094,0.332507839676037,0.238793767572594,0.209591383686337,0.253989706347914,0.228061020068014,1.38626473501383
72,"B_p100","t3",5.8193480626234,0.0453888861060986,5.16897396749192,0.468099722758033,0.983941503276403,0.270554665878698,0.973430961634378,0.341120440218009,0.978982785328017,1.01906274088611
73,"B_p100","t3",1.90195015812639,0.425089141847239,4.61862370598289,0.963551535013716,0.771030708576465,0.91633118529821,0.67808208187547,0.915635192300688,0.682809590989345,1.49114737237181
74,"B_p100","t3",5.02741111836455,0.170604280153037,4.62183110190296,0.573966681215427,0.912486132297483,0.355041395855154,0.866319950944635,0.367430472834334,0.876521072592678,1.38935580626547
75,"B_p100","t3",5.67801031657593,2.55342825546429,4.60137421935483,0.49535062273001,0.188672992287965,0.26891156153323,0.0827818894700898,0.27333480844094,0.089564969763379,1.52197051551437
76,"B_p100","t3",2.72152297227239,0.108468597225246,5.00313785844647,0.897674685417392,0.95381395720785,0.799878741822336,0.924347944625803,0.825599467136752,0.937119100712879,1.16450263159292
77,"B_p100","t3",2.89723215681251,0.116464401546814,4.66137304017159,0.878079516289622,0.944422059133569,0.755646998752569,0.915410675420982,0.760383992814241,0.915995508869069,1.47142062381208
78,"B_p100","t3",10.7242592929157,2.89438314210603,4.77163898572622,0.074778065109561,0.142875716614764,0.0166745842571484,0.0639619725188441,0.021197293282822,0.0795421938896576,1.26730024919989
79,"B_p100","t3",5.0495037744397,2.81205711957988,4.69244528295707,0.570510677181312,0.148875994651559,0.358980731194284,0.0603101753345889,0.37557795713335,0.0702256686361264,1.40757638636034
80,"B_p100","t3",5.24805969762827,0.197703833543802,4.56211319485269,0.549362939775676,0.898827653732371,0.317791769780054,0.845034524613167,0.324864358722529,0.85413176142137,1.48634212307897
81,"B_p100","t3",3.57311908235819,1.39416842659096,4.98950465155777,0.788738519108923,0.400984913071071,0.643979967389618,0.267291993577575,0.677556598812212,0.308397856578243,1.19576251966488
82,"B_p100","t3",6.95077951897322,3.4535943388272,4.56736630675872,0.331710077935148,0.104944415895152,0.139541420512074,0.0356395407635395,0.143174735615483,0.0373445357206341,1.60899825098298
83,"B_p100","t3",2.990962406776,0.136098558710086,4.10262999090451,0.862842131190198,0.931033034109616,0.707344654119864,0.885313761921799,0.665071896787613,0.883126968535711,1.82866444863881
84,"B_p100","t3",5.43321791779282,0.791885061893032,4.57285832239017,0.519738765371356,0.606504323383684,0.285854468250125,0.471184808473878,0.300863114880268,0.490679745370174,1.46368372265115
85,"B_p100","t3",3.18724647174327,1.5709786808536,4.3759064138171,0.843141478234072,0.357679439625578,0.692623772727538,0.21050716884892,0.666684732209455,0.214783287024182,1.65559750719817
86,"B_p100","t3",4.67569526318061,1.9864068065157,4.38411949663701,0.626604982195308,0.273959082790273,0.389780731231173,0.146550082846336,0.382594710975348,0.155585625115249,1.59719166948041
87,"B_p100","t3",1.58577327530423,0.400057364745855,4.27871613249843,0.978017997337769,0.775253277989969,0.938290900301624,0.670376332114912,0.936936232110696,0.671110773285519,1.66403367416452
88,"B_p100","t3",3.88650378043183,1.56336314610334,4.56930780215074,0.74042401505287,0.354981094035774,0.542381340915886,0.214423376408803,0.556204964206745,0.221084353174759,1.54482459634739
89,"B_p100","t3",2.29647359886585,0.291612349683332,5.21461933767653,0.931322518012069,0.843778754476202,0.873662238045937,0.78414783907666,0.898454028489537,0.813387143799294,0.97103207625984
90,"B_p100","t3",6.5614976899463,2.78797729125273,4.55887518504133,0.381521102446974,0.145021263630392,0.175993919569594,0.056455967935646,0.174377898587324,0.0619845991637162,1.53589467982395
91,"B_p100","t3",4.6969839236603,0.792073082106723,4.7705563196364,0.618147244467902,0.592484409351507,0.407600621630742,0.468226275115309,0.445101407099102,0.50224056853576,1.2456580781507
92,"B_p100","t3",5.43610242014834,0.518129857632732,4.80893174376272,0.515075674944606,0.725054697697114,0.302121133591337,0.630672987717364,0.338019052955368,0.644720028875736,1.33845949251459
93,"B_p100","t3",6.50925929452757,0.641860678251899,4.991583233412,0.390032895949283,0.663297678455111,0.200727578641715,0.543881945324869,0.23543176983729,0.586599947705729,1.22364017537986
94,"B_p100","t3",5.59011147762313,1.42072012374751,4.96614561150938,0.503826697621469,0.414029815321144,0.289428553926722,0.270647464701184,0.341080719626598,0.298539122245603,1.28916381963436
95,"B_p100","t3",3.55397992516965,1.24278667465833,4.90729125440345,0.785479192323309,0.437641781802416,0.639866383163814,0.315912964688661,0.670388133017643,0.35219117419711,1.17045944238912
96,"B_p100","t3",3.83390303552684,1.66591357997919,4.90447201288063,0.754216700057432,0.3430855483704,0.575936569672464,0.20417255915103,0.618488105445966,0.241833814519794,1.23343257588794
97,"B_p100","t3",3.03474225392229,0.135882288935603,4.53331928717933,0.855042551929603,0.933116524094402,0.709121458891921,0.892120949101272,0.718723387368047,0.899656455657973,1.45932654831799
98,"B_p100","t3",1.54059553683501,0.0736778715705477,5.33272797339366,0.98009189355964,0.968154671676211,0.959569887854818,0.951289769096937,0.970760288977847,0.961125103242047,0.933452221468597
99,"B_p100","t3",3.26497488685615,1.68606368442425,4.00496636599531,0.817526594126287,0.332233515403292,0.630867308059575,0.18315373996409,0.588188356910746,0.171863150167612,1.80197964807852
100,"B_p100","t3",13.4751175207675,6.41572935778728,3.90973248012701,0.0215886507610525,0.0129848503166954,0.0017434414487042,0.00103318058331281,0.000656840766783517,0.000485685093696286,2.18099141843763
101,"B_p100","t3",2.59423807348867,0.584422828657834,5.05027221584771,0.906976227061618,0.698287788407624,0.81246855581144,0.59176266286216,0.84789070654358,0.632416624142549,1.14489204557958
102,"B_p100","t3",6.5662624845379,2.30453683636297,4.9083039142473,0.383533018752018,0.229256508622721,0.190645256163999,0.1133401363719,0.218556698634843,0.132436089714136,1.33162996181667
103,"B_p100","t3",5.68479076959583,1.8657746863161,4.83417833753061,0.490239243598539,0.299349388327902,0.275414439381742,0.170829895871175,0.308430193494017,0.193314450115463,1.30090737336211
104,"B_p100","t3",3.46962127644251,1.37147976677899,4.63695706694633,0.795461222840896,0.400013493322882,0.629106911913511,0.27851858963055,0.648636917936516,0.298358172182526,1.31177900190185
105,"B_p100","t3",9.30991724754924,3.43559077421265,4.17712956169573,0.115962857328508,0.0934658653103345,0.0280124435998987,0.0288297271501834,0.0229728900969406,0.0263604704791778,1.70836596379167
106,"B_p100","t3",6.02288695826659,2.58386702737595,4.56014611848287,0.442489653941327,0.16804307591464,0.231591684621963,0.0682941599610613,0.226984307187576,0.0816855730549471,1.48650108729329
107,"B_p100","t3",4.59534336829704,0.477500011916889,4.65715697266751,0.635667036100664,0.744508054547946,0.429641289605704,0.639124173439392,0.443564670262325,0.665086732046543,1.37678504072767
108,"B_p100","t3",2.89922059303213,0.249029570414796,4.83869206154224,0.86905242652006,0.859793706305725,0.746279916415919,0.795619914317405,0.779740719369077,0.815949963664853,1.24458097352797
109,"B_p100","t3",2.59092561324601,0.914259784801411,4.35597540352609,0.905218250485031,0.555200440165247,0.792545527869866,0.416616550542169,0.782741293289816,0.406714680744386,1.63322623829885
110,"B_p100","t3",1.43806067977135,0.0921007874933608,5.00237057219859,0.984268828696795,0.959182242702173,0.962970660612143,0.935276569358642,0.971305199521749,0.94443398181141,1.13159019817966
111,"B_p100","t3",4.26175652060379,2.28176089850581,4.66981548739894,0.690675026431315,0.225537138250593,0.489049676550743,0.116262804971374,0.503597594861454,0.12616488853867,1.43477362232705
112,"B_p100","t3",5.55297331268561,3.94222838204253,4.71564094573653,0.500473799268881,0.0709779285502627,0.283125229169789,0.0215212416394491,0.307391160316244,0.0268882700288865,1.39103081734331
113,"B_p100","t3",3.2437600009907,1.55222467490668,4.90409906887195,0.835611955961492,0.371494691019588,0.696571270657989,0.237255209629547,0.726215009677066,0.279779334787415,1.2339789102203
114,"B_p100","t3",4.82555079178755,2.60455979642089,4.71256355089077,0.611086671608923,0.171118522206239,0.390421311355903,0.0762949300943054,0.414280310865928,0.0935549848757249,1.36977354166974
115,"B_p100","t3",2.47213410239478,0.0760603015601499,4.69477145980355,0.92031899198158,0.970021246784034,0.833812625702009,0.949422259254972,0.838453244847411,0.953290066847648,1.43904030375574
116,"B_p100","t3",4.36685772761436,0.721874586423414,4.78648298231229,0.677906190934213,0.628522384201875,0.470409112300715,0.499796092083804,0.504162570052496,0.539938868915458,1.29883215416993
117,"B_p100","t3",1.66781112656214,0.316138791400905,4.4376730193587,0.97505067748738,0.833770918913011,0.938439451290957,0.751352253130178,0.934310551593389,0.751094734282003,1.65785735746139
118,"B_p100","t3",9.44921613371829,4.56771239135788,4.99065700455015,0.123142358099939,0.0468250401817988,0.037867418477044,0.0135694964323139,0.0564102163757656,0.0228560343889855,1.09537820168064
119,"B_p100","t3",11.2307632972829,5.35790399447541,5.03346139186934,0.0586720860441139,0.0274781953952628,0.0135115628305591,0.00758403512976247,0.0224764983710728,0.0126276892320469,1.0863762535075
120,"B_p100","t3",4.54302554074106,1.39984464579967,4.56829865457617,0.643277213850203,0.410134136426785,0.422041294531394,0.268826750880218,0.436719366526537,0.280220890105765,1.47208744569006
121,"B_p100","t3",2.97798186392223,0.356402517644666,4.55252003294596,0.86345601349037,0.799824808969281,0.721817677337759,0.710772137585556,0.732861282136684,0.732342164496783,1.41340030383869
122,"B_p100","t3",8.5777043939117,2.10189351736906,4.77819791486445,0.179699096443212,0.244681604595078,0.0637734887976245,0.130766043796663,0.0726511567013162,0.15658968987999,1.34125137811124
123,"B_p100","t3",1.67805157357458,0.904140629441835,4.41289897334824,0.973424588744416,0.566641461141218,0.931780129954787,0.4289227851698,0.93261158849342,0.435490910331081,1.53791355819503
124,"B_p100","t3",4.98594951920369,1.5887239587802,4.82976110461661,0.594683009964145,0.347802506034189,0.389961452526498,0.220244866661738,0.407992219023423,0.244726893850917,1.31530121719249
125,"B_p100","t3",3.41351517327486,0.420594493800357,4.77938808579888,0.809833943412394,0.768826824313692,0.649173752389198,0.684756759897212,0.679031375011124,0.690734127566018,1.36146681338688
126,"B_p100","t3",3.31507984410296,2.11643877102868,4.68059086928707,0.815866580399529,0.243598622581387,0.644581602159926,0.127943088325645,0.683989150462077,0.150420451634134,1.33214143895599
127,"B_p100","t3",7.24345443253541,1.92512852672047,4.75262776731934,0.291591256004091,0.281911492194454,0.124598869683615,0.168064986625574,0.142490342111594,0.184549521574572,1.29447359551327
128,"B_p100","t3",7.65714075171038,4.20461046325474,4.7140662165728,0.259296501346987,0.0702261827989735,0.102809646993645,0.0208672091150651,0.111831008968301,0.026534599544134,1.34914120676279
129,"B_p100","t3",1.84922407833433,0.798710236777066,5.26691756474326,0.967153650450882,0.6128170713606,0.932221954946875,0.495049161663942,0.946716697407414,0.540038923244107,1.0768912212978
130,"B_p100","t3",4.43382808332015,0.595321074020996,4.93933880976964,0.667965838096341,0.706143927857654,0.47458152246464,0.605188131228861,0.517079316129936,0.637029176832905,1.22555995593114
131,"B_p100","t3",3.42178215080118,0.997693763950446,4.54403392865082,0.808489196437372,0.512606305489113,0.645537478733005,0.377135519535684,0.64394307481232,0.387851217706209,1.48199455800945
132,"B_p100","t3",4.72500505864158,0.720460340543689,4.9802552379013,0.627428566810472,0.640129889678637,0.433912881349935,0.518768994929065,0.474246805367213,0.568983151152133,1.15817607568914
133,"B_p100","t3",9.20271132248718,1.21129685782147,4.73729606661577,0.145779092523361,0.454185552007313,0.0411933030512703,0.304702506121027,0.0497022626735186,0.322590470351915,1.43998157471547
134,"B_p100","t3",1.90604250106695,0.173019145401344,4.98864428141602,0.96149513312574,0.922645511172779,0.919535106531345,0.882831387041852,0.932766498942484,0.895587198228917,1.12767361939823
135,"B_p100","t3",7.84947890288962,3.02151389505307,4.59255980450884,0.240649237217715,0.142827641458301,0.0780772692690062,0.0519121549539413,0.090436855281837,0.0649296109289277,1.44905370880098
136,"B_p100","t3",7.67290548917187,3.69686584541024,5.04926435970202,0.264337050445564,0.0915941964876198,0.109462965928735,0.0334292136328624,0.143688840001752,0.0516209324365677,1.14772331896994
137,"B_p100","t3",4.71146430560378,1.17874544352455,4.47513396378589,0.62604316325649,0.458200572945355,0.393793333975183,0.29781194561064,0.39262497613393,0.310117040442844,1.62159957677643
138,"B_p100","t3",7.37587936520853,1.59858811394012,4.6980275254088,0.28488135033827,0.353565480665967,0.118606689069406,0.224198625908463,0.127769160832401,0.248197044188767,1.37730099088307
139,"B_p100","t3",7.6850838119216,1.08281206713381,4.09137222102724,0.255916828752167,0.492873426424065,0.0838630517295891,0.344008816416538,0.0589880780833834,0.326078858181427,1.80725371254656
140,"B_p100","t3",5.13856963732426,1.43339782501452,4.51751457909353,0.562898537754189,0.393585790108366,0.328624496265363,0.238569438838589,0.333225276012084,0.247855081329918,1.52352931194829
141,"B_p100","t3",4.6121186375833,1.14420593417539,4.85845018831001,0.65074798375194,0.486258411059357,0.455422687292743,0.353976303996591,0.473418811262207,0.373872207098681,1.32106072700597
142,"B_p100","t3",3.06632216554591,1.18137647590717,4.78816335830297,0.856462727507802,0.475520690489595,0.723397343606797,0.342730247734122,0.744226089674341,0.365162685835749,1.33013133923882
143,"B_p100","t3",1.96867049548488,0.28698892007613,4.52506409441991,0.958734392248096,0.854055931500223,0.897670644951393,0.779452630508289,0.901493007469596,0.785563657403719,1.5036455629348
144,"B_p100","t3",2.91393968122836,0.277671477118846,4.75475640048998,0.867053466088234,0.846089153671713,0.743007325019695,0.766235318077473,0.7660003365994,0.780958150833992,1.39473009035927
145,"B_p100","t3",5.58053059503719,0.239628463988008,4.82082738789694,0.486614622698375,0.873834637547409,0.277836309634403,0.815077051284651,0.319818023953951,0.832196238559323,1.25646220554855
146,"B_p100","t3",5.2707934812414,3.74645466414952,4.79923925827682,0.542769294906213,0.0875142082412522,0.335278944399554,0.0274297908152477,0.359828810811211,0.041667908557711,1.26930326234419
147,"B_p100","t3",6.84837415942579,0.921602512274145,3.80483819265729,0.343908474007263,0.565543894023915,0.132100231796992,0.408115654377804,0.0721486574975907,0.361218456972455,2.29216806934479
148,"B_p100","t3",2.95219908928114,0.217318748041568,5.12594783967466,0.874902207713437,0.886987007759645,0.763605031410751,0.835243826932146,0.799687915356593,0.853245662714291,1.15822874367048
149,"B_p100","t3",3.1634435911434,1.18787317804457,5.03926581893311,0.848824338399215,0.455940971246474,0.722715561687427,0.329486049423688,0.755834693830088,0.372837939154629,1.17834613089975
150,"B_p100","t3",2.11990158834499,0.250656237496318,4.67043917848843,0.943990589581182,0.851670905734809,0.877472908886957,0.781729356155539,0.889191424647045,0.797123774995939,1.35976531071711
151,"B_p100","t3",5.0732452070088,1.6194575831101,4.49195897515544,0.552809442969239,0.334083559703086,0.334688207236609,0.200593140224849,0.33838328157769,0.211324598263259,1.46166065462212
152,"B_p100","t3",2.73120154168524,0.0756654394696438,4.77130727420582,0.888316013281678,0.965251986497029,0.775474951730066,0.943645467692583,0.801869370635678,0.94927217181175,1.27114643211235
153,"B_p100","t3",3.74546529536318,1.23325855457666,4.4159468270604,0.762292993065222,0.450305394681344,0.575955330336612,0.301702172753884,0.559545622039816,0.310347157238396,1.57652981631932
154,"B_p100","t3",2.95810974690196,0.0853376355609401,5.07210682902218,0.861513922671936,0.963031019692197,0.7552661667782,0.943836174759821,0.793607048948476,0.951058588345149,1.12580431398527
155,"B_p100","t3",5.14948595373733,1.9446768175126,4.73407989914071,0.545782137789425,0.262505358502888,0.338178458752792,0.140857126113247,0.366984789383094,0.158246462273138,1.31994437292593
156,"B_p100","t3",5.27722674861933,2.629604352533,4.68120632066996,0.53094523226174,0.178108147109179,0.31400286773153,0.0787978303891115,0.33991907670805,0.0904314696662174,1.38909469091863
157,"B_p100","t3",5.66520818347937,0.930267487929552,4.97513169594551,0.483922963601449,0.544122151976959,0.284046975518165,0.427439962190289,0.332492330087373,0.465666473410649,1.14619026245956
158,"B_p100","t3",12.7345915870412,1.64964925222484,4.74964614183086,0.0366707859442567,0.353762142277654,0.00545917140699581,0.221680431623135,0.00607843532640129,0.238008088911965,1.41984376939135
159,"B_p100","t3",8.55644117209952,2.71902066490022,4.50789329363498,0.17967707483422,0.165033733930068,0.0568381989355793,0.0707706555809953,0.0562621531680263,0.0775232909210763,1.53328408886354
160,"B_p100","t3",4.15187217711894,1.71679913798073,4.80342848566031,0.707354540941164,0.312778338363325,0.516227492445364,0.189082014128303,0.544963232595837,0.202784956108646,1.34371425734972
161,"B_p100","t3",3.16571514982264,0.10943651057293,4.16717663340721,0.837434194168516,0.948208589899905,0.685629063001662,0.916918511481279,0.638018338784207,0.909553640937852,1.8410114267982
162,"B_p100","t3",3.6996413179552,1.63745905122679,4.665618040581,0.765814303762516,0.335560681673229,0.585607786587789,0.205922156563802,0.608495685083119,0.226113717891592,1.38137928799848
163,"B_p100","t3",13.4398489123825,4.79634223059708,5.18034780767771,0.0264725794904284,0.040618200127959,0.00488230149580315,0.00939145565186217,0.00793795351305948,0.0168669285260411,1.22298967413909
164,"B_p100","t3",1.45892618889655,0.749591391620989,4.54769614023299,0.98371397991788,0.617482743573338,0.958199936054224,0.498492282536459,0.95973156315376,0.517740158275077,1.40701801742979
165,"B_p100","t3",6.89704304452268,0.825557292222375,4.99372441361677,0.33856343176632,0.615064400796805,0.164375676467859,0.491581010658451,0.198314119232159,0.530589955272049,1.18672918182127
166,"B_p100","t3",4.07962233281907,1.53144019288003,4.9547881795345,0.721604297760857,0.341238235512955,0.540207930690129,0.219267243775119,0.581011073033089,0.245024449945447,1.23610352232408
167,"B_p100","t3",8.82698405446589,3.50957647889648,4.33764448149094,0.151778694662505,0.0901163926504741,0.0389592283726063,0.0290133212361583,0.0385697716313363,0.0319476736124089,1.54922633317494
168,"B_p100","t3",7.02674335099597,1.63014979282921,4.32578659898109,0.318747694266732,0.354875101280912,0.134431821640666,0.221328853729603,0.111765767053004,0.207113429838456,1.67124971513137
169,"B_p100","t3",7.98976819369388,3.75930195971299,4.65052872090392,0.237222131966675,0.0844809662746772,0.0797687893276331,0.0256302709439825,0.0886193014914876,0.031345750060123,1.44026525853347
170,"B_p100","t3",9.69810627722109,5.43029110135136,4.72739151148763,0.120481002857407,0.0300016961016751,0.0335040104923419,0.00715276958012512,0.0366935571885686,0.00886734600926253,1.42978078335328
171,"B_p100","t3",3.26379340044165,1.38666872480825,4.43476473413193,0.820420129638456,0.414453533185867,0.66408983809299,0.278698830799841,0.659420011202425,0.275247659155928,1.57029437627279
172,"B_p100","t3",6.9931542703239,1.11263866531129,4.89647992968845,0.32935260920741,0.489279065463075,0.154171305132494,0.362838466448912,0.178106931041647,0.390209562173437,1.25327759658539
173,"B_p100","t3",4.18168786033295,2.23708371887557,4.65761626406328,0.690530238632228,0.217596644876348,0.486049751147279,0.112115336290472,0.516506167588691,0.122593432894418,1.37843631715929
174,"B_p100","t3",5.98753061440146,4.62002973201622,4.70617174526446,0.456443880059312,0.0445910224901448,0.243164807447796,0.00911528634425052,0.252243449529481,0.0118733297312745,1.43598448658648
175,"B_p100","t3",2.91798219487646,0.427162039439541,4.91372388490738,0.871621922341648,0.758774264655951,0.75484531747534,0.666617312866007,0.783802904324093,0.6933531203457,1.22800149947702
176,"B_p100","t3",8.1014471333726,3.1619551505958,4.67893165843233,0.203207070397936,0.119466202852218,0.0707394015146987,0.0448136012031839,0.0855639557766781,0.0581299067561807,1.300124410109
177,"B_p100","t3",4.06150001650079,1.90502073819134,4.52147520417002,0.731076215914216,0.293257524719131,0.534634106128594,0.158964429762057,0.516262763517112,0.166981872734493,1.57720259800001
178,"B_p100","t3",4.92387145048854,2.81042741851854,4.49257044926332,0.574967596672009,0.143458906842497,0.343235263331532,0.0534252962486201,0.361389355643536,0.0561571999484523,1.53028672319577
179,"B_p100","t3",2.0280703854032,0.216315086318369,4.85977859933581,0.955099017246315,0.883318654977678,0.899168404974287,0.823196633882916,0.912108758843275,0.844270846833311,1.27582208819989
180,"B_p100","t3",3.45835689016624,2.49514187886021,4.70357205548425,0.799618945956644,0.195575236246542,0.638948765080496,0.0911409954883273,0.660153755847116,0.112651016280052,1.36752555225065
181,"B_p100","t3",3.29165066837103,0.167948118102155,5.17605381731016,0.829152613833464,0.908061416749702,0.697790052212597,0.864094101598414,0.748026062345258,0.884566874544677,1.08721253765781
182,"B_p100","t3",4.16059409579277,0.300103010460091,4.3439810880282,0.700143408989886,0.832760793311082,0.486758326384477,0.754910631568349,0.465598848100607,0.739084611575672,1.69996120013096
183,"B_p100","t3",6.20481336001153,2.15415126213719,4.75366584486957,0.412630175296285,0.250544897882883,0.204736326582125,0.129164698126949,0.234901488104194,0.15746205095375,1.30858826848074
184,"B_p100","t3",2.38643438630287,0.599679697792395,4.34676086585797,0.922317489087478,0.687489070660697,0.828946853515985,0.572814439768021,0.820849531872886,0.574370014305514,1.53744612891932
185,"B_p100","t3",2.41706031760151,0.798382929653939,4.83956564376734,0.92448884743955,0.59702982472794,0.841931552134721,0.475046321633954,0.857952448385658,0.498197618682024,1.30586203053948
186,"B_p100","t3",4.99172473940868,1.17137694505834,4.6719990604584,0.566123451399221,0.456730591019352,0.347904057994847,0.330784833026502,0.380964352135142,0.346563381000997,1.34450980819665
187,"B_p100","t3",3.08317408298278,0.0842333568142005,5.08480093761908,0.856060745602891,0.962851934908793,0.740562639046668,0.941179630374255,0.773241316277319,0.946412621650096,1.2638167604328
188,"B_p100","t3",2.75774635779592,0.495536597434459,4.86760602784002,0.887735239090703,0.741749093246674,0.783673107834212,0.645913743382178,0.807410545926779,0.679178459581404,1.24602521452305
189,"B_p100","t3",4.07600188829684,1.64272981210774,4.489028760654,0.716379276473008,0.350846883733052,0.515332387336186,0.206484699782784,0.507858803863954,0.223790819559589,1.53338751565967
190,"B_p100","t3",4.07398226631285,0.173882909335012,4.4893344498889,0.718229433204266,0.912962242499798,0.505342365319961,0.864660436918102,0.508261884145093,0.867284341529255,1.5687127924228
191,"B_p100","t3",4.37363082477379,0.251893707333899,4.81450337068066,0.680692176415519,0.873959986644615,0.482688253703525,0.812250887452786,0.507445878613017,0.821304223779287,1.33890579800553
192,"B_p100","t3",3.78251501139021,0.714444316504826,4.74279842433733,0.762125853122175,0.629479936014225,0.58918453727213,0.512889986247014,0.604184319383336,0.527407191798386,1.35721529371882
193,"B_p100","t3",4.11216880500382,0.735143238718751,4.58710618174376,0.695415262199133,0.622924259759506,0.50251445100321,0.504054422845325,0.517971818600299,0.526937869157026,1.36259495019342
194,"B_p100","t3",4.73771917376959,0.575930658502522,4.91452014236725,0.617470405429156,0.697953569944734,0.406770836303999,0.593807852971892,0.461139222360179,0.616655273194907,1.27123378802095
195,"B_p100","t3",7.01260277901851,2.50220742539816,4.86872395099869,0.323113686025076,0.180481309028708,0.159585022462571,0.0841989242271652,0.173661775886034,0.0964890243308407,1.30743425407204
196,"B_p100","t3",5.8137344959232,0.604789146196822,4.46857257088604,0.475179004702049,0.693968088685198,0.255345317546978,0.58152774659127,0.236981985481679,0.575731878342901,1.61138365722183
197,"B_p100","t3",2.0080914459432,0.623152767557749,4.62693588694141,0.956862500779535,0.67236315124092,0.900242040980889,0.549904014959709,0.902274353366686,0.563106600462046,1.57319343287956
198,"B_p100","t3",2.65202205715209,0.766322702352332,4.8530257185163,0.898481672545929,0.613484407422006,0.801843634142323,0.502640288886772,0.822614131614573,0.533060421817226,1.23576577554683
199,"B_p100","t3",6.27151736773596,0.601304834091561,4.58711883205375,0.41462843668561,0.692829353349231,0.202246293693493,0.568268254410425,0.204877897960112,0.592138237828537,1.45979026922449
200,"B_p100","t3",1.47422812296477,0.777726098467622,5.00468839140668,0.983565372732722,0.608849954802116,0.961775410838428,0.484787551206827,0.969387841999328,0.535937920783217,1.13594901818001
201,"B_p100","t3",6.54291231130743,0.979937366486019,4.5354918966089,0.387326116531198,0.527236410262478,0.175135001833437,0.373494962011903,0.172807639292938,0.388066591510355,1.55194422491073
202,"B_p100","t3",4.96447619176665,1.62607120170341,4.50536775418956,0.598179565909079,0.34432382146296,0.379132576480537,0.19924840283372,0.357356743019168,0.208919743565402,1.56553186638357
203,"B_p100","t3",4.69429169781248,1.37372989628502,5.00183492897407,0.6348207168987,0.388284658926416,0.438345928666505,0.262592581794825,0.482249648378547,0.294397564124049,1.22209567146494
204,"B_p100","t3",2.14639161366832,0.125562803846979,4.59794056703871,0.945162123486519,0.937588498424538,0.873729539651732,0.896851563136877,0.880534388187216,0.903873730391949,1.4695734103719
205,"B_p100","t3",1.1229076766792,0.596229893566449,4.69325466297825,0.993779863038871,0.689104545721016,0.98429557846613,0.572442301095397,0.984362260249386,0.588865589746857,1.47288413230599
206,"B_p100","t3",6.92100030763884,1.88768008360254,4.89218825067729,0.337753891149929,0.295302908617257,0.155043074019722,0.174089655748909,0.1839639725475,0.199037443862975,1.27600676385013
207,"B_p100","t3",5.25042160103205,1.11895603626567,5.12191297366298,0.543339067550953,0.491044085405952,0.343529251305799,0.379454235295762,0.413329929729315,0.417925424728,1.0657274500037
208,"B_p100","t3",3.91163711472723,2.57844556590316,4.45470086121604,0.734622874288588,0.17789818921455,0.547932032879452,0.0839169755387088,0.533492694512219,0.0844419424540882,1.5241132183748
209,"B_p100","t3",9.05959309554805,2.27984720590341,4.73154349243673,0.156578466160915,0.203971428832651,0.0481407923033181,0.104490985739458,0.0536430773797553,0.108597696012891,1.4202781246999
210,"B_p100","t3",4.55157561632456,4.01399904533274,4.52593021583506,0.644386236174118,0.0754369129891679,0.419726987498398,0.0233586521747395,0.428261439865053,0.0259428170263094,1.48471821788028
211,"B_p100","t3",8.95268968894053,3.24983863971095,4.44118953786048,0.140095899161744,0.101823031780439,0.0382143648552139,0.0311421591566704,0.0405499943702815,0.0428255637075514,1.41965103143134
212,"B_p100","t3",4.57672397636624,0.226329638919937,4.90967691491533,0.665853490528157,0.880778510722383,0.456062392126727,0.82527138120034,0.4874810158653,0.827953331506231,1.39277614993846
213,"B_p100","t3",1.75803489548952,0.0733839728184311,4.63193382636927,0.972039868647627,0.969610884345191,0.932391052890101,0.947544642516204,0.932637314951199,0.951056385971284,1.48018115488615
214,"B_p100","t3",1.91450012447739,1.19160917608599,4.60329933133728,0.959846847994256,0.455727316606277,0.906443477170223,0.312904160713125,0.913364802976592,0.339099929132431,1.40115769660955
215,"B_p100","t3",3.14052842019654,1.82090437671812,4.70670249525063,0.838012757853128,0.301345362298719,0.696852745876422,0.183459159711759,0.720894082801511,0.196425567849231,1.34960978788872
216,"B_p100","t3",5.89381499446363,0.812249363533549,4.74986922861934,0.455757526178116,0.597668095885659,0.243162486169224,0.472916176043779,0.269644729408468,0.495782215189712,1.32428991993416
217,"B_p100","t3",6.98475696817153,1.42472051847044,4.38724076628697,0.316592746563822,0.402810721329769,0.126347665595625,0.250370351455993,0.120977774642952,0.261124377504864,1.62114303075023
218,"B_p100","t3",6.09109294340914,1.22522951726421,4.65812537483455,0.422666034315223,0.44057174580615,0.219939266308449,0.293235448098984,0.233608878425819,0.326914305060963,1.38533866569441
219,"B_p100","t3",3.94515466499861,0.529470528064126,4.83756666271497,0.738714905207388,0.73127698992922,0.556409632885351,0.626121143700648,0.588815721345732,0.658665881059642,1.24789933038412
220,"B_p100","t3",2.67092839967651,0.0539325759176026,4.58540457888348,0.893568197812473,0.976207139903962,0.781220799550113,0.962119459686907,0.793338978834965,0.964067532782855,1.38616091069764
221,"B_p100","t3",7.66694287053715,1.39099612346272,4.63518661242827,0.248645607313358,0.388105900301135,0.0871318141655163,0.249480073055183,0.104291328718647,0.268307945054094,1.39509824687433
222,"B_p100","t3",1.19551572905112,0.237611122042497,4.66669461835512,0.991902043204863,0.873767254940735,0.978001619887397,0.804546264298297,0.980025114566657,0.815896781004212,1.45488258213045
223,"B_p100","t3",2.05475733987127,0.437466909025388,5.11368645074232,0.95307513549335,0.760968075278522,0.900525922572024,0.677060760242551,0.921093292564715,0.706766747804188,1.13446302053127
224,"B_p100","t3",8.08934596345477,1.66541313421877,4.58911219886333,0.215785792154685,0.335084097748468,0.0711258098723135,0.201316083963391,0.0797114049941881,0.211430689022557,1.49165875471223
225,"B_p100","t3",5.40585300613661,1.89219505120825,5.10697929944995,0.521789833380934,0.274039371747237,0.334937567936815,0.16596462207917,0.388317910314185,0.206759468283442,1.08495028290421
226,"B_p100","t3",5.31135674405724,0.431705450904695,4.75149010254425,0.530594078460157,0.763600002954048,0.314844187971953,0.673858579700941,0.346550071094483,0.690220747017229,1.32361999934578
227,"B_p100","t3",3.11164674443881,0.340293928199269,4.80770499860112,0.843826875773878,0.812071135206485,0.706442744652821,0.7183235276268,0.738646421967077,0.750974461100222,1.28660054082649
228,"B_p100","t3",6.53469971247133,0.541788566328756,4.7690265732257,0.374435513760769,0.695710654417678,0.189572623942902,0.589869493397928,0.203535519768147,0.61216189746981,1.31291661407031
229,"B_p100","t3",2.725784092649,0.25770065437213,4.78020517061141,0.892073450400753,0.86052398005951,0.779229986691151,0.793278517433363,0.803998837992458,0.812996881195938,1.29269889699317
230,"B_p100","t3",2.95112630596854,0.684665867938909,4.66117210979418,0.868656020960639,0.644947473588421,0.751051717020299,0.527079126591876,0.749743863558613,0.526087810436116,1.50822701082612
231,"B_p100","t3",8.0923148421077,5.77020502883234,4.66025014634959,0.219330206368872,0.0239894224314486,0.0754352779154673,0.00428007772592265,0.0845923779745688,0.0059018913068023,1.42961948925471
232,"B_p100","t3",3.89674694164576,0.294835782757312,5.26244229931316,0.753570374125795,0.838801479852712,0.595543438076913,0.7734098190263,0.655778357572094,0.804054695235966,1.02222944214423
233,"B_p100","t3",4.01920860701492,1.25280857406006,4.52876727042184,0.7320067498919,0.462315673651969,0.518235881053681,0.316852940966444,0.525743492004203,0.324342669355952,1.56270744587592
234,"B_p100","t3",3.74485684166227,1.94650773309438,4.68045403608209,0.747993839891322,0.285281295991872,0.571881360462914,0.171755119755576,0.602428708183728,0.197338856200143,1.23767599471982
235,"B_p100","t3",5.92158958075815,1.10353588930815,4.45802934604128,0.454077692405469,0.48357157302641,0.222058291611246,0.320339205953008,0.223253628524747,0.348219140400197,1.561054865151
236,"B_p100","t3",2.3603134755993,1.68581259116351,4.66686665734582,0.921054869617164,0.329482670282762,0.832719187364503,0.184223774701633,0.852707021138718,0.215644226869514,1.34943225418765
237,"B_p100","t3",6.82213508569027,1.59110200022819,5.00954965438494,0.345187312845946,0.347318685837457,0.167748023652715,0.230447460073755,0.207060366568885,0.261082602646677,1.16651500489892
238,"B_p100","t3",2.76285323581424,0.0869790640230246,5.02552429355691,0.888484870877423,0.962430559142578,0.778893836186374,0.936795962407988,0.820301636048229,0.948983710587616,1.13560169304002
239,"B_p100","t3",4.95210896347513,1.85470192343303,4.82589155034208,0.593775570214409,0.304421069334443,0.389321421224602,0.184995748323093,0.412846345025564,0.20485256854403,1.46873922215789
240,"B_p100","t3",7.41777371087235,3.39183945738278,5.11897003002523,0.287173924174346,0.100260069173399,0.134137388776583,0.0404256139778836,0.169848585599375,0.058799841291836,1.11536440285498
241,"B_p100","t3",3.53551250279165,1.77526889159818,4.98544931552126,0.786106653459679,0.301440189032371,0.640942831754268,0.186428915024254,0.683526157233566,0.227483135306474,1.10005650477854
242,"B_p100","t3",8.25684841975551,0.896744090208398,5.0629967951758,0.198916966244804,0.572605364347445,0.0818532310647999,0.454679517168458,0.110356322034947,0.486309927983232,1.15911535164173
243,"B_p100","t3",5.45801295598581,0.979070843571458,4.9850255192314,0.508823218080646,0.530051050498558,0.304145212840964,0.390395474246085,0.362260737387674,0.452326937494914,1.12503921693296
244,"B_p100","t3",3.80747835852463,1.98420396494562,4.78062665369938,0.754936225334476,0.263539441653523,0.568968467483834,0.149575544903299,0.605478612306102,0.174964123620016,1.27634536354878
245,"B_p100","t3",3.450754537938,1.99335977507251,4.73225327152161,0.803729619642891,0.270165738330003,0.645635684849231,0.13825487339258,0.664613590389622,0.168503308170086,1.34830773887199
246,"B_p100","t3",2.48820889907761,0.482274468164241,4.85451560331447,0.911779154844228,0.730394523935633,0.824081435327425,0.639635041611866,0.847443943014257,0.662497300759313,1.23866794612705
247,"B_p100","t3",2.97795307304807,2.01367458967759,4.39629357129514,0.86350168786511,0.271036043783456,0.712816463721806,0.127511032209232,0.711740558126014,0.140220707287892,1.65793312157798
248,"B_p100","t3",4.53238197963633,0.332386265810273,4.60420848596766,0.640397559530647,0.823209014896985,0.421171862450448,0.740547811062346,0.445290685248456,0.759239072990863,1.36469844765544
249,"B_p100","t3",3.36008714225733,2.3126993952575,5.04239251766028,0.813294994035064,0.211744762758624,0.667099213717352,0.109655542339578,0.72158424748541,0.140947426042253,1.15880463015818
250,"B_p100","t3",14.8754424247572,1.21665042676546,4.87512457574461,0.0138815343679682,0.461219131300272,0.00151711559355694,0.327030012688179,0.0020409100513572,0.332989210809261,1.38401506027518
251,"B_p100","t3",0.728272224442997,0.19890992791952,4.5228615677639,0.998566079359784,0.893576113828614,0.995504716050765,0.829634006043269,0.995965763928478,0.848143798221325,1.46604447314341
252,"B_p100","t3",4.28181533749635,1.46038214932079,4.55062096346551,0.680104440218702,0.382255792090144,0.466672824801019,0.2316725670072,0.480251380870557,0.258029260061885,1.46881189777432
253,"B_p100","t3",7.36427779156467,0.344260410242563,4.56575982533761,0.294032615597282,0.820963923235463,0.107589055920363,0.734437746572938,0.11486120833108,0.748380092764972,1.48258894076939
254,"B_p100","t3",7.82617040068287,2.70380840994459,4.78933406747863,0.235372820809784,0.162452849528122,0.0880535003027936,0.0733573321971065,0.109321865621528,0.0907948917830871,1.29287682125323
255,"B_p100","t3",4.30754612701782,1.47187068805643,4.55008018442048,0.672695301650267,0.383877375474606,0.467094319745148,0.239357025832289,0.475394247518701,0.247393784788368,1.46661142515569
256,"B_p100","t3",2.26944849353522,1.29682713666929,4.61983381412472,0.932927151689418,0.420617247131648,0.85247002659606,0.282749687188354,0.864324803412388,0.31349024186452,1.32968702316219
257,"B_p100","t3",3.88920994881327,0.591485027753258,4.87321572212767,0.748531194566126,0.69567795968398,0.575836024616605,0.574728507743938,0.604018621047908,0.61262172270441,1.31420835991609
258,"B_p100","t3",4.94649492466866,1.11493644063954,4.72716199184142,0.580281161299357,0.464599958473252,0.375038151618824,0.329065019337956,0.397082936887658,0.353195011446925,1.35780539808107
259,"B_p100","t3",4.26240915233057,1.26035347666971,5.02444104464208,0.696537716436372,0.441696713360336,0.514655587168604,0.313526973818804,0.559168311640187,0.346261028956548,1.21988086222784
260,"B_p100","t3",5.82758074977885,0.819996167136257,4.89601263168233,0.4696116634776,0.579834738150221,0.262846442921928,0.463965691674379,0.299345151968046,0.500596401754065,1.19706506728268
261,"B_p100","t3",4.14002571418558,1.31509536510221,4.5847772840595,0.688159707202498,0.419649482512967,0.489949299657453,0.282100416795756,0.512377016166939,0.322807665303653,1.28370382850385
262,"B_p100","t3",3.34277427603378,1.75628115787767,4.73801128929855,0.820407944966398,0.313109254320212,0.665834046766849,0.177972314104284,0.68697374860697,0.200721099924839,1.39404673734367
263,"B_p100","t3",4.05508107363083,0.53573260433343,4.99097659595562,0.721001705800104,0.710684453849096,0.541046722366812,0.605686388900358,0.591516197144777,0.646307230632029,1.16466268585217
264,"B_p100","t3",5.62992847791925,0.751236894877692,4.40618983136307,0.474265058325162,0.619211061631332,0.254614819590117,0.50059920402098,0.249314024573396,0.498899125210471,1.53672592644472
265,"B_p100","t3",15.6660283662296,0.254817388228903,4.85324937344212,0.0097976147994947,0.87273666267464,0.00102845611826508,0.806876274700337,0.00116689805530634,0.820677176094222,1.36076516423935
266,"B_p100","t3",5.39006325998213,0.196137302722345,4.92679303421903,0.525780645388011,0.895552680681796,0.31999340686589,0.83661654438342,0.362935564442784,0.857448112634219,1.27203647603258
267,"B_p100","t3",6.83687743760491,0.674523738708798,4.12102961547604,0.330006923024735,0.652215400366039,0.137534249057703,0.519049559332971,0.10279009901046,0.505099632420598,1.82021342606077
268,"B_p100","t3",9.2534802385028,2.34781101383582,4.48164678247777,0.14766249309308,0.211913009005729,0.0385535309983749,0.091814045905391,0.0358252177523503,0.0985642071032949,1.62214006337836
269,"B_p100","t3",3.1268431675171,1.25111200853243,4.58023679839991,0.841861019678856,0.453787977001686,0.696740763145025,0.309084042412904,0.707602822170788,0.334846577309572,1.39494700976148
270,"B_p100","t3",2.56676803626089,1.46732679140267,4.96057453446201,0.912377763188147,0.397235743372685,0.823311414515977,0.255531737233885,0.845314859329034,0.298549369457491,1.26921596119201
271,"B_p100","t3",2.79199670661451,0.938577952621425,4.71029866169306,0.889597459983806,0.551773406164294,0.770787277127208,0.421178718268199,0.78517850941073,0.444649071380652,1.37521009429368
272,"B_p100","t3",8.12442114714283,0.223882176272182,4.57799456921051,0.221916319517954,0.879433626450447,0.0718994810783897,0.821825035039736,0.0764498122560929,0.829987200350386,1.44481675134714
273,"B_p100","t3",7.75866969197531,0.758639189912175,4.93330667434124,0.254196427260195,0.625961709553537,0.101385422133291,0.518210970728785,0.126842270552621,0.541795637200191,1.23853895168046
274,"B_p100","t3",1.92726071203556,0.288877280818052,4.73048807298119,0.958143052273033,0.841417991467472,0.907220872242656,0.771387614005115,0.918125327421589,0.792521060880527,1.22886006018892
275,"B_p100","t3",6.12504453834134,0.066890622478528,4.84881145974344,0.432310957347367,0.972869479391523,0.226647122056586,0.956131966343815,0.257090629105335,0.959638873880523,1.31863440911259
276,"B_p100","t3",5.29401635479731,0.293358779017512,4.38777008752448,0.527051677435573,0.838190431675011,0.298428707895037,0.756278223727353,0.289485057381361,0.748729782950263,1.63293490792001
277,"B_p100","t3",6.99967727435028,1.04958566991919,4.76944008868409,0.30277343983711,0.500821646009175,0.135532567996211,0.364757205557263,0.162925927476835,0.399281226878576,1.26067919725993
278,"B_p100","t3",3.49438765330636,1.01800408860148,4.15681161016801,0.7989554978751,0.524580380649247,0.611894359330986,0.380605494752356,0.566256684127676,0.359434425400011,1.74901736962672
279,"B_p100","t3",4.728849916619,0.30535220771579,4.67305301446834,0.612458323823063,0.823718749107065,0.401009991731365,0.749219849097268,0.423567370623862,0.762785113464855,1.35086355196055
280,"B_p100","t3",6.80548321532223,5.30785971552152,4.04176441677139,0.333807025645638,0.0264123122944544,0.133222703739729,0.00439484157715553,0.0965055845745285,0.0028440289272883,1.93602702645854
281,"B_p100","t3",3.22297351776168,0.204164263727575,4.85403816546111,0.832069444891406,0.890117103321669,0.690850160878113,0.830287906852041,0.724292285054117,0.851802981921105,1.24906333434192
282,"B_p100","t3",6.82183085097075,2.56923679854026,4.69622002804041,0.341578766008852,0.181556227436522,0.160371589329984,0.0862451834059926,0.168588649689588,0.0970373499000363,1.40618288002803
283,"B_p100","t3",5.2631571860656,0.913713894189739,4.36866994824641,0.548226114526386,0.566142711695957,0.314122576653614,0.424733883323552,0.290621293739686,0.424957429015373,1.65304039891627
284,"B_p100","t3",3.12335592890307,0.502918102271378,4.92172682593926,0.841989816608396,0.720614397458179,0.715729238941193,0.62840108842427,0.750110394740443,0.659629870615516,1.18114394646305
285,"B_p100","t3",3.01777583525442,0.748632043849905,4.43758555269464,0.857299632120902,0.626609972115223,0.706687252605645,0.490464838834248,0.708472777499224,0.488928238360579,1.57532565747284
286,"B_p100","t3",3.89671082416404,0.52744379347679,4.25889449173636,0.746210507340879,0.715801946245858,0.533861396089984,0.592765292782894,0.501544707933057,0.58270779687464,1.82502637086346
287,"B_p100","t3",2.75754828591804,0.157579771891579,4.97737117818989,0.895665075806017,0.918177675019591,0.796173863112276,0.879111354994776,0.81681386223488,0.887359900291835,1.24548227470605
288,"B_p100","t3",2.97016436712341,0.234656441525555,4.60456164500036,0.864085094814245,0.868532107603606,0.726233950601379,0.809001196606254,0.740628968789138,0.817519499806763,1.42051865999162
289,"B_p100","t3",2.79697330078986,0.19774595757205,4.41548904132891,0.887457930112036,0.893048084949968,0.761735870185077,0.833686515561787,0.748944168026322,0.826831858198007,1.70667193114169
290,"B_p100","t3",3.2618767442664,0.605193565597747,4.65034614667528,0.830821358872504,0.671853110774215,0.680560904898068,0.560205949159318,0.689516144262075,0.561795299879579,1.51133004153128
291,"B_p100","t3",6.13834016295049,3.13685545587145,4.44732111861666,0.418008348474204,0.125312731741725,0.202007848690504,0.0500827100779067,0.198935358922697,0.0519683444417633,1.52117439682575
292,"B_p100","t3",8.20637436750852,0.357034580664731,4.80946923613271,0.202402360404289,0.807458103616852,0.0745673271601726,0.73116248931689,0.0910079947322849,0.750268016696815,1.27699298051372
293,"B_p100","t3",7.28659463655125,1.38920997275301,4.5864799086119,0.290959548566417,0.408861118477591,0.1192494268847,0.266555613279023,0.121841723120144,0.279664456697847,1.52825579133794
294,"B_p100","t3",4.60394044134946,0.677635383505724,4.70062957791623,0.623652714545042,0.650771009646053,0.414604441856591,0.53259249236389,0.448978776426416,0.555821607636626,1.3626648987393
295,"B_p100","t3",3.34365203166064,1.12929493457603,4.69389928641198,0.814864655209182,0.484701931816091,0.656147757666438,0.346743195693434,0.681228598926346,0.36885267845227,1.35719338583214
296,"B_p100","t3",10.6687168831192,1.91472966736704,5.39526119302759,0.0893720817642771,0.305564090444773,0.0267922318758971,0.195216984560228,0.0447209202360069,0.24808238786594,0.942161851132601
297,"B_p100","t3",2.95311160551435,2.23940365715966,4.55743357692552,0.859102249354152,0.223475143987872,0.720082834774185,0.115044061311897,0.738313330556927,0.130814417257141,1.36799435102385
298,"B_p100","t3",1.37068381880998,0.434153380667712,4.37001049026295,0.987133895950565,0.762522994197786,0.963536334291042,0.644087485528595,0.961223294188941,0.636898704267856,1.75454421579602
299,"B_p100","t3",8.20520435831482,5.07517843482255,4.80381211452514,0.214806878705245,0.0415208462049199,0.0781455263970039,0.00955966564447408,0.0907399221695302,0.0131474492503177,1.3276301538987
300,"B_p100","t3",1.82116443657679,0.983708009768771,4.39099418760913,0.965714437059257,0.538102008039511,0.91499646926004,0.384204077059361,0.913386253033918,0.393452022885255,1.57060343244698
301,"B_p100","t3",3.98066916806165,0.852569528644654,4.70100761259886,0.733709272220975,0.574578084319195,0.544938143942109,0.45144678482286,0.560326377787653,0.460974144185355,1.41237275061176
302,"B_p100","t3",4.18510866295888,2.65782275017848,4.6054110788773,0.700973845046214,0.171487706456038,0.494159735952429,0.075950565268871,0.507387300103682,0.0859524289086124,1.44483761361447
303,"B_p100","t3",6.3909656816413,0.547210552187409,4.47764242700603,0.388332491091103,0.702899438158723,0.180767806427128,0.584558109087172,0.178946524154153,0.58400499393478,1.54581897210034
304,"B_p100","t3",11.2991907502011,0.1748693953838,4.68678792751769,0.0565356404393326,0.906993894163734,0.00999285068802425,0.858208505749861,0.0133869415941424,0.870392496845223,1.34939376137332
305,"B_p100","t3",4.02496360347502,0.111074095759163,5.06317485437379,0.727831793298232,0.952341641255164,0.552091635203213,0.921061815488109,0.607009331283962,0.933278587904018,1.13580528542786
306,"B_p100","t3",13.3771267488573,5.61307839764084,4.51698404655484,0.0205013801567119,0.0202781091833049,0.00243220181403769,0.00352414255484379,0.00264481181471599,0.0049503689631627,1.40622690171451
307,"B_p100","t3",3.14850059196111,0.754011573101136,4.57417843760298,0.835738220877952,0.60023885570576,0.686800070340992,0.466668699730428,0.701339462210406,0.485415794879808,1.42926594503606
308,"B_p100","t3",5.28012807889771,1.34058755891914,4.94260228217087,0.551278922977712,0.428770174903298,0.345559573821509,0.302115123955023,0.381492241369552,0.331496814309839,1.25134639439534
309,"B_p100","t3",8.04173022158696,0.616602688572477,4.64869547696911,0.226722297734787,0.666696088100405,0.0791223665208312,0.557674304748956,0.0860061020839998,0.576762476828939,1.38079126090985
310,"B_p100","t3",7.24618917409583,0.228559317406996,5.25571250002366,0.304583592165543,0.880253556787122,0.150529315345243,0.825258381242159,0.199404750913783,0.851702184330181,1.04064682266891
311,"B_p100","t3",5.68049465602594,1.09378634362012,4.94842171834115,0.504483903255751,0.505049477206084,0.294920028529842,0.380549247422669,0.326458956843647,0.407799367525699,1.2736321659434
312,"B_p100","t3",3.32919158804494,0.87137424404475,4.73757000054876,0.818569690917254,0.559618101525238,0.660615939909653,0.422089223157616,0.68934984851525,0.454037607882143,1.33294349652446
313,"B_p100","t3",1.99044082127647,0.227756456092606,4.902875468705,0.954776051004514,0.87327484336111,0.900688866345429,0.809095281661972,0.918219652450823,0.830423478013175,1.22830387063802
314,"B_p100","t3",5.8360857891415,3.5904291249925,5.0061484973649,0.474227122550093,0.099145822071856,0.264245576873797,0.0324512553597163,0.314946058413183,0.0514402522817017,1.19722336164266
315,"B_p100","t3",2.23199664415476,1.30412357986892,4.39492708455607,0.941656324432918,0.425665666379018,0.863561798186665,0.276243157200897,0.851863022282129,0.276959882875238,1.63500681635422
316,"B_p100","t3",2.11113484550338,0.574643688162698,5.27920541988897,0.948741147602048,0.693523489859031,0.894169396667168,0.591917854033842,0.922198573281673,0.642603574835297,0.994288335068835
317,"B_p100","t3",1.14089496941787,0.496934290038872,4.88385916292749,0.992710567609898,0.735251957915918,0.982001618383679,0.648654399592759,0.985303014348293,0.67489729376088,1.15797176557515
318,"B_p100","t3",4.10246482877154,1.08280408072181,4.69999076781524,0.702476072572353,0.489515735687465,0.510290586193112,0.352451566941115,0.537607660604226,0.371970409017285,1.34181213606397
319,"B_p100","t3",4.74070895294774,0.407768648965081,4.97036602074413,0.622103879463648,0.779156325480708,0.4249559405901,0.698788673157475,0.469846270364075,0.722581090047538,1.18703315001804
320,"B_p100","t3",2.86311545852792,1.34267462232697,4.97397379939449,0.878108868732131,0.421808512770095,0.772373941301392,0.293442812112105,0.799533294218608,0.334352935675234,1.16888218493522
321,"B_p100","t3",2.45784823511456,0.0983774743038257,4.45283239908526,0.913583836187065,0.9568532032793,0.818643971484516,0.925718845651662,0.818459470791294,0.928739240705177,1.53736264427449
322,"B_p100","t3",4.86698391213554,0.341338145688498,4.81040609942594,0.59344866094665,0.815899801697215,0.389154088690013,0.739470776397707,0.423464798172115,0.750856376317754,1.28769051089607
323,"B_p100","t3",5.03630995905645,2.51465939481874,3.61696169161557,0.57947840310197,0.201167267292303,0.312203038755264,0.0782912415125342,0.193579776874166,0.050137031515642,2.31359155936952
324,"B_p100","t3",3.84466705855403,1.66038790821128,4.58795902472569,0.745835751914307,0.327212988290602,0.549902276691918,0.195046044460291,0.568349545507176,0.204355404760866,1.46213077697011
325,"B_p100","t3",6.15343919752166,0.716776541179461,4.42334385096951,0.410642396597279,0.633405930528846,0.200837768510461,0.507590072888934,0.194269845131106,0.5159311267052,1.49928648183207
326,"B_p100","t3",4.04193970053751,0.173910219263956,4.70290519509534,0.715208735178901,0.909296639804496,0.529384186037364,0.861788003928259,0.549044595158561,0.867828102774301,1.38217372145153
327,"B_p100","t3",8.07325245993266,0.359597028212799,4.694563441919,0.212203639545388,0.798714173163884,0.0766378101418128,0.722536819245052,0.0885723045718582,0.735110443317982,1.36705223823568
328,"B_p100","t3",4.26101270580348,0.407125529611455,4.89271726011043,0.689042659533609,0.784110576200281,0.489900311955131,0.700178708319806,0.539554758854523,0.718361963809866,1.28135042404772
329,"B_p100","t3",3.87765341572468,1.40187795308906,4.75910895236609,0.747699403330138,0.404664131639843,0.57585664399489,0.273499947520252,0.589070857698195,0.294324946320108,1.3757950147816
330,"B_p100","t3",6.63299444943211,0.331616209100301,4.86468690050923,0.370337394356789,0.821319912890276,0.186918080470047,0.744920856030087,0.206575057154748,0.763960739603588,1.30573131620574
331,"B_p100","t3",6.28048108631227,2.05226834001947,5.01345791439507,0.392426794602485,0.260830753449037,0.209208109967241,0.160258765739933,0.262735309392812,0.196073779180747,1.07502530890822
332,"B_p100","t3",5.01368016018908,0.356265575578365,4.50249256683193,0.562779629494419,0.802398570090624,0.331340713789807,0.717656612993118,0.349363055296728,0.728336677352126,1.4682888795632
333,"B_p100","t3",3.71878184861537,0.74990670847594,4.8475937695947,0.785125679287024,0.627203640707152,0.60954399242542,0.498582729093579,0.632256562778371,0.530439670181694,1.37405371389712
334,"B_p100","t3",5.47094227895652,3.10920922784667,4.79473215762399,0.508759351820962,0.112862456972712,0.293856190498002,0.0449889656428734,0.330722661716605,0.0563713054905908,1.27262479024804
335,"B_p100","t3",6.21175716509041,1.52444268355163,5.02471800106083,0.404755941338098,0.379479661353007,0.225179227440697,0.265528386792025,0.272274564737417,0.300945383410616,1.09014335080026
336,"B_p100","t3",8.04598643609982,1.99379187565369,4.49555219953202,0.214613434657617,0.271004346917581,0.0690351525671595,0.143875694874812,0.0738828876117235,0.150559081552409,1.5161005239673
337,"B_p100","t3",5.32768895680003,2.16521890052166,4.51735760858377,0.522796360130475,0.238508823264372,0.298338312794558,0.111812503609543,0.306379289506345,0.121078832479708,1.50731294277801
338,"B_p100","t3",6.35977899796866,0.160371376819897,5.07103108481877,0.380603271042955,0.919594763849263,0.210683428074288,0.883327484792576,0.261995975752374,0.896171772078047,1.13393867541536
339,"B_p100","t3",3.46358427173685,2.22612696361037,5.00781306984489,0.800502724127156,0.227230218663588,0.647623184768419,0.122270922275488,0.699285084495389,0.157495417875951,1.10785521720922
340,"B_p100","t3",10.2667686263269,5.55630765862016,4.66986998406027,0.0943460898009104,0.025289957166291,0.0226028310194594,0.00535482059814241,0.0247237350442358,0.00589887625224583,1.41781793617435
341,"B_p100","t3",6.61509542234997,1.23272040691123,4.9221884653076,0.372114477638248,0.459180309555446,0.17888495938436,0.316409780741628,0.215724839573809,0.359836996023897,1.22121729320816
342,"B_p100","t3",3.01775684116497,0.275888238747364,4.53482470619256,0.858037400966602,0.854166542861072,0.712686596644388,0.778376827710705,0.72262884924654,0.787231777395106,1.5142625290015
343,"B_p100","t3",5.49253952137445,1.75914030044078,4.49890231386641,0.516867161333085,0.314170377451993,0.29034230320889,0.17604282048583,0.281154130287149,0.174483073208226,1.63403576522837
344,"B_p100","t3",5.48790347789741,0.00799593812131458,4.60336923380778,0.508891349680929,0.998674709506963,0.290158010078164,0.997665754890744,0.298354832761429,0.997685657572289,1.44286297934004
345,"B_p100","t3",8.57559075524637,5.8867932794668,4.8677512576418,0.187763628558752,0.0235974966895385,0.0622634063294716,0.00587833391874826,0.0796034326768806,0.00744358842163162,1.24620221776972
346,"B_p100","t3",4.39943330767144,0.0953910663290109,4.98588197743943,0.674660718929983,0.959111205139346,0.475715800799564,0.932298987960545,0.530048887440786,0.943702083868607,1.21424087744526
347,"B_p100","t3",2.59497439532517,0.0236767320681747,4.83679162160053,0.907907460511629,0.993417253660648,0.811724098343846,0.987998518933402,0.830356291474469,0.989614141048409,1.36096421097444
348,"B_p100","t3",7.30784414531779,0.0996611761838219,4.63511234571575,0.280800783982566,0.94966143314358,0.113685576081993,0.919639870515284,0.125725549958159,0.929746407355967,1.30991056800777
349,"B_p100","t3",13.4513762221612,2.28345446937657,4.64984460887788,0.0216796604795804,0.207234449080968,0.00292160205263947,0.0987073688555284,0.00336421757765692,0.106322157804033,1.44385098785351
350,"B_p100","t3",7.15885416780637,0.458716992349537,5.15655659200598,0.299078248495709,0.751366097736661,0.143190042091871,0.663581070554796,0.194888408107716,0.703421908931788,1.03452705607594
351,"B_p100","t3",1.84531092612456,0.92313432772044,5.00596243918137,0.96524946937533,0.554413585452509,0.925389434187176,0.435936270014541,0.938715192895218,0.476469512461502,1.15581233415567
352,"B_p100","t3",6.61906238624651,0.17624090930648,4.36069341279061,0.357266436749754,0.91214146299634,0.163394741289557,0.861879768080386,0.144777300450715,0.859589325552245,1.60962746534056
353,"B_p100","t3",2.83545645657944,1.06457772049844,4.54051832090107,0.87914122140297,0.500645139989213,0.748609318668845,0.357382542542608,0.758201491671546,0.381518089232919,1.4599161223168
354,"B_p100","t3",8.60844982349864,0.531800989796567,4.68642282149343,0.182857794533091,0.713391560647833,0.0562699024809228,0.596297843165057,0.0658922150739348,0.618448384237037,1.41124186576607
355,"B_p100","t3",9.19900637809965,3.4419761562535,4.80717992311346,0.144816411109967,0.103678253011902,0.0537193400980289,0.0447328970588303,0.0531684450212555,0.0533286436532481,1.31748007658119
356,"B_p100","t3",3.88845176261277,0.673785426155866,4.72517993922283,0.735091854348389,0.653530952917028,0.545789509763619,0.519594435800536,0.580742348300419,0.548365227226172,1.38400729588634
357,"B_p100","t3",4.42487979662865,0.563356589294682,5.46784336964003,0.672139486828173,0.699824206221647,0.520380138274891,0.6150572841099,0.593422398108476,0.653406125476684,0.940876559305596
358,"B_p100","t3",4.85018784864812,1.12982866584367,5.30401745076462,0.583968847016344,0.490169290878233,0.411746211421555,0.382838083773297,0.502593906689322,0.443452023165886,0.882466720860959
359,"B_p100","t3",5.52921478231125,1.00852064229707,4.65544114737371,0.504297814812827,0.528833904719779,0.288740971838353,0.391190124249736,0.301114287123801,0.41707000272125,1.36675260961551
360,"B_p100","t3",4.33823324958067,2.54585647320717,4.86707246894911,0.678231125369074,0.191809232928664,0.49402157393158,0.0863331219353509,0.522097680461823,0.105143305278224,1.33255851179279
361,"B_p100","t3",4.62967662885018,0.446323292104635,4.33064980744227,0.637228866350721,0.753735647756896,0.398809746470808,0.642653640417306,0.380497274836874,0.643078171474231,1.68676883275645
362,"B_p100","t3",5.9426595197277,0.881908753175118,4.71711018469551,0.437867671022447,0.564243597439894,0.228729288964999,0.426308883381947,0.259015588659842,0.462878480961014,1.32546328754959
363,"B_p100","t3",5.86949014622317,1.3965115790962,5.01251661245528,0.455206179230709,0.39479398664473,0.260010037908236,0.266851461686264,0.311435699356142,0.312633366342004,1.18593942416222
364,"B_p100","t3",5.33847373647087,0.648170164538029,3.94384874038929,0.519240467521772,0.645230496085483,0.294112363209438,0.513923088739179,0.211159100314796,0.491915640039804,2.12286848582037
365,"B_p100","t3",2.97270459045951,1.07970002833208,4.63918724492473,0.861719995639574,0.482324495684646,0.731805821077449,0.355699242840743,0.743833976959854,0.367382832619183,1.39471124679629
366,"B_p100","t3",8.99165505622451,2.24119914401591,4.69781917473134,0.13788833574828,0.209292663632345,0.0442961578973761,0.104656985386117,0.0536252230596299,0.118736842729305,1.3057788562267
367,"B_p100","t3",3.74808990702205,0.537572626483849,5.29873393685396,0.762370240051074,0.706277908393911,0.6234086367639,0.614476624824358,0.686491035221318,0.666562430571759,0.89397902409261
368,"B_p100","t3",3.89497093823849,1.29413621984966,4.91681304261741,0.743979925580492,0.432926435082127,0.569283144671196,0.292665261126439,0.609030976659554,0.33766442774046,1.22145053219712
369,"B_p100","t3",9.00393319019254,0.153681312399959,5.10627868963986,0.165806463650773,0.924551893397363,0.0610117914169073,0.885462353801694,0.0787880030222072,0.900836477580073,1.14865764545693
370,"B_p100","t3",9.02810652382796,1.47335323601696,4.95606232124709,0.149763928574914,0.369565341367691,0.0566834988330123,0.244707678479209,0.0685925348576069,0.275328313965289,1.22000030078044
371,"B_p100","t3",3.97375491234139,0.158047140402082,5.17823974353641,0.727453862626216,0.922290407371481,0.564514007258469,0.885640556009852,0.631896100135442,0.901448647784498,1.05471176347643
372,"B_p100","t3",2.39111342311591,0.478769524855736,4.83073427808258,0.928158399110486,0.745821648742329,0.850250250596902,0.649243882389414,0.861099482866342,0.669693932754937,1.32497459151441
373,"B_p100","t3",4.72248534081879,2.2979351546876,4.36392816083072,0.623993023979633,0.219758822180256,0.376290479670726,0.104236704269893,0.371328241435448,0.109998078373101,1.59070188454323
374,"B_p100","t3",4.18085356134111,2.33732439777927,4.894936830877,0.697516268561413,0.225422991193779,0.513882159045038,0.111910048647167,0.554707878866467,0.14467631480293,1.26268609055396
375,"B_p100","t3",4.1537470780162,0.968515214368829,4.80231598916921,0.71715674469925,0.531662731154513,0.522258406998917,0.386683163214338,0.544794483031271,0.430299073167067,1.32838920840132
376,"B_p100","t3",2.61198444585907,0.361361417994329,4.97437368863023,0.908267208571944,0.814584166112069,0.819107867362478,0.733420796744991,0.839798188176511,0.757725701557268,1.26219894024653
377,"B_p100","t3",3.82497974150022,0.124334283851808,4.64406347624025,0.756214121434867,0.938779457353055,0.570296843617692,0.899065612445984,0.580991911533913,0.906837363283055,1.43270353834432
378,"B_p100","t3",2.7257459494218,1.74760258039072,4.99885542597748,0.884667343844255,0.298089891333181,0.780877786191844,0.189422455578654,0.823724221328439,0.229886290563523,1.04706479993187
379,"B_p100","t3",5.15875697716068,2.59031335422446,4.50523271619978,0.549694583710192,0.180103811622507,0.320737835745962,0.0820890063053172,0.328163637925504,0.0931674922185097,1.47523652836577
380,"B_p100","t3",2.07345014572794,0.598168563171274,4.67134098668831,0.950105681321263,0.683926576012597,0.88882604671694,0.576035019316712,0.895871317228812,0.593929002739883,1.36080061168615
381,"B_p100","t3",4.02430088753874,0.327262266779065,5.22873845246926,0.73799025199463,0.823198197226293,0.570468744018678,0.746843997342055,0.62952416622172,0.782145041277098,1.09827626952787
382,"B_p100","t3",1.7345422059138,0.862510062478341,5.02618995570704,0.97064970497443,0.58765713513128,0.93309081325898,0.476513711355591,0.949673893544215,0.528867551109264,1.04807281746275
383,"B_p100","t3",4.08833426361945,0.333299966347361,4.65865923139109,0.705765940707241,0.817440399936427,0.509599108962148,0.735891950810649,0.534214692601857,0.750125953836925,1.3603244468023
384,"B_p100","t3",5.02406383421973,0.248354443138777,4.85406369618707,0.572364470107941,0.866021624969121,0.358018695723347,0.794434317913643,0.405764482708862,0.819754558740556,1.26371214609862
385,"B_p100","t3",3.39166972940813,0.0854675495844714,4.98757037054608,0.822548079111465,0.961756532770988,0.676949928774089,0.939355699933825,0.709941346778086,0.945085902340877,1.25746673074487
386,"B_p100","t3",3.7187803038885,0.245632098097737,4.28647039493314,0.777442338004995,0.87096210206693,0.612467386778983,0.811090115056284,0.542873727875439,0.804327490604577,1.88270350948856
387,"B_p100","t3",2.34518775822584,0.100026955920183,4.39197312658079,0.928277214296598,0.95354471838783,0.834363096081014,0.922400712588238,0.831796083585648,0.921556437021285,1.62340839072127
388,"B_p100","t3",5.85891602963772,0.226676211475096,4.42963682167718,0.453511860684949,0.881231839784729,0.227182696307106,0.81731165014599,0.226084162206744,0.82366848246116,1.54520407964176
389,"B_p100","t3",8.4285615681333,2.93473689596846,4.87117437826394,0.199346195172959,0.15203296078013,0.0697217132552401,0.0634274994031102,0.0857677647182435,0.078633676586531,1.3130681923423
390,"B_p100","t3",6.79608690690728,0.745947876507648,4.88755172408793,0.347437375672939,0.613064990546332,0.163387644715651,0.489783120672969,0.194563185766693,0.52442070356506,1.26970610355817
391,"B_p100","t3",5.11596885155587,1.88335005463764,4.87095892005676,0.567775645950388,0.301489906742485,0.353652766448099,0.170739510615908,0.394352457386209,0.202895732149874,1.30991502816817
392,"B_p100","t3",4.28328008558336,1.3160942125675,4.38909965674521,0.683943922718825,0.417557223455113,0.476777175648991,0.274538785091157,0.451161647153867,0.263285165545155,1.65063651974962
393,"B_p100","t3",4.20083431002741,0.524682765431045,4.54029541257761,0.700685868848754,0.72787636418333,0.4842190444861,0.604926925808049,0.49258743256507,0.609559661315882,1.57693852073369
394,"B_p100","t3",2.82345413326402,0.878547278885486,4.40022363524695,0.882511860228938,0.567138639753307,0.741897065168808,0.414728229690275,0.743098213012769,0.422801310058121,1.61290543846801
395,"B_p100","t3",3.73021725185448,0.291890896015508,5.05809836068445,0.762285137081972,0.843133506518784,0.601925740229881,0.783629066958511,0.658685968594234,0.811207333071735,1.03601663400796
396,"B_p100","t3",3.18679074727056,0.372627283743502,4.65001670148026,0.841188879194083,0.787134891484821,0.700057442747146,0.711079141311519,0.703927330980589,0.706455182817366,1.46745071867839
397,"B_p100","t3",4.99579251888794,0.837188778558526,4.32731367487426,0.584002680263033,0.577258672351548,0.340220944465239,0.43971539839429,0.322150050638582,0.423929949235679,1.66510637338249
398,"B_p100","t3",6.49443601496436,0.252266319315312,4.42890629993479,0.36480127110319,0.859834536104342,0.160128157605615,0.792298964507535,0.163250483075345,0.797286162169086,1.49944764589841
399,"B_p100","t3",7.40052125650066,1.07419993821524,4.70732568656501,0.290760244356755,0.522206325206792,0.112181529305707,0.374101340632131,0.127013323807431,0.382663051449119,1.48943288813446
400,"B_p100","t3",3.56113463099268,0.449729242599044,4.16373652333194,0.780046523372019,0.755423080156971,0.580681269258419,0.651918180683694,0.553123637534446,0.632521800503466,1.75731306701863
1,"B_p100","binary",4.71699626145774,1.60207640445333,4.64621816412868,0.614673654627903,0.344483914580503,0.392309522818311,0.199073829291853,0.420724275075766,0.225526189231545,1.39822914603296
2,"B_p100","binary",2.73055648649743,0.692156515133308,4.69507864922634,0.889404146986968,0.640299503632768,0.774086190378788,0.519554409725835,0.794278449126057,0.539719737176588,1.37957422879052
3,"B_p100","binary",5.29042181378405,1.88910258658552,4.88933351038002,0.518391625630576,0.27544506835818,0.313789041920286,0.150894816579393,0.371331589635802,0.186938796909343,1.20998793947943
4,"B_p100","binary",4.27528329717314,1.11898033311428,4.96966055611208,0.680834661242998,0.492254719537608,0.488300941262566,0.372639084298176,0.548658369177969,0.410171035090174,1.16688495281084
5,"B_p100","binary",4.38416542880681,0.346854109439481,4.31172224902046,0.667104750106807,0.810277033096895,0.434116667451986,0.716439870130773,0.419813937337572,0.719836843387218,1.64929589390977
6,"B_p100","binary",4.46882580828732,1.28743882355866,4.26808076614791,0.650039691130358,0.44306646444066,0.401752706543031,0.291611578843385,0.397101590876408,0.296695973974726,1.60398479125685
7,"B_p100","binary",5.78414715553491,0.270094226311945,5.15267981700853,0.466525101256988,0.852447565002564,0.277862636555157,0.79915398418833,0.343399228497732,0.81966377415624,1.0806768235536
8,"B_p100","binary",11.8295583842087,1.16974204494856,4.58401780899369,0.0435828586990612,0.469590526664814,0.00629891339924304,0.331844524491437,0.00826097006333637,0.350369531034378,1.39070650122844
9,"B_p100","binary",4.37095982727203,3.77401840080727,4.56712391770889,0.655003515057021,0.0933104135519859,0.426892471231543,0.0288546156412799,0.467117251247201,0.0390011588037676,1.38175921684604
10,"B_p100","binary",3.12408980663811,1.91250061964574,4.72552558003095,0.8419829004872,0.311686200642845,0.697853591567243,0.175404489095092,0.726290248578091,0.206856285598731,1.31889097663845
11,"B_p100","binary",7.18110604851765,0.56567160027182,4.87048676624254,0.292987128304822,0.698557589239164,0.130547567251971,0.603749964833693,0.160105294255666,0.631254572731209,1.1943047411611
12,"B_p100","binary",7.10146426455035,2.24396408698041,4.54212008323906,0.319357749277386,0.239155847993175,0.125224173136375,0.114686358680306,0.130011937231933,0.121753283918678,1.58699532800678
13,"B_p100","binary",2.88081448475091,0.596017310337557,4.42422686874901,0.87132206799611,0.68839940919232,0.725473329576252,0.569747733557172,0.73572309599732,0.58799031493543,1.50128739294797
14,"B_p100","binary",3.14047252733844,1.27330518082725,4.65783811567406,0.847116170793018,0.454556593657632,0.693399390014338,0.310507461129208,0.714595483302208,0.325392120643842,1.42630054018859
15,"B_p100","binary",6.26835883040057,4.02163414232671,4.40694004451552,0.4047646383577,0.0804154423099851,0.178899308961156,0.0226821933323964,0.180842543992331,0.0230300662105465,1.58910219485137
16,"B_p100","binary",3.5404114943602,0.31292656226523,4.87319376559403,0.7946002018608,0.825242457372967,0.626500337860302,0.751725380855873,0.667991427376489,0.774028164855072,1.25351072156929
17,"B_p100","binary",3.13871711236896,1.98569286756907,4.36465880169937,0.831772854691781,0.258484274428595,0.66529664288284,0.130787384262379,0.674068637337467,0.140844041757362,1.54327695143641
18,"B_p100","binary",2.45170027162302,1.16904353169094,4.7205008447629,0.912819045586271,0.460019143187463,0.814262129162853,0.318094050463414,0.843405984284045,0.354456721540902,1.28002720127293
19,"B_p100","binary",1.48194721255216,0.0755481517583043,3.95929112862456,0.981516560635742,0.963833572346167,0.945584800215732,0.938619002541664,0.934554085929805,0.930576608378272,1.93779116904962
20,"B_p100","binary",4.82613836080907,0.128371950956566,4.81011857663269,0.586478878186455,0.935896838566907,0.376617117304192,0.900585713547652,0.430310070669786,0.913510480458058,1.23416237979938
21,"B_p100","binary",3.98309589450729,0.228952774465338,4.63549319260786,0.731596508987491,0.877103113647951,0.528477171455111,0.823052924111556,0.549543913777764,0.827382803388011,1.44380252985365
22,"B_p100","binary",6.14127990011132,2.83254002155471,4.96479812401031,0.428887690599512,0.162088540712541,0.226139231980842,0.0679355044001908,0.271988817780408,0.0935254818516169,1.21818528355293
23,"B_p100","binary",1.97809733790736,0.158781050318567,4.14178136652288,0.958229143360474,0.919095107693153,0.889707008875187,0.870896472604479,0.873116338066412,0.862752020556188,1.84294030141655
24,"B_p100","binary",1.90055677589755,0.100904264936405,4.76243872793945,0.961608425469665,0.94896842829216,0.909197139097506,0.923114650755603,0.922166303575285,0.925685884906514,1.34605388767332
25,"B_p100","binary",2.87474281121519,0.308938710507913,4.58007449237818,0.878668208048059,0.831714271668928,0.75281277286155,0.751192980096671,0.755162482839146,0.760089862423718,1.52709884665196
26,"B_p100","binary",1.94899706463374,0.255853539499114,4.2997236672519,0.958141705606079,0.854439663316303,0.892002179370472,0.781647574275551,0.888706086761712,0.777551149725013,1.68496329403025
27,"B_p100","binary",3.15892799799948,0.791760224268434,4.03618976429131,0.831139870082596,0.596257902306139,0.641223045759502,0.43910979414475,0.617641747793231,0.436873286565353,1.80356680672183
28,"B_p100","binary",2.28318241511319,0.481063481576727,4.7869588419624,0.931714227270746,0.749177116110342,0.856109309864603,0.658686719224503,0.873955983581978,0.681553314742684,1.250637269272
29,"B_p100","binary",7.12031119547534,3.09589355069491,4.95532060593817,0.317015601108867,0.144946528328882,0.141218560545714,0.0625473768503515,0.174753669063492,0.0803704248990492,1.24819739904566
30,"B_p100","binary",4.63533448102037,1.7512960660051,4.7168337389253,0.644445075295698,0.333869497066149,0.420439676082478,0.188455324865628,0.446464156494837,0.213150413654371,1.44724242236341
31,"B_p100","binary",4.44079559274442,1.82437868572089,4.62885445236269,0.669046143824717,0.306571432358685,0.454650107341124,0.174310493098449,0.465246693068386,0.190252823223668,1.46590707998221
32,"B_p100","binary",2.74066241109797,0.152533068854193,4.69072373799446,0.891583452267742,0.923098795742182,0.773592315068929,0.872842143679857,0.79194324669528,0.888058200343879,1.3867683109964
33,"B_p100","binary",6.14440108418681,0.590901951219268,4.51741546371722,0.413316087950926,0.682545234742928,0.191840763108664,0.560418215794963,0.208081787780362,0.58257408064634,1.43717777781013
34,"B_p100","binary",3.43497865741826,1.43740377337046,4.48590586809373,0.79468769633061,0.378853477626383,0.611443670854592,0.238490076881443,0.632247914243316,0.250730083458056,1.46883623116497
35,"B_p100","binary",4.47010221530301,0.176327868505136,4.55503895451445,0.66086664959472,0.902144087196624,0.430257995978281,0.851982502380196,0.447482607261668,0.854575449513766,1.49910367841049
36,"B_p100","binary",1.92686506958064,0.00427823758070282,4.65647894366868,0.960066637884888,0.999359503824396,0.905913135119423,0.998891659890973,0.913787677080718,0.998948081994375,1.39223146991661
37,"B_p100","binary",4.97722457306489,0.370968827477852,4.84500919180333,0.581903220972828,0.789168728996533,0.363470038005201,0.706213790500615,0.411629114753125,0.731820654271722,1.25174322810439
38,"B_p100","binary",4.27998966188661,1.5412256416992,4.6937007305494,0.692492643486761,0.379484352390422,0.477392471353237,0.231828974865361,0.50462912403579,0.260332976506358,1.41576448354837
39,"B_p100","binary",6.82435720459058,3.08158612119251,4.57114580003456,0.339878885078292,0.142808347820671,0.142594057579939,0.0533589123163398,0.153450670855363,0.061022790361692,1.46650334983241
40,"B_p100","binary",4.98945823146303,2.19686262102249,4.52231882365901,0.576821370965914,0.237560796821088,0.342532522582375,0.111627392760211,0.356545417558255,0.127721568915147,1.49358046925008
41,"B_p100","binary",2.81746362526064,0.960144378584737,4.57362197076951,0.887587365014803,0.542290496819593,0.756388858087015,0.40034198544074,0.765068774813864,0.401676495400493,1.53977864855096
42,"B_p100","binary",3.20068888399299,1.55633970964848,4.68776192500894,0.839684507390569,0.388568561995838,0.697470706958893,0.257263391202744,0.707441667572959,0.271117780472519,1.40375986050874
43,"B_p100","binary",7.66222770234393,1.67210043252035,4.67552974371761,0.245562921043612,0.321696501312639,0.089095304938366,0.19144093580314,0.108115597970909,0.21485024500912,1.34950934570285
44,"B_p100","binary",9.30093007958,1.89080426156264,4.85498744596227,0.139247250611313,0.29402253030126,0.0406938291785887,0.177742762371618,0.0535583190042747,0.201253058009753,1.27145060673514
45,"B_p100","binary",5.5169671252697,0.0423896963122009,4.31200699619443,0.511377738058428,0.983503716367141,0.26544892302249,0.970795414538037,0.248439502990353,0.971347401062494,1.66507787301278
46,"B_p100","binary",8.38826248922439,2.28773304866068,5.15929049633244,0.205172700212157,0.243948912249582,0.0745473167318393,0.128968059794224,0.111451467047789,0.171279710645177,1.09531624425764
47,"B_p100","binary",5.0854169644641,1.9793800641114,4.60185860633558,0.552508421628886,0.263731769426157,0.318870521453815,0.143082563042179,0.355294309557487,0.154082434095197,1.42264115923476
48,"B_p100","binary",5.62455766045125,4.75512808455496,4.84637942388543,0.511832311159229,0.0514936390578762,0.28973993739048,0.0140756394426627,0.318407504255257,0.018196882299384,1.36724375498784
49,"B_p100","binary",5.8723208942505,2.9996710408439,4.61197860958236,0.42865571069879,0.135819140010753,0.221134205337659,0.0592596612498015,0.25169580094166,0.0695274022735478,1.30986360053435
50,"B_p100","binary",9.39265578869224,1.13708426408046,4.83604810176392,0.136397789602931,0.480801237113907,0.0377190076692482,0.339069014632728,0.0496433894725838,0.373218816255545,1.30275785400235
51,"B_p100","binary",1.48518803735274,0.325935998060156,4.82103038287037,0.982304855546181,0.813583700456747,0.956610252637891,0.737811424780219,0.963680363171413,0.758981475458152,1.26717275741513
52,"B_p100","binary",1.78080383593881,0.892559126938932,4.06378127124165,0.967713034448994,0.565511346285046,0.912590362727953,0.405859447350228,0.899247626988743,0.394641579996864,1.81400382897898
53,"B_p100","binary",2.5189302669475,1.76064188299809,4.43383342607149,0.906330177128204,0.316853393196742,0.798224389766777,0.177196972853149,0.805282688676302,0.193733007714409,1.4806620539812
54,"B_p100","binary",3.98223059456128,0.258471923104117,4.86174828116042,0.734734624510635,0.86036317240263,0.540493924152789,0.798950819591396,0.58549230133322,0.817378537582897,1.2608584707189
55,"B_p100","binary",5.70067077939715,1.65973298845192,4.00298857668704,0.471719519751765,0.344967752975179,0.221967793596811,0.184504402871638,0.180056735321034,0.1685696787536,1.88296248741754
56,"B_p100","binary",6.24248373215675,0.0924617316613584,4.38429212267392,0.406765624827996,0.956408786068424,0.184299038271914,0.929763502157601,0.18012437184985,0.931424162404947,1.53879492056966
57,"B_p100","binary",3.65036297902737,0.459609552617583,4.54615853335037,0.784365277456469,0.770008068571707,0.587572291582857,0.666328445347402,0.600103237175015,0.682258191745621,1.50917175745147
58,"B_p100","binary",4.86379796504738,0.890960815129688,4.58104943879916,0.59966708341964,0.581353774939057,0.369432851660658,0.437046564450803,0.385872721587444,0.45832113671996,1.44901583501067
59,"B_p100","binary",4.20269655316062,2.6106732424605,5.17567401986575,0.701899464998827,0.184726225966992,0.518053155815514,0.0917073065693775,0.59151741393095,0.130384408091967,1.07115534155733
60,"B_p100","binary",1.40950779580773,0.216733159870387,4.40176148323692,0.984125446428125,0.881372203376657,0.958578389205151,0.82406268980838,0.959277293230217,0.826443946613128,1.50515161707598
61,"B_p100","binary",7.52435920196478,0.121963431769647,4.39639769763545,0.273260627410324,0.938786641025447,0.0943897049540583,0.903090406194255,0.0905742274706399,0.899171662999889,1.66953017300987
62,"B_p100","binary",2.47299401572951,0.717079232411361,4.59170575875078,0.918754342576083,0.631243953359697,0.817617750275677,0.50676678448735,0.828546198110655,0.528618450542182,1.4208534108771
63,"B_p100","binary",6.20720540225701,0.772990813518735,4.61914804386273,0.424328631932028,0.623454600781064,0.199006219083792,0.49140247314015,0.215678682724026,0.51592143172975,1.42345935538945
64,"B_p100","binary",9.15737954693732,4.42145092832977,4.52185273892655,0.143589416628382,0.0564376720851054,0.0341641035014942,0.0130810864676228,0.0399748716305661,0.0177790966450794,1.48519502016931
65,"B_p100","binary",4.67116434324079,3.59504730179755,4.61834293275888,0.62110510860529,0.0883520016123892,0.402329776296521,0.0335398498665694,0.423958418410346,0.0362794950233023,1.37522138338945
66,"B_p100","binary",4.90795082586944,0.561345882524976,3.79818199595054,0.568064078053177,0.696964221691899,0.310424582520215,0.571655175589794,0.241786536302865,0.538376520640242,1.98493368743008
67,"B_p100","binary",7.10173320226218,2.12017736963771,4.8057917515767,0.31811721632113,0.256020890511016,0.130956527710157,0.135492245609707,0.159130712019993,0.156511281770115,1.35332374535023
68,"B_p100","binary",4.39965430933534,1.85275498043689,4.25153277637861,0.667413474917375,0.296428492031245,0.433220511645225,0.164085080382057,0.405996470775228,0.154711757715539,1.71861097899129
69,"B_p100","binary",9.19391251307806,0.201113168487041,4.65026626837252,0.149219702815571,0.892936956159236,0.0379275549439784,0.833388464583776,0.0451646904366168,0.848776382749338,1.42292173624529
70,"B_p100","binary",10.1424797386023,4.64395509764014,4.03787637335137,0.0883009360651013,0.0457968142131784,0.0141999543579332,0.00827264845104803,0.0105455251294916,0.006122201922798,1.86171328585215
71,"B_p100","binary",7.75893333578833,1.2494703134476,4.56258499497782,0.253372646800802,0.455474674619833,0.0835926838132066,0.327696521523801,0.0926005648320397,0.33128731544217,1.48389274979183
72,"B_p100","binary",5.88980543427754,3.610332243488,4.54754430772789,0.449160533714472,0.0978724837427405,0.22563117875194,0.0322884539397504,0.240091895539696,0.0374161551508198,1.45396774835947
73,"B_p100","binary",3.58285357792355,0.793871483325327,4.64570727241565,0.780036534108498,0.595747188562484,0.60033400410698,0.467353462696419,0.627653169204128,0.499067784348595,1.3509840786786
74,"B_p100","binary",4.32837641021556,1.5543671122239,4.71123498624948,0.666367942770584,0.372051847219129,0.47120240512661,0.23251924977523,0.498606775627911,0.26022074311441,1.30639121649975
75,"B_p100","binary",1.60327008950853,0.97944614794784,4.6623960171127,0.978483452923806,0.552091375335462,0.942957549669436,0.408750416711231,0.949602369083203,0.444363451523585,1.39789965608417
76,"B_p100","binary",5.34214037095952,0.784700457376886,4.96051871932323,0.529103464292092,0.613113149661917,0.320227398608268,0.493180560827176,0.375192497335045,0.533647745216685,1.19113793824398
77,"B_p100","binary",1.18960791661332,0.177474190585792,4.1088053141102,0.991841599941661,0.902972024701444,0.974505297772116,0.850525594822855,0.969981582885848,0.840032067807082,1.84033395754173
78,"B_p100","binary",6.6061011492465,1.74957158533677,4.19439232797691,0.370370589163716,0.327600954679837,0.153029578600368,0.188726726514167,0.126430593969212,0.17202364592189,1.77315416694019
79,"B_p100","binary",10.5745822778927,2.16656185000556,4.49173970383951,0.0733188824088766,0.232571971336435,0.0151311990357741,0.120374014321827,0.0160203716434243,0.128372351899722,1.46974884132189
80,"B_p100","binary",4.78877388768407,0.230886698196418,4.79328097120176,0.610828130333391,0.870280882586308,0.391704317114846,0.817274717869351,0.433741885274463,0.831272691663221,1.2798317377666
81,"B_p100","binary",6.59856547560377,0.737847338658861,4.33980926795957,0.373972922538991,0.627315320497109,0.161683743431232,0.505397617677233,0.144041125253889,0.497517265407198,1.65774090279782
82,"B_p100","binary",3.64462024891446,0.896996776690488,4.95810830287534,0.78333660330934,0.558447088572988,0.627688975196482,0.423485891608465,0.660373961336821,0.464645747819757,1.2502187745163
83,"B_p100","binary",7.75069024800593,1.99615661322247,4.95180402175362,0.262093405327461,0.281403056898027,0.102245442412188,0.159765588334394,0.129229789724326,0.191861538268432,1.23763845093687
84,"B_p100","binary",1.55339450465833,0.0687360876112537,4.50588554242475,0.978928714865228,0.968183136250873,0.947459289559775,0.946825001884058,0.948965527755562,0.949133091423652,1.50148013025704
85,"B_p100","binary",3.8204633808923,0.157524108472627,4.7061834977803,0.757442526323021,0.916476665716032,0.565255892287297,0.866528157572761,0.591221747916974,0.880231216261737,1.4119476965442
86,"B_p100","binary",6.30522654313815,1.58403793643609,4.66686864617748,0.3883427930666,0.359137019023638,0.178055723994326,0.216189746100313,0.212372421053812,0.253116434870058,1.31803133187255
87,"B_p100","binary",4.56578098507112,2.34196678028719,4.13537181820411,0.637682380938458,0.221831817788376,0.387527550073166,0.0927844761057475,0.355731322261847,0.0808524467940152,1.84358862645801
88,"B_p100","binary",4.16388374538339,0.286394462704356,4.5162301616077,0.695077650601516,0.843366515352525,0.470846505995947,0.765468092125886,0.496155306262411,0.771898511482756,1.5013526924484
89,"B_p100","binary",9.32541456935895,2.38063433112519,4.39400248416634,0.133183662649194,0.216188881532039,0.0329574557115793,0.0999177938552646,0.030488545156605,0.10710218758693,1.57044141752733
90,"B_p100","binary",1.48743594746996,0.106263251617602,4.72600552338744,0.982822876828817,0.945814058648465,0.956678227066665,0.91790577337092,0.961213122302502,0.921285710580565,1.40143574390543
91,"B_p100","binary",5.76609250153198,2.92768989690347,4.6439819071728,0.468845619574095,0.150876182905311,0.244945629445028,0.0638954751900901,0.26923327267652,0.0777095332148178,1.36367691889915
92,"B_p100","binary",2.71287277799306,0.924409847435411,4.87646212335166,0.899053285999269,0.563421616598589,0.789041457598522,0.441590374118693,0.814509422830715,0.463401033037201,1.34565042851975
93,"B_p100","binary",8.48998508699868,4.19031555727356,4.8139196575077,0.18212402529692,0.0616733073881962,0.0626540187684503,0.0160990581512754,0.0794866096800813,0.0239227109524294,1.29068017066331
94,"B_p100","binary",5.5768903880307,2.82007655495071,4.52904119201043,0.480862376089749,0.164982314994514,0.259390622939268,0.0722144731987635,0.275233990282086,0.0784583952455701,1.42557383890734
95,"B_p100","binary",4.38145035703868,0.965816868150332,4.57483842382419,0.666060884198658,0.540028856640508,0.448038643762213,0.407808771933285,0.466561512651749,0.424935313295933,1.41262707604448
96,"B_p100","binary",5.19292062925862,0.471497910156434,4.65703395375116,0.551494027687349,0.747001598193559,0.323716298601752,0.656041551719753,0.348328342343441,0.664839440364634,1.41028462087535
97,"B_p100","binary",4.61905123900333,0.272489712426006,4.90252587604721,0.636495697392444,0.854995493549894,0.424358696712027,0.792754043881032,0.479467105756341,0.809194357928573,1.26865661874304
98,"B_p100","binary",3.54215748510601,0.339304657474683,4.51367667678329,0.783483013234319,0.822052079393318,0.602242016400629,0.746345668859602,0.615357341460915,0.750027874411437,1.47803982128573
99,"B_p100","binary",1.58584221817114,0.333799203456123,4.85021812353519,0.977859467848977,0.81982268259251,0.946668489847288,0.73915517421083,0.956796021857451,0.767858063555913,1.23115580828962
100,"B_p100","binary",6.21887885098741,2.76989477715361,4.38094210205591,0.419494943220851,0.16694954801578,0.186169003414871,0.0659526402329224,0.182394242839099,0.0632439458632723,1.6799379375159
101,"B_p100","binary",7.02608903052431,4.6501142847082,4.58288243386824,0.317810604856613,0.0472961080489679,0.125627570925469,0.00867792048039406,0.139583221958701,0.0128910862579992,1.46086238940575
102,"B_p100","binary",5.49334165458443,4.63557797930295,4.29542806514463,0.496431438875407,0.0445460830272031,0.254679012491406,0.00828931101395103,0.248783225731052,0.00915696279307876,1.65673366200986
103,"B_p100","binary",3.26539462247753,1.8730433326209,4.46827104510533,0.832465570291636,0.300385658990011,0.662801971813214,0.162083681179404,0.664030025530981,0.166299001734868,1.60115152340819
104,"B_p100","binary",3.88256971993065,2.63659209138871,4.14060800751531,0.74918199135397,0.18026403257726,0.526858943489792,0.0695286642382628,0.482713170417234,0.0588580475081463,1.87213660376478
105,"B_p100","binary",3.65326201214675,0.927679271479948,4.61266195418821,0.771995206307991,0.560339792684538,0.586149946889169,0.408607209831706,0.609145878515232,0.43626685427938,1.42980005071141
106,"B_p100","binary",5.16913408404295,1.48483932979286,4.48023764218217,0.537511891240388,0.383943453889571,0.295178472874014,0.250843129086907,0.322701752984527,0.263932322349535,1.44941092447281
107,"B_p100","binary",3.86853126444683,1.34576987070128,4.55898569640859,0.748072349414994,0.423704432492742,0.561676948912079,0.272673970512049,0.55854733527382,0.278425571664515,1.52190597197799
108,"B_p100","binary",3.11972307952102,1.27646439896528,4.35857669188052,0.849342844608869,0.445799277428342,0.684190088451031,0.287514357228014,0.677012625325124,0.279083994633463,1.67599556787856
109,"B_p100","binary",2.96271105049729,1.97309238382056,4.31905209830345,0.865913817876182,0.281835902789666,0.716494330375973,0.144961115448495,0.704532131058748,0.143003340027695,1.68587822727582
110,"B_p100","binary",3.45591495440905,1.4367545064228,4.8385141539905,0.802822568623049,0.394545491193503,0.637887363763278,0.266568892506019,0.679101038806694,0.29956737670427,1.26482103571926
111,"B_p100","binary",6.26658925088829,3.93822094221004,4.27840760707277,0.402029851864398,0.0748076262989699,0.186286219981816,0.023184222849717,0.164241226815341,0.0190349469403837,1.69358099406561
112,"B_p100","binary",5.68197983767982,1.7989196754443,4.43465971165549,0.469709472347734,0.303068669678925,0.231659961972092,0.175858872775377,0.247333400354785,0.183758778828731,1.50232167439074
113,"B_p100","binary",1.58659667359307,0.662237774689377,4.68264609930735,0.978878514859011,0.655965443786204,0.944591672167725,0.537026128644214,0.951717620763504,0.558149159430334,1.40259347503826
114,"B_p100","binary",4.9356363522631,0.851165955471466,4.89364813105204,0.580026243549346,0.57492409809874,0.369875637367552,0.44389364257456,0.42622380641139,0.493838174446849,1.1645907510158
115,"B_p100","binary",4.15703527914175,1.66009281321532,4.75848598529603,0.687864129963514,0.34224022594506,0.492074389354858,0.206749524436326,0.536864194883553,0.242583269546414,1.28014117433758
116,"B_p100","binary",2.18083585121197,0.118956102114452,4.55569303642696,0.941568436301873,0.937083029051622,0.865085591564457,0.904053107025175,0.872600708077404,0.905974173630356,1.46958091064526
117,"B_p100","binary",4.07662422538628,1.01843240569512,4.36271224693897,0.709669791220367,0.525922325363582,0.480412945889179,0.373250298985678,0.485861265709786,0.387484519263427,1.5982971675978
118,"B_p100","binary",8.88657776907821,2.42469593152903,4.83568369493005,0.16505308750787,0.212238970247918,0.0481772570019732,0.102002468879594,0.0654991678292742,0.12439146841145,1.30280158873123
119,"B_p100","binary",3.55860711816609,1.29058489559656,4.27491722454752,0.784089369601579,0.430730291870536,0.587417961326677,0.272856566123984,0.573036396240392,0.270256044655863,1.66788065928981
120,"B_p100","binary",5.80635977706437,1.18432932018518,4.39648835152252,0.462118675907157,0.469114560738077,0.230454294722787,0.31909993762305,0.227284715564988,0.316239869279962,1.61409377030283
121,"B_p100","binary",4.29119632525764,2.18065540247339,4.90224994685051,0.684698041940114,0.241034403602442,0.485384271714596,0.130900007904374,0.535875574080046,0.160667304419311,1.20829456344147
122,"B_p100","binary",3.81845094434427,0.136394328965261,4.50466935348167,0.732777603238902,0.933257430629466,0.532693656572701,0.890522097231278,0.559122428370733,0.896547538982432,1.4388278738042
123,"B_p100","binary",9.55780269079269,2.79615516961923,5.13852126720432,0.121787014400317,0.177345355609893,0.0358823333967427,0.0876673913309611,0.0617526569265617,0.122478498138322,1.05750249802007
124,"B_p100","binary",2.52289568896196,0.422940621597994,4.43487499392722,0.903273871547971,0.762495577143937,0.795041072464176,0.669639176631378,0.804746548842189,0.69354137947503,1.36019107357988
125,"B_p100","binary",1.66015741431613,0.884931852249708,4.21780655286242,0.974669744753147,0.56429254453402,0.931886577272208,0.420735667730303,0.924926389115066,0.412306293069686,1.69273980260485
126,"B_p100","binary",0.844185250872994,0.374761275190672,4.56790948722598,0.997650388092093,0.795728952844454,0.992614415176947,0.710305619113767,0.993384525997682,0.720799271621061,1.45660680262079
127,"B_p100","binary",18.3823126499563,2.49029635690486,4.94133286997619,0.00225024966244358,0.199179448478854,0.000130392483830732,0.0968392578635603,0.000258455610284702,0.119079037236831,1.27707942784407
128,"B_p100","binary",5.96937443167964,0.79639505097484,4.47581209219531,0.432523220877297,0.599653464428228,0.205662182088595,0.46500713367221,0.220788076483182,0.483630985559274,1.47738611729567
129,"B_p100","binary",5.04390690091567,0.271729170078772,4.46718755347383,0.581315257079575,0.859290994874883,0.343481043048271,0.792667964472752,0.338887906173412,0.799375291212437,1.51533627854403
130,"B_p100","binary",3.65396290146872,1.3845973731419,4.85406355828052,0.776724014801774,0.41332557704166,0.603613476703036,0.282059803192464,0.64493333296661,0.323555608353349,1.22576149333219
131,"B_p100","binary",7.00179330833723,0.8767528061327,4.74876372082839,0.32026497391029,0.572570215175048,0.139679765624696,0.443154797958714,0.160199225644822,0.478564571483591,1.31753302307862
132,"B_p100","binary",5.72852782460589,1.29334754227328,4.63932549014388,0.468270673755748,0.431993014457985,0.250239317976695,0.292637861459957,0.27310912089973,0.320741142577675,1.36932186557581
133,"B_p100","binary",4.40984384007885,1.68998795440241,4.47136548962376,0.662077467488427,0.321461689777597,0.440119695745251,0.183721783477822,0.443492037942225,0.193124576193255,1.54288020408438
134,"B_p100","binary",15.9993200686747,0.980533484375677,4.99233875642876,0.00643565912909738,0.513753205826213,0.000565859290747928,0.386359785241461,0.00127131299235927,0.429787330165371,1.17201591872463
135,"B_p100","binary",3.36829657498081,0.212484516487647,4.70906619355915,0.8163802006177,0.885205477125496,0.654216213932923,0.826348960784193,0.678524536894837,0.841970451468721,1.38309487124852
136,"B_p100","binary",4.5047618019444,0.703111705699494,4.68496216660224,0.645228178736519,0.637052423511071,0.423943512282096,0.51169224700039,0.463227166578854,0.525644744114425,1.40970027495255
137,"B_p100","binary",7.20809147460413,3.00510602798202,4.82557412134507,0.298412576810893,0.142703721248168,0.130639987919078,0.0644100279965987,0.153502291114431,0.0719242448540485,1.29788264504771
138,"B_p100","binary",1.91751503117189,0.262367717106388,4.6463472635047,0.959847538488308,0.858978154640909,0.906632596121272,0.794109176254499,0.914861447673021,0.80901946944048,1.35581321510242
139,"B_p100","binary",1.67747328708698,0.0815461028915933,4.91214221005923,0.973826714883111,0.962216358609207,0.937214410742263,0.940112598218892,0.950453754445339,0.948505706473024,1.22531893593752
140,"B_p100","binary",5.25319584127357,2.38466993861048,4.78926194024092,0.520447933699036,0.214382780767895,0.312960343224886,0.114271023210325,0.360929034923762,0.133460294198641,1.24653999215867
141,"B_p100","binary",5.04800554758215,0.586836897826032,4.65722952382393,0.561974298847201,0.691712946361853,0.343267088896105,0.59116576162127,0.370305502124609,0.598860492670745,1.37417078801948
142,"B_p100","binary",9.72189836583261,2.24401555907546,4.62044198483687,0.12654877523246,0.229185969356833,0.0288343306459149,0.11814513731443,0.032145797729633,0.120399692165899,1.48101417290263
143,"B_p100","binary",6.40520467712497,0.734651363157039,4.53550453655671,0.382837378018162,0.637711051344957,0.177780203707447,0.509757776565827,0.185224320428113,0.515984012515802,1.47704977357332
144,"B_p100","binary",2.82394266011228,1.77909905267722,4.95320834610325,0.879647803239347,0.31256027580175,0.758449379843146,0.185979577521049,0.803003043865445,0.213317668353631,1.23867886612297
145,"B_p100","binary",3.43667568775997,1.10395953229086,4.51488586447518,0.809111912262617,0.497177118952179,0.620376200581422,0.341396836543196,0.637061205748409,0.363744304149733,1.51270732337469
146,"B_p100","binary",8.54307640176127,2.91271686177035,4.19613112405185,0.165876503059132,0.129887112810413,0.0397353074084696,0.0510457427707819,0.0389397144732143,0.0434409889648637,1.700736498032
147,"B_p100","binary",5.05875281047984,0.245145694751396,4.52391768317572,0.551203245734546,0.859066232292287,0.335517216845031,0.795822049770866,0.346201117002701,0.801823379861506,1.44145008855233
148,"B_p100","binary",5.32252130802768,1.03309022865687,5.1402576711369,0.532389387337079,0.507278535316454,0.32937136825073,0.388539473673373,0.405679793811466,0.438687793005461,1.05768988587934
149,"B_p100","binary",7.27570602818577,1.50066897126315,4.94690772274994,0.296933870404566,0.389055297508921,0.125151976239645,0.257309563317033,0.161661520345993,0.290973855371702,1.24998356085415
150,"B_p100","binary",3.00815137063594,0.212762628100835,4.9830307992859,0.855515839608001,0.886159549851061,0.727158778644214,0.834514425769539,0.776054943535969,0.853891527497349,1.15265045639855
151,"B_p100","binary",6.42366059573573,0.920639646893647,4.92722733594214,0.370145456770838,0.548660665656426,0.182337149414728,0.434352488991722,0.235785015016192,0.473196948165363,1.14923479760773
152,"B_p100","binary",4.18711257662336,0.153695163029373,4.46910335725085,0.690478018098342,0.91745472838699,0.475899293965671,0.868814232912863,0.48314614188889,0.87402475321181,1.53783627954216
153,"B_p100","binary",10.7367697957635,1.92619782179911,5.09138152506401,0.078127185470465,0.306794897788787,0.0185807030634664,0.183000178074202,0.0313285320611665,0.231765341139141,1.09839597170997
154,"B_p100","binary",2.3529956841769,1.1921558546101,4.76238690964043,0.929899880222155,0.48782301701717,0.846814941066911,0.340380565343155,0.862011791996384,0.372982943323728,1.35074329990124
155,"B_p100","binary",8.40771437984904,3.34852646686631,5.09895783374019,0.192706269751676,0.1101506369757,0.0703820795906053,0.0448452327422056,0.105315443801442,0.0694871127718792,1.05586146634553
156,"B_p100","binary",4.05053070493457,1.49289267539456,4.52271938691764,0.718717622641557,0.387606450737683,0.510429123183058,0.246958935115299,0.517883949832924,0.243749060650055,1.54113372654126
157,"B_p100","binary",3.44395486314576,1.20049801759574,4.92963537984922,0.80246171115822,0.468965015828336,0.652126740820677,0.33670747252466,0.692663406357393,0.380969167738851,1.1763087356011
158,"B_p100","binary",7.11411511458991,1.35915449852378,4.34345700231324,0.305534111409538,0.416546577816959,0.115889467693067,0.263955803297574,0.108326325269248,0.278787431174927,1.59908054203815
159,"B_p100","binary",9.02498536097417,1.59940345111693,4.64053784317171,0.147750927133994,0.335092602975336,0.0406168336981909,0.210269744538366,0.0494112448730752,0.229694979888024,1.3493648646305
160,"B_p100","binary",3.536526747577,1.52658038751972,4.87088573236277,0.804902125889798,0.392334940547246,0.648024087974432,0.255158073907939,0.668426434369969,0.279477045564012,1.34328183810904
161,"B_p100","binary",9.79503618916083,3.8145878721341,4.4894041888679,0.115079831127196,0.089928574625712,0.0231497933445739,0.0251312613024119,0.0258710122727471,0.0303116997757852,1.54405883401389
162,"B_p100","binary",7.43358337427255,0.66036013633245,4.46367846439825,0.268582219880241,0.658045094874237,0.0923756307084708,0.5302862306837,0.101119362474113,0.55463084181124,1.46518950091203
163,"B_p100","binary",3.54328868167944,0.848233340984563,4.59932371824632,0.797665451445664,0.575641647328099,0.615008379012477,0.445598749210679,0.628121654001337,0.453094248873566,1.50992097852907
164,"B_p100","binary",5.1942057628916,0.712467252147418,4.75660405986517,0.552441849774488,0.634822228122103,0.32590914089308,0.51074610805006,0.364404780679875,0.533638453227984,1.39143671382962
165,"B_p100","binary",0.96191533871656,0.593085551724472,4.52082320399031,0.996256827829284,0.694859993622635,0.989173133838522,0.585625721271814,0.989097544884361,0.58450990146291,1.56705421609567
166,"B_p100","binary",2.50125929825503,1.1488484944492,4.49336014498558,0.906290063747102,0.481872690027067,0.793727471851277,0.333290584617234,0.813597866307029,0.357282866959997,1.4337061152114
167,"B_p100","binary",4.56348803450424,2.2389122162343,4.62132399127619,0.64166687220149,0.234998759106824,0.424482804025237,0.115365766705658,0.442301480282962,0.124413833546861,1.45639671732224
168,"B_p100","binary",4.97854730230861,1.26364378207898,4.83379121181646,0.581278999737665,0.448880873152213,0.366233950603233,0.32370011014537,0.409798424333593,0.344287977069787,1.30001493036011
169,"B_p100","binary",2.61388118012183,0.768472606721485,4.40068712843618,0.895723393905069,0.586642886725073,0.772104468947802,0.456034490098481,0.783618599261657,0.468038043654229,1.48361333268512
170,"B_p100","binary",9.54713795472874,3.08515034721251,4.19829692403417,0.135605499687303,0.146538426119113,0.0255977540775751,0.0497643076407033,0.0199975678339346,0.047281149428551,1.77575123469582
171,"B_p100","binary",7.99088805385548,0.089866542497591,4.77766904947068,0.237847959748689,0.959862279087734,0.0871889403896488,0.932835191765215,0.0993189486343588,0.940460356409657,1.36612202572862
172,"B_p100","binary",5.0027848602553,0.546563426597142,4.79930208908027,0.568668500797488,0.709018591154142,0.356921519321727,0.614562313551914,0.400239474104167,0.639348579068139,1.26594522882587
173,"B_p100","binary",2.43269343860644,0.510074332693805,4.26787584286635,0.915134280313618,0.721889851218992,0.799510636539302,0.600905115021302,0.803469919010874,0.600883935496656,1.63656404564911
174,"B_p100","binary",6.30755557575264,0.825072581329138,4.56190223168679,0.420592256550668,0.594793921053729,0.19621758086222,0.445230838519572,0.198071204798584,0.454266453229594,1.60243924050356
175,"B_p100","binary",1.00328942048482,0.352967393558838,4.41129231935941,0.995416374314439,0.811703475844614,0.986433768332199,0.727112164962158,0.986479365596158,0.72925659071109,1.56320968715022
176,"B_p100","binary",5.33794761540913,0.237589560962729,4.69892314418368,0.522469102304523,0.874621549354438,0.294494124787316,0.813231237015859,0.334181985382218,0.829804436373438,1.31749408500558
177,"B_p100","binary",4.57417285935825,1.87040694082943,4.69193485709139,0.641023377818133,0.297141461477894,0.420907916350645,0.180094942208094,0.452547612315598,0.191952952233016,1.36775145168522
178,"B_p100","binary",5.21424980994741,0.442425487283518,4.49576685498521,0.55196894091067,0.769297452391564,0.320026152219651,0.669799402332934,0.318627535906947,0.669645085067427,1.5916127259067
179,"B_p100","binary",3.2421433102608,1.53266494557654,4.58550139757961,0.833501296959854,0.382160419050154,0.666028445956514,0.220478377727536,0.684557586376734,0.235683810306665,1.54144994221759
180,"B_p100","binary",8.90993838245808,1.15373762532106,4.57663099774142,0.161719760729985,0.47162790823268,0.0423252238035795,0.318357033320413,0.0488553141341179,0.336074192130412,1.48460318545985
181,"B_p100","binary",2.74387231198588,0.24316187630012,4.40661498742021,0.892689161365079,0.865317314433874,0.752828326053677,0.791308609588689,0.75945594968329,0.795834604835366,1.630881591833
182,"B_p100","binary",4.60111770982145,0.865491785560819,4.74408901339214,0.628751579332188,0.578351046141059,0.414257021799767,0.450655795569016,0.456665661320197,0.486165788765843,1.2862734204212
183,"B_p100","binary",3.08253780725529,0.747236486288249,4.43503638771673,0.846998941530518,0.615283764820532,0.685767189860367,0.483161153931603,0.696036170041596,0.494697288969879,1.53938485206622
184,"B_p100","binary",8.36323075061154,0.210192700274159,4.49896440110048,0.199738921873412,0.882815873736613,0.0566816047010972,0.826191954894126,0.0622091960185681,0.829443387608232,1.54046904833785
185,"B_p100","binary",5.4874087170886,1.75489323103781,4.44097452715375,0.49442069100224,0.329105404989996,0.259996197676773,0.185415846439307,0.272640536527775,0.206530010421467,1.4928934965139
186,"B_p100","binary",1.38916876936782,0.148669167514425,4.90159580465012,0.986041668446072,0.923455942874469,0.964430347858841,0.888549650649753,0.972389858814064,0.900286269007672,1.20132268930268
187,"B_p100","binary",2.60777975330161,0.527445928207925,4.73331602327621,0.898232095275049,0.720666479209896,0.79509175819121,0.613537195941829,0.818653231053942,0.642701443696135,1.27201398343995
188,"B_p100","binary",2.61148057998443,1.21985099957913,4.66352088956886,0.906842527396078,0.470804631497153,0.793604554898525,0.322558277581921,0.81249994544386,0.349880109328795,1.41716568134917
189,"B_p100","binary",4.72693221861921,0.327723836835781,4.84341446608801,0.604046091993565,0.813251937117063,0.399673510871653,0.741258912036275,0.451700379737747,0.767049606185529,1.18412262374533
190,"B_p100","binary",3.35247353778569,0.353219507516806,4.48356048394862,0.813574118349726,0.807560940782568,0.642724778397413,0.722431883142994,0.648851404120193,0.728035706943431,1.56277885344528
191,"B_p100","binary",2.22076634801481,0.781778730979872,4.9932498922404,0.933765953612145,0.602901306010982,0.867610107822058,0.479039459257738,0.895193386785299,0.53507706265272,1.08987237410822
192,"B_p100","binary",7.19445415194507,2.40937604339603,4.50480621333154,0.290445729394063,0.204697721069729,0.108540219964188,0.097880189942147,0.119915759298139,0.108590448614671,1.47722023149772
193,"B_p100","binary",1.67455647650699,0.0292453176864056,4.08224626828266,0.974064334029409,0.990373134326089,0.927284692289996,0.983034494369641,0.916000969664295,0.981227690908572,1.80584848319624
194,"B_p100","binary",7.0575006055377,2.13903977371844,5.05264944111389,0.310802799744555,0.258800626606384,0.140828187126045,0.148736173575364,0.191883837383573,0.176983277237174,1.14230414560686
195,"B_p100","binary",3.51704344967193,2.16456721539517,4.45005935718451,0.789520907232348,0.231976176634932,0.604998798246268,0.10692280902333,0.610198093698627,0.117059195109207,1.57783071254372
196,"B_p100","binary",1.83122892350436,1.20913260823463,4.31427002984836,0.96244373480327,0.452186984926618,0.905746950232669,0.307381583705519,0.907251758521395,0.301795031553034,1.61246395266564
197,"B_p100","binary",10.0216503351818,2.17727911411027,4.66025884798263,0.113812829217962,0.241890117061101,0.0254727777662043,0.129712425820406,0.0282886336240196,0.129082715598994,1.50582931187637
198,"B_p100","binary",4.34892806128063,0.0684926624215628,4.63759765163867,0.662322272825497,0.966463792227098,0.445968969468692,0.947234599317309,0.483146094954457,0.953174492437005,1.32923029376084
199,"B_p100","binary",9.83822970169212,0.447844741881119,4.71503920165629,0.11270515887568,0.751129565197136,0.0276215895074007,0.648050909418645,0.0335214730106645,0.675424756118407,1.37060604589369
200,"B_p100","binary",3.59529686104771,0.379845047518921,4.62841046344273,0.773341251708744,0.782855606444722,0.597970341429168,0.705090122015625,0.622769282071696,0.723558203276966,1.30806217951177
201,"B_p100","binary",9.01299269772067,0.0744270362551288,4.80417893901004,0.158067167818174,0.967835246607637,0.0460658082835105,0.951452776752969,0.0588405784825374,0.954241139733699,1.30551098190127
202,"B_p100","binary",0.900329848425964,0.126934944753932,4.49447976034098,0.997041870489628,0.938184422101766,0.99118907672725,0.900853651004191,0.991156763441289,0.902758832781942,1.5495570372824
203,"B_p100","binary",4.92040180714931,2.12649691294783,4.73225542551665,0.585819408532112,0.260568397828556,0.362005877287082,0.142971412467468,0.402297750569827,0.16423150657823,1.33330127890257
204,"B_p100","binary",4.63315590538788,2.43733046108474,4.64654939483235,0.619189839240394,0.194954168070132,0.398235612359481,0.0957068064537815,0.434929084054908,0.115488237169816,1.31518969412543
205,"B_p100","binary",6.2219869709914,3.15961019297803,4.79382551375242,0.405568427595872,0.116633923728268,0.213443434046092,0.0477417536769831,0.238613700002015,0.0556159863287173,1.3177074945826
206,"B_p100","binary",5.28995804591992,0.00616159967372297,4.78350983372609,0.539782709871932,0.99891619169956,0.322690736100565,0.998062447689176,0.354818615519284,0.99829152494001,1.3612328476613
207,"B_p100","binary",1.26805447240848,0.206475572360425,4.74479121155062,0.989940566023091,0.889515934683445,0.974225113944826,0.829197271828586,0.977050060083283,0.844451155166636,1.36900038798304
208,"B_p100","binary",3.54480070819561,1.38457788786877,4.73966899163146,0.783135621929041,0.425600235287567,0.622088175165221,0.28210370801939,0.648889613000282,0.313846149520457,1.3146646520278
209,"B_p100","binary",3.55979542338471,0.320595148938442,4.61897552455603,0.778662129621069,0.819830208369098,0.600954608590676,0.739749867951515,0.628803542361057,0.759863296248915,1.33574680175173
210,"B_p100","binary",6.39676561955968,1.11828281591559,4.79797985372753,0.393270200717506,0.481934353318549,0.182703550590399,0.343442424202436,0.221057008238579,0.375721425439836,1.34654327382929
211,"B_p100","binary",9.57801172291384,0.868825482854059,5.05263371023346,0.122832846119636,0.583989811818139,0.0366492125337436,0.471468377147272,0.0559857940300048,0.516818521968736,1.09628312138602
212,"B_p100","binary",5.25865659079034,2.04731692494185,4.60798615880434,0.538044336517646,0.272115894934229,0.317906661989007,0.150337481081951,0.330831822194371,0.157839609768977,1.46854293626223
213,"B_p100","binary",4.93301379793668,0.260805210487919,4.33292440110965,0.591983783405196,0.854723996676629,0.356354611381249,0.781095304144847,0.33248799124439,0.780813802088836,1.67812738785817
214,"B_p100","binary",1.47396043301773,0.0864856602924341,4.50669945976446,0.983300200559912,0.959395220365794,0.955681146307106,0.936495324882988,0.956680041196286,0.936125048068764,1.54457251205603
215,"B_p100","binary",4.32164595771432,0.130313970265023,4.63888192479566,0.650566158033093,0.929819368735803,0.435095508830275,0.893271280697891,0.487786568449553,0.904759490130517,1.26454092354742
216,"B_p100","binary",4.37049081135338,0.992358513703076,4.42472039476404,0.67152285709271,0.542256303054343,0.433674431145065,0.381276969367098,0.442498982286388,0.40498546799721,1.56506245512696
217,"B_p100","binary",8.87798840899309,0.470961617509825,4.95202163878037,0.161575352623943,0.760389320948139,0.0494391418330259,0.669569516893119,0.0732282416381984,0.699488646741771,1.21501043925804
218,"B_p100","binary",9.85736629520842,1.99008218913643,4.56616660535384,0.101498468516433,0.262480205665709,0.0236586063253196,0.151992971269461,0.027778617880176,0.155666380418413,1.41189325280053
219,"B_p100","binary",2.09725164882851,1.93182227141774,4.77478595530737,0.947582472782339,0.278609418388518,0.879965880509542,0.151343425463762,0.898644299148285,0.182641335150844,1.29663297696291
220,"B_p100","binary",1.36043050853942,0.0319002504117288,4.63317000713246,0.986866692991918,0.989882980766324,0.964553025481002,0.982299104884046,0.969068319361753,0.984324266620431,1.3926903247856
221,"B_p100","binary",7.61803387859612,0.586082015020097,4.60318459319375,0.270242556115887,0.698264139677651,0.0977898499838755,0.579049896468646,0.103735125439598,0.59145795269485,1.51210067664649
222,"B_p100","binary",8.81303073625375,3.91313308873141,4.56761323416157,0.165575984053212,0.0741261328859378,0.0463902005274914,0.0201098419083517,0.0515300973218186,0.0237468449475952,1.49590420886524
223,"B_p100","binary",2.4080713360817,0.153233928461797,4.75274975804326,0.924595457101331,0.921637697584083,0.836648011502763,0.882446657690312,0.852808167934676,0.88822657775263,1.36575926553123
224,"B_p100","binary",3.31057456246989,0.701246902251231,4.69493262880614,0.827286437308274,0.649412281710121,0.658032466248439,0.517086564147521,0.687258272905714,0.531469991863992,1.45343756067785
225,"B_p100","binary",4.99149838132413,1.88642104616577,4.66869265692393,0.559571478510001,0.294613232489657,0.342037961822552,0.168168768320824,0.380495009021357,0.192977792204963,1.2796974005356
226,"B_p100","binary",15.00684639836,9.31990758754113,5.13320087091802,0.00832017339600488,0.00156770395910977,0.00105176173055033,0.000121162080710446,0.00299910293615213,0.000493573595866437,0.977224560173244
227,"B_p100","binary",4.61674032758501,2.77267974974784,4.5322168463712,0.618781861940617,0.170011604681128,0.390714306341675,0.0806177127757653,0.418250044786895,0.091217402750571,1.35563122882602
228,"B_p100","binary",2.90444658104603,1.33596340013697,4.93276871611537,0.862072946025616,0.42022778276712,0.737252474497454,0.286039276499034,0.788723924488248,0.353033066011669,1.03319573538734
229,"B_p100","binary",5.9957861878229,0.584280722621889,4.68959563940713,0.446368569558898,0.705158802927394,0.234258231480067,0.587548408810693,0.248709042953296,0.608077134833841,1.40016447724535
230,"B_p100","binary",3.51819338159647,1.942622638751,4.62742178351435,0.795334506510035,0.288602503151937,0.619603128329277,0.163027751250509,0.637371754297074,0.16789242217374,1.48319790994523
231,"B_p100","binary",10.6531170931213,1.3519320521426,4.96682030196732,0.0784444940957524,0.427420440837434,0.0189732849982922,0.286936249075369,0.0286550519561548,0.337467390622112,1.19943331941715
232,"B_p100","binary",4.2115074725892,1.04371175762658,4.6090887361129,0.696138161032027,0.51412048697645,0.47941227019936,0.360892771167954,0.502741211355806,0.386175828020603,1.45379158147696
233,"B_p100","binary",4.9993564052152,0.84910127640599,5.14783007179204,0.572959787312884,0.578066373181675,0.380594363828967,0.447517579000666,0.455724980055757,0.507539293868132,1.0825258051919
234,"B_p100","binary",4.14944970402796,1.57195922425819,4.60868023166789,0.702627231062156,0.359289952042587,0.484642800568458,0.228095704492532,0.514230925512136,0.245402545950973,1.40382301250663
235,"B_p100","binary",3.01740026487431,0.616472345295252,4.12945011235946,0.852771961708455,0.670582285615161,0.688700885847291,0.532375678233396,0.664127990983963,0.524453310452924,1.76941483652805
236,"B_p100","binary",3.98541134519373,0.349026979124666,4.71745537469138,0.719290882938199,0.812749093139465,0.522134363809127,0.729960497246342,0.562703346960018,0.750187581091131,1.31315988940722
237,"B_p100","binary",3.50626417957856,1.65606814575619,4.44536293203847,0.792150946155335,0.355633002012054,0.598138785269707,0.220134004996358,0.612428138390698,0.218481817495717,1.55751018233228
238,"B_p100","binary",2.67112624213725,0.147579501607934,4.75841934151298,0.895883134184311,0.924255939061618,0.787716366466808,0.887355371194542,0.810652624251688,0.896830712793303,1.29039553597649
239,"B_p100","binary",4.27599062487449,1.43061943195223,4.56112431464413,0.679531419171757,0.373235201372902,0.461640469009554,0.24174292429785,0.482938736532828,0.255383625423712,1.4371483222934
240,"B_p100","binary",4.08345622588317,0.703642188645278,4.73574620152877,0.722947168468522,0.647467269026786,0.519223276366397,0.526912424474142,0.546978791821728,0.544240136463215,1.42821567459539
241,"B_p100","binary",3.8322166228533,0.0667658248909728,4.52360124122874,0.749436546015346,0.96955010747173,0.537833119382349,0.948562224661369,0.560452567185249,0.953082375214563,1.46094740882019
242,"B_p100","binary",6.51348234432858,2.36498558566372,4.51937742463353,0.369138096785828,0.202660799304396,0.164320326896656,0.0906062997228489,0.173602760536788,0.0939071150769527,1.52436702949881
243,"B_p100","binary",10.7186470196863,0.591228811534123,4.74780155672484,0.0719783449612745,0.687773000619519,0.0149547165194381,0.580117404251508,0.0210371705861199,0.61008854540188,1.28686244918545
244,"B_p100","binary",3.04279887202382,1.56407331540694,4.36348310717595,0.854423993690542,0.357263548715693,0.698322872820481,0.209045236064956,0.693524150543867,0.214078679701904,1.62818127864165
245,"B_p100","binary",6.95877930529785,1.41104814825319,4.5611901395792,0.314113004260749,0.406628093595284,0.127632031225206,0.249824267628972,0.141988005351897,0.2787481203851,1.44568450610653
246,"B_p100","binary",3.6687943865911,0.225156968943801,4.19187794938725,0.76826343717116,0.879733225451893,0.558768749404071,0.814226726838129,0.535958113507224,0.812319179407928,1.70905474467042
247,"B_p100","binary",1.48565488837151,0.286509437852825,4.11666410264996,0.982154896418507,0.83963748513544,0.949275110102513,0.757438217558227,0.942030792519639,0.755683157779901,1.72170840711051
248,"B_p100","binary",5.55605684138768,1.9471772967341,4.67369604327804,0.504637873976462,0.283951644816571,0.279380560344319,0.161921407745796,0.300490932380241,0.179568861959559,1.38237355407018
249,"B_p100","binary",7.04126050804418,3.3056942674161,5.06554064622209,0.317707872986844,0.117133113312094,0.146755705660707,0.0451743368259996,0.194412588779454,0.0642562492065244,1.15644849726683
250,"B_p100","binary",9.4857568423148,4.08334511523454,4.57505315663656,0.128895861285622,0.0654789839515795,0.0321134237302128,0.0173237853193203,0.03497527181625,0.0197436595202594,1.49131634519556
251,"B_p100","binary",3.14065021374079,0.440089930569055,4.7294689458642,0.830814700966455,0.766917928260123,0.684227589106844,0.682134911528714,0.724404006041358,0.707797589805256,1.20413057168854
252,"B_p100","binary",2.18686408633869,0.137949963323819,4.51583842966525,0.940075534282313,0.930609629137886,0.865794990357154,0.891501212268326,0.868948408431815,0.896570137323638,1.47159146799583
253,"B_p100","binary",1.25109846309203,0.177087977309674,4.58680117110908,0.989890291590669,0.90633560157841,0.973039172343979,0.852327989659755,0.975245413463146,0.860805212427288,1.42796120134019
254,"B_p100","binary",5.90996932329788,0.615619577451566,4.62033398207121,0.42510030720017,0.679498074557408,0.222452779233245,0.561463876449037,0.248546092516251,0.596472232493586,1.3018889017819
255,"B_p100","binary",2.76743085904227,0.52668495710715,4.42393004646547,0.883356251220123,0.706746122418015,0.754862589918736,0.591274922435295,0.756274371046515,0.601394246035519,1.52215467842559
256,"B_p100","binary",2.55427435239234,0.450938691975642,5.07128241656399,0.905657327028006,0.746270992217268,0.816136471191407,0.663152722394806,0.854659767354153,0.695825518020399,1.07208568023028
257,"B_p100","binary",4.88873054401934,2.26535376110384,4.90304340626145,0.582851256484495,0.215499906746531,0.384186499042626,0.126442577956219,0.435054880893977,0.147844016296552,1.14531567027423
258,"B_p100","binary",4.81330646545181,2.39382590231098,4.65583060051108,0.600788964243156,0.222470715435997,0.37416750569448,0.112008547386002,0.406761455382408,0.1259074006041,1.40471386628287
259,"B_p100","binary",5.20623154673321,1.03661046909755,4.30232162906167,0.528307617410021,0.509100593714232,0.281020620762461,0.367129526625829,0.287703580821027,0.370199579048463,1.60211608743215
260,"B_p100","binary",9.9462840108164,2.03620728795712,4.65247328445817,0.104864209575499,0.258394790825282,0.0246660656221905,0.138763869516692,0.0294157777955865,0.153896687024503,1.42389594224581
261,"B_p100","binary",2.3537587908592,0.712094363618727,4.48665206300097,0.923001758343903,0.646222902072633,0.832137249306249,0.530818465132813,0.839722596329697,0.545293243827245,1.41840809749928
262,"B_p100","binary",8.68664423521086,3.78880727449005,4.5922157867284,0.164923542046197,0.0811305275915508,0.0464012433903206,0.024523101247963,0.0569897097499098,0.0278747079728523,1.43290341674196
263,"B_p100","binary",0.985386966804615,0.431965314324295,4.3746206943199,0.995396337206175,0.756291850051968,0.986230095171715,0.647497238358199,0.98684776608934,0.663983570974413,1.51683718061382
264,"B_p100","binary",2.336530617334,0.831108005190658,4.5468556677537,0.929513994562438,0.591604523916878,0.840973730670693,0.460601341199194,0.847328354133256,0.471431919629822,1.47706224930332
265,"B_p100","binary",2.74990420630597,0.40631280194248,5.04264266199931,0.893783934505184,0.779278491465643,0.7894952606822,0.692470146837488,0.823560168822551,0.722376530308906,1.18898696566108
266,"B_p100","binary",10.37004769044,1.68748550605549,4.7956090445434,0.0878235565424269,0.340158700590675,0.0208831468553103,0.223026714155916,0.0275059618409579,0.246618008583427,1.26983252438306
267,"B_p100","binary",5.35537370835572,1.12241344519778,4.70012248561765,0.540857657069579,0.506166204166833,0.310331137201317,0.35021047393355,0.332098269458138,0.375862753969756,1.45052427092762
268,"B_p100","binary",2.79062242968048,1.03038301982871,4.23491722759634,0.878133062026317,0.514853323022546,0.727127806970318,0.358534572607428,0.727850867696095,0.364278787152504,1.64365998611472
269,"B_p100","binary",2.76078020043811,0.123426459425059,4.15957667863852,0.893651587636925,0.939497314761127,0.745718041616026,0.899191579073837,0.723751118502052,0.89413422552177,1.8465630120652
270,"B_p100","binary",8.54452030247356,1.58094423642725,4.3499945264716,0.171592269798019,0.346378127036324,0.0446405176218011,0.211376765976742,0.0470068173498489,0.204127586837566,1.56522701233323
271,"B_p100","binary",3.66884886952771,0.633020165696794,4.34511891455321,0.770793922558388,0.672233545719716,0.569017298610659,0.547709764324306,0.562665131987792,0.545946002441825,1.62953291051244
272,"B_p100","binary",5.00812239591201,0.415922221811948,5.07002066063726,0.594825604308647,0.782464682576179,0.389852001974334,0.697398180431346,0.44233539620879,0.721011149658248,1.22296116274236
273,"B_p100","binary",2.81913683588843,1.00793303611585,4.75441018970636,0.887191775983844,0.539692466429547,0.764901284282783,0.417654424906571,0.785127541869485,0.437596976420882,1.32979570647119
274,"B_p100","binary",2.986323723694,0.482572344016274,4.66139497446723,0.858362183876037,0.738990139918883,0.719867049512438,0.643173337447839,0.744110922341349,0.665302994647156,1.32494362463159
275,"B_p100","binary",3.266737359351,0.293503817998128,4.44327246841972,0.830350995011786,0.841136686274361,0.662961677346548,0.76659135098952,0.660380579293313,0.771424126098771,1.56196520895813
276,"B_p100","binary",2.24285018665646,0.139736539537282,4.77489931205258,0.938319520710972,0.929270376121015,0.859095143497803,0.888619517677232,0.879073885739015,0.898581273849773,1.32850351145486
277,"B_p100","binary",2.28725799604167,0.788159296747909,4.53647798358688,0.929482469357764,0.602060590437617,0.839876048288674,0.476451894502685,0.854043812263353,0.484290585985065,1.43671566288169
278,"B_p100","binary",4.18204478074982,2.31104381834766,4.79594838713944,0.68605540236163,0.212075222566176,0.482870713661156,0.0981645117880191,0.53882339624254,0.135802512451984,1.17811763621229
279,"B_p100","binary",3.65968272368781,0.20509925066731,4.77497921318244,0.778587530014931,0.891738138796353,0.597054575975987,0.835148909886628,0.632309892906194,0.850039708873072,1.37970713352698
280,"B_p100","binary",4.80024925392903,3.02230917274783,4.469479119808,0.606300387739202,0.144122121554443,0.378460473812067,0.0581254024141469,0.377185315966119,0.0623983352416739,1.52416281112348
281,"B_p100","binary",5.18035920953539,0.99356888722792,4.80752302046209,0.542494506206793,0.513968337844483,0.332707300688315,0.392691913137366,0.374520508943091,0.416987652042953,1.24670775964139
282,"B_p100","binary",7.03504594021798,2.50080171337686,4.86904477682113,0.32643132871976,0.197159855146213,0.144057613616594,0.101212015392363,0.171784991023815,0.122709980929991,1.25210827269568
283,"B_p100","binary",1.68464854690101,0.253431705362415,4.46528594550254,0.973492713639853,0.869122926195789,0.930188203538728,0.802822375600279,0.933918383352688,0.80929554110692,1.52935667370557
284,"B_p100","binary",5.42156778154569,0.654898798174447,3.88407364956736,0.484946122125487,0.648239368747074,0.235351907973939,0.510689695704525,0.192145356789499,0.493576587337271,1.82087091945488
285,"B_p100","binary",4.95092632098701,0.0152231149787371,4.67498733940535,0.584314024105035,0.996534383962368,0.365707467844898,0.993324145812598,0.388019330185424,0.994126143732435,1.41228963366375
286,"B_p100","binary",7.24096408310091,1.98665992938243,4.41397484272285,0.29782332883865,0.28947778566527,0.108496644801843,0.148395862874464,0.108086051808457,0.151609108008698,1.6171245878988
287,"B_p100","binary",2.54165767388318,0.981084317168509,4.58832671364635,0.908492421060998,0.543163934341084,0.795305581372516,0.40179625233513,0.816911363000574,0.429763990034187,1.42738668927498
288,"B_p100","binary",2.49568035751977,0.100424584902055,4.84339105728959,0.918386146888121,0.950928668875423,0.822971642104195,0.920392816938282,0.846631346147379,0.9308086087981,1.2901697225655
289,"B_p100","binary",3.62602640496472,1.69634222081998,4.19891105808844,0.785789387786591,0.344167583708724,0.580741783649126,0.194000024154817,0.545562728528366,0.171833797012616,1.84767038959337
290,"B_p100","binary",5.76383275858264,0.843104555604033,3.94229422807894,0.457732875280227,0.58152158656133,0.197046401055111,0.436602771949564,0.165220948285004,0.405356712235773,1.88979916224011
291,"B_p100","binary",3.49098250941068,1.41149416910113,4.44765745405412,0.783587158197905,0.394995861918768,0.600123667346157,0.244705776802166,0.615232556335018,0.266631757629582,1.44053881940028
292,"B_p100","binary",3.9585860433749,1.27789770989115,4.82562434975931,0.736076023684397,0.440616066318358,0.544534255511435,0.295957280285443,0.583785272747642,0.336562483556288,1.29085626217915
293,"B_p100","binary",6.68423608669084,1.88954777923892,5.00692763083854,0.352471785665066,0.283382812006531,0.168567883664891,0.169848642634011,0.220011399256927,0.213872275709104,1.10430252593083
294,"B_p100","binary",1.52422576128294,0.58263589343946,4.68126414465699,0.980479752219492,0.689992726335696,0.951259821550523,0.587371227769899,0.957329158727924,0.595979089714846,1.37930746217016
295,"B_p100","binary",3.60527651947287,0.843177971683967,4.97819679428503,0.781293689316704,0.568821622741538,0.622095129813995,0.437742181661096,0.670159901003052,0.488196584585909,1.17752679018506
296,"B_p100","binary",6.18741196788008,0.72501076509027,4.67285896543751,0.396566148732257,0.633036523538496,0.19630981848857,0.512017046633756,0.225468585439367,0.542944622639472,1.30419884488361
297,"B_p100","binary",4.50519964238168,0.876690851127072,4.24348251039657,0.642811587672162,0.58066736239762,0.398439528720606,0.431112555827444,0.386239257656437,0.441176084328105,1.63501582787338
298,"B_p100","binary",5.12557510407507,2.17247880131602,4.42062003576059,0.548555779165907,0.245093168656243,0.317277896652274,0.130479837434974,0.318900118060463,0.12549841359535,1.57340030265113
299,"B_p100","binary",3.32624746510986,2.01029870323687,4.8825428904529,0.818802936468844,0.28507666352433,0.669200189442523,0.169857617827305,0.708608238750866,0.193984443020583,1.24428384286738
300,"B_p100","binary",8.26235466400881,2.44321972062346,4.91839003853008,0.215924534807234,0.225468891492248,0.0749191916579242,0.114985298417546,0.097575442177019,0.142566726473236,1.26305797347466
301,"B_p100","binary",4.82059091270649,1.67013373050193,4.44785159146794,0.602109925637637,0.33446322601616,0.356268817170661,0.19875191939997,0.3700604979254,0.205319296451771,1.53850889634134
302,"B_p100","binary",4.22896715090355,0.459784618990761,4.61277796115384,0.668752840412716,0.746958918156982,0.461061613760218,0.657539276858298,0.499897500700503,0.678629807918944,1.28218269102173
303,"B_p100","binary",4.42000503140562,0.727334564797645,4.76020249433129,0.666154303934114,0.626291813030827,0.462623731922365,0.515713987576814,0.490538519612746,0.539189271484799,1.30003366267087
304,"B_p100","binary",2.35177838920142,0.0226485438285706,4.66714639921923,0.925929191789081,0.992993431817726,0.841625280222504,0.987456978400657,0.854716090554831,0.988589643198821,1.39035141825882
305,"B_p100","binary",4.09791655162935,0.330882445189124,4.72359972493792,0.70128604800356,0.810819628932825,0.500597814115101,0.741632920295697,0.542022999224542,0.757085657107474,1.28067630204514
306,"B_p100","binary",2.09408272648647,0.176104475145211,4.70023263863215,0.947971722592856,0.906334021233761,0.885050294076529,0.85676554396209,0.894990118600202,0.868107851165231,1.37496579042048
307,"B_p100","binary",3.07975324700115,1.01653803972989,4.74142064676158,0.852810194608326,0.523821903036387,0.708575440115635,0.373867677244593,0.73649183347343,0.40578237591629,1.38952508396585
308,"B_p100","binary",2.80029814167651,0.864353507542105,4.31815748858249,0.884768389125979,0.572291104171113,0.742578394043752,0.434842307200899,0.736861686774825,0.426122467999741,1.67917372687124
309,"B_p100","binary",3.44494694970904,0.59855773107026,4.24340328599532,0.800914406429144,0.687221513599798,0.609391414102202,0.567567237879858,0.591019730653152,0.559595067450778,1.70458453230456
310,"B_p100","binary",4.50549363986375,1.65742412099186,4.3500976472908,0.644602573823555,0.335672300234479,0.405438019057851,0.19113157247498,0.405023245412536,0.185034022460967,1.69261779806635
311,"B_p100","binary",2.00422859909346,0.768407708194395,4.4099693166429,0.95828451635715,0.617639525968795,0.892912822008234,0.478674303890069,0.888897245402813,0.479529955670175,1.68573912361786
312,"B_p100","binary",3.4241758861442,0.355918544326167,4.48662976765661,0.79091393112074,0.803137019749933,0.620011325374065,0.723521774846009,0.634898242422518,0.737089386640749,1.39375163389855
313,"B_p100","binary",1.72089145492305,1.00644514374894,4.69411051226374,0.971915300185921,0.507235695886759,0.930828228818356,0.366197089231001,0.938691122264643,0.389864860971608,1.39993186247152
314,"B_p100","binary",4.03622615679537,0.189385333066472,4.99534304265927,0.7236013916769,0.895136443292028,0.539070407569175,0.844124394068952,0.594845564645043,0.861482668988697,1.19686269898104
315,"B_p100","binary",4.60174623782756,1.02133703132811,4.02628656053343,0.615393703863487,0.505388588958935,0.363299654107309,0.351873163197823,0.329725863683278,0.345580534087739,1.79253047013993
316,"B_p100","binary",4.859074463791,0.0775550988277838,4.38763865203386,0.601458764787399,0.963806380181473,0.357952630872917,0.939612758412002,0.353655022031729,0.939569007823173,1.63717658514367
317,"B_p100","binary",6.2567001819451,1.33663792290878,4.47937106332264,0.400668410025961,0.423466697942741,0.188256580968252,0.267156276560624,0.191469596892332,0.299747534538119,1.4671335344719
318,"B_p100","binary",4.06460002826379,1.04829610988631,4.00381607467297,0.719277645663444,0.510500610962997,0.483036891263081,0.344992538363374,0.420238468222746,0.311794651357545,1.94389329031315
319,"B_p100","binary",3.0886609777801,1.65804517714876,4.86052002180881,0.848553982751325,0.335299700351581,0.713390609464969,0.210779648218103,0.748037547603545,0.235849807311429,1.26218724943994
320,"B_p100","binary",4.9592030385632,0.514582894473393,4.55090564768387,0.571768136385051,0.727248690594461,0.339241031636137,0.611000296222286,0.365888060377809,0.641258953705786,1.39847145446755
321,"B_p100","binary",3.15643686007325,0.77551350385536,4.3070420947161,0.840704136853674,0.614412899649516,0.67193089645689,0.480742712021213,0.662338244713628,0.482246517832441,1.65054992447164
322,"B_p100","binary",7.66835251340235,0.215479357883225,4.80545035902755,0.233603273568835,0.881847329450718,0.0895100994324357,0.833612475177977,0.120312498450554,0.846260960634672,1.187349871612
323,"B_p100","binary",2.43201052875697,0.913765240376234,4.72080910420608,0.918861829404106,0.545880350010118,0.828809424261445,0.423835893014052,0.846521548932557,0.447596239200956,1.31893764374328
324,"B_p100","binary",1.58251150220805,0.29980073909114,4.52948886234979,0.975947370996564,0.831761610682097,0.941759452062347,0.75273069170176,0.947104102184015,0.77176156602699,1.36828330860179
325,"B_p100","binary",6.70725128568785,0.346807596355224,4.78059365196421,0.356524493518511,0.811399400742964,0.167475010243836,0.730932810750829,0.188809833758096,0.751998179277033,1.32310365357089
326,"B_p100","binary",3.13785977396888,0.144360357683144,4.71249413029423,0.835950229888714,0.921012822394873,0.684046102830446,0.876827023218355,0.721432883794385,0.889802502505005,1.29744693202414
327,"B_p100","binary",5.03541063545905,0.354697819632134,4.67248530928865,0.579707874941258,0.808946217103766,0.348918167090399,0.721606396251241,0.374582590694095,0.736108021302151,1.43357104693251
328,"B_p100","binary",6.47801741610774,0.175423970280837,4.77662074978947,0.364625802249048,0.905154516012731,0.16920424217796,0.858819350746911,0.210106239679139,0.872684527598477,1.25194600277354
329,"B_p100","binary",4.21141450017992,0.244997708536101,4.86620789314852,0.691303341669794,0.867218890970088,0.497461894996861,0.809848255701827,0.544346492298184,0.830492191383194,1.19256765259122
330,"B_p100","binary",1.95744934580465,0.418647843513476,5.01288009928285,0.960082382656261,0.777940349279243,0.911495381345664,0.695411067676263,0.926918834898093,0.723050878362704,1.19372061591848
331,"B_p100","binary",4.63973438342351,0.0717471632311687,4.48506752270425,0.624069026407977,0.966793279851915,0.393192713867483,0.947176223961094,0.40626965857534,0.947653856747111,1.50921706512159
332,"B_p100","binary",3.37902595955484,0.522707364552029,4.57448155809661,0.812955894790242,0.726303481812165,0.651129084568855,0.623074252863875,0.657582655982857,0.629193510776491,1.45446612530632
333,"B_p100","binary",6.22850006781805,3.6466503293351,4.81092883029903,0.407850447394622,0.0866360373288193,0.198648389767847,0.0283145779363414,0.240347583060999,0.0386264559532934,1.31258105029722
334,"B_p100","binary",5.72703126885342,0.743418379486409,4.72976132693957,0.471613424359896,0.617854562670423,0.259317661357104,0.488348536079024,0.287164477285001,0.506691923877606,1.3800061833572
335,"B_p100","binary",6.86798206273444,1.67120953595324,4.64129657602735,0.342880701381884,0.330313420914352,0.144725662415303,0.18679340631015,0.158669642688988,0.205617595327898,1.45476038832217
336,"B_p100","binary",4.80848450232753,2.10488315358375,4.60355038489479,0.609512627889853,0.263587554123662,0.379218566283719,0.145716508446808,0.398728209011879,0.151731906873091,1.45959887351643
337,"B_p100","binary",3.88150770093682,0.00477073874791293,4.75426050374774,0.74459543271916,0.99938087428,0.558408266871117,0.998808575199896,0.58775194996384,0.999035036023336,1.2968935598197
338,"B_p100","binary",4.08909283553635,0.925061455571167,5.02004061794364,0.702373818431138,0.533858547307822,0.517966393177436,0.414448696620882,0.588791525316334,0.45372425652874,1.11422231087202
339,"B_p100","binary",5.18444401536805,0.74429138152875,4.70786756813412,0.559945774028672,0.626124910011901,0.329251188154964,0.494969693554979,0.358036325532386,0.517221336188642,1.40878827882125
340,"B_p100","binary",6.18166938162955,0.236006130063151,4.40399280395741,0.415517640886536,0.877267862373367,0.193191339505123,0.814506542824174,0.18848921696822,0.814489246017354,1.60143676884117
341,"B_p100","binary",1.64977907796403,0.193515864563452,4.2453390853506,0.972710459405021,0.894066871212361,0.928532685776238,0.836505519084921,0.927140704665206,0.82946537304282,1.65459022094327
342,"B_p100","binary",2.67932793566773,0.191672685328474,4.41661892878375,0.889757112200897,0.897237335016128,0.767883783236155,0.841934955827217,0.773537589287202,0.850688659153752,1.48492526182775
343,"B_p100","binary",3.54782883628146,1.08079328583552,4.52582067930266,0.782758473820338,0.491364603764081,0.591521789178416,0.352395226798111,0.616251146795357,0.375212346446786,1.43015488294688
344,"B_p100","binary",2.78060787210224,1.39105193193569,4.55269450012435,0.872364589388549,0.370345541608435,0.754911406605844,0.243564949104989,0.769610029257461,0.266054491341468,1.33014170021828
345,"B_p100","binary",2.61534710118393,0.843597604071378,4.41149111628053,0.894554620360004,0.574102333630258,0.780497300718454,0.430945689171361,0.784587424949984,0.455235390596449,1.47465617726058
346,"B_p100","binary",8.46062665027156,4.47087140480494,4.6173292121089,0.196844763535707,0.0540239349520131,0.0624896816535006,0.0140993739939368,0.0661870270607328,0.0146796097667676,1.48070924488031
347,"B_p100","binary",1.56846543616486,0.613545629130559,4.3010736908533,0.976584750208251,0.667273341554954,0.937298164915867,0.533890264833254,0.940252911618123,0.552841099326668,1.52980341894446
348,"B_p100","binary",2.28641117354554,0.473180510588026,4.38805978522704,0.933930594692395,0.746357939963688,0.845914172848182,0.646273519678619,0.841302071250951,0.638536356021575,1.63588489966419
349,"B_p100","binary",6.74366480096042,2.91878420761536,4.62525316056719,0.352623576512241,0.15653779317464,0.155093527562278,0.0676777225392176,0.166509302826592,0.0730571917475422,1.45154855217452
350,"B_p100","binary",4.2530181771476,0.42157918415364,4.43636887261475,0.687867766649347,0.776021848145055,0.467243363041956,0.677763067622471,0.465765781598129,0.686987011979817,1.54007748185082
351,"B_p100","binary",4.0883077899941,1.1387662683183,4.49415131674251,0.714616190195223,0.483084403236618,0.500090586300375,0.327032937531769,0.506344176126323,0.337951625397623,1.56983132906454
352,"B_p100","binary",2.75403182399203,1.29054333768677,4.68234885786701,0.883833580263176,0.415674941349715,0.766120636557924,0.266646938605728,0.787960083311863,0.293751083081213,1.37037816395764
353,"B_p100","binary",11.4429000335372,2.28879421191496,4.7609905807138,0.058765159412592,0.247368185273696,0.00898091871234652,0.132433529634602,0.0138553189291153,0.156550476946361,1.30531110373826
354,"B_p100","binary",5.05225868605353,2.62365001106203,4.93486489028042,0.564242440689869,0.191303034565155,0.363363236081364,0.0974453872962942,0.414523722053208,0.122536175520326,1.18963458695599
355,"B_p100","binary",2.36840245057607,0.549783755352796,4.06549485502439,0.925326980827969,0.711590051105149,0.810368128159697,0.587505526240382,0.792748017485458,0.568703355012901,1.85248884087917
356,"B_p100","binary",9.4292680124852,0.604019730669788,4.78129384740671,0.1329509860653,0.686451881646995,0.0341803812448317,0.568758051983188,0.0457478600731304,0.597726400819305,1.33349795871625
357,"B_p100","binary",5.59964456045823,0.197130064779664,4.44606578997411,0.483011129758102,0.896365963693211,0.242609785819203,0.841367984841701,0.259166912702805,0.850751952377068,1.47282482476916
358,"B_p100","binary",1.53901434810319,0.339499422644368,4.49234338090301,0.981692855663471,0.821134119818054,0.951816464497955,0.731928696860065,0.950234462077769,0.741408065475988,1.57923126463389
359,"B_p100","binary",5.49515158906626,0.460754254199307,4.73190312311398,0.520650555132143,0.754791394097096,0.293694933095123,0.641651484870506,0.317789176698123,0.671686595050205,1.41538684288901
360,"B_p100","binary",5.74554748065325,2.28122902381001,4.82892170280649,0.48032559550906,0.226034951922467,0.278064767514552,0.117206946076265,0.299966626786742,0.146902274661326,1.261314440561
361,"B_p100","binary",2.2087876335213,0.43573113054715,4.51558011805501,0.939591842809222,0.76700669559404,0.858591463602511,0.672807570163922,0.865120788953362,0.674576278969552,1.4998939332148
362,"B_p100","binary",5.79645405187427,0.717902062752953,4.06419214778628,0.446232494166951,0.605340254176365,0.201661249798149,0.4717646862063,0.179566118915718,0.458414707341389,1.75380940222035
363,"B_p100","binary",4.31997677838297,0.777031061505128,4.03263908596282,0.650869462589684,0.610240584095198,0.407998649404826,0.471124804660702,0.378927800765101,0.454416984770936,1.77198287431538
364,"B_p100","binary",2.24060745290709,0.706492596461741,4.40913911223898,0.934871225050337,0.634955674646749,0.848327962852621,0.507805997507005,0.851069090048102,0.517122061642955,1.526711304504
365,"B_p100","binary",1.63735344153456,0.0366974246607542,4.40162266987207,0.975877118252507,0.987612796034942,0.937493541837526,0.977056502671861,0.936364755302628,0.977919707474728,1.58040572392225
366,"B_p100","binary",9.96661126934679,1.06567767463786,4.67506098317119,0.10890344575967,0.490856432742001,0.0240910096950298,0.349045149544247,0.0298277489784021,0.368196728314254,1.44502851240233
367,"B_p100","binary",9.54278080467796,1.73968871728526,4.66655724741385,0.12185529402048,0.302725561476595,0.0320055588588509,0.170493286678917,0.0379800349555979,0.185697716898229,1.41130560689591
368,"B_p100","binary",2.06433207845518,1.27994118659157,4.86627733908961,0.946199106999053,0.449041379041712,0.88806877289159,0.329128034906187,0.907528133481261,0.360274649745047,1.20452789693849
369,"B_p100","binary",3.06247369014691,0.745233357141429,4.64627472249196,0.858219562111471,0.630943485764188,0.710862802087665,0.507952173524727,0.727985915584435,0.520701281947786,1.44506761846264
370,"B_p100","binary",1.20337709565514,0.205697983957228,3.77016765381389,0.990798190351346,0.88744454792663,0.969771021039112,0.81251866802124,0.959117732451031,0.789408315101386,2.07371345369928
371,"B_p100","binary",4.80309579938533,0.852033351593772,5.02244796594479,0.609286125124711,0.584419945311337,0.412301532839342,0.468071827836817,0.467905608290565,0.512147149305448,1.1287034348528
372,"B_p100","binary",7.07513743323407,1.90355015828735,4.70786818623379,0.326186830004814,0.310235966508677,0.132608092069628,0.17294913947585,0.149863945530365,0.197285825721309,1.41336849083764
373,"B_p100","binary",4.69333249685108,1.44389143246594,4.58875615052303,0.602755444588932,0.360898818253729,0.386623712649305,0.240993532973838,0.415255796249785,0.262506768596384,1.28681013673898
374,"B_p100","binary",1.5715292626106,0.320465415170734,4.90437943664218,0.978650773648395,0.821861723263834,0.950092915975696,0.745532514997958,0.959335893209037,0.775912871506632,1.19556403071917
375,"B_p100","binary",6.20224204281304,0.913649141726457,4.8843799579752,0.403753384778801,0.560805720239523,0.203754748777174,0.433226534737956,0.253518458023649,0.470367210421247,1.22137808594337
376,"B_p100","binary",2.7493283571504,0.876993870930918,4.80269401768779,0.896264565374227,0.578821396623211,0.779470837428593,0.440644724780046,0.801774352587344,0.477732224593005,1.33706174309608
377,"B_p100","binary",4.29550138262035,0.0374610171293423,4.5655071473255,0.673334629916889,0.986308084303432,0.452372616754809,0.975920712154521,0.479980493285099,0.977515333686649,1.45414101959515
378,"B_p100","binary",6.33070078058415,0.869753225070393,4.77310095226147,0.415953169593093,0.59339433327132,0.199335091969384,0.449633064353736,0.224435825432321,0.480547390281893,1.3972056235485
379,"B_p100","binary",3.25138159514921,0.488920396652598,4.90674579538443,0.839940576924057,0.749438762995938,0.699978098181258,0.649278426215779,0.725352475421188,0.669842730047543,1.33210431046643
380,"B_p100","binary",4.84474243397119,1.53569069161479,4.85717886202823,0.61043640249841,0.379413114257,0.391044083704452,0.244575248838512,0.434886109020708,0.271570866262989,1.31520503531016
381,"B_p100","binary",4.45535404127396,1.1894865755838,5.10528039600737,0.658604106986864,0.467371459238884,0.45962505359345,0.342787291467011,0.538144432298304,0.387333965160589,1.10321669096865
382,"B_p100","binary",1.92261248593631,0.218014800251609,4.35889155458408,0.960559771393782,0.883392683793614,0.901769613615371,0.828464676290603,0.897249855619805,0.826523236201817,1.61452195902336
383,"B_p100","binary",2.15775320749786,0.810817547690136,4.66880168588634,0.940108439657568,0.589187577096874,0.871560612036071,0.463509303451511,0.883999947326497,0.491230510592317,1.32318230306837
384,"B_p100","binary",9.7919050907692,0.384837806585902,4.55601054297409,0.102967172424123,0.789533315197363,0.0233352292463095,0.69515864900124,0.0282647852090552,0.716617533021705,1.39991020186076
385,"B_p100","binary",2.47656826845076,0.592814324095038,4.59952720139789,0.918613305006296,0.704059802439225,0.819816467823385,0.593790066614528,0.829538153652841,0.608670599610452,1.44375630120895
386,"B_p100","binary",8.19248071555509,2.13953401722296,4.81861668911999,0.215308365870235,0.247366356055868,0.0730891918961608,0.133258932552526,0.0927729831752787,0.150340202732566,1.32749462787332
387,"B_p100","binary",2.71036468980592,0.75081067704851,4.60976428646299,0.892536579157862,0.62906785753522,0.782234711836821,0.502153817051749,0.78886575375185,0.516707155781185,1.4423863016056
388,"B_p100","binary",3.28548238028317,1.11839501387181,4.94404566247186,0.824811603796117,0.494795583320048,0.684657137846308,0.372217094284956,0.723493071104436,0.406104918736978,1.19491526472279
389,"B_p100","binary",5.74958772538272,2.1082521454569,4.60587885427454,0.459217682792952,0.240159068511516,0.244392315200793,0.123471080307851,0.265379647884493,0.146226632250254,1.34762728420383
390,"B_p100","binary",8.9738888230892,0.243974245720264,4.27937351780805,0.155120701371889,0.867077579352259,0.036337260830938,0.802477099400678,0.0329851204687336,0.794487198013773,1.6717195100522
391,"B_p100","binary",4.35262654024835,0.142435223343608,4.80159890678394,0.668405264551411,0.923940939540942,0.466135272716915,0.886122896055551,0.509185788348321,0.896531941131479,1.27864259582809
392,"B_p100","binary",2.71141756521495,0.212443973130409,4.6458231345315,0.901390038520319,0.892242532157037,0.795190302637681,0.835911681269862,0.793118083569566,0.841634898683089,1.48925213435814
393,"B_p100","binary",5.99753791519905,0.258774377751514,5.18560768212926,0.454706741799896,0.863863311553642,0.25473894606148,0.810930628300088,0.320850171014193,0.831171837945064,1.10991603349463
394,"B_p100","binary",8.76260045069636,1.5289187728584,4.87204670021419,0.169005178634373,0.344143295070539,0.0594121474356359,0.218831994880545,0.0725268491337792,0.250993950794241,1.2109833908592
395,"B_p100","binary",6.39195970007661,0.819896326034087,4.54953319615865,0.373372730777924,0.596254276132397,0.16807841138364,0.464620065612388,0.188259802680701,0.490677759076776,1.37864773533359
396,"B_p100","binary",5.13758502956601,4.14938576277171,4.47907177043491,0.540404816653024,0.0633729887477267,0.304279365519899,0.0176328102457191,0.326852727371917,0.0191507092439918,1.48914855212259
397,"B_p100","binary",3.21658834706924,0.141438988639672,4.94551029150228,0.836385308447292,0.929531651998527,0.701315528555415,0.88848673459627,0.735762528958673,0.905358279895138,1.18453848199345
398,"B_p100","binary",3.15546785642713,1.10548441419078,4.60691024734902,0.847365980217934,0.501299503783437,0.694431651965705,0.346306930386848,0.705116311737233,0.367389561631043,1.52130955910146
399,"B_p100","binary",1.24423507109099,0.312316375531828,4.89056521276351,0.990725175578884,0.83779549493175,0.976224035601738,0.768496993892467,0.980475341193746,0.79170255954057,1.22990362411151
400,"B_p100","binary",6.52983964646244,1.90837753968331,4.4446235420089,0.381565813450906,0.307902228343669,0.167920097739798,0.163801664056457,0.162391426797746,0.161017527383626,1.64213775953141
