"rep","cell","pen","S_unc","S_dec","S_edge","tr","p_unc","p_R0","p_R2","pe_unc","pe_R0","pe_R2","nb","nbt"
1,"A_p5","ridge",13.1806976670103,2.69840471059825,1.09115573848055,7.97132428095845,0.103455047848709,0.952604205546981,0.943722461264367,0.00291507150056858,0.588916952389467,0.545865055968229,0.341615888996775,0.642392227237416
2,"A_p5","ridge",15.8044862559712,6.59408712155375,0.740520261895142,7.98560881465248,0.0442771090815618,0.580421400441618,0.540257593193243,0.00712421682342279,0.702238629842461,0.66846986808536,0.332538588388176,0.643434335460541
3,"A_p5","ridge",27.614014995617,8.24444858096553,0.804875862320286,7.96376396293428,0.000511793315315257,0.406325971081698,0.323106101846185,4.00814725520782e-05,0.677719281596886,0.607752278236551,0.477426267235217,0.898893665085302
4,"A_p5","ridge",26.1973140045352,10.1512060000375,2.8759990293725,7.97770120817336,0.000913517433443145,0.251975551476004,0.188625431014308,7.51816895740998e-05,0.240163223990485,0.168358056573616,0.460090356320717,0.858757089973786
5,"A_p5","ridge",19.359532393025,3.71782938855077,0.880940716758549,7.97540367471017,0.0125296190721517,0.882344123045028,0.85194587642462,0.000252514487666056,0.654913757195167,0.595889476922721,0.423169668806736,0.813721704220845
6,"A_p5","ridge",24.7984277720028,8.85171747483309,0.478311779589078,7.97695092647124,0.00159014481439068,0.352434099425939,0.294618075724238,0.000253668237650828,0.799538189026224,0.761733334841918,0.405285499688044,0.782282985077618
7,"A_p5","ridge",19.4823591613745,4.93534994664223,0.56728379843532,7.96408101598014,0.0118133884344021,0.763890781246849,0.722590830317961,0.00047599008072774,0.76747605999115,0.727863845529002,0.3857388684545,0.756425627353412
8,"A_p5","ridge",18.1925835858479,6.76186517769419,0.578076470283277,7.98503222842616,0.0192480440542615,0.561806911453724,0.509794434333343,0.00244778610672769,0.762985166886376,0.726043033381795,0.374077557934795,0.725046315688942
9,"A_p5","ridge",29.7834944084897,11.2962291198068,8.23052118891049,7.9769530927455,0.00021454844180846,0.183000537018266,0.133367518612729,1.53449648276904e-06,0.0163355913208718,0.00617764705310164,0.443676406611679,0.840606942459584
10,"A_p5","ridge",17.2162199655866,8.15789129777478,1.92034331141281,7.93776035357525,0.0263426025113592,0.412018046884268,0.361350700069459,0.00393558808972139,0.384296576458083,0.333096938460318,0.364975526478891,0.694750095435605
11,"A_p5","ridge",22.6450545111589,6.99875525174889,0.234794878911917,7.9780112022173,0.0036767205332402,0.535125085192241,0.463367225228726,0.000316681914366623,0.903376027533357,0.877729011884486,0.438157904344341,0.83669946395574
12,"A_p5","ridge",18.9965900250911,9.96927477287771,1.38757566235215,7.97996195517739,0.0143323093772417,0.26472081630718,0.229156058195234,0.0052225391189169,0.507703646719998,0.462590115835244,0.338392916236985,0.605690729575314
13,"A_p5","ridge",18.9053492713356,9.02642200311029,2.43534483615429,7.96696942622664,0.0146720215353598,0.336521934127291,0.289524687253498,0.00205037836937538,0.296464577001719,0.244218230330295,0.370343552161635,0.682627213068962
14,"A_p5","ridge",19.5130057966514,8.21899709031806,0.389791953474035,7.96629946003104,0.0116127267716577,0.408928988625366,0.356344379569148,0.00283746568056897,0.846430098768964,0.814022020115769,0.382462672075501,0.705977062767054
15,"A_p5","ridge",16.6491971012185,6.00166776878382,0.633445808418685,7.97597814254207,0.0329584699925288,0.646012091090741,0.601671293215831,0.00332979522088994,0.739867172687108,0.703586589373768,0.366150441217744,0.667220975343152
16,"A_p5","ridge",24.6219748826832,10.5848284941484,2.95834446818082,7.96737789604634,0.00167503718310968,0.222835665346542,0.180325236594909,0.000190758689145198,0.228713272384564,0.179494273327353,0.376968410696382,0.730658797697798
17,"A_p5","ridge",17.4363145039065,5.5239370240927,1.3004429121325,7.99019734512997,0.0253258063412873,0.70079645446737,0.65754220428371,0.00132860285447056,0.528800378360753,0.47441106227946,0.379455173734415,0.69423136246495
18,"A_p5","ridge",19.7838873792202,3.11821082010013,0.176601682762521,7.993032480703,0.0108694530841189,0.928197754472073,0.906051654483235,0.000226922555019882,0.933845154433694,0.913329435799613,0.439020761828361,0.854934699842851
19,"A_p5","ridge",19.7379071002437,7.4388689387957,0.474905077987095,7.9876408754889,0.0110714413284185,0.489126496077457,0.425617308392612,0.00159510012211106,0.800349671846668,0.76477246207187,0.410658769754025,0.755187918458567
20,"A_p5","ridge",19.7071874809856,5.40611157649134,2.1080465623437,7.95577338208335,0.0108369691423394,0.71141812687711,0.665751989229952,0.000269150142807151,0.351925948621987,0.29195056251634,0.390563820861525,0.730950805538855
21,"A_p5","ridge",25.9320084835055,7.7477748889829,3.41500563991348,7.95871399290803,0.000994302137179881,0.454536793213559,0.377502075149478,1.88172957731325e-05,0.183897777954958,0.12140659143772,0.452613051503303,0.881670062843085
22,"A_p5","ridge",17.0592894398827,6.4444873171685,2.65160014066036,7.97160955892943,0.0284613919821872,0.595825170234783,0.550808688790253,0.00122837035555423,0.268443444173126,0.220991861403676,0.357820049765296,0.663079512182609
23,"A_p5","ridge",27.1342659620773,13.4816212877584,1.60161474876635,8.00065575691547,0.000643646174368184,0.0954615530173545,0.0685985971456726,0.000485530736208162,0.458110993838047,0.395061445275806,0.396667189765896,0.754770113103932
24,"A_p5","ridge",15.9433246691769,7.84636348140591,0.376109449414976,7.95556429578654,0.041344917113883,0.444328871079209,0.398542036353296,0.0146041126207775,0.845777639182404,0.822332843618939,0.345782442325244,0.651308534795185
25,"A_p5","ridge",16.8500352116333,1.59631986206781,0.220513608599062,7.98783199472706,0.0309965904543406,0.991466070936482,0.988727585823663,0.000404563035787064,0.911124395533371,0.890740121477268,0.396765590040034,0.760756834932953
26,"A_p5","ridge",19.6859555540991,7.27555800667016,2.55702769338229,7.9804688117373,0.0111369280888265,0.505741747182098,0.462944210363153,0.000539776633586619,0.281284620113301,0.233827328025562,0.342738018054746,0.666789431171425
27,"A_p5","ridge",16.901385543712,6.07743661798726,1.46720317472238,7.95136614477679,0.0296373539009476,0.635368015761311,0.59767654447954,0.00207347982290396,0.486848353730956,0.442829781684215,0.333984023709484,0.629641748687549
28,"A_p5","ridge",27.6832280022993,5.48741734544837,1.12613365423668,7.97876362020438,0.000505505798500616,0.704013278444334,0.631732394623962,8.09988284455887e-06,0.578838130496115,0.494956446706784,0.475482817278627,0.920083233164719
29,"A_p5","ridge",22.8668221848326,3.55786884879485,1.09241122110403,7.93293246043542,0.00321451093231762,0.893704780543387,0.858802801290675,3.35705771041805e-05,0.586460704029834,0.511995081116891,0.464549673357958,0.88220502312707
30,"A_p5","ridge",24.4262700616131,10.8795787733725,0.579781103106243,7.97547539917838,0.00183554631049621,0.205941209032645,0.163334899463155,0.000756918269482099,0.760897024817123,0.718395615045526,0.394761998013474,0.759826182664927
31,"A_p5","ridge",18.5084718781618,6.63198804484458,0.295591133750539,7.96016876721191,0.0168254224949635,0.57389437351915,0.524952961460424,0.00217031144207724,0.879962304189886,0.857501054187188,0.370120995502546,0.688507588237929
32,"A_p5","ridge",15.6222245684598,6.95663436989428,0.791894441656479,7.98891707485318,0.0472679517161785,0.540745755425972,0.503683813406136,0.00884919096581294,0.682912701497946,0.65203962477357,0.318843284048145,0.600928303313704
33,"A_p5","ridge",23.3730578050416,4.67287186581941,0.671808052967438,8.01498112195628,0.00286786643985271,0.794747720678781,0.748259179640646,6.01489016163193e-05,0.731015525996873,0.675948911224062,0.428758996873387,0.847310128891133
34,"A_p5","ridge",25.4149285723586,7.24738168300753,0.866862946677022,7.97734827308628,0.00125038009337275,0.508333014150019,0.435507437159508,6.86925996651322e-05,0.657142417166611,0.591067134406186,0.447282671553217,0.827113084994974
35,"A_p5","ridge",27.0297633128255,15.251665805404,1.01884307257599,7.96219931692256,0.000640179824951681,0.0525174960410948,0.0380863563832241,0.00163584744020373,0.609778378284847,0.563259873017615,0.35720346575842,0.709827830068773
36,"A_p5","ridge",17.9544100563902,4.39064331792549,0.376344775277316,7.98008829295412,0.020958773767646,0.820498153069396,0.786454439067452,0.000919960119322383,0.840296834843128,0.812790527505934,0.388926362593394,0.715323931154293
37,"A_p5","ridge",18.7636293252421,8.6843606907785,2.76088546933856,7.97179203344406,0.0155588757154428,0.366649980001373,0.323555144475078,0.00165708296014189,0.253086227728722,0.20981452752848,0.348183896624469,0.630071647458893
38,"A_p5","ridge",20.4787623405488,3.11322253659239,0.410298815891078,7.98847173300461,0.00840376071267657,0.928145200958196,0.907784675025177,0.000133551018711486,0.82848558065127,0.792283425122636,0.418504271759513,0.806408863126998
39,"A_p5","ridge",25.8614603669653,13.4439434990224,1.48271962364652,7.99679532972036,0.00106937364676729,0.0965349614011473,0.0722420739220895,0.00101346267609614,0.483725471077935,0.427217608966683,0.375635973339802,0.715814520584372
40,"A_p5","ridge",21.9796308069333,7.94574966939851,0.261555329918073,7.98509390077869,0.00476137896824114,0.43735867931858,0.391306008518764,0.000754669417645015,0.893240282526634,0.874901472746072,0.344048542838152,0.708366976057292
41,"A_p5","ridge",24.0591846921264,10.5760342712515,0.317534489052658,7.98249310714395,0.00213491385433628,0.224735010095427,0.180524775805775,0.000991659603750361,0.868692911147224,0.843893971294838,0.384069797284349,0.742010775860008
42,"A_p5","ridge",24.2617850749382,2.59091120635749,0.818020440714677,7.94209439881641,0.00188288141975712,0.95756132121782,0.940590384693285,1.23619911451822e-05,0.673889635341984,0.601469127698356,0.475609251861622,0.909798677244139
43,"A_p5","ridge",19.1225654727943,7.27019798007217,3.89138277633126,7.95223985723058,0.0133249436812219,0.503606777698607,0.45483607510358,0.00039071128764645,0.143680693238703,0.106625565846449,0.361095890613891,0.692992377443101
44,"A_p5","ridge",32.5119088626641,13.5920646488505,7.56643247874434,7.98214696232598,6.97922371342141e-05,0.0913948797044379,0.0557568324671057,1.54488806369812e-06,0.0224159492841896,0.00837680585506695,0.475346087153929,0.911744765781637
45,"A_p5","ridge",18.2876193377342,4.91677452121977,2.12869100126505,7.9856662301527,0.0185599539805612,0.767347636054726,0.727673630920986,0.000414988325270982,0.351546656813845,0.290902282891933,0.382211858766588,0.754687024274311
46,"A_p5","ridge",21.124446553417,7.56284530863577,3.92093359868148,7.97094343418632,0.00646436692706664,0.474694151363646,0.419747039567092,0.000159526480620897,0.141884440079414,0.101032071064747,0.382312381776135,0.739511003781648
47,"A_p5","ridge",18.6834884349364,5.83411303239576,2.83813147966849,7.97574916999332,0.01608450272554,0.664711360966809,0.609599715772523,0.000376554443374588,0.244866274605959,0.185630581009124,0.410771920012252,0.765058592801133
48,"A_p5","ridge",28.1347228938245,14.1700955326059,5.06216879790857,7.98210657484352,0.000422101220711957,0.0759554574076571,0.0552155203333968,7.156399925623e-05,0.0799333440281631,0.0531202919467026,0.375632136489588,0.725029786414453
49,"A_p5","ridge",21.5238742741814,6.00393328493216,2.94079460087821,7.97533750145029,0.00558687113889533,0.645858927565215,0.591451255014545,9.18200210118236e-05,0.231741429002096,0.17530073570593,0.406204299392989,0.7511047317141
50,"A_p5","ridge",16.5149641099812,2.33770242621796,0.205372189691276,7.9589792544816,0.0341244541143977,0.969348221368642,0.961151733340424,0.000710655292507134,0.91745756126324,0.900231047761855,0.389746572082174,0.733394867062783
51,"A_p5","ridge",25.2377723865975,9.74977737822469,2.0147103276919,7.99466030507344,0.00136407203343392,0.281958586631692,0.221377789813028,0.000152183680813378,0.369868186812938,0.295460991465076,0.439633976559599,0.792053583613305
52,"A_p5","ridge",26.732624292844,11.2754362013192,2.06896202171199,7.98888426469757,0.000747661240007469,0.184910834126964,0.142436165159809,0.000138411324606569,0.360933737411203,0.294848700797921,0.401944771244426,0.790941487077135
53,"A_p5","ridge",17.780894139438,9.37212315081658,3.47531966224033,7.97819785817375,0.0222028654100506,0.309381726226311,0.270794582438454,0.0026593105367777,0.176178473728368,0.140656063515388,0.33964348848398,0.622346952358523
54,"A_p5","ridge",17.94022514249,5.15523918634462,2.86719547047285,7.97451951497849,0.0209260067535073,0.740399707203908,0.697830175429597,0.00039653940333062,0.241097634954161,0.188090003427004,0.387666966174132,0.728170961578992
55,"A_p5","ridge",21.4026240594322,4.80511234599929,3.7207378781826,7.99595516853296,0.00599015645149759,0.779434355801284,0.729259267580757,3.77033739975552e-05,0.156586530869437,0.103291897929578,0.432434392186292,0.86845702147394
56,"A_p5","ridge",23.2004917813479,4.24221136507152,0.905409480887855,7.9786379550628,0.00296743089140106,0.835092732208648,0.796591990504231,4.65100653943562e-05,0.645158565730584,0.586205039321994,0.420108595161731,0.825447694737087
57,"A_p5","ridge",15.240031768334,3.14862747749374,0.783662781491501,7.97977435518074,0.053351573307395,0.925640033378011,0.910617585274441,0.0016134504690537,0.688040197746813,0.647321159121411,0.360861387545495,0.69488780007005
58,"A_p5","ridge",30.6312713962916,13.1672490922191,6.94419211546376,7.97863617063363,0.000151458014869155,0.104294891754424,0.0685809340910263,4.29302787396946e-06,0.0300778452050564,0.0122794755774827,0.462315476493887,0.87049402045779
59,"A_p5","ridge",22.9717689444557,9.00428410610985,2.47028232405955,7.99295037927193,0.00324972783180599,0.34072847647963,0.288417485509096,0.000259242519061953,0.295842526501666,0.235389881775826,0.388263126911469,0.758204882667445
60,"A_p5","ridge",19.0141456922985,7.59423058002632,1.23102917621965,7.97928280103775,0.0142388957668099,0.472264811579468,0.421774078173354,0.00183138138514616,0.548468102483093,0.497966415335846,0.367082908102223,0.682701152242608
61,"A_p5","ridge",31.1950293665127,6.49009299012254,1.97032226102426,7.97290680619601,0.00011821120153277,0.590935183463526,0.501953650753861,1.43783970907307e-06,0.377939408793751,0.28259767931494,0.494013374987951,0.986836736729713
62,"A_p5","ridge",21.7230889166672,5.38760870709919,0.402098256507466,7.96682744734502,0.00517840632227839,0.714002811344113,0.669384427791431,0.000211164804042818,0.827943225479222,0.799803537818983,0.376858940696846,0.770110231566885
63,"A_p5","ridge",28.6213251918064,7.76110348312374,3.59318553231359,7.98089013111986,0.000348783253328211,0.455366512477035,0.371969242282468,4.83515713489702e-06,0.167104542859756,0.102370560974455,0.477789978955158,0.885884817991508
64,"A_p5","ridge",13.7524602120916,3.50970993448556,0.777360321238424,7.99910749652416,0.0875863990984468,0.900172719684975,0.881555941887321,0.00419490632366126,0.692109865857631,0.650325743803911,0.360544711006661,0.691240556361125
65,"A_p5","ridge",26.0542123940364,10.2949203636166,5.59414872413277,7.96567840092752,0.00094584290707167,0.241169860937081,0.19411647433707,2.21378111486814e-05,0.061364594335362,0.0357994408383611,0.398535694000964,0.764628581113055
66,"A_p5","ridge",24.6108558828591,5.44633350706483,1.72831525606351,7.98675293787305,0.0017271538282414,0.70931233097027,0.659139828882755,2.74162738438388e-05,0.427786291712833,0.356095544580909,0.406000796415056,0.829599389584308
67,"A_p5","ridge",23.4341435385489,6.94292602733568,0.166369987585927,7.98319050461345,0.0027275724127358,0.541701724126196,0.475221228025736,0.000232300498136162,0.93530154911431,0.917992549372937,0.421309546068626,0.803326418869576
68,"A_p5","ridge",26.6330289744797,6.55346450058678,0.104759360457123,7.97664584531745,0.000771332646717693,0.583963699701875,0.5107610346381,4.36303550164219e-05,0.961982547979437,0.949637753823668,0.44356304592448,0.874538729474029
69,"A_p5","ridge",17.0019920061975,4.36305657544034,0.246056480930702,7.96672488458064,0.0290048736728049,0.822562262277685,0.789625771714717,0.00150094261238198,0.897672974897411,0.87692637017087,0.383666267829297,0.749476030215368
70,"A_p5","ridge",24.6036898755934,5.39637030227075,1.73270402642335,7.95900997448301,0.00168330428535368,0.712561289786527,0.644585038435231,2.61516758024438e-05,0.424579515003046,0.336983699797183,0.469367209772685,0.892330237056457
71,"A_p5","ridge",25.289516355039,11.9055718436744,1.82036141103821,7.97761775508268,0.00130361180400917,0.153019904039724,0.117568611587918,0.000466421666771133,0.406618172079081,0.343626583065597,0.391385296037432,0.74543632846298
72,"A_p5","ridge",22.1284472921105,6.89278263662703,0.137759789140112,7.98387200161725,0.0044717682433133,0.547401683081792,0.496883436977355,0.0004415812561126,0.951572609377554,0.939673905364424,0.371012776650367,0.747357736773693
73,"A_p5","ridge",16.7291081483755,3.49515718511643,1.41827923289263,7.98738526344257,0.0324497235082351,0.900226148436278,0.879438584810309,0.000661369651721699,0.497525652719919,0.440690360991239,0.380914182172604,0.733954152305412
74,"A_p5","ridge",15.9601508229414,4.51884340448359,0.535104255716418,7.98137320313332,0.0419953989526378,0.80778229779106,0.774735169942058,0.00237878684754622,0.774847070865192,0.740940648935684,0.377750721379656,0.692480115534846
75,"A_p5","ridge",23.8432154320885,10.7333760771023,1.49264319187557,7.9730329966719,0.00229644226951753,0.214348133190313,0.171939521590274,0.000612599340162001,0.479707502411977,0.42003725411075,0.382897202386479,0.762470908516847
76,"A_p5","ridge",19.810155233851,3.43907376861583,0.56606666107571,7.9894230629862,0.0107348060789844,0.905262796884217,0.880082445036446,0.000205286822886896,0.768207662297657,0.722748228889804,0.423112227837932,0.802251176793002
77,"A_p5","ridge",10.4793883891722,2.15841172259445,0.735592794004593,7.97669981008835,0.230233330974507,0.976563863512229,0.972073371233653,0.0102451435646005,0.703452031456663,0.670265188917794,0.33279737902639,0.617918833914554
78,"A_p5","ridge",21.6680412635242,10.430334544182,2.82931764720832,8.00503620350737,0.0054444207797204,0.235700898815821,0.198427770885079,0.000842598841794717,0.247328212243999,0.200784906692518,0.352234539496202,0.668201299566909
79,"A_p5","ridge",23.9451204729966,10.9472505047447,0.828132191765628,7.99101748306712,0.0022564151586304,0.203280941550829,0.165588535848353,0.000966350474817523,0.671511930940607,0.628420538552858,0.368878898690045,0.685037815157743
80,"A_p5","ridge",26.439346807541,12.257986214141,2.85580781938104,7.95024905668914,0.000805280050936386,0.136218664172718,0.102599692211317,0.000203849116155785,0.237970349547044,0.183548711428612,0.3926703343165,0.762253660025537
81,"A_p5","ridge",15.8961034474147,2.7317550500141,1.12106580515001,7.97752140545515,0.0427110766687566,0.950905872132424,0.938351350450805,0.000760482542630281,0.579694774094674,0.523132744918875,0.397451557163347,0.724364875595305
82,"A_p5","ridge",22.9416984518711,4.89217037992746,0.898518163133997,7.97612645926412,0.00328139302106423,0.768700185241615,0.715752198919582,7.14834718935631e-05,0.644779697208378,0.581578818222679,0.439005959851895,0.865613167461516
83,"A_p5","ridge",26.1559684026056,8.01697585632743,0.866716859914416,7.98982142310524,0.000932162565607686,0.430823060998427,0.364815935536651,7.67308505058573e-05,0.664371410381232,0.60201786634552,0.422606604844028,0.839074566303702
84,"A_p5","ridge",15.9704668022107,6.17549373250231,0.130639885763092,7.96279092229781,0.0411630996845811,0.625393472925806,0.573296838918552,0.00666350598468646,0.953465721306938,0.941334439616373,0.393530365058588,0.714950163096016
85,"A_p5","ridge",18.2632323023613,4.26732253205511,1.9073445780047,7.94153775448023,0.0180934937723474,0.831050953172948,0.798764381181416,0.000322148676087486,0.388835970824565,0.328013556882452,0.387925174061486,0.741977057747659
86,"A_p5","ridge",23.1021615066429,9.36922372621707,2.23426040140692,7.99445390014529,0.00313832087393129,0.311146706163862,0.257753426073314,0.000357876321870565,0.331597832426041,0.27201986514623,0.392791323185646,0.746462394557601
87,"A_p5","ridge",30.9803581769365,12.591699701449,4.9445963319564,7.9503013609062,0.000125331412637597,0.12285995121238,0.0831549741692934,8.16234646816572e-06,0.0850872956994846,0.0477064324362154,0.452381954593962,0.841565716742377
88,"A_p5","ridge",16.5422087958465,5.30436982033077,2.36328073516191,7.97954007407745,0.0342811078644368,0.724441746278534,0.686675052700726,0.0010965507617875,0.311003472566057,0.261466579445686,0.354018296263261,0.694110642009692
89,"A_p5","ridge",17.5623404326193,2.65403839139488,0.0595176305780955,7.96263351153818,0.0237645573784675,0.954500512565846,0.940667416851755,0.000541978363095441,0.981272852486866,0.975345331590433,0.422158265225339,0.806494996761914
90,"A_p5","ridge",14.8835610076236,7.3301514953582,2.08097447737201,7.97817337507267,0.0598442409409996,0.499772402484516,0.455394005201072,0.00806068113007508,0.360257851255019,0.309639193233471,0.353435953823596,0.634125681238698
91,"A_p5","ridge",25.9988433431885,8.06521775845804,1.72542450383925,7.97689276248185,0.000990637159267727,0.424835318993128,0.34767660089439,5.11746211608877e-05,0.42705787975345,0.345829635981326,0.455101475288257,0.894637025665407
92,"A_p5","ridge",22.6887389833611,3.85469232783623,0.507298647491569,7.98502375972525,0.0036328763129494,0.871003266594998,0.832057774541798,6.35831796071962e-05,0.789925682398123,0.740192618696854,0.454762502118061,0.909519333691776
93,"A_p5","ridge",22.3607003151133,3.679148864887,0.04424198536367,7.95727026718543,0.00398242014395578,0.885105416512958,0.850326965759435,8.02241213833099e-05,0.98917210024967,0.983874303936891,0.457915552319669,0.876393246542756
94,"A_p5","ridge",29.1421914043296,8.16211652468012,0.47634138768029,7.95952009443372,0.000270949115017682,0.413742966940909,0.33647848182416,2.03836201937424e-05,0.802851430025795,0.753359297569468,0.455180734506646,0.912494795052779
95,"A_p5","ridge",22.5484888245981,8.35625355464927,1.49733999132309,7.99091617298315,0.00386491262726407,0.398447713476772,0.335422227776748,0.000369011013241716,0.478466435143406,0.41389482333058,0.416022582044242,0.768124251160363
96,"A_p5","ridge",21.4250900718702,7.85747849158743,3.56138122113314,8.00227512669465,0.00594630040290256,0.447837159998854,0.394696598183505,0.000181625575162325,0.170125635158179,0.127729448428673,0.375623898450044,0.710110429952659
97,"A_p5","ridge",22.7714977335489,8.92758627055401,2.03117702680721,7.97362431993457,0.00346844235168198,0.345524981446549,0.289744832706172,0.000320748469138765,0.365098220430737,0.301960167458381,0.396683429621719,0.757685845743042
98,"A_p5","ridge",24.3986470126926,3.9689052233272,0.934800807329634,7.9825143934106,0.0018707161477618,0.860724539938377,0.818902741732189,2.35527205778574e-05,0.637299615742794,0.561844396225469,0.46706272189021,0.900758407260618
99,"A_p5","ridge",17.5567007724615,5.62888297285199,0.918767388711434,7.98858341968722,0.0242544812139591,0.688913277741513,0.644559162582866,0.00156538501483905,0.640325454143271,0.593562361803205,0.374042675386327,0.717013798672791
100,"A_p5","ridge",25.929479228492,2.37391046411901,0.945208769102266,7.97574481264824,0.00101713214596344,0.968012416123588,0.954457434653203,4.28332273183507e-06,0.631023654729646,0.551622172090624,0.48037241919672,0.908714243125687
101,"A_p5","ridge",21.7229818605136,5.65391059012223,0.286291433123599,7.95959520856252,0.00512574523038101,0.683793362426458,0.62274933494331,0.000289691747702214,0.880331323970511,0.849882591774927,0.441364329986587,0.82779554681281
102,"A_p5","ridge",19.2869951332411,5.57402299335338,0.417855245353201,8.00729226795303,0.0131640667204305,0.696987718044866,0.647765649222802,0.000839727008616231,0.830569618160009,0.795549150314964,0.394231958158516,0.771025950394925
103,"A_p5","ridge",19.6413372235179,3.87512068875687,0.721885680558895,7.97532483252563,0.0112733636121221,0.869009441291813,0.834567446125593,0.000254953222007748,0.710437308660473,0.651678764955376,0.437980236793366,0.827670585124786
104,"A_p5","ridge",20.3985890939579,9.46082902169617,0.465913696663881,7.98497674128292,0.0086124996775917,0.302997435273634,0.257034224001134,0.00308327903365391,0.807320701596107,0.776531855167584,0.370361215453541,0.695552804823647
105,"A_p5","ridge",12.7888804301379,2.98989437117548,1.68154419374957,7.9826225926207,0.11747969836706,0.936061698480098,0.922880783269179,0.0031427560395314,0.438525806688126,0.385275734116771,0.36482734898671,0.67705743267649
106,"A_p5","ridge",22.6226155231048,8.82130532696011,0.260025898675274,7.98331770322246,0.00372201757259583,0.355676540120671,0.297321930226238,0.000903130660097506,0.893804512447139,0.869617766774291,0.405154389603996,0.771251541819302
107,"A_p5","ridge",33.6415885097313,11.5711108811363,2.2529525718036,7.96996630063869,4.25492444464659e-05,0.168381954741217,0.117200726689352,4.86805668065138e-06,0.328656718281704,0.247333203243825,0.455762139709239,0.905135229263223
108,"A_p5","ridge",17.1713824166462,2.01662641287698,0.338698879589952,7.98068936689228,0.0275343486262839,0.981215625964257,0.975574240078248,0.000399083258732724,0.860242523460534,0.830088643680926,0.404619403944018,0.770042884286883
109,"A_p5","ridge",24.7773366585996,9.36570931454959,0.854160409465205,7.98306613640961,0.00161376823235537,0.310343157166758,0.253747658824214,0.000279711853491404,0.662291024387914,0.609382715345988,0.410255363252875,0.749490720800554
110,"A_p5","ridge",28.6350724707607,9.62022907565831,0.355463276974188,7.9604234573462,0.000336974641467425,0.288651535601355,0.228733595517017,6.32796713737616e-05,0.848158985808094,0.815102361896538,0.422979458049796,0.852259027411787
111,"A_p5","ridge",29.2560292456789,9.80114881747221,7.80921308504706,7.97429925381982,0.000265284029026591,0.2763858399373,0.208894339587766,1.0275203827792e-06,0.0196489500817122,0.0072430009033555,0.458384990065333,0.927483411989789
112,"A_p5","ridge",20.5416299034945,9.57055967195957,5.65785748898786,7.97441678218634,0.00808252420321931,0.29355201933089,0.24377214596255,0.000212804639177055,0.05837839675073,0.0355414003471198,0.38551840313341,0.739609321491803
113,"A_p5","ridge",15.6069439570248,4.78088088007791,0.703845098576013,7.96749448634374,0.0467902262078963,0.78022639937543,0.749101408149103,0.00297443345225989,0.714773417885308,0.67756287670275,0.349696760293496,0.672095627058392
114,"A_p5","ridge",21.5875693683647,6.84690360153629,0.586403422713435,7.97894746140646,0.00547285090354577,0.551921586518605,0.491199246056379,0.000498263955704625,0.76140623357498,0.717182681917768,0.405525219756694,0.787615753193263
115,"A_p5","ridge",17.5343475196627,3.86252093968108,0.630104194182756,7.93742473071508,0.0235714311529827,0.867785753390562,0.836387894745558,0.000748863586464976,0.736331620084466,0.692928801896549,0.416553421184627,0.750260441830768
116,"A_p5","ridge",14.6586390148644,3.47144638296232,0.0856908611926151,7.9562447536518,0.0636743006218344,0.901752490040206,0.882567137959159,0.00330738297111,0.973267013349663,0.965790596317861,0.369190390240977,0.683308150206231
117,"A_p5","ridge",32.591997895321,5.14856699394778,0.25272786717145,7.96989110113309,6.63036423447227e-05,0.740836645347159,0.658939409268604,9.42874392562132e-07,0.897089657304896,0.857905919232166,0.51875949997219,1.03025986445694
118,"A_p5","ridge",31.1036483112894,15.6306789591595,0.21088114707422,7.98274756528637,0.000125631780530933,0.0469082216355778,0.0309891587149317,0.000401354243022012,0.915462565984625,0.895850420533056,0.401017308511216,0.78250004866717
119,"A_p5","ridge",29.9382558245399,13.7595210185905,5.00846278794078,7.96681188425971,0.000198382768636707,0.0859728057834619,0.0544497067295068,2.29132571095692e-05,0.0819627192320213,0.043866158812545,0.459901794141545,0.869406769395632
120,"A_p5","ridge",18.7568180380157,4.40303539253359,1.57852030611816,7.9454884348186,0.0151956039299773,0.817795470935418,0.784356369758199,0.000327907215420087,0.459732398465886,0.401188937859461,0.383030122321908,0.73973096256218
121,"A_p5","ridge",23.7456387826268,6.83781995485018,2.54221433545418,7.9860365089233,0.00241739078469871,0.553531003167456,0.47375212619013,5.69059739353728e-05,0.284031218161223,0.20154853803628,0.472216312520724,0.886315450907653
122,"A_p5","ridge",17.6677313532872,5.61543854671624,0.0495195550340589,7.94481470276976,0.0225298842398363,0.68698100582951,0.643479099173652,0.00236847380322125,0.986243868629079,0.982284877116108,0.367050724378054,0.707263048028335
123,"A_p5","ridge",17.4612399977559,7.47280014277228,0.304457777614997,7.94877760328336,0.0242820067233611,0.481835880266173,0.438007073224734,0.00597302478601258,0.874169108213929,0.854672823517333,0.341673036255615,0.64851225288302
124,"A_p5","ridge",30.2938180906769,11.9717204818957,3.70424380140162,7.97944673942171,0.000173996267914589,0.150246480858351,0.105997596477245,1.51125537837249e-05,0.158185076734317,0.102271930739952,0.449845302089062,0.810213810227708
125,"A_p5","ridge",17.0365547568081,1.97396532217245,0.17126291765723,7.98742850213024,0.0289695761795948,0.982612068637438,0.976214248175976,0.000495008980031519,0.936283949946112,0.915676259040506,0.43415487324518,0.825442704124254
126,"A_p5","ridge",27.766246712275,8.6779857369716,2.15820182383043,7.97569947216619,0.000489083201169471,0.367614723205121,0.290319693742534,2.3581857013899e-05,0.342880529736168,0.262005242097597,0.466117722803013,0.872032611121159
127,"A_p5","ridge",31.4150402024694,15.7670037545346,0.574138187407609,7.96545708586959,0.000107941588215699,0.0443316849217712,0.0270835275850743,0.00029214246463527,0.762247096828589,0.714291110181437,0.436380341972334,0.806099055798843
128,"A_p5","ridge",21.8200550185136,9.09870287714078,0.152836748446141,7.98148365200421,0.00502876353100357,0.331838690320631,0.279253742548365,0.00147761426720705,0.943467410708867,0.92966193849582,0.387050757177738,0.726353685975839
129,"A_p5","ridge",21.5505214753954,5.32592779177755,1.07004259024411,7.95243090824084,0.00542513626102026,0.720018632304215,0.668993030287076,0.000165807698703668,0.593316901871785,0.533787317118827,0.409969482522607,0.800082916392693
130,"A_p5","ridge",24.3246650253658,2.7358110889273,0.252463143851732,7.95786793037277,0.00186728795222646,0.950388332687309,0.930965668792517,1.58416353672752e-05,0.897280952355796,0.863834877862771,0.476441817280865,0.913423745279197
131,"A_p5","ridge",21.8129883541112,4.1774108234664,0.762650787021123,7.96713314231805,0.00495784919062714,0.841078183575388,0.806214637776816,9.81857987454315e-05,0.695856951369367,0.642330405524097,0.411816550586175,0.774232783747418
132,"A_p5","ridge",20.5283425322582,6.23476238237029,0.553395298318001,7.96542363835415,0.00801333246289504,0.619099871796245,0.563907647573687,0.000537550300047096,0.775333093946607,0.730160283920907,0.408178204606043,0.755490002420231
133,"A_p5","ridge",40.3610580956633,17.3583179043821,2.974351387569,7.92595085647392,2.19725350536493e-06,0.0247580465198656,0.0121712959357825,1.92750522165497e-06,0.22600451106548,0.14809703753496,0.486334818601002,0.936137473504281
134,"A_p5","ridge",21.2255266277208,5.19598623275492,0.263915483439728,7.99690356105635,0.00639249291832966,0.737742731806229,0.687721241812829,0.000282518006703203,0.893644126813176,0.867257808079935,0.41493569383889,0.807130343531988
135,"A_p5","ridge",27.3994034494971,6.27766675290067,1.48246130451343,7.99025393809031,0.000574313537312188,0.616194839675534,0.540686214300512,1.20301570989412e-05,0.483195028205549,0.394658402199318,0.467106756503024,0.895862857496739
136,"A_p5","ridge",19.403390379207,5.35351640338446,2.81220461692785,7.99606000118389,0.0125191566644898,0.720489201848466,0.677605638133886,0.000217411918616461,0.249168138745391,0.196863311692371,0.37982181152491,0.71664834694967
137,"A_p5","ridge",18.7333473293002,2.94629619372348,0.337692364178121,7.97619979480493,0.0157277888838807,0.938627851645178,0.919320520341662,0.000299887960475198,0.860751216736128,0.826602859434808,0.438229638506037,0.832571214467133
138,"A_p5","ridge",23.5190128217814,6.93778765523116,3.69031659222796,7.94835931930896,0.00253704536426858,0.538946711741893,0.473866918586092,3.80723051336407e-05,0.158812655002949,0.110822714275502,0.416420062127808,0.796534013295529
139,"A_p5","ridge",23.2869351690978,4.08413503220464,0.0520434922761019,7.9870984099878,0.00290253273557395,0.850288461527486,0.806640191026579,6.57679589786131e-05,0.984981936806312,0.978508256346257,0.461091202809736,0.904714778256539
140,"A_p5","ridge",10.039145850902,2.15450909673541,0.765214814068575,7.99092797586731,0.260856162562794,0.976723846099044,0.97326822928982,0.0129729800031424,0.692499315630019,0.665550373896153,0.29530982787441,0.552167708669369
141,"A_p5","ridge",28.4840350010804,7.38894910289021,0.414616247842413,7.98171550138844,0.00036547935017639,0.493853509103518,0.413443698642799,2.0081932924243e-05,0.828429794783227,0.783765039713258,0.458851041929821,0.910921764314642
142,"A_p5","ridge",17.2138249904704,1.07429286961755,0.381763322084613,7.95521466805336,0.0266846947265856,0.99788373726669,0.997018564062334,0.000249751750807437,0.83894115808343,0.803805096909473,0.421833873431583,0.821434590193695
143,"A_p5","ridge",23.6299101260168,5.83382972041684,0.555475504879884,7.98577166224347,0.00252802593431611,0.665823567212502,0.602600682413255,0.000101700427788121,0.771646740920302,0.722188759806905,0.435581731113579,0.850480327530737
144,"A_p5","ridge",16.3412621382262,3.292393281529,2.58528989698556,7.97856721912078,0.0366608115246748,0.915730706318069,0.89969617245519,0.000397329050901729,0.278954317503525,0.231830787912355,0.351351580884554,0.692249523695139
145,"A_p5","ridge",25.2596573309887,5.96590448509829,0.354123295435493,7.95059935737777,0.0012877846578514,0.647757969575601,0.580771580923914,4.97478249505967e-05,0.849271439312019,0.814469892549484,0.439936072230717,0.866434635400403
146,"A_p5","ridge",35.1594111088636,12.7082004060908,3.10280661847153,7.99129724943014,2.33372668043685e-05,0.120971215442976,0.077680359072509,2.6764261289447e-06,0.214183530937599,0.138052158845827,0.481817969901838,0.930349173419847
147,"A_p5","ridge",28.1178181502177,12.066913985243,2.37513005624847,7.96876741418688,0.000418216352612522,0.145410316451854,0.101918813484545,9.65377919993626e-05,0.308510143786266,0.241752057643774,0.436716880044583,0.823664246558517
148,"A_p5","ridge",23.3646897941621,4.8874423313883,0.89554190068328,7.97039224929283,0.00276192104193396,0.768989968829678,0.711288032359415,5.9285227129835e-05,0.647859045701209,0.580697535385165,0.458253029851716,0.856557740916247
149,"A_p5","ridge",16.0278895895164,4.3249335145775,0.969019453582449,7.94134037074517,0.0398912881464191,0.825011638360767,0.791737846916636,0.00171524877809603,0.621477333817001,0.569016861265528,0.388604504905243,0.728603791232182
150,"A_p5","ridge",27.0425207871424,14.9269062362893,3.13646899931233,7.96828024952483,0.000645238518835578,0.0588395502774797,0.0426832238512715,0.000464454999255848,0.208042502126373,0.16322255353534,0.366568158062565,0.68850276244533
151,"A_p5","ridge",31.6513141795505,16.9584732969175,0.969919199658896,7.96748710078827,9.87183206322406e-05,0.0295109967161645,0.0180811142841777,0.000404182029151379,0.62088364892074,0.566383579240569,0.412085370616674,0.762380876563925
152,"A_p5","ridge",17.9842528250811,2.42757338095358,0.417122067093837,7.99390593072731,0.0208594335359953,0.966169231461598,0.95553736706552,0.000334480953741667,0.827517699263959,0.789613406016213,0.425740161612111,0.775879345520743
153,"A_p5","ridge",20.0255049689936,7.89720623840678,2.66517002536672,7.98318856435189,0.00985387876220978,0.441988477221393,0.388994956489372,0.000645615006934275,0.267085831191734,0.212386930589834,0.375286953538387,0.74474465351103
154,"A_p5","ridge",14.6805544968096,5.72649226841404,2.71042711591549,7.97506276188517,0.0639065518915013,0.677248449120072,0.639891315731058,0.00292652620275713,0.262432846213993,0.21556409815896,0.348385112517151,0.641617683291185
155,"A_p5","ridge",17.9454283207996,3.89883234181447,2.9824175268997,7.97604108882101,0.0208917975314263,0.866743613122646,0.834915745067901,0.000190245768861064,0.225530386868521,0.166001594234985,0.418787807475896,0.792952753279509
156,"A_p5","ridge",21.898586733565,8.57199454482939,6.58930445253183,7.97826726756891,0.00485631186886148,0.377293491431313,0.324211542374608,4.7124514867658e-05,0.037638685172526,0.0218318082229192,0.380663820430434,0.713542927315612
157,"A_p5","ridge",11.2428928847658,3.04981190056051,1.27029800748276,7.98121571966568,0.186110792798291,0.932158085164181,0.922420044420914,0.00886344641399639,0.538400966979142,0.49989814725589,0.312241101696427,0.583265492269319
158,"A_p5","ridge",23.6200312659617,6.46200574057886,0.643850600764025,7.96681125397529,0.00248525450469472,0.593415955180865,0.531399841459944,0.000122690831431793,0.7354267066917,0.688001954870261,0.416666621112483,0.783550203300291
159,"A_p5","ridge",20.5256863778261,8.59117633904283,1.80470251635173,8.00867611760383,0.00835204340440865,0.378490917599248,0.33446482092289,0.00101663929520668,0.414203106657886,0.361343667234318,0.355970215340606,0.649082002480129
160,"A_p5","ridge",20.0775925798134,6.25763501968402,1.19585929571203,7.91984664067676,0.00914630403789807,0.612154002205725,0.548711644312913,0.000517124180942075,0.558049793622266,0.492094730438465,0.426681559516557,0.779160774065338
161,"A_p5","ridge",27.7469141285669,9.31888783181804,0.415001747133614,7.97060954307264,0.000484986571081203,0.312865611597514,0.244963665328638,7.6389804859911e-05,0.827769072652175,0.784089434771641,0.454113253587441,0.864036245356317
162,"A_p5","ridge",19.7477484185217,5.64094018873694,1.82857536339757,7.98392863886674,0.0109815747694734,0.687162535641811,0.636423819076433,0.000339322624879124,0.406561665920857,0.344810894088332,0.39174332141187,0.794963689031066
163,"A_p5","ridge",18.1117382106479,7.85944958918333,0.108950508687349,7.95579800317205,0.0193796610280343,0.443033193760735,0.396119465187226,0.00564013866231261,0.961654592636092,0.953527385576697,0.358418925764011,0.641588098839519
164,"A_p5","ridge",14.4687738733323,3.7110384757172,0.868414914585877,8.00695477639447,0.0697290722062329,0.884622167817076,0.862548452743968,0.00292487884572257,0.663354959344523,0.616434970949264,0.365679459534326,0.73019069133501
165,"A_p5","ridge",22.2044064443726,7.94943302415836,0.275758895959458,7.94219278327426,0.00418510934900329,0.432751218409123,0.369004018926403,0.000594856807105137,0.885181863073772,0.859457958077205,0.412678585076561,0.796543350686311
166,"A_p5","ridge",17.9589108294919,5.77854783373235,0.98677952137774,7.98965218466128,0.0209595198467616,0.672529543716153,0.622575549202657,0.00139372197536991,0.623436322666828,0.570799703809862,0.391507065127555,0.727871494011265
167,"A_p5","ridge",20.2807530856565,7.75718995705142,1.08301053033097,8.00930426939634,0.0091782301729717,0.458605809901799,0.402391799288004,0.00111657697499068,0.593565110794085,0.53559722428501,0.394198486719309,0.73590439979653
168,"A_p5","ridge",24.6256715556179,6.3891565512161,1.6244007883766,7.95965044685814,0.0016644273671802,0.600922692802017,0.535812239018548,4.54567737194767e-05,0.448172025578188,0.381645154885439,0.417355330793408,0.837061016994078
169,"A_p5","ridge",21.8243414459996,5.17792879173192,0.58257596951217,7.97858135747236,0.00501299724272974,0.738335062140824,0.685955465804894,0.000178304940278151,0.761001182277903,0.715326284199756,0.424104468990695,0.792223350477457
170,"A_p5","ridge",23.6630794727939,7.28174295621382,3.4562026028211,7.98092651566787,0.00249310484205956,0.505028338511336,0.423229188877961,4.70556173124415e-05,0.179144961808226,0.11556102422505,0.464276361077579,0.906086793479113
171,"A_p5","ridge",20.1090454864347,7.43696345390126,1.35906773996091,7.95152820896484,0.00928041888300934,0.485880461528088,0.425274535291524,0.000931362181378126,0.513813701090362,0.449634841836907,0.407308888026572,0.734371612255808
172,"A_p5","ridge",20.3511615420297,5.99544229078931,0.484311114466244,7.94950349136864,0.00850791121669969,0.644362814349469,0.583824088353862,0.000538060593648582,0.794343481464149,0.75302364879069,0.427157797366597,0.787518044652135
173,"A_p5","ridge",17.5061002086835,3.24832458197122,2.01995908649307,7.97883083248317,0.024488573084843,0.918640882277339,0.897459046838628,0.000280114068591075,0.368186012365563,0.301355600855274,0.412557787285373,0.776646745114278
174,"A_p5","ridge",18.8465713626889,10.0747900011412,0.132358833266342,7.98064853373653,0.0151389455363027,0.257394778796444,0.226296752212402,0.010696460260052,0.953232716297741,0.94530609303673,0.317352485136026,0.581761158752297
175,"A_p5","ridge",22.0988542361926,9.29893302139658,0.670807934796115,7.9812547911888,0.004539218475345,0.315512908256853,0.268563068283402,0.00110124575688375,0.724868376227946,0.687079160340196,0.373371710647385,0.676755459333558
176,"A_p5","ridge",21.1220334797944,7.52142975631935,2.13033251563018,7.98618350267648,0.00658514232875196,0.480450802306489,0.420269316256468,0.000390622679959485,0.349446109596318,0.288312373082309,0.397750888954344,0.761901326776779
177,"A_p5","ridge",24.5327992404199,13.4120777426231,2.75651039354923,8.00415637533237,0.00181849741854778,0.0978782833235199,0.0738715134017823,0.00103910105711214,0.25567667693245,0.204047364867298,0.370020075971422,0.71870667398795
178,"A_p5","ridge",19.360790522867,4.939752052805,0.836934555633638,7.89481355955427,0.011656590139581,0.758467598318062,0.715395109321326,0.000435074764079002,0.667380708049776,0.615815288573398,0.393316732849903,0.775783393307
179,"A_p5","ridge",22.4506732378636,7.79295509859422,1.65925315180889,7.9953343238092,0.00402159981663386,0.453604101980246,0.393050462346517,0.000279498449592075,0.443361480269931,0.378467521710302,0.40255026123763,0.770529467867271
180,"A_p5","ridge",34.8932293249194,14.1571213224101,3.27375047480314,7.9383138047173,2.38747161709352e-05,0.0744392370968423,0.0443726568273257,6.20987671506867e-06,0.19642086117128,0.126572354135879,0.477468489817417,0.89948090974911
181,"A_p5","ridge",21.4017552372142,11.4444915002622,3.14001671797183,7.96313469970132,0.00578870022290312,0.174227612945212,0.14510723987543,0.00132959648502584,0.208222388162575,0.171297504398493,0.33348690838309,0.626781173518237
182,"A_p5","ridge",25.1897228466631,7.59048727897133,3.42960122516894,7.98704872789819,0.00137468230354099,0.473410514090467,0.405261138597707,2.51589131758934e-05,0.181862141814397,0.126292712464026,0.427150152719677,0.814285544272819
183,"A_p5","ridge",16.8238725474172,4.72121288576923,1.84598577365437,7.98284416766104,0.0312102295956502,0.787243670982491,0.749424409553065,0.000921263023282659,0.401849398767859,0.345324933015516,0.385457751493516,0.704776434986296
184,"A_p5","ridge",17.170751757355,7.77744426796871,0.788156559712836,7.96632658726475,0.0272726184206249,0.452306596401624,0.409941523108855,0.00566635125389714,0.684903552127768,0.650284578253486,0.3362545126461,0.637376118321014
185,"A_p5","ridge",17.2723917979006,5.10002483995183,0.90773666488464,7.95902743244275,0.0262274869913131,0.745207655299958,0.704216639977069,0.00135996064365218,0.642566813320795,0.594928499187708,0.383145725881063,0.717209948681473
186,"A_p5","ridge",15.4683876534168,6.58162205060076,1.40590145572419,7.98667186871732,0.0496550804880475,0.581870244079265,0.533099305927005,0.00553791475152288,0.501755199213146,0.449746075429337,0.371931768473279,0.670405609901106
187,"A_p5","ridge",15.6702163030685,5.04379952038987,4.26248752126732,7.9857786232453,0.046219388023448,0.753749001989578,0.719259984537757,0.000573218641438,0.120097911417893,0.0878834720743243,0.347506613162474,0.680520437764527
188,"A_p5","ridge",20.6377350059963,5.9109651097234,2.65229465401858,7.9967194096668,0.00797963104270805,0.657992215647393,0.603082561784431,0.000163801868213298,0.267763174705743,0.207767992892305,0.409628684642254,0.751985364496524
189,"A_p5","ridge",18.914112041015,1.04909284269763,0.134614843870468,7.96417440294079,0.0146469266870722,0.998056558592226,0.997138932553967,0.000121066421383098,0.948257255122088,0.931511381832384,0.450745165692313,0.864133595376964
190,"A_p5","ridge",21.6832245972392,9.91608380635439,5.54732103680015,7.98669566997867,0.00536715907668928,0.269317490988415,0.220283385947765,0.000171079671536845,0.0622835410095208,0.0380040921077869,0.388142835552074,0.757967564022803
191,"A_p5","ridge",19.8541122970669,3.37565775339742,1.05922963319778,7.99704121283399,0.0106401610543685,0.910213292902485,0.886320266359289,0.000146443617071501,0.598589838701559,0.533518936674872,0.416157280728357,0.837698267611204
192,"A_p5","ridge",17.6993910838549,5.97874563212946,2.55910984941889,7.97676590794299,0.0227881798337869,0.648773221801313,0.605131175711668,0.000775129068121383,0.28182075271417,0.232232587603342,0.362392329734358,0.671012304506784
193,"A_p5","ridge",19.6020340636705,3.24486574266295,0.0682737711699455,7.98901487902416,0.0115911118050841,0.919367582972591,0.895095234414603,0.000256520323964504,0.979752723283111,0.971360274104757,0.440161480982221,0.822631880848988
194,"A_p5","ridge",33.8313121697463,11.8448514845076,3.00194492284598,7.98506683015888,4.02978175695345e-05,0.156371529041111,0.107027579732677,3.586535429978e-06,0.225845116244845,0.150978117439792,0.465835485900426,0.92759135149292
195,"A_p5","ridge",18.0441559103787,5.04404474422657,2.62890009741377,7.98298170524109,0.0202771453509915,0.753182628489546,0.709963281899289,0.000402198306604151,0.272546385386776,0.214883531962201,0.394476715736829,0.751713900080807
196,"A_p5","ridge",20.6385393714121,9.9087523865449,0.811435907874222,7.96335984538525,0.00771350859773134,0.267572201163012,0.229488187414414,0.00320852180492037,0.678914744327286,0.641882552095859,0.342125696321845,0.644890195691319
197,"A_p5","ridge",19.2012168461367,3.64003474200723,1.63399158053329,7.95030939555627,0.0130173738747572,0.887632008171658,0.856142882066579,0.000175722278576318,0.445183506968114,0.368168642080408,0.44258308170797,0.811572613158591
198,"A_p5","ridge",31.2556133730451,14.3093980877739,2.44098377503548,7.95581888338721,0.000112451129327784,0.0714439897257297,0.0465798651422462,5.91405763644692e-05,0.298499786229963,0.22602940771713,0.436962049904286,0.827153067986919
199,"A_p5","ridge",20.4176710504821,6.20500109696557,0.404376305145046,7.9443793625874,0.00824700389365618,0.620275759471517,0.561434789230041,0.000570044152762739,0.829883445208303,0.795911733416314,0.410169789886194,0.787595304689193
200,"A_p5","ridge",21.0841018705114,7.30090082215706,1.2374525766084,7.96071887322452,0.00652755295578489,0.501055797219115,0.444695809429834,0.000510532826624832,0.543585957303081,0.486332462868385,0.39214543739409,0.73043167287356
201,"A_p5","ridge",25.613298265105,11.8863930476388,1.98351017494527,7.98315525665631,0.00115774718712158,0.154339453947476,0.1181224733062,0.000363586530961912,0.373967150718073,0.31176214635048,0.393014035900635,0.767762688434819
202,"A_p5","ridge",17.0408661984779,7.83115527231594,0.239516162755431,7.98256678543789,0.0289103496336645,0.448502073028704,0.394875112431038,0.00902303997283227,0.902597334020892,0.883867381491227,0.375368342365021,0.715580665755844
203,"A_p5","ridge",21.657444548015,6.06888958872763,0.0782557865005352,7.97587309788711,0.00533229625437337,0.638427691902692,0.580947117099003,0.000374197856893299,0.975034969115644,0.967351714020893,0.40630138738267,0.816108967166558
204,"A_p5","ridge",16.1869173328954,4.3520110545822,1.27488687103927,7.9512300298705,0.0380340830382241,0.822860410981958,0.79343030299482,0.00133329333803778,0.533269655130202,0.483441877218612,0.363548896827201,0.693083243550764
205,"A_p5","ridge",22.0809405453143,10.7712329254403,4.19226317348903,7.95838861872385,0.00445954958445327,0.210927659205293,0.169648878596247,0.000408767658266918,0.120055023021389,0.0841859864620242,0.384316156351214,0.71016656786911
206,"A_p5","ridge",31.2435668921137,16.6172770822414,3.64154563122282,7.9821443138421,0.000118821886005094,0.0335026927783528,0.0210134184007809,9.65288180531099e-05,0.161677403492232,0.114836848078222,0.408744311183108,0.777335746734732
207,"A_p5","ridge",21.7408879137359,4.80709603488523,1.93210473461961,7.9885775925088,0.00521772957319966,0.778957627911506,0.733416214678,7.91326573466034e-05,0.387587485562383,0.319249095045582,0.413506733066996,0.813667441999811
208,"A_p5","ridge",22.968561376422,10.2686718812551,2.13798597259485,7.95364594651074,0.00317958862568046,0.242245071246571,0.193210337142521,0.000567477591306709,0.344692204499247,0.285569262025644,0.398899216414741,0.745437996867255
209,"A_p5","ridge",26.6414682817388,8.42015975283479,0.365815885315824,7.96691699407515,0.000757220181720974,0.39014830534381,0.322019187800747,9.18078050545779e-05,0.845682041212467,0.810787193825753,0.43179495892505,0.830763094085095
210,"A_p5","ridge",16.1920676795593,6.88643141154756,1.18288656221613,7.98222841409759,0.0387598950950394,0.547791550097845,0.505116164115538,0.00508852301515328,0.56206147019802,0.519676510974529,0.339739696866258,0.649857915523195
211,"A_p5","ridge",14.8719886203652,4.06285425632068,0.044906408323071,7.96681664101214,0.0597146414511953,0.851773063073434,0.82553569397333,0.00418236125192029,0.988991009088675,0.985766273860705,0.368850645332595,0.677420293093852
212,"A_p5","ridge",35.7901371477527,25.5503961279991,3.78771152291058,7.96076896743203,1.69183825906583e-05,0.00115686667699111,0.000593732901072563,0.000815704991095956,0.15018164744468,0.110157303904476,0.373612863445279,0.74111134380175
213,"A_p5","ridge",22.6305499180908,3.68775303968937,0.453740652727799,7.96043815131824,0.00362131779482644,0.884177587160912,0.849918995918237,5.44720157701351e-05,0.809514037418257,0.764163624244586,0.452098973092973,0.883996031803648
214,"A_p5","ridge",16.208625943959,4.36778492022806,0.0832471711714302,7.98593271867473,0.0386050018092281,0.823398727617146,0.793769853986877,0.00235207908311008,0.973219080448531,0.966425234222942,0.368732606687989,0.697742626839958
215,"A_p5","ridge",26.4714078474374,5.33250249053524,0.25851628923464,7.97983275996912,0.000819842717058927,0.721452833648453,0.664847471062291,2.13289804751327e-05,0.895230412553396,0.868155991136805,0.426679251403295,0.868472286284472
216,"A_p5","ridge",24.2202297298442,8.26753462326432,2.06485427311058,7.99485365036875,0.00203471036538483,0.407177466394422,0.34204032695775,0.000111297366069962,0.360112285099465,0.29038726894577,0.420667793175585,0.806900105747873
217,"A_p5","ridge",19.3499678646856,2.63180867238228,0.850991639859229,7.96018837240005,0.0124521197700114,0.955639488019719,0.942396026326578,0.000143553368179505,0.661368962541947,0.60317029222463,0.419730244481402,0.818768631219854
218,"A_p5","ridge",14.4960783389158,3.48705566466932,1.47552165393477,7.96608226027256,0.0675221106059467,0.900990326421686,0.883479406198076,0.00186389153883038,0.487320871034299,0.435578976471048,0.353658118268156,0.67731352070905
219,"A_p5","ridge",21.5463922189965,3.66591716810163,1.46510224565846,7.98289086554722,0.00557064444197741,0.887235432769964,0.856501289878207,6.27514727697953e-05,0.490712636216373,0.415236245022572,0.431306400437009,0.857333454512203
220,"A_p5","ridge",25.8220817479027,9.18353270383588,1.00560143089166,7.97782043417602,0.00105792241724445,0.324487417815936,0.251780049786778,0.000139060784023703,0.614549177144534,0.539128872963108,0.462805167028845,0.884610842947351
221,"A_p5","ridge",21.3380901892281,6.94166901545414,1.11468438938668,7.98577463815486,0.00606957709982647,0.542141679856548,0.481287659092592,0.000429452994020085,0.58063307754201,0.523444079301995,0.404876432589377,0.756174386543313
222,"A_p5","ridge",17.816879070536,7.54714419309214,0.462378723647809,7.98580148159623,0.0220559065335,0.477735626429956,0.434509607139562,0.00458991520337992,0.806430559155568,0.780471726182093,0.344218967864099,0.626862369462349
223,"A_p5","ridge",19.3783302237525,4.65927328701801,0.121556275870038,7.97950219226718,0.0124532624811131,0.793885901058299,0.757813236508673,0.000598131548272152,0.958328176120579,0.947465948444237,0.382315081250721,0.731824906930993
224,"A_p5","ridge",28.1815105121939,11.4901854956865,1.03016005079976,7.95281377020335,0.000396944543560318,0.171177582900643,0.127275713855166,0.000121504978246589,0.604989902590222,0.541505517727554,0.424659885598041,0.79949057070066
225,"A_p5","ridge",21.55304390431,5.70724162717632,2.06528878074056,7.97216874855385,0.00552854946399428,0.678885758627074,0.620350563744372,0.000128785584983526,0.361356911188953,0.290493168664946,0.426949180093198,0.796858158144124
226,"A_p5","ridge",19.1186692694446,3.940392176109,0.876452586321214,7.98799112220426,0.013790428824296,0.863849041966222,0.834733127251113,0.000316805010802557,0.658211013476297,0.606455052798614,0.394561877933338,0.756824867127935
227,"A_p5","ridge",24.5407178688311,7.7999073743596,1.89557622918928,7.97224039425669,0.00175348616533388,0.450613604773789,0.389210411191505,8.98696593103487e-05,0.390930525393312,0.325771135561184,0.406707084811321,0.773828346579314
228,"A_p5","ridge",27.4644040477851,7.41361906846565,1.00440430979404,7.9750311412768,0.000545674544378927,0.490628996458517,0.414100656241624,2.61423294282137e-05,0.617164665223499,0.542160694309309,0.457241831734438,0.872642615421306
229,"A_p5","ridge",19.8713547165547,3.2370875352653,0.206765856818721,7.97906925247401,0.0104298372633995,0.919451380591181,0.896576834499969,0.000222375989847867,0.91723773343813,0.894514906232673,0.43189110196182,0.806196453483056
230,"A_p5","ridge",19.7712795457808,5.7243610489681,2.10230208560223,7.95783079405314,0.0105771649909125,0.675995714947321,0.619684831882223,0.00029907679836827,0.35395720544852,0.28632807882783,0.414603686206065,0.782347426758623
231,"A_p5","ridge",21.140908915345,8.325887007088,0.141130901463225,8.00355006308002,0.00662570056610723,0.40250123223644,0.342750994644671,0.0014833198425197,0.949875381600208,0.934863011497115,0.411761819830601,0.766163391737494
232,"A_p5","ridge",21.1768338560798,6.99342167313977,2.58502720270055,7.96408456667352,0.00632523672876795,0.534393119650609,0.478168172995204,0.000218778065193659,0.276254274419346,0.221113434137528,0.38677844761496,0.742956077177256
233,"A_p5","ridge",26.8957875115626,7.21906222142417,2.82684626675472,7.98067886047122,0.000694959961031305,0.511703691164921,0.431478223914038,1.18719810544565e-05,0.245913353279626,0.169305432607936,0.464268647486892,0.899653900767486
234,"A_p5","ridge",13.7251093588635,2.04905808793419,1.67846031258732,7.9643186204365,0.0868644966676133,0.979916763368946,0.974913989329184,0.00124196817022892,0.436172602138841,0.380934199223412,0.373042312125685,0.698756222292363
235,"A_p5","ridge",18.0783646265456,6.09385058351677,2.18328677681504,7.97212505791769,0.0198313022429286,0.635402113294231,0.591466780958017,0.000830976171006359,0.339044310043677,0.283347014406197,0.36559616540919,0.691214621269786
236,"A_p5","ridge",26.8036269632569,14.5985812098507,3.3952968761557,7.98226563924889,0.000722129578854425,0.0660904943279998,0.0464885523101195,0.000384429273497577,0.182376875366248,0.137943212590022,0.387662709049597,0.724784443658854
237,"A_p5","ridge",25.24603817995,5.12609913099203,1.60298814761666,7.98186064825986,0.00134508325768623,0.743964339263671,0.681807653605324,1.82147031315694e-05,0.453575922439365,0.3741097343033,0.460649409971845,0.863957786991353
238,"A_p5","ridge",29.0431208359362,7.8122408173675,2.52385157019069,7.98760408205957,0.000294508020991957,0.450902405101749,0.375985702305209,5.99857945049465e-06,0.284934391348953,0.212755786566685,0.441725360400225,0.899902843157778
239,"A_p5","ridge",21.7951377664946,8.9764305162429,4.14282404781335,7.977190379791,0.00504050038078085,0.34166653695466,0.289376904941368,0.000206249193682506,0.127647638661609,0.0888984157182409,0.387699242724686,0.723053027527417
240,"A_p5","ridge",25.0945826301858,7.41744595246504,2.05783132819312,7.9721245841807,0.00139595575125118,0.489966396524631,0.425967447822415,4.75725306997576e-05,0.362728615761056,0.294693272161432,0.410217516530323,0.816930666558873
241,"A_p5","ridge",13.1381795076909,3.01654153792962,0.153008613980369,7.97535977903755,0.105038386241218,0.934207331804281,0.919743860562074,0.00571183703424172,0.943007734046803,0.929958714888884,0.376311955797142,0.699704511859196
242,"A_p5","ridge",29.1402357859719,10.9564179817175,0.18175953565084,7.96889886399808,0.000273711496056261,0.200851376567139,0.146082236120788,9.0268751779532e-05,0.93169194461059,0.909702595627415,0.453873312342328,0.858239335393967
243,"A_p5","ridge",40.419964100654,28.1457548124477,3.05292799209475,7.98321850775867,2.36554169030789e-06,0.000415977460539896,0.000213251708631512,0.000416776648364925,0.218847806659486,0.173569626491432,0.357480648284729,0.68878194360326
244,"A_p5","ridge",28.7475062019167,12.669280490532,1.01823663220289,7.96500232319951,0.000319272131143356,0.120737945600145,0.0881546555852394,0.000181318735051894,0.612375073449246,0.549175617157733,0.410397339289743,0.798889507264033
245,"A_p5","ridge",23.5528624413294,6.63093478412629,0.69201304653564,7.98601189666307,0.0026164856071268,0.576249765470926,0.505134537928849,0.000141153579950926,0.718434527007972,0.660759070860013,0.446317439471512,0.833000564384953
246,"A_p5","ridge",22.9626163417011,11.3855082716484,3.55852536075597,7.96766781586012,0.00321447012237397,0.177670971139436,0.142327797917667,0.000483264467468048,0.167267845763582,0.127165187322012,0.370688377626034,0.686414902245345
247,"A_p5","ridge",16.0748176740818,6.6378130185564,2.84471148927001,7.98731500178149,0.0403820926122673,0.575800040096956,0.536999414320103,0.00198783687416082,0.244049289371091,0.202782933565491,0.329997650387959,0.630926548314986
248,"A_p5","ridge",17.6287832778348,4.70208024345242,2.80601105492746,7.96760742056749,0.023196200983579,0.78860222456347,0.751121011574436,0.000389678774160629,0.250397784762449,0.195711470497691,0.385708448043589,0.741251694265446
249,"A_p5","ridge",14.28782161243,4.00836395264233,0.396395863629848,7.96376706956326,0.0724176256036406,0.856175806423735,0.831097013728937,0.00451626596210419,0.83341252261866,0.808432671668369,0.356418045201985,0.705139986529692
250,"A_p5","ridge",21.2092844611081,10.4785339240277,1.3851214221321,7.97742422789337,0.00631676963313232,0.230409848582694,0.19045074558869,0.00239452577596611,0.508062316353356,0.456949081258401,0.363320135730429,0.688474002393256
251,"A_p5","ridge",25.680055724492,11.3531304389857,2.44339957997363,7.99557571124682,0.00113270656976516,0.181039897379369,0.145773555752846,0.000249906530695565,0.300392659964252,0.247060211502423,0.363085594210865,0.720741479699001
252,"A_p5","ridge",23.9937141231179,3.47805542671587,0.265037822154658,7.96756693550844,0.00214628237562509,0.901508212011027,0.872670862568827,3.12073999352291e-05,0.893165239173598,0.863665792594808,0.439342802554793,0.881521089972649
253,"A_p5","ridge",21.0211703920188,9.71733240507383,2.99279320474234,7.97830229332303,0.00679933868146387,0.282927820748611,0.240246975059433,0.000718158901857446,0.226809817665027,0.180866160143175,0.354016144174378,0.71561490071271
254,"A_p5","ridge",23.2166274261885,9.79003586024392,6.6780697917117,7.96435080705166,0.00290328588261846,0.276306958858844,0.228329267402407,4.24290649649883e-05,0.0355185432849638,0.0201653962092261,0.386506176668817,0.708131654104156
255,"A_p5","ridge",28.814424096137,9.43669195920113,3.6154575995586,7.96192806260151,0.000311270761462867,0.302774918103071,0.233254898636103,9.96353660542848e-06,0.1644549798456,0.104121181622964,0.458773020345887,0.893647838198142
256,"A_p5","ridge",25.8119802222552,5.90609057643403,2.9460064505051,7.94566043344169,0.00102474125353225,0.654208222685257,0.584312067724992,1.02081208029903e-05,0.231418562548653,0.160255503706466,0.456497926936262,0.875793796372689
257,"A_p5","ridge",25.9610904432579,6.0287465546896,1.02746389835912,7.99487578174124,0.0010265092641506,0.64457743865361,0.577041285871615,2.76654693792677e-05,0.607755805580237,0.536725402228164,0.443207767314874,0.875717807665672
258,"A_p5","ridge",13.8218274026994,5.04996476928264,0.471489998549033,7.99117840670033,0.0852943408531418,0.753262505429695,0.718081317012352,0.00986733335383982,0.806705741945497,0.776040256465943,0.366130919771833,0.644383890065797
259,"A_p5","ridge",34.0073830794296,10.0755368824446,0.363270127993886,7.99824527559432,3.8667596650388e-05,0.259048644310659,0.185239523753991,5.42635709477324e-06,0.846931235237521,0.803442102796999,0.490205424250439,0.94229891234418
260,"A_p5","ridge",17.7884042989261,2.07602036769515,1.19337589821507,7.92932471548445,0.0213455439965996,0.978721845590729,0.97156458455107,0.000201930167103237,0.556122804324106,0.488611644410012,0.427027649342807,0.803868393167714
261,"A_p5","ridge",20.952496941849,4.23874414984718,2.04507861508742,7.99870444441934,0.00712049738569287,0.836395717374444,0.79644528416563,7.79016341969641e-05,0.363226213629853,0.288082688303642,0.436253587892195,0.814604031467577
262,"A_p5","ridge",22.8821144347924,5.52611458061123,0.992312563646159,7.97639470104195,0.00333890564738493,0.699623672171611,0.635492722741845,9.55409782876782e-05,0.617349588742174,0.547094634402476,0.449714833215405,0.878447631916612
263,"A_p5","ridge",33.2755132551895,8.77595210158868,2.28389286584461,7.97178010325963,5.0092859162465e-05,0.358552571677662,0.268410671553377,1.39591724102051e-06,0.321824905429706,0.227451605769397,0.502113158431169,1.00871864330055
264,"A_p5","ridge",21.3885320770077,6.14717929043174,1.21783048010781,7.96415951633945,0.00579677023908598,0.628840086705322,0.563709419281532,0.000268382923465427,0.555565652297721,0.483174825068413,0.436372145688148,0.818338394385143
265,"A_p5","ridge",23.5518052908872,10.9599937934093,0.333509849601655,8.00980425390408,0.00267062228945258,0.203888156523863,0.162384565448668,0.00154267623861848,0.863818997017022,0.836927523960157,0.390945802414309,0.7151811420309
266,"A_p5","ridge",16.2209667376889,6.53536372060835,1.53737148173645,7.97132172431141,0.0380974897602858,0.585565946772105,0.540386133872442,0.00322880933009262,0.466588522256287,0.418023151714505,0.359124523616555,0.650058086200234
267,"A_p5","ridge",21.1856879609625,4.71654331721734,2.55160919263293,7.98309722966666,0.00639459599992875,0.788115958882127,0.740743583883116,6.82964130793717e-05,0.28252616116292,0.211471492425353,0.43029041167657,0.846492976717349
268,"A_p5","ridge",14.7687832705207,4.318388348372,0.455676427703646,7.97035595086864,0.0619488645746175,0.827591368163754,0.80054373120457,0.0042763656255923,0.812673866302702,0.784162003195035,0.349786293797609,0.68986186905128
269,"A_p5","ridge",25.1493178069158,8.15253307923007,0.549294048544086,7.97484287161943,0.00138401656381759,0.416190146801087,0.34178950196658,0.000145490457682862,0.771232870500853,0.721564952693228,0.449311491721466,0.846655098244555
270,"A_p5","ridge",21.2766470293357,7.81912136942719,0.954517232003167,7.95924426861543,0.00607096914853456,0.447403659453869,0.389389350502121,0.00069447383854615,0.628231205227938,0.575494843026398,0.39258208975119,0.758599126661574
271,"A_p5","ridge",25.5569719098684,13.9105954273355,8.35945257879828,7.95075265816918,0.00113577359839323,0.0810648929538622,0.0577320862255637,4.48618734699702e-05,0.0150328254646483,0.00674312039823866,0.399359791569145,0.750691893289442
272,"A_p5","ridge",11.3427363119825,2.34490591170166,0.120287144121843,7.98799848162899,0.181367953540095,0.969428974950898,0.964156201054356,0.0103533617984052,0.956581874138357,0.948899224203974,0.312769971335734,0.623529750735318
273,"A_p5","ridge",21.4117754619427,8.26296818516482,1.3304836886335,8.00361934154118,0.00601131742316496,0.408465871176533,0.364131618983804,0.000707638820238277,0.522272152778881,0.476468340999587,0.344467336939383,0.658974236802806
274,"A_p5","ridge",18.8547836562782,4.54069566674834,0.0093560827814096,7.9569251855611,0.0148066537895928,0.804562585817985,0.76602978267621,0.000747424423946708,0.998813881970329,0.998357330672942,0.398815391852287,0.764926986071597
275,"A_p5","ridge",18.6351984451541,1.69028087878606,0.45479869802663,7.96359075100471,0.0160810735303301,0.98962904697006,0.985834096148591,0.00016583205322207,0.814333443213991,0.771972413145724,0.422041214828897,0.835494408424788
276,"A_p5","ridge",29.7316406803401,11.1458113174456,0.745471602019401,7.95952065274074,0.000212448755462669,0.189631843046316,0.138905886098207,5.72219276634423e-05,0.70053338201131,0.638061362162015,0.445720828329994,0.860953146028527
277,"A_p5","ridge",24.2832699351785,8.41117509305318,0.00882358880015509,7.98979446422172,0.0019660328046921,0.39319584989187,0.327034016260674,0.000337626292101989,0.998925769210278,0.99845523809958,0.424186662674946,0.828292788791014
278,"A_p5","ridge",16.9629178405788,5.04422060722397,0.774237000644055,7.96606906538897,0.0292551785003157,0.752218830551955,0.712910431710082,0.00161253761301272,0.691292770853395,0.646578615057869,0.376986677959425,0.717687872793483
279,"A_p5","ridge",23.8921746377724,6.15658287567804,0.175435057354442,7.99174824539688,0.00229970710035476,0.629958681763884,0.557321231095676,0.00012241963364279,0.932454588910204,0.910737307354296,0.458976275023125,0.858687849663828
280,"A_p5","ridge",20.3904841283036,8.59955147417205,0.19209055789051,7.96326323284775,0.00847768176192598,0.373381866560088,0.318961009275245,0.00245238867742104,0.924479884836772,0.907214253021756,0.388250207114895,0.731707911751293
281,"A_p5","ridge",17.4464032563416,6.75407900382482,0.027318773835126,7.97682240934087,0.0249281114199477,0.561892784046142,0.514190943724527,0.00504509419639987,0.994343089944813,0.99255886958875,0.361682509927662,0.692741311183125
282,"A_p5","ridge",22.9654045239887,3.38228913789388,0.606417329560425,7.9706510609189,0.00320545326349575,0.908946517269312,0.879440806379456,3.7124135733535e-05,0.75205560636181,0.695135912170496,0.452273051330913,0.889868468088501
283,"A_p5","ridge",20.9379843528903,5.82181833238794,1.14773746046017,7.9933636313031,0.00708877884961256,0.667910061257992,0.616320161884609,0.000300384803507803,0.574933427448507,0.513598901967013,0.395377151883712,0.784640813237331
284,"A_p5","ridge",22.3199598073761,6.21045933996454,2.55550139185238,7.99367392716561,0.0042046064864335,0.624195366306137,0.558184657245568,8.30867104402166e-05,0.280107536003441,0.21202786204868,0.431442321999848,0.855308906632231
285,"A_p5","ridge",20.2259077412783,4.93461350712678,1.40975105551585,7.97275041608193,0.00908093323387171,0.764284166663777,0.718632225391219,0.000223022450301924,0.499769990873671,0.429285542088182,0.416080726975603,0.795955826573268
286,"A_p5","ridge",23.5123148009629,4.23784092960224,0.419543205064093,7.95936254046598,0.00258775276917667,0.834227128410267,0.789946585062511,4.95718148667557e-05,0.821695960391569,0.781193304199175,0.445425858761149,0.877926939171548
287,"A_p5","ridge",19.5848538405565,5.00147022277433,1.555530663406,7.98384310573942,0.0116155933454014,0.757879904220562,0.708824990050786,0.000295780614069319,0.467478385164144,0.396772859376231,0.418534202412217,0.811785183850601
288,"A_p5","ridge",22.6349997030812,4.93967337423781,2.73430802654681,7.95861917697572,0.0036155733014992,0.762569748685984,0.709976261080209,3.57255782521548e-05,0.257680664532919,0.186844857155089,0.440981253864666,0.856068524651367
289,"A_p5","ridge",19.6528057362378,7.54661711573519,0.244607814616245,7.96940717991769,0.0111355595641827,0.476254292963972,0.42206183244091,0.00194914468800356,0.904330357456947,0.883285838573327,0.383554251810533,0.71571776318242
290,"A_p5","ridge",17.5133262386465,8.23404779929376,0.325778080178967,7.97033022459216,0.0242983770390519,0.4079560612936,0.365573823023509,0.00766713720656564,0.862246305639255,0.843245515339671,0.340248944237349,0.622089282104483
291,"A_p5","ridge",17.8266466717314,4.61609803322329,1.00631636545779,7.97776450859964,0.0217838848621014,0.798151229456664,0.764676245793074,0.00078001392284166,0.61502411391499,0.567273031161987,0.369644996655332,0.692896690135972
292,"A_p5","ridge",20.1196135882475,8.43332653761172,2.98267911832514,7.96543631307729,0.00939539452008364,0.388771380688528,0.339241215368084,0.000602191164081889,0.225183378520165,0.177476863576301,0.372016971928748,0.693270928112327
293,"A_p5","ridge",35.8756885880409,20.1002684048025,0.443605251284468,7.95545570946897,1.62388329982832e-05,0.00939249166261535,0.00524066377480259,0.000297153241242132,0.813991293847817,0.779315179672094,0.404246511372705,0.77047702170236
294,"A_p5","ridge",15.5032703842466,1.64702395860046,0.0465299968274224,7.94393037063463,0.0477301872098542,0.990309317701303,0.987350627542574,0.000879907081098752,0.987568388127752,0.983449051725424,0.386472845550305,0.768143937987659
295,"A_p5","ridge",20.0117174300419,6.05050183893625,0.981485005627789,7.97221513543791,0.00982464560780882,0.640246987658495,0.577747927785933,0.000551784191763161,0.622294125456298,0.554469234806663,0.434364237552093,0.81242317029904
296,"A_p5","ridge",21.8663496921295,8.5745140941102,5.10990136211791,7.95159122449791,0.00481283522142761,0.374520076463113,0.321242099347682,9.38828428116434e-05,0.0770959132132099,0.0491242240814553,0.38776132738865,0.734031254359969
297,"A_p5","ridge",21.5942937955744,8.70059581874063,2.09226160938729,7.95734163663596,0.00530701129532207,0.36364891913591,0.315216207623455,0.000515402054575009,0.356696578044267,0.300517131030086,0.364816269312019,0.724932833304056
298,"A_p5","ridge",23.6249205250168,8.18765381312161,4.36796319013107,7.95313925753361,0.00243586142560281,0.410660091200143,0.359179750268867,4.61849025789052e-05,0.112882750685561,0.0786016890129581,0.377226412861135,0.69685970160304
299,"A_p5","ridge",29.1054559684534,13.9273125362908,1.6814956350657,7.9890349914566,0.000284377364000332,0.0822530076323769,0.0579673300035636,0.000220152772127058,0.439346386793603,0.371034935072253,0.404266611054064,0.79070244539735
300,"A_p5","ridge",21.6355406480286,5.61439459546301,0.286092992632682,7.98812255541492,0.0054443367671313,0.690595943740956,0.638331302367624,0.000262617159717871,0.88127699723229,0.8558439208285,0.401855945753677,0.799574815529501
1,"A_p5","gridge",16.8753514515377,2.17578626440693,0.480801890530729,7.98519703635446,0.0306150661666154,0.976023492196032,0.970614613923677,0.000475408413899814,0.802056490478175,0.772187653127865,0.278881222095412,0.633364976033786
2,"A_p5","gridge",18.2453379122882,6.41901307745559,0.551552232769996,7.97767652535104,0.0187658806550045,0.599287128690338,0.55682384897227,0.00190644291052833,0.772919587740682,0.742760883992541,0.285600476192924,0.637445993586386
3,"A_p5","gridge",36.989513503441,9.7898931885268,0.916288961267333,7.97391363080698,1.05130693237587e-05,0.277287216288327,0.201717817123591,7.20540415555249e-07,0.640653036942291,0.561419226933159,0.40705555357538,0.880585792800067
4,"A_p5","gridge",27.7713481242584,3.94343531840349,2.19375655435967,7.99192827504096,0.000495317899957604,0.863505042940025,0.820798357747158,2.07035323773752e-06,0.337466337026257,0.251455331050162,0.382272762003764,0.83863615079535
5,"A_p5","gridge",26.731150242113,5.30979334063697,0.436352660191572,7.94636380825315,0.000709096713929602,0.721398175769623,0.663523437638019,2.3279687171085e-05,0.81868522518266,0.777497620219314,0.364356574878476,0.801158318703537
6,"A_p5","gridge",30.0807477645526,8.35318810608107,0.283504752969757,7.98234556991096,0.000191260017885386,0.397886324384364,0.334385410998444,1.48554549159741e-05,0.883210456189957,0.855794505059997,0.345869373602083,0.770876292182184
7,"A_p5","gridge",22.824538111382,3.59069344205266,1.08023682452751,7.96718464336225,0.00336451173994456,0.892780239458464,0.867559758510893,3.59495214267147e-05,0.59192104190007,0.533215838815041,0.322976556221366,0.744965999242067
8,"A_p5","gridge",24.9509250603135,7.7490939566389,0.299819359495854,7.99410409395349,0.00152047438450775,0.457924967777262,0.400820714281529,0.000160417432408799,0.878566419601242,0.852832999485,0.316348711445993,0.715440668312631
9,"A_p5","gridge",35.4859548838355,11.160937687007,7.23222199965526,7.99018887527777,2.03318952965992e-05,0.191232760501111,0.137829690099053,1.57210619744497e-07,0.0271790996385477,0.0109731940693794,0.378629593969228,0.825380949337878
10,"A_p5","gridge",21.0101469724402,8.59777502371918,1.83167877692513,7.94680910781129,0.00663600275384135,0.371971503865513,0.319093612153963,0.000787224821303778,0.402742245051748,0.348088324826703,0.316870229317819,0.68817507461302
11,"A_p5","gridge",28.457888918216,6.52205969132226,0.549338319747227,7.99480965409822,0.00037761596783259,0.589230134496066,0.515439214418156,1.20000089874894e-05,0.772471435958011,0.72093617034984,0.371903588716822,0.821465842254478
12,"A_p5","gridge",21.9284261006386,9.50026487855384,1.01006736879419,7.97618209973702,0.00479923503276414,0.299097761602406,0.257753391239512,0.00130204833580505,0.61354641715936,0.568502946581463,0.278922903511849,0.597027933422817
13,"A_p5","gridge",22.8981658452638,7.5708787070694,0.92244877976235,7.96216215498352,0.00327049569976912,0.47296303076256,0.418760968444705,0.000286313409139982,0.639448037098493,0.590180009349214,0.308578478114761,0.671807729074208
14,"A_p5","gridge",27.3163189652352,11.2727498393123,0.0167487737660778,7.98677496109502,0.000577305683747253,0.18441331804252,0.144387744587445,0.00029924750468957,0.99771946853715,0.99671627571248,0.315920920436983,0.691265815917174
15,"A_p5","gridge",20.7812854412857,4.49932424735604,0.154135934609977,7.99239274939236,0.0075388016114486,0.810583626928072,0.777149546060249,0.000264825116516043,0.94099263824505,0.927557015600459,0.31101191819686,0.658149236932756
16,"A_p5","gridge",29.1503228628469,9.43086668440486,2.05190829215659,7.98803892295732,0.000280591460385615,0.305585713694399,0.252743071769576,1.61734622724508e-05,0.362224439583965,0.301078329028671,0.308315614997638,0.718872179554166
17,"A_p5","gridge",21.9274798208566,5.50967267900089,0.784118949607976,7.97945989631179,0.00483736332673301,0.701565014915177,0.65476928448959,0.000167350922199772,0.685907107536122,0.638683787946622,0.323051778077531,0.684469273751151
18,"A_p5","gridge",25.728213059091,3.16109901193903,0.233191440371644,7.97260756648615,0.00109058919084448,0.924737090793903,0.900318913633124,1.08538536891523e-05,0.907864636912808,0.880021781297861,0.37474570003672,0.83913766553818
19,"A_p5","gridge",22.2284302669601,5.62148474314814,2.32325088274643,7.99195308958337,0.00438258168756955,0.689912411985216,0.631537716610214,7.94350782109543e-05,0.316846110804637,0.251118085084464,0.343350399086335,0.742761305765181
20,"A_p5","gridge",22.0944626533115,4.95515505822772,1.46546897360904,7.97829790957705,0.00452401836494054,0.762435234758166,0.718702793442526,8.48765763494796e-05,0.487384766003249,0.424011262699539,0.333506463395381,0.720517954144192
21,"A_p5","gridge",32.4990676268262,7.56707942764169,1.41598822990824,7.98084828550982,7.03292220831653e-05,0.475184251935448,0.394607387581927,2.11320119114511e-06,0.500740887956173,0.417021311733813,0.387680266486663,0.866229953750001
22,"A_p5","gridge",19.9001570282062,6.16212655618429,1.67720288727587,7.9669664378761,0.0102073037051258,0.627110201308099,0.579888934649399,0.000433719176965108,0.438424263867586,0.383685948602206,0.305192192035659,0.654962098422342
23,"A_p5","gridge",32.0319400601663,12.9273607100084,0.95198592554232,7.98703601594682,8.5018488510169e-05,0.112658656824866,0.0803854857863828,3.9950788784715e-05,0.634495082763431,0.575814327524273,0.322393129353595,0.739779401373471
24,"A_p5","gridge",20.4975100997535,6.56381169675628,0.232779345756911,7.97316644898638,0.00818026533486416,0.582779262616736,0.534964319363747,0.000874069580030112,0.909387760875705,0.891259145197628,0.286469534188774,0.642954203436364
25,"A_p5","gridge",22.8742391069549,3.70295888923637,0.0547199853136194,7.98855226703737,0.00339527743933921,0.884078009223853,0.85597429476979,6.68109738315437e-05,0.984682022970865,0.979323589492096,0.329032526105421,0.74770041374341
26,"A_p5","gridge",23.8933102400347,8.20353811772968,2.94503699073352,7.9497261639852,0.00218280160403872,0.408787269272897,0.362918912650335,8.66120086154831e-05,0.230594751954301,0.18315946009377,0.286752007229035,0.658049047297341
27,"A_p5","gridge",20.9009524217018,6.90890176067592,3.29009158655697,7.9778634790748,0.00709998167910753,0.544954569312269,0.500532726034111,0.000156128446304304,0.195399509577634,0.15552175968217,0.278443191732534,0.622058050591316
28,"A_p5","gridge",40.1255283831742,10.0219353783954,0.826193231049933,7.94947717914577,2.56205721882452e-06,0.258452656773836,0.184789438728253,2.39613498376201e-07,0.672648377053402,0.595058736136682,0.398062414091374,0.899045939782692
29,"A_p5","gridge",29.0970766055265,3.14453054735239,0.619789013414485,7.95503663925655,0.000275186891134815,0.925185575074561,0.897199244516685,1.6522525556617e-06,0.745405094164481,0.686077146021568,0.392449564089097,0.864457043485898
30,"A_p5","gridge",30.1961964981174,10.6809211411869,1.92984320613442,7.9717340202537,0.000179199387403073,0.217385388116799,0.170547828626664,1.96961946300478e-05,0.384661280834624,0.314322444537988,0.322112827062006,0.745788420980271
31,"A_p5","gridge",23.2856380976506,7.01426313625299,0.615981655759695,7.97368065834165,0.00284116649677246,0.533152465150108,0.479211897402505,0.000213524801206955,0.749671908484086,0.708987201219666,0.315449170505958,0.679074855003638
32,"A_p5","gridge",30.1034816271276,17.7061618211961,2.29136128834154,7.99258842708026,0.000192853788138936,0.0230679267745724,0.0166610573814442,0.000617367816462266,0.321267559144118,0.278371717261973,0.272830403137675,0.595636478433078
33,"A_p5","gridge",27.2143027756091,3.94530679541422,0.646732401001633,7.98242369241878,0.000606696200029511,0.863308643616942,0.826044989971859,5.02366808241561e-06,0.739981782894769,0.683084088347799,0.353661432329769,0.82901409005316
34,"A_p5","gridge",33.0700043088755,10.378621840733,2.03593984033623,7.9877834174409,5.60699350689031e-05,0.237768521769137,0.177172545714003,3.93063953474382e-06,0.364299744732871,0.280123537825201,0.384918724281661,0.811432813627859
35,"A_p5","gridge",25.9920404979454,10.0345680480309,1.02095333528582,7.97769611870646,0.000989791209253466,0.259973904302596,0.215916262736391,0.000184555600626024,0.60932703379406,0.559773640911786,0.303929518096238,0.701385545371385
36,"A_p5","gridge",23.0933691226614,7.80243099872548,0.292923715021381,7.9823009604767,0.00311833591298416,0.451342346448007,0.389742050674031,0.000396926759808958,0.876335496888374,0.851672420027592,0.321750766620193,0.704107561017037
37,"A_p5","gridge",20.1426556829842,6.29643126086528,4.58686528202225,7.95844152373315,0.00926821060406269,0.611160666523114,0.565074230692356,9.38522877840242e-05,0.100816109875904,0.0713530037036043,0.286468482260719,0.621355459671825
38,"A_p5","gridge",24.585722634587,3.37262631305671,0.492498889929454,7.97823058490551,0.0017295469571168,0.909674670534111,0.883524334597547,1.85084863821849e-05,0.795252552569052,0.75149014012174,0.352817017998017,0.792671577314973
39,"A_p5","gridge",30.0472895620656,13.2896937554982,1.73826111768196,7.99141418579877,0.00019578631109729,0.100988102351595,0.0745605037690492,0.000103327159756583,0.426088971816235,0.364864663469003,0.324763703444472,0.70705970098511
40,"A_p5","gridge",23.2362464399059,4.89901762950555,0.110243940912737,7.98450094872898,0.00294220276222523,0.7687991767721,0.733464972564754,9.48659696684562e-05,0.961356158323624,0.952299366286405,0.272954148305049,0.698522315089527
41,"A_p5","gridge",25.7357622163534,7.46577637884841,0.981026084365811,7.98243270937491,0.00110366292873676,0.485865828591952,0.425473556568536,7.03844439664536e-05,0.62309082792538,0.568876934090323,0.317683952157955,0.730601313508334
42,"A_p5","gridge",35.791889253161,5.10186535741347,0.225934068197337,7.93852705129924,1.62510130725657e-05,0.743692069085899,0.673851542038184,1.96249360540079e-07,0.90805437340589,0.876781611089038,0.394933923637171,0.887941259714116
43,"A_p5","gridge",31.4512099364184,15.3486408474759,1.84056648096147,7.98106207423567,0.000106893247678097,0.0513119719595525,0.0362992683917099,0.000127602147541261,0.405295648908754,0.347544360097572,0.30366656947508,0.682962784219349
44,"A_p5","gridge",38.7732901818414,14.8165463652959,7.49306418801866,7.97413388542166,4.83190900668617e-06,0.0612091876561743,0.0340156560769849,1.42691003235385e-07,0.0232873209723541,0.00830703776151831,0.394753022205354,0.890510697693338
45,"A_p5","gridge",27.6568471730005,9.56536249855624,4.22824599345218,8.006731200832,0.000525058337525142,0.296817082686243,0.244400270082051,1.28247883808275e-05,0.122491924143456,0.0826782919655602,0.318444224650812,0.742671996737089
46,"A_p5","gridge",30.5113437145389,13.0846408433179,5.84691879412014,7.9770285093756,0.000157473390541174,0.106782690584599,0.0781595665959203,1.02790060951818e-05,0.0543959703405208,0.031951113449474,0.327901409807739,0.72981886630912
47,"A_p5","gridge",27.3806303513161,7.80179952808344,3.17679905188417,7.98066286573334,0.000574794671748258,0.451247446390981,0.384368068913512,1.09558621743666e-05,0.20668984994679,0.147662466163268,0.346612967345431,0.752749948025163
48,"A_p5","gridge",29.371505236886,10.6213529859572,3.64930803243255,7.99476949203075,0.000259941424507026,0.222907479061071,0.17824144747043,1.4562718990585e-05,0.16323449421056,0.118789776972365,0.318739335238721,0.715680265873108
49,"A_p5","gridge",27.7124152949857,8.59181017767043,3.20331142273923,7.96922205442846,0.000490255177671317,0.37463633739272,0.312874642826415,1.34695740632296e-05,0.203120768800269,0.146686201265786,0.345542557596888,0.738441003267149
50,"A_p5","gridge",21.131202927493,3.82280627437256,0.849309181539249,7.94514831538945,0.00630982427217064,0.872042692593852,0.843072051451073,0.000103670652785715,0.663679366494011,0.613028248135384,0.332394206611125,0.723652439656632
51,"A_p5","gridge",26.7239497076221,5.33218918298734,0.773770854514454,7.99076642739278,0.00075199609387322,0.722285055857322,0.661775719782988,1.54195638427668e-05,0.690759085653449,0.628855873447287,0.373631747211023,0.776276827928277
52,"A_p5","gridge",27.8811706631017,5.32733022142498,2.03162649788616,7.96921944612417,0.000458099454122451,0.721285592947092,0.668675863437549,4.2135063010873e-06,0.368377399465599,0.297545419479953,0.325332661257964,0.775851020372461
53,"A_p5","gridge",20.7067577397926,7.15953678434456,2.09100847055239,7.98412173943919,0.00768940620166714,0.518396744557162,0.472624448697742,0.000352822005393327,0.354537410881311,0.305477615701413,0.278568922825148,0.613810411567638
54,"A_p5","gridge",25.3440900359323,7.98742623229083,4.04331311408386,7.96952554842561,0.00127257219899446,0.431711427547495,0.372144667878222,2.07467671100581e-05,0.133142188782477,0.0915439132731228,0.321093604663626,0.71622031865703
55,"A_p5","gridge",32.7420292611705,8.6052185873895,4.88179360708398,7.96781673078548,6.20439378202775e-05,0.373322929274787,0.300966133762062,4.79923252250103e-07,0.0865153570641798,0.0485937284655281,0.365197867876595,0.853907406184594
56,"A_p5","gridge",30.0672367616885,2.89710992972243,0.240425201443701,7.97215189144598,0.000189902133635456,0.941309185396156,0.92269170259916,1.16334636823812e-06,0.901452046658179,0.876069518777795,0.33208589919591,0.807593525976611
57,"A_p5","gridge",22.6025944893539,6.57920903151002,1.21241239842848,7.99031471516643,0.00377624700188184,0.582480172609355,0.531803514121982,0.000181931558882464,0.553192492380977,0.500654822068212,0.305466217908927,0.686438820355117
58,"A_p5","gridge",38.7651379233245,11.4707956098438,7.69749072443761,7.94630912192977,4.57902604766858e-06,0.171718719342318,0.118351470346032,1.62089409672106e-08,0.0204873611106544,0.00707689050247584,0.382175709102152,0.849367461113122
59,"A_p5","gridge",23.7317349945679,4.75438466590789,2.14316000621863,7.97984949504348,0.00238607391094448,0.784455082993783,0.743694548765424,2.31259841783071e-05,0.347048823827438,0.280525595522349,0.325999754007799,0.745133102754018
60,"A_p5","gridge",24.3111771079373,9.460886804322,2.74485018899417,7.99661936206216,0.00195970611534069,0.304038026554555,0.254542085419433,0.000142077020852227,0.255813465969844,0.2029097394467,0.305782151769785,0.672908918691035
61,"A_p5","gridge",36.7077869114717,6.53248515378115,3.50621254056218,7.9909885451798,1.20134986347775e-05,0.587843920552969,0.494827310519718,4.61110700733514e-08,0.174569490956599,0.101649821894061,0.412386744247803,0.962639434742933
62,"A_p5","gridge",26.7311786703309,5.29544670059811,1.06011074444689,7.9729638288266,0.000737843521376957,0.724739147303288,0.678134506685188,1.10318141309795e-05,0.593358403808179,0.539466539521466,0.315387778312378,0.761017561646576
63,"A_p5","gridge",33.4927438704669,9.11344362683086,1.38791158436857,7.96655855770051,4.55838938020481e-05,0.329316768908028,0.248576818893406,2.44617835054584e-06,0.505582040118628,0.413150413455756,0.40259967686869,0.865415540165156
64,"A_p5","gridge",19.5678399672055,3.91852395181343,0.44480069170845,7.98750046038646,0.0117074188703667,0.865723471783328,0.839812606660888,0.000302560490867521,0.817811038310494,0.785146428958776,0.28977459505005,0.679557706084124
65,"A_p5","gridge",26.1101795340829,6.1473751596053,2.97523521412306,7.97221611190043,0.000929443140778807,0.629585994295957,0.572122458971819,1.07821662806984e-05,0.22982356567295,0.168747434193239,0.329659286989505,0.750072355621562
66,"A_p5","gridge",27.5375550827235,3.80474483447675,1.36343823463039,7.95790190913521,0.000519983668150648,0.874224574657916,0.843904660814313,3.1922300322007e-06,0.512519367694355,0.439482040552358,0.339444794911236,0.81543018503307
67,"A_p5","gridge",32.421789423283,9.15705259844645,0.717790181936472,7.96772252075006,7.08199086076888e-05,0.325745462911541,0.258804992836652,6.91170049971213e-06,0.71068234184741,0.65558326970956,0.345647585821645,0.788335717459235
68,"A_p5","gridge",28.7463814135275,4.82715115161544,0.326841282829941,7.98459592586242,0.000332634578055879,0.776190544054461,0.719246473655994,5.03492741488198e-06,0.86203802453778,0.827237618704425,0.377663126774752,0.860471122222273
69,"A_p5","gridge",23.3892477835318,5.89047229938975,0.21265079388093,7.96427090916605,0.00272181851597031,0.657450799160541,0.60503661470213,0.000140703794961672,0.912920484285758,0.893380341888449,0.321806149821642,0.738536989152527
70,"A_p5","gridge",32.841591986126,9.28402761471899,0.72605136669264,7.9549614115199,5.8524618621103e-05,0.31426371455957,0.236714488824585,6.68665297265392e-06,0.705530304436319,0.636181110137438,0.392709682343857,0.872872086712902
71,"A_p5","gridge",29.0601193467722,11.1456702332167,2.10217173207811,7.97138844730192,0.000283134808705121,0.190446175468268,0.14727654322413,3.91368010048687e-05,0.353486575646556,0.287095747713745,0.329797468509668,0.733522984469907
72,"A_p5","gridge",25.5007132050326,6.63677890098934,0.158990669481462,7.96408029956822,0.00118103403990133,0.573719646196597,0.521459497125633,7.43269577211381e-05,0.940362705515391,0.925708205877404,0.313088247115822,0.736569192760358
73,"A_p5","gridge",21.4331465699077,4.06478031749847,2.54978678417224,7.97374606612026,0.00583127652610205,0.851126197271331,0.820516460197823,4.45986721020475e-05,0.281762704230706,0.222804602671785,0.319286437140423,0.724084168711845
74,"A_p5","gridge",19.3883897621896,5.44420265196346,0.406499394342017,7.95617103139552,0.0122359156815295,0.706939867864825,0.660545336525489,0.000749322315643397,0.826614001770003,0.796432867517618,0.322718163743925,0.683371872609184
75,"A_p5","gridge",25.9363406080676,8.92503560702433,1.37198591100128,7.97841417434837,0.00101410092588461,0.346235565624903,0.290677769636873,9.75847478706937e-05,0.510430638937269,0.447876327598395,0.327124633175508,0.752864662118603
76,"A_p5","gridge",28.6962395322395,9.55024731312995,0.835763531118961,7.99358743461617,0.000342128019548915,0.29690960567686,0.234456448954097,3.48645103822598e-05,0.669623156593187,0.610406878022485,0.356906599556015,0.787075446703991
77,"A_p5","gridge",22.5745716505335,10.0893243873379,1.23671894849341,7.99257843929139,0.00381545972430986,0.257438574874185,0.219462822937392,0.000971176702507681,0.545932496054042,0.500043155486698,0.27211180747626,0.609846260657144
78,"A_p5","gridge",23.3077183838767,8.81801333095958,5.31234626649962,8.0024419665286,0.00290581254377942,0.357750651242489,0.310263279893258,5.3588295459539e-05,0.0713577300166046,0.0469094904412812,0.296066968083586,0.659033169842701
79,"A_p5","gridge",25.0085100018535,8.52180179717652,1.47297259991616,7.98346387018405,0.0014743803939703,0.382413980671075,0.329607328155981,0.000119097153795877,0.485470058151987,0.428027648283798,0.314342867175678,0.676063331354495
80,"A_p5","gridge",22.7692629178177,4.9788935221007,1.20501105299397,7.94846458542138,0.00339866731639726,0.75761899390171,0.711743939143578,7.52201397504759e-05,0.552087508742258,0.49015607548229,0.330846572183439,0.751787994244579
81,"A_p5","gridge",21.2230248003121,3.04187766840531,0.676420569714046,7.93879948963247,0.00605212899219287,0.931651954005549,0.91345990243323,6.22757008317265e-05,0.72367791668665,0.675948926444384,0.327814366503267,0.711234676166502
82,"A_p5","gridge",31.8433045883496,8.62017417998954,1.4705110070717,7.96621080092266,9.07428289749213e-05,0.371863189257237,0.297798887379016,3.8900468926073e-06,0.483281367762998,0.404947878455026,0.371018659104948,0.851296281437984
83,"A_p5","gridge",26.7050960006697,3.03870603127864,0.273545719154746,8.00517484365164,0.00076217046116589,0.934055601070349,0.913879805403953,7.07638719343873e-06,0.895107071043713,0.864072163602712,0.354855389662393,0.82348423352239
84,"A_p5","gridge",20.0526254694554,4.43952561983475,0.0216793638991515,7.96211385493681,0.00956284484269698,0.8152308806433,0.777232033025738,0.000357338378949246,0.996080400309601,0.994644826845536,0.328453125719869,0.702559129649239
85,"A_p5","gridge",22.125150974431,4.35385072011308,2.17522171712654,7.93268436154989,0.00425425801569723,0.822067917480357,0.785975658885191,4.10711210026005e-05,0.340085841279798,0.275831573194022,0.329998529061218,0.730766387771625
86,"A_p5","gridge",29.8921357066947,12.1713110537461,0.558589169855548,7.98476991252608,0.000207952234539843,0.14199159661232,0.104872047371611,0.000133456102674012,0.768425146073969,0.727758927375312,0.333786161108247,0.736071278485775
87,"A_p5","gridge",36.6899836821659,15.1606261895523,3.76646498270369,7.9493802463524,1.11926287204023e-05,0.0536700704750599,0.0314759112227259,2.33226489110283e-06,0.154309725098104,0.0966605756835043,0.392211341917415,0.826683019948938
88,"A_p5","gridge",26.0431347591256,10.6835918271153,1.24084221780128,7.9767476765308,0.00096999209698756,0.217641412006299,0.177759852912387,0.000228060285437426,0.546828887396851,0.495128895747521,0.296752883630138,0.685914773410338
89,"A_p5","gridge",22.4297525439115,2.38680589433436,0.14454966041907,7.9702203353839,0.00396939701760868,0.967275593550365,0.956239198877932,3.70848687568648e-05,0.943021739229374,0.927253439981748,0.37086445870274,0.796545547195178
90,"A_p5","gridge",18.7079905012174,7.43564867426702,1.37096321458776,8.00888722174608,0.0162459232324146,0.491682586518501,0.443458322668235,0.00190932851477399,0.515438617600287,0.462462909246389,0.303345117610184,0.625997424549874
91,"A_p5","gridge",29.0004882088333,4.69779677766976,0.881031908062346,7.97658869110321,0.000295930754160123,0.789297972462348,0.732304760349474,3.5187015956506e-06,0.653172266809278,0.581668166935594,0.377868393229831,0.876365897404038
92,"A_p5","gridge",29.1837740722406,4.11909206054035,0.423794645535003,7.98857281586544,0.000278487804159067,0.847301125818478,0.800641306950921,3.09521470254204e-06,0.823908173543029,0.777531771383173,0.377013408304109,0.890899958315003
93,"A_p5","gridge",31.9840088011004,2.97973079802649,0.0865188040453991,7.98507849526951,8.65754248826622e-05,0.936987955372891,0.913681626320552,4.27517713785797e-07,0.973581786380216,0.960787450039508,0.363673298701026,0.850265602921466
94,"A_p5","gridge",31.4384463408188,3.6860755257085,0.279054785445336,8.00619011235331,0.000113163082492207,0.886208886520258,0.849268730619105,7.84072210047171e-07,0.886164221041962,0.850401898509027,0.371889422166828,0.891269048431477
95,"A_p5","gridge",24.7153651526986,2.81103294804807,1.7187326447073,7.99485856707307,0.00167889294066503,0.946778322858773,0.930205868418427,6.71614815528354e-06,0.428542936832231,0.357164222942941,0.339959859804074,0.753020585716347
96,"A_p5","gridge",24.2052062378138,6.12337508372749,1.44626171387277,8.00117972997507,0.00204425623799909,0.634751160233035,0.581742359191691,5.87190583440922e-05,0.494910601427109,0.435080090613334,0.306295313606336,0.698507093545896
97,"A_p5","gridge",26.3424744013433,8.36762439759787,0.779815784692661,7.96923719257628,0.000850528990166133,0.395234742868084,0.333535269757055,8.02169378483208e-05,0.687865695694387,0.635149420096237,0.331571225865523,0.745437105867243
98,"A_p5","gridge",34.262149536155,9.6515243479957,0.619142730633931,7.96183535167702,3.24777746241178e-05,0.286345098888944,0.213889459956401,3.63677899462012e-06,0.745720011201186,0.682204208484236,0.391347941173805,0.879997470973735
99,"A_p5","gridge",21.2078682917129,5.08158399949305,1.18551958322322,7.99396214314742,0.0064407875101844,0.749733241847852,0.7075023165548,0.000178650510071376,0.56061638409715,0.505334495068633,0.314545216253698,0.707641582346205
100,"A_p5","gridge",30.9648398697472,3.25374876345668,1.49060562720623,7.96939897748701,0.000130342122263372,0.918022199736305,0.886325506167306,4.03404669113705e-07,0.480192343738081,0.383833056558086,0.403053389907103,0.887368957458629
101,"A_p5","gridge",25.5659801184204,4.09508329466654,0.0361861785615786,7.9522709377128,0.00113976199209176,0.847690290494074,0.806404015494487,1.98315418288297e-05,0.99107799194936,0.987268462280749,0.373995868774166,0.811941212739906
102,"A_p5","gridge",24.6172961658686,7.18114637379275,0.716933325089038,8.00015030248829,0.00173884434124205,0.517758580475591,0.456191218110793,0.000108881725883636,0.714556742252529,0.663574838455047,0.337739685566159,0.759066106319796
103,"A_p5","gridge",31.8150835907729,11.2525618963756,3.50621667000812,7.96596101012575,9.05297715848574e-05,0.184370098064008,0.13367390654537,5.91479957068319e-06,0.174819443135657,0.113853039100722,0.367870103078435,0.810056712379369
104,"A_p5","gridge",25.7532442914688,9.60500597810742,0.0905011957518618,7.9816556397007,0.00109468736681262,0.291613228676498,0.242868204872724,0.000286105325409625,0.970290534446494,0.962462599878613,0.30754251108095,0.685014837684328
105,"A_p5","gridge",17.9166708789456,5.80872346556502,4.27565779304038,7.96042461574842,0.0207940674374546,0.666705426355997,0.620021325799248,0.00025333572173214,0.118638136013891,0.0832905306115301,0.306847518340887,0.66731745094056
106,"A_p5","gridge",27.2640760193392,8.52082613309119,0.141441578473489,7.97835544797533,0.000597528624805888,0.381999585118649,0.318515557255607,7.65959289698026e-05,0.947167163712775,0.931678261336937,0.34172732070138,0.758555178587565
107,"A_p5","gridge",34.8528181086044,4.16936638972983,0.858066047201194,8.00021605710973,2.69237114285392e-05,0.843292524993744,0.795689983506272,1.60766266299461e-07,0.663208289009688,0.589406172498147,0.374721912875679,0.884111385984156
108,"A_p5","gridge",26.3468011881653,6.57309825239365,0.281480503413317,7.97170903208722,0.000851893434995254,0.581505941554443,0.520241707120093,3.49639189506368e-05,0.885349785892952,0.857283262933929,0.341996408104217,0.757197288203527
109,"A_p5","gridge",25.217069441914,4.49488896896493,1.32469645372381,7.96919807511368,0.00133565122643076,0.809718070754437,0.767503706628153,1.54944304037175e-05,0.521576333554727,0.454791658588035,0.352105173085696,0.737559402643589
110,"A_p5","gridge",30.6541844318235,5.15419539812036,0.3970220977165,7.96913388891487,0.00014906090441269,0.73995347527412,0.684206188027906,2.00286422913365e-06,0.830835850470261,0.7932885437127,0.360212829492045,0.839796195979235
111,"A_p5","gridge",38.4694222642414,13.046964236018,8.79661907228282,7.97416740703651,5.51371400525635e-06,0.108055678622825,0.0689113281354506,3.4336544274538e-08,0.0119421645413055,0.00360857500521594,0.370818884790211,0.906089250411499
112,"A_p5","gridge",26.8831388178745,9.94152355926592,5.63675000852999,7.9678937878553,0.000683173021311712,0.265622677319331,0.214473725622544,1.02995406019435e-05,0.058808506419615,0.034293604579836,0.321739016958734,0.728070599393813
113,"A_p5","gridge",17.3967898850027,5.46429589600234,0.652781894602748,7.99167084758191,0.0256592485009051,0.707716172503197,0.668220618365908,0.00159807815289947,0.7331312621376,0.694849611813005,0.298278354010012,0.664360281588767
114,"A_p5","gridge",32.7115058405797,12.330686167059,0.739515586220887,7.96219537662842,6.17148470895001e-05,0.133727050458662,0.0964838591883516,2.84699936557997e-05,0.705084862460857,0.650469243765176,0.341405973226605,0.774457724686189
115,"A_p5","gridge",19.5484996426054,3.11504488731387,0.176929495488282,7.93875061017482,0.0113826492943873,0.926374466346114,0.904901976283936,0.000266999056469985,0.92650977427551,0.90895889745586,0.357116643074301,0.739245652457878
116,"A_p5","gridge",31.3442291612606,14.7432633352667,0.466376407744472,7.98648158480249,0.000113322650600489,0.0630448711938117,0.0451954296202388,0.000157446428286856,0.807788928301091,0.772849816713939,0.30296575978691,0.67091843691915
117,"A_p5","gridge",42.1404548551538,5.81519216290419,0.917065247135761,7.96919152323891,1.10240329720401e-06,0.66654398482596,0.570201506196626,3.80316422798899e-09,0.643529027832942,0.547558044356549,0.437613199434743,1.00454956361905
118,"A_p5","gridge",41.0640802701844,20.8739082490271,0.447453561464441,7.97240323520511,1.77470694495696e-06,0.00712446102628472,0.00376118045074014,3.67128476299605e-05,0.813942734843412,0.776316772377759,0.327610798531398,0.769221828443082
119,"A_p5","gridge",32.0353246452203,8.82576767863872,2.71814542862934,7.98624244070726,8.58618301136094e-05,0.35557056260483,0.276814410628435,2.23201985938282e-06,0.259829987778698,0.180692547572421,0.380026335843755,0.84913560479673
120,"A_p5","gridge",23.8261305282451,5.54305762683688,1.34184650905432,7.95506567449566,0.00225766945466865,0.696139341969409,0.647422559544912,4.80847146344665e-05,0.517343236477339,0.45734462811239,0.32537032516894,0.729327130482914
121,"A_p5","gridge",35.5197095072986,11.7072581541045,2.70436486220013,7.98795795172427,1.99056740176617e-05,0.163065835952226,0.109930058527953,1.64099209498669e-06,0.261504887548015,0.177155731540116,0.39604093164307,0.864712814284197
122,"A_p5","gridge",21.1618514421805,3.02933175499028,0.619856164386846,7.97299116585842,0.00640964552857315,0.933259276394931,0.917725872490688,8.21589820576563e-05,0.745421253807775,0.705843350076577,0.301741531163355,0.696534075437654
123,"A_p5","gridge",26.1761748481447,12.7920956291079,0.6270500528906,7.95965332687832,0.000898136011939554,0.116020056054102,0.0910478432557933,0.00114028907723729,0.743136965903455,0.708720675692805,0.293961947441371,0.641901425166065
124,"A_p5","gridge",38.6115692077697,14.3942145870541,4.30539229379776,7.97319201188971,5.12610340930308e-06,0.0701689020932881,0.0431396696127773,6.77111074209868e-07,0.117963871814316,0.068953362387432,0.376223442481279,0.791965449366712
125,"A_p5","gridge",25.1063475635416,4.01981496043777,0.16357482156365,8.00386170441004,0.00144353171646538,0.857508714379246,0.818332386111494,2.48414583149392e-05,0.940530110765187,0.919706603731458,0.356395378355517,0.806382520695271
126,"A_p5","gridge",40.6698177261822,16.9325363785281,3.65546352797499,8.00095146451921,2.27771315397529e-06,0.0305027276637591,0.0158435995293007,1.1369866956823e-06,0.162383542018522,0.099760927138695,0.394719360515929,0.854630731458593
127,"A_p5","gridge",30.21221891419,8.27302504844295,0.511823170564334,7.94056504865947,0.000170618758379204,0.401304496369156,0.327132338587107,1.18179660050233e-05,0.787333981258461,0.739291261250139,0.370870412895674,0.792208997051366
128,"A_p5","gridge",17.1361737202957,2.9723440706727,1.07041193827547,7.97227469483544,0.0276722419531802,0.93703182748336,0.920537262955089,0.000492571198218328,0.597155227662672,0.540583561585694,0.326105418660824,0.715460035814875
129,"A_p5","gridge",26.429880729342,4.53053350591704,0.830259441452825,7.95407300053473,0.000808987151185825,0.80524081159845,0.761729790728588,1.1274842867337e-05,0.669486236754488,0.612887544025172,0.340338916381632,0.786364916624741
130,"A_p5","gridge",32.8936935673174,3.48682947328095,0.344721348770554,7.96560457571653,5.79777359592804e-05,0.900612437116528,0.864507789097558,2.99024653593882e-07,0.855787625587837,0.811193662833272,0.389785966341752,0.888294344720286
131,"A_p5","gridge",26.0271012573518,1.83914167307841,0.384290726242174,7.97313601815058,0.000964880597703055,0.986230851298715,0.981213266168979,4.6756780243129e-06,0.843374233517687,0.805158003477194,0.320825351745201,0.754463633048255
132,"A_p5","gridge",19.520533789675,3.31487534374841,0.667360219613034,7.99105619799205,0.0118933433889978,0.914909381471268,0.892813146781001,0.000197560584325074,0.733397837827232,0.679083173995327,0.345385329550444,0.74077780374486
133,"A_p5","gridge",53.9124664065254,25.1195737203632,3.34095125848503,7.92301034415082,0,0.00130844428063082,0.000413076913874044,1.02519929101597e-07,0.18773152616686,0.113165580978639,0.403924856516256,0.913598258068257
134,"A_p5","gridge",23.2142698766372,2.09587272631925,0.16659761365283,7.99013420616553,0.00298507019558347,0.978717648270083,0.971456340043585,2.56710932289295e-05,0.936391153769948,0.917647466173084,0.345629307362209,0.7920794437896
135,"A_p5","gridge",32.3987721668984,4.05385628945502,1.43505411749454,7.97971240478585,7.28738266044804e-05,0.852963271537743,0.807189316119529,3.27881027217813e-07,0.494637559050574,0.40174657379312,0.393391469612327,0.875609265889741
136,"A_p5","gridge",30.696955528683,13.1937905713181,4.5015656690584,8.00080343099445,0.00015148454321301,0.104490384110367,0.07653928325089,1.45004050331465e-05,0.106903782769716,0.0714370731685791,0.310922087949962,0.70377656401048
137,"A_p5","gridge",24.5116552250688,1.75105090961026,0.918532533683098,7.9842261121236,0.00178966732736807,0.988288285698099,0.983425782274584,6.66473363297726e-06,0.641598701101796,0.573145573447556,0.371077574060944,0.816858308279133
138,"A_p5","gridge",31.149046506173,7.99000687970177,3.95141896523526,7.96141177319486,0.000119493914511049,0.430657964305138,0.361473427705794,1.16551608253523e-06,0.13882468072852,0.0923442508276346,0.362037108593244,0.786018119397033
139,"A_p5","gridge",31.7159638797694,7.01277177049327,0.218471476176737,7.97727763238469,9.68356658106462e-05,0.533552763216757,0.45053917350699,4.02731382698196e-06,0.911829197001411,0.883223575558983,0.399701267887346,0.88963035627571
140,"A_p5","gridge",16.6880778946373,6.95164168028783,0.780313262319371,7.98476131277447,0.0327485682006539,0.540901314225481,0.506679318086282,0.00453411266495318,0.6854990736891,0.656090757602251,0.251400944308979,0.547502169090253
141,"A_p5","gridge",34.0373853488801,9.93835567943647,1.31709003981325,7.99904145957891,3.78224472802335e-05,0.268619040804462,0.197686603456217,2.95255005866579e-06,0.528031520580755,0.442390208066384,0.376125958588295,0.889977420087943
142,"A_p5","gridge",27.2345735615825,6.63914807809858,0.403408925872448,7.96399830463241,0.000594947807346813,0.573300997950829,0.503912323333042,2.82927101272756e-05,0.829453571077546,0.790448158843639,0.356727657351006,0.807350029124127
143,"A_p5","gridge",30.7392485696139,4.37114005126097,0.973033869880828,7.98973767815667,0.000146690514701842,0.823452817863643,0.776741863622165,1.11172925454373e-06,0.626918319591096,0.554546770271886,0.357304493883755,0.832280580780874
144,"A_p5","gridge",22.187795269518,4.92718905660424,1.78633207717191,7.94998311493087,0.00422882654995704,0.763694668764136,0.726022881578617,7.02202671453156e-05,0.415251915654556,0.360613621652447,0.280621322108071,0.682239312698177
145,"A_p5","gridge",33.9905125300334,8.693863311201,1.84289333661405,7.94567187824764,3.56393608123007e-05,0.363274532633902,0.287907156898686,1.09576207985018e-06,0.401040701568263,0.320246092001195,0.350908021863245,0.847580954383995
146,"A_p5","gridge",42.1529608644943,13.3322196047473,2.56167405983812,7.98328701460137,1.12696444465321e-06,0.0992262472463827,0.0601833998268426,1.64459943885475e-07,0.282002911100841,0.191929517718524,0.398110607153931,0.907005204453644
147,"A_p5","gridge",32.3569293731445,10.1765549592059,2.95896101804861,7.96424925666333,7.22973318696418e-05,0.249081933165959,0.185108937461681,3.45561670989092e-06,0.230362215440146,0.165643086240254,0.362500584053098,0.808348256530951
148,"A_p5","gridge",26.6690061496894,3.5558202156464,1.2932162776267,7.97423956180129,0.000755675762453056,0.895351881003189,0.860230563581715,4.87312474861668e-06,0.529758744466675,0.447659486748614,0.388427272236858,0.839991237979546
149,"A_p5","gridge",21.0955783050946,3.79338587662861,2.08259340413309,7.95732057967654,0.00648574117691569,0.87496910364612,0.846566035566108,5.32610853307691e-05,0.35243419901838,0.28678505373334,0.317268093245207,0.716066494054154
150,"A_p5","gridge",20.4624933580033,5.63472836024833,1.89134373282943,7.96097549326595,0.00823903943495974,0.686133544621803,0.639763876161108,0.000218516817530157,0.391725384610848,0.333529169497471,0.303585405969489,0.679171211128824
151,"A_p5","gridge",33.5687883180316,14.5000865885328,1.45980552983618,7.96612697574958,4.4192117417019e-05,0.0677489275036376,0.0441077416964671,4.19401436161371e-05,0.486741578722889,0.420097925489014,0.350814183428042,0.751246209853848
152,"A_p5","gridge",22.3943485297093,3.43121578010723,1.08264936348084,7.97420097583641,0.0040024201701826,0.905440895295757,0.878309382430944,4.26996147959713e-05,0.59113878690452,0.521755404614255,0.356915701072079,0.759963337671559
153,"A_p5","gridge",18.5468391167214,1.6381292396393,0.780239895457511,7.96778117019536,0.0167015356908865,0.990640026158286,0.987831903551735,0.000135384223452051,0.68804102584252,0.639386454155935,0.314039313129918,0.733675065622123
154,"A_p5","gridge",19.3795858170911,6.08028896986337,3.35422207895991,7.97836532722833,0.0124242507269108,0.637587069489,0.594937343232266,0.000234015614305694,0.189743340659099,0.145819919115544,0.295385477868026,0.632802759127275
155,"A_p5","gridge",25.1504794365339,5.57638836427274,2.22549849316838,7.96239497506789,0.00135806234958347,0.692858048646792,0.633946740762938,1.70706688784605e-05,0.330571522403742,0.258549326932775,0.355619865205626,0.779550376213917
156,"A_p5","gridge",28.4819816108769,13.397053110378,8.85360171394982,7.97065869924756,0.000358025861628253,0.096470853880452,0.0699288655182677,6.67591609393448e-06,0.0120375262459973,0.00551149740652024,0.32816499874404,0.704298401736042
157,"A_p5","gridge",17.5911417639647,4.38821902511365,1.42098090543688,7.97874536626219,0.0237350543464747,0.821005523703793,0.79802020001942,0.000655173143724097,0.499066743161812,0.45554271875392,0.257396613031191,0.576394348820157
158,"A_p5","gridge",25.6754644208748,2.97506679864421,0.504439004530973,7.98856721829412,0.0011389309026264,0.937072742336469,0.91816587412815,7.78155464242758e-06,0.789724098273237,0.746612061247787,0.35620767323465,0.771199819193036
159,"A_p5","gridge",21.7421648817959,4.42214312688229,2.43971021095817,7.99977487570591,0.00524070393104759,0.819389598240308,0.789118042337763,4.58082708303387e-05,0.300682170364456,0.245187425834035,0.287947631592071,0.63702330848706
160,"A_p5","gridge",20.8622437469933,2.05236068618143,0.418297259458756,7.97967848689872,0.00722094846248589,0.9800181728602,0.972692533549326,6.48479012761438e-05,0.825447141923008,0.785344492960858,0.361736368017405,0.764679093700386
161,"A_p5","gridge",34.2991764266599,8.2716802908279,0.0768538418205227,7.95869830660443,3.15701667872315e-05,0.403214087911211,0.32523142964457,2.10646640663725e-06,0.976441168896334,0.966029854456732,0.371179819434502,0.843118223240091
162,"A_p5","gridge",21.5851406296302,2.52592822037622,1.28958840551282,7.97700095123644,0.00549689703089529,0.961207092729641,0.949943104658869,3.78027674003967e-05,0.532673358377208,0.470425706233079,0.327008540287064,0.783961893572409
163,"A_p5","gridge",19.0135801266193,5.38640666766078,1.25829484055587,7.96653741467299,0.0141384834806504,0.714265090314156,0.672758819076392,0.000530136092758648,0.538237041226294,0.484882954836173,0.295506384177911,0.631425920314827
164,"A_p5","gridge",19.2466299657156,4.68007733205141,1.74281489438254,8.00748007596162,0.0133551022914462,0.793643501479213,0.757965740046083,0.000281313933319205,0.427778668161319,0.367892590612747,0.308562627577733,0.719982860537975
165,"A_p5","gridge",26.405674728646,6.34759383287437,0.374736931001249,7.93623930896199,0.000799527868737382,0.603400269243467,0.539102929697968,3.1131493974268e-05,0.841776065696787,0.807270261677508,0.351084613654613,0.784717651722038
166,"A_p5","gridge",28.1818182697717,9.3204614810925,1.67219207154038,7.96823049734314,0.000403229126001658,0.312435897926833,0.25635067012296,3.19986331047684e-05,0.4405539940574,0.375058820841752,0.322894828124492,0.715116574222413
167,"A_p5","gridge",24.6989529400133,8.98612831034596,0.685766433691379,7.99324651358424,0.00167426766020151,0.342387980373857,0.285874879071625,0.000269085331784602,0.724171008073779,0.674453637091738,0.334559962877891,0.723633450842976
168,"A_p5","gridge",28.3775738693813,6.21722010840866,1.63168737216601,7.95962557082106,0.000372347749198365,0.620187279222594,0.552695310070227,5.17876920991256e-06,0.443522474086612,0.37365959724589,0.351285081118551,0.824211030649525
169,"A_p5","gridge",30.9706257266407,8.98092283838562,0.656575620605812,7.98957845418207,0.000133594347793586,0.342518409863546,0.275036045608757,1.39382503543395e-05,0.733794570289869,0.680852762902609,0.353174558013267,0.777306085575723
170,"A_p5","gridge",32.6823448021743,9.25758695179209,2.77072277636379,7.97272036301091,6.44064767381103e-05,0.318068651433716,0.240182387473976,2.05059546254382e-06,0.253369758269667,0.174084637822326,0.39277624653993,0.888681144964302
171,"A_p5","gridge",23.8738692495895,7.11167317633575,0.216658075912428,7.94939224854583,0.00219583609433294,0.520291148858552,0.454647603055432,0.000172189352450225,0.915569772010366,0.892269954678821,0.333648732110212,0.718288949985553
172,"A_p5","gridge",22.3464737527015,3.05952558433469,0.377790648327199,7.93298127242006,0.00392934144241708,0.930173597453196,0.908821851420887,5.52972346937741e-05,0.839307120649669,0.802414916006827,0.360871263560282,0.773272437657599
173,"A_p5","gridge",22.4314075325409,3.19279800674191,0.929955270371791,7.9634682338638,0.00392197436897801,0.92211022779116,0.9001432171097,4.08488569386689e-05,0.638367519075371,0.577975206083286,0.353446627810169,0.764874125004586
174,"A_p5","gridge",21.1119201824199,8.2261013662258,0.917001320682469,7.99713523816525,0.00667314726990931,0.411329648414461,0.372083877190194,0.000995877167548898,0.644305648704536,0.606311330115541,0.264413065168717,0.574678218802849
175,"A_p5","gridge",24.9944086138333,7.45074916048023,0.800158445383149,7.95560342202181,0.00143410078217365,0.484791438511629,0.429620245118203,9.74832089348787e-05,0.678889587543088,0.633521844992763,0.320993311000282,0.668186318577154
176,"A_p5","gridge",22.3817245229858,5.23774983641485,1.56736564740017,7.98970883578542,0.00409288057651569,0.732708920511591,0.682130221264922,7.87919800326886e-05,0.465188778503483,0.399736060276382,0.336209255176925,0.750941745791929
177,"A_p5","gridge",21.2301110246791,6.02281741592471,2.00046576056157,7.96158899220385,0.00616743859911906,0.642473506256444,0.592793398995838,0.000189911196577741,0.374006105473937,0.313883764175413,0.317667836031897,0.709896397903015
178,"A_p5","gridge",27.3600819463051,8.74493168627978,2.30802776337505,7.92751892983334,0.000535714342166038,0.356933813325146,0.298000754249307,2.42762166009491e-05,0.316733970777771,0.251206170132396,0.322561301208401,0.762499235745929
179,"A_p5","gridge",26.0851411248397,8.23699859713712,1.3805314031791,7.97283359078706,0.000949404897088502,0.407905989838792,0.343952561247163,6.7922411052912e-05,0.509977810129079,0.44267162725535,0.339801589455963,0.758042790503338
180,"A_p5","gridge",38.8461375685532,10.8449219777967,3.54201170066708,7.9585584010659,4.54762878798753e-06,0.206614269712603,0.141974790983245,1.20794519054002e-07,0.171106553734851,0.103246732319945,0.391164923850893,0.875832285658683
181,"A_p5","gridge",21.9758903616822,8.45457339392918,4.04871779367315,7.97332163523623,0.00470430090782092,0.38757081429225,0.342763180796265,0.000145823436050185,0.130827075406668,0.0994815615081732,0.276124360885883,0.619211369365801
182,"A_p5","gridge",29.7957491017185,6.71917493942596,2.76061218706975,7.986828268179,0.000215605334907387,0.566692633194614,0.496703760918381,2.14411330945463e-06,0.253665498710401,0.185459027391902,0.364862439248968,0.799877170292332
183,"A_p5","gridge",27.0389705486938,12.0129465236457,2.6992717521242,7.97860861461477,0.000655947726702522,0.148480609348397,0.111533736811794,0.000144691736978064,0.261974958558193,0.206657744545412,0.327687895449339,0.695224432148266
184,"A_p5","gridge",16.4623301313685,4.77821780779592,1.32437543727266,7.97077949077269,0.035049827151482,0.780582083325831,0.748970098131977,0.00142982683135373,0.523035921929745,0.476128591773568,0.275830797167173,0.629259287987094
185,"A_p5","gridge",24.3539268976655,5.73791651471074,2.26275940191374,7.95801310123874,0.00185268646964565,0.674210557614252,0.622737978655643,2.63212791566936e-05,0.324783956215942,0.263683506619587,0.310551917292496,0.705520621025916
186,"A_p5","gridge",27.2320929289584,10.2494764828655,1.41235176427019,7.98740479887406,0.000612147479646663,0.246198521662909,0.199943681685285,0.000107183629515673,0.500806475150483,0.442729296301984,0.302710313735543,0.658857922095641
187,"A_p5","gridge",25.0700069393834,10.9024393371439,3.43931215119078,7.98545114901933,0.00142941513458494,0.20516922153482,0.167844465248149,0.00015846373922257,0.182146917018185,0.138869304009003,0.291146328608891,0.671781881577398
188,"A_p5","gridge",26.9116593900903,4.79906562788259,2.34900954793128,7.97643052417295,0.000685232883039344,0.778899320319757,0.732180890285929,4.74626258983868e-06,0.311460856869128,0.244026777661576,0.34611635650771,0.73923480255405
189,"A_p5","gridge",26.1153910028936,3.45021749221025,0.427672115684193,7.9667947103642,0.000933986493911521,0.903330106807864,0.871599527268095,8.29858614381784e-06,0.820275159739282,0.774372290021216,0.375678554796208,0.845813952712578
190,"A_p5","gridge",25.0309986042944,8.92132005724605,4.86758031186467,7.98153672633402,0.00146531823829521,0.346926122002547,0.289590079773619,2.69273669437631e-05,0.0878735125764792,0.0552551724166941,0.334123776401861,0.749031056412255
191,"A_p5","gridge",24.1106593961188,3.1692302030787,0.554264963651336,8.00059993508255,0.00212739334954981,0.924978911303685,0.902907106707553,2.02687011729985e-05,0.773067321110632,0.723708232486987,0.341305593720777,0.822102262504802
192,"A_p5","gridge",21.3668584760695,6.75953525768036,3.18006538057298,7.97872778376451,0.00595156839268629,0.561497167975905,0.510250003427834,0.000142183933791729,0.206905902492312,0.159724995633449,0.306667848647023,0.662096998937023
193,"A_p5","gridge",29.0268944637345,6.42797616239297,0.203903769619364,7.9873250274784,0.000295008903340666,0.599166415740113,0.526731223479989,1.01852904207389e-05,0.920681871984931,0.894304659901231,0.373088149420791,0.805505858227537
194,"A_p5","gridge",35.9348996706202,7.02548230825128,2.21588699535122,7.9966523221983,1.68984137397521e-05,0.534112240601418,0.449555933441713,1.65275277463905e-07,0.335808978727461,0.244314239565435,0.372450203017782,0.901938762617948
195,"A_p5","gridge",23.0652497440232,4.03450894194129,2.07833961376867,7.97519165587165,0.0031109129059268,0.854487405535116,0.822181888516415,2.45064030861553e-05,0.358057063392709,0.292418048954707,0.335292923569646,0.740802763662856
196,"A_p5","gridge",25.13193808116,10.9004955300507,0.843938706080439,7.98625670434997,0.0014027978062463,0.205461915751973,0.169494447828356,0.000584421593017748,0.669162003228356,0.62832641690265,0.289458959935069,0.637548405606789
197,"A_p5","gridge",29.2649916646946,8.53583904076335,1.82699419589972,7.96418133493135,0.0002610830017582,0.379269903602972,0.304921876228679,1.01346264684832e-05,0.403268781481959,0.320539718524696,0.367082459809567,0.79378123598368
198,"A_p5","gridge",45.7318274052285,21.3309384450643,1.91722842106892,7.95704528028749,2.12492162088296e-07,0.00589635508288089,0.00278500327795617,1.88184989313722e-06,0.39001382000433,0.308677907026877,0.369458567890379,0.810635619778696
199,"A_p5","gridge",30.3703326143788,9.76296821047037,0.558379717708799,7.92555188545708,0.000155920056090553,0.274797295168929,0.215873779903594,2.54290240189192e-05,0.766356202045036,0.720131985660041,0.32878716868488,0.771823031777566
200,"A_p5","gridge",23.7690273628371,4.41547040996517,0.615881455674524,7.9789788852285,0.00238233659087317,0.818202193400399,0.780907031514742,4.08833556653221e-05,0.7450237128068,0.70043834938941,0.325004576185277,0.718130457223728
201,"A_p5","gridge",32.2201198842556,13.7844660295041,1.11071135046073,7.96985021243348,7.71958679394169e-05,0.0853748466321298,0.0600267346821446,3.7257325161244e-05,0.580754148330981,0.520294601171035,0.330922849699288,0.755933388718809
202,"A_p5","gridge",22.6452088471777,9.24861859379241,0.165461967323812,7.99130599460075,0.00371792571436647,0.320483423730633,0.267197294223018,0.000999778324821121,0.936828079092413,0.922067299688122,0.313802766063043,0.705896131536306
203,"A_p5","gridge",21.5418289298438,3.88788327678299,0.0978596757635155,7.97363940075036,0.00555818293163979,0.867566167337423,0.834945384043238,0.000120413616650161,0.966554159535128,0.956146950916963,0.344911890692103,0.804154753030423
204,"A_p5","gridge",26.5529868515178,9.08281815518355,0.996874712573938,7.94636762343371,0.000764146646420327,0.329902100440463,0.279650326304318,9.56031056446038e-05,0.614277095965911,0.56528275388411,0.306234941314294,0.68421725110722
205,"A_p5","gridge",25.6323002415282,10.423565859449,4.92849243882978,7.95622967604814,0.00111423057344573,0.232186723398915,0.185493965066033,3.95134335648972e-05,0.0835962742538472,0.0538674107094235,0.318557995448375,0.698445942671472
206,"A_p5","gridge",34.5949034264317,14.3488059232118,5.39907867719507,7.98604372609226,2.94580538915401e-05,0.0718872536351989,0.0475673185561427,2.72145937851853e-06,0.0674732173773627,0.039242307295742,0.345667026225093,0.765295383282676
207,"A_p5","gridge",27.5378855682323,5.48192271547865,0.516970535884056,7.99751960667066,0.000545483367968225,0.706354160171601,0.649430188519603,1.29373062398574e-05,0.788667966969585,0.743988604946603,0.345436833308166,0.799074110844195
208,"A_p5","gridge",24.0678848443978,6.54052480122896,0.638243411386832,7.98577991245321,0.00215154157618036,0.586158642359983,0.523323066765192,0.000121260105144905,0.735417374651664,0.691209107210687,0.328247110456459,0.73361761115534
209,"A_p5","gridge",27.1399891238597,2.74073351291759,0.50755949206749,7.97776047665573,0.000627914887306513,0.95036565675545,0.933509769046248,3.14859287553482e-06,0.787121294584297,0.739674921117696,0.358606951379197,0.815211327869315
210,"A_p5","gridge",17.6941433695026,6.71753213988924,1.06037652240307,7.97513967748375,0.0228364347858743,0.565719995302789,0.520434490344148,0.0022712727582298,0.597648295812077,0.553799812967508,0.292997116148083,0.643752724592867
211,"A_p5","gridge",19.5365004018255,5.16757189381913,0.255234370948292,7.99154840584985,0.0118761318230669,0.740595968101616,0.699213781507236,0.00060028639362808,0.898764550234765,0.877107858220715,0.314648089214116,0.668204029498919
212,"A_p5","gridge",23.5484971131967,11.2293669683632,3.48213322494824,7.96383555443262,0.00254450731220202,0.185490226972696,0.145718599906759,0.00031018330987731,0.174941222977767,0.129238760315086,0.318680215104596,0.732480597194612
213,"A_p5","gridge",30.574853182346,3.5822539886351,1.55863552392965,7.96915741489001,0.000153179060183639,0.893120585353519,0.858869721649013,4.99095494932433e-07,0.46223345689501,0.377014237988241,0.373132785872404,0.864047310787136
214,"A_p5","gridge",21.0918980725065,4.36672708396189,0.268003704091861,7.95987089186862,0.00649389561018721,0.822066055017467,0.789160515408402,0.000206371612642919,0.890088075774288,0.867714098821787,0.292145058027829,0.684599122232305
215,"A_p5","gridge",27.7293473815329,3.3115094682237,0.535771361709011,7.96168720847162,0.000482432284996781,0.913791797155681,0.887659588658291,3.81246732139573e-06,0.778501607193188,0.730081650782997,0.361011089540689,0.854446202867627
216,"A_p5","gridge",30.2010624777037,8.24688751278303,3.10641400903483,7.96933719466037,0.000178409632808574,0.406625883582931,0.337275683077391,3.18537922716633e-06,0.213570973181579,0.151652727156468,0.358922093995479,0.79393855343103
217,"A_p5","gridge",27.2757893623991,5.46578988573103,2.51613718121139,7.95303859099807,0.000577732014190646,0.704297207993726,0.645970812340441,4.84064672978679e-06,0.28579391212517,0.214932370027784,0.355591843758605,0.805722798641948
218,"A_p5","gridge",17.1123270115774,4.87483040488219,2.90066861097547,7.95942426489184,0.0275647428990629,0.770227498497753,0.735219891198485,0.000488481794536533,0.237683196757366,0.187874710876196,0.295700862827784,0.66791761278336
219,"A_p5","gridge",24.7726718247535,4.80910916803778,2.04138637775123,7.93986367562309,0.00152038037203617,0.775881037895791,0.723512868743876,1.74166168250833e-05,0.366735230062221,0.288218226394752,0.373673114455519,0.843614512960486
220,"A_p5","gridge",36.5399932672087,16.4864674343077,0.384716368882222,7.9635769058466,1.22541596504488e-05,0.0344821319540405,0.0185598911559366,3.50642179881566e-05,0.841506363088725,0.796774927562768,0.396458852308232,0.867677266653811
221,"A_p5","gridge",23.0696041896059,4.71110908856039,1.22783939811317,7.989627544644,0.00315049593581085,0.788958981461787,0.743571106278546,5.39166345567832e-05,0.549409485341773,0.485829087904731,0.340081194096604,0.743818321188814
222,"A_p5","gridge",21.9555193261699,10.1322201051915,1.00417393151664,7.96445601339759,0.00470745742249501,0.252143931982853,0.21265218175623,0.00160742846312001,0.614048192458417,0.569902274054203,0.29640899905046,0.620267411272527
223,"A_p5","gridge",28.8224433946935,9.71928579442211,0.680918476618656,7.9715837140481,0.000312867537654249,0.282052904120477,0.23095259224637,5.44444124723764e-05,0.726143316360693,0.679835548103551,0.324836245620906,0.721107896253124
224,"A_p5","gridge",42.8901453824637,19.0301395316921,0.838407767074267,7.97769585531286,8.05832189754163e-07,0.0141446295664873,0.00755086046711362,4.45214776001457e-06,0.667849729637259,0.605561509914493,0.349604358348569,0.783191253289781
225,"A_p5","gridge",27.7432346719963,4.81161818472232,1.84887774346679,7.9518642693647,0.000475515607069488,0.775914559058171,0.724133224891229,4.0579336504365e-06,0.402905515546906,0.325876046518328,0.357259805075202,0.781600538761555
226,"A_p5","gridge",26.5916366752518,5.51400539481928,1.05524846862276,8.00115137621405,0.000798962093679689,0.703129891682245,0.650376022660631,1.43430592036697e-05,0.601778941494608,0.540420577072459,0.319434844788497,0.742186275158845
227,"A_p5","gridge",28.1934303972367,5.87079750339935,1.8662293082738,7.97942725275753,0.000412799554967425,0.66096686013777,0.60240510289062,4.30970717546497e-06,0.395627499225694,0.326520275219661,0.335355586631965,0.760150831575622
228,"A_p5","gridge",32.363088592114,5.24205917191243,0.475550820137548,7.97506238271073,7.29081680843624e-05,0.731245614479051,0.666152556732814,9.1185821204931e-07,0.80519210580392,0.752295323156553,0.378566111231014,0.852003565363713
229,"A_p5","gridge",31.2258606604004,8.72774664352819,0.452121367955572,7.97711613479237,0.000118472955873639,0.36329077340325,0.293129228255194,1.05248943831349e-05,0.811525289895216,0.766435747127961,0.356534218162252,0.789050240900564
230,"A_p5","gridge",23.7144705916124,3.08973241806599,1.68897234119803,7.945010238083,0.00232534042228505,0.928915487246309,0.907919307138003,1.1264478336992e-05,0.435523478996611,0.362707958294305,0.345633620562925,0.767841287810257
231,"A_p5","gridge",30.7966360474764,13.3569012802595,0.472701864974523,8.00139918417061,0.000145166108422412,0.0992778135567185,0.0696343417663134,0.000135409364642625,0.806944886804819,0.764024661554707,0.349432875619255,0.752142701722582
232,"A_p5","gridge",25.1172744905694,4.60814644506432,3.6813525875094,7.97760862581387,0.00140416051403469,0.79867430771854,0.757886144421922,5.48227488961217e-06,0.159031637247773,0.112455183724403,0.304957759298891,0.729376166605722
233,"A_p5","gridge",32.707097944928,6.60701308521195,2.04410472133252,7.99247894087435,6.54691598905854e-05,0.579600789596743,0.497280455946136,8.08437854993294e-07,0.365028056799917,0.274294348383744,0.384292845829854,0.879497750085562
234,"A_p5","gridge",19.5573101255417,3.6734677933374,2.50846046552505,7.94253569888796,0.0113550608242332,0.884482647895605,0.860158017357433,9.28118140661738e-05,0.285982801703335,0.229130456044222,0.312507628867818,0.688547506905855
235,"A_p5","gridge",21.7639858107421,5.52102292885272,1.43251348731026,7.96616726893298,0.0050513675501267,0.699543830188667,0.656192394597584,0.000137122592670624,0.497124104673544,0.437386625901733,0.308663601441254,0.681028485972754
236,"A_p5","gridge",23.586173476117,6.43145138414433,1.79960415159644,7.96011340128144,0.00249998905892523,0.596222490963544,0.538510804265592,8.46879920785026e-05,0.408706857468476,0.347965765946603,0.328283769760445,0.715063851434773
237,"A_p5","gridge",28.7342777321135,5.05243677974165,2.20561132742721,7.99481134115942,0.000339080888971721,0.752845092020882,0.687456351454166,2.31028247177356e-06,0.335277271690527,0.252707324329414,0.379642452509119,0.844223573329598
238,"A_p5","gridge",36.6506676023272,9.409491656592,3.7113562655936,7.97175637884797,1.19860862788368e-05,0.305843917158624,0.235134245195803,1.45347807900542e-07,0.155945247015384,0.100044756573571,0.362607092913661,0.881595106122032
239,"A_p5","gridge",28.7565451627972,11.0697815834214,4.99690471135489,7.98988916241561,0.000329602726616418,0.196080128957396,0.153234137664466,1.00110535062869e-05,0.0833084090944833,0.0521870935472746,0.329134479132076,0.711880299129013
240,"A_p5","gridge",33.075040659683,8.87688543405244,3.21293827165883,7.98523729626809,5.48652654188686e-05,0.350951160415639,0.286486929250426,1.02362938592115e-06,0.202754541845892,0.144235362203681,0.338709894517411,0.801971105554109
241,"A_p5","gridge",19.5894682607742,3.07917188934308,0.370441775770098,7.9568313848132,0.0113202551383145,0.929731668817826,0.912928018011593,0.000240902225231543,0.847579560612281,0.818131710197393,0.310438465489095,0.688264188205959
242,"A_p5","gridge",32.1445789338502,6.58516068957343,0.0528906807334369,7.96947394726748,7.89095821109864e-05,0.580073435864267,0.502140869981283,2.62791064153944e-06,0.986537863409104,0.980346975903117,0.37640548623023,0.838623150917092
243,"A_p5","gridge",35.9903882194762,19.1118078300026,4.30503981427938,7.98592224683399,1.5960650563196e-05,0.0137551990602469,0.00876759960321272,2.30511375087783e-05,0.116699351616931,0.0824817671284568,0.302266255632528,0.679508806831849
244,"A_p5","gridge",34.3517844492189,14.0335931602085,1.05808560829443,7.98137263544483,3.1936771287433e-05,0.0792023594137521,0.0540954585797402,1.73260956104482e-05,0.60107746903666,0.533914541940139,0.345886841089977,0.784569268534779
245,"A_p5","gridge",26.9676837178019,6.12517013996679,0.72582939628892,7.99497613930428,0.000689274994979172,0.63366678393507,0.56200037924606,2.06472350450237e-05,0.706889746286098,0.644034725188384,0.382550444655139,0.818208480034675
246,"A_p5","gridge",29.6160507318848,12.8675563568663,5.37165816938549,7.97859799620789,0.000230424444482846,0.114522107461103,0.0856155773540681,1.44159395104593e-05,0.0671724637647262,0.0426874391786355,0.303240190958674,0.676032563007937
247,"A_p5","gridge",23.4286803051596,11.5300828241089,3.37715468625497,7.99429227963433,0.00275270692114415,0.172127630899863,0.142599611854788,0.000445524200033187,0.186474550799904,0.147616530284079,0.285890734302049,0.624734361415354
248,"A_p5","gridge",22.0334141294256,3.73242864190618,2.06761663578038,7.98648607325507,0.00465627577072414,0.881748848025717,0.85513468935571,3.7382662370411e-05,0.362748135625868,0.297742835266166,0.321145179272006,0.729719211732586
249,"A_p5","gridge",19.2326782216134,5.07054253200455,1.31474154107166,7.9829613590781,0.0132216601336821,0.750244263023359,0.711036531131609,0.00044026465325897,0.525878981047389,0.474073043478108,0.304493847345869,0.698270269103591
250,"A_p5","gridge",23.2212871095742,8.1285717489588,1.35934894190528,8.0014345504761,0.00300686802090189,0.421107244416567,0.367305897524535,0.000272210399638428,0.516054736494832,0.4605336856602,0.297354296517999,0.678490792107864
251,"A_p5","gridge",30.8806566280074,10.9386611854014,1.19016632535671,7.98753034075607,0.0001360487841916,0.203121562965742,0.162846197884942,2.57912618240042e-05,0.564352385006325,0.507881745719278,0.296071883816496,0.708505631766962
252,"A_p5","gridge",29.3155426195542,6.70430644919394,0.228602031748522,7.99130473196457,0.000263848884616835,0.568771884228138,0.494595978013808,1.00274001639811e-05,0.909396928536265,0.881866675724487,0.374948184975919,0.865874791200156
253,"A_p5","gridge",22.4430737617689,9.42665423201565,3.99871764783625,7.97952780417964,0.00397220586143798,0.305210715888194,0.258338399839191,0.000195841713138356,0.136909349946213,0.0989084679260724,0.300479721631087,0.707706677372067
254,"A_p5","gridge",28.1204193969884,11.805753130119,5.28249165190956,7.96875320420989,0.000417907864489697,0.157175593015118,0.119063125246945,2.22340693151191e-05,0.0716308998454042,0.0439782318541984,0.316902071052544,0.695384911823768
255,"A_p5","gridge",31.1443687538866,5.95285282716116,2.82464498469655,7.95665695000181,0.000118152765660517,0.64996946595977,0.573894827595905,7.70184115039818e-07,0.245897795469794,0.167387153074561,0.363714731099624,0.869498167148416
256,"A_p5","gridge",33.3670105160748,7.70115422186591,4.90805120775131,7.97574226573226,4.84725932158314e-05,0.460952050166267,0.379624497185966,2.33239044300504e-07,0.0861671411727335,0.0452114419805445,0.379733523032678,0.856022937492926
257,"A_p5","gridge",35.4383817579284,8.04283079376875,1.41620929235189,7.98964425778288,2.07615434657527e-05,0.428274181868776,0.351085455492343,4.75353075679585e-07,0.499319407738217,0.416524140957267,0.364491068816228,0.857538821810048
258,"A_p5","gridge",18.2847412941169,5.1788636907737,0.762368005697741,7.99277044277037,0.018701294218705,0.739463606899029,0.699616407077284,0.00094053389819948,0.697543799059842,0.652397216094306,0.309463774655658,0.634647971268213
259,"A_p5","gridge",39.8650283760865,7.91912511031438,0.497764217115014,7.98996013768528,3.14304940707277e-06,0.440463144714107,0.345803668049946,9.12389391816149e-08,0.790633185337674,0.732032423237404,0.397281239603845,0.917376654313286
260,"A_p5","gridge",23.5510413542978,4.59353243356815,1.26957772617436,7.96330783918328,0.00255330775424056,0.799196819868349,0.752051967054479,4.17250612784192e-05,0.533133917254778,0.460520231566411,0.360585962187186,0.78916430697598
261,"A_p5","gridge",26.7619925255587,3.36388856995726,1.37178471238015,7.97706723948002,0.000730442620241245,0.910208238788807,0.88300417911236,3.77971614928807e-06,0.508352624565704,0.429528495524825,0.367284195663033,0.798994288860434
262,"A_p5","gridge",29.7048591286856,5.64126471385675,1.12376670659419,7.9611411915972,0.000215276689051747,0.685567134517597,0.615776640344888,3.25151236335586e-06,0.578468298628441,0.500233345516157,0.367590874907107,0.858298646972852
263,"A_p5","gridge",48.0378342579444,15.7156786012971,2.92365287069456,7.95060104282992,6.88813448501691e-08,0.0446410276457949,0.0219572825863014,1.23279810804178e-08,0.234276728792165,0.147983768228647,0.412072888284391,0.982585799258563
264,"A_p5","gridge",27.5568784614376,6.67778938971318,0.704750910502789,7.95916987552308,0.000512369392204226,0.568814203967229,0.496913150894332,1.94843203878969e-05,0.718653839994552,0.65808179817068,0.374255780565429,0.803161251474004
265,"A_p5","gridge",22.7733119163276,6.69436111460703,0.399609292085352,8.00598117680601,0.00358682636964491,0.571245053190161,0.51307274995965,0.000276435686448528,0.835432029512876,0.802928700306683,0.328633643172424,0.70324586020142
266,"A_p5","gridge",22.570453288954,9.21291675001904,1.53810914325343,7.95902600014868,0.0037013386326441,0.320375627767443,0.272595909682041,0.000511485359515396,0.466961188287016,0.413962186140478,0.307046210830124,0.64269617632001
267,"A_p5","gridge",29.3908609212219,6.52094554071929,1.88085684991872,7.98238791675687,0.0002520962014535,0.588352518159417,0.517993505743312,4.38371651623193e-06,0.39688554655403,0.317013533371888,0.353000230331448,0.828114290564201
268,"A_p5","gridge",17.8432307268547,3.97369980073077,0.619571172507842,7.98450856269644,0.0217862054884894,0.860565055352827,0.835698097199473,0.000718249760884082,0.748045501106006,0.711216587561179,0.290858092076111,0.680525842920047
269,"A_p5","gridge",36.7137519735525,14.3780024103438,0.557546954886401,7.97412968182133,1.17883783417039e-05,0.0707742731310202,0.0430232604491574,9.5970438045434e-06,0.767831410995151,0.714211497940827,0.370859333987308,0.82838432901342
270,"A_p5","gridge",26.5833259407594,6.41665725541755,0.405888103221162,7.96395393515382,0.000773745304989193,0.598096433191341,0.538747830565703,3.51891398312487e-05,0.827914138523948,0.794347263187162,0.323532472034957,0.746310935793865
271,"A_p5","gridge",30.490504561308,12.4946555897946,5.70361616555202,7.97740562540183,0.000159169394215786,0.12814373840854,0.0938689461537698,6.97492381163123e-06,0.0573670104574558,0.0315534957269032,0.33140313371731,0.736409098126885
272,"A_p5","gridge",14.9152202561704,1.88727571510416,0.801797437263297,7.9866673583853,0.0597169827434372,0.984892251625227,0.981818749311519,0.000935641057287606,0.679373902397417,0.64464398406353,0.255413862818277,0.616775769066687
273,"A_p5","gridge",21.1335701900184,5.95671168471234,1.42309465390523,8.00788433707741,0.00669492154873153,0.653850602800886,0.610309306897377,0.000232448278194908,0.498999517623828,0.448253436793346,0.27482820432897,0.649163778068592
274,"A_p5","gridge",23.6909412957944,4.11530783332514,0.551691891106245,7.945049474716,0.00235108772402526,0.845759786080321,0.810569855020085,4.71852797165884e-05,0.77363733372398,0.729774428367039,0.333064051394548,0.752531581269853
275,"A_p5","gridge",25.7923115026112,2.34832634464264,0.0926881861695956,7.97863136684933,0.00106482500973537,0.969494360949052,0.958838423807477,7.56669909340868e-06,0.971583162354559,0.960247680423252,0.342122866627856,0.816726518154056
276,"A_p5","gridge",35.2148675183662,11.0543106833146,0.787891088555785,7.97305210678586,2.18621172474176e-05,0.195638693594456,0.141634713814806,3.12884006326009e-06,0.686715122588541,0.618242011138952,0.376378616116237,0.843467834412428
277,"A_p5","gridge",36.1316535864629,14.7011217418386,0.0736404611703287,7.9991015419057,1.55485991353288e-05,0.0644265577542373,0.0407932368459425,2.06517248985127e-05,0.978362333810945,0.969784575026215,0.337546039291973,0.809451751610774
278,"A_p5","gridge",19.3652009285637,1.92119728504663,0.322618959125506,7.96783369855022,0.0123894737932789,0.983980086777357,0.979293588727094,0.000135726804322056,0.868250948075451,0.840732852900767,0.309065925442956,0.705502620567123
279,"A_p5","gridge",29.7730154506664,6.51519489097595,0.7450887048241,7.98181973791117,0.000216504614026114,0.588847494817962,0.508948279331403,7.34489832576735e-06,0.701624761943758,0.634801291866673,0.380126131930271,0.837928272882776
280,"A_p5","gridge",20.7784657995568,3.53732304624846,0.440970868997534,7.9742376474627,0.00739852558948173,0.897043688375488,0.872655935147539,0.000138092628068742,0.816909261999288,0.781082127422384,0.324592867418314,0.720083741276027
281,"A_p5","gridge",17.5071301337461,2.13955502036458,0.0331131276779477,7.96812524188343,0.0242344977476519,0.97709475191064,0.971102449344994,0.000413115280010423,0.992561435294189,0.990005646699582,0.289989367252429,0.680809249521165
282,"A_p5","gridge",30.6863313118577,6.24217962483198,0.611623128231177,7.98842396666213,0.000149363924918267,0.620166231819574,0.541879596741224,3.25104336817983e-06,0.750851849573088,0.689786443462406,0.362754699775143,0.867334087411031
283,"A_p5","gridge",24.1136281149013,4.72722015367555,0.560323835389344,7.98671026281487,0.00208987133310623,0.787261088045794,0.744826805301856,4.94809254116824e-05,0.771672089745278,0.726556690499429,0.336163449190976,0.772649916388573
284,"A_p5","gridge",28.9986467099004,6.67216897649273,3.83492872051657,7.96985406304779,0.000289574537458592,0.570420544029635,0.49673374802348,1.84473139208663e-06,0.147072057659849,0.0944715751280204,0.354928342167778,0.838034201795312
285,"A_p5","gridge",29.7154023822625,8.02326962979493,2.20371392102811,7.95404626629791,0.000212002777956188,0.426665149350161,0.36004267821459,4.69437526851024e-06,0.331810702745249,0.256510292124395,0.330563496959654,0.776985541059418
286,"A_p5","gridge",33.1154186855942,9.81600225702198,0.298138094550628,7.96591990337467,5.33081993876472e-05,0.274636177110459,0.206438181842375,5.98448838418086e-06,0.87359631488942,0.840437643606549,0.369975083216211,0.86203463228078
287,"A_p5","gridge",24.7730428466297,5.67958663546536,0.626798497204807,7.96781608746302,0.00158421853385893,0.681735844773716,0.621208439877885,4.7850372229874e-05,0.744057535261328,0.691953392475143,0.347921635727471,0.795841311225471
288,"A_p5","gridge",26.362563981386,3.30805192218795,1.91576044602181,7.9852472582634,0.000866913888030729,0.914494737343381,0.88773436854376,3.83355821187426e-06,0.388931670932086,0.30637883474333,0.367923744279853,0.839458344797533
289,"A_p5","gridge",25.4192663062638,7.85724180974573,0.708375856412743,7.98268308279251,0.00123969738446217,0.445939418893098,0.387829314553818,9.61334546767389e-05,0.716292246857729,0.668854461196666,0.324619461995679,0.704474146430876
290,"A_p5","gridge",21.3776348449235,8.08818032013786,0.48267696997806,7.96531054738257,0.00588703387191103,0.421467718196212,0.375587361415938,0.000912509408446893,0.79561312972473,0.768616849572616,0.293341506045135,0.615563016444418
291,"A_p5","gridge",28.083153939777,10.1551208350374,1.53020151491358,7.97095877021864,0.000423621035524402,0.251083762265549,0.204960012383548,7.10865698447805e-05,0.473800545912457,0.416484043620562,0.311255061596491,0.682759210990315
292,"A_p5","gridge",23.0880420014956,6.99200321141892,2.5171461804158,7.97183691910123,0.00306901919694824,0.535339757018488,0.482166184611166,7.78426421719214e-05,0.284689997568469,0.229645381593977,0.322078281257669,0.685271579416792
293,"A_p5","gridge",27.1979844384886,9.37226460509503,1.08392070820488,8.00356022068146,0.000635499707808962,0.311749404775359,0.252422167614538,6.89109260187948e-05,0.590574604223605,0.528350003378335,0.340213891093611,0.758636012429344
294,"A_p5","gridge",24.0157440155592,2.78780036427299,0.140623258143513,7.95775904042627,0.00210479061988322,0.947528344798753,0.933193486874634,2.10288690761784e-05,0.94850774522781,0.933811895878098,0.306682142624471,0.754210090176199
295,"A_p5","gridge",29.3307088722747,8.58427076680187,1.77604703008542,7.98699433177935,0.000261110556367017,0.377065016708171,0.30749454772635,1.22794679984217e-05,0.417657411050142,0.334939320600543,0.362487240832627,0.795080272564422
296,"A_p5","gridge",27.7226659518899,9.79127947818403,3.92480610260705,7.9570189563931,0.000483794532645243,0.275592768823071,0.223922495142787,1.49864922164289e-05,0.140216442627802,0.0966816385882392,0.325253103214126,0.722632733160644
297,"A_p5","gridge",30.353877465874,13.9224058596418,2.7871199926021,7.97214377451432,0.00016512967401483,0.0815021661428229,0.0597301778348491,5.82466167838858e-05,0.252041775734788,0.198272315035677,0.303513032619777,0.713508034729449
298,"A_p5","gridge",28.3616623756282,9.97551483378503,4.63711643437598,7.96626330629422,0.000374948278316412,0.263052260399983,0.215228641344243,9.38842880704449e-06,0.0991353870233562,0.0653499391115772,0.315285349889804,0.685779166546826
299,"A_p5","gridge",25.611967615584,4.64538767495992,1.31949793532096,7.99887947728574,0.00117205999528402,0.796717530130355,0.754478929335261,1.53838957882568e-05,0.527588420895014,0.458533109985815,0.348435800563111,0.778470184768263
300,"A_p5","gridge",23.796657692869,3.5031961466089,0.397278204332245,7.97430460864603,0.00234070467193415,0.899647374053262,0.87370658429088,3.23979795113782e-05,0.833895030815576,0.799301781961348,0.34068194727307,0.788058427686605
1,"A_p5","firth",3.82741484284146,3.84068675194475,0.973856296665206,7.98107272415066,0.872968600316813,0.871818117461054,0.870880864522357,0.627255434969821,0.62274119681191,0.620817690007518,0.66098110671963,0.671683368458121
2,"A_p5","firth",9.17024458595235,9.15991864543804,2.44919979865609,7.98012110983093,0.325865731903559,0.326714371605335,0.324777522118813,0.294454190560606,0.296127050147753,0.294077732805374,0.660544366865985,0.670976277110611
3,"A_p5","firth",10.0086229531212,10.0294652303686,2.50187664714098,7.94820976543939,0.25942243763797,0.257972219742546,0.253937353881951,0.290609042856838,0.286930398054406,0.282629150557571,0.962518107988413,0.978009995880788
4,"A_p5","firth",7.94183870187788,7.98890952067775,2.83708770389223,7.98014762952508,0.437250871413283,0.432615286745466,0.428364686218357,0.248816416426352,0.242769879845217,0.238862843474876,0.916607084977937,0.931754702936531
5,"A_p5","firth",3.84348965650313,3.78657293565338,0.415468445328256,7.96279970205684,0.870819867382675,0.875750683610594,0.874323071927846,0.801779233014701,0.823832660489401,0.822198100852555,0.85914649706821,0.872839705069117
6,"A_p5","firth",7.82044925412899,7.76331458144971,0.963733685049282,7.96808429298858,0.448145787734939,0.453893666822379,0.450803076515899,0.607465757728297,0.624986743129241,0.62230558867057,0.822110694538763,0.835433130263484
7,"A_p5","firth",5.11895449132657,5.0677087790833,0.246944086875199,7.9653496168959,0.74382247694056,0.749401985989712,0.747502628998248,0.875683329631327,0.899036080319203,0.898131734505626,0.79126923912968,0.803647661886104
8,"A_p5","firth",4.8080632603207,4.85457252088397,0.602789464181707,7.97750563353445,0.777765710769862,0.772853016269243,0.771159195567001,0.768174818759792,0.750035250904394,0.748408364635365,0.75406808300573,0.766046593747918
9,"A_p5","firth",13.167477054874,13.1179634846316,8.34320631345283,7.96880738229419,0.103873997007054,0.105493963610195,0.10335716693572,0.0147761274551601,0.0151403875969701,0.0144566362596651,0.894318226573162,0.909116659804954
10,"A_p5","firth",12.529785556376,12.5932965164393,2.39794295530567,7.92771375183588,0.12411009740331,0.12170838415318,0.120274804753074,0.311380316271327,0.301398808082739,0.299128695448432,0.715599281017394,0.726730430636921
11,"A_p5","firth",9.93804193207535,9.97283656973805,0.348919074061109,7.98180543514224,0.267288242719123,0.264824355845612,0.261141534715973,0.867715502366696,0.851101713724282,0.849458643438527,0.887177606979637,0.901856177348358
12,"A_p5","firth",11.2613380548005,11.2583367215065,1.90803710854667,7.99337566361145,0.186013189584925,0.186173332600572,0.184575746689062,0.389398550168885,0.389767125107943,0.387470918427765,0.621097495005556,0.630980752756719
13,"A_p5","firth",7.52116045547074,7.53364874872202,1.88742824713443,7.96226628763135,0.478115811483941,0.476821427712317,0.47432931441392,0.39353390170306,0.391213416459031,0.388553546504894,0.707647411732176,0.718989086148184
14,"A_p5","firth",9.16992192604514,9.20452687665974,0.345018084997864,7.95709786441197,0.323566127222069,0.320734866930883,0.318001469210119,0.875219458464263,0.859231467481819,0.85784405655333,0.740451028891564,0.752863568218124
15,"A_p5","firth",6.69764883301132,6.67802100307686,0.414650405019615,7.97646640515711,0.567964503636919,0.570136505108659,0.567723050818566,0.816861734753357,0.824428302310532,0.823169126397403,0.68820150948068,0.69916865376167
16,"A_p5","firth",15.5469268170905,15.513521600304,3.28299543377658,7.97479835776241,0.0480197390106739,0.0485630863523996,0.0477108320613321,0.188520673385815,0.191848866316242,0.189594644450721,0.760505646610342,0.772625000925224
17,"A_p5","firth",4.3084207318432,4.24012356649921,0.893037006937652,7.99580150267012,0.829463934353453,0.836030839089557,0.834639008908906,0.626415580963404,0.648200204540777,0.645981698983455,0.719635661128575,0.731224043059702
18,"A_p5","firth",3.37952072836666,3.36679378634157,0.876040929169602,7.98096455014501,0.909185568911367,0.910129493222373,0.908912494730583,0.651756328208171,0.65496924865582,0.651972238076962,0.911679785101229,0.926566694208681
19,"A_p5","firth",5.56565239648849,5.57588709382867,0.128199472849402,7.98794825141692,0.695726286724238,0.694583499417465,0.691993998340455,0.953947471919801,0.949675925063652,0.949137634090802,0.78552541823668,0.798208928550426
20,"A_p5","firth",7.61273466109244,7.57596300822656,3.78637534896849,7.94588790081861,0.467039541603641,0.470824981498341,0.468031978337817,0.147390726007842,0.149961449413546,0.147738325345437,0.762431332687812,0.774476251520625
21,"A_p5","firth",7.94910582347714,7.98032022132493,1.90674255766562,7.94292869297152,0.432849746826867,0.429775984575217,0.425703319051375,0.394019421584027,0.388955144340184,0.384908430655528,0.941736353466874,0.957180303218795
22,"A_p5","firth",8.59066876265522,8.58762140361211,3.22314767480733,7.95731986509923,0.373618670300358,0.373893679724059,0.371605472170519,0.199177222045086,0.199644103430252,0.197561982072591,0.683438907185015,0.69419210729899
23,"A_p5","firth",15.8737665048232,15.8533468760004,1.18211809097253,8.00110935322278,0.0437465265763572,0.0440497425661872,0.0431313754790332,0.555792853070142,0.561682046766258,0.558914321524048,0.790943956904995,0.803628082265224
24,"A_p5","firth",7.56145292234445,7.61532232696525,0.268843052974293,7.95321920007799,0.473055619948595,0.467506142282624,0.465024782332546,0.914285388831959,0.890051177229137,0.889208661809969,0.670738762373754,0.681741157243879
25,"A_p5","firth",4.3046324342091,4.25409959895116,0.212853823400594,7.97815353512829,0.828880527563242,0.83376463991621,0.832165952856363,0.88991478522881,0.912079666642067,0.911221668801579,0.796304052977379,0.808976332620791
26,"A_p5","firth",5.59124119764141,5.54289266555083,1.39130840746803,7.95587971260079,0.690691826643542,0.696122721458455,0.694378890846779,0.492462957388518,0.504554424411595,0.502190202977054,0.690011328857692,0.701661608474033
27,"A_p5","firth",8.49387292926383,8.45141308939064,4.10193036086725,7.96257663615537,0.382928518388848,0.386829704347007,0.384879276483947,0.125768069082498,0.128503507914335,0.127054595608304,0.646669659771589,0.656774874808496
28,"A_p5","firth",7.43475757034363,7.32601401613929,1.66907448584237,7.98035389573833,0.488849770637224,0.50027262662737,0.495703288520335,0.415312419725263,0.437656718592522,0.433173102765931,0.992098937101441,1.0080864381843
29,"A_p5","firth",4.28516578747762,4.26650881290866,2.16584577429424,7.92513074922413,0.82780443659384,0.829628905475574,0.827348563331689,0.335258396587754,0.33861854261975,0.334719486964373,0.941067147872065,0.95594121372635
30,"A_p5","firth",10.2105500366324,10.1952599130856,1.1635169869208,7.96879424997316,0.247273480801282,0.248301115135502,0.245570025462344,0.562236467069016,0.565467620723687,0.56244504520406,0.797999265051963,0.811336404190932
31,"A_p5","firth",9.43034459955729,9.40693271383589,0.298668860395479,7.97703140281021,0.304694649810357,0.306532879860156,0.304171614634049,0.865217856744892,0.875828643393452,0.874820842805194,0.713950648119927,0.725175366784642
32,"A_p5","firth",9.74176345101246,9.73352291455044,1.44549240215548,7.97042997727127,0.280454760215426,0.28106320662282,0.279434792519398,0.488714813387762,0.490277555237462,0.488488647524632,0.613597231538083,0.623255731504457
33,"A_p5","firth",6.69667103484306,6.69098189507589,0.687281797377511,7.99836833001233,0.570209318598154,0.570838012040018,0.567361944314216,0.719043238981193,0.721497820298414,0.718885065037641,0.90490942869607,0.920290080426025
34,"A_p5","firth",10.9596438609963,10.9175060078862,1.6053013588032,7.96595295781339,0.200683658125623,0.203092316300128,0.199770427229116,0.439480565652807,0.450427105990899,0.446259250586953,0.879848832739866,0.894358447711675
35,"A_p5","firth",15.7775521707749,15.7551722392231,1.22321022758279,7.96732588092422,0.0441862340744381,0.0445231404632533,0.0437921017522417,0.542636255460398,0.548614044135408,0.546377195617784,0.736944815157926,0.748626629888177
36,"A_p5","firth",7.71361484178444,7.72434909261062,0.771340452882201,7.9735543178343,0.459439988457212,0.458351758753349,0.455545861693607,0.691865632783081,0.687786892916302,0.685782824503341,0.740869321957108,0.752321912041457
37,"A_p5","firth",6.81413531430992,6.80710040164903,4.57024311783837,7.97606794638443,0.55508554157293,0.555858623303563,0.553808164034295,0.101071712422194,0.101322101395621,0.0999499734737341,0.646502978575458,0.65639570129724
38,"A_p5","firth",3.06441219112006,3.00335970728545,0.514981263045385,7.97725296656169,0.930858509986418,0.934760984080822,0.933849954839168,0.759229794458896,0.783464383995232,0.781503293708053,0.849542886401942,0.863543367228274
39,"A_p5","firth",11.9282463614416,11.8985402266498,1.2308892889883,7.98885160307155,0.1529836082496,0.154334362637267,0.152538834709291,0.539104709609716,0.547081961115994,0.544575775054125,0.74430299793745,0.756242405457177
40,"A_p5","firth",6.86094529966466,6.83375887712989,0.138559807078468,7.97161390101707,0.549559575067618,0.552542089000653,0.550537224393392,0.935623190173641,0.947560510432911,0.947137464036814,0.733772580689873,0.74520401743132
41,"A_p5","firth",25.7482229005435,25.7382604341834,0.967431298766841,7.97748798139311,0.00109686877360216,0.00110120699840088,0.00106368943488266,0.621678129353146,0.624858897449825,0.622664905074115,0.773186226820451,0.785213882968882
42,"A_p5","firth",6.58971815131399,6.5284461207846,2.11149984271762,7.9570569151303,0.578115457225688,0.584948581363066,0.580753854719737,0.336864659156132,0.347395894360214,0.34288570447105,0.978706593568655,0.994500200442542
43,"A_p5","firth",6.67068132746701,6.63688365094715,3.54118026122349,7.9771404412421,0.571185426785375,0.574936303888157,0.572600118769149,0.167855554784897,0.170549621421902,0.16843069935983,0.719915876255053,0.731832571058823
44,"A_p5","firth",9.27256249495892,9.30682011069466,6.46237179670776,7.98972024806029,0.318481258611323,0.315725958247006,0.311026826907516,0.038845766157372,0.0383947191787801,0.0369058230022942,0.979071631526748,0.995332049310394
45,"A_p5","firth",4.98032307480489,5.01044067589845,2.18558222494073,7.98531741740396,0.760237174532526,0.75700028842165,0.755114843280068,0.344979095828916,0.339606230646601,0.336732244191746,0.791280783686994,0.804107403169935
46,"A_p5","firth",12.3541300600948,12.3581153611644,5.84392930091434,7.95002162904233,0.132197869305648,0.132037746642785,0.130358449354452,0.0537102161003813,0.0535700046170442,0.0524131542557489,0.772792569115593,0.78506598419234
47,"A_p5","firth",9.76505664651637,9.73884980108205,4.29100484570546,7.98757018707135,0.280352139378706,0.282284922337285,0.279351851615558,0.115776877477941,0.117323818111623,0.115106318950716,0.800178880161897,0.812991188806773
48,"A_p5","firth",13.1747135618524,13.1304745427205,6.64457354753857,7.98655122909396,0.104537596436375,0.105989322590199,0.104565943604575,0.0349345880352419,0.0357202488735316,0.0348901526236136,0.753324626395689,0.765448720318905
49,"A_p5","firth",7.77714688852824,7.70490037103533,4.35058785257565,7.97737378268332,0.453425383527761,0.460739366259775,0.457622087564788,0.109248042779507,0.113396789153703,0.111283059604558,0.787061341376722,0.799864695658551
50,"A_p5","firth",6.38587268262154,6.34150064683624,0.558387077682049,7.97534857000508,0.602577274942111,0.60755385631912,0.605008589578374,0.748548564788302,0.766165726591564,0.764539487167091,0.762467593079586,0.774389742011429
51,"A_p5","firth",12.9388010429594,12.9503883807744,3.08978208355949,7.99005785042487,0.112725550584817,0.112322661813562,0.110159166799617,0.21557458161234,0.213812965816714,0.210396758949274,0.836115790744819,0.849823241095741
52,"A_p5","firth",13.3215670060843,13.2609003243785,3.48243745331336,7.97277556756499,0.09913087431118,0.101038235772055,0.0994381354621126,0.170466433140283,0.175644266853288,0.173037605249146,0.832119201079772,0.845544366129617
53,"A_p5","firth",10.3416874577214,10.3106332140226,3.03640899545842,7.9736507711385,0.239020157419488,0.241055123783669,0.239262864206348,0.21604599339205,0.219551421700113,0.217599545984473,0.638177674231743,0.648371572869591
54,"A_p5","firth",7.2810542545659,7.2669848871441,2.68576496270968,7.9843598806149,0.505418125456439,0.506910354215246,0.504147878862087,0.261300597301183,0.262999217413499,0.260250348075628,0.757271127679895,0.769544466562528
55,"A_p5","firth",9.66341490866684,9.69278279965223,6.53235172453563,7.98893026679198,0.287971070872892,0.285773063093078,0.282437412832292,0.0381698930970078,0.037572731821776,0.0363826683241271,0.923074218249328,0.938144369919499
56,"A_p5","firth",4.63691461365938,4.54207414080359,1.91712122327722,7.9763832538939,0.795526580863456,0.805217719804104,0.80315362370993,0.367837012113081,0.385710234831314,0.382235345538448,0.871071653593128,0.885575964141388
57,"A_p5","firth",3.23372046338291,3.20959828435162,1.07727168551171,7.97039467487432,0.9193924771098,0.921077738464607,0.92036771127089,0.585778187768026,0.592019169525477,0.589877959229183,0.718958013213825,0.730300019717542
58,"A_p5","firth",14.3832323908121,14.3848341000979,7.23930738888208,7.97708335580347,0.0707634839753662,0.0707265866332305,0.0688921530886689,0.0255766126597735,0.0255835647320748,0.0244556270852748,0.933807658369864,0.94959624581173
59,"A_p5","firth",9.28316163622776,9.29347160426621,2.43489939101468,7.98697350712305,0.317218804883883,0.316388589812659,0.313747513170213,0.300953376670192,0.299343422844562,0.296376618233933,0.800238943688759,0.813163017471407
60,"A_p5","firth",8.80728438357452,8.84974858381036,1.84769681817408,7.97224661963519,0.355838225849074,0.352145729168044,0.349758198195024,0.40834702255648,0.399479814952987,0.396984159324667,0.705818718244813,0.716806339098874
61,"A_p5","firth",8.04279429360695,8.03943763691156,2.25499457866828,7.97452215631847,0.426786129852284,0.427113658671139,0.422186271016285,0.322954620447349,0.323301730705359,0.31860056872708,1.0811549041221,1.09882177588278
62,"A_p5","firth",7.78913768981507,7.71590016484148,1.71148229157919,7.9610294961036,0.450580016885612,0.45797829130291,0.455393460136179,0.41055125249206,0.425915863252757,0.423376628254578,0.801577213254663,0.814213998986987
63,"A_p5","firth",9.29382103096889,9.27394777126813,5.49018069336522,7.95978781365809,0.314017263433399,0.315612638434886,0.310990205795372,0.0624983916044448,0.0634036432785529,0.0611399183327831,0.950893330498236,0.966883602137922
64,"A_p5","firth",3.25219847141966,3.26177029529707,0.562082750706544,7.98342826804908,0.918552404454277,0.917876269501187,0.917142754285599,0.772816769435739,0.768238792174119,0.766683644210204,0.717589273706125,0.729077525927864
65,"A_p5","firth",17.1895291261737,17.1291741062536,11.1210488158415,7.96319631888269,0.0270355661544595,0.027614611184779,0.026993664364065,0.00359908104054019,0.00372004285233285,0.00354440539783207,0.806893029814985,0.819868388042069
66,"A_p5","firth",10.1644676817549,10.0433812215967,2.29699528128867,7.97042071249256,0.250510173634122,0.258819497812268,0.256030472139998,0.299800792363631,0.319206197948732,0.315734869651015,0.883421117284036,0.897978201057412
67,"A_p5","firth",6.58765606987662,6.55559144001908,0.106531424932417,7.96606825512353,0.579137815546537,0.58270809648231,0.579514403047952,0.945829978116951,0.960482408640098,0.960006124236402,0.843905180601496,0.857411993884258
68,"A_p5","firth",7.07599937334319,7.0193523568463,0.818029984331142,7.97605768984538,0.526496425196683,0.532616960323752,0.52906641861678,0.65331507595692,0.671057751131105,0.668422588767732,0.928137238637396,0.942406048130583
69,"A_p5","firth",8.67403567108942,8.63439182146685,0.285559618656417,7.98432047191458,0.368804987433271,0.37234890093478,0.369600771982916,0.862468783479368,0.878806110405052,0.877762041718333,0.783237088213202,0.795942913848564
70,"A_p5","firth",6.71851107797124,6.77748245767872,3.44313240633604,7.95668038885615,0.563746463399396,0.557235374256951,0.55295147900672,0.183213529422246,0.177610545914853,0.173886551208823,0.95638105295013,0.972123765470533
71,"A_p5","firth",12.9741123836576,12.9827776782436,3.08837625563021,7.9655160579036,0.110049332318033,0.109753156868068,0.108159092450214,0.213239621944306,0.212397962740114,0.20974472790658,0.78082529389799,0.793390763442456
72,"A_p5","firth",4.60103019299608,4.57825883559569,0.198090644392015,7.99031203933556,0.800447994496995,0.802769218875069,0.801255706571047,0.912821138176869,0.923566590703639,0.922840620357767,0.783834280407088,0.796508706807669
73,"A_p5","firth",4.61833731176469,4.59637429294233,2.55125814406336,7.98089476321827,0.797410632412612,0.799658117108524,0.79808984085694,0.278113854204443,0.280932069488405,0.278309105627429,0.762227735893836,0.774090864391582
74,"A_p5","firth",6.71272379441141,6.6686691685661,1.78577426441394,7.97523371448214,0.566107802039811,0.570979888625638,0.568456028583549,0.401919556212528,0.410617699953678,0.407914217747578,0.715905850870201,0.727248743043236
75,"A_p5","firth",12.4397958656014,12.450976143613,1.56276319762774,7.97291778279885,0.130237160555935,0.129795453328534,0.128079748054087,0.464425421108536,0.461889565663094,0.459101051018322,0.798006972647843,0.81074596752694
76,"A_p5","firth",7.6531503588263,7.65399942610795,1.46012923950864,7.98300726777454,0.466565748451408,0.466478948432982,0.462969558313141,0.487651664689101,0.488067665368297,0.48462220339414,0.847330286913589,0.861408444082338
77,"A_p5","firth",2.49146021898175,2.51641320255298,0.500073231793733,7.98533445717795,0.96309461927709,0.961937957115405,0.961633470552302,0.801724924203296,0.791741090924152,0.790573807517728,0.633401677060188,0.643438222524506
78,"A_p5","firth",11.7664113176651,11.7578023598725,4.75272075691854,7.99406712773474,0.160677061571688,0.161084053062949,0.15944926193274,0.0931224169935405,0.0934278339350765,0.0919454226936847,0.691253240990664,0.702547261314523
79,"A_p5","firth",11.3933858563134,11.3515197759084,0.645046620250838,7.98697354678314,0.178788692689215,0.180960283136518,0.179092053698369,0.717852216575962,0.733683564981811,0.731987529632669,0.708356758987794,0.7196974478427
80,"A_p5","firth",10.2452324750052,10.1999864697885,5.12468964743356,7.94805552873581,0.243265649032961,0.246283956503212,0.243777702940623,0.0738700690048942,0.075584145007213,0.0740489209956331,0.795645995854248,0.808404643120633
81,"A_p5","firth",5.32345169472793,5.29423844163307,1.95573800152326,7.98563453792814,0.722682172063553,0.725903482553338,0.723591540896318,0.37388667594693,0.37909369111887,0.375968649650479,0.754582848908974,0.766876225849961
82,"A_p5","firth",3.56454721208612,3.51737529094232,0.240840218857332,7.97288363821357,0.894349076266883,0.898084242990382,0.896762892892482,0.876634911324912,0.897675334001223,0.896567674197096,0.918188299419667,0.932992773900651
83,"A_p5","firth",6.32622471363533,6.29517366601443,0.86857545348615,7.9760475335923,0.609565333368873,0.613057130851927,0.609891703954898,0.649825509258817,0.659102975576216,0.656196505313537,0.896947912529768,0.911801286544687
84,"A_p5","firth",7.75044899073245,7.81848405500451,0.186813053070209,7.9480192133813,0.453223271446134,0.446367961309753,0.443343192624868,0.956843201003743,0.925994288076161,0.925209971600218,0.744454472857451,0.756693640580095
85,"A_p5","firth",6.28608018576197,6.25790238693114,2.07132636274558,7.92137228323194,0.609049315286266,0.612237660055904,0.609612567074424,0.352188778451072,0.357183894738597,0.354176925160408,0.77557496350086,0.788471529098329
86,"A_p5","firth",10.1554653362215,10.1445842161685,3.32263731533289,7.99581412022904,0.253369736056919,0.254111792843895,0.251505240312703,0.190885904328556,0.191390342641537,0.188924815565626,0.777505378624376,0.789759519477532
87,"A_p5","firth",7.40380246545443,7.32752590827813,3.94732565015096,7.95778736729503,0.489880790902848,0.497911632572853,0.493803244090922,0.133110701190265,0.13873225448733,0.135754851796582,0.895196401558381,0.910174424914294
88,"A_p5","firth",5.73294900140427,5.74948927824668,2.2234993554818,7.96156553207963,0.675029249384555,0.673164621286699,0.671260080421873,0.335403770621974,0.332470372655347,0.330124837910251,0.71722205052105,0.728787063475293
89,"A_p5","firth",4.06155788811444,4.11204071649415,0.0736605288125317,7.93200154684328,0.849487854693554,0.844756603824943,0.843013170889223,0.994856672535193,0.974418503133949,0.974095446690774,0.846555983665036,0.860233971413252
90,"A_p5","firth",8.7456897513833,8.81585432012478,2.13499695644033,7.98231215189432,0.362172542028003,0.356017028000402,0.353743024152432,0.362310378423865,0.34938442424323,0.346827093342123,0.65385546551037,0.664602811853509
91,"A_p5","firth",8.29707198592929,8.32315783124657,0.8246162265749,7.9675629094623,0.401728627163305,0.399275931302032,0.395209430435078,0.679083335461899,0.669296197144309,0.666272460311849,0.957339923886977,0.972992760857253
92,"A_p5","firth",2.90936369094765,2.91077509181465,0.5122570816156,7.9789416390161,0.940575485141378,0.940490903197449,0.9395798825821,0.783837613480126,0.784342028235168,0.78216803175216,0.974948700400986,0.990545209791668
93,"A_p5","firth",5.08280702471249,5.03400843246438,0.0253872296516827,7.97668590019731,0.748391724736107,0.753675143708229,0.750727092594481,0.975530063928714,0.994489025096048,0.994379259537784,0.944687419837826,0.960416636008229
94,"A_p5","firth",8.09257199800163,8.10159317211286,0.219790258700753,7.9453394593568,0.419066751811082,0.418193594209445,0.414132532871622,0.913907919834452,0.908489179379842,0.907308219531015,0.98304625013448,0.998940513413334
95,"A_p5","firth",6.54644158150501,6.4871629746107,2.38376472125941,7.98046480720912,0.585084665217726,0.591693244626918,0.588662927669701,0.294712797492312,0.303624334069897,0.300486052360782,0.803241589416629,0.816111790655597
96,"A_p5","firth",10.5216287770965,10.4488583134789,3.53154559903486,7.99412258794348,0.229034374979071,0.233660371783695,0.231394049199686,0.165391948499648,0.172063760379459,0.169940235906797,0.737789689002336,0.749278296814044
97,"A_p5","firth",6.01411056255134,6.00969242449941,2.47146916109695,7.95309305644799,0.642652884272774,0.643152917607463,0.640643920567418,0.289793030924469,0.290442178514679,0.287549643806011,0.793369381941286,0.805823394283968
98,"A_p5","firth",11.3414475084551,11.3342458966337,3.1996492981298,7.97332044344747,0.180426346579301,0.180801905062921,0.177631354410492,0.201295375893147,0.202219233771999,0.198451207515731,0.973299372774334,0.988734385325173
99,"A_p5","firth",7.36873062569708,7.35560098545567,2.49581316340425,7.97709247259495,0.495450340986762,0.496832094048723,0.494278940380322,0.285790827884137,0.287879370263676,0.285346082685375,0.743161525342719,0.754882524635651
100,"A_p5","firth",1.63449135725761,1.51607813764491,0.753477558800711,7.97614857046263,0.990599734592778,0.992750446351571,0.992585396019682,0.653478383196682,0.692002662854618,0.68847647335379,0.980458985425191,0.996921729404447
101,"A_p5","firth",7.6480668916863,7.67703991516891,0.503983832460585,7.95857902339038,0.464651422187261,0.461693899231622,0.457866403873983,0.798212383405863,0.787030469642757,0.784822881594721,0.879592967703335,0.893948252910227
102,"A_p5","firth",9.52762548362327,9.5210718451868,0.0197938553171516,7.99073651410383,0.298381102909357,0.298886419926776,0.296181901357389,0.993385897458624,0.99632104385644,0.996264265180463,0.811876009686127,0.824975212299187
103,"A_p5","firth",2.96921408338488,2.97038301837052,0.453858937331302,7.97555193401596,0.937063785016463,0.936991496444306,0.936092774827861,0.810517466667852,0.809815709100167,0.807780475333752,0.881893552870369,0.896243477504865
104,"A_p5","firth",10.1933345402102,10.2099417286281,0.465135954278263,7.99021201427682,0.250224781269914,0.24910471969306,0.246861637857877,0.812716281623719,0.806321398702467,0.804904410896925,0.721032675705009,0.732785246980974
105,"A_p5","firth",4.30514080206969,4.33537493657159,2.59699352779659,7.97305995892138,0.828683406974878,0.825733511612874,0.824390325890264,0.279340414130854,0.275233115124467,0.272792485324985,0.70154912120062,0.712785737500108
106,"A_p5","firth",9.70649016140044,9.7251790820827,0.125623468541242,7.96525669750417,0.282613678591015,0.281228771292701,0.278422508504584,0.960782762474261,0.952359286841638,0.951813175483786,0.808493920053692,0.821412636467469
107,"A_p5","firth",6.49007356137792,6.40648437220528,1.34695119240673,7.96295764640968,0.589820223488727,0.599182091462622,0.595263310877266,0.493431599430827,0.514528550921363,0.510645833895484,0.974203675239505,0.989865671219784
108,"A_p5","firth",6.61121894801965,6.62870973505521,0.514108730421875,7.98922822851517,0.578794296336969,0.5768533523968,0.573979828252664,0.792507179213055,0.78504791171083,0.783181499628904,0.810754865961985,0.823819010563578
109,"A_p5","firth",10.1853521142606,10.1082266815853,1.10322033991524,7.97317632568407,0.249392997179402,0.254639722947164,0.251793201111941,0.558487654729632,0.581243805223537,0.57845788250076,0.783221651801591,0.795672910856745
110,"A_p5","firth",5.97664877592745,5.91158107980585,0.151670721391884,7.96749251010692,0.647855622098837,0.655197816238313,0.652150049684543,0.908058796960649,0.938505598508137,0.937802831497164,0.90158990689495,0.916302634311023
111,"A_p5","firth",12.504970848794,12.5633364368361,9.87787676298886,7.96847749413791,0.127475699580836,0.125225691984545,0.122677568213787,0.00695960799920869,0.00678137414241231,0.00640577702267531,1.00023299263904,1.01675149756406
112,"A_p5","firth",22.8352455966146,22.8668638322782,10.1546758056481,7.95828419072446,0.0033430704767321,0.0033025887040723,0.00320110555981457,0.00593525942677509,0.00583943774955498,0.00561012586705201,0.772681693525851,0.785177430760711
113,"A_p5","firth",8.36004944023858,8.32413172808982,0.422207504697424,7.96922855637476,0.395965204871013,0.399328937119883,0.397164340343913,0.807503597554486,0.822064960625797,0.820898502803676,0.694869490395038,0.705866059724589
114,"A_p5","firth",11.0643581321958,11.0317781810738,0.365602408299258,7.9748506447416,0.195385513288647,0.197205002432739,0.194745331741047,0.83467092746369,0.847221190322717,0.845789553982027,0.830039179131248,0.843365190129968
115,"A_p5","firth",4.26578691300686,4.24732912024309,0.298315667648216,7.94204405598495,0.830468737769203,0.832259418384264,0.830528916188619,0.862799751146268,0.870776790554991,0.869652712116951,0.779443003779445,0.791596044180631
116,"A_p5","firth",1.99017626629,1.98599892553126,0.0770541394581915,7.96122607979083,0.981797153453508,0.981922697732889,0.981711224573277,0.973585946741715,0.975300365313892,0.975008613834232,0.709894429380775,0.721333123221368
117,"A_p5","firth",8.73283354112896,8.6733405105709,0.745655171707344,7.9614203803397,0.361382013753777,0.366653482723314,0.3610757399744,0.674804597838275,0.695630648574796,0.691769915662049,1.1380794096453,1.15674154549733
118,"A_p5","firth",12.3090073065911,12.2897499081434,0.357171793947771,7.98009914686023,0.13601630456681,0.136808240325899,0.134820850984995,0.839329970992494,0.847847019372977,0.846523092741539,0.820212232871859,0.833585845559029
119,"A_p5","firth",11.1030463671372,11.1307453497032,2.65509132828768,7.97085613951262,0.193043632073762,0.19152278056548,0.188209592477281,0.270117300683811,0.265969497008878,0.261884597995402,0.928005531116667,0.943479467795361
120,"A_p5","firth",3.71427244647353,3.67538114263451,2.39488575742539,7.95801202729241,0.881825435150537,0.88507843199513,0.88399343925897,0.2970660114234,0.303375688089979,0.300621115045632,0.772978971256033,0.785468958731493
121,"A_p5","firth",6.12750720883218,6.16627716870927,2.49032943633169,7.96904041184188,0.631133405796112,0.626760553971448,0.622665565125853,0.293949851832535,0.2881882953027,0.283572981666989,0.95501233545986,0.971041173185664
122,"A_p5","firth",6.05280715913124,6.00628044123813,0.2435966302407,7.96265134567933,0.638944194114191,0.644199719286328,0.641917063940404,0.877976396304076,0.897998295871595,0.89717739661155,0.733467426845459,0.745272143236567
123,"A_p5","firth",3.17424792657542,3.14035111848427,0.115099361025555,7.97902705006401,0.923706209698133,0.926001515974189,0.925433022728313,0.942657548526576,0.957904318944923,0.957553940691832,0.667460463068981,0.677734028663862
124,"A_p5","firth",12.7308814766027,12.5924194653786,3.35602179620039,7.96057821926801,0.11845604400303,0.123603979733635,0.121174957713395,0.174266305894555,0.186673687563094,0.183240055893692,0.858994403932884,0.872971893899574
125,"A_p5","firth",1.97443210468322,2.03617588901256,0.338899177274303,7.9782686719178,0.982308837997267,0.980427647512145,0.980111304322187,0.884496077313707,0.856735376898402,0.855161292581898,0.877485607818883,0.891872581867541
126,"A_p5","firth",13.2743118031723,13.1958746357434,3.10712210410331,7.98337207814676,0.101314400626111,0.103828949740725,0.101500345798449,0.203695112057688,0.211544503743061,0.207883769461258,0.927976160641251,0.942830127531047
127,"A_p5","firth",14.6736038167697,14.6650003598381,0.341941991597993,7.94201030300208,0.0630740545039253,0.0632535567231505,0.061830297754861,0.850623557797248,0.853873611525532,0.852365950431161,0.849958802455839,0.863508481030841
128,"A_p5","firth",4.71359262214957,4.72378818593044,0.415967282432251,7.94754615497292,0.785879856226805,0.784811694689191,0.782999973202465,0.829490063345375,0.82482131305743,0.823459773902673,0.756103580630231,0.768127147174954
129,"A_p5","firth",4.52176956607612,4.47924523154367,0.458441798882018,7.94762659668526,0.805644459029683,0.809955547657417,0.808076848333456,0.7891126811403,0.806517941691759,0.804883616843839,0.841691943581272,0.855218627294981
130,"A_p5","firth",8.31521024613762,8.36213192598535,0.723699105408461,7.94904266141437,0.398186358365611,0.393793527808093,0.389093719071334,0.719855612189509,0.703085954870746,0.699715128839251,0.988804107074246,1.00529258272585
131,"A_p5","firth",6.21797324099431,6.13445845191486,0.918624210178447,7.97401169223284,0.621456213521313,0.630870181223755,0.627909600791887,0.615342385922082,0.640648078158035,0.63782838335731,0.815404751145125,0.828942862348479
132,"A_p5","firth",3.93277513406691,3.93453572892562,0.972984743790606,7.97828551875822,0.864010672849212,0.863853719254567,0.862350824205004,0.625171259387813,0.624396832576059,0.621313899226094,0.798502345551577,0.812130678480424
133,"A_p5","firth",17.172228505756,17.1235685199559,3.41034620208799,7.91308323695756,0.0262393708084625,0.0266949472256407,0.0257309330516035,0.175013313649905,0.178791651108304,0.174976696832622,1.01264688038866,1.02902322895256
134,"A_p5","firth",7.5557241903313,7.53488750745608,0.787208229814577,7.97844665593737,0.476126048434829,0.478280749404795,0.475057858005132,0.677592738407008,0.684601321130003,0.682073693340093,0.853563486772899,0.867248213496664
135,"A_p5","firth",6.83371881636267,6.74990635353474,0.882466020640916,7.97935043272952,0.553237169658471,0.562455064490907,0.5582141415453,0.62425815753596,0.650590304512674,0.646964294375321,0.967589404292712,0.983408322062126
136,"A_p5","firth",9.30928967276734,9.27667393968965,3.63674723600202,7.9892566293776,0.315426115647293,0.318048918729351,0.315526612828214,0.161167035092198,0.163901340301175,0.161718843450219,0.747173460923006,0.759045525274643
137,"A_p5","firth",3.28616311928818,3.295933430237,0.310470563841341,7.97457662898106,0.915724761744408,0.915022394810844,0.913847166218091,0.873432288738346,0.869165347156633,0.867704891017062,0.882039730859902,0.896591869218592
138,"A_p5","firth",8.95497994774993,8.95549304363189,6.38123389453762,7.93551031677053,0.339627945462143,0.339584380306964,0.336454692833017,0.0408255091731025,0.0407687442373759,0.0396982025291805,0.835604514790297,0.848674912331741
139,"A_p5","firth",6.34077559744138,6.33362162057803,0.132205169324621,7.96868545935041,0.606971717887069,0.607774936474952,0.603887427799131,0.943957342634227,0.948169477504907,0.947406786234033,0.970424874510124,0.986460541061562
140,"A_p5","firth",2.1081775597576,2.09540770393183,0.502535789232842,7.99440534895241,0.978297174981954,0.978721490946741,0.978581607484479,0.785205958825821,0.790334734273723,0.789410775539687,0.560804445092301,0.56977503681576
141,"A_p5","firth",9.28904552408396,9.28608943603703,0.410347685014812,7.97322636378759,0.315593406977152,0.315830948172588,0.311773804078473,0.82471586286539,0.826220856930317,0.824251800756536,0.979571223773745,0.995552296562303
142,"A_p5","firth",6.11494132958123,6.04813595099798,1.30998790590846,7.95632742072075,0.631350157778469,0.638898464120702,0.635831253139744,0.507424092484723,0.523411296035984,0.520173059914825,0.868536194653022,0.882278199667814
143,"A_p5","firth",6.50312251943399,6.47458222616671,0.635874249765307,7.97712698232419,0.589665902463168,0.592853379256886,0.589565156365936,0.72750301631088,0.738385659077084,0.736015094382238,0.906267334672379,0.920446424112265
144,"A_p5","firth",6.98849843183902,6.94159817502707,5.01348545464694,7.98080577381733,0.536530062662586,0.541632546272685,0.539534975183462,0.0798255261548704,0.0817938510751405,0.0805981041665481,0.715290586504639,0.726334030815777
145,"A_p5","firth",5.77493653438215,5.76218089536523,0.602191165080796,7.96618444590851,0.670527510956289,0.671964549040242,0.668855018648831,0.742385229378289,0.747199979773558,0.744952908496079,0.919186404078403,0.933816141043983
146,"A_p5","firth",13.5959899604188,13.542990351568,6.02306274920516,7.97961327602184,0.0912832863966675,0.092828770024603,0.0904791097995963,0.0468032623819259,0.048030121761942,0.0461980268032834,1.0100988734735,1.02664464392293
147,"A_p5","firth",12.8323311479728,12.843926117696,3.38530982995405,7.95614033209538,0.114614946577723,0.114204341359071,0.112062878958765,0.185366687161746,0.184479972562454,0.181717725503178,0.865903710604387,0.879470149386718
148,"A_p5","firth",5.66397603374632,5.64502463773288,0.740393118059484,7.95083209911034,0.681794376662854,0.68392851794923,0.680471931513171,0.693221945303251,0.696964066111766,0.694101886506283,0.909479706030002,0.924245754559015
149,"A_p5","firth",3.40117061389298,3.43654506340711,1.59402365916741,7.95168353781542,0.906451038740294,0.903756365936184,0.902777877208163,0.459051784520938,0.450627202260274,0.447742466381274,0.758114517107341,0.770019431642327
150,"A_p5","firth",16.0318338928011,16.0485536873293,3.37284577163142,7.97586169952,0.0407943007420525,0.0405622811163644,0.0398549240037313,0.185652785028414,0.184089460813321,0.181927782848542,0.71120469641956,0.722714246039269
151,"A_p5","firth",17.5011205459412,17.5085976398152,1.43909653135062,7.95472977443001,0.0241836942867721,0.0241198395516332,0.0235175251028847,0.489541910777247,0.487426880437076,0.484518092112695,0.794119955812552,0.806618408556672
152,"A_p5","firth",7.33034221858503,7.33558774683904,0.693780667504418,7.9668450427238,0.498539017584584,0.497984891432659,0.494514206299069,0.718968208756574,0.717219096914275,0.714769732556624,0.818740407445118,0.831715535112961
153,"A_p5","firth",4.67310773198103,4.7421501959613,3.26274938749059,7.97734935712466,0.792080180273325,0.784900878215762,0.783245179242298,0.203653891074719,0.196645313944755,0.194261726916054,0.778854579306206,0.791393079955227
154,"A_p5","firth",7.67862706363825,7.67976423495457,4.35443995555668,7.97664364731935,0.46336071937029,0.463244719548825,0.460941057104097,0.114250547714209,0.114222177615952,0.112508288732554,0.663206994786583,0.674429200332094
155,"A_p5","firth",4.98228824157075,5.04061992964909,3.31220046865664,7.95588468564345,0.75779810146765,0.751487079705457,0.749172014677331,0.195196266779143,0.189223179725403,0.18639127870747,0.835200533786745,0.848454132215185
156,"A_p5","firth",7.98060208027944,7.90498412057294,6.49745848105572,7.97008579122213,0.432438038165668,0.439910940441,0.437098282104291,0.0375025555844903,0.0389838573925975,0.0380253473098645,0.741623066328113,0.753895080068477
157,"A_p5","firth",2.56378219876674,2.52958667541728,1.60611822823873,7.96556946003565,0.95926537048303,0.960912141979965,0.960638557250202,0.446744400614818,0.453989764034045,0.452106730528562,0.596177137134524,0.605585100504603
158,"A_p5","firth",8.93429162119445,8.85815199774757,1.43258543855702,7.95798196357113,0.343540113676608,0.35007930125793,0.346857908858662,0.471925462628174,0.489979076231569,0.486826658656819,0.822335195137715,0.835629567421067
159,"A_p5","firth",7.19233385161247,7.10890889139941,3.83439708205212,7.99868980350469,0.516360561486685,0.525308173364235,0.523098419633653,0.142398866903457,0.14852349073349,0.146618295016857,0.673274459320572,0.683954902191911
160,"A_p5","firth",8.17717009272378,8.19540025355757,1.83907559045958,7.93647859955766,0.410029064639818,0.408285968915941,0.404829264724239,0.406448638957863,0.402228065109212,0.398783849980505,0.819076308211848,0.832014946716354
161,"A_p5","firth",9.6624682745279,9.6431530311504,0.544030692835727,7.95895591409,0.285285637309481,0.286733841980073,0.282910627092817,0.764400511440706,0.772580812838917,0.77007448147217,0.925334463349011,0.940900677543505
162,"A_p5","firth",3.44338892574637,3.50551242614332,1.2051231515412,7.98051048783854,0.904115566760991,0.899323426786536,0.89832466466534,0.571141318267243,0.553867998126404,0.551324153748774,0.832428173058483,0.845622677476128
163,"A_p5","firth",4.22179464304143,4.20970973795392,0.433476800402464,7.95841678087804,0.835991428266471,0.837149626737158,0.835879809832881,0.813188207735646,0.81750666485254,0.816241937307483,0.660584238249206,0.671170361651706
164,"A_p5","firth",9.72529435080965,9.77505245709149,3.14070941648262,7.99156704727557,0.283409017562091,0.279731608028995,0.277281535901899,0.215928445057884,0.210781835406107,0.20831569842673,0.763994094485007,0.776794720757964
165,"A_p5","firth",8.83799038067707,8.85396624875771,0.543601429016741,7.96450253813443,0.352455411595644,0.351071369195084,0.347957613874833,0.778264029532651,0.771154449652324,0.769274718713818,0.837332705464463,0.850665354206363
166,"A_p5","firth",8.66512129951148,8.65108992014515,0.117470630642964,7.96903926967712,0.368058807549388,0.369312613040708,0.366480160961258,0.952286906767259,0.958389072797861,0.957917439788051,0.759862830920085,0.771800203055959
167,"A_p5","firth",4.41116163597851,4.38984666963127,1.23893471620631,7.99661254931294,0.819776140752668,0.821876748585665,0.820171749771016,0.540120745335829,0.546488792179277,0.543425355378794,0.771375579722925,0.784416633032791
168,"A_p5","firth",8.5221985672312,8.45985706771187,2.35676850785727,7.93103992087144,0.377269956116011,0.382973339768139,0.379776248463574,0.295877184489396,0.305637081058111,0.302718627317717,0.881118580298454,0.894759474398484
169,"A_p5","firth",6.62279203045442,6.56695718655235,0.157308934573772,7.97549004411269,0.576181680620376,0.582389820972107,0.579136859432839,0.912820276533313,0.938475338460026,0.937739675717731,0.832624507950892,0.846113238679631
170,"A_p5","firth",7.30412868507463,7.42972480156066,3.78937829874627,7.95593954681011,0.50018855102321,0.486970721295541,0.482697712965348,0.15967202138792,0.150196711958596,0.1470316004208,0.970301284507723,0.986020728559608
171,"A_p5","firth",6.401455773742,6.4007233785722,2.10206470279496,7.96493792744906,0.600002440651156,0.600084624651011,0.597021385757143,0.351260961694567,0.351104032864144,0.347760774634834,0.769849525535543,0.78219208607934
172,"A_p5","firth",6.79025169618504,6.74551271688028,0.720100150970219,7.93158866843253,0.55343652207662,0.55837945805928,0.554948586823009,0.685793702182469,0.701145477281174,0.698564731844964,0.827551791396831,0.84128457291183
173,"A_p5","firth",3.53177655230026,3.52688013683307,2.37341380604939,7.95644443036041,0.896486883532192,0.896874745936172,0.89569874756264,0.305810248899049,0.306719653314178,0.303499314514224,0.813806727235892,0.826926819190267
174,"A_p5","firth",5.61379378954499,5.5486634917945,0.352457297068835,8.00287438519324,0.691885940573198,0.699153292897565,0.697706569641476,0.827081958686661,0.854145883102409,0.853260769271522,0.594827171409035,0.604537010712821
175,"A_p5","firth",11.2551418107023,11.1671705472816,1.20319703917243,7.96827620576337,0.184601394532542,0.189323769997469,0.187331896547813,0.527815042356733,0.55224830513229,0.54986701051691,0.698396442137505,0.709644745054387
176,"A_p5","firth",5.64827180541164,5.64672580214264,1.42688170304285,7.98085765242682,0.686053199781215,0.686226545857367,0.683835183668964,0.494672999025742,0.494525295979891,0.491751426475918,0.795722738109269,0.808390766793848
177,"A_p5","firth",13.7173452927001,13.7880217918235,4.12229118582131,7.99435028460559,0.0885014120550998,0.0865343568852194,0.0852949270875356,0.132098852791418,0.127701833813311,0.125803012960754,0.747130434469737,0.759173881234516
178,"A_p5","firth",8.0467888874474,8.0281710071913,0.676005562025602,7.89864604123802,0.41887524785671,0.4206916108693,0.417751456598895,0.715754273983865,0.722138183354594,0.720060206528053,0.814805131439503,0.828075708879842
179,"A_p5","firth",9.23253429776382,9.20826475933074,1.03886060166829,7.98384449291516,0.32115860775602,0.323133992637056,0.320303482485757,0.594490914085658,0.60246522680627,0.599876860558413,0.807840522192615,0.820522410669876
180,"A_p5","firth",10.2689843273514,10.2475288090277,3.46805448587535,7.92640819099326,0.239832045439653,0.241248018364228,0.237215184004248,0.174748541856225,0.175984354578334,0.172275908180415,0.966674495699022,0.982365630613615
181,"A_p5","firth",8.9787104409537,8.98869365111836,3.97500943707029,7.95980433000953,0.339908589497534,0.339063302447174,0.33701528644362,0.13686831414507,0.135981796701254,0.134463165215375,0.642179462315372,0.652682641633387
182,"A_p5","firth",12.6908796734162,12.6197531056989,5.13155436060527,7.9864558761827,0.121384597063864,0.124053690250335,0.121762453745892,0.0740927987649295,0.0765993868496393,0.0746581956516902,0.862610519855074,0.877058090430648
183,"A_p5","firth",8.67787012439586,8.68533719771661,2.66666681487291,7.97480320408619,0.367537749330203,0.366873329989159,0.364104145410758,0.264828283655858,0.264316281158724,0.261821957241149,0.729256158979633,0.740261386593369
184,"A_p5","firth",7.78753219058341,7.79818450139005,0.994851692875322,7.97329893432008,0.451971305285827,0.450899678107377,0.448911677170254,0.61857006450998,0.615279717671937,0.61356344532153,0.653842834786035,0.664127839452556
185,"A_p5","firth",4.14794379378256,4.16118587063167,1.74624011332814,7.95947270823581,0.842839738754197,0.841587848423372,0.840236371925041,0.422262822927976,0.419412270097055,0.416713803026,0.74377750554066,0.755515598157791
186,"A_p5","firth",5.52897069378052,5.48944825404532,1.23166619568275,7.98168195276965,0.699497799138579,0.703906106297603,0.701780653686318,0.53579932326838,0.546106740488134,0.543652088018755,0.691930055164878,0.703153498927963
187,"A_p5","firth",6.13368568514817,6.11735041560834,3.64333351512759,7.97489248506515,0.631129051518294,0.63297232381931,0.630590007527283,0.161660133071367,0.163305339318993,0.161199904601304,0.705319158794125,0.717251117755293
188,"A_p5","firth",5.39222547202907,5.31146905059664,1.45821492220378,7.99317867279033,0.715546017859372,0.724461170117341,0.72201393707645,0.467200673592803,0.486664896062438,0.483519206179401,0.786219765997611,0.798942101364812
189,"A_p5","firth",2.42886623359144,2.4151675610997,0.0186672101842895,7.9424980937965,0.96498645473339,0.965596403895592,0.96500464373899,0.991921658336295,0.996102371262107,0.996032375659056,0.921473548731535,0.936711223903985
190,"A_p5","firth",6.65196143056286,6.66985286519271,3.98411845906737,7.98263001956017,0.573504492568953,0.571524131012238,0.5686724425889,0.136899692948626,0.135749170405827,0.133546539725211,0.790700514124911,0.803555127662511
191,"A_p5","firth",2.62543127125738,2.60606994575766,0.153373953029678,7.99019872441708,0.956552964221593,0.957522065463833,0.956958452544003,0.931309535461351,0.940373838424197,0.939642308982812,0.88922976787032,0.903818811326821
192,"A_p5","firth",7.62725242549742,7.56932322679206,3.83779950033556,7.97445831629735,0.468371914662668,0.474329507164597,0.471842382409046,0.142350353963558,0.146787158239728,0.144852478989449,0.693251370733441,0.704418952082094
193,"A_p5","firth",2.38884141375353,2.4090015282134,0.117171973319397,7.96483067175557,0.967183168957477,0.966309744985589,0.965781116142772,0.965743540142891,0.956194453188068,0.955578489750252,0.875032376404922,0.889074368721299
194,"A_p5","firth",12.5615513008866,12.4871356984772,3.77982834351014,7.97691016191749,0.12575956780018,0.128642590825674,0.125927361499346,0.145523409324621,0.150806944140536,0.147356725792236,1.00757689650474,1.02424658803704
195,"A_p5","firth",7.9658743855749,7.98527525565518,4.3467738989168,7.96668123599066,0.433546357616279,0.431637189448875,0.428699117339364,0.115526800736487,0.114361975863238,0.112366565062887,0.78555038207796,0.798311169705169
196,"A_p5","firth",12.9179460531245,12.9287252892764,0.6509367221199,7.94995417417821,0.111150798230241,0.110778630655229,0.109576827652782,0.738450082025315,0.73375049907676,0.732300316190923,0.663079409141896,0.673576077496754
197,"A_p5","firth",2.97922555467039,2.9707471598402,1.39414382902329,7.9504809660803,0.935684811235333,0.936215269250497,0.935234364829753,0.498791413045586,0.49948341515463,0.49565218497329,0.859251566592962,0.873277863961923
198,"A_p5","firth",18.7449016837225,18.752244049793,1.94676601879247,7.95010482568756,0.0153816787939847,0.0153407461586045,0.0148634109969635,0.381175781304944,0.37981774179057,0.376068540627277,0.880056145021385,0.894157887384222
199,"A_p5","firth",10.8632560232272,10.8732727472555,0.858086288526138,7.96502702259007,0.206112303109476,0.205530508395641,0.203012312740493,0.659565424804149,0.656972546092908,0.65446957014833,0.827017197738341,0.840165568907515
200,"A_p5","firth",8.72074598906601,8.67816898599484,0.494003713327612,7.9733349257555,0.363587908145508,0.367365679361933,0.364562171806093,0.773950320881882,0.790820686752438,0.789205357433695,0.761156182417153,0.773278633836425
201,"A_p5","firth",17.9017354394983,17.932984503237,2.81035471044783,7.97974192561566,0.0213095411523432,0.0210740516432053,0.0205856118753346,0.249187423209635,0.245319406534148,0.242525069817459,0.805556961712842,0.818805189574222
202,"A_p5","firth",8.62525890123526,8.71334033941234,0.238600697617726,7.99715152492345,0.374399837961301,0.366538085963431,0.364036968029349,0.941381762579664,0.901133059210005,0.900345799060442,0.741457300769348,0.75296722577558
203,"A_p5","firth",3.13419557549311,3.10587990127846,0.731166469709369,7.99137999589123,0.92672368542588,0.928601241883932,0.927786793938423,0.692663637225157,0.702901845492611,0.700662340322698,0.860843494257605,0.874525654590264
204,"A_p5","firth",8.80628865134812,8.7796249273093,1.67056124199707,7.96409303732593,0.355161837763328,0.357492007780688,0.355064085593665,0.431609096630068,0.436648000025454,0.434159751005298,0.716443149634117,0.727903212588269
205,"A_p5","firth",11.0901781080669,11.0996365714518,9.40222727690221,7.96332270461387,0.193143723544263,0.19262248350828,0.19042962918735,0.00849449070914265,0.00842227224221548,0.00812300478807049,0.737527307846896,0.749299152619873
206,"A_p5","firth",19.5564619573604,19.5344725743195,4.56166941048042,7.98411909470026,0.0117987771997754,0.0118940751110137,0.0115624568063419,0.10034180852308,0.101430656131237,0.0995530750274854,0.812785921664196,0.825732755013371
207,"A_p5","firth",8.11316974097735,8.05890771955948,1.25376754218148,7.96454184904544,0.418967068158936,0.424229533563346,0.421058262252669,0.526761132678507,0.541164544940514,0.538216839747311,0.861151739968412,0.874650133626056
208,"A_p5","firth",11.8808462563783,11.8774650701209,3.23443117852487,7.94391285568017,0.152275976935178,0.152429307501062,0.150421023558237,0.197159602254591,0.197455425705924,0.195046785178365,0.773800017443705,0.78570376665332
209,"A_p5","firth",7.06610333370214,7.02111985878835,0.17815782415383,7.96191367915672,0.526238744185446,0.531106455515597,0.527481245655623,0.907028229075373,0.927170505892345,0.926292405781096,0.877501654332371,0.892026542249386
210,"A_p5","firth",5.40055803220937,5.43304716878212,1.21955625903903,7.9788246344227,0.713588727752015,0.709979530790458,0.708408918628385,0.559701804642561,0.550652797103186,0.548762504983898,0.667656656491071,0.678040101125364
211,"A_p5","firth",4.70050496446917,4.66698502903726,0.349267485862687,7.95138625072734,0.787640043694304,0.791132951476969,0.789551063465424,0.838964839590343,0.854272625458309,0.853137916314205,0.701277665723367,0.712605721173782
212,"A_p5","firth",15.8543721128096,15.8929929509168,2.20603559510873,7.94537472465527,0.0424634091169884,0.0419071229410923,0.0411545512252001,0.341991178013401,0.33436684808034,0.331696744343229,0.770255166892334,0.78281117196522
213,"A_p5","firth",4.79282997104487,4.77632592528549,0.721989075118618,7.97170264142173,0.778954168947005,0.780689236613427,0.778130220977414,0.696700189520404,0.703665969707086,0.700877998768475,0.948960136566175,0.964252465738825
214,"A_p5","firth",8.28824858148695,8.28422249582261,0.267945278403179,7.97600122692586,0.403371399727152,0.403751528947575,0.401273428577122,0.887272926258483,0.889259133220049,0.888353530012586,0.724521863848046,0.736131174355167
215,"A_p5","firth",10.2031140012323,10.0811469873973,0.31588830231186,7.98181898978306,0.248889317802775,0.257206128496538,0.254041797535849,0.815965157825456,0.866890661142712,0.865490700291788,0.925127816090204,0.94033018983847
216,"A_p5","firth",7.94393237818752,7.95237045167988,2.12916657766308,7.99358820735853,0.438366857436023,0.437533989646987,0.43417021312061,0.347595782043355,0.346917287090425,0.343545444437736,0.850652347924784,0.86429890881155
217,"A_p5","firth",2.14329636591049,2.14224184144863,0.411383932853521,7.95397147014924,0.976559663976959,0.976596761967355,0.976268336160938,0.82295672716912,0.823561627304415,0.821920347548832,0.863903622856089,0.877778619485455
218,"A_p5","firth",4.55599332052391,4.53383677825332,1.51816339162197,7.96120618591082,0.803313528210653,0.805570292775125,0.804196947251878,0.469921835124993,0.47525486864349,0.472764172832716,0.703066166824072,0.714511694723391
219,"A_p5","firth",6.10386669300129,6.10512709957304,2.39604784026358,7.97840726497448,0.63471295140588,0.634570810437559,0.631320515346671,0.305549523822849,0.304852564124782,0.30115951591217,0.917108440065528,0.932403578992612
220,"A_p5","firth",10.635704596497,10.7261308021077,1.8338114356024,7.95767091656964,0.219087061442511,0.213615683535965,0.210053600142651,0.420341364749551,0.400884871305087,0.396500408559286,0.948172538778512,0.964058220667777
221,"A_p5","firth",14.161893590501,14.1688417299962,2.22659843299505,7.97566578240445,0.0759588356362939,0.0757883016052823,0.0743652495823152,0.331590324775622,0.330135811006745,0.327053936752434,0.789133808548253,0.802036672512449
222,"A_p5","firth",8.7202883748959,8.68767206340262,1.11252578408899,7.97645509106947,0.363916859532671,0.36680988950379,0.364633437834657,0.569958114366947,0.579787994512895,0.577771331426838,0.643117096565242,0.653194392441096
223,"A_p5","firth",4.26950959086911,4.17467337950937,0.151802770920002,7.98136663486385,0.832748820642627,0.8418003294537,0.840372706715859,0.900449559490828,0.94318725641744,0.942577810395888,0.764462661713968,0.777004277258067
224,"A_p5","firth",13.8682474499129,13.7750810002848,1.58916471037863,7.96222722928907,0.0828402009038453,0.0853525140967543,0.0837315546793425,0.43261183156288,0.454412847162153,0.451007789330398,0.843376922016988,0.856877045432979
225,"A_p5","firth",6.07529189532451,6.03971922725498,2.0236684875387,7.94250547562417,0.634673783279915,0.638701506355473,0.635620103245882,0.360414419430924,0.366556418979587,0.363034376810468,0.840138336330238,0.853621725671543
226,"A_p5","firth",6.20348755006929,6.15461634769168,1.86227674960662,7.98158737388124,0.623774385161498,0.629278915030461,0.626653444872183,0.389062744217091,0.398425700722544,0.395459239906598,0.792949850696527,0.805605042760535
227,"A_p5","firth",10.7800734894511,10.7186333975303,3.47746030461021,7.96757057422127,0.211274206575065,0.214940903657376,0.212251088928542,0.170376144344258,0.175290682908526,0.172599971734969,0.810609911927888,0.823945798304125
228,"A_p5","firth",7.77189796032938,7.72539721820821,0.69884418807761,7.97069750976924,0.453287698631351,0.457990111628747,0.453931211691765,0.699430985941844,0.715541344439305,0.712627535749905,0.937958787895853,0.953108260036694
229,"A_p5","firth",3.62872095862674,3.60113829515337,0.123988000930352,7.96243963027383,0.888912286142396,0.891158307461549,0.889823843163268,0.940836443848885,0.953050043312136,0.952435034946777,0.852581653692734,0.866043585374163
230,"A_p5","firth",4.6203015095682,4.64406924822566,2.72392755123827,7.95205575427167,0.795864190482584,0.793406652241235,0.791318737516373,0.259575877222189,0.256644526925247,0.253485851549398,0.822949113966159,0.836407477914799
231,"A_p5","firth",8.24483535458571,8.3108634642469,0.651229133314969,7.99586842758362,0.409427395774292,0.403181313319394,0.399927979386354,0.758517584963936,0.733211869837236,0.730863951385231,0.808125468011243,0.821536051810654
232,"A_p5","firth",4.11785085488478,4.05533037002843,1.59693675692861,7.97025264305165,0.846252004080642,0.852055826631082,0.85076783168137,0.439280166149634,0.453392829616563,0.450771007958328,0.773024142528134,0.7849121147162
233,"A_p5","firth",7.40619152894461,7.33355230332763,3.61196785496616,7.96137291715729,0.489986396035841,0.497630123298705,0.49317441944028,0.157928161167126,0.164348247547727,0.160733953077624,0.966943245431977,0.983012305174794
234,"A_p5","firth",3.32153752243543,3.33795985549522,2.17886450006437,7.95146884445241,0.912419209534424,0.911211286563162,0.910378401348294,0.340609231573818,0.337893151960411,0.335185953692944,0.722953266724276,0.734581425589179
235,"A_p5","firth",9.42696162965944,9.42387197191253,2.34118639026325,7.95894864678269,0.30325400164855,0.303495921732497,0.301211324878588,0.311941661785882,0.31241619549839,0.309701377333638,0.720117138471226,0.731673150992799
236,"A_p5","firth",15.4877624957074,15.4691565055639,4.37010375921329,7.97936086483047,0.0491959577855601,0.0495043665134577,0.0485872675076573,0.110121218902734,0.111016962041897,0.109253586151263,0.751252121139818,0.763427491969877
237,"A_p5","firth",6.43690680585541,6.36656076099143,2.41179136815939,7.9826670848222,0.597429766838619,0.605299804276666,0.601522651290632,0.28988010168049,0.300352907780567,0.296573040844751,0.917099435321736,0.931450077445003
238,"A_p5","firth",12.9816527768701,12.8994840284804,1.44227034697101,7.95726131249292,0.109501489004722,0.112332635348919,0.110129132994605,0.469369850328398,0.489203411098322,0.485555446363198,0.961214342467216,0.977213298194144
239,"A_p5","firth",9.06660928630327,8.99770267621759,2.55640413328758,7.97774559626344,0.334168770403847,0.339965441705543,0.337077229776078,0.27200268354723,0.2817144600773,0.278826699972567,0.75626635923025,0.768366254422991
240,"A_p5","firth",9.97630056191401,9.92171843341195,1.32944085033002,7.9677231980955,0.263211688032759,0.267077009131605,0.264278479253553,0.505751577782611,0.520081501191225,0.517103378333301,0.865688251982484,0.879475366064629
241,"A_p5","firth",5.96990101038597,5.98564494112016,0.543542440297278,7.97873328108998,0.649791002972918,0.648015157136179,0.645720723757844,0.780248557217869,0.77396297778033,0.772335226149595,0.725768934958137,0.73753216735105
242,"A_p5","firth",9.68678342757217,9.66684479278796,0.618189562336894,7.97161702159187,0.284559115486825,0.286049637219644,0.282189408726093,0.738459519923313,0.746485888740964,0.743838521537709,0.918768454049788,0.934006032645723
243,"A_p5","firth",25.0888847695862,25.0459537134557,3.22474130309998,7.97987143799506,0.00141844686020531,0.00144263633620678,0.00139877973586289,0.193768162643223,0.198278070717199,0.196095381494996,0.715409435645401,0.727009217608651
244,"A_p5","firth",14.6205551703696,14.5870343811401,0.170901871972786,7.98291802521879,0.0656419531772912,0.0663669449530355,0.0650425768992259,0.91788523776957,0.933499412744997,0.932666433871586,0.847768088807875,0.861567745842609
245,"A_p5","firth",7.93950048978317,7.93425312785549,0.719714479061808,7.98346892904952,0.437805067397521,0.438323483973526,0.434584323845839,0.703195899549731,0.705354132130375,0.702689103428007,0.883731625232782,0.89746977377996
246,"A_p5","firth",13.4045294604086,13.3900003999247,6.67151719171672,7.97056509030086,0.0965225803887698,0.0969658256344433,0.0956844456566078,0.0341409857562844,0.0344318624979878,0.0336653875013961,0.708533601454282,0.719636503531132
247,"A_p5","firth",6.94668776210162,6.95572190706138,3.98918508567639,7.97950559553624,0.541007685966029,0.540023353582341,0.538098978654949,0.136602239140203,0.13611535544288,0.134535038429672,0.649098366134341,0.659621564618311
248,"A_p5","firth",6.60260937409867,6.58399044678819,2.07595471664797,7.96597486669896,0.577632368727026,0.579705744804355,0.577001432290749,0.355459032185606,0.359059861325681,0.356073481458597,0.774446071754201,0.78721103246989
249,"A_p5","firth",7.49318905948053,7.49494898689179,1.78069247194579,7.96739582817383,0.48147449667585,0.481291651590865,0.478980899097206,0.414312884236999,0.414274679641283,0.411972824351936,0.727407359039713,0.738771484575992
250,"A_p5","firth",16.0636733841686,16.0744050847364,0.767257867832342,7.96425417130725,0.0400430369569135,0.0398963273347744,0.0392345756782675,0.694826716418537,0.690966406675722,0.689169415502242,0.711190980758625,0.722329044864119
251,"A_p5","firth",14.8188229620437,14.7751695620702,3.19540976947821,7.97034448866519,0.0609705411611945,0.0618565212286305,0.0609409323572442,0.199128980694001,0.203520411416908,0.201312651573855,0.752434606448423,0.764474381508863
252,"A_p5","firth",5.05075647357657,4.97051232018842,1.44144959254724,7.95403986973011,0.750362824253514,0.759048998132497,0.756378831539224,0.471198109680365,0.490790058834623,0.486962524474422,0.946185973801279,0.962023897453683
253,"A_p5","firth",8.29532472350874,8.3634659145932,5.836455543563,7.98290207218066,0.403389400193586,0.396995603499552,0.394638132223352,0.0561892236861792,0.0542956994310009,0.0532453642498765,0.741344203737908,0.753559606412698
254,"A_p5","firth",10.5936615121636,10.5965782230528,6.95587161707798,7.96789601673848,0.222537512236664,0.222357348516615,0.220032360827035,0.0306600193832672,0.0306475024829218,0.0298456935282581,0.735877816733944,0.747367025734439
255,"A_p5","firth",6.86913458552429,6.94738730844365,1.79249729337309,7.94400766924456,0.546013306251578,0.537449417135922,0.533388551295835,0.42677688515593,0.409982483687692,0.405761749175901,0.961996068918229,0.977721044020791
256,"A_p5","firth",6.03896697204351,5.99218364900585,2.45483403321173,7.94320939465169,0.638809096192276,0.644105963013275,0.640465420189599,0.287344397539192,0.294211230482107,0.29008451000988,0.938010345117715,0.953520115010132
257,"A_p5","firth",4.45275635929387,4.47826743588776,1.49314732114676,7.97445279098014,0.81411674189455,0.81156105424618,0.809345850818953,0.484450945889063,0.478169468545423,0.47440858146127,0.935322256505419,0.950420297512428
258,"A_p5","firth",4.40681341118209,4.42148952938389,0.62839577999892,7.97486031735965,0.818917545825758,0.817460489154124,0.816082212796128,0.749484548488815,0.743439414545009,0.741713410699306,0.6654229106647,0.675868587031105
259,"A_p5","firth",7.22411962622409,7.20546464148298,0.904180646593893,7.97711476207566,0.510734997580986,0.512723725673528,0.507991217575472,0.634562844963859,0.641349027193334,0.637730647668427,1.01699544895173,1.03336164554402
260,"A_p5","firth",4.69157869123441,4.69167233016816,1.50044194039917,7.94519175529662,0.787840953617903,0.787831177774276,0.78554168796543,0.473314411081638,0.474367921540391,0.470835063515633,0.848243740705593,0.8619461987961
261,"A_p5","firth",3.07543358135862,3.04648222958788,1.28077111110588,7.98473858661625,0.930317194028753,0.932188243750664,0.931233442937202,0.523682496363873,0.531225793068025,0.5275921054816,0.861240257802245,0.875442011198351
262,"A_p5","firth",9.86602721831385,9.95397393450901,1.43975358643299,7.9719795630172,0.271549904072772,0.265272361496053,0.261707804012924,0.511456766251404,0.489502176144554,0.485758086477863,0.939541953432557,0.954720290856136
263,"A_p5","firth",16.3601358103454,16.3277541229593,1.96769333136194,7.9477631890743,0.0358333962181018,0.0362359434308902,0.0349182151062959,0.366749599901679,0.373563323427288,0.368685044569373,1.10405814071904,1.12193245334795
264,"A_p5","firth",3.19778324484765,3.2151679736681,1.1647518675746,7.97150818729378,0.922080410299658,0.920875012358685,0.919737564666759,0.570921014682147,0.566652321291256,0.563132294010284,0.871598116011037,0.885973122288007
265,"A_p5","firth",14.4375810329389,14.4113772266874,1.0737447473312,8.00336179711331,0.0705338916048173,0.0711365339143385,0.0699602667450125,0.58548076293123,0.593413954268433,0.59086329278228,0.745245444975486,0.757004600724801
266,"A_p5","firth",11.6433388277477,11.6804181093136,3.21299195544323,7.96717217702024,0.164840218755405,0.163055030840469,0.161411835148327,0.203026335109453,0.199275169899902,0.197261351445323,0.667352772633057,0.67776859057472
267,"A_p5","firth",4.44726462169945,4.3941859822547,1.7421644773735,7.96951625370909,0.814443287366613,0.819724953807633,0.817713645385865,0.410691017766321,0.422194565073476,0.418437322920714,0.903530426465296,0.918299855622274
268,"A_p5","firth",5.49376443742522,5.50494542947804,0.758624617896838,7.94070248265941,0.700386882568533,0.699131730443971,0.697324114055367,0.699465151422455,0.695325892971975,0.693578050356826,0.714544841729805,0.726272047084982
269,"A_p5","firth",11.2131224588782,11.2276205589188,2.14995489346303,7.96639746008718,0.186740635074981,0.185964397278968,0.182893447001234,0.345456667013425,0.342571898372796,0.338590310678023,0.897426631215726,0.912140829215963
270,"A_p5","firth",6.89977715559818,6.91933448325199,1.13342069269969,7.96175459542853,0.544303948140947,0.542167030103345,0.539412569494762,0.578229022251178,0.572356079291588,0.569766371572819,0.791473691747096,0.804120802040125
271,"A_p5","firth",10.8459408418566,10.8370902458961,7.33137763185819,7.96653997220718,0.207174919523129,0.207692329623967,0.205319249354594,0.0247944661914847,0.0249302272224059,0.0241429548935133,0.789761491278197,0.802329202540438
272,"A_p5","firth",2.62524024765631,2.57700730171936,0.376816638597304,7.96355920060214,0.956056097998421,0.958470588178116,0.958162989806138,0.820780946550798,0.840246480620342,0.839396721026308,0.638909721491941,0.648870260121812
273,"A_p5","firth",11.3791229418086,11.3494914430904,1.74793441114578,8.00000444694919,0.180401086896126,0.181945512135346,0.180285005913894,0.417560816471442,0.423004804363366,0.420797599486231,0.678672092437801,0.689305332354614
274,"A_p5","firth",4.5327846782622,4.55188523034591,0.0545193225380025,7.93778505686333,0.803998570023369,0.802044591251255,0.800171417743748,0.991337343444007,0.984185023478997,0.983971599059229,0.801259512692005,0.814513315322467
275,"A_p5","firth",1.30839702231013,1.35459935949236,0.295862596166191,7.96500114657526,0.995733905101826,0.995170109703184,0.995089843015437,0.89897882845682,0.878369335772075,0.877001807236969,0.891854649077942,0.906329562837175
276,"A_p5","firth",19.5237847317895,19.4299285599718,1.81416568514247,7.9577561282511,0.0116320949552168,0.0120400212949361,0.0116036918963072,0.38884468103952,0.406180106849913,0.402001127977961,0.923425842001164,0.938792129634328
277,"A_p5","firth",9.10345025509123,9.09317121614361,0.750307760387385,7.97564473837597,0.330949866072285,0.331804289945936,0.328500153465127,0.692291876146574,0.696727181816877,0.694231669105141,0.878808461680492,0.892838529683827
278,"A_p5","firth",6.34026660595635,6.35431868909555,0.54783624809866,7.93462342801642,0.604150307152697,0.602565734093083,0.600220236963102,0.777962919260239,0.772361013405115,0.770768446022933,0.747847097309929,0.759622596507612
279,"A_p5","firth",5.00904219380385,5.01090574996805,1.04066007110953,7.94912042247993,0.754437766327193,0.7542359152971,0.751181810406188,0.599885208983543,0.599891034965892,0.596267028543714,0.919079955124315,0.934124628224499
280,"A_p5","firth",9.35014784320624,9.39576562189869,1.0811216977794,7.97249214720773,0.310647349553217,0.30703826392058,0.304453575799961,0.603034136849085,0.589679815297924,0.587226275849961,0.762586569181497,0.774573121403617
281,"A_p5","firth",5.8022189925364,5.83191562397021,0.13933160037888,7.97732895320021,0.668545982759117,0.665200545094153,0.663195730994145,0.959919329664802,0.947207713883895,0.94671380721193,0.718060513986512,0.729538517461189
282,"A_p5","firth",7.15321184928303,7.08102639769498,0.590384640789785,7.96617712995717,0.517308756154842,0.525076021752994,0.520980671092325,0.725304015806822,0.753804441265054,0.751253442648363,0.95329173483569,0.969042779154083
283,"A_p5","firth",2.95444911765239,2.97998409203952,1.48033732666491,7.99586925603704,0.93847241169617,0.936905967154619,0.93616875255997,0.489742118584135,0.483892676637909,0.480734913860127,0.826907117313223,0.840499283451957
284,"A_p5","firth",5.24431656399085,5.25322491541998,2.73139979959517,7.95913627911519,0.729392287970851,0.728409737166861,0.725788506404691,0.25591988502697,0.25463691577634,0.251431933900808,0.911788796092134,0.92626003720949
285,"A_p5","firth",5.35539018658984,5.31493699516916,1.64502460263805,7.98738296588791,0.71931860894821,0.723785939365778,0.721281677815015,0.432459656868963,0.441554482417245,0.437936139669815,0.843255363281796,0.857235040804336
286,"A_p5","firth",3.79808141540983,3.80259635083065,0.299129205323302,7.95134431289473,0.873991718127787,0.873600977408853,0.871923484545003,0.874228196677856,0.871269301110322,0.869872359007257,0.930990359855861,0.946367572747353
287,"A_p5","firth",7.80332538523069,7.82061765806256,0.879199405856684,7.97940751789793,0.450977990421835,0.44924283858369,0.445816666303454,0.659276147486064,0.653114787408714,0.650419713545318,0.860247025901845,0.87395934203591
288,"A_p5","firth",9.98226223778796,9.95809609651797,6.99088715365487,7.97895960349846,0.263906740411999,0.265612339591317,0.262282629446606,0.0297793649894711,0.0301490213954616,0.0290551612875376,0.911704108455625,0.92644190933999
289,"A_p5","firth",10.3855488740138,10.371391973661,2.05495257156005,7.96271205176363,0.235074574893633,0.235990963887086,0.233701327759921,0.358183869502012,0.360296447901819,0.35750810785419,0.746360619618161,0.7582377567324
290,"A_p5","firth",16.7031140054915,16.6758699911481,0.977746334167967,7.9730285813578,0.0323537854681727,0.0326606763843843,0.0321544510339418,0.611816833643949,0.619832340678143,0.618061093869641,0.637304399732305,0.64743084712566
291,"A_p5","firth",6.01507552761784,5.91091612732265,1.46217924373865,7.95943233855362,0.643025773672488,0.654801819807038,0.652693356137738,0.461070947755622,0.486243773615946,0.483829493475577,0.717819494391408,0.729048273732383
292,"A_p5","firth",9.80079253014787,9.78821993866954,3.67330604352589,7.96695941291661,0.275783592912115,0.276701423335402,0.274462462371076,0.15795809852834,0.158757201252754,0.156742377858984,0.717869518502693,0.729051817393924
293,"A_p5","firth",20.2684460359726,20.2578404225588,0.313419331923329,7.93468954683327,0.00866803433212293,0.00870239520114224,0.00845057602267318,0.862334179084514,0.867157922078662,0.865992897029972,0.805840734420725,0.81853595098396
294,"A_p5","firth",2.95757634294992,2.98415821426882,0.084599850415579,7.94967166669423,0.936998840557474,0.935338620381922,0.934667340130736,0.981912567746497,0.970805519075385,0.970478346360896,0.803245900957529,0.816018090325072
295,"A_p5","firth",6.63875824521925,6.69789332282408,1.17006350422564,7.9515944000322,0.572195853508401,0.565631116357532,0.561983664745904,0.581235552039234,0.563340781743817,0.559645984760458,0.863807776813274,0.878535967193137
296,"A_p5","firth",11.4806939401315,11.4568692942828,5.28591207385762,7.95776996838451,0.172165459139793,0.173365273276738,0.171336732772884,0.0694373448594217,0.0701928431071337,0.0687275932734448,0.765443849349666,0.777798155378523
297,"A_p5","firth",6.51460238735335,6.49789930200408,2.1333876033895,7.94155115922314,0.585290479621443,0.587162849567384,0.584868864227779,0.344682193990722,0.347578971753162,0.344938634542199,0.758691996009696,0.771083493228993
298,"A_p5","firth",9.499271551808,9.34092083579369,4.83517554698564,7.94195458119479,0.296075155041054,0.308464296124408,0.305909814908349,0.0820128446697225,0.0887788523242774,0.0871335844894445,0.723589397321315,0.735573158629158
299,"A_p5","firth",10.4263376017089,10.4356022077853,2.43775519081212,7.98273118065993,0.234176262492967,0.233581518218163,0.230898227927521,0.300032144940117,0.298171627478028,0.294925566785712,0.83728144281818,0.850934358362502
300,"A_p5","firth",4.66400783733821,4.63376423448359,0.535566566548044,7.98487465121666,0.793265453138492,0.796378219457792,0.794455060381585,0.762818730193617,0.775284469869906,0.773495555614378,0.840285888148667,0.85403030136754
1,"B_p100","ridge",41.1717288300862,1.63671822336371,0.578931923489665,6.07541081284964,1.7843482247315e-10,0.976494181543795,0.939584658303888,0,0.698937940373803,0.587672487382538,0.254104773198788,2.58248020182572
2,"B_p100","ridge",45.0663808572616,3.16066145039639,0.15155439144932,5.98473723791099,0,0.836857116489251,0.667258568658788,0,0.916550511494773,0.870709471132089,0.258291357935717,2.55107892778002
3,"B_p100","ridge",37.6725070084982,6.66446331536673,0.163968509957933,6.0284178688959,3.70467501120686e-08,0.355085734345367,0.168495037919672,2.28463326035211e-09,0.912136820076727,0.872221205456872,0.227090844855874,2.7036689761576
4,"B_p100","ridge",41.1076435841803,6.73084413517982,0.0394837016592937,6.11031869164969,4.29781132904594e-09,0.357754928831734,0.160968205190563,1.50221102224180e-09,0.984075330729102,0.973876364291576,0.250968753426903,2.45050844032132
5,"B_p100","ridge",46.6727899752575,2.21478097485418,0.542916684330389,6.08891769040078,0,0.941167503132081,0.867955135023605,0,0.71348935830997,0.595304656931543,0.266816719907891,2.37033389031554
6,"B_p100","ridge",35.7515340652878,4.26257326207742,0.958277461301904,5.96429940070408,1.10794272090153e-07,0.679189133433158,0.485351884004273,3.78383746557631e-09,0.55480500586273,0.434490333984379,0.22969445601633,2.51864173684513
7,"B_p100","ridge",43.6069605141339,4.01115425142579,1.06116161904188,5.99980500373911,4.80900541610652e-09,0.720600137922194,0.49018777971876,0,0.517427328464057,0.360722313204949,0.269205992466423,2.59146692575018
8,"B_p100","ridge",40.9716386921617,2.51207671649002,0.42131678682713,6.05271361698838,5.47937958339517e-08,0.913368845131031,0.816415766116005,0,0.764219839327865,0.677291108818988,0.234911771672397,2.33461759193825
9,"B_p100","ridge",40.8092624776819,2.71409020604567,0.561113339077661,6.17019102802112,4.68881822257572e-09,0.898919016866062,0.777811132393083,0,0.705649254395495,0.59553968000368,0.261115404689462,2.55716608662345
10,"B_p100","ridge",45.3659685225832,5.91500310279274,0.418478824708462,5.93861488105701,3.22166038846383e-08,0.436092275583871,0.205065233519354,0,0.765059990581401,0.663870022269204,0.270682593722641,2.41457022259082
11,"B_p100","ridge",31.5619052707921,2.89921706074461,0.0765267416547853,6.01106403466707,1.62908744516521e-06,0.870312769303398,0.751083415127796,1.19042428137206e-08,0.96529757605946,0.942811550374656,0.238308987078701,2.19538509737863
12,"B_p100","ridge",32.2805252496026,1.59978505929541,0.652863600790553,5.91696535892341,8.04161964795824e-07,0.976120239215622,0.94041515246462,3.6564629102287e-09,0.663044556707066,0.541874453748046,0.248448517239752,2.43324034219308
13,"B_p100","ridge",37.2339988446705,5.73106092762193,0.301817413707352,6.01822769734835,5.637348488019e-08,0.470915727700755,0.255984962828448,3.49258622023285e-10,0.837048621422269,0.767168927358919,0.211074569899184,2.70559337871804
14,"B_p100","ridge",36.3215331750978,2.29508658980326,0.0491717026450833,5.99328603947784,8.98147392014437e-08,0.931082679916633,0.834737409526114,0,0.979162447847154,0.963893219880102,0.247086472335334,2.59256939945478
15,"B_p100","ridge",33.0743571671654,5.43559831980389,0.644232347096236,6.05540940070184,7.48240610692896e-07,0.516887103698929,0.320007212198175,3.28638398716663e-08,0.677195654222287,0.578388586133614,0.233036773936917,2.34811055374034
16,"B_p100","ridge",40.9353738752408,3.99399007749113,1.10390465928592,6.06398287878961,3.07659970277818e-08,0.729106886656028,0.520226681768266,0,0.497130833376746,0.357805968646191,0.257991293949772,2.50707873772372
17,"B_p100","ridge",37.3910935456561,3.5324007683243,0.608193279287671,6.0276770343492,4.52490017677221e-08,0.790707704066803,0.615019234471681,3.60609464511441e-09,0.681074465353166,0.566572326465042,0.23342416896422,2.73430202901092
18,"B_p100","ridge",34.0475101939665,3.76051234728698,1.26623392420807,6.07864131028774,4.19420387975933e-07,0.763871043665309,0.571779224079768,4.05010158743835e-09,0.442883943291529,0.296670420396181,0.243587642541364,2.54295645617719
19,"B_p100","ridge",40.602409737653,1.05267781428041,0.795556307198208,5.98399356198921,3.40636329698718e-08,0.994406997106427,0.982940697612002,0,0.597612948938615,0.454089413714905,0.26780495349956,2.31740506679018
20,"B_p100","ridge",37.7475208345226,2.56992730864497,0.734469015155543,6.14834333694665,6.92958207482164e-08,0.911153699670677,0.808771485969535,0,0.62690865083125,0.497445872826646,0.264396815437247,2.30167873445586
21,"B_p100","ridge",36.7289668348398,3.93999017686538,0.634160394522398,6.02699886794901,7.67679946278577e-08,0.733413793654775,0.538760890975366,3.54719853490337e-09,0.682296483310003,0.557382003532168,0.249627849080938,2.35056227248857
22,"B_p100","ridge",54.854064141431,10.9181135160171,1.42828514666887,5.96008291434715,0,0.0660515466672157,0.0117824062665841,0,0.383146397622486,0.236429829835084,0.266982187095323,2.2851950408483
23,"B_p100","ridge",43.1462391249651,4.33388025375163,1.77548028098545,6.00861171864925,1.02105307542288e-08,0.673100790114321,0.452611297478977,0,0.315389644689897,0.190353432491844,0.247358395083503,2.53765093695037
24,"B_p100","ridge",45.3887619592778,5.73793836956136,0.072910334249799,5.97184790439525,0,0.463992270541499,0.233899263332479,9.53291001692946e-10,0.96674279060867,0.945361129476188,0.23746754675265,2.74340050330604
25,"B_p100","ridge",48.9747863073362,7.69726816111766,0.597713000914502,5.98797313897149,0,0.245029344702196,0.0688804056518079,0,0.687329075263906,0.547695997678725,0.281948802169954,2.65396930822543
26,"B_p100","ridge",29.1598674808933,2.03282032646862,0.0836057756689348,5.96422581189861,5.38071847322463e-06,0.951122802891905,0.891765743146499,4.27988466888962e-09,0.959069380084718,0.937652490372704,0.231811915025526,2.58200083399089
27,"B_p100","ridge",42.3922682632371,6.92668865367464,1.36941229539813,6.12439768693966,0,0.337649450535833,0.143412288311227,0,0.407381184199746,0.258639235474496,0.261436963401207,2.52268159777801
28,"B_p100","ridge",38.8396167702088,2.98461455017515,1.7983800594928,5.96237639791853,1.17264321586319e-08,0.857664047868643,0.723061245519024,0,0.321316291348827,0.19288265888702,0.244586232190089,2.49286386090336
29,"B_p100","ridge",42.6157875649701,4.48206635508863,2.29028646788819,5.90964734188889,0,0.639485619788166,0.421402544977116,0,0.213694508209272,0.102449956233351,0.258276545156481,2.55082710497447
30,"B_p100","ridge",45.3528441531791,10.6015861018774,6.57234545614866,6.01974461140404,0,0.0794346245743374,0.014802349213898,0,0.0146156635436752,0.00218080809480659,0.235025524762223,2.63330272091972
31,"B_p100","ridge",40.9872449930493,3.66270416980747,1.48907100645083,6.14525260977134,2.4273761889404e-09,0.783321580392187,0.612919631265115,0,0.391654796955102,0.253509423387198,0.230027178814315,2.33145410847138
32,"B_p100","ridge",31.9671116804692,3.16546108541181,1.50348805042066,6.08695355948397,1.50301085599658e-06,0.84363176559657,0.69517050855193,1.25349343127468e-08,0.390117593587495,0.250337075091407,0.236250223472524,2.48677772448565
33,"B_p100","ridge",28.1159055050167,4.76474059962566,1.45182529682062,6.17698810270252,1.56740920611576e-05,0.628395384499239,0.456439060608495,2.67982787072185e-07,0.396424330321991,0.27354159466652,0.209490366501329,2.21700100015612
34,"B_p100","ridge",45.2795809476592,5.32244668065822,1.27364955623334,5.93222221961163,3.50439555152349e-09,0.516837112198374,0.295130820468548,0,0.422758953014751,0.281287791204573,0.25959275403389,2.58664042950575
35,"B_p100","ridge",32.8565508123519,2.64230074913507,0.133226279665384,6.00983322416277,7.98933053380857e-07,0.898279027925996,0.801108380936866,3.30451754848582e-09,0.928589893656367,0.890094301392478,0.245616876925558,2.38661880511218
36,"B_p100","ridge",34.6962331243944,4.74551117834769,0.353724567499735,5.96004085164793,2.07162041077069e-07,0.605839422052439,0.388492559682995,3.50073192656453e-09,0.807234384577177,0.733629435033642,0.236922965541826,2.54944816443986
37,"B_p100","ridge",42.6496047194876,6.7391535397099,1.18980985856518,5.9582679042749,0,0.337520322677003,0.139507025976511,0,0.458296250785497,0.312051308805703,0.244752584936901,2.55920537080487
38,"B_p100","ridge",37.4338840993923,2.6310052229721,0.892398566201989,6.01434111617745,5.00929013824702e-08,0.899987159740799,0.785310912304951,4.12481226952366e-09,0.568434678112605,0.428314762646697,0.254326746328687,2.51758508908129
39,"B_p100","ridge",32.2578133007291,2.342789055412,0.772399319826506,5.98602358585126,9.61365993701335e-07,0.926716560263187,0.832108382941438,2.87507562202194e-09,0.603430452090868,0.472041613555586,0.239954189736207,2.60571241631958
40,"B_p100","ridge",34.7467621715525,2.39625006452965,2.15480845868812,6.00653755260723,2.47319756008224e-07,0.92281655285905,0.837442100276117,0,0.238560007927854,0.132500780466423,0.235871584537226,2.48089367181232
41,"B_p100","ridge",34.3684321649788,1.93781730939798,0.358450283466794,5.85717742962395,1.78861847555112e-07,0.955419142850756,0.894611542473603,0,0.788952603639224,0.69927617377816,0.235407503014429,2.70945271789628
42,"B_p100","ridge",35.2707688074333,4.62603776604396,0.87864971031777,5.84964626757351,1.05098004743454e-07,0.610207876012129,0.382868669021024,0,0.551493312819479,0.415879545844623,0.267185524280258,2.31078598894744
43,"B_p100","ridge",42.3640831104052,3.92131776325456,3.10668559365328,5.96225272715638,0,0.729367590978253,0.529637925089348,0,0.13109251462637,0.0504010778545779,0.258808974875704,2.42624362851891
44,"B_p100","ridge",41.0094508535786,5.75923493964279,0.366594791787649,6.20872556543606,1.34363697945616e-09,0.491526327404316,0.278608879104535,0,0.805630960845631,0.728605844935661,0.237936441640412,2.5371514084211
45,"B_p100","ridge",42.7625147709633,6.28192955240535,0.674129512611553,6.0644629084624,9.50895479023828e-09,0.40535054662645,0.203424774804186,0,0.652042389893933,0.537416832122019,0.240384953055344,2.38312891189007
46,"B_p100","ridge",31.7430721869059,3.24912207585903,0.256602083026578,6.10304156718466,1.8282713886153e-06,0.83376489040741,0.691736851051832,3.35761862757522e-09,0.861980260773068,0.802782849968166,0.229451534911462,2.47622346046777
47,"B_p100","ridge",33.015721708403,2.14649335572594,0.0116493344754529,5.91364018871526,5.14947367413754e-07,0.940948975658483,0.875199304117722,2.01526757503956e-08,0.997209757254157,0.995391813869135,0.214990598806609,2.38423348317839
48,"B_p100","ridge",37.083178426067,5.99454678878218,0.630504373296093,6.03311392443622,5.46747317420326e-08,0.438126389023134,0.219695291872619,3.27667748489802e-09,0.668731517033059,0.563228611562483,0.250871444875062,2.43255795476332
49,"B_p100","ridge",35.4509117926485,6.21763509647069,1.13195988730017,6.02347829666569,1.75588576789565e-07,0.407987696060055,0.20388306182135,3.337018328331e-09,0.474092334448331,0.339728897129462,0.238426677322982,2.48477329025964
50,"B_p100","ridge",39.0415493068992,1.07861264778692,0.497217939705328,6.13726172558539,2.23118568065672e-08,0.994457262593346,0.983893177747367,4.94891017055465e-10,0.736743031771835,0.643061047119985,0.253565670613824,2.56753290893327
51,"B_p100","ridge",38.8268132479014,6.32974951785981,2.41241214850026,5.94429577809914,8.73898564623943e-09,0.383818890806574,0.181665729246962,4.82118944766796e-09,0.20736490375503,0.1055663379046,0.247954330325777,2.30949806307263
52,"B_p100","ridge",30.8059952330963,3.99839038070377,1.08780398420258,5.95306825343413,2.20924384009002e-06,0.716725821251962,0.512740424234414,1.33810069691265e-08,0.499643141171748,0.37154801612819,0.218272133033615,2.71672710198389
53,"B_p100","ridge",34.9848546485875,3.94814358490918,0.262072076111625,5.99980708190288,2.01037085312272e-07,0.729349935521833,0.52559433027115,2.34525265874197e-09,0.860172318576083,0.793271675910173,0.238553767729036,2.59098638427914
54,"B_p100","ridge",44.8816874822299,5.68615016007099,3.83749808785972,5.93742852207224,0,0.466894754940063,0.22925791377434,0,0.0777955004739244,0.0196050978254454,0.277822674856678,2.45438770040954
55,"B_p100","ridge",46.9764956618953,10.0956553518808,3.87198428394534,6.01806309405422,0,0.0979775102332171,0.0190254442961953,0,0.0789610254306419,0.0278535921710186,0.247489901164643,2.5864310787238
56,"B_p100","ridge",33.6371715100389,4.40870958019145,0.209005162191079,6.0997181508632,6.03373273122543e-07,0.672057412932885,0.474818506537817,3.3853915115678e-08,0.895421804936766,0.849089496991752,0.220118649099589,2.43303716997275
57,"B_p100","ridge",45.2732632978798,9.67135388594269,2.00954931084245,6.13872716922728,4.301551337349e-09,0.125957182273916,0.0331529463782952,0,0.264212219039713,0.135907676098848,0.263703690477589,2.32090249604464
58,"B_p100","ridge",36.4113016072602,3.07572770820367,0.0550146381507834,5.99331265595238,8.12863393262475e-08,0.848239941825943,0.696749473646662,2.33529651172404e-09,0.976736624088732,0.961575612620452,0.271612598259819,2.55720684868831
59,"B_p100","ridge",43.6921864421335,9.60987890346411,0.773596233977886,5.9956614728288,8.35284509337342e-08,0.117641174512236,0.0283263102963178,3.42042483225669e-09,0.624050364284354,0.493416765065785,0.24588476033464,2.54020717595494
60,"B_p100","ridge",40.4468571792534,8.7125166663577,0.346113391631303,5.9786991600132,0,0.166867560045692,0.0542243446785602,4.15103684758833e-09,0.808506979861442,0.731190356056379,0.235863621087589,2.59476267834959
61,"B_p100","ridge",49.2837844401126,7.84333250762487,2.02076012609051,5.93632324274718,0,0.226800090312484,0.0826695449670253,0,0.261192357944799,0.143429132890758,0.25291222660513,2.48104549880666
62,"B_p100","ridge",32.3956632068039,2.17204685160585,0.331726067450156,6.12657828986756,1.28455415393525e-06,0.945385228221447,0.874599231656136,3.1567375380348e-09,0.822480939396735,0.746695882041947,0.245009872689459,2.4004239244862
63,"B_p100","ridge",42.0762291531329,7.9750492771512,0.164352498174279,5.99801448373904,3.82314365721115e-08,0.222759875703554,0.0773738270998255,4.05883637810689e-09,0.908441376732015,0.863870869126283,0.247017763599425,2.66895425341066
64,"B_p100","ridge",36.0217931092586,1.66926253305196,0.885396820354757,5.78605928610857,4.93797380762828e-08,0.971174473729811,0.933149598932796,0,0.54687533409179,0.423110561329246,0.231348109473738,2.52604267142999
65,"B_p100","ridge",40.5818159885752,3.12352944611534,2.33618726390927,6.03601710397198,2.94193447381019e-10,0.845345164161781,0.695765373625256,0,0.217733009835808,0.102780342900291,0.253070900417709,2.48538674964361
66,"B_p100","ridge",45.6692013852545,5.37497896675727,0.523815514219971,5.88542834497954,0,0.50319463042771,0.276243189166044,0,0.712459772706869,0.602772645689206,0.265218597550815,2.44537385602659
67,"B_p100","ridge",27.7464530350904,2.3867429150715,0.817279359258989,5.99084729167525,1.26951222938487e-05,0.922942943525946,0.82996625548598,5.78840291254323e-08,0.600461807511586,0.480382173702955,0.244063043641507,2.75087660936355
68,"B_p100","ridge",48.6861957247439,7.91918780663874,1.29596788298697,6.07460087776362,0,0.235508849465841,0.0830749093501497,0,0.44516534728879,0.31205874388889,0.267546242764097,2.33592349603719
69,"B_p100","ridge",38.0710318127512,4.80501339873801,2.74833696142263,6.20509092201816,6.67169541834767e-08,0.625561340014558,0.405350376486033,0,0.185591764671578,0.0856818467553697,0.241479343613299,2.5661334084783
70,"B_p100","ridge",40.4452487685757,4.40071603806783,2.63115305784165,6.11115281371482,4.43703362940084e-09,0.674433194828325,0.472912558597132,0,0.177693552399778,0.0787979199083324,0.235873176535927,2.57064727384727
71,"B_p100","ridge",38.0787019158374,8.37439161167872,3.40074867475694,6.01259392031187,3.6237016942664e-08,0.193226834954399,0.0679410222793777,2.03268746279406e-08,0.111405391814076,0.0437431228503642,0.233621059793083,2.42792399472728
72,"B_p100","ridge",35.2868029763945,5.57537870588417,0.122993702514329,6.0367673540624,1.95700174843161e-07,0.4948146862739,0.287414333508486,1.10212150516986e-09,0.936365203238382,0.904950730514894,0.238488931339198,2.4840538996833
73,"B_p100","ridge",38.1925101294826,3.35325898478044,1.51933666036282,5.95483054882587,2.21166984726295e-08,0.809098317921857,0.620831623687348,0,0.379955224925449,0.232689748149139,0.268575099327915,2.73334551285632
74,"B_p100","ridge",35.2711678462415,4.7046914006854,0.546969024634361,6.05601464293966,2.07129719154153e-07,0.623378513141036,0.399454832788793,3.23483395625601e-09,0.706620293042546,0.593892842731624,0.234778360017553,2.70192120386057
75,"B_p100","ridge",29.5773794597857,2.99888330847521,0.924750376108958,6.12945821209403,6.66798087345377e-06,0.865288327631017,0.742837527027997,1.54047883338393e-08,0.549061802017187,0.428688686865936,0.238463074300773,2.42943328629636
76,"B_p100","ridge",38.7754173221546,2.21986433969037,0.531761678688886,6.03102345379821,1.50289417577554e-08,0.938611197159799,0.854391652231428,0,0.717784554862405,0.601352697175729,0.257124158232311,2.4519719302929
77,"B_p100","ridge",39.4959314252085,14.2140077700697,3.68648751486261,6.12332798283166,1.1552270029469e-08,0.0172970105768171,0.00223030359823995,2.0550288137855e-09,0.0905335362048943,0.0362634836611837,0.24868542623854,2.25446760965173
78,"B_p100","ridge",49.9160308282495,2.85307111860486,1.78573794790433,5.93770177503877,0,0.872278229209617,0.736179634710574,0,0.297856093180728,0.165310448051746,0.265832757804804,2.43335942799241
79,"B_p100","ridge",39.7183866478804,3.48135048926897,0.222717820183778,6.06355096959195,4.38272595992828e-09,0.800358451502793,0.605695890745807,0,0.87951158473721,0.819484202361494,0.264599418227503,2.64149252120303
80,"B_p100","ridge",35.8612359254551,5.25222961510892,2.73509342881136,6.15501703463187,2.19064985484962e-07,0.554919572101145,0.339390027121275,1.82494952483125e-09,0.174317056636791,0.075935722039526,0.235512671673663,2.43082130744926
81,"B_p100","ridge",37.8240291913383,5.01140870961377,0.878891604265145,6.07112236579634,4.44275793931581e-08,0.579831281481387,0.347695415639396,0,0.574287520430189,0.439402592552044,0.251255086478762,2.61604707857074
82,"B_p100","ridge",44.32559832247,4.38158993971343,0.788953490563638,6.07903488238449,1.50001883691964e-08,0.673810326837867,0.453601208727588,1.19366544149013e-07,0.6119123609268,0.483303981460476,0.243919611098684,2.54650388931923
83,"B_p100","ridge",42.9047991316887,4.68814143214367,1.40595802041325,6.19147206378047,0,0.640969027425436,0.40087155919185,0,0.423856412031552,0.265067123326238,0.261627406546844,2.42531047092001
84,"B_p100","ridge",39.7072827753209,5.85151889906666,2.95372992735475,6.11179179964836,9.98792859530084e-09,0.467131851588124,0.234096560177173,0,0.153259605929839,0.0647739918077406,0.254045481627268,2.5365451950607
85,"B_p100","ridge",42.3349545557642,2.41171299462023,0.0757385276342765,5.98054803245457,0,0.920447905820486,0.830663809909243,0,0.967834312050069,0.944549596617006,0.25363912924013,2.08634615766833
86,"B_p100","ridge",51.4921606482839,9.08146229927802,2.03762872141798,5.94248407733906,0,0.14146548835847,0.0423787517936225,0,0.243460024343899,0.13283093158005,0.249941275331307,2.16057568982868
87,"B_p100","ridge",33.0370735382683,10.3609633531199,0.242545801597216,5.95310154735984,5.63946348952626e-07,0.0837312866090908,0.0190278547074869,3.83444682672263e-08,0.863705586317972,0.801895758338708,0.225699551557933,2.64645833347178
88,"B_p100","ridge",35.9191048414057,4.81446872570069,1.02023961083376,6.15746872355109,1.83304516343519e-07,0.618841280348321,0.418087295015033,3.03751679364694e-09,0.529999791119925,0.400423895063489,0.236889728044347,2.28512918402716
89,"B_p100","ridge",35.880522287965,3.50557671367256,0.343869518836004,6.01982802730058,1.30872110037927e-07,0.793988557788792,0.61436910845877,1.05400110861353e-08,0.825074602747327,0.757433708326752,0.244735368945101,2.59444540350958
90,"B_p100","ridge",36.1453933975416,5.52567153701673,1.02447149015336,6.12515119040913,1.58262085769856e-07,0.51303898052562,0.277412296031539,8.45409680538811e-07,0.523246458281175,0.391273285623239,0.24024297640086,2.76691603539333
91,"B_p100","ridge",39.4825496545844,3.78539656505793,1.24998285520332,6.02703246210043,8.98168006635558e-09,0.755224689363185,0.552165471369243,0,0.458031328367955,0.305781865397582,0.256361727666121,2.47096837895261
92,"B_p100","ridge",40.4118948933739,3.14387274354133,1.6367257956042,5.96868120614194,0,0.837903387470109,0.669190474269707,0,0.341896561731566,0.196559969725599,0.268894067519965,2.61373060689266
93,"B_p100","ridge",35.233202985358,2.35183412533315,0.208278410691775,5.88070115644763,1.12811790575762e-07,0.922264885894916,0.844075073648178,3.09770864515002e-09,0.889153642389279,0.833513192036133,0.237395094841732,2.37562387795819
94,"B_p100","ridge",38.6887255381212,6.23425589899875,3.58952209540196,6.22603928292419,4.05407885040177e-08,0.432142141720008,0.217890893573494,0,0.10147196570151,0.0364792669855964,0.227593063917273,2.61281540664943
95,"B_p100","ridge",35.4368430792851,4.3314019975945,1.15988320380359,6.13003894628117,2.35885505128763e-07,0.686543612817339,0.48513698236241,3.8824738979315e-09,0.480329185133961,0.344648119868693,0.255098945264694,2.21081051298722
96,"B_p100","ridge",43.0277018078719,3.74375789599613,1.96062812453614,6.06279222243353,0,0.764311713228565,0.564316265531914,0,0.277485674741815,0.13213610044374,0.280081467258484,2.34977814825315
97,"B_p100","ridge",46.7146362990045,6.84882160533188,0.833202083135134,6.02168851641048,0,0.333339493679507,0.148717773571579,0,0.579660037775956,0.445566569426709,0.256115198529752,2.46449702658179
98,"B_p100","ridge",40.5414400712878,1.87250205376686,0.70627699321853,6.03436287621407,6.44392434412389e-08,0.963257644459411,0.90753341245108,0,0.642306603381608,0.512554280233896,0.2600619552026,2.78068200776641
99,"B_p100","ridge",35.9794420537876,2.54746241262772,0.738430020273096,6.10657016622751,1.55677155389e-07,0.912607400341162,0.799977271091868,5.622850740572e-09,0.623214540233764,0.490981157491818,0.264301262946669,2.74936130787937
100,"B_p100","ridge",45.9886335183967,4.35332371565845,1.89933730337099,5.96531387011211,0,0.665477596424826,0.439720600083754,0,0.284215258531869,0.161727314950339,0.266486284933157,2.31585673579238
101,"B_p100","ridge",46.0366911300115,9.4802981699217,4.58444655632385,6.0621062208061,0,0.129179035838498,0.0271439442773769,0,0.0462789955906746,0.00965114023247482,0.264504663022972,2.51902711186236
102,"B_p100","ridge",40.4265911937857,6.10725017935045,0.285561780816963,5.96539627642083,0,0.41456297227152,0.217119694329074,1.06228092988658e-09,0.839755078207799,0.781116510550429,0.227053871432859,2.42174980962686
103,"B_p100","ridge",44.7774195343487,5.07866287466917,0.823490982374514,5.98627224371163,1.00421221338465e-09,0.559110098917286,0.340824922007648,0,0.591531711158565,0.454469211380402,0.239080967780226,2.30018197604594
104,"B_p100","ridge",33.351522358487,3.09112149726223,0.935315951216234,5.96221242901024,4.43470154487535e-07,0.844881184983392,0.702956520948524,2.03001626619681e-09,0.549939860416146,0.421855418321397,0.236638261640069,2.3610086705315
105,"B_p100","ridge",39.8382279016662,6.26183923780793,5.00480644847155,6.14355324136375,1.41912108730935e-08,0.41803857387792,0.204611590822998,0,0.0398279444039771,0.0101519306494081,0.236375468223479,2.46209463574859
106,"B_p100","ridge",38.8114660970636,3.16836760618079,0.976816035179482,5.8558648163945,4.25143453774979e-09,0.826457209805585,0.664535669714575,0,0.515074246798014,0.367198474161338,0.250504078597409,2.44742388876241
107,"B_p100","ridge",40.1787159793108,3.25306218192012,0.0990157010436742,5.80950753032774,3.68464810884817e-08,0.811818103272241,0.623404190898247,0,0.953340138993956,0.922858878006799,0.25886543181971,2.56162518038371
108,"B_p100","ridge",41.4464301194925,2.8996203136464,0.742286219260508,5.96244611360145,7.21341527620822e-08,0.866981381743546,0.730453599686544,0,0.62546110193516,0.505743933412911,0.252030845680159,2.50347138030913
109,"B_p100","ridge",48.0768187118254,3.78425051117751,1.41681122310013,6.09241593603743,0,0.761476335631133,0.568473827817938,0,0.396725736224567,0.260723053878228,0.246698503239677,2.4417239117549
110,"B_p100","ridge",32.4232564689539,2.85438549935969,1.17847714077127,6.07201303745805,1.09599779518632e-06,0.879180851396632,0.764387064409488,1.04635364817085e-08,0.490132009005691,0.358614396744572,0.241958417250512,2.63934170702267
111,"B_p100","ridge",38.8927717404307,4.34935596652283,1.93659179181024,6.07012597234573,1.92471379945047e-08,0.677460407058787,0.445845644068227,0,0.283292863313746,0.148779523414454,0.256444701870281,2.39689639033813
112,"B_p100","ridge",34.1002727111478,3.6778872451768,1.42409295507769,6.01366363737486,3.54329801721676e-07,0.76917245016954,0.603582444464465,0,0.384670086611461,0.252796763266579,0.240022552932637,2.37306627330937
113,"B_p100","ridge",50.1732460766514,8.45361810088371,2.56023350964857,6.01854821295141,0,0.18831040850562,0.0485122178315133,0,0.189795163804817,0.0773939025606011,0.278674608238354,2.45499040604969
114,"B_p100","ridge",39.2203457313111,2.47683328783559,0.503062278036927,5.85678468797203,8.99030405676626e-10,0.909117776503495,0.806235812440501,0,0.721735098489862,0.622151876881764,0.236222529198557,2.47448007283964
115,"B_p100","ridge",41.3344632729905,7.90114847961373,0.226752537679208,5.96023147626824,0,0.224791299126783,0.0679683477784429,0,0.874167929021098,0.81143489411603,0.275785862165562,2.46223420392621
116,"B_p100","ridge",32.7330854293961,4.93513416896383,0.198358347931807,6.06989686358378,8.89243933821504e-07,0.591034625692086,0.380111413218582,4.56889692745932e-09,0.892281724759713,0.837770811572444,0.233867686605617,2.5357793892259
117,"B_p100","ridge",37.0461110244279,2.04512281413895,0.202957324021342,6.04753405529954,6.88963062156489e-08,0.95211122529811,0.886396188736282,3.58024621061048e-09,0.896912078814971,0.847593925363618,0.249972788931051,2.37268731694332
118,"B_p100","ridge",38.9736322755236,7.51736404180501,1.68628991535343,5.92002619653254,1.49717159225737e-08,0.253637906093699,0.0976099936897464,0,0.324379857249183,0.199086795439775,0.246692580020311,2.46024802899868
119,"B_p100","ridge",41.3848837417118,5.52360359460816,0.108486832694714,6.10082151677967,1.72082548210994e-08,0.509808986699155,0.282659617464281,2.56412913124393e-09,0.94655159118053,0.916234027187141,0.268009199596192,2.6058520512479
120,"B_p100","ridge",41.2757131094512,6.72152653246421,1.3336587884784,6.1683127436172,0,0.366114426724944,0.154052149056791,4.24712220947754e-09,0.44161710627103,0.288876515366974,0.252436358572016,2.55161641008782
121,"B_p100","ridge",40.1960482854211,2.92513854645831,0.394399040600761,6.14043420943136,1.88757232066905e-10,0.874343387913589,0.755917142542483,0,0.783959198542515,0.701038785224198,0.234850522592175,2.31324994962213
122,"B_p100","ridge",39.9109661042858,3.17446497187484,1.60816491828366,6.02303304661191,4.25154544902995e-09,0.837499543248732,0.699949135263425,0,0.346736967810612,0.206217141548834,0.259118161350813,2.0783441910829
123,"B_p100","ridge",46.6405867221139,12.0836996351593,5.03704809376027,5.88595991421195,0,0.0370540224990072,0.00532899734279668,0,0.0418455479077142,0.00994399340379881,0.242524330913233,2.32106249213132
124,"B_p100","ridge",68.0569921436176,18.1970527603495,0.65975419535754,5.90530709756841,0,0.00181619221681362,7.61321167661588e-05,0,0.664704300396314,0.552600417779801,0.250907454850343,2.41722742252914
125,"B_p100","ridge",38.8387736573677,7.28571645107769,0.337457360004795,6.15401454678402,2.87203012483417e-08,0.303569524982399,0.118082428871235,4.44829706403027e-09,0.816491311418002,0.738246277820693,0.251744613800372,2.56196581862355
126,"B_p100","ridge",43.7381655121499,9.31979612943238,2.24071145370889,6.05180954178532,6.88115150415669e-08,0.136979700401154,0.0345541401623555,0,0.240371199880595,0.116832191893631,0.261882666011709,2.51612397854873
127,"B_p100","ridge",41.0859375679791,4.39689566835939,0.0534216015118753,6.13573344512637,8.37291347366431e-11,0.677191828018061,0.472101323076228,0,0.978973917246991,0.964129069039541,0.233176971719064,2.28612133053639
128,"B_p100","ridge",41.4818920225523,3.32166993610741,0.627209082721927,5.84633128989859,4.25016426497393e-08,0.804902141455195,0.624599461303617,0,0.659077828884063,0.526704634163642,0.264875966366677,2.36965362095272
129,"B_p100","ridge",42.378526660818,8.11383664041619,3.67676598432301,5.93132680230318,0,0.204493040054255,0.0709196217249326,0,0.0827755915510101,0.026981424196225,0.258955681842619,2.41111762093062
130,"B_p100","ridge",36.0335563679262,3.04844858281322,1.19468921224885,6.01146615717866,1.09361052991197e-07,0.853266548417954,0.716882412364083,0,0.466143791040631,0.327250150063991,0.236650455943394,2.42777432178229
131,"B_p100","ridge",37.1427723582202,4.5399531113368,2.46503371870628,6.03003784670402,6.19857963846115e-08,0.644739945976835,0.438748392471775,0,0.205580734814613,0.101027210057509,0.220963649466563,2.64056942712145
132,"B_p100","ridge",36.8626064435889,2.51479917079211,0.0761875452128482,5.8992287327811,4.766578221016e-08,0.906406077161665,0.814907846805012,1.70491132323036e-09,0.965867256477383,0.944223251369835,0.254457727188406,2.26692647225245
133,"B_p100","ridge",45.9481534408808,3.43259131336056,1.47771716058433,5.98889320400704,0,0.801461556341859,0.606978865560557,0,0.374367055691821,0.230604056360574,0.278950722582805,2.41753622992682
134,"B_p100","ridge",45.2767953027954,3.55366813182588,1.34510054176273,5.98698249746798,0,0.784595311070883,0.594676999695849,0,0.412902275800261,0.27205515545241,0.256546062390238,2.39861540347745
135,"B_p100","ridge",43.0805315443137,7.9957225489979,0.119430855750954,6.02130252173536,1.25275240181466e-08,0.223211004093216,0.0687314758479582,0,0.943945723876302,0.909308947246286,0.253615006926249,2.70020198801392
136,"B_p100","ridge",41.7399233510897,3.52983188281303,1.11420699317323,5.99486382046356,6.66327044096526e-08,0.788260033863625,0.600769722837977,0,0.485421472669849,0.33329375125417,0.256646183858243,2.50246785899844
137,"B_p100","ridge",36.7751951412933,3.47858973177336,0.733760501577173,5.85367378110476,3.33359442272751e-08,0.784388136213683,0.608931448449237,0,0.621155466000275,0.488177537778395,0.250704216983276,2.41281774995998
138,"B_p100","ridge",46.453871382498,7.37274993368196,1.56315259297045,5.95419479326314,0,0.271010550552248,0.0983471587210764,0,0.3542349156531,0.227663686161188,0.248926822957549,2.64110794330195
139,"B_p100","ridge",35.7453024166919,4.32116217217378,0.043959312778555,5.94199965749545,1.09813640181144e-07,0.667335953220426,0.44817905464156,4.37717906365265e-09,0.982173979423436,0.969845126952099,0.248966457186784,2.29746972582311
140,"B_p100","ridge",41.2031198134572,4.55026521143125,3.54244731423448,6.09154335303708,5.05307722331594e-08,0.649967009554475,0.412482518918134,0,0.099305227759223,0.0355471583655753,0.238405272020583,2.76918961151485
141,"B_p100","ridge",33.8115123796118,4.00977058237075,0.948395798966681,6.0342147480294,4.52676291895493e-07,0.723546622089631,0.527287526572941,1.56064898781949e-08,0.552859315962956,0.416996917437883,0.24770494523707,2.35409100496229
142,"B_p100","ridge",38.6455285994898,2.27709361453614,1.12232712526876,5.98019488319375,1.69299052554805e-08,0.9318912341482,0.852193680873182,0,0.47196673413878,0.337458837300693,0.261514317394305,2.32051311869352
143,"B_p100","ridge",31.0668742317636,1.25452099623971,0.0816641781005214,6.0010418539174,1.96789955531074e-06,0.989896089284148,0.972249226977795,2.40682596075459e-09,0.962305107280872,0.937068449947607,0.261972877707071,2.51475480362569
144,"B_p100","ridge",60.1517026054631,8.49993701468317,2.94471371993791,6.12995767853449,0,0.195924404003429,0.0549619710226159,0,0.146435867141916,0.0525492780311365,0.269125229018937,2.42777492406653
145,"B_p100","ridge",44.4177830667779,4.33693698885024,1.48006332338771,5.76549379356199,4.062616121292e-08,0.645558178310425,0.381845806575558,0,0.362158470389251,0.21268965216515,0.263183851897559,2.62499782843178
146,"B_p100","ridge",36.364215388844,4.8155081819726,0.538969596713784,6.01316038670524,8.68324661063014e-08,0.601793343375973,0.379742912299504,1.56430468578606e-08,0.72352194342526,0.626466918561138,0.229314247694652,2.69817561782157
147,"B_p100","ridge",37.4584756737407,5.25523705076635,0.704970400688485,5.96963132206681,2.92696535897363e-08,0.53188032709038,0.306905862746696,0,0.640590053060874,0.515988746926165,0.254635979143551,2.50225632264894
148,"B_p100","ridge",35.2897633471863,1.57401750276303,0.375374685594719,6.05533322568871,2.1891318779943e-07,0.979018272085703,0.949276994151999,0,0.788754348610203,0.7127850872427,0.249296735350978,2.36005084888138
149,"B_p100","ridge",36.8155906515705,3.61183504128914,1.03805347649324,6.01450519539031,8.24437190738436e-08,0.778547896652398,0.606904878088182,6.04329741804577e-09,0.518224270033722,0.387243837516534,0.223130820544488,2.62867672900338
150,"B_p100","ridge",35.917204730125,6.15018493136034,1.14640145861289,6.12500012469811,1.58075752043629e-07,0.429990262733096,0.208425471800877,2.09955852703558e-09,0.478621412868049,0.331051182201276,0.254075060082973,2.37683328994815
151,"B_p100","ridge",40.2716901863635,4.59007333237667,0.186172065549712,5.97963423783646,5.84276861337329e-08,0.631594949730588,0.428080482661994,0,0.89739250997967,0.847973745555872,0.256114657816655,2.30251983650911
152,"B_p100","ridge",42.393590236204,10.5435090996777,1.10816886174088,6.00769785829562,0,0.0804427648515091,0.0149570835345234,6.19780449184759e-10,0.48699641488874,0.3383870377492,0.263676696044357,2.56441395194067
153,"B_p100","ridge",38.6672554801747,3.67201259728217,0.400119167436816,6.091003540626,2.17643596478467e-08,0.77698630180835,0.593984822901936,1.85017112741548e-09,0.780045029644638,0.697176094821272,0.226192584531773,2.59585595963094
154,"B_p100","ridge",42.9925106699692,6.67379219403093,4.12452911254957,5.97381595707338,0,0.346907835881022,0.154366983808032,0,0.0627218067665849,0.015082686878348,0.267630313540078,2.21542180610154
155,"B_p100","ridge",46.7063673332815,3.76170631387861,0.993423391476046,6.03057703565191,0,0.758827044441958,0.533215647643018,0,0.529057161142464,0.3746955136974,0.262814408336723,2.69470678551677
156,"B_p100","ridge",35.793893820878,4.46763731863638,0.214040187797916,6.10381148471483,1.7049163014704e-07,0.663519631473234,0.438016978403244,1.13409837076972e-09,0.883474991098649,0.822171280372417,0.253400123326704,2.55835644209407
157,"B_p100","ridge",36.227251968872,7.65552824813641,0.737569576275567,6.10152926533801,1.36401735240099e-07,0.261942312329518,0.112533097740648,1.13748324093166e-08,0.621512585393508,0.508290857540656,0.249767615075724,2.03965841401095
158,"B_p100","ridge",42.9049813394703,3.34301268685733,0.178910089358745,6.00186301034636,0,0.81463736185539,0.630019538670026,0,0.903833280555649,0.8559668557995,0.254233821519325,2.59305039380021
159,"B_p100","ridge",35.8439729495443,4.13863742516223,2.50563428939618,6.17507458142408,2.1268122973872e-07,0.7191710123455,0.5176732315992,3.8273123559307e-09,0.212724057415385,0.10179236903724,0.246392997078881,2.53515271237797
160,"B_p100","ridge",38.2389446510493,4.44303548803317,0.219460793475606,5.93265671613138,1.89434625763596e-08,0.64797383422232,0.43707522941073,2.38493258475359e-09,0.881999844113331,0.82335960315683,0.245788324876627,2.32711891786526
161,"B_p100","ridge",48.1639055230631,2.56674336352932,0.963656252571441,6.05388858650305,0,0.90824384081598,0.784295383381629,0,0.55666212646485,0.396476379522761,0.260210952956749,2.65571862686299
162,"B_p100","ridge",52.1611809851982,12.0093403789712,4.93030718432995,5.88772543967408,0,0.0377228960615644,0.00546649291306445,0,0.0358693230715804,0.00689833787076932,0.259020328927405,2.37085298819618
163,"B_p100","ridge",51.4119625234266,5.03218243200083,0.165480884085996,5.90349399965784,0,0.556028701983504,0.304374500495592,0,0.913173482943512,0.862797476096127,0.263609659363165,2.50339731328071
164,"B_p100","ridge",41.8067071864339,1.97068437043268,0.203499274580382,6.19666485080293,0,0.960533725175923,0.903478636720935,0,0.895515777911593,0.835713341943551,0.259625620602156,2.48140981373231
165,"B_p100","ridge",31.565653235713,2.32950743935606,1.11269819326959,5.89121677824773,1.1973125857434e-06,0.924004554548899,0.836403164493162,1.5574224132564e-09,0.485384268689656,0.339336119448558,0.240146180254434,2.37114737951392
166,"B_p100","ridge",56.3714789447381,5.10445739631711,0.685642933565382,6.06980687162018,0,0.565848170007808,0.293882578039186,0,0.648242291413812,0.5027440197386,0.268990024487555,2.69915752724494
167,"B_p100","ridge",40.4067012193854,7.3108723971226,4.91693062390692,6.08533546643103,2.5974948858476e-09,0.29275618057545,0.123968548764065,0,0.0410533321688301,0.00959777631554781,0.249158105199885,2.27740843506326
168,"B_p100","ridge",39.6609054573407,4.3924776044278,2.52211562439426,6.11731840223859,1.41229576922086e-08,0.675373600442356,0.464892207503023,0,0.210941129844199,0.100822714484646,0.246517140362622,2.23985336034678
169,"B_p100","ridge",45.8265556231841,4.93225240946833,0.90248807562401,5.94390389954151,9.66304003480190e-09,0.575755496226911,0.322839314326453,0,0.552528266409602,0.393495435308146,0.259819837830789,2.50169868558145
170,"B_p100","ridge",47.359320299368,5.80953877976703,0.746831790191982,5.91822839040922,0,0.447111904476561,0.21789506561949,0,0.61747150370312,0.488458071444889,0.248435231857695,2.33509998277705
171,"B_p100","ridge",44.2585810733784,4.61100797767802,1.18549924068381,6.06097339766571,0,0.638097797817057,0.414259684851038,0,0.454629234642046,0.322010079209876,0.239321343300794,2.59858082922633
172,"B_p100","ridge",48.5220150717721,1.85107598969547,0.222831249188572,5.98898924925121,0,0.963685841184386,0.905675820522314,0,0.876385329878098,0.812171060899065,0.28026816596019,2.48644829515179
173,"B_p100","ridge",42.469903732744,7.00447841960295,0.695270217641777,6.05631017454769,3.94019313842975e-08,0.320839830470651,0.118100958203543,3.45433126547334e-09,0.65294882954807,0.510463291841568,0.254972414542552,2.77709415038244
174,"B_p100","ridge",40.1181054444517,3.98436743510589,0.491274688857055,5.94550721850428,7.60185220327614e-09,0.719075697729918,0.507419920413361,0,0.731940839760147,0.625720667678675,0.265541994242167,2.34205514149508
175,"B_p100","ridge",41.7170769739946,6.46026444410483,0.428946708142303,5.99608225997427,4.79800775776695e-08,0.374832823102669,0.156906996957943,0,0.762963796560293,0.66056218614904,0.255017540195902,2.55235785880884
176,"B_p100","ridge",38.8768539864588,3.63501534338784,0.117531561820798,5.97272083397074,6.18241813299392e-09,0.77211313529641,0.576239454340517,0,0.937192423369925,0.900535964876586,0.277626135517706,2.26823006318418
177,"B_p100","ridge",39.3060556051569,8.38441381523864,1.77555703200472,6.06387494171808,1.11155817883457e-08,0.197424226656714,0.0641325642514355,3.34504890453502e-09,0.319169382725388,0.194725338423886,0.219879962933031,2.6756637736853
178,"B_p100","ridge",47.2940107038792,5.51419498223927,3.02242146464357,5.8804995660288,0,0.483178048319017,0.268671588232064,0,0.105205561775405,0.0399653304005553,0.24331062894854,2.59211065497431
179,"B_p100","ridge",37.7104385943692,4.40168017034811,0.268267461893349,6.02815721562603,3.85765079879974e-08,0.664898621961029,0.465816581007674,0,0.846289524647078,0.782634041212352,0.247387522982397,2.16835871664411
180,"B_p100","ridge",34.0951547197502,5.76703130017331,0.347381127203603,5.92331693296779,2.52055550209462e-07,0.453985755618082,0.253973714539225,2.00489780333157e-09,0.811967096590846,0.734561680473157,0.209983158343093,2.53287094432405
181,"B_p100","ridge",41.2307791764293,2.58290199374199,0.0803027968876121,5.83469536621719,3.04571720621816e-08,0.896596821558544,0.7860004648167,0,0.96143963082252,0.936104956216587,0.270460611650197,2.20284410917928
182,"B_p100","ridge",34.3174749784889,5.03164914724667,0.0661477135839081,6.17297641663044,5.71602672083671e-07,0.588644656048873,0.355670457247761,4.15355050353838e-09,0.973445830277639,0.955872192305774,0.255974310586941,2.65376797149299
183,"B_p100","ridge",30.9021478027193,4.68685266362222,0.0703862323436962,6.03065230303547,2.48121711132754e-06,0.622519012738638,0.429931497208543,1.27880712685879e-08,0.968718287814342,0.953036527891251,0.229685508174008,2.39810908902511
184,"B_p100","ridge",39.2858694950652,1.80784055678487,1.4391070010437,6.10701744970056,1.19779253182628e-08,0.96811520098353,0.923165644055489,0,0.386737292951519,0.242993116540971,0.25807476777046,2.35625426103646
185,"B_p100","ridge",42.3592664896321,1.66180600950873,0.665372775160425,6.14871984682957,0,0.976321698702209,0.932935662110705,0,0.670034471746283,0.526074332823697,0.27799255616179,2.52260466582959
186,"B_p100","ridge",38.2066427060564,2.50536016238148,0.456773389709885,6.12460515970675,4.12041175623656e-08,0.916867084769437,0.798934283536752,0,0.765596308367524,0.672222548792323,0.231852773252644,2.85156117832325
187,"B_p100","ridge",36.8371120610521,3.30118763835322,1.30218633861353,6.08377755819373,9.136164746959e-08,0.825326221077251,0.662241405991077,0,0.436825026574828,0.280057198362544,0.267509346501797,2.4004986450116
188,"B_p100","ridge",41.3800871934644,5.4554823842083,2.38419503249739,6.05425160738444,9.48191081207028e-09,0.513738399085664,0.287300283396954,0,0.225234027517119,0.113610517900409,0.264230089343361,2.4423625001886
189,"B_p100","ridge",41.2618831690526,3.60664847177393,0.732932359585749,5.99709621484385,0,0.777871155882744,0.576129737798337,0,0.627623369030504,0.483006441654974,0.256963033263851,2.56248735988978
190,"B_p100","ridge",46.8147222069696,3.31932588277978,0.299579909883648,5.97862684063471,0,0.816253913655696,0.629772132232895,0,0.83176844527477,0.747402539948457,0.253336703623243,2.75002837603027
191,"B_p100","ridge",37.0895771228853,6.94963509913115,0.356108928314279,6.19510508598042,1.17056748405453e-07,0.343814489739251,0.162826781872545,8.72715966160342e-09,0.811609571566416,0.741029106002369,0.223605095835323,2.42551581671321
192,"B_p100","ridge",46.8956065356501,7.81876161281672,2.63018489877697,6.13190439211021,0,0.250423975229406,0.0905944777876719,0,0.18344795802476,0.0871893165256773,0.259378740355673,2.30357593120558
193,"B_p100","ridge",29.3022839560535,2.21568558325183,0.779808102363298,6.1540669982612,7.72172872198773e-06,0.94262435631826,0.885491920138454,1.85728614710001e-08,0.617253582923226,0.511575865128549,0.216075358544682,2.34488522232453
194,"B_p100","ridge",45.3376532402755,6.30630211843755,4.31914033615899,5.95721230681557,0,0.388466034696574,0.167477511065141,0,0.0560687525195429,0.0124184137587877,0.256253305036274,2.55377470222275
195,"B_p100","ridge",48.637291226384,7.80587656057275,0.233021411269037,6.01094990099792,0,0.238226162713166,0.0838836355556531,0,0.878010231216297,0.814038969433369,0.260321707861461,2.48461283066292
196,"B_p100","ridge",42.1294609319359,6.64267503432518,1.33455508967782,6.08892108723832,3.78286408309059e-08,0.365182236678638,0.148190334337207,0,0.430052476410152,0.272073355072931,0.247805968678257,2.73976169739044
197,"B_p100","ridge",34.5418969132064,4.82315898353149,0.0527895306552706,6.03967520321373,3.12600124674489e-07,0.603641067219588,0.390094090330257,3.63772878486657e-09,0.979173913982443,0.964087739298443,0.251034260142046,2.25359271825824
198,"B_p100","ridge",32.9408514900076,3.57885890754273,0.269489929906707,5.9808834729204,6.56425852563203e-07,0.780520422832645,0.621851849871108,3.64344596714972e-08,0.852196384500616,0.789582401645509,0.249544323212368,2.28971928099415
199,"B_p100","ridge",38.9495617471316,3.49379470246241,0.493904571265824,5.88753750218147,1.09491893329761e-09,0.784918025586379,0.585650761748081,3.47602913119971e-09,0.736677818051042,0.6367048048566,0.24356656587105,2.65808555232542
200,"B_p100","ridge",46.505196739802,5.28709846155742,1.01779277962973,6.17364624231061,0,0.552463788849341,0.300161625702371,0,0.543714430676978,0.389023493936142,0.266037900563693,2.48091025159572
201,"B_p100","ridge",46.8650491531125,4.01258523382681,3.49440209198219,6.0096329448638,0,0.720280970540199,0.506624817739447,0,0.104808925822769,0.0401093752629523,0.266133580377365,2.44978435668698
202,"B_p100","ridge",42.4241916987178,7.50956346258987,2.05021257416526,5.96577417345262,3.05820544443947e-08,0.259709073277317,0.0829068543696488,0,0.242464386616151,0.121085986170234,0.257131053821953,2.81666187415078
203,"B_p100","ridge",38.2543979665634,1.55785319629969,0.0407893314523538,5.93502447701084,1.7307730137972e-08,0.978282420488975,0.947398739829896,0,0.982961604810075,0.971181045344061,0.26589916559941,2.2476840442406
204,"B_p100","ridge",45.7991058294028,6.06734343395582,0.528893472437877,6.02920048309894,0,0.428098581529272,0.195915988274932,0,0.701628935592255,0.591149771632142,0.251599950956243,2.60334536447883
205,"B_p100","ridge",34.2603151863349,5.0786602577025,1.96734589943859,6.12305987715886,5.06787271925546e-07,0.575729104369859,0.348074541899326,1.29277444305131e-09,0.283358986776701,0.151618417914331,0.235481298372941,2.44549465796205
206,"B_p100","ridge",34.9521649454173,0.503292829309386,0.0376000928068075,6.13154581368512,3.01838769756202e-07,0.999675272713846,0.998935898328039,0,0.986385357225908,0.977469862545507,0.251807475726079,2.27753110838544
207,"B_p100","ridge",30.8972167995066,3.67347120590827,2.09837705178102,5.8913516046434,1.6224356610417e-06,0.75918766814318,0.570452802091019,1.281885819715e-09,0.25622722505893,0.143003548726864,0.238260716620862,2.34103233683625
208,"B_p100","ridge",43.1485493913956,7.98739534685673,0.579710743994051,5.98292493986987,3.05976424197496e-08,0.219731626337381,0.0710884526196414,0,0.696757015476067,0.58623102438901,0.236007587759094,2.55904955940492
209,"B_p100","ridge",41.2598886008207,7.35245575937515,1.0714468014647,5.80256480402656,0,0.255085153517292,0.0907002080203456,0,0.506365654196555,0.371000629485756,0.250782937931854,2.49849275307299
210,"B_p100","ridge",27.7108086749528,5.52560675543961,0.090474527509216,6.16798979062918,1.95545292661636e-05,0.518413509325121,0.318974504107228,6.34858967618612e-08,0.959426534100353,0.934458725323646,0.232199294582152,2.13514204636342
211,"B_p100","ridge",42.7111787833594,3.42845548451678,0.155481024297655,6.09751357502858,3.30043883334241e-08,0.809985486090286,0.623207425172347,0,0.914863089407754,0.870355100431833,0.265495969510445,2.6785733168829
212,"B_p100","ridge",38.6683673052183,5.88893798157208,1.62782221560363,6.12796872377498,2.50413658697823e-08,0.464333400223708,0.255731948549593,2.58922749907242e-09,0.353632418772939,0.225417368870094,0.240399470697294,2.30744131705162
213,"B_p100","ridge",31.4205312182177,1.62003206759819,0.17956243095223,5.99208135959731,1.60366069701379e-06,0.976532672612114,0.938814867626627,3.46211803670116e-09,0.910996327874796,0.859120027019495,0.24820718156654,2.40078275719875
214,"B_p100","ridge",40.7941903760414,3.40723991682992,0.336618861959878,6.03087008960981,9.33358340615698e-09,0.807876078241471,0.636460469516516,0,0.810413775879416,0.732798761736313,0.247631346416596,2.60024032792558
215,"B_p100","ridge",34.7758640425584,4.47251325443278,1.54459876304707,5.97651535059939,2.07216097170004e-07,0.648618121659573,0.448511896455864,0,0.358382676255025,0.241170636534754,0.243168127079253,2.45203712566262
216,"B_p100","ridge",41.6736587069973,3.75148158958531,0.272496894069074,5.98544194577143,0,0.756395512141162,0.562396496077985,0,0.845900829974864,0.770597515020895,0.247058389527947,2.62034114662325
217,"B_p100","ridge",51.3571571813726,8.38816349140797,4.70060067132893,6.06550030854188,0,0.197747862685332,0.0547349621805093,0,0.0456650163038008,0.0094350766196265,0.264150659012403,2.52197312519676
218,"B_p100","ridge",37.5425135801571,1.59261470647098,0.155275853906647,5.94840102878766,3.59707663655229e-08,0.977056537883417,0.939589106722591,0,0.921779683220165,0.872568621034548,0.246559461418094,2.51604223675487
219,"B_p100","ridge",35.5491633137172,3.53640676451902,1.54026043022188,5.97513846569641,1.38397125981626e-07,0.78613184823967,0.618142180387047,2.37192199215031e-09,0.371646776738262,0.249588053272884,0.244671910102831,2.50056931960996
220,"B_p100","ridge",32.6081873986982,2.45838625929801,0.322064381393433,5.95890412288812,7.9144884090887e-07,0.914565146277761,0.831336004834457,1.61145878863067e-08,0.822367459058728,0.758491533862394,0.229043161078095,2.42062789486567
221,"B_p100","ridge",37.9317514076208,3.04602641330533,0.429617318363802,6.06503202912783,3.5153848609859e-08,0.856430513027078,0.698100878294018,0,0.760626637852426,0.65750122303545,0.251533808978451,2.74216362630841
222,"B_p100","ridge",32.6026753353131,5.03288677092379,1.22629083957601,6.01291489911108,8.62253240141442e-07,0.569445792183482,0.334689030983165,3.30496618961007e-09,0.433397085682878,0.280575634033079,0.263746288208986,2.70481442387529
223,"B_p100","ridge",41.4696723127003,0.4148785832168,0.062186465233368,6.16402773606815,5.11316766704795e-10,0.999856191988068,0.999514421343321,0,0.973350984815909,0.954957988129264,0.24472940389626,2.59955926776561
224,"B_p100","ridge",35.6040090817651,5.76873341571107,0.595153482810946,5.95491551086156,1.26772497832661e-07,0.457530003159422,0.228458882259911,0,0.67095768322812,0.549429054790415,0.263333834311192,2.62729139393075
225,"B_p100","ridge",47.1614833312837,1.8782411351681,0.810395755200777,6.03354268685922,0,0.962754754994246,0.905505200468365,0,0.596946193542627,0.453133885651457,0.274487790419277,2.39176702122984
226,"B_p100","ridge",43.3249906220706,3.65382769990801,0.955263393947812,6.07120439955598,2.99534183567651e-08,0.777299226824264,0.591009395207695,0,0.554176470163374,0.406261567489522,0.263199945282704,2.31367801664478
227,"B_p100","ridge",37.67522034926,4.20593079291958,2.64150362972947,5.97879257608997,3.23349599318234e-08,0.689004103750444,0.482007179318558,0,0.166896807498542,0.0744760856488113,0.23799852239353,2.44824421897629
228,"B_p100","ridge",42.724693937385,6.32251056458827,0.134338811602056,6.09450885065061,3.5432236755728e-08,0.404178561080123,0.20653758713765,2.7777087296954e-09,0.936251806804727,0.899642999452866,0.239973384638099,2.37382653146825
229,"B_p100","ridge",47.2181822947217,5.7841458730261,1.14828421304382,6.19591047633268,0,0.486541310696448,0.254612452462798,0,0.490993413626484,0.34781598310034,0.244106825860656,2.45935250309903
230,"B_p100","ridge",40.8644917004577,6.00985883761736,1.34297159608194,6.10864370969067,5.58983153653436e-08,0.445822648183024,0.223544983514344,0,0.425644169593239,0.277518082557981,0.260422756704326,2.6198426066437
231,"B_p100","ridge",42.0664242332644,4.79085837243714,0.863110347835155,5.90126172780082,3.22564507326817e-08,0.591704914649871,0.373567797888695,0,0.55177628291807,0.423418048076833,0.254940948801277,2.42308473396673
232,"B_p100","ridge",40.9686725677333,7.64623651873093,2.37300696082927,6.10792603326572,1.14165565889834e-10,0.263422479848934,0.0803546579890081,0,0.211498467625623,0.0878162713719395,0.256501757801607,2.74353510349325
233,"B_p100","ridge",31.98698672426,3.33615744799822,0.302892966626631,5.88011627810392,8.62880650265296e-07,0.805930052416024,0.645284671436674,2.75687073170161e-09,0.828437748666012,0.756704456717111,0.234238333280903,2.4227185288281
234,"B_p100","ridge",48.3466713925327,2.48328735368503,0.790957401365467,5.99384350584286,0,0.914261872220384,0.806282805820145,0,0.607879368130499,0.459111901401233,0.254033857712168,2.56666316358849
235,"B_p100","ridge",40.9425050248176,3.45349736338498,0.19260664904012,6.05209544054563,2.43879257899593e-08,0.803776298652907,0.610574808242112,0,0.897935471906322,0.838801191193363,0.245626844835115,2.68437679494513
236,"B_p100","ridge",35.1782023541195,1.56179239295605,0.0511409688904535,6.00748860877757,1.87261541606532e-07,0.979083815887266,0.94514627852929,0,0.979722063336122,0.964641638364133,0.261428630069446,2.53956872114657
237,"B_p100","ridge",29.881033401202,3.1131164020704,0.167661245178319,5.98614690510703,3.93728926462167e-06,0.842637643950725,0.708067150546972,1.81609155491813e-08,0.909731185609298,0.867491921153158,0.236907488762012,2.28483056749539
238,"B_p100","ridge",44.4035693157235,3.75653190942381,0.427314474094845,5.98702013266217,0,0.755653543522903,0.535956366234612,0,0.777381805435661,0.673541691530377,0.268683300821971,2.61810692687942
239,"B_p100","ridge",41.0101432115832,6.01590946545766,1.22767714344972,6.11191655082438,1.29436017459739e-09,0.445244014507724,0.234711665532684,3.72196984343987e-09,0.455292222095848,0.318498464270846,0.229092119439741,2.47608917087143
240,"B_p100","ridge",42.5111097307545,2.2769236399521,0.841415239774517,6.09116802108694,2.18724640066448e-08,0.936103355449109,0.848389117708024,0,0.593662068472782,0.460998413873318,0.251544085717366,2.64331469583214
241,"B_p100","ridge",35.0081967229582,2.65171018545271,0.795147874193224,5.91339102001325,1.41655293495191e-07,0.893666745357718,0.786024540359196,3.27197946514701e-09,0.606151927890035,0.484618996444726,0.224328658344478,2.53402396999599
242,"B_p100","ridge",29.4604113329726,3.48147086553053,0.0918256542703894,6.08020396031101,5.74027678257316e-06,0.801934976880816,0.64965854441748,2.55345601329893e-08,0.954022672931164,0.932872014042317,0.236945700653729,2.29297221127606
243,"B_p100","ridge",35.7661095313106,1.44691496187493,0.375556381435416,6.16071581542581,2.26430934890942e-07,0.985033773207101,0.962689916491558,3.17755710632639e-10,0.798292442478202,0.710661766921729,0.255837740492949,2.33202023453836
244,"B_p100","ridge",35.1347234375352,4.93057931120957,0.897765878189985,6.03049517617288,1.92953473088231e-07,0.587126757024268,0.375133399023958,1.11091931209728e-08,0.570897664723869,0.458048056785504,0.223018042993122,2.64378898266648
245,"B_p100","ridge",39.202392136103,1.12238637132452,0.103168728266407,6.1048393561417,1.65016263986573e-08,0.993507149785623,0.981946695329231,0,0.947680385328206,0.916591210483994,0.251171089163264,2.3658843980345
246,"B_p100","ridge",38.2686545841285,7.5475515457002,0.954200720990074,6.05423171839215,3.11197893010373e-08,0.266339217920682,0.108872546370394,1.03424402375651e-09,0.533205148678442,0.410282283465533,0.219188148679836,2.63523519128878
247,"B_p100","ridge",41.9428550581551,2.62546306467452,0.0826627286772601,5.96020483258999,0,0.898039751094891,0.784676536263385,0,0.962368194677412,0.937519994190707,0.269030718772941,2.26904963348717
248,"B_p100","ridge",45.7623736387261,3.84599841879024,0.0869477410936087,5.83663585864729,0,0.729250500634077,0.518980728146045,0,0.963231724436275,0.934324475140834,0.267596945627323,2.54593949958697
249,"B_p100","ridge",40.1435293227601,4.90868064262381,1.60749625461901,5.98977083996535,2.77229350587049e-11,0.585138767681547,0.351994203955518,4.72307970511565e-10,0.365882129288357,0.232745174106047,0.239006800743603,2.47799221405119
250,"B_p100","ridge",40.9064118768715,4.44773278722398,0.533360490878503,6.03646260553813,5.4828534989948e-08,0.658902172701418,0.434430509797691,0,0.717734849367098,0.595893684508985,0.23950750398486,2.5271552134926
251,"B_p100","ridge",29.2117109295472,5.04356094031871,3.64371201118767,5.9595297640801,5.05688457119735e-06,0.561240264255099,0.328874789756578,1.46346907925476e-08,0.0941777968447637,0.0317092052995964,0.233397224869282,2.78663068120809
252,"B_p100","ridge",46.0384151965548,7.32564220544075,2.41898539670979,5.98927291220288,0,0.279835998235083,0.12185484440125,0,0.202586903693199,0.0930736857624864,0.269607173758457,2.2386951359845
253,"B_p100","ridge",42.7457262873373,8.3539950491154,1.19354483234219,6.19397038520995,7.67836139115019e-09,0.213293244740967,0.076379948796601,2.12527351273195e-09,0.478896871475278,0.345613716156501,0.235887572370072,2.23383658058572
254,"B_p100","ridge",32.2179650429524,1.90064672088821,0.750422533807066,5.94831419133391,8.23992355014624e-07,0.960038439986559,0.909048370922883,3.93185106695171e-09,0.608803040136026,0.490737877235839,0.254587549865536,2.23596099628338
255,"B_p100","ridge",50.1860727915712,5.59829876870127,0.325971546917199,5.99828730769722,0,0.486419665137468,0.238828042593915,0,0.823504010798597,0.743169685264834,0.26130259676946,2.76013248450821
256,"B_p100","ridge",36.8461582931886,1.09379426532382,0.555406433501589,6.03064620549579,7.70761868773562e-08,0.993798917970267,0.981178142454463,0,0.705885288715634,0.586676136784501,0.264622318551037,2.63574569066333
257,"B_p100","ridge",37.3849113167162,3.88720641941072,1.32155752073139,6.03000726191124,4.28032159716096e-08,0.741146974905782,0.529924905882893,1.83241644080567e-10,0.429418570457295,0.292075071309882,0.251228672208175,2.78170145949772
258,"B_p100","ridge",39.388484378553,6.04223675869227,3.34026951423381,6.01882845399261,8.52251913485702e-09,0.429979641672109,0.21760336995905,0,0.116377700338268,0.042606469363403,0.249940672505649,2.52902509900453
259,"B_p100","ridge",42.6729808990008,5.70113599672693,0.125400144914327,5.98834638837439,0,0.471374424418129,0.240350466697311,0,0.936689103427245,0.897893571015006,0.240167191040295,2.64395890097388
260,"B_p100","ridge",38.3476933945916,4.38006311867377,0.993404547774754,6.05731893728778,3.37651276938189e-08,0.671021457146387,0.444782035885557,3.68041253029361e-09,0.539553197549232,0.387685623043321,0.262364434728669,2.40683413025301
261,"B_p100","ridge",41.0479937129922,6.4207811380348,1.87037715878911,5.92419682265095,0,0.370306369682531,0.166295959450671,0,0.302935737612559,0.169919309373832,0.244628034476786,2.49307536678288
262,"B_p100","ridge",46.5255600909984,6.64589440951397,1.14684158415113,6.02357637276368,0,0.356456252690085,0.153374718501223,0,0.477983758091261,0.329699298760685,0.260170591781444,2.35143182396612
263,"B_p100","ridge",44.495361132386,2.95532533058886,0.586635345508101,6.03239301303275,1.08150552402542e-08,0.865315449591222,0.738347768085345,0,0.695844812351965,0.589170488413065,0.253094383138741,2.54280097096396
264,"B_p100","ridge",43.1678071872109,4.94206697152284,0.685411055188685,6.10282789045174,4.46682942301102e-08,0.593538148939089,0.351936228154418,0,0.66269895618589,0.534260732340146,0.271241485447912,2.31887359065968
265,"B_p100","ridge",39.0563103526279,4.63496448801295,1.40083728068794,6.14080235953041,1.84740995834431e-08,0.643198427353364,0.432518658392591,0,0.402623783350264,0.258520620513885,0.256863763901902,2.32382273177522
266,"B_p100","ridge",38.5927737403031,3.11336358615142,0.539581050894828,5.89415860784183,7.97766941396105e-09,0.836986900724642,0.686840756264765,3.01593539031586e-09,0.722698445456015,0.631264707678512,0.247264898553818,2.56028953511928
267,"B_p100","ridge",49.2764237972729,7.29029783555625,0.313724869254101,6.02710904164693,0,0.287809831515971,0.101401557574368,0,0.827171864197867,0.740817049587769,0.282076237689959,2.35446342198868
268,"B_p100","ridge",47.7531440420499,3.72065182040063,0.82966137561544,5.98594445262506,0,0.760852293710539,0.539504355140619,0,0.581310015435953,0.440010452519274,0.268104965840056,2.76275356846408
269,"B_p100","ridge",46.2977761133237,1.49160847183346,0.135356280416539,5.8741294259062,0,0.980639260882877,0.948899868074718,0,0.931471939931866,0.892625564171937,0.256563786611824,2.31929094978006
270,"B_p100","ridge",42.8941047455484,6.3619132690127,0.294711043454415,6.06840171088707,1.1808405808722e-08,0.39608608582521,0.193524962750632,0,0.843526674051133,0.771128047827694,0.227308287860339,2.60392664203705
271,"B_p100","ridge",40.1309621754935,4.46520834624092,0.987910962132976,6.14160023963705,7.51622619699077e-09,0.668430490240032,0.435722357223625,0,0.547783358288133,0.397559842348396,0.269451351210729,2.69461439729545
272,"B_p100","ridge",36.589223084226,7.15786584241099,2.12611786090381,5.953591473818,6.87342217586817e-08,0.292174057266128,0.122240280708034,0,0.259473137927985,0.140317879368349,0.251675292126552,2.39799612025501
273,"B_p100","ridge",50.6356520918815,5.88466442244105,0.54803462511541,5.96122871216866,0,0.442833207042791,0.205483000920337,0,0.70854591914628,0.588763407987658,0.262684070836195,2.22116381320383
274,"B_p100","ridge",35.3783259009164,1.96660994909526,0.65242287581253,5.81333585292143,7.50240607416686e-08,0.951988081723646,0.886788790729699,0,0.650194935895555,0.532331598096819,0.249248216908941,2.29087486482265
275,"B_p100","ridge",45.1661816693996,9.31856723104383,1.23148320564476,6.03237512626494,0,0.135807605418848,0.0326464818354586,0,0.429070322836726,0.276758934625568,0.244345664811638,2.88559314949457
276,"B_p100","ridge",35.889015878286,1.41476481229007,0.104348646988419,6.13572362215699,1.86015290393193e-07,0.985906773212954,0.963113900723268,3.89287757585066e-09,0.949857419540492,0.922066290756955,0.241015659456702,2.64285525784593
277,"B_p100","ridge",39.9245508784122,3.14056295571885,0.228936776829669,6.0081382414946,4.38991731854799e-10,0.841281955758583,0.672842045260398,0,0.873078249541412,0.802960130419742,0.249108718388535,2.50347545828077
278,"B_p100","ridge",38.1457150068624,4.19271339208894,1.17564773224936,6.026483183537,2.61146575475379e-08,0.696299991679165,0.481690427116538,2.00393146521094e-09,0.475447797500874,0.335595254396047,0.229485165080617,2.44407440252358
279,"B_p100","ridge",36.6170077478312,2.35218415466719,1.27613436908223,6.0348510650894,7.8745177378714e-08,0.927400105552368,0.84641230883287,0,0.435830712098897,0.296475572398494,0.252931582549891,2.30775507401
280,"B_p100","ridge",42.4869040392319,6.38300690739984,3.57367131776226,6.11182370346085,2.91423626341825e-08,0.399118790006274,0.200336661003843,0,0.100834001172465,0.0346705897866852,0.23315957299634,2.49112991327638
281,"B_p100","ridge",38.2924408634543,2.23318874706264,0.333677983272611,5.89114659742066,1.14661045103048e-08,0.932997928077708,0.848808059090968,0,0.814915093865787,0.740108639416239,0.233466016043356,2.57264891371108
282,"B_p100","ridge",51.0574721436053,5.88006060837187,0.227227230305973,6.0093352506979,0,0.450062682402785,0.225107759231031,0,0.872090637592832,0.810961665792831,0.262802164695959,2.47389749692199
283,"B_p100","ridge",40.3627480366766,5.56765100052797,0.853478928143698,6.07542216064406,4.598354585994e-09,0.500630777307656,0.276974230829129,3.19378779534141e-08,0.595943273463223,0.458596902992889,0.26471501032703,2.51091699398382
284,"B_p100","ridge",38.2309200926481,4.53753044737449,1.01553347794697,5.96334884066041,1.3285393563045e-08,0.637814761744826,0.399315911302849,0,0.517968217092345,0.363282649816656,0.24312011986524,2.54748140532325
285,"B_p100","ridge",36.6263066753929,6.59847880986515,0.349055309310293,6.07145164592227,9.16331556188865e-08,0.368153011718544,0.171183496905779,3.90038501496548e-09,0.809546715470283,0.734006769640908,0.236606436083698,2.34552506909204
286,"B_p100","ridge",48.7132547399989,9.86429062948902,0.240493702026338,6.03114308614991,0,0.108679715423183,0.0300035852125446,2.09034101139594e-09,0.86879808840258,0.813759407693417,0.232281840478448,2.16709035914254
287,"B_p100","ridge",43.3088068552484,8.0493348933475,0.0532344565638702,6.05362093809359,0,0.2223889303458,0.0703424312394555,0,0.979850050991113,0.965387622023877,0.262299423705014,2.38253354670465
288,"B_p100","ridge",32.0582815327855,5.43655232190026,3.8069563360778,6.01705351179881,1.18925685932414e-06,0.511735898282643,0.298148286193981,3.20179904811368e-09,0.0800710777015666,0.0288678043573276,0.25330475362808,2.2324102093333
289,"B_p100","ridge",40.9627819354824,3.18607073691642,1.58953089875825,6.12968019429766,2.03221661720931e-10,0.843614782146115,0.682706767403309,0,0.361154978049832,0.205793334701429,0.243612311331627,2.61127232685185
290,"B_p100","ridge",44.1973480437651,4.72201977437068,1.13685573609199,6.16714073338369,8.04013472466281e-09,0.633277427609122,0.399056474516238,0,0.512554958804318,0.359803736945419,0.251405681081857,2.81712263035298
291,"B_p100","ridge",33.5680876314343,1.59330520259613,0.0574407159855092,5.99185688681103,4.84603950634543e-07,0.977534913458873,0.949143685974502,1.19183529712075e-09,0.97644336837362,0.961468007145102,0.242423247958303,2.16609686690844
292,"B_p100","ridge",45.5118969345458,6.6494265518077,0.670255497313112,6.07098690300644,1.05479935896824e-09,0.362259832616195,0.153582523288111,0,0.656435856712595,0.545038638001445,0.225644697189678,2.66193126011421
293,"B_p100","ridge",49.5999068609439,8.34084643677344,3.07357883511529,6.06679927120015,0,0.201255045191635,0.0600561329250276,0,0.151619143544538,0.0613982346622214,0.257970989736981,2.40205645352924
294,"B_p100","ridge",49.2462305507112,4.59618156872096,3.40891089608914,6.03920630394568,0,0.637255062484421,0.403919628846079,0,0.110237271784225,0.0378685880047354,0.269861350865649,2.46588144098883
295,"B_p100","ridge",31.1421615835024,4.01940200723854,0.540734162263484,6.10297641430098,2.47754801407929e-06,0.728874448675951,0.52521198808579,1.35079532004312e-08,0.714908465687676,0.609450045676791,0.238644686181731,2.60536036726071
296,"B_p100","ridge",35.0916154847718,5.28621618600218,0.574583307441191,6.02587960833203,1.89155888286052e-07,0.534699865352548,0.322314770220118,2.08336659035524e-09,0.699676229498566,0.600338879721874,0.241190634227783,2.32294103876653
297,"B_p100","ridge",33.3822584634972,3.79599913363415,0.343662692197758,6.03406960834786,5.52531465469741e-07,0.754839387322751,0.577608929012516,3.42917227946771e-09,0.807945114570543,0.730264730825623,0.221922145397152,2.43176520753953
298,"B_p100","ridge",35.1627111903186,3.40244612818687,0.178589303958331,5.86003668062702,1.17214199346627e-07,0.795147318848318,0.621494632277245,9.97263745972088e-07,0.900061071609861,0.850525361382109,0.263388960210855,2.59097987167267
299,"B_p100","ridge",30.6646940271046,1.62397905793008,0.378575634636944,6.08134331615119,3.1294392547343e-06,0.977285902346558,0.948956714807524,8.62142712776404e-09,0.800786008769968,0.728188930145436,0.226302106866693,2.44950015928354
300,"B_p100","ridge",38.5598994959425,3.39842630362503,0.706956605149264,6.0860496633932,2.80481456949033e-08,0.813991718992796,0.651185897111328,3.46630590897234e-09,0.644694533311438,0.509819483754386,0.241856040739634,2.52362797710605
1,"B_p100","gridge",44.7524901383098,4.41170821990595,0.597008609491959,6.13920538658311,0,0.675422263228944,0.450458414496737,0,0.694570393837577,0.579567621608611,0.198055386248042,2.53431061811127
2,"B_p100","gridge",46.4592283462954,2.04472227361019,0.162336665788438,5.94044673443545,0,0.949540388628429,0.871447309810225,0,0.908449740063034,0.860495538740747,0.204967417820717,2.51654332191644
3,"B_p100","gridge",39.4615277380748,3.52306696369817,0.0845422038472603,6.08364979154914,7.12277725689603e-09,0.796889794405572,0.629932351521058,0,0.958947435412393,0.936567515432862,0.181133855882118,2.66336968614454
4,"B_p100","gridge",38.0148743100651,3.46310567286938,0.278113833833369,6.18747394940709,5.75895324761433e-08,0.811900398821346,0.651765343245381,3.12897707743787e-09,0.848196830819715,0.786879991218661,0.204651168627857,2.41147994317687
5,"B_p100","gridge",48.7818315431787,2.61133829725094,0.142021145349415,6.06991417523388,0,0.904909549825017,0.799226610224489,0,0.929531299184816,0.885714344822255,0.215614058710428,2.32060271034892
6,"B_p100","gridge",43.6268947757095,4.99302758622185,0.370067169898922,6.01357822282586,2.09360292990901e-08,0.575688438537051,0.363787347275794,0,0.80726356505645,0.729717847477322,0.181124070336905,2.47759053253083
7,"B_p100","gridge",57.6702633662531,4.51382206148043,1.36091731783927,5.94487838904489,0,0.63930038530078,0.392037687592956,0,0.418931111068834,0.259215205274791,0.210456044444011,2.52593667880304
8,"B_p100","gridge",44.050068813753,4.86345181306846,0.249929294311185,6.0705352933949,1.23417549069416e-07,0.601295197110399,0.373906950988138,0,0.859690916333643,0.79979300212843,0.184375702672295,2.30533705382091
9,"B_p100","gridge",45.6569597129971,1.82827607553584,0.202635272376352,6.05915007505808,0,0.966476413552958,0.913512754769551,0,0.892608066806197,0.837749041387118,0.205401509653429,2.50452455230536
10,"B_p100","gridge",55.1350122378353,5.30829859587482,0.225555117663058,5.99248165330369,0,0.527099528465194,0.283683460501465,0,0.875061247274987,0.80991926051415,0.213337713182017,2.37091200730715
11,"B_p100","gridge",32.8457540451218,1.47286165499636,0.437513427730002,5.99653349538545,6.86449267206513e-07,0.982701208177323,0.958406940455182,2.42756426072077e-09,0.761402683321392,0.66164868248179,0.201636512740371,2.16958831950887
12,"B_p100","gridge",42.354259724785,2.10391379026059,0.671153765431642,6.02874061159796,0,0.947475723466771,0.87644629139102,0,0.654353749981437,0.530437914930557,0.195739129738518,2.39123504771268
13,"B_p100","gridge",36.9327401067846,5.14804363479181,0.663572489231077,6.09628345892062,9.73004226079155e-08,0.562747677124938,0.340678701929768,3.4526430603421e-09,0.667890312251921,0.5559115011483,0.16290765484987,2.67685486100536
14,"B_p100","gridge",45.7114784008947,4.93058994211607,0.0837533783009794,5.96950596539068,0,0.578763068506336,0.323612891286219,0,0.959728584614491,0.932637174063463,0.19464930712003,2.55754385181278
15,"B_p100","gridge",39.5723607961095,6.81637567705671,0.542015539934056,6.00856251126056,1.16670029193244e-08,0.335037306486596,0.167645524859789,3.92413845862194e-09,0.72642187190437,0.635580882563727,0.187770743272796,2.30928474580998
16,"B_p100","gridge",47.9467695672281,6.25775814391816,2.09499947746129,5.99773491248556,0,0.399843585240197,0.183308631190457,0,0.254625615166431,0.133051582034687,0.211131236312413,2.45884550393635
17,"B_p100","gridge",47.6761225379788,8.72886459822287,0.823379385656063,5.99573482060355,0,0.167278236669657,0.0498661207639172,0,0.594220798316498,0.46033111491773,0.192741797829517,2.70265571339915
18,"B_p100","gridge",38.3195943699058,3.93959382443933,1.01930065544414,5.99065758092823,2.28970298277176e-08,0.72942242531096,0.525321074672883,1.12158615728220e-09,0.521732176902712,0.377304993471099,0.195180515392134,2.50343482370326
19,"B_p100","gridge",50.0196500791132,2.77625266016063,1.35733898093399,5.91894022870721,0,0.879341661620347,0.736801257397788,0,0.41426067813889,0.260713685445411,0.206009525256762,2.2697186159929
20,"B_p100","gridge",42.7616132474754,3.88099862411163,2.32772067457122,6.12059940099367,1.88543059498336e-08,0.74981863446156,0.552409083908832,0,0.217344670747215,0.103605361821376,0.215634364254222,2.24958063706266
21,"B_p100","gridge",44.0787725956877,6.3157274123321,0.200771131057499,6.07876600053994,1.18533040716073e-07,0.402924755237374,0.196627866325772,0,0.902330409299326,0.844383560339853,0.193667264321596,2.30312482765271
22,"B_p100","gridge",63.2092558897048,13.3351480304759,1.91436850831523,6.09241843815591,0,0.0251997571853728,0.0028932969354889,0,0.281640875187046,0.149832644291773,0.212618035566968,2.23896191050498
23,"B_p100","gridge",47.0418191317789,6.58919948977454,2.59947338683062,6.05371768511469,0,0.366982142516852,0.159343989550853,0,0.189931438911449,0.091879263463818,0.193070083736051,2.49542984154516
24,"B_p100","gridge",39.6757857691628,3.69762126389368,0.184843841199853,6.0148145222505,4.51167092574423e-09,0.766884798571818,0.565529829970603,0,0.898527512207489,0.850031313698061,0.189193151318032,2.7065098000716
25,"B_p100","gridge",58.1566158306961,5.90217281445009,1.26890553767977,6.08021052829658,0,0.456376475054115,0.198736362026176,0,0.444461115063806,0.276658815058501,0.222417065631589,2.59274422496765
26,"B_p100","gridge",34.3015653828932,2.3617610887187,0.0686765367119881,5.9294591037901,2.43594552085113e-07,0.923044946602765,0.837403544029134,0,0.967719752759751,0.949124057203733,0.178448248599512,2.53424286355383
27,"B_p100","gridge",42.8617372734797,5.58728432684237,0.960554984600721,6.01474194662206,2.02787113767755e-08,0.490043969329203,0.263892983993193,0,0.52792068941823,0.379096279202533,0.210600696178068,2.47758772490144
28,"B_p100","gridge",46.720929755828,3.50265778732535,1.16156580605387,6.05239638586634,0,0.797350535419203,0.62936700791641,0,0.483295306643267,0.34394371798197,0.191848308381704,2.4493624023035
29,"B_p100","gridge",48.1647043282326,3.60328488610411,2.25559826016944,5.92512156707494,0,0.772603952116262,0.590751677492158,0,0.220153421492489,0.106045450262175,0.196741611240338,2.49921305207235
30,"B_p100","gridge",48.1694175350634,13.3387224951252,4.61641659373804,6.17279027887301,0,0.0271938323056125,0.0029127895156944,0,0.052517125473676,0.0132958620070228,0.18426481174711,2.60029091341515
31,"B_p100","gridge",46.4425866502442,5.68457259639507,3.0526065787021,6.09518046374968,0,0.487410524138494,0.272566688111358,0,0.148389182022044,0.0649009149158757,0.178919096474366,2.30185606222015
32,"B_p100","gridge",35.1005155768796,2.9182157495266,2.082117203359,6.07536692723458,2.23852780090184e-07,0.872734544182875,0.745724578757839,1.33452604522688e-09,0.269165096340075,0.149723360125178,0.191509236225011,2.44358084563267
33,"B_p100","gridge",26.7192553633563,4.06681141175817,1.60043313606626,6.18292251194351,3.38300766962174e-05,0.730059146513387,0.569212124024354,6.30153382807919e-08,0.362932281376101,0.241767189395725,0.173126222941081,2.19501114653725
34,"B_p100","gridge",49.7542439492581,3.36977327160419,1.4278347262384,5.92384428651813,0,0.80480968916938,0.638887670745766,0,0.380894389069158,0.245906020563924,0.210126182954401,2.53523752182863
35,"B_p100","gridge",35.0315726349526,2.3009436829732,0.398513872863027,5.93150863131991,1.55773768328871e-07,0.928569982256975,0.851708059598309,0,0.781073288645923,0.689234332038134,0.199096929001553,2.33961897669959
36,"B_p100","gridge",36.2932817874254,3.33005134383735,0.365135220242087,6.1130454558387,1.42933362701214e-07,0.824008699326535,0.663174131430383,3.26844518117042e-09,0.808849113920944,0.737150594947019,0.191931210742027,2.51808759769844
37,"B_p100","gridge",43.9593687460186,4.92863563745461,1.67929080067496,5.9256573295608,0,0.574275451730781,0.335199607038009,0,0.325477059583334,0.191457705828836,0.189020548657396,2.51972694451662
38,"B_p100","gridge",39.6671668575493,2.63180787178104,0.27085190683047,5.95842114408544,3.10609737930179e-09,0.89739919728949,0.780948660783976,0,0.855135853320713,0.786949416685938,0.204449258334536,2.47386043160606
39,"B_p100","gridge",43.6143501259147,5.44410088224501,0.410402125674671,5.96637881747443,1.24017573988056e-08,0.504414640348539,0.262170471665645,0,0.773950731461246,0.684213474179024,0.194284015312904,2.57070163540722
40,"B_p100","gridge",40.954760250232,3.58934104669899,2.06465521678932,5.98313611758362,1.20720846097377e-08,0.779555926241927,0.609490211784394,0,0.253663446600113,0.141585873835838,0.190129482085262,2.4446174323255
41,"B_p100","gridge",38.225729630706,3.71648223173563,0.721508275432784,5.93070171213046,1.5786998930345e-08,0.756938999298669,0.55979829384163,0,0.613443988981112,0.483154519034702,0.181521836739704,2.66813629965507
42,"B_p100","gridge",44.8431767918121,3.29631516530219,1.22409867599712,5.92862030552686,0,0.815083477868484,0.644158725550103,0,0.435101518202163,0.290574555910972,0.211323549728598,2.25642098908483
43,"B_p100","gridge",45.4273738852132,3.63769311117793,2.04817542725656,5.9435686416477,0,0.769270609436363,0.582353350180534,0,0.26106830821154,0.137621620209385,0.207572406123791,2.37372445914527
44,"B_p100","gridge",46.1524133109148,2.46540057784585,0.699682956226706,6.14191369030837,0,0.921211805021317,0.830641951025676,0,0.65388614100854,0.537070783229907,0.190380553214533,2.4977107266618
45,"B_p100","gridge",45.2483487366727,3.64405751441556,0.697820753061214,5.92230913032268,0,0.76584230756671,0.582211374315952,0,0.640231259321791,0.519630013326142,0.189404113645533,2.34563497295776
46,"B_p100","gridge",44.831726914387,8.55540550155091,0.0659883127739023,6.05128722232459,5.10595998814978e-09,0.184135586463237,0.0599993019344873,0,0.971621131126173,0.954531733784538,0.179478694033706,2.44742197609148
47,"B_p100","gridge",30.8860495127971,2.21504506181876,0.0678558395255186,5.94042964537473,1.85494138571496e-06,0.936180724861443,0.865560698925006,8.10179423549329e-09,0.968110708266803,0.950555310953777,0.165830199303293,2.35190553920008
48,"B_p100","gridge",40.9888675178575,3.7860427782431,1.06922837334766,5.97739739855172,0,0.750741794181242,0.552263379250941,0,0.487916718401343,0.356198669593134,0.198167206057954,2.3910505507657
49,"B_p100","gridge",42.2390051448012,4.19068207652672,1.88609361618149,6.08677534031555,0,0.702116670209566,0.496526064800413,0,0.282451594338905,0.161468732723901,0.195130635924192,2.44595802724289
50,"B_p100","gridge",45.3174020901841,2.60641132574093,0.164295760300894,6.0587871230776,2.07683814590354e-10,0.904688079028279,0.785092422452947,0,0.911384621499521,0.868253440993746,0.20554797073219,2.51845762116077
51,"B_p100","gridge",44.7099839054292,8.340262535945,2.35272718210478,5.87566337007285,0,0.181946308356743,0.0586000780465989,0,0.209288087917548,0.108126884264366,0.196343342688967,2.27078244097688
52,"B_p100","gridge",31.1150844642848,2.80034125879613,0.571160272309505,6.08036759695944,2.49028551246866e-06,0.885312661896107,0.762895447312958,1.86264736967701e-09,0.704469316929242,0.600445048262619,0.173333106408883,2.68537495384743
53,"B_p100","gridge",36.1298241042262,2.34586198847666,0.327076165285448,6.19702990821514,1.91699903506759e-07,0.933696663437594,0.852553601475957,0,0.825332744912554,0.750184137083961,0.193850588859867,2.56064453922615
54,"B_p100","gridge",55.3893994077361,7.00736076439474,3.21078480496072,5.90880279987173,0,0.302205413903517,0.108739440813474,0,0.116873787717015,0.0358595862553803,0.226094916339103,2.40289302912706
55,"B_p100","gridge",39.7025542051026,6.11534563598154,2.07500377152054,5.9583105407243,8.79355255278824e-10,0.41248087620373,0.187566302085876,0,0.255863618356345,0.141305270898664,0.199561746558554,2.55659604757725
56,"B_p100","gridge",37.7374002686114,4.59821633864193,0.170614007382058,6.14462980792133,6.21442987069898e-08,0.649222286063073,0.444550282266279,7.46893258352088e-09,0.918277257756517,0.878688504730885,0.167716816118201,2.40175718992891
57,"B_p100","gridge",47.1810570148743,8.15289817450773,1.46729421493832,5.99509898875258,0,0.208086522293049,0.0660680574687929,0,0.380298912175254,0.231355197269769,0.211273463388223,2.27121189405695
58,"B_p100","gridge",40.6235701784885,3.71245525043586,0.178587034659111,5.95279853693878,8.07662989266156e-08,0.759176951416477,0.562075305625032,0,0.900838363245262,0.851969606782405,0.219912119814414,2.49120049512787
59,"B_p100","gridge",40.9436010614601,2.89229979550068,0.265939639326527,6.02374320579762,2.33811184857657e-08,0.872818484230711,0.740159288027105,0,0.858452751688923,0.789251538537765,0.195747549857311,2.49238569566361
60,"B_p100","gridge",41.1979128564536,7.09594168362712,0.352718617751749,6.02886622364969,5.53041568651658e-08,0.307870996901767,0.135610096241128,0,0.803347165624582,0.726807137578583,0.18595207763697,2.55576230572706
61,"B_p100","gridge",57.6377174661277,6.06600544407514,1.86123655481208,5.87363900817914,0,0.407623416672755,0.19965079629785,0,0.293913989406125,0.163462904383874,0.196671081262664,2.43429679897711
62,"B_p100","gridge",42.0107879293155,3.55029348714631,1.01922341371866,5.98464567047867,0,0.785185824335654,0.600391652553866,0,0.517979296490568,0.380684638182692,0.193238508232728,2.35922054545504
63,"B_p100","gridge",35.5551620183035,2.9299313405498,0.475655141094345,5.9495945985457,1.17938877663981e-07,0.863102698912419,0.727979879721228,0,0.73120847037124,0.629984431868298,0.194898534648404,2.61106588577073
64,"B_p100","gridge",40.7057354622018,4.93742881785236,2.151128228246,5.85934464234839,0,0.564919910698041,0.342739161851746,0,0.238118227848466,0.129348701774995,0.18517336984655,2.4957809245063
65,"B_p100","gridge",46.0469262185609,7.80908623841331,2.03609578292417,6.04197529938278,0,0.24135761601017,0.0840639783968145,0,0.262018846349373,0.135343346205253,0.201118972275932,2.4430310768242
66,"B_p100","gridge",47.401762274007,3.35550948874349,0.714813708387536,6.0090275772639,0,0.813582592300316,0.641773867472596,0,0.631641288059714,0.500547378925033,0.218258463059014,2.40026394026139
67,"B_p100","gridge",32.7880808247308,1.88721789411536,0.494596291323155,6.10374142732975,1.00827958116056e-06,0.963658991122187,0.911692085655002,1.11237619115911e-09,0.733578038261688,0.634344234990375,0.197023151514281,2.70518566566733
68,"B_p100","gridge",50.2157872244154,5.81940398992327,1.64691185682987,6.17237560860391,0,0.479181815877488,0.258937203690906,0,0.35491206725103,0.221879334116271,0.213470344467059,2.27674044314533
69,"B_p100","gridge",47.385089610828,10.4722451832498,3.00703331652273,6.06625866456606,0,0.0867971863660117,0.0179006089062759,0,0.153407320097265,0.065030171278834,0.193966972491637,2.53307790100899
70,"B_p100","gridge",47.4459797769924,8.12802006940712,2.33507385926224,6.09614600463719,0,0.220731166102078,0.0809576157010539,0,0.216524644822185,0.105933187689371,0.188307293217689,2.53003111706779
71,"B_p100","gridge",39.8555018467233,6.36921542463368,2.26734271282502,6.0431491027916,1.03250746841255e-08,0.391478343275084,0.20241999762267,0,0.22240241499964,0.120676878472631,0.190704032094304,2.39387940711609
72,"B_p100","gridge",37.0873328715052,2.91236534581279,0.571824760571448,6.07859479760148,7.82608791105588e-08,0.872499224169552,0.752601473726914,0,0.6941592783877,0.594700592877835,0.194838185523084,2.44179598725718
73,"B_p100","gridge",50.193513917744,6.71978943174988,2.63729673085718,5.95217316550673,0,0.339033843174473,0.136081935898637,0,0.179440260343987,0.074212678380142,0.218140827363076,2.68973027298416
74,"B_p100","gridge",35.8903756254794,5.72827184991076,2.74353227803239,5.977685958716,1.06510516184599e-07,0.466325525481845,0.232865789467573,0,0.161913748169675,0.0665960195709536,0.190155769848181,2.67414411527172
75,"B_p100","gridge",33.1732212132277,2.86479775617001,0.427250252845615,6.06605441532903,6.98581802294207e-07,0.877460177540852,0.757047129866267,4.38388725321204e-09,0.763786851569608,0.677844734222375,0.186629816505665,2.38115428531285
76,"B_p100","gridge",49.8850555563876,4.61273880560485,0.687073062623408,5.92652290641076,0,0.621735127048842,0.378427398749256,0,0.647543459341974,0.511894587473557,0.202559750464064,2.39646736587957
77,"B_p100","gridge",44.3716163670462,13.7598065961421,4.44514280394709,6.03325836279233,0,0.0194934658347303,0.00255521345461829,0,0.0531221070746901,0.017039499036316,0.200688062142248,2.20407000048966
78,"B_p100","gridge",58.9363899666531,6.25661990102665,1.83409222377487,5.87730122798588,0,0.383987865361942,0.169979819219926,0,0.290890828157091,0.158980013582743,0.214057498677132,2.39282359407761
79,"B_p100","gridge",49.06870298857,6.03752769277209,0.0705369763545815,6.0727113237622,0,0.43745903656912,0.194951822948964,0,0.967645803888234,0.945325362334492,0.213749807395486,2.60186458544667
80,"B_p100","gridge",37.0423354097491,4.97884067061683,2.69823147916965,6.12318252496534,8.79507086049003e-08,0.590743464194884,0.368911106887829,3.49793127796261e-09,0.180426313573584,0.0780932126223201,0.191775445054621,2.39883011585328
81,"B_p100","gridge",43.9266144880209,6.20518219322723,2.34059537414667,5.98259372289019,0,0.404354421124455,0.187415330023716,0,0.218807191553148,0.105165399517401,0.19507548455801,2.57161191339462
82,"B_p100","gridge",46.8172602608958,5.70875100630398,0.190525777800768,6.32222550342016,0,0.512512311735601,0.285627382950579,0,0.902892916319539,0.854922678484942,0.196443526947091,2.51248723004803
83,"B_p100","gridge",48.548383425722,3.79056186319915,1.9586266759753,6.09148391484521,0,0.760550222512251,0.543141831267639,0,0.294359035787484,0.152860332594834,0.205121671564727,2.3848067840074
84,"B_p100","gridge",41.8993655815983,4.27645876725038,1.71506113004993,6.11075575142115,0,0.692949203990667,0.463712406043639,0,0.339187578603718,0.203593731686023,0.207343252595298,2.49826724574292
85,"B_p100","gridge",47.0891219830401,6.56579184576452,1.19854988677113,5.97740193553379,0,0.359830015415495,0.161114418209997,0,0.475122952433132,0.330388166011824,0.200172430554678,2.04964570772945
86,"B_p100","gridge",45.3327194323213,4.69911542791178,2.05130765713044,5.94572629235136,0,0.610846491997964,0.394604614240481,0,0.241115223854395,0.128021757342683,0.206618622720856,2.13225116577733
87,"B_p100","gridge",30.6826547578668,3.91244344704655,0.518895035677997,5.99929823096794,2.55610792188055e-06,0.734207824610633,0.536199603008091,2.41491271424366e-09,0.716529701905444,0.608308614124698,0.18259651343177,2.6166603039761
88,"B_p100","gridge",40.7670858935175,4.82705007908891,1.05223989060937,5.97768017941142,0,0.595605969634841,0.391063285489396,0,0.506793071321848,0.370170109483414,0.185888743390461,2.25392053506375
89,"B_p100","gridge",36.5616106210345,2.19544797465862,0.597264319264876,6.19568864483853,1.53098078992109e-07,0.945160459681708,0.870719682460021,4.27456081641964e-09,0.704487203324384,0.599855876789025,0.197851489150145,2.55797525643907
90,"B_p100","gridge",39.1835916490834,3.26194585357214,1.05974390436567,6.01093774754307,9.47763689751469e-09,0.825980013898132,0.662798433549447,0,0.509886781682587,0.37313951656548,0.195357452760909,2.72357207550255
91,"B_p100","gridge",47.5823829756866,7.39105656067648,1.91160723754443,6.04756060295093,0,0.280340448586716,0.0984882796729777,0,0.294265804308062,0.153386207920386,0.203276717161231,2.42737369187757
92,"B_p100","gridge",47.4735321077184,3.37688737078495,1.99227610578767,6.02400733387416,0,0.811780385795018,0.623425462705042,0,0.268807680190298,0.134612684347602,0.218531885014481,2.55845880816581
93,"B_p100","gridge",47.4300426193223,5.98312117186175,0.0715007046895825,5.9263290333923,0,0.425526628989977,0.231042076655521,0,0.968921070025161,0.948469170322409,0.183473734233096,2.32664819500489
94,"B_p100","gridge",44.3398396459376,8.27949463539871,4.28901688434626,6.20168402701096,0,0.219850093817143,0.0767500480936801,0,0.0635357197433852,0.0198606350391912,0.186144460905343,2.58143206352066
95,"B_p100","gridge",40.2611198263989,2.41200715470004,0.865320237953002,6.11753183238618,6.66687838268842e-09,0.925436170689271,0.839900909606917,0,0.575046772993189,0.442715707185919,0.20857459629197,2.17198855023497
96,"B_p100","gridge",53.748494807395,6.03512971730877,3.99723101660702,5.9115304970811,0,0.416570653689427,0.19489526945136,0,0.073221794589326,0.0162685064499521,0.223244952575204,2.28954695175958
97,"B_p100","gridge",51.8926567503507,3.47221509088528,0.819611622347006,6.0338885728135,0,0.799404418873604,0.633068519292233,0,0.585423674387885,0.450644852819444,0.200378973609419,2.40918112607661
98,"B_p100","gridge",44.1147636811576,3.21026426837793,0.721018954150949,5.87987149529673,0,0.822326806778526,0.640791846715233,0,0.622729218178856,0.483820137849218,0.205652610399296,2.7229228445646
99,"B_p100","gridge",40.6681464530436,1.9134588032988,0.76136579633692,6.02932510024049,0,0.9609452802654,0.900699679525893,0,0.614313427170357,0.475660727681768,0.219312386900416,2.70142173227764
100,"B_p100","gridge",52.3440356497224,3.09817557361905,2.10218797498904,6.05567771215569,0,0.849774728937756,0.696850110782592,0,0.241083166583906,0.123501180719044,0.213652761617295,2.27737889282365
101,"B_p100","gridge",47.819657211288,6.92580711759807,2.04201363865371,5.99720750713757,0,0.321943723139134,0.120245935564264,0,0.252559857575074,0.126016446287715,0.213958295523917,2.46737826282354
102,"B_p100","gridge",55.1376375965937,9.91141443385558,0.507683916285712,6.01551061397183,0,0.105604744323164,0.0274806697265397,0,0.729500069202107,0.64146856000208,0.17753336096424,2.38645283655453
103,"B_p100","gridge",49.0359708011362,7.58461483562464,1.25346483285225,5.79592353902536,0,0.233257043278309,0.0831273583892096,0,0.442132420059828,0.297107404684758,0.182203863549961,2.26421773932726
104,"B_p100","gridge",37.9720524944902,5.7420641005336,1.47758013419111,5.95073781158896,2.72338299689423e-08,0.460597176379386,0.247024011062355,2.71981015487199e-09,0.394114188641402,0.263448864098896,0.188957050243502,2.32341858909181
105,"B_p100","gridge",42.9799685078459,9.80355855352449,5.98589143579786,6.02859210708362,0,0.111243102685388,0.0240010693632614,0,0.0212983769572503,0.00422705766847675,0.185327163366804,2.42678058886691
106,"B_p100","gridge",45.1901998074093,5.00106826285544,1.58103613265952,6.07905608481921,0,0.582058981641103,0.347856057426739,0,0.342914411443482,0.199293524042167,0.200149269482899,2.40919630377836
107,"B_p100","gridge",46.0098202578095,2.39471562107309,0.192815257283141,5.97570382641406,0,0.921276340533616,0.817269286120708,0,0.894759487888208,0.840017128665371,0.207490748436372,2.52317832021267
108,"B_p100","gridge",42.8938731138856,2.35651063397909,0.800720328968235,5.99256422214199,4.80731371377274e-09,0.925459960712246,0.835631049815124,0,0.601751689522577,0.478316642657053,0.200063344937899,2.46050178561545
109,"B_p100","gridge",47.2751862424992,2.22719525963094,1.27854020095931,6.02416593697873,0,0.93776676389143,0.854851296352106,0,0.435516482146848,0.298673854128112,0.195249685618255,2.4069936639671
110,"B_p100","gridge",35.4695355536167,1.85784017568399,0.592770933019791,6.10044979984274,2.288248672766e-07,0.965346205037065,0.919277902625652,0,0.70554409200488,0.602689893202387,0.191976381112976,2.58524024121983
111,"B_p100","gridge",44.5971038088518,6.20257654283559,1.3167227348369,5.89543593207866,0,0.393109902447039,0.169686315859465,0,0.422783313678675,0.270045503144863,0.200106450606909,2.35544292422385
112,"B_p100","gridge",39.9445033489518,2.60501760223005,1.23654837449503,6.07632296947667,1.43721035072986e-10,0.905048603837143,0.807787906904843,0,0.442749345149283,0.306005797802285,0.192433759692443,2.33577026918279
113,"B_p100","gridge",51.419072461025,5.85518320738793,3.53359052918837,6.00860087305488,0,0.453129770307144,0.212888174932502,0,0.0968611120350567,0.026255309911233,0.226018262163416,2.40451767318882
114,"B_p100","gridge",47.4595354599773,2.6079871527697,0.31526950861747,5.88419947869242,0,0.896552776615637,0.782083891616671,0,0.823502524631773,0.750717213724048,0.184392105728217,2.44657091165273
115,"B_p100","gridge",51.3566820666914,3.60609200197839,0.292089875525129,6.10665614070686,0,0.786931265915831,0.581107801001002,0,0.840660026215463,0.76047919332898,0.223421826082969,2.41541657175919
116,"B_p100","gridge",37.6401907661308,4.30338793373821,0.12899387288207,6.05244363421021,4.5855187424948e-08,0.682367839260685,0.487153687543993,0,0.933380974245359,0.896611332550954,0.187563046662572,2.49728683997763
117,"B_p100","gridge",51.3562133662859,5.38329460474199,0.49784453481856,5.97570050853978,0,0.513870956710341,0.282691312876063,0,0.750409980258215,0.655875250570666,0.204102920406348,2.34397793886163
118,"B_p100","gridge",41.9850814194575,4.19091688108304,0.462671548175548,6.01065768624844,0,0.694305372628812,0.484351585608496,0,0.738843577968151,0.641288925782721,0.188854846942113,2.40491141363007
119,"B_p100","gridge",49.1762472850273,4.13480493822284,0.155387576760251,6.09169508939366,0,0.710932465354888,0.502041070559536,0,0.917711213291262,0.874176185974902,0.218768877552908,2.55240961078922
120,"B_p100","gridge",47.3770120514419,7.37837823909814,2.49350417316073,6.17362133600447,0,0.29660897548167,0.106860505240319,0,0.208435806435665,0.0933333548398222,0.195730460131665,2.48875599708112
121,"B_p100","gridge",43.0670826444218,5.32022336601679,0.186755052610301,6.21135571086785,0,0.552263200462421,0.334308885479728,0,0.900506367290368,0.854347978955713,0.185552803003444,2.27604202996593
122,"B_p100","gridge",44.5090341291456,1.82304185883629,1.13175872253892,6.0323839460328,1.92842007362692e-08,0.966049292110333,0.922051705611959,0,0.472909402458278,0.331168222361029,0.208411036578676,2.04385442254375
123,"B_p100","gridge",50.9075854890919,13.8880883527724,6.15992254115143,5.98314588975886,0,0.0175862688075902,0.00173301040018736,0,0.0200652085081883,0.0033791471950233,0.196618979169494,2.28464602454716
124,"B_p100","gridge",52.0064645065474,7.83633750665206,1.2355342528723,5.83208358633126,0,0.215765401384483,0.0665241386003375,0,0.455700597459346,0.316357071966879,0.196765448493451,2.37347089427839
125,"B_p100","gridge",41.6688473644768,6.58601752285332,0.389178059607624,6.06707583010427,0,0.369072899919731,0.15918461721236,0,0.789981079834674,0.703284940764564,0.199537087657509,2.51592062079585
126,"B_p100","gridge",51.0674846752827,7.54672340048191,2.31129414278655,6.01174282089695,0,0.26140148370872,0.0927307101843925,0,0.230345756497943,0.111881193078939,0.207841301279841,2.4646203655153
127,"B_p100","gridge",46.0570866017104,3.06104570581993,0.0689790362376274,6.13112613301288,0,0.858599180842079,0.722607919903828,0,0.970565114223006,0.950771165790645,0.185766156094564,2.25305335085766
128,"B_p100","gridge",50.7960498972817,7.02209650914472,0.89051133699915,6.00385916216564,0,0.312476516999938,0.12622049647707,0,0.552516355468534,0.40575381850024,0.211803913087175,2.31912454075625
129,"B_p100","gridge",44.5824057578026,5.91251722321769,2.04643085480374,5.9630268435012,0,0.439478394835206,0.233917669546675,0,0.251602736598936,0.134583877930126,0.216828356600217,2.36531704161491
130,"B_p100","gridge",38.8467654557753,4.20430152242138,0.457847723563568,5.94899228320113,1.25818004903522e-08,0.686392456335609,0.486108212677035,5.70528124743674e-09,0.757287790258252,0.658802654487311,0.195002557571563,2.39720597579939
131,"B_p100","gridge",41.6447852776343,4.79122551285908,2.59941105971729,6.121845952193,0,0.618420312729421,0.402669866540145,0,0.196623773298621,0.0951272548502643,0.171994589424424,2.60605429263336
132,"B_p100","gridge",37.2582327242819,1.37479092881881,0.280665716784,6.05971995323109,5.81284848033548e-08,0.986629879853041,0.96765509670895,0,0.847631477842432,0.780863778926603,0.211352906651889,2.21993317543643
133,"B_p100","gridge",49.7666972989272,2.74567212228803,0.865189241020134,5.99829117559716,0,0.886725968861543,0.748345882101995,0,0.56803005541622,0.436867149788805,0.223242150767133,2.36381262411049
134,"B_p100","gridge",44.776224402622,3.98044033125391,2.69251311024687,6.05767910255318,0,0.730575135826286,0.518453057438328,0,0.170953332879116,0.0708892762574139,0.205478962666829,2.35844456838011
135,"B_p100","gridge",45.258259389383,3.530378012305,0.0391159365600136,6.02771768995392,2.29693183362301e-08,0.791170026009452,0.602725748573719,0,0.986585839573477,0.976957066079714,0.203480033064338,2.65770539819555
136,"B_p100","gridge",42.4558704424436,3.25614671137642,1.31298820546759,5.89842978706511,4.83891160474315e-08,0.817936333719135,0.638166792741685,0,0.415311026734182,0.266793043504359,0.209061336911177,2.46493517666403
137,"B_p100","gridge",38.1504542112547,2.93725452138929,1.61358804766496,5.85473363878787,1.09324735930727e-08,0.857252983115792,0.716454465761896,0,0.338861449444807,0.195697667358592,0.197840882583897,2.36181006282219
138,"B_p100","gridge",61.0432900541985,10.4979582830596,1.75597955663049,6.06218509302095,0,0.0853621443130519,0.016888529584688,0,0.302275681391769,0.184755662441404,0.20306542618294,2.60443134562343
139,"B_p100","gridge",43.2351116813088,2.01995366487474,0.0133983582430608,5.98486252384113,3.08715220054268e-09,0.952113731903038,0.887974564353344,0,0.996553928558429,0.993821592180625,0.192832889499628,2.25586179737324
140,"B_p100","gridge",45.8672256755463,4.75153379552002,2.52382945662603,5.88908307701027,0,0.596156621942085,0.35529406183391,0,0.185935027281251,0.0888798004060295,0.185194484927876,2.72565004307148
141,"B_p100","gridge",47.7640131905838,6.7185411993163,0.706705023474234,5.9639833527411,0,0.340680041356592,0.144681952103454,0,0.643579327778211,0.515221457306602,0.191214473777437,2.30598278472026
142,"B_p100","gridge",49.5475247287693,3.23488575487649,1.48118158543817,5.95864512124472,0,0.825222249809745,0.667679689279034,0,0.36662501070332,0.231458047120045,0.208499525341949,2.26866380568502
143,"B_p100","gridge",37.0437973210449,4.96570674040082,0.706238013237418,5.8731178040704,3.01096061416928e-08,0.56203192818304,0.328270488101095,0,0.633541565725922,0.499064312456959,0.215544533885968,2.46896801650588
144,"B_p100","gridge",55.3579408039639,5.22732599369907,2.42624782896316,6.02391783305425,0,0.54283278171377,0.290976692078568,0,0.205187604412824,0.0875782606140008,0.206007654979295,2.3795983020929
145,"B_p100","gridge",50.3402783785981,4.65466811380449,1.71734708361699,5.9203129689983,0,0.614833001736312,0.344283427911621,0,0.314288770083578,0.16910465897594,0.207498181503833,2.58431255009674
146,"B_p100","gridge",43.2211845409,5.7948747070545,0.292305776451805,6.15311070718788,1.34373601134996e-09,0.479680517563881,0.260007112011978,2.93380431060086e-09,0.843411786586038,0.776356719109824,0.179405248032321,2.65301147814312
147,"B_p100","gridge",39.736355474265,7.34363538252192,1.11802805269272,6.02397217485674,5.35377664423464e-09,0.282320099633153,0.108497520563513,0,0.487236163739257,0.341840355989783,0.206296987333234,2.45633266905673
148,"B_p100","gridge",44.5121871585973,2.54677115718439,0.544410653022956,6.09067580577054,1.77890232544442e-08,0.911834728611703,0.817564953498398,0,0.709025101447159,0.608364924851164,0.20270744264459,2.31602806216829
149,"B_p100","gridge",35.0867069747624,5.14757444301676,0.514748231529042,6.0544243662257,2.4590521030543e-07,0.557723297992206,0.339612914067121,1.15509668496827e-09,0.726567616262616,0.628225224421951,0.177174029600014,2.59097012655478
150,"B_p100","gridge",40.0664044722702,5.09420539782939,1.52598680601796,6.08574588629294,2.91601820467946e-09,0.569483244920973,0.333558058437919,0,0.36587555026583,0.219340642700226,0.201919184651353,2.33249367059462
151,"B_p100","gridge",42.1618142046673,2.0519054252471,0.169578675320779,6.08512694641899,2.65639335528256e-08,0.952504759967663,0.893752072193367,0,0.909257090031538,0.866657516239586,0.200099967962855,2.25773540890249
152,"B_p100","gridge",50.0539424439985,10.4989841947775,0.529927002023926,6.14943609150355,0,0.0908356760476834,0.0187264806597125,0,0.714203557613342,0.594184491702551,0.205114408616902,2.50409255815435
153,"B_p100","gridge",39.553389088185,2.11647597785527,0.23428706580011,5.9227750633308,7.85297826766396e-10,0.943540898568957,0.871388337454802,0,0.868484372377963,0.811980509134295,0.174580359899517,2.55680470940057
154,"B_p100","gridge",52.1349262671692,5.36761000591046,2.56656903519916,6.09167726321741,0,0.53103740735089,0.301575320790113,0,0.184155708412157,0.0737388707206922,0.210917523553219,2.16652446907121
155,"B_p100","gridge",51.1209088610894,3.2813254172785,1.17366730317814,6.03636538798064,0,0.82492009983445,0.62835672036226,0,0.472967074394294,0.318549745920959,0.208916758761387,2.64393355408405
156,"B_p100","gridge",47.0568127025037,8.38610434410942,0.0619156519205044,6.06576106263619,0,0.197850417445793,0.0580798146774298,0,0.973312199268617,0.95372548219065,0.206266866827675,2.51564879449805
157,"B_p100","gridge",37.020345051721,3.51377478845799,1.0139023567014,6.03834651158061,6.22963673979626e-08,0.794099442396715,0.641385662101992,3.10950598603199e-10,0.523186333290045,0.400173306374622,0.205042504284029,2.0039386562387
158,"B_p100","gridge",45.9588166232472,2.94165810092803,0.10418513233583,5.95236822121285,0,0.862189383134695,0.705590218928769,0,0.947231892987221,0.916472894980685,0.198874112643802,2.55142014543611
159,"B_p100","gridge",39.7224771343487,6.00339456276938,3.28477635272452,6.20164722698521,2.12646247277348e-08,0.458405525674927,0.236864824341177,0,0.128425810205768,0.0475857070162439,0.194532591236544,2.50216550130783
160,"B_p100","gridge",39.355086220635,3.67639250355578,0.104730070654287,6.02979978264734,7.85304421491162e-09,0.770988267034244,0.59368683751823,0,0.947109442853099,0.918291698882729,0.204006727835035,2.29497358116602
161,"B_p100","gridge",59.8569591693688,3.9233036361868,1.31049213651766,6.01311779552757,0,0.734462274500211,0.500239505595787,0,0.446784382455219,0.281951306751203,0.207252426499033,2.61495278967758
162,"B_p100","gridge",59.4520789991106,13.5003110773805,5.84449540861483,6.06810990214032,0,0.0225794891939664,0.00259870731804013,0,0.0209986416243986,0.00280031616132981,0.201179631782525,2.32429521102553
163,"B_p100","gridge",51.5035007297332,4.29447826925279,1.02026742116079,6.02060103696315,0,0.679966436916142,0.442732674758553,0,0.5278676183413,0.38401013169412,0.210552386107332,2.46696665859214
164,"B_p100","gridge",48.6719525815169,2.8727336862813,0.0937802974627355,6.2091619933323,0,0.883901264893976,0.749198005064303,0,0.957789497824662,0.928303047785334,0.208607855373512,2.42937197934615
165,"B_p100","gridge",40.7170506537577,3.71707417898095,1.47404224790579,6.1034681227232,0,0.771133988093241,0.593064594137201,0,0.385994035025359,0.240164948475472,0.195291895436553,2.33472093067734
166,"B_p100","gridge",52.003460781083,4.9107590829997,0.68052931523032,6.04508549061238,0,0.591230147904308,0.320473298140473,0,0.648731564814616,0.502554609115712,0.218354842769924,2.65305816954158
167,"B_p100","gridge",45.0615343373055,8.96278231589318,4.61218216795282,6.01001333575892,0,0.153702273903161,0.0457247100192488,0,0.0490047275983829,0.012162496808157,0.198663504590643,2.22531051414477
168,"B_p100","gridge",42.9810824694251,5.96514919643913,2.61338640030413,6.18398802247208,0,0.461137709489885,0.24432702937467,0,0.20073327948112,0.0967604145928015,0.197898745587553,2.20589232141673
169,"B_p100","gridge",53.8074408419857,3.80978482750407,1.72401155930079,5.9600828294141,0,0.74576426945537,0.519904017780885,0,0.313519983286094,0.163970642945444,0.205256086240164,2.4568375747512
170,"B_p100","gridge",52.7686389096711,7.15835458083361,1.54441576283966,6.04969078123331,0,0.303804819626495,0.114454837798135,0,0.364843813620067,0.226570226344876,0.202412338423751,2.30560019089123
171,"B_p100","gridge",48.0872784082194,4.3641489595589,1.88977644965667,6.0243079797006,0,0.670386850601186,0.45094759877259,0,0.27741605522142,0.156874468669945,0.182851316747627,2.55323627327156
172,"B_p100","gridge",55.0166197194953,1.48060569456285,0.0507563631829591,6.04588562574412,0,0.982850817227105,0.950662528247587,0,0.980032860048858,0.963039070290452,0.227259588008322,2.43546554446315
173,"B_p100","gridge",40.3093981591933,2.44177780114667,0.640693378010547,6.15401461836724,6.76201916682828e-09,0.923775581516841,0.823420342075755,4.62368254794399e-10,0.681539936017485,0.55217316781916,0.208732986587063,2.72736619528473
174,"B_p100","gridge",56.4394060478656,9.47929477997528,0.754257903306506,5.9037984025989,0,0.11689529062485,0.0268854073460282,0,0.60490635516917,0.47083003299684,0.213203333750879,2.28720855188913
175,"B_p100","gridge",50.1148970643474,6.69548335613756,0.142944757017406,5.95201695325285,0,0.341671738334021,0.133834847274919,0,0.926197822441969,0.881451471184784,0.203032966577396,2.51365974576537
176,"B_p100","gridge",49.9980791181703,3.33289303211881,0.127627950084307,6.06809146409311,0,0.820376597960476,0.641497704336121,0,0.930849329976694,0.888968284643544,0.217605365364545,2.20872541332537
177,"B_p100","gridge",45.2722912117632,8.3374380395566,2.62207115209564,6.06159074022769,0,0.200638094094284,0.0651852483572845,0,0.180994001695152,0.0890961998786404,0.171751704539404,2.63777936512858
178,"B_p100","gridge",48.6699002670231,6.47510572947852,3.62825355353499,5.86752712432273,0,0.356307109574122,0.162247099889057,0,0.0751783686703906,0.0237804684159839,0.189538443992173,2.55048314267377
179,"B_p100","gridge",40.8749106460895,5.55332976548731,0.366016151637178,5.91164133953421,6.63019475433124e-08,0.481672625035256,0.270688155340296,0,0.786087334773962,0.703136204614864,0.197112378945509,2.1299081165841
180,"B_p100","gridge",37.2578600212445,6.64147025482301,0.0660819960163584,6.07669665871927,6.23456634096797e-08,0.363755845847855,0.18259789222417,2.33344521483048e-09,0.97334701407562,0.956931647408685,0.167743259895402,2.50823787520303
181,"B_p100","gridge",48.0668370939114,2.801685721567,0.461313573897626,5.91178119307909,0,0.876121599217966,0.740613769974415,0,0.744403520146155,0.638387230031153,0.21260710676693,2.15423090379825
182,"B_p100","gridge",37.7794898919084,1.19529970427796,0.0157544612412295,6.16991813138236,6.43094905106167e-08,0.992261115949578,0.978186892711561,0,0.996291937147488,0.993105873876326,0.204748118022796,2.59922408134268
183,"B_p100","gridge",39.1798447285509,4.67585356653362,0.0594850232439246,6.17655489888435,2.34572079538253e-08,0.640995905255854,0.449953552093833,0,0.975148732304247,0.961889762945129,0.182194664034081,2.35838125389839
184,"B_p100","gridge",50.157924190718,5.04549173616358,1.50173767539714,6.03704679833626,0,0.570485673025056,0.339535015966436,0,0.372329598340163,0.222888324807886,0.203658680179555,2.30412559324402
185,"B_p100","gridge",52.5622578868161,4.05637689118342,0.95453152493446,6.15428080905804,0,0.728664117698883,0.494314940741267,0,0.556777830956552,0.395890345383285,0.222574555544619,2.46663624019286
186,"B_p100","gridge",37.8333500619587,3.2435967415993,0.182316431629392,6.12619767605217,5.78419212526882e-08,0.835685127502976,0.650631003141149,2.20122431393577e-09,0.907960541085681,0.862041618591903,0.186723029836441,2.82278841771182
187,"B_p100","gridge",43.3169915071721,1.65600669001627,0.95169189847494,6.10963722636201,1.95061121699425e-08,0.975956543564307,0.937247456069147,0,0.553314262066025,0.400847099895031,0.217727903226024,2.35381525197499
188,"B_p100","gridge",48.8404577283437,4.02596741308605,2.56935152435746,6.26306924961177,0,0.742647809801625,0.54154240768413,0,0.205194326925941,0.100368098937934,0.214501838028174,2.3911034045196
189,"B_p100","gridge",50.3409092482564,6.639959868869,1.29055951659849,5.87861170481209,0,0.338620056269962,0.133640219842822,0,0.429468716940275,0.267012923572695,0.205464842934627,2.50992335525525
190,"B_p100","gridge",43.3739350856673,1.07390420873499,0.706573372632874,5.9726665472547,0,0.993980121182921,0.981505631310801,0,0.622686597716033,0.485676288086338,0.200477467703803,2.70559612488495
191,"B_p100","gridge",38.6853844233599,10.1244236928809,0.432364963168623,6.12888274759503,3.01188821660858e-08,0.104339788347701,0.0270796940842362,3.01201263930295e-09,0.769842561419836,0.690831178447158,0.176181915169765,2.389691472384
192,"B_p100","gridge",49.6103606962943,6.93839430537618,2.1836594162732,6.16860601552497,0,0.341583119333262,0.142433781533604,0,0.241535230251749,0.123500864985455,0.206690629716094,2.26807003062572
193,"B_p100","gridge",33.8269885105496,2.44617775849367,0.654116372184071,6.03284802950335,4.72252660088657e-07,0.918860286368192,0.843324760005922,3.73843223044901e-09,0.670327866511583,0.573689313499891,0.175236471451391,2.31550161497528
194,"B_p100","gridge",48.6629713130957,8.16857611716377,5.3285742135881,5.96738675980678,0,0.203749080618397,0.0564585356780799,0,0.0267407097894641,0.00373590405217872,0.20062086677071,2.50423192904042
195,"B_p100","gridge",51.6751983659808,8.41925444603554,0.185052651043597,5.89540272004468,0,0.178301412397845,0.0530682296222215,0,0.90285214750977,0.850415672966044,0.202004787153815,2.43349511843499
196,"B_p100","gridge",47.6766794718119,6.80735837006181,1.44349506608181,6.16965637015393,0,0.356606239476112,0.140871865351429,0,0.409474377878554,0.253393651785841,0.194935615658815,2.69707367970815
197,"B_p100","gridge",44.8540570492662,4.99738225428437,0.106738720715416,5.89105828395374,0,0.56008056126779,0.338866274602757,0,0.947613372027119,0.915803528963932,0.19751793211021,2.20075490995905
198,"B_p100","gridge",41.9962445591757,8.08217383448184,0.141508470911534,5.91030587636689,0,0.2046742572477,0.0731202441387701,0,0.926986872089882,0.889850015731643,0.198625074189716,2.2416436719233
199,"B_p100","gridge",42.3993252237566,3.99356781765376,0.276892915084724,6.11513288974897,4.03082238698005e-08,0.733634887701125,0.512741539765253,8.38910629852307e-09,0.848287902308796,0.780940328973122,0.195088601872329,2.62674867600296
200,"B_p100","gridge",46.1253781649026,4.2501937490556,2.10797768228686,6.04301660831558,0,0.689538806437654,0.453365596961757,0,0.271472489523661,0.137767560047459,0.220223489511319,2.44213445783331
201,"B_p100","gridge",57.676657883564,5.76962228106844,3.21833680788914,6.04383427329152,0,0.469078660635659,0.234062269079047,0,0.122246309918017,0.0478660640525321,0.209208138409348,2.39790774931846
202,"B_p100","gridge",43.1845556997479,4.93342418399054,2.62457328083508,5.97935396828551,0,0.57961148314266,0.31802172529364,0,0.164530018105604,0.0651542568522678,0.210904282738479,2.77678552630615
203,"B_p100","gridge",42.0731782258716,2.47094391710738,0.19455219998727,6.03216050585839,3.66804926432707e-08,0.916396276122076,0.823466432230073,0,0.891023841762104,0.837524941011545,0.209988627591125,2.19458131304877
204,"B_p100","gridge",48.8398156699874,5.15124046631793,0.298608917730002,5.91626327201982,0,0.539605822736327,0.286904099017303,0,0.823801845215981,0.74624705643529,0.200682405259683,2.5681234245235
205,"B_p100","gridge",38.5867610148897,4.05106886592962,1.29654744662076,6.24355762266983,5.10607680581643e-08,0.737186278027154,0.535602258314,3.27435845104418e-09,0.456629916411888,0.312424398014062,0.185928711189518,2.40624812670705
206,"B_p100","gridge",37.7600136807677,2.48579237506518,0.066102282934601,6.12437557762673,5.30191304193295e-08,0.918768347403029,0.822842144465885,0,0.971742538737915,0.954928695065533,0.199735804826464,2.23566765711132
207,"B_p100","gridge",31.3470566170584,3.77822643209902,1.46304093332946,5.95435495295078,1.45416626029515e-06,0.749987242975973,0.556588367523524,3.39350803013616e-09,0.382750945952455,0.254296561039291,0.192097034656797,2.31413634752682
208,"B_p100","gridge",50.2624628728808,8.97776289794234,0.889299555565577,6.15863703450977,0,0.16627296561254,0.0458620161884979,0,0.574718024942162,0.438320487823933,0.188679888775448,2.53150945541293
209,"B_p100","gridge",44.7768613391614,3.07847087752445,0.883300342874129,5.85790854801436,0,0.838528143122164,0.687910658642449,0,0.570621170309183,0.438957248520929,0.19947783381389,2.45470748828594
210,"B_p100","gridge",36.3035441089937,2.03082540681589,0.080305800095669,6.02548453449737,1.00243671585787e-07,0.952938518536601,0.899320095796672,3.52633777733757e-09,0.965780398392475,0.944359286750186,0.183226381864816,2.10355318160192
211,"B_p100","gridge",44.7004804987342,4.51459135408277,0.399573564855488,6.0153448794013,0,0.646412951714466,0.401841841801268,0,0.77924772907992,0.686374821100315,0.211237572340109,2.62883818735234
212,"B_p100","gridge",50.4459798469899,7.66066285668566,2.11951656171009,6.06325710535381,0,0.256989641895513,0.0998798060484286,0,0.248678222734439,0.136916996233383,0.187324581202944,2.26290711916929
213,"B_p100","gridge",35.6094684650689,3.18517230933327,0.22012451365684,6.16781987499195,2.66630257761413e-07,0.846213080350632,0.696884784632055,9.16979041587496e-08,0.887811988866453,0.826252036912211,0.202351996528426,2.36936334945348
214,"B_p100","gridge",45.9777181435359,3.87234079461553,0.455241849282168,5.95184885140839,0,0.735845933392152,0.530176815976129,0,0.745977918810608,0.649259863340701,0.201737016045057,2.56398749894943
215,"B_p100","gridge",41.3168328678892,5.43529972719988,1.49672406849727,6.06351861046974,0,0.517931803996479,0.303441903951806,0,0.361778057315954,0.237371881811278,0.198652406487607,2.41550252937479
216,"B_p100","gridge",44.6771567659582,2.90276629457053,0.384108235817511,5.88245957409767,0,0.862655739050814,0.723513530723414,0,0.787603924055669,0.692252314661246,0.196372988337593,2.57825442054034
217,"B_p100","gridge",54.7178738082609,4.135643325966,2.12725106673014,6.14962079348061,0,0.716568301518892,0.487426082439582,0,0.255545753918671,0.121960207320823,0.203917494558315,2.46837924903164
218,"B_p100","gridge",41.0961571616545,1.43187317639311,0.142413413992369,6.00787344865045,0,0.984419453134813,0.95706578991505,0,0.928751625359618,0.881261550132832,0.195190887399653,2.47222010003929
219,"B_p100","gridge",48.8793027816406,9.29156167016335,2.30922067644949,6.04556614670538,0,0.137872985544928,0.0407103745897138,0,0.226672511996841,0.123777208496419,0.196431654980601,2.4547655258531
220,"B_p100","gridge",34.4058709495042,4.48869503887261,1.03464762259661,5.96294838402837,2.67860339242532e-07,0.644408035860728,0.445383302442451,3.58546836665141e-09,0.521226896308397,0.398084392303076,0.182305489552841,2.38131317781701
221,"B_p100","gridge",41.8894879689625,1.8050932861918,0.253727749757475,6.19986637030827,0,0.970029491938627,0.921277613367925,0,0.856741924325194,0.785038829472327,0.191317880794482,2.68603521057197
222,"B_p100","gridge",42.9413439660061,6.58543076195486,1.2589044829036,5.95414363526225,0,0.354546841703066,0.147396579193123,0,0.431880279199951,0.283443647210112,0.211747424058557,2.64380656884977
223,"B_p100","gridge",54.151445393942,3.57689656915017,0.271412575511533,6.00536696721395,0,0.78308432000013,0.597651381369952,0,0.848284896932624,0.777950829287666,0.194123110296547,2.56713565297663
224,"B_p100","gridge",48.4433555237799,7.37368513517199,0.8301392844252,5.98272505592089,0,0.274509606805034,0.0930395735329572,0,0.570093653429111,0.423714584673075,0.207591716480475,2.56999402299161
225,"B_p100","gridge",51.8499141623755,3.01149884456516,0.54938146527996,6.06115696433893,0,0.859831830328465,0.705744558882995,0,0.710038188988787,0.585899055214227,0.217869428495636,2.33953162322878
226,"B_p100","gridge",48.769469723186,5.07714511887958,1.44901199539863,6.0927447631199,0,0.572972152596893,0.345867735215776,0,0.40045685464762,0.249768521113615,0.208426576989333,2.26728594489874
227,"B_p100","gridge",39.5458312875335,5.4828404674505,4.39945651451097,5.85664657974641,3.70051322917675e-10,0.483996463996958,0.256378942505549,0,0.049890089440252,0.0135538414130101,0.192810864839958,2.41595128560386
228,"B_p100","gridge",45.4885768591914,5.30641831322284,0.422528703753225,6.0605840636522,0,0.535992162216502,0.322728286032972,0,0.780667746196329,0.687661404304266,0.190194690665728,2.33653794591349
229,"B_p100","gridge",52.1284983327958,6.44772506503928,1.86883233043311,6.07069041130335,0,0.385844395906925,0.173718023594325,0,0.30548875056897,0.176827299521301,0.19545873115695,2.42840527784596
230,"B_p100","gridge",45.8832261252362,3.13132652700445,0.973098958765191,6.02633556965811,0,0.843040827604914,0.688056772554181,0,0.534810351839134,0.386266914148717,0.204979744151416,2.55985385365444
231,"B_p100","gridge",48.0899491828827,5.40220610974101,0.713934158966605,5.92000678454927,0,0.503490567224896,0.285371058534817,0,0.607298520525299,0.487651573752812,0.202668620405316,2.37311126635805
232,"B_p100","gridge",48.8803427339852,9.54583750415959,2.72715427281366,5.9811333031936,0,0.119677080838326,0.0225065351168707,0,0.165510393179432,0.0595786805269589,0.202316256586588,2.69827775910964
233,"B_p100","gridge",38.9697603767769,9.91139314417139,0.387581481154262,6.00990572701128,1.14311128340816e-08,0.105140836873048,0.0247990802506085,2.63179322779195e-09,0.784161450390409,0.700701018146386,0.189115859102953,2.39034143642036
234,"B_p100","gridge",52.6871266160895,3.59531650750594,0.190193221014991,6.14970435955363,0,0.792536522361296,0.597135375376284,0,0.90292233344361,0.846481355423665,0.200473516932924,2.52506597754156
235,"B_p100","gridge",48.3538754494955,6.2364958353493,0.599177604064175,6.02853215126427,0,0.406258497279219,0.179884125975659,0,0.690596476800753,0.561817619877261,0.194687414908218,2.64411354226827
236,"B_p100","gridge",40.080109260665,1.90678179953732,0.280387544112173,5.86233113136301,0,0.957783530393069,0.894156352269079,0,0.845329488738889,0.776226893271456,0.212405306161064,2.494629293581
237,"B_p100","gridge",39.0767062573177,3.87885903343476,0.216189612094958,5.95570029104736,5.07463082666249e-09,0.734867113047834,0.558935257139108,0,0.881339133226874,0.829191210448484,0.184498913948603,2.25260394920358
238,"B_p100","gridge",52.1086378108307,3.62420880349894,0.10087224713269,6.06365964336879,0,0.780826748035832,0.566820759632467,0,0.95082657891214,0.916365771677442,0.21127913031131,2.55897761554685
239,"B_p100","gridge",45.6668833749714,6.03725864627661,2.07037008816785,6.06887236216365,0,0.437051506189162,0.223816825255825,0,0.25695848452986,0.141277181457083,0.18330821763509,2.44185165247589
240,"B_p100","gridge",48.1390442942384,4.35910153533548,0.852340816819861,6.08856724995023,0,0.678312518884101,0.445934199399917,0,0.592448431334469,0.459157428606707,0.196874557214206,2.59800001263119
241,"B_p100","gridge",42.3121185458984,4.66131300070898,0.0621742414572803,5.98974695258407,0,0.622097111490135,0.410739727257296,0,0.976549256247927,0.960697001986728,0.174126846350667,2.50577301410745
242,"B_p100","gridge",35.439985391957,2.92228345055406,0.209379738248135,6.0889089693565,1.97123137146704e-07,0.872148159928306,0.75442350644502,0,0.883863451150745,0.83826957729359,0.191540833354849,2.25143414985211
243,"B_p100","gridge",42.7565475658206,3.137614894879,0.984301096609259,6.07372098874228,8.23384793680049e-09,0.845810227325032,0.701195840530891,0,0.546347470283272,0.406015360585592,0.209059939993171,2.29915803692972
244,"B_p100","gridge",35.5273490666574,3.22005143444993,0.22372415712068,6.03796308905614,1.7257661033554e-07,0.833240328666391,0.689183555426563,3.31174332401929e-09,0.882577289204822,0.832060138253273,0.174613377421276,2.60466755441605
245,"B_p100","gridge",49.2165615436741,3.29565994283154,0.254267083467215,5.98526784290181,0,0.819400344515129,0.65662688667453,0,0.855673030503648,0.786278293288732,0.201878342464931,2.32773974797901
246,"B_p100","gridge",39.1306968451724,6.66052560453606,0.404929032770879,5.98795911060758,8.47829539907252e-09,0.350313933162061,0.16297880574556,1.75670378244064e-09,0.775823836858149,0.691451577036492,0.176462537971299,2.60661710686357
247,"B_p100","gridge",42.2808826783933,3.10817652010959,0.00460426879925863,5.98067134803443,0,0.843372184719792,0.690556209375729,0,0.999325849558629,0.998683252420633,0.22006655734944,2.21848771293787
248,"B_p100","gridge",54.888850771296,5.79314412815204,0.617717517015161,5.98227018018983,0,0.457977320152525,0.233111892386561,0,0.685829155819336,0.557946451198702,0.211321561040395,2.48901548598945
249,"B_p100","gridge",43.2865052059824,4.2252339085347,1.06440999629326,5.98715136348746,5.812941905603e-09,0.686983570191107,0.469313799717663,0,0.510808828434704,0.372838725599994,0.188507436842406,2.44302417617723
250,"B_p100","gridge",46.2437633155847,2.98579814792498,0.594992896397006,5.99474265362736,1.98273863993847e-09,0.859659376768977,0.712914153988954,0,0.693420449146787,0.571456787946409,0.187012232733045,2.48296302891759
251,"B_p100","gridge",40.6060402167197,10.7635929122767,5.98768460018942,5.94716128479731,2.97744529587085e-08,0.0700157665333222,0.011379159868361,0,0.020371303441777,0.00316831561332409,0.18620412491562,2.74354880436633
252,"B_p100","gridge",50.0505438251092,7.65717425508824,3.34140930157342,5.99668319011455,0,0.249605388089896,0.0987628512935237,0,0.110464460297557,0.0386909630910727,0.214785031853639,2.18691758841204
253,"B_p100","gridge",38.7177543802076,4.62906546796716,1.35917529225399,6.07227722510829,2.14678080867614e-08,0.636302768004465,0.425386033130871,0,0.425063109804591,0.297782415152608,0.182183344656258,2.20504168303604
254,"B_p100","gridge",38.6914879672829,3.65944402822505,1.59811763923579,5.95067978543297,9.80884817813887e-09,0.76661292442622,0.589571341280547,0,0.348193425743062,0.224382516254363,0.211248225145204,2.19933650700361
255,"B_p100","gridge",52.3885955007918,4.86779856882986,0.407914015583736,5.9071807514696,0,0.581012797791608,0.321996666511605,0,0.78198044780823,0.683913213953059,0.206869184148698,2.70367679584653
256,"B_p100","gridge",43.805024300529,3.17490644775679,0.520565926670598,5.97608518378967,0,0.834420383113921,0.656312767085078,0,0.726237967275446,0.615481357167721,0.205968784919559,2.57922942741691
257,"B_p100","gridge",41.8650082192877,3.91110962436656,1.69010690724444,5.95186979987584,0,0.730195602065954,0.50747862929207,0,0.334077849285055,0.201276787395509,0.196919161372304,2.72994382244511
258,"B_p100","gridge",43.7774666429832,5.34535198102089,3.25128254977098,6.09578018852341,0,0.534643571384974,0.305689305570474,0,0.116577016928133,0.0431468541976164,0.195854011280722,2.48666734697133
259,"B_p100","gridge",47.0864936539231,7.55773203016288,0.00389812669294907,5.72024797497561,0,0.226624473534396,0.0711911513751913,0,0.999498228274651,0.998992581462093,0.193065362295788,2.612763382035
260,"B_p100","gridge",45.3229612044769,3.69500056700653,1.71203622942604,6.00006019934809,0,0.766030443507741,0.572028202953284,0,0.336998876073807,0.191851936257647,0.207400338904871,2.34776379718439
261,"B_p100","gridge",37.9249878058443,4.26349776879541,0.663982512003794,5.89527342881548,1.58181988618722e-08,0.671448237255321,0.447844784121385,0,0.661987883884232,0.541487163615486,0.198275277352831,2.46059329876325
262,"B_p100","gridge",47.9101293847147,4.9751948787547,0.243622111205612,6.00611999658569,0,0.577145931492612,0.343546781175075,0,0.868741055984751,0.802669580792329,0.204569477307403,2.30834516641125
263,"B_p100","gridge",44.1986952690109,1.01707012222112,0.297069678900066,5.86438839584052,0,0.994841953396351,0.985705914686557,0,0.838949405821839,0.767299103067754,0.206075800549468,2.50206912681196
264,"B_p100","gridge",51.2775156323656,2.60550339541379,1.24326956756024,6.04126746488038,0,0.903791379839756,0.7828939298128,0,0.470260519521202,0.315275105968478,0.213610318971975,2.26978251713413
265,"B_p100","gridge",43.0421748874594,3.57541142755015,1.20074594433842,6.02064345152174,0,0.784226042902001,0.608783968674727,0,0.449363018239451,0.305693347907699,0.205726401057757,2.27934712891097
266,"B_p100","gridge",39.1723756851377,4.00883058465778,0.65528190447028,5.96467532780583,6.17774686961781e-09,0.717048264917458,0.516961599216188,0,0.672753076825143,0.570785753021304,0.202114522905339,2.52293122714577
267,"B_p100","gridge",53.1070808945375,8.12259686373932,0.533194142783044,6.03396104597759,0,0.214623031332905,0.0632285951878624,0,0.714003974338795,0.592152386469036,0.232309172113352,2.30265240715415
268,"B_p100","gridge",57.7516351551862,3.83082778964811,0.438691195673827,5.98930336540882,0,0.745149532097451,0.513741367140266,0,0.759567308202603,0.657473785289376,0.210700797755118,2.71177283810816
269,"B_p100","gridge",48.8515137531802,3.56945670118822,0.00197838217122097,6.0566273531514,0,0.788405152205506,0.59882662338937,0,0.999822810133746,0.999670520465378,0.204201015646489,2.28217849198732
270,"B_p100","gridge",38.1552391790472,3.72722302286324,1.03198042503204,6.05519586079717,3.53356767179847e-08,0.766270378152931,0.581330803750811,3.56876639351356e-09,0.524098895694623,0.391360572713477,0.180541751066473,2.55937965894799
271,"B_p100","gridge",44.3222267627832,4.57983502858374,1.14853596206193,6.04948514393328,0,0.641097202516726,0.394275129006802,0,0.496901754992987,0.334206482039753,0.220186673896523,2.64892978039471
272,"B_p100","gridge",42.061077802345,11.0312796006309,2.3564126999833,5.97868419715931,2.84114053950013e-08,0.0640437462392767,0.0118587080447567,0,0.229031682848963,0.114616268113536,0.206438053527349,2.36010154910938
273,"B_p100","gridge",52.7052087573639,7.65708052101712,0.889643642629481,6.06790668937093,0,0.257737819821632,0.0851833145829065,0,0.570476694673903,0.42704575803989,0.208199641707509,2.18234149458124
274,"B_p100","gridge",44.0341878720685,3.22740892964971,0.981268909927151,5.97375807743195,1.07343461897003e-08,0.827380748313262,0.660129710104499,0,0.523179042996431,0.390639582746215,0.197713442326351,2.2515825001969
275,"B_p100","gridge",41.6721701500837,4.06735545849608,1.74436411565012,5.98759743055906,0,0.710438993679947,0.483958632808617,0,0.30351257003789,0.158067548997816,0.191357206616774,2.83439954611964
276,"B_p100","gridge",44.1015453849903,3.45431168692025,0.120351795169425,5.98325526750494,1.5414616305609e-08,0.797819301261242,0.610958060878195,0,0.941223569677142,0.909992874144962,0.187572895349685,2.60228253052431
277,"B_p100","gridge",35.0665526559459,0.430443060242635,0.1626689660932,5.93347120654524,1.56831070907693e-07,0.999800501733943,0.99926621269497,3.06096925584143e-10,0.912865648887386,0.859489278605054,0.200662563975803,2.46393435212862
278,"B_p100","gridge",36.3770217961723,4.62626139463725,1.83142008449149,6.09312582754521,1.16041360520569e-07,0.639241737007016,0.410180960956532,0,0.310583268256852,0.179812745915274,0.179775508010339,2.41074138992537
279,"B_p100","gridge",45.7270614392004,6.18928938729477,2.50423739800557,5.97443028907135,0,0.405330097916007,0.200507316292202,0,0.18868559039406,0.0844485813475715,0.200018545834521,2.25426516674562
280,"B_p100","gridge",37.2696620265917,9.80914227096157,5.38130892313095,5.97211175969198,4.72031123077699e-08,0.106824086416372,0.0257027480886001,3.62823260324774e-09,0.0297037435355759,0.00576695772154856,0.185624752099425,2.45095214302828
281,"B_p100","gridge",42.7276235005922,3.15297183748913,0.543179042822764,5.98506467699177,4.4043114155734e-08,0.837900534430708,0.674856872115316,0,0.711490240903571,0.60845065191909,0.178417136924747,2.53907310405205
282,"B_p100","gridge",48.7502373789411,5.0618742237317,0.358623119961797,6.03412755843959,0,0.567715226384719,0.324188143642903,0,0.796489503458421,0.712867833151704,0.210074434126951,2.43119856177694
283,"B_p100","gridge",48.6643512469686,4.05250172657123,0.697295000190116,6.06698465380784,0,0.72028576360049,0.521879040707628,0,0.656731861947138,0.528990025774069,0.213915198608588,2.46052652622272
284,"B_p100","gridge",42.844657457528,4.39247693599138,1.09583349178068,5.88618823579307,0,0.651047519724559,0.407964992498723,0,0.482697805803847,0.328891833586542,0.191033293140857,2.51534323573669
285,"B_p100","gridge",43.0222708344858,8.0158376906925,0.238822953997704,6.0598812482922,0,0.225863221955849,0.0798021497836185,0,0.87042047940144,0.810756214863257,0.188859180652055,2.31324395692517
286,"B_p100","gridge",56.8606320345446,15.5753220272575,0.670170828450094,6.0941192059791,0,0.00887290549859698,0.000883892188349278,0,0.649391054237586,0.541766426534662,0.183197662111474,2.13756202172961
287,"B_p100","gridge",49.1329134949483,12.4296891223243,0.126289898050806,6.11206814831744,0,0.0386648201237414,0.00494657222439043,0,0.941053490834041,0.90394059241835,0.210797721477995,2.3465502512286
288,"B_p100","gridge",38.5657183321791,6.91272688786967,3.81412131261004,5.98704718634311,1.69672540462074e-08,0.322004894599763,0.136942377505616,0,0.0844746335365119,0.0302692508653788,0.206695872518238,2.19312318458281
289,"B_p100","gridge",46.3050863314331,1.91425784621961,1.04302391339895,6.03921168431611,0,0.961054050306476,0.900154400546819,0,0.504467144264355,0.348679363615312,0.185536205721794,2.56940682624635
290,"B_p100","gridge",56.5706349687905,5.19616235827314,1.08096414561793,6.15559505288453,0,0.56344837852293,0.325470066895588,0,0.524691315807535,0.372121608597166,0.194409721773281,2.75283945328589
291,"B_p100","gridge",40.414636875237,3.18069404953478,0.321572597575197,6.00502895041063,1.48321965820486e-09,0.835772334055809,0.704192750180458,0,0.822050582251701,0.748178604370303,0.185504686708052,2.12014879813321
292,"B_p100","gridge",45.6411072504243,6.30006321865239,2.13121379030455,5.96401469906251,0,0.390124788909847,0.173825971364263,0,0.256091597888755,0.147493383527084,0.177427039611632,2.63634180226011
293,"B_p100","gridge",49.81056246522,4.25882798755482,2.43989575883367,6.15593545453887,0,0.699346377601966,0.483424485457098,0,0.227155808227624,0.113510742820252,0.208917991785782,2.36140574460423
294,"B_p100","gridge",54.7561190434455,9.29789184640933,4.23332882444061,6.08836044080777,0,0.14131247212937,0.0337950134924021,0,0.0633595011621996,0.0159914423849578,0.215391481160583,2.41974153306829
295,"B_p100","gridge",41.2661180089157,7.68642879669528,0.266860794396378,6.09217576557755,0,0.257984438388994,0.091473821894667,0,0.85261472406599,0.784344577211324,0.187943004553836,2.55245466514073
296,"B_p100","gridge",39.4228565293719,5.42722636207991,0.937533731497148,6.0730337868591,1.21409609032952e-08,0.520444304438589,0.309975966516941,0,0.549178292345755,0.418911833765603,0.191471604527527,2.2806288519763
297,"B_p100","gridge",38.7224274717505,7.68164208212947,0.875149044473097,5.83693314548137,3.36976935244593e-09,0.229294307413334,0.0821214215525055,0,0.563250745025517,0.432532439339832,0.172839796075306,2.40236353933454
298,"B_p100","gridge",43.7245876091348,3.47969223029334,0.570350293623875,5.91974610153738,4.95095110464305e-08,0.789197656955754,0.611318666624896,0,0.686334689403057,0.570390973448386,0.209303231852589,2.53063664876387
299,"B_p100","gridge",38.4077656171026,2.42745822748268,0.555669833242129,6.06740305643874,2.61375965315835e-08,0.922478769077258,0.842865592709214,0,0.714791707899161,0.6208387412939,0.181326561704696,2.41453440933
300,"B_p100","gridge",37.5555112878195,3.68618995688611,1.0242956099021,6.05632827161603,4.63767710900953e-08,0.772826326032551,0.581811215162827,0,0.522472112403797,0.375520035412993,0.193859963896709,2.48606065263284
1,"B_p100","firth",23.844819079265,11.9588869205439,7.61335883027536,5.85969132894252,0.000110104949600065,0.0396209653451531,0.00178715055461653,1.95406815173271e-06,0.00704517820738304,6.97980137325249e-05,4.06665473602081,5.5439648054
2,"B_p100","firth",20.1458488999161,7.30810985134942,2.01566922040018,5.99608724180562,0.000870474944782984,0.282407572121348,0.062470144883324,6.32698853005875e-05,0.264613339112273,0.0866009119275054,3.72125810882433,5.09097365362946
3,"B_p100","firth",16.7057582216635,3.84578996530522,2.15174642665602,5.90433406187168,0.00436299292178732,0.732389275077775,0.451342212979562,5.55703509226291e-05,0.245514083281353,0.0726715289119438,4.27424070794853,5.80313840442709
4,"B_p100","firth",18.9259202674061,7.96886778944524,1.44457743712,6.06312458155757,0.00172609190466833,0.230496515658644,0.0703083794181691,0.000343684283528045,0.403654954878702,0.212788165359027,3.30558866822346,4.42655190037737
5,"B_p100","firth",26.3037749456876,15.6732258345611,3.29021788432859,5.85507115230982,2.82816422341181e-05,0.0068008736199523,0.000151819149160071,0.000132286788032232,0.128879204386787,0.0235781300462408,3.33075619614496,4.50171094486481
6,"B_p100","firth",15.3638003747414,6.71147424923926,0.316755920577606,5.98804663848278,0.00880278703486381,0.344364966053418,0.163412800596586,0.00278592707730452,0.82737727620349,0.736753574438566,3.29092609507467,4.36945900262995
7,"B_p100","firth",19.4037799355255,5.84283603806564,0.988902713667445,6.17945425835947,0.00169775855146492,0.475207032323567,0.135340815571751,7.83849796468505e-05,0.537325195875552,0.259327062138309,4.37559356906197,6.03360829293976
8,"B_p100","firth",15.6979732417764,4.67133010255824,2.257847962057,5.9812339757326,0.00755453177018861,0.617929344222969,0.383294732959415,0.000184218987002716,0.237995294910191,0.0960445032375847,3.09465225763103,4.13061209515151
9,"B_p100","firth",21.1503392488505,9.10280095583519,1.93971798976153,6.03635417829843,0.000594493973414822,0.149405206656107,0.0181958860851821,0.000114463541610377,0.300633052768318,0.0969352121199079,3.8120964409603,5.2128167205455
10,"B_p100","firth",15.4163309647013,2.29955942288184,0.592203539464806,5.94861726694231,0.0084303141420814,0.928210480080863,0.789693133363991,0.000121650988239685,0.690063882896336,0.508299136002906,3.41204617194636,4.65934191670312
11,"B_p100","firth",13.1400872337259,4.80350752259761,0.372569042653936,5.89183111644912,0.0232091907276083,0.587123260429612,0.390995326205119,0.00460493151233754,0.803094463313315,0.713567843363369,2.57951002885791,3.40126644641953
12,"B_p100","firth",15.7624021071204,5.75369565657345,1.2492480143166,6.0745146610418,0.00825682826055907,0.474258286735911,0.220539615866459,0.000790788705187895,0.462298938641399,0.245999219138738,3.4976082042662,4.68971635331821
13,"B_p100","firth",13.799372565617,2.90465181707579,1.55555959480496,6.05393893094285,0.019909548577915,0.871398105290484,0.744484931840098,0.000319269514877041,0.369150833139545,0.207986296732944,3.43050384074487,4.57293704942904
14,"B_p100","firth",15.0538244924535,2.55377283285782,1.18534259544354,6.11180815405042,0.0118755317176875,0.911051647759851,0.776486175362855,0.000151361885490031,0.470336431951901,0.269318121237438,3.30744911156275,4.47564176329373
15,"B_p100","firth",15.1970469790764,5.81755984985643,3.79655692621234,6.03594475189094,0.0102473579988029,0.460842490759854,0.268836262650654,0.000267465665750755,0.0921572965100789,0.0268696201094119,3.04218480965463,4.02815315513424
16,"B_p100","firth",14.1489749386804,2.04687716741343,1.01970181170606,6.09074516663249,0.0179661954625681,0.952261597900489,0.867126635439918,0.000295557477380082,0.53473587150996,0.326845397868772,3.43967258096259,4.63985758944814
17,"B_p100","firth",21.4486377028976,9.23674934266323,1.28573802577515,5.9679641091872,0.000428075868730282,0.135690546589266,0.0248646518728943,0.000132444438179613,0.433602015402839,0.228280491676829,3.79619939009049,5.12533686374612
18,"B_p100","firth",23.3132131745576,11.0611688577201,8.81381429238155,5.95687913643717,0.000155309120645097,0.0629660106201257,0.00666239931320911,1.13241649168927e-06,0.00321318235392787,4.39071892546217e-05,3.64089309587368,4.91666378266334
19,"B_p100","firth",18.639306562044,6.00906717484245,1.4172999316896,5.95896405005975,0.00173218377126061,0.425435069839154,0.149391029608866,8.53110397391887e-05,0.398266897324408,0.19368025576152,3.16153569823229,4.29896813465962
20,"B_p100","firth",20.1743690764639,8.28758907229725,1.31271630544007,5.94359868252759,0.000794452176827276,0.193336905799412,0.0428328235459086,0.000202959417505588,0.441439818914089,0.247325470547708,3.05418798950456,4.11909643179542
21,"B_p100","firth",15.2837783634238,4.39491268774871,2.10100669582684,5.76547349150516,0.00724340193857098,0.633692451656211,0.371773387130191,0.000191030062353437,0.254673475142913,0.0906339970242894,3.25069172496493,4.37175616499021
22,"B_p100","firth",19.3647505763818,6.05617737458903,1.69813395287012,6.0862063650197,0.00146090506738705,0.435885607042529,0.168151623438018,8.21014128495889e-05,0.345297701098991,0.141110991484625,3.14477776120311,4.25854255318874
23,"B_p100","firth",25.6334123464083,13.727592879687,10.9423808190462,5.92654872110752,4.47276935818808e-05,0.0185360575962988,0.00116624818219946,5.26272378453818e-07,0.000994876940186629,9.79212752372227e-06,3.41420162372656,4.58331102750925
24,"B_p100","firth",21.3647489146887,7.88238680551238,2.0988614054989,5.73431605110211,0.00034276437926406,0.202619275094459,0.0232183775618424,4.15783265033109e-05,0.262180978299583,0.0627474375490267,4.70186471908336,6.48995111113708
25,"B_p100","firth",25.3831498891285,8.30862097382733,4.29155152077201,6.1400599420608,8.42060773078579e-05,0.2120267923949,0.015661275560784,5.35941467649792e-07,0.0589081607198508,0.0018501789362515,4.6591200897506,6.53035223791048
26,"B_p100","firth",17.6703300381246,5.38655799923374,1.81883759178347,5.9405849147126,0.00275275733755564,0.507634353671288,0.244776599876107,0.000128753464414544,0.313028522722366,0.133101176949825,3.65681009143979,4.92817565043085
27,"B_p100","firth",19.2100547350268,5.94106555778048,4.88260534404271,6.06927119065418,0.00158280218067142,0.448252858159492,0.160314633905301,1.62505336211982e-05,0.0481170621759037,0.00336946822586104,3.7769142003291,5.14751802465666
28,"B_p100","firth",21.7468149533282,10.2136511951569,5.20955920117273,6.07621179318572,0.000442011027011913,0.0982369593818886,0.0120084540902419,1.74162243787856e-05,0.0361057159726083,0.00197518373891636,3.85345565184039,5.22729980708902
29,"B_p100","firth",19.8742245138937,7.34430371123778,4.59876457552025,5.84776227778502,0.000801796653602693,0.261285067703579,0.0632636832015607,1.36017364437135e-05,0.0497991657953846,0.00435909816002367,3.53542638949239,4.78538434207817
30,"B_p100","firth",17.2793236829104,6.44686493221247,2.94140993820075,5.99984035143558,0.00369203702880794,0.376128081105105,0.15106548134262,0.000167231267508283,0.155473504328186,0.0438678428719066,3.35414531866953,4.4983124199762
31,"B_p100","firth",18.6076177542036,7.79920758766149,3.07179978858507,5.97298374223053,0.00177200501783281,0.23484738781791,0.077464614680973,0.000170355403888323,0.143245852072262,0.0428813006821787,3.00390795132489,4.00992073981333
32,"B_p100","firth",12.4676466226186,2.51962906345431,0.884432593619267,6.00976307178769,0.0357065626570959,0.909512879542598,0.796188496137543,0.000851999356633604,0.576958686569304,0.40573428928955,3.20837040644709,4.28755598397406
33,"B_p100","firth",12.4868991349722,4.64928561261416,0.0325063666689519,6.04679213856038,0.0361003510411663,0.629094557395214,0.469175857166963,0.00850593462040705,0.989616795410445,0.981902509468201,2.62682199374378,3.44568908256182
34,"B_p100","firth",13.7391100688241,1.83417145752026,0.424930215287162,6.11528279464604,0.0223437633572572,0.966209461438902,0.890384889716489,0.000469681177241887,0.780149806290878,0.625481525126622,3.64480575476579,4.96158628925845
35,"B_p100","firth",15.3256298686257,6.28069646011527,0.828477893924254,6.06351082845826,0.0101003391861623,0.404538363371031,0.185108989060786,0.0019938334908125,0.601827268227991,0.431049145959046,3.40919785714723,4.55602732482558
36,"B_p100","firth",15.7735772908116,7.32581739561416,3.48548404345014,6.03563262176178,0.00793274493419105,0.285308213760801,0.104457390264871,0.000804714610542989,0.116744062667115,0.0296786736189852,3.43034365298148,4.58240562876104
37,"B_p100","firth",16.6110927547043,3.75390375293751,2.27786089573059,5.9594370016773,0.00490604924526017,0.750735292665357,0.490825276227696,6.4652830549683e-05,0.238603732158219,0.0815057307313889,3.47974395123207,4.71944376874051
38,"B_p100","firth",19.455279589647,8.69211506505925,1.41600927782213,6.10291459539137,0.00144717409958561,0.18060905139444,0.044050981866401,0.000428146743600921,0.411692903443391,0.215811782493927,3.29043280254475,4.43047732855233
39,"B_p100","firth",16.4906780385766,5.05486355888868,2.381340090463,5.98019463099161,0.00509098678580877,0.561121009483614,0.29968236601216,0.00013509578213422,0.217431403554317,0.0786641372641901,3.32547780289076,4.48954279757162
40,"B_p100","firth",27.2276984892056,17.6976219932747,11.6817855510533,5.92441824939318,1.81844775751783e-05,0.00265531220970505,8.33663714361332e-05,1.30328348724174e-06,0.000572198752920805,5.51595085085399e-06,3.41491434348809,4.56817968988604
41,"B_p100","firth",13.517287347496,3.95382367869535,0.594323541843914,5.99448323210769,0.0216456118472242,0.726158180194109,0.49397088228454,0.00140820719113732,0.689561403766775,0.525098064548682,3.67488114709603,4.93313670360939
42,"B_p100","firth",16.5642858265886,5.33921729156684,4.49674899022989,6.05068734571,0.00547519457129375,0.528519085453945,0.237255735686353,3.67959671858653e-05,0.0537995412851257,0.00482315637647179,3.41989235377354,4.6268615470626
43,"B_p100","firth",19.9221375435023,10.2675604204039,2.20530657238376,5.95445501718373,0.000897473925351111,0.0881578758956634,0.0113579837608216,0.000543091749090729,0.242549369090321,0.0751073561317932,3.66747305192229,4.96247951203987
44,"B_p100","firth",14.3180049948583,2.75397162978948,0.336236932245299,6.07109864072329,0.0162683146416052,0.88844207955856,0.730569885440416,0.000462330825782731,0.819876299156915,0.688202288563007,3.77167967092828,5.10632881286339
45,"B_p100","firth",22.0335022550858,11.7201171516804,9.82917197309132,5.90039065549344,0.000280145091349659,0.0451023938755414,0.00546229654207209,3.46198024492317e-06,0.0021143129908765,2.83131337333042e-05,3.22961833321888,4.29880241537273
46,"B_p100","firth",14.1299140137328,3.77936325539695,0.852227859802827,5.80583846859342,0.0130932692485271,0.733870057155157,0.536416188800788,0.000706380454631228,0.580641406252148,0.418765622512232,3.24571737056011,4.31463233813908
47,"B_p100","firth",16.5566733158194,6.1485543530372,1.5710473833503,5.98755619133608,0.0050356031105836,0.41137023600835,0.211076876893229,0.000578298292005175,0.38104974953826,0.222357601440555,3.02010265824063,4.00574650958646
48,"B_p100","firth",17.3093221570367,5.63578586483694,0.374846377250694,6.03180299608248,0.00365505078182404,0.4850564296873,0.236616058003753,0.000517073593359285,0.797432253324451,0.674712048102929,3.20582101768514,4.29680089939136
49,"B_p100","firth",16.4419667399561,6.48723331926156,3.41540618379595,6.01217392362832,0.00548974066236507,0.373105711065952,0.155391068350535,0.000220612773608742,0.114523330131551,0.025726177408855,3.43221747485215,4.61308094689181
50,"B_p100","firth",17.1001375736337,3.81327407797748,2.00990305630335,5.92320791504882,0.00360079275865832,0.739571468790361,0.43476231700393,5.93711498730887e-05,0.276201841249414,0.0814726256057485,3.90581587601355,5.33742733963842
51,"B_p100","firth",13.9263177521784,3.65459955635111,0.303409681513152,5.90469355923252,0.0163242168656017,0.761121458757572,0.565290221908361,0.00140950099117476,0.837709203650523,0.74803073992772,2.92910962869915,3.89880150002965
52,"B_p100","firth",15.9341013656663,6.31455331653164,0.593293939913664,5.9427341746494,0.00653152661562162,0.384747249721063,0.164174633014036,0.00131660523600297,0.689255592748235,0.52636303387717,3.82989062564243,5.12635946213326
53,"B_p100","firth",16.2305279047248,5.00398731908587,2.63510014686102,5.98022501430627,0.00589836275805655,0.56805957962373,0.322732120364029,0.000135428049966579,0.188151479227042,0.0660288813579234,3.32134050885741,4.44683938823986
54,"B_p100","firth",17.8318208925607,4.70249693257275,0.255778407792322,5.95526625130318,0.002805477204747,0.607990821644886,0.215644447616702,0.000185209734714031,0.860719759791599,0.702014413272907,4.23664899740793,5.87021453616124
55,"B_p100","firth",24.7335411801619,11.6069553374891,6.10798863701057,6.079469999158,9.81217663754697e-05,0.0550799458710574,0.00347100801546352,3.24643195592778e-06,0.0197787378962762,0.000449048014132369,4.26382526606175,5.7938234359051
56,"B_p100","firth",16.4285815872167,6.99511932080638,1.18423017442701,6.12726694212829,0.00622916283423014,0.330542656869475,0.165093588906735,0.00151106436134629,0.482438312333671,0.334319204885035,2.93321760442993,3.87578120113513
57,"B_p100","firth",18.590733482714,6.23177010075139,2.05582275799826,5.72128212740362,0.00131511203607249,0.365167677054222,0.124220184874504,6.90271510246365e-05,0.265499199400101,0.0955834012718836,3.18599531084873,4.30862171284619
58,"B_p100","firth",23.4588994331337,10.3594597866654,3.13116823563997,5.93365618361392,0.000146841572866485,0.0839039719931073,0.00671424195027504,5.6001864341626e-05,0.142713490504554,0.024195003975241,3.89273083069348,5.30425294540395
59,"B_p100","firth",17.9813106059343,8.42934069620052,1.73906974362576,6.07752536795698,0.00277760415862804,0.196185677179984,0.0572939078744577,0.000558364798189048,0.326596556403062,0.153074784679391,3.40191252326486,4.54738318516497
60,"B_p100","firth",19.5381797017512,9.36082998148258,2.55773905141567,6.17779746098409,0.00153196007544876,0.146221065861702,0.0377283200639524,0.00039439986658163,0.211350770486765,0.0743488646539628,3.34603191645299,4.47317135355248
61,"B_p100","firth",25.4978268195185,14.2942399629042,5.19546359054694,5.91936539918286,4.5842850948774e-05,0.0139875606143054,0.000836686402929665,2.80807760676405e-05,0.0369740613714833,0.00342989131694904,3.43943122035129,4.62677367577181
62,"B_p100","firth",22.9561521817307,13.3396835125952,0.10445110183767,5.93609187216176,0.000164371688866072,0.0218095648472484,0.00210203294883748,0.00119646164152076,0.944066570169392,0.90208833505533,3.132644859364,4.19415647653405
63,"B_p100","firth",16.1724295902471,3.30915040885755,0.545050886606597,5.92174298810907,0.00586325092541518,0.810011135082021,0.546900237764739,0.000181494977371743,0.714838161133427,0.514766103065778,4.19727964984759,5.72075645261977
64,"B_p100","firth",15.9470111117299,5.13011543376576,0.835065228288239,5.85700811761467,0.0058319557411044,0.533647798359002,0.284262852585468,0.000511580516664334,0.589508308555763,0.40725626225738,3.48979538698516,4.66996006488157
65,"B_p100","firth",23.3698990144007,11.0918234317921,3.4154132803297,6.06679515749015,0.000193512206335233,0.0679556626033735,0.00564358559942657,2.78842990184547e-05,0.115358067976174,0.0170759642312327,3.79436420268525,5.16215700188039
66,"B_p100","firth",27.2938483246529,13.5957871764344,5.75630151231448,5.97646031498302,2.14149668429364e-05,0.0208873012166494,0.000713442546621867,2.89175492262927e-06,0.0254448583923752,0.000921920943059096,3.74064279737551,5.12655891294704
67,"B_p100","firth",19.9143066442859,8.11199650292186,0.995408895610794,5.97094400100931,0.000952975937601575,0.209404570580431,0.0531063057000926,0.00024087468077405,0.538453577598298,0.337746289197846,3.55674773929238,4.80470524799268
68,"B_p100","firth",14.6801608131708,2.95425557716179,0.14059224174818,5.92266952922593,0.0118476167149711,0.856464807696296,0.650247487260051,0.000615338518604736,0.928102676335703,0.858646935324446,3.55535899873989,4.82431342402893
69,"B_p100","firth",14.5023963368577,4.18341600889929,1.07281308549076,5.98504628441093,0.0135767166811758,0.691053314754237,0.456670290348425,0.0008507682922263,0.521146397971514,0.327472521114891,3.33434957889909,4.46259894310942
70,"B_p100","firth",18.5334425782612,8.7308784143844,0.1267654916944,6.01877873012448,0.00193919089415273,0.169757111137994,0.0493027711347066,0.00168402050710692,0.934860584801357,0.889017315793328,3.26294590496368,4.35112011118467
71,"B_p100","firth",14.1890587326031,5.81491872497425,2.3442048521749,6.12927830661005,0.0180364321555175,0.47351528824089,0.278900952683104,0.0013505096460692,0.234207391451358,0.109215391372051,2.91944760402011,3.86378804383352
72,"B_p100","firth",20.079041552357,9.8450199774695,1.07310241923041,6.11951297669994,0.00104460969172759,0.116732696627118,0.0284014614545621,0.000958611465555426,0.531927427176611,0.356499575105221,3.28688003673493,4.3808142968626
73,"B_p100","firth",15.009551004033,2.09827164843132,0.444490764939534,5.84614511970701,0.00912581543002511,0.941772016157368,0.829760118608052,0.00015836517665857,0.759613107773689,0.595183806311176,3.74882187429814,5.09684802101551
74,"B_p100","firth",20.9080312235313,7.78395810076435,1.6920404866329,6.12756984702721,0.000723805461337212,0.253408562476636,0.0639097195640137,9.09368510059183e-05,0.34595499408774,0.147706133962682,3.93151120948936,5.33197547925753
75,"B_p100","firth",14.9488692425731,5.59709001340082,1.98904411150297,5.97270578489838,0.0107997560696509,0.48244904932345,0.256499561400481,0.000758552562940551,0.28354599551994,0.133661302050803,3.10991905083775,4.14408341840112
76,"B_p100","firth",13.5272557395346,3.44345729416118,0.550254388251987,5.84903813620937,0.0189288816604118,0.785563169640749,0.575107347182855,0.0010983332417267,0.712964828251915,0.568822078404546,3.0613203046529,4.1013412257857
77,"B_p100","firth",13.5980455095756,4.85016791015206,2.14908479162157,5.93440574318357,0.0194243429809131,0.585772381651534,0.356208288209246,0.000980225600811346,0.25693716130156,0.114084537176488,3.15564649734629,4.21163029834241
78,"B_p100","firth",19.6090980914478,6.61520957142637,0.787532704948202,5.99323494897511,0.00119757011305066,0.355257387913469,0.0867102279457633,0.000123711437269747,0.609065269426513,0.36530415530484,3.78054181892357,5.19191832815354
79,"B_p100","firth",29.1616754751629,17.4838693367015,10.4625912021036,5.87756137771826,7.28472083821874e-06,0.00298791673075571,1.15537965101886e-05,8.28076993530935e-07,0.00111315390258038,1.90570182434513e-06,4.26375720743877,5.85870306266335
80,"B_p100","firth",12.3339054235817,2.51134429842662,0.745676105650851,5.95098862926722,0.0357294552194648,0.908063594660234,0.807240324912136,0.00143459546763269,0.638058550308341,0.485806159724456,2.95087172297524,3.91592343695399
81,"B_p100","firth",20.8826522025897,8.1408459567236,5.33584763979534,5.9031905195198,0.000532024474095505,0.200135554853532,0.0315906065195651,1.14816546112895e-05,0.0335932718851839,0.0013695955772397,4.21886650472785,5.76298371018708
82,"B_p100","firth",16.65513942257,5.07390736034287,0.683495138526874,5.96921668659964,0.00468545677447174,0.556629958245223,0.308534707745769,0.000414649274746437,0.652866044498079,0.486809577491305,3.23454065121893,4.33382112615219
83,"B_p100","firth",17.0335562307509,4.71430043747649,1.07988909728427,6.02753457152866,0.00429379079469483,0.616314266199496,0.304907054308048,0.000166505081396151,0.508052777182937,0.284084931800208,3.49551622975076,4.78799293001269
84,"B_p100","firth",17.9172235806275,5.66093061605717,2.67621529734684,6.10908972960178,0.00308344196947774,0.491156765996281,0.199808082191145,6.34067468670008e-05,0.176365010987927,0.0395727237421486,3.76840694511527,5.10835287376429
85,"B_p100","firth",12.306439305855,3.75703970685111,0.0556923758935283,5.98250683550218,0.0368882882970182,0.754175626025491,0.560407708837651,0.00430211007784242,0.976807345241738,0.956452838971798,2.65857031781726,3.53925350082157
86,"B_p100","firth",20.710938763346,12.4396266827703,4.27229659308643,5.99486163554205,0.000625441254534453,0.0353425400698905,0.00613296874590508,0.000341726059388203,0.0670779149963583,0.0180333591181487,2.56278200351364,3.39977493955728
87,"B_p100","firth",19.5225493320483,9.64511969967877,2.57767960543486,6.05837103777818,0.00126625636240263,0.121628245397863,0.0265980028868509,0.000263999493749667,0.190120283620802,0.0656916543256751,3.67929025569223,4.91537582063043
88,"B_p100","firth",15.3509739123943,5.53075088759622,3.66602417885576,5.97133226694038,0.00879286250465361,0.491735051747375,0.276806822774874,0.000174777058526088,0.0964905518172443,0.0238162159444184,2.88760278064633,3.84948941611237
89,"B_p100","firth",22.0909379860996,11.3053359128452,7.7780271074297,5.86870819449618,0.000255761522504727,0.052842852665904,0.00660475725578968,9.86910815592434e-06,0.00838171793675002,0.000365742699553362,3.38228309904765,4.52726050912162
90,"B_p100","firth",24.0898097062433,12.7095679839444,6.93724705812229,5.94343887406933,0.000101675387894629,0.0299859811712812,0.00184833974319543,6.05459914293505e-06,0.011928725114182,0.000416529791365527,3.99308420250006,5.39327976347201
91,"B_p100","firth",15.9273560754359,4.20869569433575,2.21770966685439,6.03980296440585,0.00735386312706754,0.693020614230913,0.425185660395168,0.00012341170988639,0.240039998924884,0.0840258183219765,3.18852606274916,4.32088659806861
92,"B_p100","firth",18.9191868826858,5.36850307218408,3.99310332292753,5.96494899485399,0.00160550581688046,0.512412961841343,0.179969943039018,1.20010056290365e-05,0.0762451370220274,0.00673825770536629,3.84340352795829,5.25906575045364
93,"B_p100","firth",11.3415424673193,2.57402834730848,0.540570351369406,6.0609474568871,0.0601202930641349,0.907259591511729,0.819861686754646,0.00359668524862289,0.73058428055515,0.609186373911539,2.92000283677898,3.85484268584749
94,"B_p100","firth",17.7393457636923,7.72985949276978,1.92267866959505,5.91723171259245,0.00259271668960848,0.234585920939593,0.0652756985320315,0.000547493656003373,0.295775626791974,0.122498390150046,3.83942400605213,5.1643464838016
95,"B_p100","firth",12.2693654694123,1.95472684158101,0.43824010725722,6.09552719048918,0.0415127371829147,0.95885860463411,0.897828132187365,0.00119136729603531,0.765071268219244,0.633976465732343,2.88642844183433,3.86516650907302
96,"B_p100","firth",18.3807234113707,5.95798741291367,4.45630376313647,5.90544472294398,0.00187140087111359,0.424644911875817,0.155250196404624,1.16462171956266e-05,0.0527306178624599,0.00535482376442198,3.25008178992686,4.42919726661949
97,"B_p100","firth",12.3074009179239,2.74051363992838,0.551994925360378,5.94327707074897,0.0358943216841831,0.883426864374315,0.729456191307059,0.00186399876998544,0.712024712470387,0.543406950065267,3.55549994222868,4.77250565501762
98,"B_p100","firth",18.2463918393611,6.51981301541928,2.4151226198003,5.8971043071049,0.00218991994916728,0.353535255263122,0.08091120153822,0.000128715538830648,0.214093503877168,0.0442592214902906,4.39930831535299,6.00010632494715
99,"B_p100","firth",23.264571173165,8.55734063185478,1.07536055550175,5.96867988690708,0.000188097129135922,0.177178895417246,0.0172585630298313,4.3042217810374e-05,0.509326726931808,0.237836098625625,4.52008704937049,6.24715919169345
100,"B_p100","firth",13.8466118884072,2.41947879217876,0.408873987167902,5.97318486813126,0.018527781553314,0.917519158217219,0.781217442172515,0.000411496150407809,0.772057724581146,0.61747792062323,3.24036360875371,4.38729548438961
101,"B_p100","firth",15.5754885561969,3.90495936120899,0.369932159823157,5.89842358724329,0.00751205716593706,0.722838908465983,0.413370403024495,0.000306283790228901,0.794306444713958,0.624390981719276,3.88266492651846,5.2822607886158
102,"B_p100","firth",16.8257720549072,8.83229104828704,0.244439999140581,5.88813879060922,0.00382435187037411,0.151515962434401,0.0522183354329916,0.00627605255173425,0.871573412804088,0.809476774553788,2.8287526018025,3.73040159326129
103,"B_p100","firth",13.3451605670992,3.75864967335506,0.120885307552411,6.01591634238186,0.0238308928291724,0.75671879354776,0.564537149900717,0.00221018893540548,0.938167494989783,0.895315102128637,2.98807974527399,3.97272875590166
104,"B_p100","firth",9.3852376023142,0.340186768442623,0.0425020832713883,6.04961880090956,0.134165096488159,0.999925364009877,0.99973895926062,0.00379119705837039,0.984525682628634,0.969654453426739,3.14148901852461,4.19236853968981
105,"B_p100","firth",23.5228872733238,13.3714542505004,4.35787589822496,5.77612186342393,0.000104766183944838,0.0187932649073062,0.00110722499417437,0.000129064726892336,0.0671828739028667,0.00845240019749238,3.34834273579355,4.4883352293261
106,"B_p100","firth",22.6997723561628,11.3420364615133,0.258696625837981,6.01306912419705,0.0002393396631023,0.0584596874173035,0.0065679648198016,0.00072938602529149,0.859647903932637,0.76609731921662,3.25491548481966,4.39092155229092
107,"B_p100","firth",20.2551754747647,8.64634396326683,1.29266756017759,6.05618560335849,0.000879278040327724,0.179016378138938,0.0309422251657717,0.000189912705836792,0.437944208666451,0.214399333629197,3.73048349271782,5.07461166198348
108,"B_p100","firth",13.3831325077579,1.73761556997333,1.10497961159496,5.86221908077729,0.0201143993677261,0.967493353345448,0.909546292000742,0.000375034849274036,0.508523599577186,0.308225199276826,3.40519897700188,4.58380087059701
109,"B_p100","firth",19.8536659501295,7.84552503951488,3.46399108457832,6.06761993418543,0.00108176026669704,0.241362414447525,0.0751140766382916,6.46367891365962e-05,0.119444286814928,0.0296670885351534,3.17294718030732,4.27870576126143
110,"B_p100","firth",18.8801963861977,7.92455901176768,0.329875109525728,5.78862822732123,0.00119160790602935,0.204481220845415,0.0540602797101152,0.000662942675505152,0.819746597486771,0.702876815818776,3.67053031799744,4.91010766586805
111,"B_p100","firth",22.8540641579674,11.7654478083815,3.56871226804736,5.90220193080392,0.000168735979543699,0.0437876264378592,0.00488072762071057,7.39578590361889e-05,0.0968975868302235,0.0203868233376399,3.17773484481035,4.2633342994836
112,"B_p100","firth",15.1545629323554,4.40004381851008,1.45193529553833,5.94604353847284,0.0094450128448933,0.654550309644183,0.424590904804137,0.000412718864200134,0.401525082373226,0.214536020582172,3.32250574668501,4.43465362751395
113,"B_p100","firth",17.0444596553387,1.71754450313005,1.04784907431598,5.98766069567363,0.00449956564188181,0.969818084700401,0.831999878191652,2.15872970054098e-05,0.504990275764632,0.211902452890683,4.16216342776874,5.82284262305574
114,"B_p100","firth",17.5932735926296,7.33093639112203,0.462902258715196,6.03600511220256,0.00322718841039149,0.284925031778296,0.106776909834796,0.00105466573243818,0.750948679350196,0.624945675765727,3.14226874412013,4.19951159974292
115,"B_p100","firth",15.8918921946456,3.07487628710078,0.431027119932021,6.02078970356953,0.00753586135939255,0.847477979318796,0.576873182664234,0.000233185380365764,0.772380407219571,0.587928096274837,3.96548893976192,5.47079059133022
116,"B_p100","firth",17.9180250387648,5.80640968226233,0.407941964901617,5.99207259760001,0.00254806876881031,0.456758975444957,0.212452824911505,0.000288542569650829,0.777807008844526,0.63937830897082,3.66138448681915,4.92544686128052
117,"B_p100","firth",23.0289418868786,11.7397111096746,1.37007004655902,5.87385413029553,0.000156724897351745,0.0437080516835137,0.00526257036198696,0.000255877371526769,0.415408329216953,0.240385346599166,3.00768361478227,4.02861463786759
118,"B_p100","firth",14.0854965492755,4.00725793054318,0.824597794338621,5.90731745814855,0.0154075056881924,0.708595466530785,0.456598141670007,0.000682775412140568,0.594378628277971,0.396644947068968,3.58422235501192,4.80830696139477
119,"B_p100","firth",15.6250176750127,2.82511641610139,1.18173638316703,5.97558060724164,0.00811048591752728,0.87455013768985,0.640614557511049,0.000117594825320255,0.468179122565601,0.221396773654041,4.44389323479855,6.08322810084197
120,"B_p100","firth",15.0282813662726,4.36825786886042,0.689425431027725,6.09259589194504,0.0121863173143295,0.674322673423667,0.35583113036454,0.000546361721280975,0.649348803275983,0.430251175274963,3.7086683109149,5.07358539078561
121,"B_p100","firth",13.7107575115117,4.68431744961722,0.239626637809771,5.94037272595244,0.0182988560486697,0.612022073819553,0.411192195072393,0.00264085029323313,0.868753260738257,0.792215759808532,3.01412953798547,3.99102825978664
122,"B_p100","firth",14.8720024023477,4.94030033357413,2.69404592219181,6.01100317428756,0.0116287914671295,0.581577077402328,0.371543900450964,0.000306376366204897,0.180702203673878,0.070221485396577,2.4544835325961,3.24838201542943
123,"B_p100","firth",17.136083841067,8.04520092504632,1.73880375002191,5.78299159770599,0.00272946324634005,0.19426805494613,0.0623979567733687,0.000691149697771842,0.312290930869632,0.154990232750901,2.9278585226241,3.90936389448117
124,"B_p100","firth",18.8140718541592,7.92254223188105,3.32291044676489,5.99102151844043,0.00168661778610568,0.226568722074839,0.0603167613069959,0.000102057782085718,0.121329679370451,0.0283984116663933,3.21577669646377,4.31753583599211
125,"B_p100","firth",19.2245881771037,6.94080017679785,1.47683463037094,5.76423301768947,0.000972690770035145,0.290907379801676,0.0653231200056857,0.000114691141473111,0.378414522556928,0.153566029111839,3.96735909107459,5.39583482681183
126,"B_p100","firth",15.6591825660311,2.4239125595619,0.399022710266983,6.01493143513972,0.00856735181304136,0.918179972489652,0.723224168551539,0.000265358632078549,0.795886359355044,0.595749876505442,4.02625695845389,5.53841197423236
127,"B_p100","firth",17.7038862954347,7.23071362024456,2.50858910218834,5.96068575869694,0.00268648973356145,0.285712770178854,0.118195028886682,0.000226965051343786,0.202032805142268,0.0811890125511933,2.86633721732863,3.81792505367599
128,"B_p100","firth",11.2850898721552,1.09461071953925,0.416387818208929,5.90809486775425,0.0551480567596582,0.993161539986928,0.970726904014021,0.00102366887537042,0.779294671219572,0.59366485351661,3.76858372930144,5.12263807925334
129,"B_p100","firth",13.2581462610744,1.68497497964077,0.392263790405953,6.03408320434144,0.0254449654421534,0.973123061905573,0.913713325705239,0.000372858127467013,0.787459801451397,0.635859107832735,3.77031899275099,5.1116147745947
130,"B_p100","firth",15.6533659993858,3.06980214934752,1.28966118497989,5.94227032487567,0.00760704203867169,0.843443654816804,0.621675665598816,9.03638333002998e-05,0.43443586136825,0.198731035736356,3.94085280428018,5.35236699436483
131,"B_p100","firth",19.1132546127319,8.830518802615,3.04118867718047,5.86988318117093,0.00121519319436147,0.150383121376993,0.036743141431901,0.000172903482695497,0.142730391894482,0.0374258973009379,3.46748073349751,4.63535550233747
132,"B_p100","firth",19.9631478423001,10.2676620568654,1.27878446964769,6.00531617611011,0.000975286676998088,0.0916293518735976,0.0148871776110953,0.00100112413515263,0.452219731428222,0.236329750256058,3.32300295952931,4.4579995501719
133,"B_p100","firth",28.3392991166338,13.9885742852872,8.61457386821138,5.80900225765045,9.39009727307649e-06,0.0147848737203102,0.000210134663407913,4.48866369517908e-07,0.00341953509373671,2.72799192466699e-05,3.83465186421508,5.26925667238751
134,"B_p100","firth",13.7981936225398,1.77053229049801,0.0407598590202948,5.816949765757,0.0165126374104172,0.964047077014519,0.887313935164328,0.000577290679475317,0.985408849321162,0.96742300757017,3.38352048398121,4.56873980141429
135,"B_p100","firth",18.3382985654278,5.60756215760615,1.28032183119841,5.99881123534252,0.00220474324056386,0.483849069845262,0.19549656473553,9.84022519717742e-05,0.441210918820968,0.22145260930529,3.74184069772343,5.07615191238176
136,"B_p100","firth",19.1283924911365,8.07337132402883,2.93770721374446,6.04451899891946,0.00162334253296603,0.220209495439807,0.0451107519906825,0.000139298001833321,0.159525075353127,0.0315934562006828,3.56881915683286,4.8435760280801
137,"B_p100","firth",22.4650441192526,10.8774603757107,3.66410048448003,5.99733261964544,0.000283359589163701,0.0708890697551288,0.0058521193098966,6.23852454351148e-05,0.100766927688976,0.011801171334733,3.6516343635984,4.96090367891802
138,"B_p100","firth",18.7612893585286,5.05909276926963,2.13177437502407,6.01419621388196,0.00180998411754174,0.563796927877091,0.24164656389829,2.85309264135281e-05,0.257502504898957,0.0729612123747213,4.11946957328624,5.62611739226497
139,"B_p100","firth",23.4685982401273,12.8845145163068,0.172287758606347,6.0844916435345,0.000184381693784319,0.0316432331317191,0.00298181793908436,0.00113804987083199,0.910323521903723,0.845516004429275,3.09329802839465,4.1336795218985
140,"B_p100","firth",19.0592804998161,7.43043060113612,2.08393643996839,5.97407326909476,0.00149661979245874,0.268120959683306,0.0614566432231933,0.000160240545657775,0.267496458452142,0.0869822736930366,3.95325210472568,5.38776680944801
141,"B_p100","firth",18.7474455048417,8.491373151181,1.02262364704174,5.9865104526718,0.00163050998570213,0.18272505645908,0.0549049952334462,0.000675285604925469,0.521448982685423,0.352970400438731,2.92229544115078,3.90319900127921
142,"B_p100","firth",20.5656737264656,7.78557983107854,3.52632861650106,5.87724355351701,0.000567359474947793,0.225452929193517,0.0635575933956303,2.00891049222385e-05,0.0960081724615162,0.0188643950256191,3.04557641678074,4.09426851687175
143,"B_p100","firth",19.2366800434979,8.04563481426657,0.342022455381803,6.04705551210752,0.00143264520970399,0.222477031799162,0.0568469747829794,0.000826960026116041,0.818300766314254,0.694462950388383,3.33678956703886,4.50662873852461
144,"B_p100","firth",18.524874227298,5.90327742028106,2.06772160151434,5.89283705002079,0.00177990704025932,0.429653804991817,0.130409275258232,4.02985272290879e-05,0.246633496204166,0.0666941494552964,3.46229094205427,4.75268602300156
145,"B_p100","firth",20.1303544294212,5.91323975943846,3.49753041024811,6.02641096774911,0.00102789105118772,0.445316523305154,0.110811808403015,9.99185619643406e-06,0.103465339925499,0.0100712909079383,4.10316550757543,5.65217228263546
146,"B_p100","firth",21.4707744705079,12.3878143712407,1.19939371344149,5.93430297830144,0.00040482759563909,0.0346031400329292,0.00402483567655432,0.00152158123257329,0.477858639783398,0.308103990079716,3.42579761090195,4.57266016846358
147,"B_p100","firth",14.0462326936194,3.35984947147901,0.574142563735872,5.99421904707755,0.0171297366803858,0.809423412682053,0.605652269991995,0.000818156708983775,0.710152480243831,0.553070603820295,3.335252561241,4.49649401040763
148,"B_p100","firth",16.1914406712981,5.9256536286282,0.506392846759136,6.07983061465899,0.00698083766289903,0.451447963715904,0.185293202444045,0.00110218983911914,0.741996501684496,0.568986481353315,3.57010964750899,4.80280271401987
149,"B_p100","firth",20.4685126138679,10.5747721537124,2.24656996367794,5.89763728489962,0.000641822466494912,0.0745319577094176,0.0132836093005184,0.000632882530544276,0.24851315803264,0.0956881414038115,3.71153203262071,4.95323936638583
150,"B_p100","firth",13.2338728907701,1.83198056059991,0.105279571996578,5.83328735063944,0.0211542013748357,0.960983151236283,0.885167109851973,0.000552917237124917,0.947426158016641,0.900108852191221,3.15280203274369,4.26095624497822
151,"B_p100","firth",14.9134350202948,4.92550643907621,0.823110476667113,5.8962079625283,0.0101463139684287,0.568958497058942,0.317794412000074,0.00149760359504403,0.60182120644002,0.40928637951063,3.13221486809527,4.19903222078041
152,"B_p100","firth",12.234442250447,2.24896139209077,1.32385860120073,5.9958986973432,0.0388387897345952,0.934192125089034,0.83330084342889,0.000713046012687624,0.432514999147275,0.233980525550357,3.25971511864638,4.38449408298016
153,"B_p100","firth",14.9492603568824,4.29266925317025,0.389680168470748,5.97308179212521,0.0108681319526436,0.673366122438549,0.410063137656434,0.0011000610344809,0.792633434081443,0.653460275796758,3.72704620790573,5.01899440186449
154,"B_p100","firth",18.3351130395719,6.28624657265664,3.87914053445297,6.00306285384769,0.00213325102063133,0.396203672217168,0.158341549998643,2.77528346022127e-05,0.0817962952978621,0.0139108697869131,3.00546523255427,4.05322250360303
155,"B_p100","firth",19.5767902628695,6.18837551697976,4.68232363840547,5.84345908101989,0.000944335647420136,0.38694854749306,0.109923240692783,7.25221243613738e-06,0.04724131268297,0.00315282815370677,3.74412718032776,5.11648070691341
156,"B_p100","firth",17.0208196002697,6.55097499645652,3.58030247513993,5.99114878870305,0.00409400553580586,0.36279615327841,0.121708880156969,0.00012421842180832,0.0987213663145668,0.0164907323721656,3.47094266183734,4.67620923667977
157,"B_p100","firth",11.2404360498817,3.09911590762839,0.442584430129117,6.01162051542926,0.060740374023855,0.845078004460611,0.727846518295802,0.00447486122582319,0.764956762880646,0.664675001231441,2.38822369997974,3.14013395551594
158,"B_p100","firth",25.7703681315794,14.2217015235438,6.7436176628385,5.94843713299001,4.24191858336975e-05,0.014961183909985,0.000619931696028031,4.35743512650077e-06,0.0103289210706492,0.000290985442634506,3.64630593383678,4.9334931431269
159,"B_p100","firth",25.7172414487672,15.1443541609336,0.589190204985468,5.93570222536135,4.33836030135915e-05,0.00959374252306922,0.000513000833627042,0.000536097382689671,0.689758838355822,0.533750037385813,3.37868278118861,4.53777859828581
160,"B_p100","firth",20.5361108118781,9.98625525323171,2.53909283926636,5.96995169056964,0.000696688615032026,0.100445751681046,0.0153221419425906,0.000222413014326572,0.202327753739555,0.054875630057414,3.28687174092051,4.42869579294187
161,"B_p100","firth",21.366246134425,7.45684060544432,4.14598746945179,5.96377725075286,0.000466413614245931,0.264389111540638,0.0476622079063076,8.2561183641916e-06,0.0690413056183833,0.00543938461835158,3.97547463207148,5.44790870995861
162,"B_p100","firth",15.6647635684016,4.99312791035522,0.555132906518836,5.90094345938872,0.00711326832619819,0.559355406424656,0.314090704245818,0.000588993152727757,0.701012453088942,0.550895153540287,3.05659729566772,4.09178244311722
163,"B_p100","firth",20.8896502421425,8.44133354228781,1.68192208462386,6.1381871009912,0.000738979687953334,0.2016366157985,0.0469009402688048,9.03318290849109e-05,0.34201470460773,0.15186597126838,3.30760298725397,4.46212426467352
164,"B_p100","firth",20.2356125741948,7.55593343650506,5.04743873066345,6.15726459964225,0.00103073921517283,0.277570358118499,0.08181302339553,1.78228564831073e-05,0.0434542686776267,0.00486141726291633,3.2686759415556,4.41646044740141
165,"B_p100","firth",12.35492694408,1.47566751409266,0.0747033179578294,5.8555982964427,0.0322720888098751,0.98073157797319,0.950967780368848,0.000910269071846104,0.966762864635525,0.939985131482362,3.12602366410806,4.1714267726911
166,"B_p100","firth",28.8961315178395,13.48338038272,7.18145161462029,5.99958527173791,1.02806690620572e-05,0.0226407713832106,0.000352726408741288,1.39532084331151e-07,0.00759134783054805,5.10779211203571e-05,4.34812745575809,6.03014271967185
167,"B_p100","firth",18.1037401205273,6.70264756575086,2.95658577983793,5.86229363202292,0.00197493862520381,0.328964833566691,0.117381512297456,7.66852487390501e-05,0.147852758464045,0.0396491139050074,3.14779378343701,4.23031389729675
168,"B_p100","firth",12.9276823344933,3.28603327460455,1.22849220825768,5.95790697227074,0.0278336647778693,0.816105416900399,0.635331383049921,0.00107456735640776,0.462361047857211,0.270269467512089,2.96029978135068,3.94540366927464
169,"B_p100","firth",16.0687055426742,2.45924035811715,0.531669583313005,5.98647003422048,0.00664278075065883,0.914082738272503,0.709745990265299,0.00014695580640911,0.723648884014899,0.496977229735941,4.16807777008988,5.75978082847941
170,"B_p100","firth",20.1206784406299,9.02802985509508,5.0620799226774,6.01020035293608,0.000893928579182468,0.150990087937259,0.0306892392122611,3.6149143114228e-05,0.0395839329430494,0.00394359681903778,3.01786097897275,4.05660028951284
171,"B_p100","firth",20.1424890825322,7.25870314057932,2.51397546041512,5.82000678724042,0.00069812493808119,0.266001933921112,0.0547906684766807,3.40371873186474e-05,0.202314483888005,0.0439780918513195,4.19886070280707,5.71809726503128
172,"B_p100","firth",21.3725955406051,8.56809133760978,5.48438771998463,5.904862153208,0.000403263838418155,0.169976993122227,0.0215116000826341,4.60569545623901e-06,0.0271941683498382,0.00104046539768066,3.83121367468389,5.24678708765272
173,"B_p100","firth",21.11425649221,6.10172396263334,2.29842590207536,6.15557706406581,0.00068694641405187,0.438799324966563,0.136684191341575,1.78180903059877e-05,0.239677741377033,0.0631764954818516,3.96240785209828,5.46237233081622
174,"B_p100","firth",17.5914687576807,6.49637108637407,4.8642580000882,5.86073497116483,0.00261906988361682,0.352204622887874,0.101497364617893,3.10360098334517e-05,0.04352293174035,0.00220050581438935,3.43155255754853,4.66118924717292
175,"B_p100","firth",16.9575868741073,4.04696761132113,0.229537759893813,5.96970419497096,0.00403807902958953,0.710005734827426,0.437859348198219,0.000154445699737438,0.870088897455615,0.769140703479605,3.63768034926062,4.94585590111986
176,"B_p100","firth",13.8683647401223,1.79390331375453,0.22474193850285,6.01597313161371,0.0188057107247502,0.966961214531393,0.899784733699772,0.000289960710555426,0.873672868181616,0.776793028937505,3.11962683580447,4.21976266562147
177,"B_p100","firth",12.4742339696315,1.34895269482608,0.114308791096659,5.93613421426253,0.0339247899886868,0.985975282990106,0.950793522950231,0.00107642922309492,0.945347401979807,0.8890174498377,4.21094952901715,5.70126182799189
178,"B_p100","firth",16.7665972536161,5.08635379677484,1.5884107107269,5.95930042402459,0.00438270441028676,0.553577395187974,0.28175042103637,0.000200254346844897,0.363315120610083,0.167670604325059,3.81503850155635,5.1471410063648
179,"B_p100","firth",16.2775975324697,6.79376241144971,0.681719060656004,5.80635434213771,0.00481530465821378,0.311659950589328,0.120482555584657,0.00223353611238464,0.667779059912674,0.511858867178941,2.88946155403179,3.85087785165486
180,"B_p100","firth",17.9604959960828,7.83119410976604,0.53184313808311,5.9748403230178,0.0025338571663871,0.232440900298563,0.0844987965979929,0.00114340818524794,0.727354764270801,0.593221198355441,3.38973472602964,4.50100854868236
181,"B_p100","firth",15.0265192657904,4.3983470183751,1.55797494973217,6.09213347066244,0.0119835886639456,0.670561544249551,0.418067339299598,0.000426678934360991,0.378881527672644,0.189984743158758,3.10594495991388,4.17544605175518
182,"B_p100","firth",15.7014365552135,4.51000848066348,0.192345023914959,5.97646262375301,0.00779094597160013,0.640293328637348,0.333143154103452,0.000592174874480933,0.896504182594022,0.803133237329511,3.95951248538801,5.36824887940894
183,"B_p100","firth",16.1596630493368,6.62654755786188,2.22530877798083,5.93912248747703,0.00569007794836196,0.347642614140195,0.171924804061947,0.000711648875644899,0.244338635471957,0.11658731156544,3.01425264262379,3.97996205543495
184,"B_p100","firth",21.451103395545,10.8730430357137,3.92355556687491,6.19490289597038,0.000609683502667435,0.0814230998842334,0.00964292818431201,0.000102765466700738,0.0871302502050127,0.0117140495354172,3.48576751422084,4.72969064793129
185,"B_p100","firth",15.3927731633684,3.62025310158724,0.920139846684885,6.03511496749915,0.00962608008376664,0.776854099723995,0.451353976895281,0.000179352686555889,0.546758826988909,0.303815311852555,3.83983098209502,5.30249902430089
186,"B_p100","firth",16.5613305733516,3.51771904738285,2.70357371525672,5.79528513994127,0.00422990969721349,0.768850384514764,0.480197966045397,2.30930774595128e-05,0.161117952682939,0.0326898388389567,3.93524677189867,5.37721209322497
187,"B_p100","firth",19.5301545523166,9.12982905690867,3.19924699448337,5.93812006907433,0.00104310773554772,0.138661495263571,0.0307762739362298,0.000117397441279143,0.121569476826477,0.0306231157895059,3.1095015260578,4.1514918461607
188,"B_p100","firth",21.4399700732545,9.44446166546465,0.197691418866928,5.95052381148624,0.000451363163502361,0.124066497519538,0.0123113879625528,0.000440699956079982,0.897506785451915,0.796790957652866,3.8875021746347,5.31521245364185
189,"B_p100","firth",22.9460977836444,9.89482164749698,3.01203920473084,5.82465707761144,0.000153565901386266,0.0942631283980284,0.00837958944102057,2.48416468012769e-05,0.13917807316079,0.0246929242920286,3.73053777648726,5.1032193736007
190,"B_p100","firth",19.3769595895406,4.21528339068668,1.53297536602705,5.98773585779549,0.00131565912114895,0.685319034472626,0.374153286689557,3.01495340330193e-05,0.382467697404105,0.164384742678339,3.9867680829819,5.42717352700015
191,"B_p100","firth",21.3061776972648,12.8741243852029,3.76521323665388,6.02390502339115,0.000469408563067764,0.0296171034822323,0.00512198441903511,0.000557369687883225,0.0979759591495982,0.0317712557453723,3.0392729796211,4.0218103406984
192,"B_p100","firth",18.1608550575593,7.32256419675664,3.11510212635265,6.03439093954812,0.00247806354671687,0.285544409884204,0.0989617477565052,0.000141782689753178,0.139503854577462,0.0386804671451929,2.95029642861813,3.94187664525113
193,"B_p100","firth",23.9022274933388,15.4824718469458,2.53584338030522,6.00046105817124,0.000115733120674144,0.00849460207835584,0.00105604865933207,0.000896598918633917,0.203760625611032,0.0894326643664864,2.95223959821248,3.89344780928682
194,"B_p100","firth",26.2469044899562,13.1532574124541,5.94567245896601,6.08736050031616,4.36290230484415e-05,0.0280997382882826,0.00122071885624764,5.66248283762061e-06,0.0232788978352535,0.0010179231277071,3.66545315529121,5.0163771461312
195,"B_p100","firth",22.4443762484432,8.40583392976721,2.19920467072077,5.92322049340071,0.000252184696797775,0.183002679076872,0.0270954143925197,2.14347589686525e-05,0.245696627123769,0.0579765802915443,3.98756327094643,5.4624639487564
196,"B_p100","firth",15.9369563418911,3.97057242542684,0.851923121148484,5.91220428254263,0.00626015601489505,0.715230570292732,0.436255107183533,0.000163513020078998,0.57462010373026,0.366914409759552,3.7147332777459,5.03291238523257
197,"B_p100","firth",12.5402666896453,2.23786476857697,1.4385309472878,5.95226049586611,0.032585254187574,0.933686639766715,0.835234429249217,0.000678215106304725,0.413125436141138,0.212915642961095,3.30066794729181,4.41567840391767
198,"B_p100","firth",19.7566296828013,8.4082811539232,2.65738063072974,5.9847490731595,0.000967794426357305,0.188303098754513,0.0600536200975144,0.000113602612701436,0.182643176100084,0.0640478611415534,3.01852829203494,4.01134467241014
199,"B_p100","firth",23.4872838895612,12.0721016824027,8.05073787246979,5.86923904703974,0.000117118007212591,0.0371897722477985,0.00221873008763285,2.30078066787431e-06,0.00518037892793743,7.55294143858221e-05,3.93804220529973,5.35334405663343
200,"B_p100","firth",15.9717018818457,3.29173529505639,0.231007679222147,6.02094323397321,0.00715803937719972,0.820275049386054,0.575929873737672,0.000348937983098652,0.878456136003862,0.777718271382785,3.37191772526235,4.59314259062303
201,"B_p100","firth",19.7527593051263,6.94745920196971,1.10383792462937,5.92430632531621,0.0009582200757976,0.310213775924438,0.0764242990387161,0.000105409175726212,0.496847316223183,0.265211984445388,3.79000654066989,5.15589885378375
202,"B_p100","firth",21.9135797243631,6.81214765257238,2.96850695825269,5.98987006722554,0.000376146164822844,0.332784580026818,0.0497156020863485,4.56016424477124e-06,0.141035165646848,0.0136097104009824,4.81609242870375,6.73533281864323
203,"B_p100","firth",17.9572605325636,6.33745933163136,1.77325268417798,5.89116229253606,0.00233973442865998,0.374757219242085,0.0988614612737625,0.000138415367456624,0.326692187401312,0.101869280465788,3.90239269119821,5.32504719137716
204,"B_p100","firth",14.0143088379056,3.04696656051793,1.37293620957094,5.78927439804187,0.0135822168384041,0.836895910948739,0.642354071032272,0.000194154339622443,0.395121285674109,0.201662063627062,3.50551576554319,4.73252780766072
205,"B_p100","firth",21.3154550058662,9.83805772794478,2.15375785286447,5.86037655914333,0.000388561754180117,0.0991676645417482,0.0144065846684773,0.000141255948960972,0.254524348397284,0.0827616640816277,3.47434999752644,4.68715610860911
206,"B_p100","firth",15.8891688539257,3.97157990182723,1.89888449607154,5.7816961221263,0.0053637247760181,0.701694118068233,0.466788920878189,0.000152676794314077,0.305286921242478,0.143091202596126,2.95464021750101,3.95779321835781
207,"B_p100","firth",17.8844116284968,8.9512111406492,1.15686776021958,5.93734375137655,0.00244924602755248,0.149029861379714,0.0386261770966132,0.00178990533017931,0.481168739304529,0.30219209763296,2.97395836849085,3.96228389771603
208,"B_p100","firth",22.3300322393506,10.0098535591329,0.941671929568379,5.95301702562163,0.000251366941167119,0.0979437069519189,0.0185971702458427,0.00022401573707187,0.559729134070114,0.373245880401296,3.39757975028934,4.56366020409554
209,"B_p100","firth",16.2760317417411,4.65999126664814,2.16179158483874,5.94830464151216,0.00549205544936693,0.615614445852939,0.322275609975527,0.000179704814228465,0.258702141272061,0.0811938295934587,3.84159364610832,5.21265324374517
210,"B_p100","firth",13.4356015965749,5.34951673693518,0.130805616797317,5.98023750159238,0.0218882439547404,0.518711302608228,0.350202445103764,0.0066228812045237,0.934886236038091,0.902384422414716,2.41550295829805,3.1644094107129
211,"B_p100","firth",17.6677585721802,5.67262548884471,3.20507882342015,5.97268243421046,0.00306833403214413,0.470888234204993,0.135865696068218,6.13617260016852e-05,0.130865770817854,0.0158530115506657,4.46686480387389,6.13214321976822
212,"B_p100","firth",16.2820724963589,6.4514979831979,1.27261545610336,6.00127235757126,0.00578789851282635,0.376134829865961,0.185826595533799,0.000921300481758203,0.455683206883595,0.296648898856783,2.94585451514555,3.89834152172416
213,"B_p100","firth",21.5120605238861,12.4789251826089,1.70515837028784,5.96697318800962,0.000424405901784386,0.0343471622273024,0.00246711934331312,0.00105424118624264,0.345152552504134,0.159053329882029,3.13028813319138,4.21281911883576
214,"B_p100","firth",26.1229242943551,13.5907502247064,1.10370045280388,5.91473112694479,3.14308677851205e-05,0.0192874971277972,0.00129156183125345,0.000137239198526595,0.498326999602953,0.306100609106362,3.46000114283283,4.66506449822208
215,"B_p100","firth",15.3964559219155,3.97344105018284,0.0219084915904608,5.95099484848424,0.00860676675526206,0.718519512376062,0.463874288761259,0.000780837946989354,0.993476312743211,0.985580475644626,3.67322772917737,4.95732523652448
216,"B_p100","firth",18.3962372940682,7.49523257828376,5.1100528866718,6.02440300552987,0.00218897386585293,0.267831619875139,0.0747454584336394,4.6646049227772e-05,0.0400957549592931,0.00326804686748972,3.618761799436,4.88646185904164
217,"B_p100","firth",23.7395512116972,9.24171484812113,3.21258752366934,6.07576637531566,0.000158343579636622,0.144430930305503,0.0205084914748163,1.12995848770003e-05,0.129451617246066,0.025028845560997,3.52634800189844,4.81459818048551
218,"B_p100","firth",20.9834833045311,10.1892813946299,5.75889129281603,5.99182064195091,0.000582320925046842,0.0939707734910092,0.0087332607454581,2.49414413223681e-05,0.0249160234100276,0.000705740453846415,3.73755752474887,5.09623361480677
219,"B_p100","firth",16.0118208598453,5.03602519398932,3.20412076921173,6.01923846924245,0.00688878919015501,0.568174965349382,0.322409718199202,0.000138920347152793,0.130924127964076,0.0313060311420713,3.50351483521525,4.66330690019809
220,"B_p100","firth",23.1457395232216,12.0537893071613,7.37231869846545,5.894857567895,0.000153677680748809,0.0385721979412641,0.00326285760942691,9.21997015057574e-06,0.00900445739930666,0.000148805517714012,3.78274603173391,5.09230522160826
221,"B_p100","firth",26.0195245990518,14.0990342616752,11.5209946021892,6.05947295302058,5.30746499081136e-05,0.0182448803041901,0.000298848157904041,5.01607815950322e-07,0.000730268612403995,5.90357624785653e-07,4.42163053289802,6.07790368196887
222,"B_p100","firth",18.3654553573779,4.25646331286433,0.36797713632752,5.83638285940396,0.00185795774791386,0.661060132951276,0.333570261974498,0.000105773777598239,0.798562292570933,0.651404738563082,3.85519752292749,5.27075427096082
223,"B_p100","firth",16.508503436881,4.70445682150303,1.97537255930957,6.08361852259286,0.00600256231623786,0.623912757203463,0.314102425300284,0.000203359772820821,0.297325955490579,0.0988008050220436,3.74533433184962,5.1011108310238
224,"B_p100","firth",18.2035988491118,3.66928635015519,0.240917188855719,5.9279639250214,0.00213392710538451,0.760249082133432,0.46335294693099,7.4532902832658e-05,0.86774433345098,0.755956930548733,4.158832093778,5.68892805844722
225,"B_p100","firth",21.477995645285,7.90046561181151,3.10604233901072,6.03109523996557,0.000481234460110391,0.232850970696329,0.0365047518706423,2.55837422541427e-05,0.13557426100119,0.0183120835565312,3.91442235889118,5.39908491925213
226,"B_p100","firth",21.2719068287526,10.3149572739323,2.6620273319613,6.13785932560578,0.000636847427872178,0.0985041866997715,0.0122931129474765,0.000222480781076895,0.204449373679914,0.0527095390228409,3.31825840555733,4.50318871963403
227,"B_p100","firth",20.0442190508732,9.31582731896772,2.34825655299734,5.86511748713064,0.000703716389224729,0.122824999585442,0.0257936696032623,0.000180733687614065,0.216496618012072,0.0784717132174231,3.10199405580548,4.16753843430819
228,"B_p100","firth",11.8582445912296,1.87054229137296,0.131657651778088,5.96469743960035,0.0450935446445115,0.961145436088817,0.888595171519585,0.00202655347900182,0.936062680819239,0.877600885781749,3.41844060344085,4.59845985536678
229,"B_p100","firth",15.6791279060663,3.45043126899577,0.699982151996509,6.05854101040068,0.00850804880998135,0.802435235069998,0.591798686471331,0.00034476521657778,0.654440112247285,0.481472836720195,3.29497556561588,4.42593890629428
230,"B_p100","firth",19.4902996151551,5.2283707069465,1.49130055433502,6.1297594336382,0.00153857965536086,0.553225946673111,0.178025419034726,4.14885743384996e-05,0.395011846375604,0.127682025800553,4.25267256314775,5.93007289909055
231,"B_p100","firth",18.9708188751434,7.29943543928214,1.94076080912925,5.82320789475088,0.00125637576738535,0.262552084559054,0.0628207053822786,0.000199864876830658,0.29962653324924,0.109178569009406,3.54427470607732,4.79654920190149
232,"B_p100","firth",16.3959294973485,2.45843774508556,0.913991747245923,5.90401974831013,0.00535475209659364,0.909940037581231,0.696421920849934,4.59835595958413e-05,0.5490884920804,0.299875354771526,4.04831595508991,5.58723702857727
233,"B_p100","firth",14.6280965425491,4.18880386079314,0.275283222923841,5.87283581327642,0.0111742371810565,0.678479826876984,0.470222903127671,0.00125447813185819,0.853387091966218,0.772225339157393,3.15328088585356,4.20816514406583
234,"B_p100","firth",20.2750832603449,5.20024161596281,2.59059766827226,5.9984155702568,0.00089224295278445,0.540260777695089,0.156290491373182,9.93219518052868e-06,0.184981955495053,0.0252966986497244,4.70005828763111,6.54999794585241
235,"B_p100","firth",19.3026174391449,7.72574257052211,2.72817127122954,5.84139315670916,0.00105098888058364,0.226491355425672,0.042258237218596,8.93436777530399e-05,0.174560819477601,0.0399068500829358,3.82011059209557,5.22850093626148
236,"B_p100","firth",17.8371921759239,4.95860193142293,0.206309356868708,6.02354014145966,0.00285489189366372,0.579936130492561,0.297462589268123,0.000307793625553554,0.889500965388501,0.804262517085237,3.35683839969366,4.54667361179565
237,"B_p100","firth",17.161905863124,6.85335137984676,0.36648844227754,6.20367932424828,0.00492266563292065,0.355256524370211,0.168468375382837,0.0019437722189668,0.816367034620543,0.720876697813659,2.77344293810536,3.6788039008242
238,"B_p100","firth",22.6878681194713,9.23862867337789,3.6075481950025,5.97677417266399,0.00024211311972322,0.136577869908796,0.0103904287263314,1.44114758224845e-05,0.0936998775175694,0.00879631936253955,4.14888848331032,5.74259674188133
239,"B_p100","firth",16.0087337082923,5.25474143389321,1.95094588672937,5.9712005243987,0.00652002007977148,0.53029876912961,0.295800680952048,0.000282485467285265,0.293452972221816,0.134644843519754,3.08666796874074,4.13118818479306
240,"B_p100","firth",25.366702921003,10.1762834585626,5.71937029026792,5.86614384668304,4.9552325064095e-05,0.0867178674247353,0.00662444740684642,1.93161480543935e-06,0.0265994748648029,0.00126441857458803,3.91249209916357,5.36546981294819
241,"B_p100","firth",20.0486833145785,7.86964143806613,2.47091830062402,6.04745145996764,0.000957307259811468,0.236956132156935,0.0701188150448573,0.000101159720105493,0.206057698925701,0.0632399944079091,3.72240942106505,5.01442255658661
242,"B_p100","firth",14.2297776367859,4.77317941536654,0.850382281323181,5.89876051371857,0.0140834830130809,0.592213533288712,0.368209667728159,0.0015453738837804,0.588124564684404,0.421347602514055,3.09546932434544,4.10470449687269
243,"B_p100","firth",15.971734707565,6.57059017088297,2.80845844990425,5.90991825303555,0.00612318991790062,0.350163180013606,0.139382933902111,0.000426626006935327,0.172359015485327,0.0498025665140347,2.99987414883882,4.0323414221077
244,"B_p100","firth",15.7886837712922,5.45964591475388,2.20264148218086,6.10240897854206,0.00848651989284299,0.518002043828266,0.243423369631947,0.000378938901028247,0.255697007703397,0.0837739307659103,3.77682737986713,5.10077886996259
245,"B_p100","firth",23.6720349392552,12.1884074319513,8.16932725999786,6.08542762466642,0.000164293182675079,0.0429984166130001,0.00312749571782867,4.16889476384519e-06,0.00594509918145048,8.35660583171638e-05,3.53093668210817,4.78850777820272
246,"B_p100","firth",19.4965239189266,9.52349628140126,0.898302529637185,6.02567958300521,0.00126191018457922,0.125439169467625,0.0220591153087339,0.00114195727723587,0.571303203252963,0.359458918354773,3.82027748424575,5.13756732384846
247,"B_p100","firth",14.2145587569075,1.80810628670247,0.788507066394715,6.12132433494008,0.0183581742134171,0.967590073222233,0.893247137692519,0.000306102698827582,0.628622186842574,0.410624980064581,3.31891631647536,4.50594906235415
248,"B_p100","firth",21.9579298177628,10.3932537469527,5.56773182441646,6.04655021208738,0.000398854387576475,0.0897835368147772,0.00690801920526296,1.378423934284e-05,0.0267291104009751,0.000900271444167267,3.84860472449653,5.26678901763241
249,"B_p100","firth",12.5179392882278,2.55484982026759,0.584844142725613,5.90622814421417,0.0317880521975682,0.901366118274016,0.766332980552711,0.00115507429112416,0.696374056877592,0.523549466463405,3.47716177224211,4.66369329993065
250,"B_p100","firth",14.5688414787451,2.62408376347719,0.152885804508992,6.01094063506208,0.0136013242868225,0.89927157945622,0.74105416128723,0.000449748799098204,0.922054563985849,0.846668800212138,3.6570246886977,4.95976574161108
251,"B_p100","firth",21.0447056983022,8.16896052842441,2.42867517307683,5.87288426165388,0.000457379054148666,0.194987788221511,0.0481606860468836,6.30869158596559e-05,0.219877132730741,0.0800687724988305,3.56534480844135,4.79341038464111
252,"B_p100","firth",16.8532189119396,6.21841055171187,0.0663488299714282,6.0395563970671,0.00482366882462393,0.40884188438591,0.146715083047229,0.00128612536220241,0.973247558206825,0.940743409070452,3.48545781775347,4.69299167520719
253,"B_p100","firth",25.1693412511881,15.7340018103353,1.1820348051669,6.09540522400206,7.06497943228079e-05,0.00839761614578127,0.000685413145015579,0.001389336625923,0.484044724262401,0.310430749615419,2.8901712891697,3.85594175193871
254,"B_p100","firth",17.5064768259954,6.73416702801922,0.874068697591098,5.81366954586326,0.00246052288753029,0.319382862652162,0.122102196973527,0.000364225296149545,0.567892754107219,0.386144199104301,3.11558973781483,4.17386400770779
255,"B_p100","firth",20.4017618500867,7.83270491711024,1.99301399770452,6.01083356835598,0.000800620309542421,0.236313180110264,0.0394143217632943,7.22833435718995e-05,0.285426326841733,0.0837537670316708,4.07693021741881,5.60695350768044
256,"B_p100","firth",14.2606424154648,1.41521987571087,0.197709662065495,5.85662443636195,0.0131124203691981,0.983126723904834,0.943758557702824,0.000183633765571622,0.888109744878129,0.802425987359648,3.45902317161103,4.7067376508671
257,"B_p100","firth",21.0662258647407,6.22987356290732,1.96031012487255,6.02735090139104,0.000614643008688853,0.405622070928501,0.0966715061227683,1.90539831004255e-05,0.285375102815593,0.0634019388109579,4.50438415811382,6.24072731238643
258,"B_p100","firth",17.1999223416225,7.39577807543629,0.0981876430620142,6.04945015961326,0.00401731707152275,0.280131298691497,0.0762667629477213,0.0022838837767748,0.954216917330676,0.908368637443554,3.59693136828814,4.88228357291654
259,"B_p100","firth",19.9252631383791,8.49986449799304,1.71465677088047,5.94962460572931,0.000962360169618481,0.179155003987118,0.0243488784905389,9.7061435856638e-05,0.317403344091265,0.0973552213089761,4.30056238750667,5.8996087809344
260,"B_p100","firth",19.2119362755631,6.82426597181079,3.40809336869851,5.98300337653541,0.00134556630521776,0.330923180674881,0.0968887771347813,4.40473103398009e-05,0.113738665411828,0.0203060950523825,3.35545833994636,4.53974812343413
261,"B_p100","firth",16.6734365104424,5.48845008179785,0.538012061323566,6.01431852185623,0.00509385174919919,0.502294008544426,0.190255884287653,0.000455228371890493,0.713154375846802,0.505965022168664,3.86006403135557,5.27908218515958
262,"B_p100","firth",21.4319934816565,11.2125314400451,2.77885721662594,6.14325761423944,0.000570611292558754,0.0681995711674245,0.00641500776777515,0.000224230587714702,0.174361350305635,0.0347248161843934,3.6028948481051,4.88324782726087
263,"B_p100","firth",14.9025245818375,3.20964936975392,0.00632937199858317,5.98247026803749,0.0113464941867867,0.828353902778039,0.608172289998685,0.000714603337945041,0.99895536351541,0.997454919824222,3.84115635623859,5.21195094005928
264,"B_p100","firth",20.8154065816285,7.84621339989304,6.05693682314308,6.03230746289507,0.000665795830790072,0.237524707897003,0.0526597454369488,4.62020677938213e-06,0.02039482666229,0.000915016354324782,3.1932946558891,4.33312167531301
265,"B_p100","firth",23.3310235201841,12.4647309808795,1.65075103682295,5.85970940405435,0.000138367003237438,0.0313147615195982,0.00260765990157363,0.000285557544489001,0.345404358170599,0.158606806394973,3.29286964644896,4.40791909696016
266,"B_p100","firth",16.9761509315294,5.65577337755702,1.3219084119947,5.94097699295126,0.00395877730640293,0.46974716564406,0.225353195022335,0.000357209850506468,0.439171063900047,0.248792298698603,3.54503922584871,4.76034364490651
267,"B_p100","firth",16.7887010293554,3.00343749272503,1.01611314533895,6.00974113654376,0.00472712127402231,0.856140011499298,0.609303365798586,6.53177421441331e-05,0.52609465653615,0.275345673864246,3.71829847787734,5.10679475539537
268,"B_p100","firth",28.7873644499105,11.9564063283037,9.58533728951468,6.04408019366254,1.16239293190823e-05,0.0462891740661837,0.00101601963848308,3.82222989925296e-08,0.00205860617354414,3.74185720575237e-06,4.53408813746315,6.37066872169121
269,"B_p100","firth",19.4780025800114,7.41755781873652,1.74174701865681,6.05850177689828,0.00135368201260699,0.279199490995703,0.0769624856335581,0.000133658998633157,0.332735652629882,0.148008948497535,3.2629712002846,4.4082007625885
270,"B_p100","firth",16.2902668302146,6.99973933880522,0.728120376498248,5.88949627884428,0.00521756339446766,0.300377510000291,0.0979252775934607,0.0013385610043144,0.637898360374695,0.441420242461243,3.75536578373457,5.05491359768104
271,"B_p100","firth",19.3281467645517,5.22729175096036,2.13758135528882,6.01112351739231,0.00143412945182475,0.538220191786196,0.17666297045109,2.8064725396626e-05,0.263874117055197,0.0621908679498059,4.23791702917408,5.84861386556908
272,"B_p100","firth",19.2679399818567,9.9908276336425,2.32750294554298,6.05847640896504,0.0014144625906648,0.105685658689123,0.0254910923342571,0.000605801828692076,0.230813295397134,0.0938123948442898,3.00681045297478,3.99216451112184
273,"B_p100","firth",17.0455288610961,5.61243903228237,0.50691788408168,5.95647981266701,0.00392793444280248,0.477647952829678,0.209788354024512,0.000510727878264561,0.728960226677772,0.571548259292609,3.00414485685775,4.05952783063289
274,"B_p100","firth",13.0736350887845,3.35217981537086,0.0738551065518344,5.97870176702736,0.0260986370677134,0.809843380769774,0.630733266262632,0.00172260764556609,0.964997715493822,0.938270681006516,2.95043546898194,3.9436807286113
275,"B_p100","firth",24.384540040812,10.9350726427918,6.3062069062868,6.10147142129281,0.000124295348554737,0.0746350097097181,0.00396887458707962,3.97902876358991e-06,0.0206525877270355,0.000400051332090201,4.67287125880549,6.45355253463527
276,"B_p100","firth",20.82048549526,6.63188740866615,3.23003593082708,5.88781941583938,0.000559656442104428,0.339924323565694,0.0863462146526033,1.20109651182698e-05,0.126623320972088,0.0201748396884125,4.03002983812736,5.51080765053313
277,"B_p100","firth",22.3502449435745,11.6578379993597,4.81346841812571,5.97430218807898,0.000270823409914245,0.0494273945074144,0.00398818384860022,4.17382850661507e-05,0.0452920425803697,0.00453435988632445,3.4958578421156,4.71561014454821
278,"B_p100","firth",20.0342320834053,9.82129882333833,0.555851874223314,6.01078365240694,0.00088133551456071,0.109815785892269,0.0264578969672584,0.00101473830747312,0.711322860391415,0.592984455839838,2.92509247709471,3.90144831431666
279,"B_p100","firth",20.0427104766617,10.428814703544,1.74552987351295,5.93681997243412,0.00080093096505629,0.0811543582388454,0.0148568583080273,0.000505819254736029,0.321110726580934,0.149542457814954,3.11107823535713,4.15853555400839
280,"B_p100","firth",11.6902482440165,3.42464207071397,0.681967012363594,5.9011103846467,0.0456956308016966,0.793466715286948,0.617154615027393,0.00338193333783865,0.656074885133878,0.497752180312545,3.17248906408082,4.21979678670864
281,"B_p100","firth",12.8667837497139,1.07854313971906,0.200686665055767,6.00966904076545,0.0297527073702474,0.993861313677406,0.979412583339351,0.000388215424701799,0.890962064629318,0.813262327469525,3.64905931040231,4.92494127300808
282,"B_p100","firth",21.6815412013938,8.32109262289257,6.79466402919545,6.0202215867907,0.000454636977839762,0.198901572239469,0.026345667667136,3.11395975804984e-06,0.0138358220434486,0.000208441188858211,3.90367244645006,5.35921680026053
283,"B_p100","firth",18.950046337064,7.13907918157048,1.57277528906642,6.07887046757358,0.00179564043838276,0.30924188040724,0.0844101544994414,0.00036767037962715,0.385196384013379,0.177774138886819,3.53545555605399,4.80426226102798
284,"B_p100","firth",15.8670988674982,5.44790592088651,0.164484500337132,5.90361832448492,0.00640295656110146,0.494095885451062,0.23108690959505,0.00109265066076114,0.911245734066009,0.846832113122477,3.41004663642097,4.59359882115815
285,"B_p100","firth",14.4076544356785,4.22787701610534,0.0315387013970226,6.03216759882654,0.0148214724679137,0.689814136386878,0.468667087009222,0.00132153769440291,0.988899480789523,0.977944977761235,3.18737980317382,4.25707469460922
286,"B_p100","firth",12.700367462195,4.86987448334324,1.65141230754101,5.99768275658753,0.031162850900187,0.590918327570684,0.404705664944619,0.00259787276332457,0.344803682983956,0.203417623694944,2.73400247234444,3.59630169464195
287,"B_p100","firth",24.1174533130115,13.8379330155764,9.38756181773102,6.00889317612562,0.000111453357635183,0.0189990649292353,0.00120019076547195,3.9190894677299e-06,0.0030299527492359,5.97085083740012e-05,3.34220958151083,4.4873886206767
288,"B_p100","firth",23.6300880027819,12.7633733965016,2.00381429032655,5.81205140634679,9.56309412707412e-05,0.0255451103294208,0.00234440619504894,0.000193151125659985,0.26764593101336,0.10600191395016,2.98739026213705,4.015493023362
289,"B_p100","firth",15.7995510021658,3.39840430846237,1.35217081041778,5.94936191749278,0.00731699287019727,0.799544251598187,0.503822005116224,9.26587633156561e-05,0.414346275652344,0.1700845283114,4.08426494953991,5.5972132413861
290,"B_p100","firth",15.3147668912894,5.19338878740697,1.84598895317341,5.93855960218451,0.00912190263918045,0.533781786581136,0.211236299578818,0.000407026055117554,0.300463398507718,0.0941391641432513,4.42255876375501,6.02645561197687
291,"B_p100","firth",12.4304066637547,4.15239068506699,1.7793812239519,6.06616347028758,0.0374124051303831,0.705255536111648,0.536543607589443,0.00214781837907585,0.337914617728768,0.194610435331663,2.6423400581898,3.48666423708209
292,"B_p100","firth",18.1268508004113,6.13306029769538,0.776396612620935,5.92458874088685,0.00214157013422522,0.404988585758712,0.163175669945339,0.000293418131593115,0.614534184819507,0.430345382358101,3.66385896730765,4.93196925559188
293,"B_p100","firth",16.1659744595315,4.20616488510084,2.34401191514867,5.90519341211896,0.00585653556179577,0.677201129050597,0.366503147503844,0.00013051564102784,0.228721536223389,0.0618424170457349,3.54272427387593,4.79228600873033
294,"B_p100","firth",18.4301356478764,5.95308753810214,2.80847511782854,5.97991807340833,0.00214793227116084,0.434441238405611,0.111911361389201,3.60589982336679e-05,0.166791400805395,0.0201658441525107,3.99987377295709,5.512863068189
295,"B_p100","firth",14.0346509083004,1.39958055802503,0.159843330571226,5.94950661671171,0.0164943651959801,0.984477627327007,0.944712308854417,0.000317145237510918,0.916599013933342,0.837482354850398,3.79773423077577,5.14568732184799
296,"B_p100","firth",16.9405374808308,7.52526951521521,4.00395277288034,5.96567462689494,0.00393502237434984,0.258229239584355,0.10341383262977,0.000141807873257238,0.0721144347191754,0.0190199522891721,2.96032138759004,3.9407231085313
297,"B_p100","firth",18.6536117308898,8.95567854165708,1.56243646700162,5.89727797748369,0.00151570590290717,0.144907094042058,0.0450074609761673,0.000795737232812121,0.37772608021519,0.21947074611382,2.93974641626897,3.90058469552701
298,"B_p100","firth",17.4141879485313,4.15118893101766,0.825770085811884,5.89843878967092,0.00300164089864696,0.686135690672146,0.384685311141753,8.92206803994045e-05,0.590649980064879,0.362155566162794,4.03696275879728,5.50866591761308
299,"B_p100","firth",17.9124843214163,8.45023292419622,1.25671487609329,5.93169470987651,0.00243375132167611,0.180581343180675,0.0580348304134385,0.00121825918155671,0.464234066033874,0.283891379067353,3.17194199786273,4.21098527619419
300,"B_p100","firth",15.7859111859324,5.83198956177986,3.26433662141714,5.86839506772511,0.00661016298486761,0.435958051721763,0.182842922006638,0.000327430424525987,0.142691170180176,0.0351241928158643,3.48567109469922,4.68406669113515
