"rep","case","recal","ece","slope","intercept","brier","mae_true","auc","hl_heldout_p","sc_edge_p","sc_hl_p"
1,"correct","oracle",0.00542928914508363,0.97386437072611,-0.00320089965104784,0.178537681085158,0,0.80865349314465,0.284125851684933,NA,NA
1,"correct","none",0.0614411444767813,1.72365605306209,0.0113520730112645,0.22114243974604,0.180400035537685,0.709661477860155,0.00259585307067296,0.815,0.85
1,"correct","linear",0.0523697233118363,0.770653436317695,0.163222958181924,0.220025552935799,0.163149908001087,0.709661477860155,3.9739730393981e-05,0.815,0.85
1,"correct","flexible",0.0491459962281707,0.763309762628929,0.162173922596539,0.220076748620913,0.163352741302205,0.709661477860155,4.58873266636393e-05,0.815,0.85
1,"index","oracle",0.00806156673185684,1.00266403494086,-0.0285317696879964,0.209414206696714,0,0.712969981926946,0.961449284818336,NA,NA
1,"index","none",0.0321803797583167,1.43402082460926,-0.0733187783101248,0.234496149806003,0.115028313052801,0.645524373619142,0.881776968047731,0.67,0.935
1,"index","linear",0.0439366414422078,0.785245102291235,-0.142127413628581,0.235635259077126,0.126613849377818,0.645524373619142,0.015280084479618,0.67,0.935
1,"index","flexible",0.0503517604116639,0.523032242671758,-0.131761151934133,0.239023186897817,0.132152238710014,0.6347648952673,2.95664966913983e-11,0.67,0.935
1,"offindex","oracle",0.00928083913870727,1.00876389921397,-0.0279138071556254,0.16171190401389,0,0.83702824366122,0.409625704286467,NA,NA
1,"offindex","none",0.062912145969125,1.73708296658759,0.0349373825929575,0.219239296506908,0.206022031873537,0.700311700136968,0.000542696589260702,0.17,0.875
1,"offindex","linear",0.00886219807813106,1.02522115618285,-0.0439708101237866,0.214000094568602,0.187264583348592,0.700311700136968,0.98686394446526,0.17,0.875
1,"offindex","flexible",0.0264995915836058,0.958743037372166,-0.0229188192258123,0.215787633482953,0.190906621891875,0.698777228620483,0.498222560608154,0.17,0.875
2,"correct","oracle",0.00976965140038036,0.974371427563016,-0.00537492192827355,0.179032203890419,0,0.807611032008779,0.51832495254394,NA,NA
2,"correct","none",0.0379169622551742,1.42732176917632,-0.00891002546798454,0.221239739114748,0.177230139530567,0.701100236252987,0.00168629387915242,0.035,0.065
2,"correct","linear",0.0272842344797748,0.840867043487798,0.0794704611680056,0.220221369464842,0.165800115138651,0.701100236252987,0.411186768715563,0.035,0.065
2,"correct","flexible",0.0388675890255736,0.774528903961815,0.0762315474305575,0.221188362622604,0.167613672372896,0.701100236252987,0.222419069355163,0.035,0.065
2,"index","oracle",0.00798717087318579,0.996077487943261,-0.0127957364931046,0.209677232058685,0,0.710694018285427,0.242245604752339,NA,NA
2,"index","none",0.0274995163704488,1.3538077356943,0.0569259909523656,0.233782679283746,0.116925037463551,0.64819573582177,0.627307136685194,0.845,0.315
2,"index","linear",0.0326397146857495,0.76438170614947,0.0223561717426588,0.234033397605247,0.128377014083825,0.64819573582177,0.0292511422248632,0.845,0.315
2,"index","flexible",0.0482539162701839,0.73003765405665,0.019044372350751,0.235559303315734,0.132188849701617,0.64819573582177,0.0753168651532796,0.845,0.315
2,"offindex","oracle",0.00558916089216053,0.99644752019504,-0.0290022891196652,0.163005352508937,0,0.834040563702175,0.966866137945688,NA,NA
2,"offindex","none",0.038114758939769,1.46038573213638,-0.0141836394957107,0.219941295582162,0.205935237758323,0.685583437367264,0.0487374389753908,0.6,0.87
2,"offindex","linear",0.0188303014601331,1.01494964430589,-0.0871723449963212,0.218039081996584,0.195605100551882,0.685583437367264,0.978059798944723,0.6,0.87
2,"offindex","flexible",0.023109289164478,0.970509461591875,-0.0658930927261494,0.218875706910448,0.196622939666489,0.685098224732312,0.997456886626577,0.6,0.87
3,"correct","oracle",0.00901020844044353,0.998562621274493,-0.0213163275435552,0.177531211325674,0,0.810841648681609,0.610091544672484,NA,NA
3,"correct","none",0.0647145909164613,1.89924284850198,-0.0106675567330754,0.222281545541954,0.183043442708124,0.710292505030551,0.000104600235875994,0.215,0.06
3,"correct","linear",0.0238562895930572,0.966699300441712,-0.107989381652429,0.216859480338573,0.162851597763572,0.710292505030551,0.829813965895166,0.215,0.06
3,"correct","flexible",0.0261185431322632,0.954863622093224,-0.10525586773883,0.217210270959612,0.164066472758879,0.710292505030551,0.89147921524946,0.215,0.06
3,"index","oracle",0.0110385079322082,0.99318575690908,-0.0244883211087773,0.208853436578566,0,0.718130699229187,0.495232080371592,NA,NA
3,"index","none",0.0268525939510086,1.39982767141712,-0.0164292367663083,0.238449811407839,0.125135113604842,0.626418691943647,0.0229863715517013,0.54,0.235
3,"index","linear",0.0430024683266475,1.73006917532404,-0.174363653723942,0.240259784778178,0.126643172162764,0.626418691943647,0.00393121288211985,0.54,0.235
3,"index","flexible",0.0435367203955371,1.57395324787923,-0.1586342067512,0.240631888593256,0.126760840338775,0.6245013711992,0.00319916260213053,0.54,0.235
3,"offindex","oracle",0.00976316884967033,1.01933724292379,-0.0190348226640263,0.159238243440651,0,0.840999861871161,0.459917944871268,NA,NA
3,"offindex","none",0.0561251555594222,1.80655547156223,-0.217045294557094,0.22054298915458,0.210427117003144,0.691228109493913,0.0157660371457724,0.275,0.05
3,"offindex","linear",0.0176983843488336,1.10215268541186,-0.0926462337163227,0.216564371263976,0.197164250504941,0.691228109493913,0.971517067867978,0.275,0.05
3,"offindex","flexible",0.0269492144622256,1.03935588337613,-0.070784213064065,0.217135677400962,0.19801672460936,0.691228109493913,0.965257976935459,0.275,0.05
4,"correct","oracle",0.00853791151018923,0.986101374970001,-0.0186175317892724,0.178421159791528,0,0.808881336074797,0.839866264836633,NA,NA
4,"correct","none",0.0595311280868134,1.69389674186554,0.252967620793381,0.223120335596458,0.181529256520833,0.705987079019192,3.87713864966816e-05,0.41,0.585
4,"correct","linear",0.0296383180010107,1.27290354602332,0.0511051455350293,0.218817830391635,0.169366714363086,0.705987079019192,0.152966040530104,0.41,0.585
4,"correct","flexible",0.032975647809102,1.25351919319664,0.0434663003697824,0.219055931110908,0.169409445627145,0.705987079019192,0.154305343858097,0.41,0.585
4,"index","oracle",0.00607530289154778,1.01215529996317,0.025397141663871,0.208101394369367,0,0.717393007505825,0.721183250492755,NA,NA
4,"index","none",0.0263102069988972,1.36030878652218,0.036451115013086,0.234790267760952,0.119246356927159,0.643498948869322,0.19088594284615,0.655,0.815
4,"index","linear",0.0590543526936816,2.5019606991206,0.00744027379737865,0.239183474685604,0.12087835995281,0.643498948869322,0.000279740616592475,0.655,0.815
4,"index","flexible",0.0555634904902703,2.35198675055958,0.000849852197388347,0.239363604271393,0.12170699503485,0.642200881587278,0.000601630578829615,0.655,0.815
4,"offindex","oracle",0.00886781932793528,0.99113575461125,0.011717962376568,0.160948782204255,0,0.837056504354995,0.919760291342611,NA,NA
4,"offindex","none",0.0744835929418573,2.13513318721137,-0.155902814144361,0.219663046777996,0.211130759494485,0.703704536581673,6.16842030396421e-07,0.32,0.85
4,"offindex","linear",0.0241744003653787,1.14892527222467,-0.162887781404863,0.212948115353776,0.190130509185409,0.703704536581673,0.256748177091109,0.32,0.85
4,"offindex","flexible",0.0266703341010745,1.15443467169446,-0.165895598698814,0.212990125753271,0.190289534358426,0.703704536581673,0.251181390205593,0.32,0.85
5,"correct","oracle",0.00702313255886438,1.01590930357293,-0.0169947578085116,0.176036438074832,0,0.814008392560336,0.579947989058303,NA,NA
5,"correct","none",0.0661133336899239,1.79652131726076,0.260534963107853,0.224484376013092,0.187961105792033,0.704251418170057,0.00201665853138973,0.225,0.13
5,"correct","linear",0.0201087736217976,0.893092759355869,0.072340648931407,0.218777482682522,0.168725442351943,0.704251418170057,0.127857375284508,0.225,0.13
5,"correct","flexible",0.0231573580275745,0.898460554297248,0.0715914857398881,0.219016136236866,0.17045251172247,0.704246938169877,0.0750549670116679,0.225,0.13
5,"index","oracle",0.0057492144105729,1.02758624572079,-0.00175774290757617,0.207503543184194,0,0.718504036634082,0.69112435146805,NA,NA
5,"index","none",0.0338499066057103,1.47632202783709,0.128389446920082,0.238332288715938,0.124304947484539,0.628666454499523,0.0961940296898771,0.7,0.685
5,"index","linear",0.0277286057507653,1.39784770943163,0.0789771933871115,0.237783273011071,0.123368951563092,0.628666454499523,0.155300808671404,0.7,0.685
5,"index","flexible",0.0269436677584318,1.17449216226221,0.0665601461929822,0.239602569186113,0.130882797464496,0.621817099088473,0.445782512557116,0.7,0.685
5,"offindex","oracle",0.0056228029677118,1.00785874354416,-0.010871023000377,0.159606904896703,0,0.840309798666102,0.747458356269768,NA,NA
5,"offindex","none",0.0479773006836451,1.74986754157467,-0.325803560012116,0.225654820355752,0.217786805325579,0.666477713688784,3.4343540855112e-05,0.48,0.11
5,"offindex","linear",0.0187179874567122,1.11248149016495,-0.0957175987623149,0.222676016546747,0.207382095830339,0.666477713688784,0.0762233873523895,0.48,0.11
5,"offindex","flexible",0.0177130902490558,1.043349784929,-0.065901381899947,0.223539532331553,0.208815068217818,0.662946105332657,0.138510808373325,0.48,0.11
6,"correct","oracle",0.00761943250519765,1.01197146018612,0.00263702597573918,0.176086108424785,0,0.813936923484231,0.730133269550185,NA,NA
6,"correct","none",0.0685744846859138,1.86930734104333,-0.0728824407869897,0.222021625292806,0.18228892563542,0.711948467987117,0.000250758415763131,0.74,0.705
6,"correct","linear",0.0367507981348316,0.868121084395839,0.132411014336313,0.217420139648534,0.16157695096133,0.711948467987117,0.353272903963244,0.74,0.705
6,"correct","flexible",0.0378931723276,0.78597405222819,0.129628590756893,0.218547199088933,0.164314705147399,0.711948467987117,0.0564842125804324,0.74,0.705
6,"index","oracle",0.00918959102909009,1.00948582917205,-0.00714481135691631,0.208701573824066,0,0.716078672767312,0.624065578289434,NA,NA
6,"index","none",0.0318864279963758,1.54444709619929,0.0539879327125203,0.235590214087373,0.11727463084873,0.64260246597068,0.0626532859275205,0.415,0.395
6,"index","linear",0.0217922820330951,0.858384015430637,0.0184193147502127,0.234270943372676,0.12339279161049,0.64260246597068,0.876676583439405,0.415,0.395
6,"index","flexible",0.0233388349326254,0.75254195582195,0.00577794478067315,0.234838959026999,0.119840605060624,0.64260246597068,0.64687381103978,0.415,0.395
6,"offindex","oracle",0.00491703323202838,0.996984574382816,-0.0234361315269617,0.162028634858709,0,0.836579901273434,0.95522695035647,NA,NA
6,"offindex","none",0.0478806214295481,1.65321581932893,-0.208653720768457,0.220788889979895,0.206564944939316,0.688242421999923,0.0240937441810146,0.565,0.465
6,"offindex","linear",0.00947245663602505,1.08480194968076,-0.0272154614874261,0.217642930873241,0.194975806446915,0.688242421999923,0.481357423688515,0.565,0.465
6,"offindex","flexible",0.022317612873289,1.06836145405586,-0.0199957035060655,0.218186255180602,0.195852923943534,0.688242421999923,0.376200933982749,0.565,0.465
7,"correct","oracle",0.00539428233545775,0.998845037435361,0.016773726187005,0.176720928084704,0,0.812557869002161,0.097985687156223,NA,NA
7,"correct","none",0.0593653089059818,1.73904746047009,-0.118727098006274,0.221366300171009,0.180300440882376,0.709265613084286,0.00518864727666493,0.665,0.945
7,"correct","linear",0.0182576089934572,1.15266156838963,-0.0257587703707487,0.216869702833188,0.165400149418911,0.709265613084286,0.536398186791043,0.665,0.945
7,"correct","flexible",0.0324093704007492,1.12409569785724,-0.0277374376445086,0.217890614418326,0.167527023757358,0.709265613084286,0.139165844336041,0.665,0.945
7,"index","oracle",0.00520500165207083,1.00191793154802,-0.00207665931879529,0.209884573245817,0,0.71133192790826,0.988518072317422,NA,NA
7,"index","none",0.025720538983066,1.26589507352066,0.0987146084559463,0.235054721251065,0.118662311909267,0.641224294819704,0.0857807677169089,0.19,0.1
7,"index","linear",0.029620694275915,0.83369663130412,-0.0892456594149767,0.235308941088201,0.126064532475084,0.641224294819704,0.0379362661184777,0.19,0.1
7,"index","flexible",0.034266564990189,0.738081217538538,-0.0850663841784533,0.237560667871375,0.126835863990049,0.629116231109594,0.000214530845776106,0.19,0.1
7,"offindex","oracle",0.00449737146510775,1.0067196177069,-0.0101978438920421,0.160493390059844,0,0.83861242020943,0.770961127566381,NA,NA
7,"offindex","none",0.0498283815602599,1.67090063309735,-0.139440170957268,0.219332935109583,0.208077898194771,0.691663578479056,0.218810092377105,0.145,0.08
7,"offindex","linear",0.0320008833897514,0.782734186751257,0.0670012659537781,0.217092084547758,0.191932743997293,0.691663578479056,0.00555519000750331,0.145,0.08
7,"offindex","flexible",0.0478684973740652,0.562913801162705,0.12628155061638,0.219687939118022,0.198117578414503,0.691663578479056,1.97898953758368e-13,0.145,0.08
8,"correct","oracle",0.00489485496160678,1.00384964526896,-0.000973849543930488,0.175757702738203,0,0.814630253266891,0.599488817780106,NA,NA
8,"correct","none",0.0649056446384835,1.85066637971228,0.058368738854186,0.219686537943856,0.17849807034205,0.71846977864912,0.0122265624250551,0.915,0.68
8,"correct","linear",0.00991989910658203,0.965974817165775,-0.0407874147360284,0.213775120071786,0.156660111083487,0.71846977864912,0.14815045036554,0.915,0.68
8,"correct","flexible",0.0282773943793006,0.869989663953591,-0.0393875209404409,0.215438883372051,0.158559464465374,0.717696228370642,0.0523665840435494,0.915,0.68
8,"index","oracle",0.0077527962495376,0.98669606529249,0.0162502653982582,0.209087062354462,0,0.714806138430742,0.315212729391538,NA,NA
8,"index","none",0.0356073733922114,1.38105664968167,0.133083953707323,0.236018275571411,0.119717637031299,0.640709766967811,0.368848766527958,0.53,0.625
8,"index","linear",0.0535970842920625,1.10581786247147,-0.252943046367336,0.237447800908815,0.130540576175285,0.640709766967811,0.000643430514081615,0.53,0.625
8,"index","flexible",0.0601860520846656,0.627225889437738,-0.16966354105809,0.240454933719754,0.128694356813235,0.640698836250646,1.11335728953689e-08,0.53,0.625
8,"offindex","oracle",0.00603004976764629,0.982078765896569,-0.000981002122856733,0.162104551307853,0,0.834886358084208,0.959901015263886,NA,NA
8,"offindex","none",0.0665354376518859,1.81171929622655,0.0638218473342627,0.222586335078138,0.214651227165169,0.689080547925363,0.00030043729517488,0.58,0.6
8,"offindex","linear",0.065145863074613,0.73761144420619,-0.137692097269734,0.221490323647473,0.1949134853871,0.689080547925363,1.1267789009255e-06,0.58,0.6
8,"offindex","flexible",0.0711468346817548,0.695035789847773,-0.103984577484186,0.222359157148138,0.196254836971178,0.688964744002566,2.00254597330355e-06,0.58,0.6
9,"correct","oracle",0.00848998286392945,0.979475751050793,0.000929922587689718,0.178424967486642,0,0.808880309150581,0.83061879531753,NA,NA
9,"correct","none",0.0861899135443335,2.17736205247944,0.411753265279056,0.224765129965329,0.188156954916278,0.718132196441452,1.02292099402664e-06,0.89,0.175
9,"correct","linear",0.0226218611980473,0.957875701448302,0.10231651379456,0.214500344874311,0.157513335385483,0.718132196441452,0.291380670356326,0.89,0.175
9,"correct","flexible",0.0307368333283515,0.928615865828602,0.0981093570061883,0.215074974976769,0.15827061778397,0.718132196441452,0.0557435729956435,0.89,0.175
9,"index","oracle",0.00899530679129713,0.975734598483968,0.0110851911641825,0.208161099618463,0,0.717586825303701,0.236033699940981,NA,NA
9,"index","none",0.0553293557474904,1.68445033896622,-0.286765273001154,0.236944596228036,0.125962843020417,0.648182772992856,0.0112632673653935,0.115,0.195
9,"index","linear",0.028809524916626,1.11456440613525,0.135576885485115,0.23373423915225,0.122167555276164,0.648182772992856,0.60671846240601,0.115,0.195
9,"index","flexible",0.0303633428302751,1.11441558559554,0.133140099300482,0.233822429220349,0.12200685208694,0.648182772992856,0.426245012849371,0.115,0.195
9,"offindex","oracle",0.00869785355559147,0.997932016955261,0.0205280498130727,0.160323634936558,0,0.838223418086605,0.0307046178484803,NA,NA
9,"offindex","none",0.0591580077053986,1.91336968892926,-0.234739151591365,0.221839097268942,0.214170680514051,0.686283547470383,0.0281927093293214,0.315,0.865
9,"offindex","linear",0.0263391356134371,1.0027363137687,0.119780124337592,0.217636459507156,0.199281315847048,0.686283547470383,0.900992694677816,0.315,0.865
9,"offindex","flexible",0.0310769982500739,0.998633838794183,0.107985344620677,0.218614264200944,0.201506758218324,0.685528664967416,0.841467295211992,0.315,0.865
10,"correct","oracle",0.00952310970986896,1.00485099513547,-0.0103892056155137,0.175437064697997,0,0.815279250471623,0.497215949187206,NA,NA
10,"correct","none",0.0629842646701672,1.73730750972857,0.00591983949060472,0.22116738122648,0.18257845709854,0.710837038018064,0.0018382410818195,0.925,0.015
10,"correct","linear",0.0424899428431139,1.12102551209534,0.216825518060342,0.218546012630867,0.17128833634476,0.710837038018064,0.0468903620187891,0.925,0.015
10,"correct","flexible",0.0514728084839289,1.0337408341431,0.198254219328792,0.220478659330722,0.174275024675498,0.710661506501442,0.00356184354457747,0.925,0.015
10,"index","oracle",0.00669289690999995,1.01087426604034,-0.00481212727385464,0.207757392635142,0,0.718041310972097,0.569248139962342,NA,NA
10,"index","none",0.0363443796621899,1.65062796254287,0.114837776120455,0.238346396344108,0.122930175401873,0.632441564806494,0.000900155710654399,0.785,0.3
10,"index","linear",0.0183484487842472,1.02750370932526,0.0800031743665926,0.236549558280112,0.125424651781956,0.632441564806494,0.0424350755596265,0.785,0.3
10,"index","flexible",0.0380861248053967,0.784178863239475,0.0765020550520201,0.238764275215247,0.125238690037203,0.627031903226756,0.00127814458172117,0.785,0.3
10,"offindex","oracle",0.00593053943696664,0.990375162911543,-0.00481170281341858,0.162175011172454,0,0.835938745653337,0.657893430890608,NA,NA
10,"offindex","none",0.0638558667428043,1.7676170448034,0.0738688044928814,0.222238548587602,0.213283939097729,0.692666073075291,2.98242580838387e-06,0.875,0.81
10,"offindex","linear",0.0251619540565675,0.90124231381699,0.11905331521949,0.217193770988943,0.194369079379055,0.692666073075291,0.030032614276966,0.875,0.81
10,"offindex","flexible",0.0424492901965262,0.861988027446904,0.122567738041315,0.218965762107845,0.197052988154536,0.692107398637504,0.016368721474892,0.875,0.81
11,"correct","oracle",0.00768939233970735,1.03404697534044,-0.0358085896403723,0.174471406758565,0,0.817412112028497,0.565987985442259,NA,NA
11,"correct","none",0.0495751715310427,1.6125005979295,-0.0697378083673539,0.221259512199875,0.180587100837925,0.705732206970091,0.00391195909556896,0.645,0.855
11,"correct","linear",0.0116067866267947,0.955984507507594,0.0246897527186641,0.217698696517474,0.166516664895444,0.705732206970091,0.342065353209076,0.645,0.855
11,"correct","flexible",0.038563538129626,0.906667044884329,0.0177022699037871,0.219523698138204,0.168657814406799,0.705732206970091,0.0998441862900618,0.645,0.855
11,"index","oracle",0.00964022995175625,1.02042672443601,0.00981422231542528,0.208283374131196,0,0.717080901543972,0.0521924259558869,NA,NA
11,"index","none",0.0345836504598631,1.62310602559128,0.0606226154833461,0.237359300797831,0.121510683424827,0.635827429463975,0.00587305447145388,0.56,0.94
11,"index","linear",0.0559136751346706,0.701696128869041,0.155542044239832,0.239671135395061,0.140872335052648,0.635827429463975,0.14562334263735,0.56,0.94
11,"index","flexible",0.0716275257618558,0.474884173474617,0.0806488633955286,0.242772978667598,0.142224740996025,0.635827429463975,0.000112932614239339,0.56,0.94
11,"offindex","oracle",0.00489082691364286,1.01552831441396,-0.000933886913329553,0.160097851753612,0,0.839419024664655,0.0937568249781977,NA,NA
11,"offindex","none",0.0715077558650253,2.2994798316933,-0.488632069743925,0.223110994407391,0.214825086956876,0.691518616412655,9.96583669619763e-08,0.64,0.69
11,"offindex","linear",0.0263504956804771,1.10780541126805,0.0914284047680123,0.216450777953242,0.196996623590896,0.691518616412655,0.217473948961891,0.64,0.69
11,"offindex","flexible",0.0316111158769518,1.06965086552538,0.0886626364152337,0.217227813659465,0.1978588784661,0.691518616412655,0.147538818846698,0.64,0.69
12,"correct","oracle",0.00968120755982482,1.01896605582684,-0.0035996268262822,0.174023075616299,0,0.818245883512073,0.0643027440015945,NA,NA
12,"correct","none",0.0803509637036145,2.13552648867056,0.0816178719661233,0.220146329509477,0.181882311287877,0.726070404362453,3.6140088819661e-08,0.55,0.54
12,"correct","linear",0.0243784641211123,1.20085614819765,0.0429690836708131,0.212019093340043,0.158384761517374,0.726070404362453,0.0465505416533433,0.55,0.54
12,"correct","flexible",0.0537310305195436,0.89198578162422,0.0762765908114789,0.215017615227481,0.163747086316232,0.726070404362453,9.95591947763694e-05,0.55,0.54
12,"index","oracle",0.00951025759427946,0.955236746493373,0.0206497604210875,0.210340862653041,0,0.709664818548387,0.569925089155132,NA,NA
12,"index","none",0.0302780355841962,1.42256673342724,0.0663899628098603,0.236641613471562,0.119997071640577,0.635953171002944,0.10056847706596,0.34,0.24
12,"index","linear",0.0243622576694313,0.819732632360816,-0.052734638646432,0.236230188753594,0.128547268348853,0.635953171002944,0.40318305495133,0.34,0.24
12,"index","flexible",0.0342298985704143,0.729523497498439,-0.0503713034176272,0.237429595698542,0.123143207472566,0.635953171002944,0.0749015883752152,0.34,0.24
12,"offindex","oracle",0.00610994778722659,0.977886777546838,0.021091493736195,0.162649488984257,0,0.834275233106889,0.0146003928112349,NA,NA
12,"offindex","none",0.0690254525960178,2.13520125585167,-0.621919745766181,0.223586531956758,0.214589150066286,0.687506859245978,1.39126401030714e-06,0.615,0.175
12,"offindex","linear",0.0233676305877549,0.909446068876195,0.115656448861098,0.21717341353752,0.194918738164414,0.687506859245978,0.0305909409810426,0.615,0.175
12,"offindex","flexible",0.028115565172043,0.900700518595305,0.121681432431299,0.217491286841464,0.195533388587348,0.687506859245978,0.0589702466855641,0.615,0.175
13,"correct","oracle",0.00761518959675795,1.00692546565497,-0.00478949876221513,0.176632815016327,0,0.812770144316336,0.810302880135695,NA,NA
13,"correct","none",0.0413773384500049,1.45862897527488,0.136975268427349,0.225819769927849,0.187633858980538,0.686970509539947,0.167446481742355,0.385,0.56
13,"correct","linear",0.0316363226564244,0.816274424947152,0.0963444305446732,0.224701885888486,0.176491857508827,0.686970509539947,0.00202415376646039,0.385,0.56
13,"correct","flexible",0.0369555551014077,0.816654612481136,0.0916785454982347,0.224996644609707,0.177045257888928,0.686970509539947,0.00241120457743792,0.385,0.56
13,"index","oracle",0.0117083840203127,0.961677556628005,-0.016218923484551,0.210874631893106,0,0.709123410364528,0.635563485521631,NA,NA
13,"index","none",0.0267148216966059,1.30625509257825,0.121190147526355,0.238000336336001,0.124388659589528,0.627948295810853,0.0229589661717035,0.75,0.22
13,"index","linear",0.0124958487141676,1.0930281380828,0.0522011519086354,0.237114711010307,0.124699583984078,0.627948295810853,0.166014876751174,0.75,0.22
13,"index","flexible",0.022971425959274,0.94971517030953,0.0460427825715627,0.238672841717851,0.124704889003338,0.622241469879109,0.0478612692598042,0.75,0.22
13,"offindex","oracle",0.00772690442961834,0.988151803163081,-0.0262667906678381,0.162269259330767,0,0.835929779590312,0.82385092111708,NA,NA
13,"offindex","none",0.0564123927966769,1.79262741425128,-0.0522617438332311,0.222464975083064,0.213309267370046,0.68573066587444,1.45910471561595e-05,0.615,0.965
13,"offindex","linear",0.0104542059628387,1.03148341344144,-0.0120600005322899,0.217887416504623,0.196714679379029,0.68573066587444,0.445913915982563,0.615,0.965
13,"offindex","flexible",0.0155618768988186,1.01574525935687,-0.0095060218868683,0.218095778991351,0.197341458174901,0.68573066587444,0.607483982533599,0.615,0.965
14,"correct","oracle",0.00598823570441493,1.02699327990472,-0.0096882156264678,0.176108442710009,0,0.813852261636186,0.546730990938482,NA,NA
14,"correct","none",0.0734403769302303,2.11025528266896,0.115949251516692,0.222587733399548,0.182518526519548,0.715564469031505,5.60486907075195e-06,0.72,0.825
14,"correct","linear",0.0357753385234036,0.863155688318598,-0.128852452849938,0.216048287172123,0.157337238370991,0.715564469031505,0.00557728630348437,0.72,0.825
14,"correct","flexible",0.0377600876652601,0.839281172597166,-0.126117774869563,0.216691446051126,0.158122108423793,0.715564469031505,0.00142466219766733,0.72,0.825
14,"index","oracle",0.00737631398116378,1.00012897906717,-0.012467681225451,0.209853657010934,0,0.711080166456322,0.436695305673507,NA,NA
14,"index","none",0.019985814149823,1.35885332973264,0.0105337338466908,0.237288610002311,0.119609048687577,0.629619562749948,0.35307653358052,0.395,0.425
14,"index","linear",0.0603952219023796,1.05072593936058,0.269000255867287,0.240195800121773,0.134048293133484,0.629619562749948,0.0121508338740635,0.395,0.425
14,"index","flexible",0.0606839606194161,1.05022005579538,0.27067902874343,0.240230243000726,0.134710904925163,0.629619562749948,0.00741531222185484,0.395,0.425
14,"offindex","oracle",0.00917370967928825,0.995541859871179,0.005167782491559,0.16248503820516,0,0.834276387072238,0.704791823522113,NA,NA
14,"offindex","none",0.0530875380027856,1.83570618430549,-0.286719614514797,0.221706381389574,0.2079155977896,0.685111257451938,0.00792096811399799,0.75,0.815
14,"offindex","linear",0.0336737002307575,0.952279191083575,0.162714985810376,0.218669393135266,0.193292071374352,0.685111257451938,0.515861957920577,0.75,0.815
14,"offindex","flexible",0.0326958893527253,0.934644494265075,0.162316217476435,0.219213036499122,0.194205985875615,0.685111257451938,0.315445041476301,0.75,0.815
15,"correct","oracle",0.00714430595210201,0.965802864771264,0.00364074562700232,0.178858926845579,0,0.807968947100126,0.357898003423056,NA,NA
15,"correct","none",0.0654979933623736,1.75207143366863,0.198366472539058,0.219130090486051,0.176360145215902,0.719796040669466,1.6543326712131e-06,0.68,0.805
15,"correct","linear",0.0500870006368305,0.708213737151696,0.0578340344369457,0.216458445214775,0.153552106610282,0.719796040669466,0.00106173648262599,0.68,0.805
15,"correct","flexible",0.0634049317506855,0.671654171191514,0.0761675737060273,0.219757029622148,0.160253111730797,0.713554626674961,5.49239559000644e-05,0.68,0.805
15,"index","oracle",0.00738342749325807,1.00390925418999,0.0175972689992172,0.209041069083173,0,0.712394509591685,0.187143373926354,NA,NA
15,"index","none",0.0206525981110714,1.30258255824548,0.00275661559821727,0.234926236436565,0.11857661025442,0.640815545294936,0.277470205355227,0.875,1
15,"index","linear",0.0163754521516049,0.885519778932441,0.0272070434697824,0.234549088492014,0.124367783310328,0.640815545294936,0.370054328410986,0.875,1
15,"index","flexible",0.0298028502135396,0.765905053617683,0.0387330734817595,0.235702847412058,0.117506844911079,0.640815545294936,0.313937396104201,0.875,1
15,"offindex","oracle",0.00632920267571647,0.986831175144557,-0.0163199958956842,0.163019415729078,0,0.834289736175508,0.945964278829551,NA,NA
15,"offindex","none",0.0398222505014074,1.430648768696,-0.192834062538231,0.219496259781129,0.202107146779897,0.687917124641646,0.015303897720299,0.405,0.92
15,"offindex","linear",0.0239034228285116,0.802489309736833,0.0835345458202932,0.218502834871233,0.190034266142249,0.687917124641646,0.016034143535244,0.405,0.92
15,"offindex","flexible",0.0469342665472148,0.714036255646528,0.131224529112017,0.221078667030812,0.194429656602435,0.687917124641646,0.0723026925450176,0.405,0.92
16,"correct","oracle",0.00697777988092929,1.02194180769715,0.0142691933340146,0.174996145644308,0,0.816227194470705,0.696519710917438,NA,NA
16,"correct","none",0.061679869008249,1.63287938756251,0.241902299837121,0.219514163639798,0.175548128014999,0.716580076438443,2.70697963762887e-06,0.765,0.265
16,"correct","linear",0.0171884981842308,1.13373394808723,-0.0482334681815251,0.214561692206229,0.160846836603715,0.716580076438443,0.0456467290920793,0.765,0.265
16,"correct","flexible",0.0352832019980747,1.11793835447411,-0.0328524926966421,0.21597221568413,0.164712744853812,0.716580076438443,0.0185083815065393,0.765,0.265
16,"index","oracle",0.00659763799439144,0.973230041933922,0.0134377997464221,0.210452809886248,0,0.712042831283131,0.863952834115072,NA,NA
16,"index","none",0.0292766568101027,1.46778010662118,0.0857808829560797,0.239510693388065,0.123960819295399,0.622209587867323,0.00817152047538942,0.105,0.015
16,"index","linear",0.0232601147496368,1.10496090001417,0.105975481604233,0.238859189135139,0.127051219045758,0.622209587867323,0.0587789030853657,0.105,0.015
16,"index","flexible",0.0295788221028466,0.848333785248976,0.0768726329873168,0.24068873625036,0.126181410215883,0.616009323701903,0.012162202560792,0.105,0.015
16,"offindex","oracle",0.00491346740044563,0.984324006537388,0.0205130766435869,0.162571094258482,0,0.834205655914341,0.331128482745992,NA,NA
16,"offindex","none",0.0540923216998618,1.54610430541426,0.0932219197985899,0.219733098719131,0.205453894732224,0.691926289852571,2.53284376608865e-05,0.4,0.65
16,"offindex","linear",0.0221349933665077,0.869210458878254,0.124135565050586,0.216473984503691,0.18874336592165,0.691926289852571,0.612988337983911,0.4,0.65
16,"offindex","flexible",0.0319290779993926,0.775885395105987,0.145359314271033,0.217558816216409,0.191246194319073,0.691926289852571,0.0426586308751806,0.4,0.65
17,"correct","oracle",0.00798555598009014,0.993712174134186,-0.0121824365251388,0.177895440130869,0,0.810011201951293,0.881615068432747,NA,NA
17,"correct","none",0.0669944637519853,1.76378424632102,-0.294877408365331,0.224901506161286,0.187226658328688,0.702696366558055,0.0136124732552886,0.945,0.765
17,"correct","linear",0.0302447798235826,1.07106550192248,-0.141623845515631,0.219506961896796,0.171261353934923,0.702696366558055,0.746081992285208,0.945,0.765
17,"correct","flexible",0.0367659485214687,0.856498044715491,-0.121259743527444,0.225194075210149,0.178604403229048,0.685740214813137,0.0512683832940358,0.945,0.765
17,"index","oracle",0.00716848798165704,0.997992429903528,0.0086459604423752,0.208366321176272,0,0.716073429597886,0.687604385237976,NA,NA
17,"index","none",0.0533339745607828,1.52563334232388,0.277357675744137,0.236764341768539,0.12332683319811,0.646908964539526,0.444244358429114,0.385,0.63
17,"index","linear",0.0443830775907854,1.10998522240863,0.207533276942439,0.235083376051661,0.123814915295252,0.646908964539526,0.928576689000879,0.385,0.63
17,"index","flexible",0.0559600795926803,0.794633221799887,0.16088628359091,0.238622283679667,0.12829845676805,0.628756870607536,0.2126645720344,0.385,0.63
17,"offindex","oracle",0.00935649638204151,1.04769997228746,0.00869372123715999,0.156898976337944,0,0.845572893844779,0.0121154645125812,NA,NA
17,"offindex","none",0.0488478185434634,1.51692104693748,-0.00293491236181776,0.214173695021252,0.198936638936669,0.706963375382673,0.288680264473019,0.585,0.06
17,"offindex","linear",0.0342410207522711,1.32257999803935,-0.0134986054695698,0.212459419680029,0.193866305825397,0.706963375382673,0.245941659668257,0.585,0.06
17,"offindex","flexible",0.0390168142010484,1.2701111696759,-0.00575685327182652,0.213156516745356,0.195005177583973,0.706963375382673,0.0705854172556016,0.585,0.06
18,"correct","oracle",0.00624851371039328,1.00351697574965,0.000416463037183819,0.175001969375666,0,0.816186726685153,0.170303925834962,NA,NA
18,"correct","none",0.0521868906165398,1.65946230595012,-0.0896160144690663,0.222733170897467,0.185683197201787,0.701880055810768,2.01403208521594e-05,0.59,0.95
18,"correct","linear",0.0159840971512757,0.944087233246241,-0.0676927555773305,0.219066718837978,0.169979986119977,0.701880055810768,0.0460656900515914,0.59,0.95
18,"correct","flexible",0.0277912600842981,0.904546411536851,-0.0819418100288604,0.220156735635539,0.172191106026118,0.701880055810768,0.258016522765103,0.59,0.95
18,"index","oracle",0.00573136721335799,0.971009066519414,-0.00829198134132242,0.209291666438152,0,0.713100201607258,0.983152255643665,NA,NA
18,"index","none",0.0219649822293171,1.26496400409449,-0.0027823552508293,0.233989130824922,0.11903646048225,0.645213677692397,0.718907488743394,0.76,0.33
18,"index","linear",0.023643364047022,0.827122025794795,0.0640995283917939,0.234312560019895,0.127278646412212,0.645213677692397,0.446253358287145,0.76,0.33
18,"index","flexible",0.0416242677673646,0.735466688842116,0.0340972998173088,0.236028781730523,0.134224973400011,0.640596071458573,0.118803741463985,0.76,0.33
18,"offindex","oracle",0.00748628381028335,0.998647666505334,0.0104315829024948,0.161278085753638,0,0.836479973888283,0.71943251910083,NA,NA
18,"offindex","none",0.0504835640316447,1.60555241979668,-0.200795290313007,0.219612479702856,0.206418987576516,0.687854232642982,0.014991573652855,0.03,0.04
18,"offindex","linear",0.0471609064240438,0.930444585947673,0.225234062481293,0.219150818480059,0.19754561438,0.687854232642982,0.0048475341940605,0.03,0.04
18,"offindex","flexible",0.0463070652456895,0.885785211642561,0.227053438574463,0.219830520571504,0.198259614079932,0.687854232642982,0.00017271623805933,0.03,0.04
19,"correct","oracle",0.0107345657094901,0.986097311236286,0.0326859112243514,0.177537511098237,0,0.810842387018011,0.148029256378527,NA,NA
19,"correct","none",0.0816649160224775,2.32269182189617,0.129629189398184,0.22471775542153,0.190685627957032,0.713796972295838,9.58121017791363e-10,0.78,0.22
19,"correct","linear",0.0515765153275645,0.715691155863889,-0.0771953134852118,0.218436461610616,0.161880412658946,0.713796972295838,0.0181518478449603,0.78,0.22
19,"correct","flexible",0.0506171314485713,0.608900551743633,-0.101275634250806,0.219482617257124,0.165773272288276,0.713796972295838,0.00215691687475673,0.78,0.22
19,"index","oracle",0.00762904530574415,1.00519488808492,-0.011137941529132,0.208501794277874,0,0.71330180932052,0.749485526443487,NA,NA
19,"index","none",0.0341553007805191,1.66908761106334,-0.0476171026821719,0.237852680592089,0.122731476095523,0.633400704024708,0.0337882018279383,0.795,0.86
19,"index","linear",0.0306595090451994,0.783449129982343,0.0570300632803604,0.23701065974765,0.133699199720619,0.633400704024708,0.000361928607115307,0.795,0.86
19,"index","flexible",0.0435999786461602,0.595259145507316,0.0201171438652932,0.240927407086733,0.141588902835897,0.623063226791679,1.14364409147117e-05,0.795,0.86
19,"offindex","oracle",0.0109666652484061,0.990891165044457,-0.0193038585890214,0.161620473410066,0,0.836652050051988,0.157494713898401,NA,NA
19,"offindex","none",0.0599426553586471,1.86495712425474,-0.202376496585583,0.219683258045386,0.208602560221834,0.697900551079699,0.00125585857429772,0.905,0.525
19,"offindex","linear",0.013120723714502,1.07421737109913,-0.0279300458432987,0.214771792882794,0.192426762073803,0.697900551079699,0.326640396373725,0.905,0.525
19,"offindex","flexible",0.0438442489249488,0.768635653458784,0.0617457419441826,0.221878294711293,0.20301982171043,0.65902873063004,0.233982999893032,0.905,0.525
20,"correct","oracle",0.00887323424598952,1.02367303359763,0.040189296188032,0.174376095437044,0,0.817647327037982,0.419016336744338,NA,NA
20,"correct","none",0.0674916844590144,1.92846781112681,0.0835984951019828,0.222621585312786,0.185307966426633,0.710786564485397,0.00012135557798887,0.935,0.845
20,"correct","linear",0.0171653642287932,0.906353237640319,-0.0259135611935977,0.216432796701756,0.163649031146663,0.710786564485397,0.102766492124925,0.935,0.845
20,"correct","flexible",0.0551469042893191,0.780365178655369,-0.0535014763346843,0.221666652325136,0.174787366294573,0.703898729099028,1.56674661863557e-05,0.935,0.845
20,"index","oracle",0.0059097532404865,1.00375899637407,0.000189461438006336,0.208965825767569,0,0.714092299620907,0.919542190265231,NA,NA
20,"index","none",0.0271089983038075,1.2902580350283,0.098771370575986,0.238423257381999,0.126094906444376,0.625201885395695,0.351897220164257,0.315,0.31
20,"index","linear",0.0176783499247239,0.943244551742254,-0.0706181125643443,0.237895571031668,0.130434876068783,0.625201885395695,0.627683585363062,0.315,0.31
20,"index","flexible",0.0206359158098611,0.906803589980109,-0.0689166388707381,0.23850809871464,0.133785301349261,0.625201885395695,0.574559216417516,0.315,0.31
20,"offindex","oracle",0.00649386700009737,1.00065284368462,0.0145951448173678,0.161713227298553,0,0.836129007838826,0.00381384903553377,NA,NA
20,"offindex","none",0.0495149868137942,1.65365172525636,-0.290739029305703,0.221555872221832,0.209759823042165,0.682802990003631,0.108922855423711,0.02,0.105
20,"offindex","linear",0.0461742264908954,0.968108005586821,0.213792006309642,0.220434544895856,0.201197507957422,0.682802990003631,0.0350267235785478,0.02,0.105
20,"offindex","flexible",0.0476723219429909,0.908981845973933,0.228902222608,0.221691408291586,0.203743431397432,0.680840353970774,0.0192767515893358,0.02,0.105
21,"correct","oracle",0.00644409007275618,0.976602685062364,0.0199725435609859,0.17827975142951,0,0.809264623211533,0.541316426914643,NA,NA
21,"correct","none",0.0664653596025488,1.83818419229748,0.110396976196909,0.223184679017986,0.185289714676913,0.706968727407079,5.48236384421255e-06,0.58,0.36
21,"correct","linear",0.0180414603348645,0.885539284707853,0.0144528290272133,0.217770101379336,0.164479791517746,0.706968727407079,0.60096322250751,0.58,0.36
21,"correct","flexible",0.0396445342394335,0.801326139143858,0.00616926012386043,0.220609044832029,0.169254958693448,0.703147564793892,0.487151758739237,0.58,0.36
21,"index","oracle",0.011871411532535,1.00467092062952,0.000874318927902822,0.209545386787878,0,0.712024466328808,0.289817044117843,NA,NA
21,"index","none",0.0260083951561178,1.36756200797046,0.0735820310074479,0.236677191839913,0.11996915596432,0.63433763836155,0.249413958788771,0.56,0.675
21,"index","linear",0.0859104075929658,1.41083931853416,-0.505620052865946,0.244221238076588,0.144106851629422,0.63433763836155,2.94324178192277e-07,0.56,0.675
21,"index","flexible",0.0868554622562384,0.870044943666833,-0.321622483879378,0.247763461294684,0.148328693251624,0.606571518365747,2.73935173882288e-07,0.56,0.675
21,"offindex","oracle",0.00772123791890512,1.02336863736654,0.00827933431149838,0.159610257148293,0,0.840772010849626,0.3889621689698,NA,NA
21,"offindex","none",0.049040428602627,1.64954172424189,-0.31385152767087,0.220263928665527,0.207686713008299,0.687741681903606,0.000969141163622072,0.105,0.12
21,"offindex","linear",0.0529188382148948,1.48479034952069,-0.397546346920876,0.220524372401921,0.205752376094555,0.687741681903606,0.00046569821967043,0.105,0.12
21,"offindex","flexible",0.0461400826034585,1.3198224884054,-0.315313843635617,0.2226765371831,0.208476080340948,0.66985284165614,0.00205575878632431,0.105,0.12
22,"correct","oracle",0.00491213932365779,0.985018374094585,-0.0041316455704369,0.177851549486549,0,0.810150266616384,0.515146742580779,NA,NA
22,"correct","none",0.0554074730067308,1.62795032467584,0.0271385716147437,0.218821191592293,0.173578652531067,0.714801029313482,0.0024322091545744,0.425,0.58
22,"correct","linear",0.0168867429946378,0.907637923676055,-0.0149054945486074,0.215111182807945,0.1548400911201,0.714801029313482,0.431334633209834,0.425,0.58
22,"correct","flexible",0.0396754155802081,0.858536650750791,-0.0143484960730572,0.216830169815977,0.157389503181421,0.714787849294503,0.6872963076288,0.425,0.58
22,"index","oracle",0.0115179298320438,1.03891647264315,0.0376437739777314,0.2077386632255,0,0.718413852970346,0.885229504126301,NA,NA
22,"index","none",0.0209225807631086,1.25845041358846,0.0156903619578534,0.235333033115041,0.118389204030157,0.637146185308228,0.640775898829623,0.21,0.675
22,"index","linear",0.0257722276036615,0.845806040768129,0.0573550636871521,0.235532448883148,0.124821962750825,0.637146185308228,0.120638349745444,0.21,0.675
22,"index","flexible",0.0359323280472264,0.748705574338761,0.0505250273064752,0.236624263114963,0.126692452620139,0.637146185308228,0.0247185500624184,0.21,0.675
22,"offindex","oracle",0.00492510799882209,1.01016115714353,0.00996277016580487,0.160920436850186,0,0.837867438377766,0.487400475952207,NA,NA
22,"offindex","none",0.0655256116617938,1.95136686847682,-0.171940040603555,0.219421913105919,0.207355743162178,0.699218229357189,0.000388466422894119,0.42,0.49
22,"offindex","linear",0.0186051877656303,0.874941388863559,0.0434272867991361,0.214118280622173,0.185141049719553,0.699218229357189,0.302022150748477,0.42,0.49
22,"offindex","flexible",0.0219642261824233,0.848193672104953,0.0539247139499294,0.214334182390589,0.185987264005911,0.699218229357189,0.502412922519145,0.42,0.49
23,"correct","oracle",0.0108553708596731,0.979407411526509,-0.0401648293955221,0.178672360300638,0,0.808498618937969,0.182836014086037,NA,NA
23,"correct","none",0.0635723814708042,1.91525970309985,0.00757477015090379,0.223498444439509,0.183823932609707,0.705517429520072,1.64073746919051e-05,0.575,0.565
23,"correct","linear",0.0421635912880771,0.852853117266506,-0.173462722233611,0.220012379485836,0.161994646415306,0.705517429520072,0.0396262473409419,0.575,0.565
23,"correct","flexible",0.0565844281819868,0.75810367580518,-0.174922153837449,0.225664853017805,0.170838673127561,0.692702777217395,0.00154834551817536,0.575,0.565
23,"index","oracle",0.0098496432839775,0.973829666475972,-0.015819543326786,0.209752693040844,0,0.711039383908435,0.089960850506128,NA,NA
23,"index","none",0.0308550084614507,1.43835768861066,-0.122322292512359,0.242066321343254,0.130664170578085,0.606305539869543,0.421971613190838,0.905,0.52
23,"index","linear",0.032476290840594,0.743981578596588,0.0212564169234825,0.241834104612338,0.140067931020461,0.606305539869543,0.0623148672028355,0.905,0.52
23,"index","flexible",0.0358012063066652,0.739633352172452,0.0233181445502828,0.242177005183711,0.141879613143941,0.606305539869543,0.114620955591026,0.905,0.52
23,"offindex","oracle",0.00863899979095351,0.993422285961815,0.00353223625453933,0.161270868077575,0,0.836604564963166,0.843862467263865,NA,NA
23,"offindex","none",0.0535853890901334,1.89244826202914,-0.253659928317056,0.223183873340498,0.2158201682842,0.679410337248287,0.00235074362996991,0.57,0.885
23,"offindex","linear",0.00955846437015095,0.958728329903257,0.0322214834667246,0.218831331739261,0.199542636707774,0.679410337248287,0.275613554715579,0.57,0.885
23,"offindex","flexible",0.0221770248733772,0.904594586800004,0.0497007624370849,0.219709767124794,0.200728450828229,0.679047231347972,0.267889489863189,0.57,0.885
24,"correct","oracle",0.00830353078577893,0.993608388666078,0.0319973121985464,0.176567775958923,0,0.812915173019826,0.370651678787624,NA,NA
24,"correct","none",0.0661060899365265,1.83785428152777,0.149099833261451,0.220852251444549,0.180313390853372,0.715586630796742,1.20795928429314e-08,0.395,0.615
24,"correct","linear",0.0268682091384044,0.924459145877577,0.118851951785789,0.21550714982495,0.158709323841033,0.715586630796742,0.0376819301155331,0.395,0.615
24,"correct","flexible",0.0284773124129924,0.850027479784933,0.119107674525054,0.21647459562844,0.161607806426307,0.714921389934788,0.0363419061678578,0.395,0.615
24,"index","oracle",0.00884104707026522,1.01801743505098,0.0145178854730762,0.208798827453629,0,0.717621655094163,0.20024873596147,NA,NA
24,"index","none",0.0293500250984195,1.28986613897936,0.125251182551652,0.237658070748548,0.125089808472355,0.628753687161946,0.0716036494714106,0.655,0.855
24,"index","linear",0.038178625362488,1.52415350523225,0.167398877810787,0.238646736056966,0.124832599589392,0.628753687161946,0.018571976909511,0.655,0.855
24,"index","flexible",0.0343346507767869,1.14725400938876,0.134004774355373,0.240399158618484,0.132247436758241,0.600446925448038,0.0100908096167638,0.655,0.855
24,"offindex","oracle",0.00768982909995772,1.00321471286059,0.00237276914959639,0.161244896506059,0,0.837526456997355,0.293590654295848,NA,NA
24,"offindex","none",0.0609221999117766,1.71781679531568,0.0718481060622917,0.222151901596427,0.211625005150937,0.687910417760643,5.72322531681163e-05,0.46,0.495
24,"offindex","linear",0.0526310313917705,1.07032042050155,0.230771384532609,0.219810429647973,0.200619705315194,0.687910417760643,0.00200530347580544,0.46,0.495
24,"offindex","flexible",0.0513912545321488,0.985231465276917,0.233162907880249,0.220676698400712,0.201529095322605,0.687910417760643,0.000151387393825524,0.46,0.495
25,"correct","oracle",0.00566414908551044,1.0018895658943,0.0181769874609181,0.176801747254699,0,0.812312907400985,0.978461772465471,NA,NA
25,"correct","none",0.059250880294733,1.63446840333438,-0.289478505019729,0.221689022924145,0.179268508359188,0.709882349900647,0.000207187961215404,0.465,0.955
25,"correct","linear",0.0103988172494166,1.05060597477295,0.0180794557507553,0.216303461713654,0.161772327975824,0.709882349900647,0.867780555369807,0.465,0.955
25,"correct","flexible",0.0214709427756148,1.04226139910218,0.0186188085242975,0.216840928464651,0.162699573492654,0.709882349900647,0.420674048315617,0.465,0.955
25,"index","oracle",0.00772276517497638,0.986802699820661,-0.022255071996904,0.209650663596888,0,0.712885688317749,0.971632479134314,NA,NA
25,"index","none",0.0341094967575719,1.59459267983661,0.0333384228414414,0.23541002979116,0.117219203272823,0.643966351813169,0.670799741493722,0.985,0.99
25,"index","linear",0.0298810920524566,0.864166897927924,-0.111677079075524,0.234661833999584,0.125817494454528,0.643966351813169,0.692071815961653,0.985,0.99
25,"index","flexible",0.0393551440374589,0.681435254290503,-0.0882570861523534,0.236310375854839,0.119475036096098,0.642982927377773,0.0087711771584186,0.985,0.99
25,"offindex","oracle",0.00501706480448436,0.999994769053054,0.0170173379260534,0.161090374312488,0,0.836766298845499,0.0194352123314754,NA,NA
25,"offindex","none",0.0595267502228509,1.84284114512415,-0.314432044545457,0.21944495455289,0.206710798168407,0.694300977910619,1.59912942160025e-05,0.375,0.16
25,"offindex","linear",0.0208929573190249,0.871995615307064,0.0901437453345183,0.215213958001947,0.187636454117459,0.694300977910619,0.595414990054112,0.375,0.16
25,"offindex","flexible",0.0508986944796601,0.493407642116855,0.139178747269461,0.219265150360257,0.195342541883888,0.693343423390381,3.75893190366078e-11,0.375,0.16
26,"correct","oracle",0.0051453248092265,0.986374799786356,-0.00849349056954844,0.178297748807959,0,0.809186220707941,0.359383880968695,NA,NA
26,"correct","none",0.0549235699384627,1.58603135433751,-0.102100369921369,0.220117566702787,0.174374534469342,0.710313333657821,0.000398662991565142,0.575,0.82
26,"correct","linear",0.0182080967221935,0.884360130851531,0.0163080668978455,0.216677633448422,0.157652607485397,0.710313333657821,0.120826640420965,0.575,0.82
26,"correct","flexible",0.0239285480915074,0.876363702653548,0.0157059492166849,0.216978214326002,0.158164534391954,0.710313333657821,0.217864664680491,0.575,0.82
26,"index","oracle",0.00671212697303416,1.02980162233754,-0.00204195215797819,0.207589106901327,0,0.718988088835712,0.791576503796207,NA,NA
26,"index","none",0.0451768772846792,1.18915820938486,0.208282668199387,0.233017176769638,0.121566060300918,0.655037395813463,0.301118414065491,0.475,0.065
26,"index","linear",0.0725479144867026,1.74571287523117,-0.460542232633121,0.238080014026968,0.131308603729573,0.655037395813463,2.4048419992886e-07,0.475,0.065
26,"index","flexible",0.0654650327877312,1.48115176698182,-0.375542553272295,0.238934531815747,0.132126837749885,0.644784402122385,1.17487887604227e-05,0.475,0.065
26,"offindex","oracle",0.00548380503277981,1.0106318678464,0.00603465663503702,0.159874852427971,0,0.839820627122381,0.962551182923944,NA,NA
26,"offindex","none",0.0563807572977278,1.74162721522824,-0.178981481160056,0.216042928434959,0.201845892313638,0.707281882359848,0.000137041827853126,0.845,0.58
26,"offindex","linear",0.0437026895537309,1.24958530747349,-0.302608752650544,0.21435501020223,0.192549869724756,0.707281882359848,0.00270476363926854,0.845,0.58
26,"offindex","flexible",0.045603123526625,1.20940695591218,-0.285680676092989,0.214569077750412,0.192824986310214,0.707281882359848,0.000826476776535585,0.845,0.58
27,"correct","oracle",0.00795826001307769,1.00336963628396,-0.0178644072045171,0.176141981807592,0,0.813758501704779,0.105482955733457,NA,NA
27,"correct","none",0.0509038961222142,1.66659020515744,-0.0410343579465384,0.223288177431742,0.185372359382308,0.699080702033358,0.000495941545456958,0.62,0.6
27,"correct","linear",0.0273879798582355,1.25249101455678,0.067595966804338,0.220435568156145,0.176596609969597,0.699080702033358,0.0655924438309629,0.62,0.6
27,"correct","flexible",0.0238575387918725,1.11236335592093,0.0622997242034601,0.222828055566158,0.180034475268983,0.690727148125118,0.0875569670980919,0.62,0.6
27,"index","oracle",0.00810520653909371,1.04160537562523,0.0192424913031678,0.207638951785171,0,0.716984024835195,0.729025877444849,NA,NA
27,"index","none",0.0285495105769988,1.45150761930666,0.00556324737215594,0.233317649444565,0.115798306086479,0.650625824893763,0.0481472416861242,0.305,0.175
27,"index","linear",0.0454674142915502,1.50501595685394,0.205296667401063,0.234777416240879,0.119088177310013,0.650625824893763,0.00376373298479283,0.305,0.175
27,"index","flexible",0.0429272547749635,1.48782830237402,0.206303883836269,0.234691003979745,0.116488510293708,0.650625824893763,0.0130994297532102,0.305,0.175
27,"offindex","oracle",0.00434101903420927,1.0031795682506,-0.0115993264494854,0.160640053253545,0,0.838839807878287,0.016690297600565,NA,NA
27,"offindex","none",0.0377191461443168,1.44651407761204,-0.142665022997747,0.218010346656759,0.202966158932245,0.69118693145464,0.000251062493349571,0.37,0.45
27,"offindex","linear",0.0203448022291861,1.14277572518374,0.04556013398443,0.216621175424485,0.197753852771186,0.69118693145464,6.23798430907604e-05,0.37,0.45
27,"offindex","flexible",0.034610713331175,1.04503899934975,0.0628046693206818,0.218312734416692,0.200952900505967,0.69118693145464,0.000295418934024661,0.37,0.45
28,"correct","oracle",0.00696149829517171,1.00281233389566,0.0211753822064838,0.176485475769705,0,0.813106699411592,0.524517491751543,NA,NA
28,"correct","none",0.0706514717817745,1.70891580025964,-0.323818911013405,0.220033594777305,0.178731126830718,0.720068068941314,2.30492744484137e-05,0.31,0.015
28,"correct","linear",0.0210645960557057,1.04270147752883,0.0860276874460362,0.213593559037,0.158163792825858,0.720068068941314,0.405557328982414,0.31,0.015
28,"correct","flexible",0.0335307138014853,0.961144477065458,0.0886827709801301,0.214698422994228,0.161016083882841,0.720068068941314,0.643265535140563,0.31,0.015
28,"index","oracle",0.00561999590551006,0.99691829246111,-0.00628976022970203,0.210042694155171,0,0.712315056372487,0.595493556639136,NA,NA
28,"index","none",0.0250934436377636,1.35641255907214,-0.0641585682549152,0.235553709387003,0.118399478212205,0.639224513934383,0.220243917500438,0.985,0.77
28,"index","linear",0.0158634217066509,1.18167085170952,-0.0351018302354925,0.234869279140457,0.119162687353884,0.639224513934383,0.438170353331965,0.985,0.77
28,"index","flexible",0.0374823435663407,0.696660162575002,-0.0255391815670035,0.238990537624712,0.122558636191004,0.599709820109749,0.83655752041139,0.985,0.77
28,"offindex","oracle",0.00659024706478413,1.00712281513562,-0.00738467967300433,0.161534753872879,0,0.837394517940602,0.914287770372956,NA,NA
28,"offindex","none",0.0660482096428679,1.88899704149093,-0.444910567917664,0.218384713480505,0.204398273169357,0.706521086401659,0.0273679360856941,0.205,0.085
28,"offindex","linear",0.014399302042976,1.06631496700805,-0.0776491321941773,0.212449059839971,0.187876509487433,0.706521086401659,0.566610926749947,0.205,0.085
28,"offindex","flexible",0.0244862306364775,1.00342304460544,-0.0505446467118929,0.213109162009678,0.18926233028741,0.706521086401659,0.203600679221065,0.205,0.085
29,"correct","oracle",0.00310641720710643,0.983061935421233,0.00959901713470646,0.17870702273664,0,0.80829713602216,0.736734389321562,NA,NA
29,"correct","none",0.0699287311641367,1.86409552910778,0.116769456793017,0.220322812778513,0.177338857289655,0.717684822887351,4.05679372117664e-05,0.205,0.5
29,"correct","linear",0.0116905630131659,1.00688846504711,-0.0331801142353883,0.214093675998969,0.155064144043675,0.717684822887351,0.439106508660458,0.205,0.5
29,"correct","flexible",0.031728763524547,0.909836454125369,-0.0353926566539229,0.215390131852984,0.159039804683528,0.717684822887351,0.00604548566208694,0.205,0.5
29,"index","oracle",0.00631311122219354,0.982141885038032,-0.00458777952530754,0.210257604652459,0,0.70989600272457,0.0946915521038818,NA,NA
29,"index","none",0.0315464757835377,1.33722039422978,0.13548578984031,0.23675335108562,0.120689629349671,0.634981062281635,0.197823229600552,0.275,0.08
29,"index","linear",0.0398296514575658,1.27625943047302,-0.193660265095431,0.237310480800767,0.123031532358218,0.634981062281635,0.765578803906487,0.275,0.08
29,"index","flexible",0.0383950030207447,1.0690609861921,-0.144645686572446,0.23820059505,0.124694356223933,0.634962262213767,0.637511484965577,0.275,0.08
29,"offindex","oracle",0.00613199229666632,1.01172401860525,0.000610993479550986,0.160722609983033,0,0.838428382608271,0.366259132670849,NA,NA
29,"offindex","none",0.0494538854646996,1.67198842835324,-0.139412020612419,0.220697459395693,0.209368577911023,0.68652793644101,0.0273832526341388,0.605,0.545
29,"offindex","linear",0.0360572666432399,1.20520176707738,-0.238248817349289,0.219073537888579,0.201051355786582,0.68652793644101,0.0280760093490277,0.605,0.545
29,"offindex","flexible",0.0268420304739516,1.04157950674386,-0.140077928562282,0.220223022435218,0.201284101196375,0.67983336957359,0.0205207643635023,0.605,0.545
30,"correct","oracle",0.00802483668544037,0.993435027453838,-0.0244589951392911,0.178695841324891,0,0.808299199797791,0.22476215532014,NA,NA
30,"correct","none",0.0755769359943034,2.08785257655553,-0.119581100506276,0.220819464573874,0.17830937050106,0.720636387841184,2.87671999601994e-06,0.985,0.235
30,"correct","linear",0.026597625443137,0.863973391148812,0.0961214640261683,0.213759143045686,0.150397155487615,0.720636387841184,0.00239332098388851,0.985,0.235
30,"correct","flexible",0.0260382457902079,0.863765222531105,0.0973326673828842,0.213699155962453,0.150501899857591,0.720636387841184,0.00164141305372449,0.985,0.235
30,"index","oracle",0.00798528777823208,0.995541635241702,-0.00797669984420783,0.209691242395766,0,0.712280010520095,0.381726258520289,NA,NA
30,"index","none",0.0348856458871155,1.5034881795038,0.148066346248759,0.235124812996574,0.118075841373726,0.645936513428621,0.0127994764907464,1,0.98
30,"index","linear",0.0248177233728065,1.35495538060662,-0.0357723174248871,0.23397081711536,0.116340148179835,0.645936513428621,0.0785734214265388,1,0.98
30,"index","flexible",0.0320753413948741,1.33994814770769,-0.0360024630800699,0.234262099943054,0.115093738299975,0.645936513428621,0.0859209181615488,1,0.98
30,"offindex","oracle",0.0058092688854478,1.00609026956037,-0.0270663316779063,0.161960057541196,0,0.836979997666496,0.0926186514366166,NA,NA
30,"offindex","none",0.0430652399510466,1.50309924177628,-0.230438588537656,0.218349251308878,0.200605084395968,0.694930385524124,0.0607220204014549,0.725,0.495
30,"offindex","linear",0.0341601110163134,1.30283847649092,0.0257446933426833,0.217137992007441,0.19796317521473,0.694930385524124,0.0575046031233092,0.725,0.495
30,"offindex","flexible",0.0342055554882351,1.2504568640243,0.038408458848728,0.217474291311494,0.197837287810244,0.694930385524124,0.0916878059301154,0.725,0.495
31,"correct","oracle",0.0101602073438457,1.03734481199252,-0.0231798407973476,0.173781268149206,0,0.818796353663882,0.490415639444393,NA,NA
31,"correct","none",0.0568940547399542,1.61181532608273,-0.144404458879294,0.217339014471434,0.173071461338166,0.721010591798351,0.193494649769622,0.62,0.115
31,"correct","linear",0.0103412334150766,1.06446394619549,-0.0138862428092639,0.212938272012831,0.158492860456225,0.721010591798351,0.313820120130161,0.62,0.115
31,"correct","flexible",0.0143117971600579,1.05511689072314,-0.010039338535399,0.213285826558547,0.159483188674508,0.721010591798351,0.140934171899777,0.62,0.115
31,"index","oracle",0.00745605886244738,1.00943895031111,0.00612313061208103,0.208723479970604,0,0.716682878005836,0.995326027287068,NA,NA
31,"index","none",0.042762463575843,1.3533481773118,-0.217956246516493,0.238113279040308,0.127945213744523,0.634160338297722,0.0533824853864444,0.425,0.065
31,"index","linear",0.0274197911712438,0.786906201781739,0.00632507272702744,0.236627001349383,0.132846025527379,0.634160338297722,0.109563837075857,0.425,0.065
31,"index","flexible",0.0336658158766359,0.763606103676632,0.00493116570192128,0.237137394794158,0.135464359409741,0.634160338297722,0.0262533247666799,0.425,0.065
31,"offindex","oracle",0.00626967321170703,0.988347813327402,0.00776001557778334,0.162684810726307,0,0.834691663741275,0.82493325394597,NA,NA
31,"offindex","none",0.0664850624190346,1.77967021018779,-0.648108325158907,0.224944212753105,0.211149104794467,0.684810078869007,8.09593736735916e-06,0.325,0.92
31,"offindex","linear",0.0337862654096912,0.883220567265372,0.16730783024615,0.219260612876683,0.194888146208919,0.684810078869007,0.504787710909318,0.325,0.92
31,"offindex","flexible",0.0338082819919178,0.861511892076828,0.16584803661024,0.220253210977287,0.196302977998701,0.684186853824965,0.164247196262903,0.325,0.92
32,"correct","oracle",0.00592722980447428,1.00488562121016,-0.00225334358759007,0.175960224237256,0,0.814169575981495,0.243255014060549,NA,NA
32,"correct","none",0.0746926519348419,2.02593882327746,0.22219906298234,0.221579190284335,0.183863379799721,0.718933732202794,3.52830088426379e-05,0.955,0.895
32,"correct","linear",0.0338486622719687,1.08904869060004,-0.16883115685876,0.214774208571086,0.162724916165927,0.718933732202794,0.00119225213728256,0.955,0.895
32,"correct","flexible",0.0492108180674502,0.935080356652253,-0.154427766270258,0.216417119435144,0.167336483207352,0.718933732202794,0.000148081214008273,0.955,0.895
32,"index","oracle",0.0053768025052147,0.967329373759755,0.00234832443695448,0.210283777601855,0,0.708715890184909,0.102809256990828,NA,NA
32,"index","none",0.0382978038433052,1.41229009982231,0.173819590456884,0.234928674218399,0.116928006814034,0.645930556303893,0.079909328819148,0.74,0.51
32,"index","linear",0.0224678110328451,0.87923099095674,0.0665581036298439,0.233510876714641,0.11989232895484,0.645930556303893,0.265437267815106,0.74,0.51
32,"index","flexible",0.0418513290067193,0.79816498002463,0.0657657976850386,0.235169137050257,0.125937973317528,0.644401378902674,0.00216052212543409,0.74,0.51
32,"offindex","oracle",0.00612610778279544,0.974161883525405,0.00197864342311998,0.163285197049398,0,0.832973649421765,0.41782058224836,NA,NA
32,"offindex","none",0.0425794009132387,1.58218816972925,-0.161418817392013,0.217718196011383,0.202174369861298,0.695083640866148,0.0127713997699195,0.32,0.36
32,"offindex","linear",0.019371842813969,1.07752194532253,-0.0895376077330684,0.2151767568046,0.190882980738541,0.695083640866148,0.576883479963789,0.32,0.36
32,"offindex","flexible",0.0258017720785276,0.942621570166788,-0.0185294183706103,0.217226821461879,0.19404720262021,0.684196215093941,0.0133000045947253,0.32,0.36
33,"correct","oracle",0.00464156216960834,0.99995398577423,0.000299809545624872,0.177314327308221,0,0.811302217611964,0.210662063222934,NA,NA
33,"correct","none",0.0787098982997851,1.69043540255978,0.473266529947477,0.22430364015261,0.182566165705072,0.713514043419734,2.11297334401487e-09,0.335,0.145
33,"correct","linear",0.0267051255331667,1.19124897797141,0.113213880375347,0.216270404275144,0.163255272225141,0.713514043419734,0.023745831853319,0.335,0.145
33,"correct","flexible",0.0249539310944341,1.17332951969706,0.115870273166394,0.216526575217983,0.163670909447692,0.713514043419734,0.0211827908307073,0.335,0.145
33,"index","oracle",0.0085082892034271,1.01794131498076,-0.00218016295539091,0.209686781164345,0,0.709875218003488,0.226639752865324,NA,NA
33,"index","none",0.0195048853960643,1.18559301168804,0.0733696262007506,0.234925008088273,0.12007179890348,0.639403040448647,0.85300019793287,0.295,0.52
33,"index","linear",0.0711951641475373,2.32806252823748,-0.499920041943537,0.241793462767369,0.131015097769891,0.639403040448647,0.0464714646922875,0.295,0.52
33,"index","flexible",0.080857563005128,2.21431529389404,-0.473352389987268,0.242547422289757,0.134597902566579,0.639403040448647,0.0191612377244351,0.295,0.52
33,"offindex","oracle",0.0087208326530635,1.02547915931597,-0.00984448724940945,0.159855166702338,0,0.840386590001226,0.859854073559929,NA,NA
33,"offindex","none",0.047178776043031,1.58562571846804,0.00579767921063277,0.221164208345685,0.210111790375569,0.682591684251963,0.00033044955804004,0.385,0.275
33,"offindex","linear",0.0175139088106442,1.09962507264636,-0.0993106117161157,0.218135411210598,0.198709446637886,0.682591684251963,0.231046815366558,0.385,0.275
33,"offindex","flexible",0.0164283068894577,1.05959315217505,-0.0812332428230839,0.218562595530702,0.199439492110982,0.682591684251963,0.0481084671492803,0.385,0.275
34,"correct","oracle",0.00973679750561681,1.00033543935029,-0.0136680516012133,0.176960521898474,0,0.812022592547337,0.0223744104513551,NA,NA
34,"correct","none",0.0624770826890127,1.86147434213035,0.0175465179144847,0.223854863614845,0.187311760139261,0.703072100717242,0.131672928898032,0.31,0.785
34,"correct","linear",0.0332096881164309,0.960581907360979,0.14778873586548,0.219628052975623,0.170309972469258,0.703072100717242,0.0130377233677127,0.31,0.785
34,"correct","flexible",0.0305628561876525,0.921700651183788,0.128316181006126,0.221379305386345,0.173846864367415,0.698737945472914,0.0143466430821859,0.31,0.785
34,"index","oracle",0.00631676339065212,0.982022763251184,0.0189991471973618,0.210917639549576,0,0.709017872955832,0.630100482030219,NA,NA
34,"index","none",0.0322053645888123,1.40765009578234,0.125720311255525,0.236152436833126,0.116432830099799,0.638355701384613,0.19415828628986,0.635,0.26
34,"index","linear",0.0141449720930305,1.16622744065107,-0.0164555786158651,0.234809227425203,0.116419254014883,0.638355701384613,0.557020329035752,0.635,0.26
34,"index","flexible",0.00838556544336809,1.02963723881141,-0.00745645499334256,0.236792460752965,0.120869984215732,0.62863911099671,0.371046091043378,0.635,0.26
34,"offindex","oracle",0.0084833950807291,0.97447993226893,0.0118466285231442,0.163198929495553,0,0.832597241243683,0.473983898609044,NA,NA
34,"offindex","none",0.0573777673000892,1.7530408622216,-0.12670664681784,0.221000617387689,0.209561074339368,0.686244843004918,0.0265197276182268,0.255,0.215
34,"offindex","linear",0.0204444473659482,1.00580577372394,0.0921287335887376,0.217401443564912,0.195152750390577,0.686244843004918,0.983059200209983,0.255,0.215
34,"offindex","flexible",0.0402198919879327,0.82155129794062,0.130224771622756,0.219993110517424,0.200115610807252,0.680022341618185,0.521092180284711,0.255,0.215
35,"correct","oracle",0.00530267699238818,0.987466885900548,-0.00726677331460611,0.177044803327976,0,0.81185103759934,0.285761623162254,NA,NA
35,"correct","none",0.0585207366262422,1.68188619516747,0.019622849240906,0.21963573863306,0.178176535960097,0.713778168160316,8.83267502980405e-05,0.215,0.505
35,"correct","linear",0.0205179851164252,1.14608969414283,-0.0877233839376279,0.215912212625645,0.164838716996085,0.713778168160316,0.179674324116987,0.215,0.505
35,"correct","flexible",0.0250390574070867,1.09048960703068,-0.0835363216084107,0.216224521514735,0.165385284571603,0.713778168160316,0.362452975661922,0.215,0.505
35,"index","oracle",0.0108849192510337,1.02322921101508,-0.0157892464270135,0.208535951956319,0,0.716138286138286,0.0788600514957698,NA,NA
35,"index","none",0.0319760673890182,1.50154499118495,0.0805950140899089,0.233681433579819,0.116439543801947,0.651146101146101,0.000541995875746254,0.39,0.08
35,"index","linear",0.017213385282187,0.945687932539211,-0.0485477366190718,0.23208584415671,0.121059300103726,0.651146101146101,0.042818507210157,0.39,0.08
35,"index","flexible",0.0193514692455881,0.871688551146005,-0.0444942811904635,0.232472560715776,0.116020680016311,0.651146101146101,0.00295308431413941,0.39,0.08
35,"offindex","oracle",0.00803965478043347,0.986551661265002,-0.00138227594271804,0.162286290201473,0,0.834626033163436,0.439710467860603,NA,NA
35,"offindex","none",0.0557119973853007,1.75215793166133,-0.326491337713465,0.217781822110577,0.202176025698886,0.698845840860292,0.000847658967167514,0.03,0.12
35,"offindex","linear",0.0368698669100963,0.837566243111925,-0.0801431680014674,0.215070018081756,0.184627412806429,0.698845840860292,0.276251799095436,0.03,0.12
35,"offindex","flexible",0.0420928194776724,0.807300317260917,-0.0584519224746625,0.215423173161243,0.185635342171558,0.698845840860292,0.220585931524108,0.03,0.12
36,"correct","oracle",0.00522917960075102,1.01145874497665,0.00648003752052774,0.176318838788727,0,0.813417613860087,0.76823719792438,NA,NA
36,"correct","none",0.0804815807569439,1.99574553621008,-0.378499776090281,0.226828089957444,0.190576742589157,0.705557629735186,0.000311195325881617,0.02,0.025
36,"correct","linear",0.0288951532439513,0.809005113753325,0.052925903467003,0.219100961576362,0.164718127035101,0.705557629735186,0.0321752583869751,0.02,0.025
36,"correct","flexible",0.0301965928641379,0.753491270708411,0.0540648762627556,0.219544034825109,0.166868353818002,0.705557629735186,9.12378504641016e-05,0.02,0.025
36,"index","oracle",0.00525303140593736,1.00483823919052,-0.0184611052373968,0.209016956148994,0,0.713964571525941,0.146773365302942,NA,NA
36,"index","none",0.047423395376361,1.44156899540754,0.250754839441946,0.236910386511038,0.125026772835438,0.642028473324564,0.00028914674728427,0.71,0.8
36,"index","linear",0.0180502266966929,0.977108624287507,-0.0639952935922861,0.234226810430494,0.12204189327108,0.642028473324564,0.153648413375145,0.71,0.8
36,"index","flexible",0.0214622539447897,0.963869368521807,-0.0612720306459884,0.234650110805385,0.123461902941468,0.641999930412901,0.138037897941028,0.71,0.8
36,"offindex","oracle",0.00805602588075871,0.995427238803622,0.0300062480219225,0.161757724695384,0,0.835558330537118,0.255848001183524,NA,NA
36,"offindex","none",0.0583863737400461,1.73293863945257,-0.154179006948617,0.217472298480537,0.202165462960585,0.70038236173957,0.00904951620385481,0.235,0.11
36,"offindex","linear",0.0352673350180152,0.840539089897018,0.19250293256233,0.215238171028584,0.184079848464372,0.70038236173957,0.16072908010828,0.235,0.11
36,"offindex","flexible",0.0468424129752325,0.785766252491295,0.208402569935352,0.216404181912469,0.185708805188415,0.699883520679748,0.0391186096428567,0.235,0.11
37,"correct","oracle",0.0081680877107626,1.00225197185864,-0.00534893031815541,0.177116032062701,0,0.811655009389214,0.100284500242761,NA,NA
37,"correct","none",0.0813779502151223,2.22024492491548,-0.109878296260286,0.223524263883357,0.184936004071782,0.716699102077777,2.64818663241575e-08,0.28,0.615
37,"correct","linear",0.0257598188084617,0.973781697477725,0.112313491980034,0.215104886130548,0.156543778413423,0.716699102077777,0.196866405682433,0.28,0.615
37,"correct","flexible",0.03410570894136,0.977281520313763,0.110571503195301,0.215976277850151,0.15809124861612,0.716699102077777,0.0173949749980967,0.28,0.615
37,"index","oracle",0.00800448606277561,1.00845680484651,0.0059691701397095,0.209100110557261,0,0.714156864156864,0.347060253835866,NA,NA
37,"index","none",0.0307815120529397,1.4057621087761,0.0868345068247418,0.236432784162109,0.119746456697967,0.637022967022967,0.0670547207420207,0.14,0.515
37,"index","linear",0.0366281799331964,0.747510133501801,0.017290636239856,0.23652712172156,0.130013077942902,0.637022967022967,0.795008702302644,0.14,0.515
37,"index","flexible",0.0257258410972019,0.667640235299493,0.0197845426337314,0.236874789715082,0.124970038871397,0.637022967022967,0.916031680084213,0.14,0.515
37,"offindex","oracle",0.00914443084153387,1.01182441808771,-0.0249324573098769,0.160332879998771,0,0.83916883677734,0.339562518151696,NA,NA
37,"offindex","none",0.046527604762355,1.5206069249165,-0.142335447426561,0.21849491843043,0.204617297760244,0.693732039292896,0.00034755346912739,0.255,0.27
37,"offindex","linear",0.0143854184994874,1.09481395515829,-0.0292687767543827,0.216062305807128,0.196012613896339,0.693732039292896,0.166966709789818,0.255,0.27
37,"offindex","flexible",0.0316406033044159,0.999012045175265,0.0144283571283837,0.21794191861275,0.19926802696194,0.692584337662692,0.00820585383593776,0.255,0.27
38,"correct","oracle",0.00719468199707266,0.978511742069677,0.0116831498520537,0.178684432200902,0,0.808365828321913,0.114024030788467,NA,NA
38,"correct","none",0.0682267763083989,1.84338312822274,-0.298626339403781,0.224274671852752,0.184223959231299,0.707059459326153,0.000642141854792435,0.305,0.675
38,"correct","linear",0.0321116378894762,0.855824087140099,0.108502278731054,0.218628895553662,0.158471150845475,0.707059459326153,0.417120994528734,0.305,0.675
38,"correct","flexible",0.0488669065868298,0.807100136622403,0.099845719901266,0.221380805802674,0.163507043206301,0.704184111243424,0.11158114267543,0.305,0.675
38,"index","oracle",0.00732725453911184,1.02498462574949,-0.0114252167221657,0.208373932908471,0,0.717364919113548,0.562268323355069,NA,NA
38,"index","none",0.0204293095342278,1.36697338985494,-0.0131223363531287,0.239800801502928,0.125498408549469,0.616447894526652,0.0119793237932052,0.635,0.595
38,"index","linear",0.0203810369269466,1.0543863370881,0.0896380641940774,0.239561613868868,0.129087824243603,0.616447894526652,0.232830465470473,0.635,0.595
38,"index","flexible",0.0222420264595554,1.02953336109634,0.0858876706631005,0.239766914559373,0.130420743932475,0.616447894526652,0.106299059331338,0.635,0.595
38,"offindex","oracle",0.00622163049907901,1.00649504994121,-0.00844947152665864,0.160496510055093,0,0.838904452510274,0.968362295642397,NA,NA
38,"offindex","none",0.061930878504677,2.00496402510199,-0.315384180587841,0.221459760363648,0.212116127604693,0.691487480136737,0.00443489710334792,0.25,0.055
38,"offindex","linear",0.0287562541721089,0.817484015643027,0.146427448885542,0.217431781289828,0.191697760138268,0.691487480136737,0.037254960492658,0.25,0.055
38,"offindex","flexible",0.0492499467513441,0.771453101762138,0.166708210626096,0.219468480423033,0.19419390047493,0.691487480136737,0.00139695990090341,0.25,0.055
39,"correct","oracle",0.00625406561752139,0.985948866093989,-0.0012111884162619,0.177963607005219,0,0.809882036071187,0.785811804727848,NA,NA
39,"correct","none",0.0801948858615927,2.22687550736289,0.185005710255098,0.224686475903433,0.189529482815706,0.711569791944504,3.67773043507124e-08,0.315,0.435
39,"correct","linear",0.0298639103709167,1.06053177149286,-0.14383872331777,0.216685601077995,0.164919053285065,0.711569791944504,0.158567527250905,0.315,0.435
39,"correct","flexible",0.0348820517371957,0.987449140810894,-0.136027288488484,0.21864266993042,0.167812988378784,0.708435591325264,0.0642641286030217,0.315,0.435
39,"index","oracle",0.00834830135090579,0.992747259323232,0.00168543237614537,0.210131091824666,0,0.714173053581585,0.339513428891985,NA,NA
39,"index","none",0.0400938837573745,1.6299172095275,0.101087882870232,0.235734773538263,0.114484707602003,0.644702549390934,0.00732052020055071,0.745,0.655
39,"index","linear",0.0247465816682122,0.900119908004971,0.0883222013845305,0.234095117525512,0.120340018456252,0.644702549390934,0.221551059525476,0.745,0.655
39,"index","flexible",0.0412112757898946,0.834964199640748,0.0774971561725367,0.23592402910805,0.129880971846184,0.644674639216495,0.00738313468225912,0.745,0.655
39,"offindex","oracle",0.00503697228830644,1.0159902731289,-0.00802822896734179,0.160181666985282,0,0.839306892123578,0.045993735766966,NA,NA
39,"offindex","none",0.0470136649177703,1.60777553403666,-0.190017119560308,0.217464642387025,0.202713683569596,0.695832282332062,3.60651259671046e-05,0.325,0.36
39,"offindex","linear",0.0264818277303911,1.28588135044154,-0.0761591725898882,0.215347606882457,0.196282885051597,0.695832282332062,0.0116584345226753,0.325,0.36
39,"offindex","flexible",0.0269116364060476,1.0945212748089,-0.0178182178382115,0.218260008148239,0.200887919303751,0.679969359080015,0.0100578107077022,0.325,0.36
40,"correct","oracle",0.00535580122401797,1.00968234810629,-0.00174995492501408,0.176049819689793,0,0.81399575382913,0.82473028153851,NA,NA
40,"correct","none",0.060094609407597,1.69497766831139,0.236165504121667,0.220979626280822,0.178559436171854,0.712943895136372,1.53094594996879e-05,0.345,0.355
40,"correct","linear",0.0170655888760838,1.02918034119721,-0.0710780768576809,0.215656419713151,0.161112555069036,0.712943895136372,0.045460973332697,0.345,0.355
40,"correct","flexible",0.0532552236868853,0.9027964732815,-0.0784756357824049,0.219421356228208,0.168958587669032,0.712913085057498,0.0137469636737917,0.345,0.355
40,"index","oracle",0.0103844779219956,0.998916135394169,0.0342663086244896,0.209565779260931,0,0.714348875968099,0.94416053445361,NA,NA
40,"index","none",0.0237227803443041,1.26059161243708,0.0664425270062689,0.234017166340187,0.116934826580243,0.64428791749322,0.0440603008582347,0.475,0.905
40,"index","linear",0.0346849697111773,0.93015399190977,0.131504245293886,0.234472720311091,0.122927087451789,0.64428791749322,0.250417252835344,0.475,0.905
40,"index","flexible",0.0433776911108457,0.836149736708884,0.110866846944046,0.23543426381192,0.124007477477888,0.64428791749322,0.0149946465791312,0.475,0.905
40,"offindex","oracle",0.00755954686896207,1.01717328610151,0.0182844793479579,0.159566133686058,0,0.840069021459663,0.698676803512703,NA,NA
40,"offindex","none",0.058286941977867,1.75962045461708,-0.351008080016659,0.216891989518613,0.202409350685501,0.702250217535031,0.00144113286227283,0.98,0.525
40,"offindex","linear",0.0279465090865826,0.899124709158289,0.151288086381352,0.213311815679016,0.185827091432153,0.702250217535031,0.00688357059372968,0.98,0.525
40,"offindex","flexible",0.0400599322396125,0.858330462822984,0.161683574887714,0.214248878692214,0.187491629748554,0.702250217535031,0.0281982119841996,0.98,0.525
41,"correct","oracle",0.00705239816909084,0.975188896526382,0.00899295762212131,0.178784363635418,0,0.808149886789822,0.55684111995186,NA,NA
41,"correct","none",0.0623535411798668,1.7168209927249,0.146778735300164,0.221053716283242,0.180608566132207,0.711667682082991,0.000156650125776394,0.925,0.815
41,"correct","linear",0.0379259493279645,0.917400527530374,-0.164355400964651,0.21754542883961,0.165138744860942,0.711667682082991,3.43799279721154e-05,0.925,0.815
41,"correct","flexible",0.0356205835103353,0.729871403789744,-0.140955022104564,0.219533908926659,0.169327992485631,0.709079237984442,1.17830776668491e-05,0.925,0.815
41,"index","oracle",0.00781262868499626,0.972141209326367,-0.0206956881720738,0.211332613378581,0,0.706761888536302,0.766684754790192,NA,NA
41,"index","none",0.0342845495076251,1.5201772545238,-0.0704461575298788,0.235468785316069,0.115794036816947,0.643317829596286,0.00860276434762893,0.28,0.825
41,"index","linear",0.0369535206620594,0.772284000519299,-0.0904840593255236,0.235498843315285,0.128004241751983,0.643317829596286,0.235624412915258,0.28,0.825
41,"index","flexible",0.046915923201239,0.641978144435848,-0.094813116912243,0.237642896035842,0.132558467956032,0.643317829596286,0.0518360343014317,0.28,0.825
41,"offindex","oracle",0.00829819531622026,0.999750085546738,-0.0118980440752248,0.162300882903464,0,0.835477580709002,0.292542838848917,NA,NA
41,"offindex","none",0.0754406774578169,2.16016084452151,-0.319813605571088,0.217931194199704,0.20444720761511,0.712020339652807,2.42971009523653e-07,0.23,0.305
41,"offindex","linear",0.0134953313928256,0.942019782204497,-0.0250601781351447,0.210440660115305,0.179441620805193,0.712020339652807,0.131304722586951,0.23,0.305
41,"offindex","flexible",0.03759262961237,0.891317497747529,-0.0148232503616767,0.21209817092258,0.181811237095326,0.711672589610316,0.150681461838685,0.23,0.305
42,"correct","oracle",0.00647575873432034,1.00634777790969,0.0147778862991253,0.175621065333453,0,0.814891064493091,0.251318503037297,NA,NA
42,"correct","none",0.0603519410950342,1.81790881894557,-0.12937874106375,0.224009069017193,0.187458481558055,0.701911106067923,3.45515429973644e-06,0.7,0.48
42,"correct","linear",0.0523994393725171,0.696478495837001,0.0204325760565993,0.221947401677001,0.167535388220654,0.701911106067923,0.00202967890294888,0.7,0.48
42,"correct","flexible",0.0541164843852615,0.665626499364449,0.0298186451723987,0.222648963203948,0.169143507581979,0.701911106067923,2.66437590713111e-05,0.7,0.48
42,"index","oracle",0.00625661061060721,1.01644836818409,0.000784187475164928,0.207886636108169,0,0.71831594437496,0.406836869499163,NA,NA
42,"index","none",0.0349873251650721,1.46540798421531,-0.0935856906527395,0.233545154267192,0.116208272763639,0.652127949064247,0.0918000853484481,0.31,0.015
42,"index","linear",0.0230596885631543,0.867127057645433,0.0791951914864024,0.232594240730118,0.123174944480103,0.652127949064247,0.0182623786292326,0.31,0.015
42,"index","flexible",0.0304281373463036,0.773439828072228,0.0838520814754089,0.234271593390037,0.128687999157004,0.64905219463516,0.00155089136167837,0.31,0.015
42,"offindex","oracle",0.00528000975501568,0.994255357831296,-0.00355432037861897,0.162150339223407,0,0.836379985981699,0.717414918078145,NA,NA
42,"offindex","none",0.0654319308920193,1.76018679622997,-0.58847347159616,0.221992371869826,0.205983898051804,0.69507075898168,0.000581741524944005,0.16,0.095
42,"offindex","linear",0.0280731495429116,0.981964308675636,0.133072100505939,0.216094782492106,0.189980554129342,0.69507075898168,0.0150967112952466,0.16,0.095
42,"offindex","flexible",0.0298146546274016,0.952661111221243,0.145993984080876,0.216639616515647,0.190104888316858,0.69507075898168,0.0297264201646193,0.16,0.095
43,"correct","oracle",0.00579086259299489,1.01459290121416,-0.0319028580680217,0.175187260199796,0,0.815836915641336,0.602079216006525,NA,NA
43,"correct","none",0.0755893379142344,1.83823987378142,-0.357309873088023,0.22475201045814,0.187774399380213,0.709706685600934,0.000818132941175796,0.395,0.21
43,"correct","linear",0.0172329107336496,1.13071919556169,-0.0249244479239784,0.216961218071539,0.168914379984727,0.709706685600934,0.807539978899712,0.395,0.21
43,"correct","flexible",0.0202441290938985,1.12618309419644,-0.0249991895623408,0.21714122219129,0.169053086713039,0.709706685600934,0.611394505742923,0.395,0.21
43,"index","oracle",0.00830877331782559,1.01762993901684,-0.01355810723724,0.208466717406025,0,0.715952369635542,0.0646181966112716,NA,NA
43,"index","none",0.0518678816579292,1.44285455912946,-0.275811907269983,0.238196232339422,0.12595095035196,0.638332859042786,0.00180431352963288,0.17,0.48
43,"index","linear",0.0231109927037168,1.06171161513779,-0.103435798654727,0.235340150140925,0.122385216998907,0.638332859042786,0.207895295732312,0.17,0.48
43,"index","flexible",0.0355987114297287,0.881888413138059,-0.0931212016927921,0.237904854551162,0.125093770350445,0.615567112775785,0.0237071006696065,0.17,0.48
43,"offindex","oracle",0.00479465665996933,1.02881108114872,-0.001575659195485,0.158601608032246,0,0.842017990870353,0.271979875126247,NA,NA
43,"offindex","none",0.0567228031868734,1.65174461298249,-0.418522320549696,0.216430075563842,0.200070076117883,0.703689771200929,0.0593397701799152,0.28,0.535
43,"offindex","linear",0.0170791928395476,0.898431841577222,0.0696632043022619,0.21212315151134,0.18415396033873,0.703689771200929,0.203574061260182,0.28,0.535
43,"offindex","flexible",0.0329661410823807,0.76621926355199,0.123301822776524,0.214415496698335,0.189251994203779,0.695094934537978,0.00896021799179367,0.28,0.535
44,"correct","oracle",0.0070413418534882,0.978146638490207,0.0276312228709292,0.178916706566169,0,0.807821045245935,0.916301449751703,NA,NA
44,"correct","none",0.0609403852748545,1.75293209594346,-0.135198924432184,0.219722264824227,0.177529334295745,0.715858852285762,0.000383309630014644,0.5,0.77
44,"correct","linear",0.0570398616292211,0.940329775280459,-0.254408876710573,0.217892129414731,0.164113865739225,0.715858852285762,5.32865959747685e-08,0.5,0.77
44,"correct","flexible",0.0568960257517156,0.8868333906353,-0.243931152787822,0.217776307911563,0.16495509512989,0.715858852285762,1.7292405060839e-09,0.5,0.77
44,"index","oracle",0.0060323650747875,0.954397917544522,0.00135472264172938,0.210776864891215,0,0.708880747351566,0.591977975686194,NA,NA
44,"index","none",0.0249539749118233,1.27154242144215,0.085051963892285,0.238261174843623,0.122842355331748,0.624458335984585,0.237738834380177,0.425,0.01
44,"index","linear",0.0130463479170789,0.933859490112379,-0.0103514070448403,0.237613469295785,0.125660320593421,0.624458335984585,0.590564988810875,0.425,0.01
44,"index","flexible",0.0258627174323784,0.895773310069694,-0.0186953086531357,0.2383799968799,0.126795180697003,0.624458335984585,0.432599011818726,0.425,0.01
44,"offindex","oracle",0.00916069953604833,0.986293353398107,-0.00277118870028931,0.162450340315528,0,0.834794732743578,0.7192149058526,NA,NA
44,"offindex","none",0.0568364285413647,1.82123167470815,-0.316183068339608,0.2240415401479,0.213884352452448,0.676777854506161,0.000936184343572795,0.17,0.855
44,"offindex","linear",0.0238790941039309,0.8891412652181,0.120708166256739,0.220872593970807,0.198488340790727,0.676777854506161,0.0594782743026216,0.17,0.855
44,"offindex","flexible",0.0279727052673185,0.89122857269202,0.117163459078959,0.220814735084521,0.199016355075289,0.676777854506161,0.141788638496615,0.17,0.855
45,"correct","oracle",0.0108315504864718,0.974901014174187,-0.0214076820046976,0.179256835461698,0,0.807106163324424,0.308224091862658,NA,NA
45,"correct","none",0.0882822455187875,2.00344783377573,-0.466864546353987,0.224598493849893,0.185267551389535,0.717196142559292,3.7924074525828e-06,0.48,0.83
45,"correct","linear",0.0316661966923269,0.870387750854491,-0.099350044040343,0.215099715533325,0.154946526247886,0.717196142559292,0.321375002240933,0.48,0.83
45,"correct","flexible",0.031003554072873,0.870402513146043,-0.0984791046700538,0.215301395048824,0.155194220136209,0.717196142559292,0.483025433808202,0.48,0.83
45,"index","oracle",0.00432244781665196,0.984937399385948,0.0181667015884524,0.209568764908096,0,0.713609688572567,0.994831919382547,NA,NA
45,"index","none",0.0265895423801639,1.38105828906331,-0.0850245616000878,0.236780243766073,0.120729478984944,0.633813916877292,0.0408685213482645,0.515,0.86
45,"index","linear",0.034021083023119,0.760412074786764,0.0445930440815376,0.237014404764479,0.12935126308051,0.633813916877292,0.530863519594839,0.515,0.86
45,"index","flexible",0.0371266209077632,0.721979511330979,0.0445831239675014,0.237828873957342,0.131996849249044,0.633813916877292,0.5612717301724,0.515,0.86
45,"offindex","oracle",0.0071755528558346,1.00456893920031,-0.0128425831379637,0.160153834018301,0,0.838935407567969,0.739565085814919,NA,NA
45,"offindex","none",0.0514487983062867,1.7349271187092,-0.294890902493661,0.220298272186858,0.208065096378036,0.688889262624115,0.016942919083782,0.46,0.21
45,"offindex","linear",0.0217465385263702,1.19471804432061,0.0116234405701732,0.217055012023217,0.199208635682484,0.688889262624115,0.427917430260777,0.46,0.21
45,"offindex","flexible",0.0215321952002676,1.08781647203302,0.049230064259917,0.218085009156242,0.200499561952652,0.685903427891236,0.431607533370974,0.46,0.21
46,"correct","oracle",0.00554236020661622,1.01198105991291,0.0173183759051075,0.175929426048717,0,0.814312947868002,0.842243305311248,NA,NA
46,"correct","none",0.0739558031598103,1.98211777955515,0.162778978560913,0.221808796289275,0.182878313689048,0.716711504988289,2.78878152846267e-08,0.16,0.88
46,"correct","linear",0.028135022328753,1.11689343556179,-0.134485813606114,0.215351769627996,0.163734347931578,0.716711504988289,0.0355574948888391,0.16,0.88
46,"correct","flexible",0.031411480712004,1.08965179746139,-0.127094535427173,0.215713902373951,0.164767096074672,0.716711504988289,0.00918423418355076,0.16,0.88
46,"index","oracle",0.00653932277626599,1.04106432881888,-0.00174731878531761,0.207946510326128,0,0.717489962558037,0.156931163652108,NA,NA
46,"index","none",0.0345227181850374,1.47797455431009,-0.0876956100604791,0.237084772858696,0.121069153509852,0.635794714493067,0.00724256179268125,0.915,0.65
46,"index","linear",0.022310093054366,0.822032896089489,-0.00014378823440518,0.236122890895418,0.129088714133689,0.635794714493067,0.197128250450319,0.915,0.65
46,"index","flexible",0.0329940575245417,0.65418398965725,0.0074065138472666,0.23843507533124,0.129204240786693,0.625721587469483,0.561018238351579,0.915,0.65
46,"offindex","oracle",0.00695239664482467,1.00369993217304,-0.0370655286949138,0.161727416502727,0,0.83703257822391,0.951890139433479,NA,NA
46,"offindex","none",0.0454502453784386,1.50605284144615,-0.201717927007406,0.220131359716032,0.203349532503275,0.688614259113106,0.00151321817241302,1,0.03
46,"offindex","linear",0.03199205383348,0.897689703390967,0.164054030726674,0.21902415564093,0.194384213461674,0.688614259113106,0.00370665352679856,1,0.03
46,"offindex","flexible",0.032808963574883,0.803532869725826,0.171453545052126,0.220178982028643,0.19665992742294,0.688614259113106,0.000209155156375058,1,0.03
47,"correct","oracle",0.00497081774461051,0.995355780124393,-0.0142558539259193,0.177173288852635,0,0.811609308105465,0.827121958893918,NA,NA
47,"correct","none",0.0585159888447744,1.8089457833972,0.0814961484373607,0.225153821574636,0.187039564846283,0.69665397901027,0.00112298964080047,0.67,0.9
47,"correct","linear",0.017434787947984,0.951428546837699,0.0675873453545513,0.22063741168453,0.168611153383962,0.69665397901027,0.909754880737299,0.67,0.9
47,"correct","flexible",0.0252918007902231,0.916266235070712,0.0756952237454767,0.221377657252448,0.170133021067331,0.69665397901027,0.886116950940847,0.67,0.9
47,"index","oracle",0.0102311937844368,1.00636207097674,-0.0134136208889891,0.209261078661688,0,0.711364205137667,0.475446751757362,NA,NA
47,"index","none",0.0429440246325716,1.66019749739277,0.19858331902945,0.238155098216527,0.124052360436383,0.635887446244604,0.00327016709848105,0.605,0.825
47,"index","linear",0.058697782542504,0.628070717820579,-0.104031231665714,0.240168821842109,0.141074364148358,0.635887446244604,0.0381632391117696,0.605,0.825
47,"index","flexible",0.0624964012854373,0.540716068930327,-0.0986727176021323,0.241230866724949,0.144758377783175,0.634619522674833,0.00203233471703567,0.605,0.825
47,"offindex","oracle",0.0072497155431336,0.989650852317136,-0.0208338107618624,0.162635226112903,0,0.834629389232487,0.860792966919552,NA,NA
47,"offindex","none",0.0635735492508497,1.68219778034735,0.1551389289399,0.224662667127751,0.216442503785839,0.682901735864003,0.00330708617443445,0.89,0.55
47,"offindex","linear",0.0426933545129974,0.753942209622695,-0.0132708178617884,0.221056988613696,0.194047685358151,0.682901735864003,0.00378820908848176,0.89,0.55
47,"offindex","flexible",0.0342704575852333,0.736866750208945,-0.00386562266570931,0.221276231581777,0.195072622049941,0.682742503052545,0.00388428507752578,0.89,0.55
48,"correct","oracle",0.00647933291247688,0.993461481993704,0.0161439316451881,0.177440477627048,0,0.811040811429317,0.991622762607017,NA,NA
48,"correct","none",0.0520202044818955,1.60366507904423,-0.106198332779769,0.220184720233541,0.176258491470654,0.709868480500858,3.57177961996831e-06,0.47,0.455
48,"correct","linear",0.0201534606054842,1.05739312585899,-0.0960006140656136,0.216806252810022,0.162982091074483,0.709868480500858,0.00753642176418436,0.47,0.455
48,"correct","flexible",0.0369878398107539,0.929962378842137,-0.102017350754945,0.219105339224174,0.168285476676568,0.708796875026875,0.000444177000621114,0.47,0.455
48,"index","oracle",0.00793880844372143,0.997849762732139,-0.010096189010101,0.208790764293225,0,0.713372119972069,0.773320438377296,NA,NA
48,"index","none",0.0274623620415228,1.32762554503104,-0.0875513288479167,0.235083321748037,0.118543969732315,0.641940181972688,0.134670236723098,0.86,0.155
48,"index","linear",0.0381164957900137,1.75601757291851,0.0668427818277782,0.236671599926794,0.118477477628753,0.641940181972688,0.00348693632300406,0.86,0.155
48,"index","flexible",0.0356054421829629,1.41973053750437,0.0579668542411814,0.238320839738329,0.121881018411453,0.616018226770081,0.0329410118339816,0.86,0.155
48,"offindex","oracle",0.00588007748366631,0.994070728142508,-0.015036417380037,0.160587954145321,0,0.839014539354094,0.741410255495355,NA,NA
48,"offindex","none",0.0656067877967015,1.98718605988445,-0.372788838072165,0.220487760530709,0.209835678709766,0.69885137071216,4.48959168766153e-07,0.185,0.44
48,"offindex","linear",0.0325901672502704,1.13888738302685,-0.198838284601963,0.215783474190317,0.19338151909052,0.69885137071216,0.160477928871934,0.185,0.44
48,"offindex","flexible",0.0565106329155297,0.950278662465424,-0.108190431044253,0.218674923434207,0.196877675064961,0.69885137071216,0.00218783511029547,0.185,0.44
49,"correct","oracle",0.00939469890593589,0.9750713591058,0.00609618969254349,0.178899017879354,0,0.807933027933028,0.613528170801901,NA,NA
49,"correct","none",0.0585522922556907,1.72130949738987,-0.018958278017189,0.21985897035185,0.176841801787858,0.714100394100394,0.0565793599731755,0.075,0.615
49,"correct","linear",0.0313871793264246,0.916270622864383,-0.132645200373982,0.216283745060088,0.158885148385197,0.714100394100394,0.0113910146425131,0.075,0.615
49,"correct","flexible",0.0349462406935125,0.853120211022064,-0.115493727933271,0.218938374422496,0.163085994576132,0.707390937390937,0.0146567993426355,0.075,0.615
49,"index","oracle",0.00686960989263995,1.00959825268497,-0.0183490202022904,0.209116740721184,0,0.71326338381705,0.804017041020937,NA,NA
49,"index","none",0.0414479405137869,1.52702808955725,-0.162835005469301,0.235287560891437,0.117885699067349,0.646222387317246,0.0105004584369622,0.66,0.81
49,"index","linear",0.0428692020586373,0.751802128739013,-0.0798992799103565,0.234936378571458,0.128024482008992,0.646222387317246,0.00201147636107604,0.66,0.81
49,"index","flexible",0.0342387707765364,0.731625501926035,-0.0799067307329592,0.234455918428753,0.122181547668543,0.646222387317246,0.0123235148485593,0.66,0.81
49,"offindex","oracle",0.00416303729587137,1.01849016436448,-0.00539099187707895,0.159639275325749,0,0.84041721822075,0.990668979464488,NA,NA
49,"offindex","none",0.0550526937465249,1.6750414365846,-0.384591636379937,0.217263822199987,0.202182936028892,0.701896674851832,0.05423733413607,0.725,0.75
49,"offindex","linear",0.0153376669854931,1.03763190026554,-0.0866675139057253,0.213085326180597,0.189040134358492,0.701896674851832,0.397113923192957,0.725,0.75
49,"offindex","flexible",0.0189376233503665,1.00848303111732,-0.0735745767590173,0.213548659395756,0.189573118800377,0.701896674851832,0.601233696359058,0.725,0.75
50,"correct","oracle",0.00864273399454463,1.02749487420739,-0.00486716656190379,0.174444093877683,0,0.817429225429804,0.38570668455405,NA,NA
50,"correct","none",0.0671341805758312,1.97961475203625,0.0744848826692542,0.223703611468286,0.186238630040175,0.706902915640447,8.54545342769832e-07,0.755,0.315
50,"correct","linear",0.022980830131335,1.13610176003897,0.101787670036173,0.217861114029605,0.167683555109045,0.706902915640447,0.178856769767629,0.755,0.315
50,"correct","flexible",0.0370637164120604,1.06015319579585,0.0948800185054409,0.218972489716295,0.169159217193215,0.706902915640447,0.116778760657788,0.755,0.315
50,"index","oracle",0.00786381691189784,1.05000986461427,-0.00685435527160443,0.207659788016902,0,0.719194991649913,0.389991726039732,NA,NA
50,"index","none",0.0399351692870942,1.32052422778087,0.181887830451364,0.234938759760049,0.121095324069217,0.646491351026858,0.0283304163330324,0.2,0.115
50,"index","linear",0.036082128616569,1.34677261131016,-0.172853185104051,0.234841407513253,0.120125521291483,0.646491351026858,0.484308703764867,0.2,0.115
50,"index","flexible",0.0368481357634882,1.34650055119366,-0.172101988060991,0.234866753442148,0.120677907693653,0.646491351026858,0.464657360790195,0.2,0.115
50,"offindex","oracle",0.00560088845359097,1.02960815738243,-3.14028736434133e-05,0.158781410102177,0,0.841329757756827,0.123538499630034,NA,NA
50,"offindex","none",0.0599552353860007,1.81763222180635,-0.347998434298128,0.215204818444184,0.199325895883279,0.709747541140825,0.108105247221333,0.515,0.81
50,"offindex","linear",0.0224313202237808,1.22116644430424,-0.0734374215485027,0.210679063615858,0.186790020726896,0.709747541140825,0.823286272152359,0.515,0.81
50,"offindex","flexible",0.0501127460494725,1.0259136645433,0.0101870573744287,0.213601179339751,0.190344573643224,0.709747541140825,0.444907496457576,0.515,0.81
51,"correct","oracle",0.01135085931437,0.994693483937066,-0.00969050675044989,0.176290117484465,0,0.813462489416061,0.989249781996966,NA,NA
51,"correct","none",0.0707270708673199,1.88193045567083,-0.173665431140932,0.223950028008127,0.188868805329694,0.707869762379637,0.000204807334761382,0.505,0.23
51,"correct","linear",0.0396269884482103,0.963029606104403,-0.177597628062254,0.21910854331623,0.171424314310495,0.707869762379637,0.0186779124349037,0.505,0.23
51,"correct","flexible",0.0462457571408673,0.837243140296985,-0.160278140806456,0.220325680706779,0.174512197035806,0.707869762379637,0.000101312734886135,0.505,0.23
51,"index","oracle",0.0132975727785216,1.03168214766341,-0.0287894257765905,0.207862944587049,0,0.72172688796322,0.217050949879568,NA,NA
51,"index","none",0.0351503492614253,1.53229292038067,-0.0361820387135344,0.232947129504329,0.11597793122119,0.655636176421363,0.375446553524395,0.85,0.64
51,"index","linear",0.0363867523859353,1.47728541335097,-0.10974844902977,0.233012704124914,0.11669273849024,0.655636176421363,0.471440471481403,0.85,0.64
51,"index","flexible",0.0247471993397744,1.08774990870014,-0.0941850072963564,0.237116647534678,0.127292981554024,0.631002113246651,0.619585434445371,0.85,0.64
51,"offindex","oracle",0.0107453687854942,1.04827975001599,-0.0383555124212082,0.157480154298598,0,0.845887154807989,0.673611334707861,NA,NA
51,"offindex","none",0.0565756263554759,1.71181107080125,-0.0702798829686488,0.217590885108787,0.204945551030842,0.704508343982184,0.0291606894807534,0.59,0.32
51,"offindex","linear",0.0296534922826332,1.20806894706708,-0.166031334529616,0.214313893191043,0.192824778699605,0.704508343982184,0.422654752096126,0.59,0.32
51,"offindex","flexible",0.0446350183494467,1.12352732671605,-0.13939604735455,0.21582101240772,0.194989373906806,0.704508343982184,0.027366211308779,0.59,0.32
52,"correct","oracle",0.00726430836759026,0.990058727722263,0.0068747143046088,0.177621634085071,0,0.81065249340676,0.809269410374158,NA,NA
52,"correct","none",0.0742134065800923,2.00223039614431,0.225754135263453,0.224418864370403,0.187249143993473,0.70938349055466,6.70765318689784e-06,0.83,0.815
52,"correct","linear",0.0405424270384841,1.13209748822551,0.202488343803955,0.218731956159169,0.168319539780593,0.70938349055466,0.116060946201854,0.83,0.815
52,"correct","flexible",0.0391329555273137,1.11854422144259,0.195848252857853,0.218785131124849,0.16838648735051,0.70938349055466,0.0725045481544958,0.83,0.815
52,"index","oracle",0.0113427147625394,1.02908957977082,0.0404443747663649,0.207163824122232,0,0.720970902291309,0.126156878787824,NA,NA
52,"index","none",0.0315822896298634,1.46436638926018,0.11085541065278,0.237286830880906,0.121412221405951,0.633797637241346,0.0408379550844941,0.475,0.36
52,"index","linear",0.0179445005265989,0.891827143914478,-0.0117772169980473,0.235866461709836,0.126482978808933,0.633797637241346,0.0309842243560698,0.475,0.36
52,"index","flexible",0.015873753675664,0.860137049035165,-0.0125072549112957,0.235923062089497,0.123711873564751,0.633797637241346,0.0284084771892426,0.475,0.36
52,"offindex","oracle",0.00798740758690934,1.00206629522166,0.0196712436933105,0.159925421680242,0,0.838604504090488,0.755899736568757,NA,NA
52,"offindex","none",0.0612457167418733,1.89013741961194,-0.103947956895418,0.219963537640493,0.211238363360888,0.694182689122946,0.128685095156887,0.695,0.805
52,"offindex","linear",0.0312438547855071,1.10820297285849,-0.19359549224321,0.215810464480488,0.195329933115764,0.694182689122946,0.30095766979033,0.695,0.805
52,"offindex","flexible",0.034783692330312,1.11096384404361,-0.213062753413578,0.216781883067595,0.197330057057587,0.694182689122946,0.0535671450645139,0.695,0.805
53,"correct","oracle",0.00718757704369085,0.995918139496371,0.00721125160818234,0.177629630927167,0,0.810566140381054,0.437597757986988,NA,NA
53,"correct","none",0.0794180294491482,2.25726250518049,0.2619916979162,0.225983349744844,0.189636554897751,0.708103601729662,1.56867905574696e-06,1,0.89
53,"correct","linear",0.0289989199047056,0.842386340348275,-0.0405968647449117,0.217585374998177,0.159466011666246,0.708103601729662,0.01234346597165,1,0.89
53,"correct","flexible",0.0440455416527536,0.752185362922223,-0.0399098342430527,0.219676054210735,0.162088587053306,0.706857686876728,1.51786914541518e-05,1,0.89
53,"index","oracle",0.00819374276530067,1.01833015798373,0.00906346660975053,0.208694096590786,0,0.711839766360843,0.783376979642724,NA,NA
53,"index","none",0.0304421427183948,1.49829678185654,0.073198941697794,0.234042240408201,0.115904752223209,0.648184600118104,0.103236417890098,0.905,0.24
53,"index","linear",0.0735317092049116,0.856447141282511,0.279263330813601,0.238159658685975,0.137053548485251,0.648184600118104,0.0367430727404385,0.905,0.24
53,"index","flexible",0.0750589426667432,0.796607029075343,0.270358027250337,0.23834651536371,0.131205327602831,0.648184600118104,0.00305171100771439,0.905,0.24
53,"offindex","oracle",0.00540874840237229,1.0010522623999,0.0115094664770725,0.160957405383487,0,0.837298223830655,0.853580484236253,NA,NA
53,"offindex","none",0.048960974789466,1.63291220824975,-0.29977940099157,0.217876295227338,0.204993493760077,0.696833121050215,0.00752562577909312,0.865,0.47
53,"offindex","linear",0.0288508507793548,0.819866085910964,0.111957393097679,0.215374345177293,0.191302971985747,0.696833121050215,0.510820989422062,0.865,0.47
53,"offindex","flexible",0.0310524260706786,0.789554420955949,0.121131101453395,0.215864537010721,0.192400254395625,0.696833121050215,0.145896351416547,0.865,0.47
54,"correct","oracle",0.00844443207269681,1.02942077110459,0.0145966444455201,0.174095822493278,0,0.818170073755759,0.617997303941212,NA,NA
54,"correct","none",0.0736270873340971,1.8834785184842,0.172905021490459,0.221353140952204,0.181742616300136,0.717074626097859,4.53777728103273e-09,0.57,0.315
54,"correct","linear",0.0208568809670411,0.900134056401434,0.0681582908842882,0.214869604514592,0.159017589435256,0.717074626097859,0.0364370408795046,0.57,0.315
54,"correct","flexible",0.021121406576508,0.892098200094764,0.0680312748217636,0.21495020709374,0.159052445588514,0.717074626097859,0.0276429304785744,0.57,0.315
54,"index","oracle",0.0092813090524762,0.99536192617667,0.00845642901183091,0.20914737644888,0,0.712170161063507,0.500725237816133,NA,NA
54,"index","none",0.0317995465633948,1.4723163970377,0.0834192750207088,0.235935150176982,0.120754909704549,0.640897615610098,0.0548186710191944,0.815,0.75
54,"index","linear",0.0207079848161172,0.988504532854118,0.0842368988818367,0.234799536049056,0.125178053163686,0.640897615610098,0.113318274760406,0.815,0.75
54,"index","flexible",0.0301558250709284,0.910026435319337,0.0850444618135264,0.235508467846046,0.126104799228337,0.63943224645154,0.0854351842940268,0.815,0.75
54,"offindex","oracle",0.00879515828566488,1.0038517841268,0.0377218957346116,0.16028585221801,0,0.838275425318542,0.583230251656472,NA,NA
54,"offindex","none",0.0666698203617475,1.89771808861571,-0.0554564445698637,0.219385086895535,0.210414323174456,0.698208844319199,0.000158024098656303,0.52,0.22
54,"offindex","linear",0.0169825266555897,0.888461698139709,0.0592057178459771,0.21371413188344,0.189181857597439,0.698208844319199,0.484792522988343,0.52,0.22
54,"offindex","flexible",0.030379616481043,0.844764851711477,0.0691344033231103,0.214686490879158,0.190347702116603,0.698036137852175,0.267904492331573,0.52,0.22
55,"correct","oracle",0.00615039225535164,1.01990190731606,0.0091826754766646,0.174584347283569,0,0.817154251622333,0.193418142231442,NA,NA
55,"correct","none",0.0693081252757309,1.90393118359817,-0.0215395734141509,0.221422281908791,0.182636431257407,0.713728858908563,0.00187830894406333,0.355,0.175
55,"correct","linear",0.00897623162218043,1.05262616453554,0.00544769070833505,0.215277462109838,0.162629093433599,0.713728858908563,0.630669930299312,0.355,0.175
55,"correct","flexible",0.0282219051514992,0.976772518748537,0.00336887931382697,0.216747351167529,0.165271270373841,0.712589686675786,0.440065863198232,0.355,0.175
55,"index","oracle",0.00815772626805357,0.982487330249273,-0.0257427385968463,0.209635916778205,0,0.71224478394911,0.232197867893647,NA,NA
55,"index","none",0.017103277646577,1.23683074385665,-0.0325633780229368,0.236598696331366,0.12086523970575,0.631671044453488,0.570482023691693,0.21,0.47
55,"index","linear",0.0102296061719996,1.03952262615923,-0.0329459633345639,0.23622488327997,0.122721192348869,0.631671044453488,0.738479635456435,0.21,0.47
55,"index","flexible",0.0323767924512425,0.686072889707932,-0.0546321313398284,0.238407466803329,0.122560735777051,0.62061762777359,0.280834287848549,0.21,0.47
55,"offindex","oracle",0.00827716522974993,0.993160680343477,-0.0156341859778075,0.161117042360599,0,0.838043281806167,0.789753769393568,NA,NA
55,"offindex","none",0.0516096560861801,1.67950358983752,-0.143546383985624,0.21782237957761,0.203116579331965,0.699198349633734,0.0165341715097635,0.705,0.625
55,"offindex","linear",0.0108142963102599,0.94358507352487,0.0120014943520943,0.214223977881844,0.185909722741426,0.699198349633734,0.886964509947413,0.705,0.625
55,"offindex","flexible",0.0272718140991361,0.878562906790922,0.0454519597870201,0.215306654566126,0.186789094374868,0.699198349633734,0.997723524945748,0.705,0.625
56,"correct","oracle",0.00795457502523154,1.00499644346192,-0.0102898615591075,0.176670635367676,0,0.812639748804599,0.549326976710181,NA,NA
56,"correct","none",0.0722875229780791,1.88217589587064,-0.23235649296124,0.221540022312478,0.181996831502111,0.716396068254944,2.26420402365027e-05,0.7,1
56,"correct","linear",0.0195401883424712,0.99271131353278,0.0906278937851375,0.214701690187187,0.161162935594011,0.716396068254944,0.494479822176362,0.7,1
56,"correct","flexible",0.0579893436122006,0.876841846977082,0.0823444397337087,0.221299008395054,0.17435138947149,0.712429314488558,0.00117233246009356,0.7,1
56,"index","oracle",0.00434279192309924,0.996913661580867,0.00141176722063556,0.209960918834584,0,0.710609435484919,0.805674347142797,NA,NA
56,"index","none",0.0292449082345304,1.44704196507761,0.0803342825861411,0.237811228126825,0.120408827971042,0.630777146994323,0.107848373339347,0.64,0.945
56,"index","linear",0.0267224152780715,0.805992919907098,0.0523058011533081,0.237370898438855,0.128589156201249,0.630777146994323,0.844792836951993,0.64,0.945
56,"index","flexible",0.0314887022677273,0.674706182846536,0.0528365056488244,0.239086533765777,0.130002598268456,0.629912279210513,0.117690448832403,0.64,0.945
56,"offindex","oracle",0.00845358446853477,0.962827357841092,0.0143790505733122,0.164419421525288,0,0.830657571043213,0.959009167458983,NA,NA
56,"offindex","none",0.0602565780585349,1.7425872318375,0.0758407192613883,0.225370725538029,0.216864502696452,0.675882182908335,5.07775461696713e-05,0.805,0.86
56,"offindex","linear",0.0358204971894382,0.797150410055268,0.176388887806628,0.222026324582583,0.19737675108498,0.675882182908335,0.238725369396658,0.805,0.86
56,"offindex","flexible",0.0330919558144117,0.790364470993759,0.180677890214448,0.222158208871166,0.197567058930233,0.675882182908335,0.212855393004422,0.805,0.86
57,"correct","oracle",0.0102420135342927,1.01773991203161,-0.0175470835565993,0.176261762973284,0,0.813503461855263,0.831679219090607,NA,NA
57,"correct","none",0.0642607234677421,1.75567385856651,0.273928525814855,0.222078838824101,0.180992748219063,0.711794493492411,3.35202738143247e-05,0.125,0.19
57,"correct","linear",0.0149760722674524,0.964297855327989,0.0668305692113057,0.216105335748863,0.160679495689362,0.711794493492411,0.179733907495944,0.125,0.19
57,"correct","flexible",0.0232192129712828,0.92338015888586,0.0673211001397707,0.216604089109313,0.161568840389699,0.711794493492411,0.129401817107418,0.125,0.19
57,"index","oracle",0.010763228748036,1.00252955741923,-0.00498343942196148,0.209103073977487,0,0.715654443559968,0.00245981486154052,NA,NA
57,"index","none",0.0253671973470384,1.33607840855521,-0.0899105362014889,0.235313267682262,0.120049459567841,0.641549045765648,0.616122174302581,0.995,0.415
57,"index","linear",0.0340290136865274,0.951687053983795,-0.139859719669944,0.235411388506816,0.127274782127765,0.641549045765648,0.283294705832157,0.995,0.415
57,"index","flexible",0.0388850036623217,0.831761656410639,-0.119213944352956,0.236586737171886,0.122557659217268,0.641549045765648,0.134918981697202,0.995,0.415
57,"offindex","oracle",0.00966075316354685,1.00967552759912,-0.0125214192753236,0.161253662407794,0,0.838104334840528,0.301137188396082,NA,NA
57,"offindex","none",0.0511567841674558,1.66629083295807,-0.370986960984568,0.222830977418337,0.206898939103988,0.683575798480356,0.00353318372191345,0.28,0.595
57,"offindex","linear",0.0273206973390527,0.793248800658626,0.0296039858765074,0.220050215353483,0.189662295281002,0.683575798480356,0.183923107813251,0.28,0.595
57,"offindex","flexible",0.0553749430276502,0.670635505364891,0.0583234972460491,0.223319638809619,0.19543892648056,0.683315218546516,0.00200369277518406,0.28,0.595
58,"correct","oracle",0.00353497471739789,0.996309586330551,-0.00916299406729029,0.177413462053903,0,0.811064493994144,0.974341945120985,NA,NA
58,"correct","none",0.0844556062532629,2.20975622732273,0.305903051859968,0.224044045661877,0.187068307174875,0.717770175716654,1.92042313222461e-08,0.345,0.54
58,"correct","linear",0.0118940569186804,0.940959269620019,-0.0361494311091869,0.214122944238487,0.15626265198231,0.717770175716654,0.739775436110329,0.345,0.54
58,"correct","flexible",0.0220453392450806,0.922169898212798,-0.0353682269008625,0.214517430240579,0.156678776026154,0.717770175716654,0.72046086139477,0.345,0.54
58,"index","oracle",0.00662101878376505,0.99412015943392,0.0257586319106418,0.208462101125619,0,0.716243543734572,0.0348875399030216,NA,NA
58,"index","none",0.0364533107126487,1.61964849995808,-0.03037722846699,0.235401218327708,0.117907214533585,0.644606512876524,0.719862604235096,0.895,0.955
58,"index","linear",0.042742712239923,0.756927270524977,0.127323421303752,0.235969136248876,0.130650017213384,0.644606512876524,0.00362093275066826,0.895,0.955
58,"index","flexible",0.0458860606785088,0.717756762614941,0.132289277532321,0.237354184158621,0.134197421332629,0.644606512876524,3.1128822258381e-05,0.895,0.955
58,"offindex","oracle",0.00591153116726719,0.973887889161614,0.0114454057270594,0.162883832805699,0,0.833473897028458,0.55038007056598,NA,NA
58,"offindex","none",0.0584762111224401,1.67728952457684,-0.432115962238831,0.21973080451295,0.205645606574392,0.693456817837095,0.243253343034911,0.02,0.065
58,"offindex","linear",0.0208407813306582,0.8456372227091,0.0793891653100065,0.215817194099357,0.188641011563332,0.693456817837095,0.101415264304985,0.02,0.065
58,"offindex","flexible",0.0275509648392057,0.801988079803014,0.0779166924751751,0.216036510502612,0.189726408056397,0.693456817837095,0.102412331720539,0.02,0.065
59,"correct","oracle",0.0043094262128813,0.98348042344776,0.00423744170640355,0.178400876489974,0,0.808966058610556,0.603503996775758,NA,NA
59,"correct","none",0.0585468309184677,1.78258523734557,0.00300846634681192,0.222682332081975,0.182501503763284,0.704946805440405,2.33052725378457e-05,0.825,0.545
59,"correct","linear",0.0179346360701787,0.891683196601415,0.0161551940373187,0.218157380779653,0.162908411190118,0.704946805440405,0.243652835204254,0.825,0.545
59,"correct","flexible",0.0188600376859797,0.878762587097978,0.0134571047076608,0.21828158069466,0.163346190819518,0.704946805440405,0.299408598099275,0.825,0.545
59,"index","oracle",0.00717991786025373,1.04252550097681,0.0214245192334502,0.207425229189128,0,0.720825508532548,0.55387629932589,NA,NA
59,"index","none",0.0325383094797462,1.5328430077001,0.037250491420638,0.236118164422349,0.119722759662408,0.640426107979591,0.178064522358932,0.22,0.86
59,"index","linear",0.0118913555409512,0.958345070359525,0.0474676680860768,0.234635264264169,0.124745917363448,0.640426107979591,0.204426691123945,0.22,0.86
59,"index","flexible",0.0315657049070973,0.867622776478921,0.0487979898812824,0.236234910298215,0.129612046586862,0.638943160975108,0.0371976825588293,0.22,0.86
59,"offindex","oracle",0.00536761247491969,1.01529133673615,-7.68420891194093e-05,0.160286715489045,0,0.839468386066147,0.0666425327755129,NA,NA
59,"offindex","none",0.0536360661619353,1.63276614457092,-0.298087362710393,0.21867054809133,0.2041773775122,0.695597994433509,0.306471307012477,0.205,0.07
59,"offindex","linear",0.0134503711886048,1.08499617382724,-0.018898026906814,0.21515169383947,0.193314549056102,0.695597994433509,0.0831970432671274,0.205,0.07
59,"offindex","flexible",0.0486747476448137,0.963938780748097,0.0170920356961466,0.218307241289759,0.198947248296058,0.695597994433509,0.166937832604143,0.205,0.07
60,"correct","oracle",0.00367137647153983,1.00904825147972,-0.00591190386085582,0.175650211428117,0,0.814848355273984,0.986472188241417,NA,NA
60,"correct","none",0.0450655715462311,1.51338580596463,-0.0280489831362103,0.219897952790581,0.177211442087815,0.708040743077773,0.0482132185794933,0.07,0.26
60,"correct","linear",0.0250290427108339,1.02032700226955,0.117395293925314,0.21769248697028,0.166823106427202,0.708040743077773,0.175875292728023,0.07,0.26
60,"correct","flexible",0.0271894398045769,0.897647898289226,0.107788134038496,0.220908937317165,0.173559456255897,0.692320667869943,0.186147715856416,0.07,0.26
60,"index","oracle",0.00847151696756404,0.967635193282376,0.020847183341319,0.209806505822833,0,0.711924191409383,0.202280129255338,NA,NA
60,"index","none",0.0313204231907115,1.55127028869297,-0.054898040856447,0.236283229984632,0.120467943709433,0.63925625400431,0.575945050462684,0.095,0.255
60,"index","linear",0.0116516203433181,1.10673252082643,0.00606026192247654,0.234683854342867,0.121925281714143,0.63925625400431,0.836515477905213,0.095,0.255
60,"index","flexible",0.0423743396204351,0.732517620694939,0.00679774005936091,0.237810330323333,0.121815111418374,0.631829328863227,0.00182544128872311,0.095,0.255
60,"offindex","oracle",0.00555136608849446,1.00451995973124,-0.000553195497392737,0.160425098899097,0,0.839300201220294,0.330859674981449,NA,NA
60,"offindex","none",0.0720360040811692,2.1639859334764,-0.538264669236896,0.220623790874212,0.210179672118135,0.701901632455751,1.4431318696482e-07,0.625,0.6
60,"offindex","linear",0.0191781612030841,0.923477310074628,-0.0454644634247203,0.213448894005944,0.186002143414299,0.701901632455751,0.520470077599784,0.625,0.6
60,"offindex","flexible",0.0392497148746931,0.837492487938863,-0.0103690034574002,0.215107964653148,0.189167207380326,0.701901632455751,0.0181832275017265,0.625,0.6
61,"correct","oracle",0.00916047926666101,0.996373528071258,0.00600787878119303,0.17675615738454,0,0.812469432559808,0.820733845264012,NA,NA
61,"correct","none",0.0651527035268565,1.86097668176878,-0.0859631180888063,0.221282991328923,0.183156151396029,0.713006453489325,1.0848654548609e-05,0.02,0.04
61,"correct","linear",0.0261894625101051,1.05323546616464,0.126309409539184,0.216122690364394,0.164930129536656,0.713006453489325,0.17400708940263,0.02,0.04
61,"correct","flexible",0.0354402997349908,1.01583728808476,0.121543124490703,0.217015554219387,0.16625699596766,0.712956222560555,0.0606343342465907,0.02,0.04
61,"index","oracle",0.0071567879153648,1.02770420735337,-0.00516225134011114,0.208512068210155,0,0.714629391664525,0.901592972034355,NA,NA
61,"index","none",0.0289317392884421,1.21962143257325,0.1189736986716,0.234854654786493,0.120629969430641,0.641782496042464,0.272343815935039,0.88,0.845
61,"index","linear",0.0179177996303217,0.892708630996634,0.0333627612600743,0.234249177829251,0.12409828475543,0.641782496042464,0.0616031626179326,0.88,0.845
61,"index","flexible",0.0307065601347273,0.776296366466125,0.0311171279673026,0.236281155508779,0.125972247819746,0.630474414269728,0.0710127784244779,0.88,0.845
61,"offindex","oracle",0.00648518264767522,1.00755980342675,-0.0293434661815856,0.161539514998795,0,0.837530648683263,0.000561475093185756,NA,NA
61,"offindex","none",0.0860498091967752,2.45784781653974,-0.0400152519073213,0.224345767747031,0.21786825768858,0.700986886702041,6.70735460791045e-06,0.455,0.55
61,"offindex","linear",0.0378986619682524,0.759333909581757,0.0105410343060635,0.215926560130391,0.185091425485856,0.700986886702041,4.21525408002914e-05,0.455,0.55
61,"offindex","flexible",0.0438238249202191,0.734604358261914,0.026708252826047,0.216374482710634,0.185906112811123,0.700986886702041,5.51428311909126e-05,0.455,0.55
62,"correct","oracle",0.0091564413678194,1.02756694055284,0.0135851679334312,0.175091844852796,0,0.815972560687751,0.887931528930354,NA,NA
62,"correct","none",0.0750685163078032,2.12571636592333,-0.0630021726875572,0.224310414520821,0.189671099487249,0.709561788811731,4.14788937930809e-07,0.835,0.445
62,"correct","linear",0.0278823226300868,0.926790121409338,0.122833884618265,0.217471357103585,0.167303006737132,0.709561788811731,0.906131554934641,0.835,0.445
62,"correct","flexible",0.0336567274156688,0.931285674570639,0.127011373931414,0.217829383761703,0.168081573478864,0.709561788811731,0.857606100846993,0.835,0.445
62,"index","oracle",0.00934633756577627,0.94803558277294,-0.00797779086405011,0.211300733331077,0,0.706720786820857,0.885855482519888,NA,NA
62,"index","none",0.0319677731990776,1.563479314446,-0.07661190127362,0.237807414988833,0.119482854594817,0.632485756654148,0.223428018630329,0.585,0.185
62,"index","linear",0.0268944685837128,1.42392542454287,0.0480394546201188,0.237190682768265,0.119438188881707,0.632485756654148,0.430992871019324,0.585,0.185
62,"index","flexible",0.0322819635008152,1.13871372736844,0.0324077112965797,0.239519013021167,0.121866012364628,0.603082395563731,0.0472166903226639,0.585,0.185
62,"offindex","oracle",0.00679076369147992,0.97505535350451,0.0108155536913591,0.163857547811244,0,0.831661574407133,0.671507037243586,NA,NA
62,"offindex","none",0.0508433207874247,1.59912881336409,-0.0501277871695557,0.221051397734273,0.208767563171894,0.683563599763619,0.00123700238208124,0.705,0.565
62,"offindex","linear",0.0338873896555195,1.18061440944187,0.0999843122062501,0.219162702954085,0.201359903839958,0.683563599763619,0.131688156350238,0.705,0.565
62,"offindex","flexible",0.0401959314112607,1.15030737206814,0.108306666853203,0.220057144095117,0.201959559313883,0.683563599763619,0.0209694187320052,0.705,0.565
63,"correct","oracle",0.00429536362297703,1.01534108910744,0.00489843280715272,0.174895146046504,0,0.816476486802383,0.868331491808902,NA,NA
63,"correct","none",0.0612955672108597,1.70837366915987,0.14327115055406,0.218940983247261,0.176618067693793,0.718928189710671,0.00108407033565817,0.19,0.02
63,"correct","linear",0.0227361273703868,1.17418103311539,-0.0486180002682965,0.214289001336608,0.162319033757683,0.718928189710671,0.304242129236379,0.19,0.02
63,"correct","flexible",0.0261168572174989,1.13619824279244,-0.0375869997411906,0.21471199197595,0.163175158941909,0.718722848160209,0.078735679113582,0.19,0.02
63,"index","oracle",0.00365244965375871,0.985970553530681,0.00288296310245364,0.20967399296332,0,0.712922604839202,0.188233532992919,NA,NA
63,"index","none",0.0181535380907128,1.18021357852745,-0.066122324117289,0.234714722281606,0.12139779806413,0.640784652926063,0.9585373375965,0.48,0.25
63,"index","linear",0.0145750306807421,0.90508228126652,-0.013727697296131,0.234470089438293,0.125614431781558,0.640784652926063,0.770327954766248,0.48,0.25
63,"index","flexible",0.0454291731419471,0.650618102006849,0.0168183636371269,0.239928165534656,0.135921337095472,0.613047966051063,0.0243598344167257,0.48,0.25
63,"offindex","oracle",0.00860605987358225,0.991242811125238,-0.0325396387801369,0.162235107251529,0,0.835960886475226,0.403490359075763,NA,NA
63,"offindex","none",0.0653062960049158,1.72362145417975,-0.540053381943181,0.221411095673279,0.206171266191004,0.69736051310454,0.00683074397484184,0.405,0.535
63,"offindex","linear",0.0160393944284279,0.97839732296708,0.0793259255252417,0.215434438650688,0.192475713633836,0.69736051310454,0.033980910450222,0.405,0.535
63,"offindex","flexible",0.0307181654714778,0.912097813386552,0.0974689829822531,0.216431698377308,0.193891493947247,0.69736051310454,0.00481241645229185,0.405,0.535
64,"correct","oracle",0.00644530575769444,1.00020374407519,0.00319786674662819,0.176779771547944,0,0.812413759655039,0.527060925798148,NA,NA
64,"correct","none",0.0496971767396321,1.5166066701544,0.178179795984507,0.220340496543329,0.177398239842955,0.70871739486958,0.00044348522181603,0.98,0.74
64,"correct","linear",0.0454638807402169,0.881180200412444,-0.190135776166882,0.219270681833587,0.166204124957264,0.70871739486958,0.193859979413994,0.98,0.74
64,"correct","flexible",0.0536271827153882,0.826469753668594,-0.184987804970775,0.220085080012864,0.168941731714083,0.70871739486958,0.0223492896361051,0.98,0.74
64,"index","oracle",0.0066342325396972,0.975230468639032,0.00646554210623038,0.209577530092645,0,0.71355896684382,0.131493479882176,NA,NA
64,"index","none",0.0369452859701137,1.5696176061158,-0.129125069058853,0.235737560063393,0.119094263088287,0.643506989511573,0.00396665114062488,0.73,0.71
64,"index","linear",0.0389992178159651,1.77962062491607,0.0118569387263132,0.236222868508123,0.117650350404712,0.643506989511573,0.00131183195923857,0.73,0.71
64,"index","flexible",0.041294898323462,1.39144941071297,0.0190760927802899,0.236805793660498,0.117687133798941,0.627113581643076,0.000869607507087371,0.73,0.71
64,"offindex","oracle",0.00707891848884682,0.994260215317703,-0.0185243222812073,0.161852385513787,0,0.836734219891604,0.316566603801124,NA,NA
64,"offindex","none",0.0647279089103724,1.98319485008727,-0.25541192472456,0.222104560271501,0.212751759160132,0.693941115614851,0.000120670854288193,0.74,0.92
64,"offindex","linear",0.059608008789038,1.47238460563151,-0.463133194300367,0.221588781309757,0.205428193043282,0.693941115614851,0.00117474871167529,0.74,0.92
64,"offindex","flexible",0.05872270626886,1.03339497690782,-0.239877653303614,0.227097697341335,0.21017828125678,0.652591850846824,0.00374058935875697,0.74,0.92
65,"correct","oracle",0.00853591697214097,1.01428293752929,0.00696513246657262,0.175621393434009,0,0.814878766003307,0.300017194892741,NA,NA
65,"correct","none",0.0650759001553041,1.8589492022467,0.00503830319585203,0.219496364464338,0.178781320365189,0.718596679501982,2.57291474060927e-06,0.585,0.045
65,"correct","linear",0.0388667982713797,1.21456173804942,0.180839133993328,0.215364633745093,0.164587424392275,0.718596679501982,7.55322979807679e-05,0.585,0.045
65,"correct","flexible",0.0416163134752084,1.214272205573,0.194021021033211,0.216119636126441,0.16596704407584,0.718596679501982,6.20687569499083e-05,0.585,0.045
65,"index","oracle",0.00891107885071322,1.01521140520532,-0.0309801919983397,0.208614916738003,0,0.71659048220239,0.321466006107991,NA,NA
65,"index","none",0.0337001868513442,1.50318911821293,-0.0269485065937083,0.234024888739729,0.115899147499738,0.649385506578644,0.0679553030930228,0.64,0.265
65,"index","linear",0.0626313311862355,1.21847418836868,0.329503610365078,0.236783221471113,0.132793813686263,0.649385506578644,0.00037386636975602,0.64,0.265
65,"index","flexible",0.0635954661797314,1.00953539758243,0.271371043444583,0.239094751254562,0.143528735572904,0.64413268735405,1.85004790866958e-05,0.64,0.265
65,"offindex","oracle",0.00757597782444926,1.0222049625881,-0.0290127387397518,0.15960866408389,0,0.841206865039837,0.174351593201921,NA,NA
65,"offindex","none",0.045360872897961,1.60256955800975,-0.211822416315721,0.21881733596869,0.204722790374487,0.693814350671224,0.00209999717466088,0.955,0.745
65,"offindex","linear",0.0155585120867659,1.06351528395142,-0.0536410379296532,0.215919670143436,0.194293192257633,0.693814350671224,0.734890952702312,0.955,0.745
65,"offindex","flexible",0.0269651822849282,0.992732172770793,-0.0301345046330282,0.216982610156741,0.195639279472506,0.693702636251503,0.490438614343206,0.955,0.745
66,"correct","oracle",0.0080390378139663,0.975477740214334,0.00623561288899186,0.178734166524834,0,0.808241932741774,0.230824881282171,NA,NA
66,"correct","none",0.0553707293911792,1.68108097313499,-0.115150611942035,0.226857017876196,0.19209753906241,0.689530542057749,0.00688185076593524,0.77,0.12
66,"correct","linear",0.0172529567878877,0.885568170490559,-0.0440630653458025,0.223196351593751,0.177202104343047,0.689530542057749,0.29026162238545,0.77,0.12
66,"correct","flexible",0.0308828541994981,0.843864509257178,-0.0406051204102609,0.224057875043715,0.178811993477802,0.689530542057749,0.086453392332302,0.77,0.12
66,"index","oracle",0.00791631629325783,1.01863288980496,-0.0025401673441264,0.208732783294449,0,0.71787075334712,0.582810128838884,NA,NA
66,"index","none",0.0263153367854598,1.39525291245582,-0.0470692615794747,0.240741506246616,0.12572531493657,0.613859378937642,0.0321975861657513,0.43,0.175
66,"index","linear",0.0201085018257529,0.851560333323771,0.0600666026815371,0.240449550942424,0.132787788092813,0.613859378937642,0.262410903541335,0.43,0.175
66,"index","flexible",0.0258768548102509,0.746104915470448,0.0372568969914046,0.2423484945907,0.137898676107454,0.60648912360845,0.0190776662321724,0.43,0.175
66,"offindex","oracle",0.00725002230987465,1.00288503291352,0.0184334658690392,0.160628189994035,0,0.838049551839843,0.633136997924586,NA,NA
66,"offindex","none",0.0545987129587162,1.79728507807039,-0.398913294387721,0.223323225320231,0.212541354153438,0.678517490643404,0.000391119834627649,0.095,0.465
66,"offindex","linear",0.0337785778082418,0.820994264924344,0.173248325753581,0.220915776722033,0.19719520720052,0.678517490643404,0.180265282616922,0.095,0.465
66,"offindex","flexible",0.0379956710872357,0.811762517926374,0.169942859124209,0.221659322439419,0.198879870469184,0.678459768166877,0.0246908938356102,0.095,0.465
67,"correct","oracle",0.00783553909201412,0.995842018703609,-0.0108279969181322,0.177124477473319,0,0.811709257348118,0.105635803707762,NA,NA
67,"correct","none",0.053275009918917,1.57535950539991,-0.196401544068491,0.226640926554661,0.191196108000144,0.688679018864302,0.182895211822844,0.175,0.105
67,"correct","linear",0.012997311637277,0.97082046193679,-0.052737654090981,0.223014502163059,0.178678983426228,0.688679018864302,0.282222529592611,0.175,0.105
67,"correct","flexible",0.0555906601352683,0.759170929827353,-0.032434438111381,0.229148374799299,0.186799924431752,0.669670884734156,0.00408381246027674,0.175,0.105
67,"index","oracle",0.0100711096926389,1.03183027170822,0.0139656510825604,0.207913848152942,0,0.716906072278288,0.971204392078661,NA,NA
67,"index","none",0.0436740599092948,1.66954917896854,-0.239436232116502,0.23995613024608,0.12776229274367,0.628684485958949,0.00386731531223261,0.06,0.015
67,"index","linear",0.0288974561649002,0.854137797807148,-0.102814178010585,0.238016330025994,0.131394520889533,0.628684485958949,0.728842678720885,0.06,0.015
67,"index","flexible",0.0290232477968536,0.851196622344968,-0.104877835608327,0.238150410630826,0.13031118617327,0.628684485958949,0.604977471755126,0.06,0.015
67,"offindex","oracle",0.0093680182860994,0.98183116092429,-0.0193039825143611,0.163437343093888,0,0.833157227135876,0.39791385636778,NA,NA
67,"offindex","none",0.0656257667652089,1.66717164671021,-0.509051885164899,0.219680498153135,0.202891191119905,0.702544023361084,1.3377611181951e-09,0.045,0.02
67,"offindex","linear",0.0700058033508307,1.08375306100431,-0.384618197906847,0.219280404621742,0.19461722770698,0.702544023361084,1.32514817146032e-05,0.045,0.02
67,"offindex","flexible",0.0666483741530792,0.944355242395365,-0.286929202368964,0.219487270598125,0.194364273626396,0.700979174318539,0.000313935659362245,0.045,0.02
68,"correct","oracle",0.00805738563390007,1.00963386005778,0.00153885375136937,0.17612427568576,0,0.813853830216613,0.179385402403621,NA,NA
68,"correct","none",0.0587252034936116,1.73882638298606,-0.0367949330953397,0.224154528444873,0.186890052699863,0.699615301938448,3.95025191879024e-05,0.81,0.86
68,"correct","linear",0.0468005125784398,0.692878330868227,-0.00172154059041456,0.222727491462816,0.171937446675981,0.699615301938448,0.000460375532149284,0.81,0.86
68,"correct","flexible",0.0542440551643489,0.650409695578336,-0.00675644486544344,0.223904372774163,0.174594205393209,0.699344601895136,1.84595042363669e-07,0.81,0.86
68,"index","oracle",0.00989007440331782,0.994942785565976,0.00918477299093845,0.209335566965139,0,0.713543274166924,0.0641732803960279,NA,NA
68,"index","none",0.0392860222966808,1.33528901647714,0.185604385417926,0.238080279136985,0.125654931592732,0.63203681112589,0.197978934797631,0.67,0.74
68,"index","linear",0.0423599180470027,0.721637127873366,0.0533199846899493,0.238090259649354,0.13436694850573,0.63203681112589,0.134436801691191,0.67,0.74
68,"index","flexible",0.0472511684974614,0.688992065362268,0.051890174681768,0.239014341010654,0.138134299462849,0.63175456108073,0.0376273307055287,0.67,0.74
68,"offindex","oracle",0.00511965371750566,0.995747554240015,-0.0150000452237619,0.161522199453781,0,0.836689319245995,0.0418405945435832,NA,NA
68,"offindex","none",0.0627102289972644,1.90167614360723,-0.391337196750327,0.222323546842526,0.211864987176648,0.689333813537171,5.01034690565591e-05,0.125,0.23
68,"offindex","linear",0.0108580978409794,1.04420054287492,0.006906976288716,0.217183445625417,0.196964450149577,0.689333813537171,0.363571211164052,0.125,0.23
68,"offindex","flexible",0.039967544792854,0.945688302781547,0.0539857236369073,0.219043220855055,0.199314815069187,0.689333813537171,0.434967098932126,0.125,0.23
69,"correct","oracle",0.00434329916047884,1.01140943775485,0.0183914903500621,0.175765063431354,0,0.814580911368543,0.48478192716016,NA,NA
69,"correct","none",0.0695229518770346,1.87024290754529,-0.262293750576387,0.222165679023471,0.182807374097992,0.71408023504611,1.38172501501474e-05,0.865,0.115
69,"correct","linear",0.0226284269023869,0.853456155078112,-0.0458813478474932,0.215829863791443,0.159181875605262,0.71408023504611,0.652061551581964,0.865,0.115
69,"correct","flexible",0.0374800202157424,0.835822237591217,-0.0499756563256612,0.217101080815414,0.162904592110794,0.71389194348861,0.0145625507571903,0.865,0.115
69,"index","oracle",0.00960711323206221,0.99473418348928,0.0239329139609876,0.20982630594539,0,0.714598921019297,0.673028319948615,NA,NA
69,"index","none",0.0268882689187155,1.32983667101724,-0.106878458004749,0.2349462781821,0.120916608893793,0.643589780670677,0.547884003919956,0.675,0.605
69,"index","linear",0.0226374096313375,1.17290788823025,0.0921890293008075,0.234448994776835,0.120903968251928,0.643589780670677,0.692332253494821,0.675,0.605
69,"index","flexible",0.0316791610071796,0.925514272188175,0.0852942147302212,0.236929900283555,0.123507189221306,0.629374893188447,0.471344631360672,0.675,0.605
69,"offindex","oracle",0.00596536571058834,1.02127020901048,-0.0089957581663193,0.160378775041622,0,0.838714526605338,0.423770264652514,NA,NA
69,"offindex","none",0.0463693981487801,1.48208027834875,-0.345857314718781,0.219308323353984,0.200203477704573,0.690372737736089,0.000183718476414447,0.275,0.91
69,"offindex","linear",0.00828136324035294,1.026632452626,-0.0350129199041505,0.216136768107028,0.190574097797167,0.690372737736089,0.103236911160017,0.275,0.91
69,"offindex","flexible",0.0312779407308197,0.868311006732605,0.0336198126760941,0.217916384774179,0.192309450681132,0.690372737736089,0.00914942545644099,0.275,0.91
70,"correct","oracle",0.00384406097620378,0.99273390851251,-0.0139084336276604,0.17707585976655,0,0.811800392025077,0.948044953223409,NA,NA
70,"correct","none",0.0667654629499806,1.97926314973719,-0.0308606813389458,0.221925803674107,0.183659175114255,0.713639836151263,2.35730753832285e-06,0.5,0.96
70,"correct","linear",0.0324142472115692,0.810903623840255,-0.062885004059983,0.216443425002688,0.15904720368358,0.713639836151263,1.61471255816677e-06,0.5,0.96
70,"correct","flexible",0.0377112134281322,0.767111984711192,-0.0635723667237089,0.218011572577501,0.16210667114981,0.712691584845436,4.31807439729013e-07,0.5,0.96
70,"index","oracle",0.00667584959481958,1.01775753192155,-0.0114829602899864,0.208814504591592,0,0.713890328391086,0.914985408979061,NA,NA
70,"index","none",0.0417057609714577,1.71969084734844,0.173122948135215,0.237854824451813,0.121848896017033,0.637367278366953,0.0568379958619062,0.29,0.32
70,"index","linear",0.034629959097668,0.745592274354216,-0.00485332749050594,0.236407521402027,0.130889858530125,0.637367278366953,0.0190476806292649,0.29,0.32
70,"index","flexible",0.0390853453356802,0.7252064273617,-0.00223161288561904,0.236956726806658,0.131891387512356,0.637367278366953,0.018151481465048,0.29,0.32
70,"offindex","oracle",0.0072498354755242,1.01658511090216,-0.044723134273234,0.159951298285791,0,0.841023394562405,0.150693299355642,NA,NA
70,"offindex","none",0.0424427170236796,1.58206596940161,-0.18157342092388,0.222957971705964,0.212088136546459,0.678039274962637,0.155445924452592,0.98,1
70,"offindex","linear",0.0359964636248813,0.941407319761187,0.171236113045755,0.221763372873647,0.204780402744361,0.678039274962637,0.0068560001211817,0.98,1
70,"offindex","flexible",0.0649082869681277,0.713193848173987,0.185822493354242,0.226470286878133,0.212324424272757,0.678039274962637,1.01672889140151e-07,0.98,1
71,"correct","oracle",0.00679695030223803,1.01952120045906,-0.0130100429328113,0.175402981075183,0,0.815348661110676,0.849559870209105,NA,NA
71,"correct","none",0.0706079679785289,1.86051738649487,0.247749088966501,0.219442038764563,0.17892351084625,0.722636723972317,0.00543557652463977,0.155,0.755
71,"correct","linear",0.0212337313357433,0.918876238711562,-0.0788437089682254,0.21281986369613,0.156782643860564,0.722636723972317,0.100016888586985,0.155,0.755
71,"correct","flexible",0.0275725476010347,0.838866552563909,-0.0584836226355634,0.213623959300828,0.159461268031801,0.722636723972317,0.000811128263519463,0.155,0.755
71,"index","oracle",0.00754186285779252,1.008433239596,0.0172545476360277,0.209038781797184,0,0.714406622899316,0.18144914764152,NA,NA
71,"index","none",0.026982653271144,1.47229575479304,-0.0108316306639705,0.236620358632312,0.120316687917798,0.63588764461076,0.101782017477087,0.82,0.485
71,"index","linear",0.0222581505979925,1.17866530114418,0.0863870546003004,0.235936240280542,0.122267976520856,0.63588764461076,0.487652130604774,0.82,0.485
71,"index","flexible",0.052452733139483,0.675968330471011,0.0743863273166468,0.242097024939157,0.136492062634776,0.590974126278152,0.0408625467133273,0.82,0.485
71,"offindex","oracle",0.00609999459295832,1.01338461673833,-0.0118428141614059,0.159791774688583,0,0.840016125246826,0.373897602169671,NA,NA
71,"offindex","none",0.054269884681232,1.79348161453951,-0.412078079946075,0.224026543900499,0.214114714464739,0.67717497932124,0.00311633280623209,1,0.185
71,"offindex","linear",0.0257494048126534,1.26465766451948,-0.144662717835054,0.220643799678603,0.206166136247901,0.67717497932124,0.218978035985535,1,0.185
71,"offindex","flexible",0.0336886410137578,1.10285021359086,-0.0773272425439649,0.222112254427021,0.208291187426487,0.670185564677061,0.0422515457964369,1,0.185
72,"correct","oracle",0.00692462680279484,1.01538259997451,-0.0015579261663131,0.175240003386519,0,0.815697003658964,0.701407749836441,NA,NA
72,"correct","none",0.0680469482126008,1.80567056711662,-0.0434188498346764,0.218233934037178,0.177111548862524,0.722709171219305,1.84153980517969e-05,0.655,0.32
72,"correct","linear",0.0396777998550494,1.06722856904703,-0.197022263277915,0.214201241725607,0.16128229163866,0.722709171219305,0.0350521815897078,0.655,0.32
72,"correct","flexible",0.0389827030229468,1.06494721181006,-0.19294070850255,0.214387803557869,0.161463207717717,0.722709171219305,0.021928770862911,0.655,0.32
72,"index","oracle",0.00814902106491648,1.01773588187423,-0.00849550655935661,0.208768582784938,0,0.714718227873805,0.21618977473571,NA,NA
72,"index","none",0.0364466301689366,1.53561961281268,-0.137707127075824,0.235228969902625,0.120004989260931,0.645442170797269,0.00889589984183487,0.2,0.185
72,"index","linear",0.0553403902113739,1.26031657758751,-0.285070695058609,0.236542661232079,0.128590195217439,0.645442170797269,0.000340129244372053,0.2,0.185
72,"index","flexible",0.0568489277322626,1.2477469763821,-0.276465584933867,0.236739253893716,0.13109548532018,0.645442170797269,0.00185827324991941,0.2,0.185
72,"offindex","oracle",0.00652402287940141,1.00517688354029,-0.00924718074984199,0.160643438275238,0,0.838625007860249,0.891699907253219,NA,NA
72,"offindex","none",0.0414194710083006,1.51110645775349,-0.131995448907816,0.219710731678207,0.206691095494815,0.685542398443001,0.242897821497715,0.54,0.04
72,"offindex","linear",0.0600131691728909,1.00393842179554,-0.285177116881557,0.221200915590852,0.199474308168133,0.685542398443001,0.00845507859512049,0.54,0.04
72,"offindex","flexible",0.0652451545405031,0.778472800914946,-0.180634567858362,0.223590037352623,0.203366878639241,0.685542398443001,2.38928946517693e-07,0.54,0.04
73,"correct","oracle",0.00797676935258919,1.00514686530745,0.0251980924288303,0.177324093411008,0,0.811248825139095,0.0963019248454495,NA,NA
73,"correct","none",0.0665460908198141,1.87957909794181,0.0210436258404232,0.220658473372996,0.178125061526644,0.715678470771925,8.08450109484811e-06,0.5,0.855
73,"correct","linear",0.0167615254864883,0.980020392125477,0.0723176773922418,0.214827681877701,0.156283550847344,0.715678470771925,0.799145916136283,0.5,0.855
73,"correct","flexible",0.0421401492880234,0.824802043184188,0.0684457343600902,0.220030854711237,0.164865282380975,0.705287022079225,0.0524879186768066,0.5,0.855
73,"index","oracle",0.00582515597732611,0.981462433668624,0.0187132332709879,0.209420016345615,0,0.714475367655766,0.599142311479964,NA,NA
73,"index","none",0.0390487650370125,1.39219611030756,-0.17746613518688,0.237572322883482,0.12282941676556,0.633053501066675,0.34694848804617,0.3,0.315
73,"index","linear",0.0310989127906225,0.88114823669098,-0.114278750823408,0.236969978298524,0.127261406831934,0.633053501066675,0.679705947902331,0.3,0.315
73,"index","flexible",0.0325840549279036,0.844347064321278,-0.114366952679994,0.237227095045605,0.126950338941127,0.633053501066675,0.457604342912965,0.3,0.315
73,"offindex","oracle",0.00662679398616774,1.01181512574264,0.0147487682089155,0.16053153287838,0,0.838083306379151,0.591871334186663,NA,NA
73,"offindex","none",0.0538606199088372,1.79664569383343,-0.150676505783396,0.218638171162834,0.205953087028688,0.694293387043674,0.000435284129616198,0.845,0.805
73,"offindex","linear",0.0357630956549379,1.06124338908687,-0.19818199117897,0.215585362857665,0.191624921536511,0.694293387043674,0.121424942911992,0.845,0.805
73,"offindex","flexible",0.0356698985361453,1.01692102702739,-0.176503471610493,0.216336609187717,0.193468677799095,0.694293387043674,0.00773041753770619,0.845,0.805
74,"correct","oracle",0.00781547279757311,0.996658891549663,-0.0123355239824534,0.177295263184886,0,0.811311351837051,0.915847203765957,NA,NA
74,"correct","none",0.0456187375774285,1.5674082058349,0.00800497725116133,0.222797927482648,0.182469363711379,0.699614400960181,0.0324883586560109,0.305,0.1
74,"correct","linear",0.0179574166491526,0.929861075214275,-0.0762776778374161,0.220069087808639,0.169130705419604,0.699614400960181,0.836524013667529,0.305,0.1
74,"correct","flexible",0.0268600255235292,0.824281563515227,-0.0642458586661554,0.221284108978753,0.172213125008066,0.699614400960181,0.113481475034998,0.305,0.1
74,"index","oracle",0.0085001854016625,0.982018905094303,-0.0156883425061823,0.210520340060944,0,0.70798771670679,0.693930505784639,NA,NA
74,"index","none",0.0472672700191473,1.5784030182813,0.217799901637917,0.234907682788543,0.1175419412232,0.65138059244313,0.00242567308191508,0.375,0.34
74,"index","linear",0.0395491388515074,0.752939964222762,-0.080364459007283,0.233837944548191,0.124559271060124,0.65138059244313,0.00835394433569544,0.375,0.34
74,"index","flexible",0.0352684394719902,0.666619071392456,-0.0794001597868422,0.23426289326891,0.118774437860728,0.65138059244313,0.00220454327214962,0.375,0.34
74,"offindex","oracle",0.00798231403003845,0.990943829562553,0.000100797622583975,0.162300585931415,0,0.835117145967657,0.0638318912349192,NA,NA
74,"offindex","none",0.0529963635081913,1.56164369685706,0.0704100900848948,0.218377790306634,0.20401057169171,0.698523373255587,0.0150330684360073,0.025,0.01
74,"offindex","linear",0.0217955667842152,0.90226697345798,-0.0527211276561559,0.214880509422483,0.186927909426014,0.698523373255587,0.279456476280419,0.025,0.01
74,"offindex","flexible",0.0354476294326686,0.843929105978996,-0.0361564120183187,0.216425281347923,0.189127754855439,0.698166312241886,0.250943948825855,0.025,0.01
75,"correct","oracle",0.0081495322667874,0.971409859742057,0.00804767570256433,0.179777162681936,0,0.805985128425254,0.295533452094466,NA,NA
75,"correct","none",0.0560873149767529,1.71128245266811,-0.042811785794135,0.223635791004388,0.182860010900261,0.699790414973592,2.51293174895275e-06,0.085,0.37
75,"correct","linear",0.0402390674428849,0.815216966075703,-0.123467351843311,0.22145326844064,0.16493916165764,0.699790414973592,0.00204485527781513,0.085,0.37
75,"correct","flexible",0.0338998563991853,0.750879431657215,-0.131463653919194,0.222066351368926,0.167544554464826,0.699790414973592,0.000399460089233967,0.085,0.37
75,"index","oracle",0.0079031941027984,0.989148099665214,0.0235478400843584,0.209947045235101,0,0.710270014385988,0.128038208053711,NA,NA
75,"index","none",0.0213508813964159,1.35344027665587,0.00956587658464379,0.23409357191531,0.115679050736052,0.644771827705285,0.210959070435829,0.335,0.295
75,"index","linear",0.0127050413068075,1.01714945598183,-0.0373354172422713,0.233293541835132,0.118996954281245,0.644771827705285,0.077620890246682,0.335,0.295
75,"index","flexible",0.0230541687158463,0.981811138616889,-0.0367134386731433,0.233872607779999,0.119880462372258,0.644771827705285,0.035963021373108,0.335,0.295
75,"offindex","oracle",0.00935739200761803,0.980274792710411,0.0209666092126016,0.162149740893705,0,0.834802687832461,0.164869427702233,NA,NA
75,"offindex","none",0.0493318752422843,1.7065821443547,-0.168126460406943,0.220351731232915,0.208277020058358,0.6872405733419,0.0139017947697318,0.44,0.805
75,"offindex","linear",0.0484733093034087,0.948711512255654,-0.202134536455186,0.219307795591511,0.195806770647111,0.6872405733419,7.18085604469175e-09,0.44,0.805
75,"offindex","flexible",0.0562897649139495,0.836601033201991,-0.153336940152142,0.222265305459524,0.200270498361209,0.675745071048427,2.35335374369343e-09,0.44,0.805
76,"correct","oracle",0.00818338131373804,1.01120139243834,-0.0199578249190951,0.176053606237923,0,0.814030847511528,0.920470584045529,NA,NA
76,"correct","none",0.0744915549923136,1.9780740016556,0.246526880280339,0.221679603526197,0.18217102725523,0.718396151411419,1.01226648320918e-06,0.07,0.495
76,"correct","linear",0.0157394357267464,1.10848398068736,-0.035247473999909,0.21403882880413,0.159065755100231,0.718396151411419,0.229994424478882,0.07,0.495
76,"correct","flexible",0.0283776119654563,1.09398688673612,-0.031193644716526,0.214778785505064,0.160966675311281,0.718396151411419,0.0433868494814623,0.07,0.495
76,"index","oracle",0.00762498692400864,1.024121956003,0.00199395326764796,0.208493093900338,0,0.716575308224492,0.738157581032199,NA,NA
76,"index","none",0.0221500666351701,1.31465621327031,-0.033014323489437,0.235624484853638,0.119535757943862,0.638421279958995,0.284357195696358,0.545,0.04
76,"index","linear",0.0185364477046265,1.10783171772003,0.0759658740290507,0.235257019835068,0.121976300406336,0.638421279958995,0.126596329201174,0.545,0.04
76,"index","flexible",0.0247259406047198,1.11005388957421,0.0820698948014077,0.235685798556832,0.120994252615215,0.638421279958995,0.117396625080283,0.545,0.04
76,"offindex","oracle",0.00703439010779559,1.02026962588247,0.0187107982438543,0.159644243241259,0,0.840021281894051,0.292475778434728,NA,NA
76,"offindex","none",0.0346556323287837,1.28463534059288,-0.232914633190738,0.219932875014761,0.204839480033193,0.680887391304711,0.573410827677301,0.615,0.6
76,"offindex","linear",0.0336163837693178,1.07842019000555,-0.184379296931253,0.219546695104027,0.20160655709336,0.680887391304711,0.434798199041621,0.615,0.6
76,"offindex","flexible",0.0336577054709147,0.900734396583063,-0.111048420786675,0.222457575201325,0.204881484562057,0.671748825582591,0.00808773645520617,0.615,0.6
77,"correct","oracle",0.0103587496664995,1.0295365791971,-0.00340397664642719,0.174130707360626,0,0.818133879767978,0.428911675191571,NA,NA
77,"correct","none",0.0611945155963839,1.83101127183231,0.0359765062030289,0.222736234578685,0.184591070827627,0.707029012020418,0.00109265574110958,0.07,0.055
77,"correct","linear",0.0237343027769758,1.06110270502885,-0.11420027368578,0.218007308860608,0.168664099189075,0.707029012020418,0.597641167264195,0.07,0.055
77,"correct","flexible",0.0251200468764799,0.998860793947426,-0.111805828598661,0.218359290825238,0.169105220070394,0.707012931942591,0.509840138319398,0.07,0.055
77,"index","oracle",0.0109404023333397,1.02641778456866,0.0135620011804821,0.208311181844554,0,0.715985577698387,0.961235796049329,NA,NA
77,"index","none",0.0379853221096594,1.64238527730238,0.0490898884086499,0.235702779895174,0.117489363148815,0.645074938013156,0.269252127688934,0.41,0.21
77,"index","linear",0.0228415523093422,1.24606260734869,-0.101475499636577,0.234294273385801,0.119924325630151,0.645074938013156,0.594829200942701,0.41,0.21
77,"index","flexible",0.0251837896915578,1.10215549570434,-0.0939584968116209,0.236362291230431,0.128331283768069,0.638150733103663,0.407557677382205,0.41,0.21
77,"offindex","oracle",0.00483843336033579,0.992143437980647,-0.00102349705462018,0.161159686105889,0,0.83699065788884,0.728390379491098,NA,NA
77,"offindex","none",0.0666658073272325,1.88934545624097,-0.526170961331184,0.221404824662022,0.209351817429201,0.69206381554325,0.00644526646898156,0.355,0.485
77,"offindex","linear",0.0465198186852672,0.878628402456656,-0.157768590790991,0.217993299720885,0.192186926150586,0.69206381554325,0.100124239917349,0.355,0.485
77,"offindex","flexible",0.0521951448179849,0.858027165802338,-0.148933478942043,0.219372435542225,0.193626311799673,0.69206381554325,0.0324510805874782,0.355,0.485
78,"correct","oracle",0.0106481354512199,1.02144129680228,-0.00628634339979574,0.174622843851789,0,0.817012876023866,0.391091969754605,NA,NA
78,"correct","none",0.061763595461077,1.81254272369519,0.0174637745596501,0.222150543215541,0.18317370300385,0.708012221409094,4.34168902162023e-09,0.9,0.27
78,"correct","linear",0.0146707253342374,1.08677003126888,-0.0597199044502827,0.217194155654305,0.165862036363871,0.708012221409094,0.00105479088807118,0.9,0.27
78,"correct","flexible",0.0206114316658627,0.935095405443847,-0.0697586207696819,0.221857003088706,0.172995160831387,0.695173067811664,0.00542183575117207,0.9,0.27
78,"index","oracle",0.00297401318468969,1.01087892996784,0.00777150780592421,0.208308085134371,0,0.716219360947487,0.709859362219677,NA,NA
78,"index","none",0.0215937074388479,1.30134304840401,0.0701884070237632,0.238810586964995,0.125266330805738,0.621821644692606,0.128824221747296,0.335,0.395
78,"index","linear",0.0307403090632783,1.50160486929708,-0.0851307980181954,0.239456241481294,0.125158247343968,0.621821644692606,0.0262714479914807,0.335,0.395
78,"index","flexible",0.0388629783856646,1.1418933846289,-0.0627718672787858,0.241015056928678,0.129515589011635,0.596878052470246,0.0212610816827571,0.335,0.395
78,"offindex","oracle",0.00625443875065972,1.01398110328588,0.0059659181113321,0.160053823907754,0,0.839467442234119,0.188226314008779,NA,NA
78,"offindex","none",0.0478347344260253,1.57953962479047,-0.137063473693489,0.217106374709004,0.200075896280506,0.69804944415774,0.0180209496979333,0.725,0.255
78,"offindex","linear",0.0349953014903299,0.912986532835339,-0.124889930522632,0.215454077567765,0.185987349923586,0.69804944415774,0.0397499387528189,0.725,0.255
78,"offindex","flexible",0.0375012232559944,0.855556838535775,-0.112702677535895,0.215793814143857,0.186901975851648,0.69804944415774,0.00243256516187514,0.725,0.255
79,"correct","oracle",0.00990211494152565,0.991573730422512,-0.0051990230428887,0.176748700051142,0,0.812485893107931,0.0473927969089484,NA,NA
79,"correct","none",0.0585216601731795,1.62898834332111,-0.174367964507585,0.218275319408114,0.174771092210784,0.719366740433756,0.00490081981668555,0.25,0.69
79,"correct","linear",0.0165169023344672,1.02141163013475,-0.0786064931781645,0.213821340339252,0.158743362543403,0.719366740433756,0.114086397396891,0.25,0.69
79,"correct","flexible",0.0314836291776402,0.971965540258247,-0.0774720032408176,0.214795485382492,0.159979181814032,0.719366740433756,0.0185492550877174,0.25,0.69
79,"index","oracle",0.00919706674707039,1.01164651953594,-0.00517172993171237,0.208819224642943,0,0.715500345199726,0.332199057173163,NA,NA
79,"index","none",0.0325721623823648,1.31649843922587,-0.142790628869714,0.232110357127812,0.11673305267155,0.656816071812023,0.041779470251233,0.585,0.675
79,"index","linear",0.0205933712243739,0.914043516625661,0.0659115184769405,0.231042309712305,0.121103739935613,0.656816071812023,0.706686966613135,0.585,0.675
79,"index","flexible",0.0289502260611348,0.798797729238757,0.0580594631380733,0.232605988941487,0.122641668511277,0.649669963981807,0.689375799207822,0.585,0.675
79,"offindex","oracle",0.00610062596291344,1.02055707958908,-0.00756358059477901,0.160075695758806,0,0.840361941583562,0.10991235626859,NA,NA
79,"offindex","none",0.0596684338543317,1.83632949785533,-0.323419253226696,0.218183636582902,0.203992461240203,0.703197307255513,9.20858719306475e-06,0.1,0.135
79,"offindex","linear",0.0343704116651909,0.886417231044484,0.170314343871656,0.214491715593475,0.186712008736294,0.703197307255513,0.0307230269853253,0.1,0.135
79,"offindex","flexible",0.0665699613772369,0.68284646499498,0.167980851280037,0.2188829285895,0.193780821647047,0.702377387224608,0.0131229302252846,0.1,0.135
80,"correct","oracle",0.00481919627507847,1.00772521557262,-0.0222790772277619,0.175849463401792,0,0.814417174217645,0.374959774287322,NA,NA
80,"correct","none",0.0648798002919636,1.9279374744193,0.0599826978376456,0.224400825308915,0.18875929475805,0.703508422249279,0.00034635875786951,0.6,0.4
80,"correct","linear",0.0321489245242514,1.09224503234854,0.159070129685613,0.219635096710634,0.172697759539434,0.703508422249279,0.128159948479317,0.6,0.4
80,"correct","flexible",0.0315183516418115,1.0734754343346,0.153190615892674,0.219683755411223,0.172789562809832,0.703508422249279,0.141121784710473,0.6,0.4
80,"index","oracle",0.00954354428586898,1.01813243658313,0.016736673577387,0.20883224261579,0,0.715273292097828,0.274855716859375,NA,NA
80,"index","none",0.0255439168752455,1.40318906108266,0.0216505229529832,0.235926339691112,0.118099789854672,0.638673123745766,0.821974744057867,0.62,0.565
80,"index","linear",0.0179751520684653,0.966230136255717,0.0736844769839873,0.235188075691033,0.122700136065286,0.638673123745766,0.716705491119856,0.62,0.565
80,"index","flexible",0.0337515207375629,0.87739880896506,0.0619782600200254,0.236887136064734,0.129977354883194,0.637417268361537,0.361273374137796,0.62,0.565
80,"offindex","oracle",0.00390430032566075,1.0011376928783,-0.0222995076637546,0.162299402576953,0,0.836025533904002,0.374392723117463,NA,NA
80,"offindex","none",0.05459719263945,1.76280656661402,-0.175008842195569,0.21833718333283,0.202474035399372,0.700982853763017,0.00450144039175569,0.67,0.125
80,"offindex","linear",0.0112287345674038,0.968075495974123,0.0454557020978242,0.214053127495813,0.185435769956875,0.700982853763017,0.105093686925904,0.67,0.125
80,"offindex","flexible",0.0263152044805126,0.939873964173452,0.0526711321470455,0.214759082253545,0.186144716199146,0.700982853763017,0.01120750996917,0.67,0.125
81,"correct","oracle",0.00608921073033042,0.99377206721982,-0.00686023630980259,0.17801911441838,0,0.809746529873265,0.890033889152513,NA,NA
81,"correct","none",0.0630043262845471,1.7592413962662,0.253532379871055,0.225053385165204,0.185084628326423,0.700355109945899,2.27202263107511e-05,0.46,0.77
81,"correct","linear",0.00810897137841042,1.05831320612835,-0.0288963750500599,0.219411880770318,0.16677006717808,0.700355109945899,0.386865910596362,0.46,0.77
81,"correct","flexible",0.0295971702511718,0.9943989910692,-0.0392650591519622,0.221309139159368,0.170288877727506,0.699183560534976,0.0256923110481336,0.46,0.77
81,"index","oracle",0.00687198368768579,1.00348242632914,-0.000564940866607132,0.209789677025528,0,0.71221992460669,0.334912528138618,NA,NA
81,"index","none",0.0305022851081425,1.42556053653905,-0.0147073747715953,0.234444019309701,0.117966838684973,0.646246218624438,0.00206688269298949,0.115,0.38
81,"index","linear",0.019539050353903,1.06521916472682,0.0830684891443846,0.233584538657882,0.122069736679369,0.646246218624438,0.0127089987907286,0.115,0.38
81,"index","flexible",0.0243895824997129,1.04748280438522,0.0806887057062925,0.233820655050927,0.120615212913375,0.646246218624438,0.0103245781819516,0.115,0.38
81,"offindex","oracle",0.00790098695141662,1.01576806489051,0.00714037073906931,0.160097892359004,0,0.839776446285684,0.0455163017838087,NA,NA
81,"offindex","none",0.06534298755326,1.95456232763515,-0.538846569494742,0.220088061244675,0.207052351652534,0.698820683183454,0.00064809475170973,0.155,0.22
81,"offindex","linear",0.0268889137236542,1.10555722650126,-0.161731332435941,0.214404459962141,0.190561352331721,0.698820683183454,0.414581453617589,0.155,0.22
81,"offindex","flexible",0.0250295806271026,1.05741594584985,-0.13982957212416,0.214745474793335,0.190903962402561,0.698820683183454,0.31204353195535,0.155,0.22
82,"correct","oracle",0.00777953543615059,0.993402370591793,-0.00906645977947144,0.176926054402388,0,0.812061982624041,0.298703147453876,NA,NA
82,"correct","none",0.058304084151608,1.64314208476883,-0.162026391744049,0.222711787907187,0.18396973135754,0.70443114127224,0.0826057181375831,0.675,0.895
82,"correct","linear",0.0413669422167852,1.370527512545,-0.108210405193137,0.220347240041301,0.177532275103869,0.70443114127224,0.457667266434856,0.675,0.895
82,"correct","flexible",0.0326526337572954,1.29939754735882,-0.0970752493239333,0.220279014138208,0.177469624550201,0.704202706564742,0.424519529852777,0.675,0.895
82,"index","oracle",0.0075674827045351,1.00815367360509,-0.0237157151407504,0.208555582114522,0,0.714101255262771,0.8081381269892,NA,NA
82,"index","none",0.0254079011103877,1.36842830829327,0.0349189382658079,0.237358273930763,0.12183526225469,0.629578968321845,0.104188991237004,0.94,0.985
82,"index","linear",0.0505754956480901,0.71401756034746,-0.121588111703717,0.23953251309452,0.135564645158476,0.629578968321845,0.563869506291811,0.94,0.985
82,"index","flexible",0.0687113250007603,0.570169202375091,-0.083576614921964,0.242843359004474,0.142438827637455,0.629578968321845,0.0352719069920997,0.94,0.985
82,"offindex","oracle",0.00618896938200732,1.00132902078659,0.00162540085902118,0.16152335031913,0,0.837189249929861,0.28890606386496,NA,NA
82,"offindex","none",0.0679442051926119,2.07858286665829,-0.143011908655361,0.221786141813719,0.211856839085739,0.696190696838496,0.000209633993424386,0.025,0.205
82,"offindex","linear",0.028092137907995,1.12707269837163,-0.159916407572211,0.216061209931671,0.19271525263118,0.696190696838496,0.923980766855625,0.025,0.205
82,"offindex","flexible",0.0301745072464318,0.934643299197463,-0.0912142601547994,0.218704081322222,0.195777602059509,0.692248904197013,0.64896590956379,0.025,0.205
83,"correct","oracle",0.00969397844741999,1.00905664454853,0.000412630025603381,0.175839446990541,0,0.814395629560666,0.380639196328759,NA,NA
83,"correct","none",0.0691773820996757,1.73773371732228,0.283614986180656,0.221566114798523,0.181728041032058,0.713977245795212,0.000253681730102718,0.045,0.005
83,"correct","linear",0.0343468570934712,0.989162314928459,-0.158616171773712,0.216348655064692,0.164238256557791,0.713977245795212,0.373160213406188,0.045,0.005
83,"correct","flexible",0.0427030345132943,0.949931152769835,-0.147564118279597,0.21774834120203,0.166681113924663,0.713977245795212,0.103157980643375,0.045,0.005
83,"index","oracle",0.00841232458384455,0.975911039148128,-0.0208006657844055,0.209543760432278,0,0.712055519342433,0.34623746583301,NA,NA
83,"index","none",0.0249303807458979,1.4021877528742,-0.0641582567466712,0.239843222488582,0.126465680786185,0.618402383715246,0.032986604470635,0.545,0.945
83,"index","linear",0.0328529275642898,0.763147501618313,-0.0814060201527242,0.240297715075463,0.136850737992672,0.618402383715246,0.947643894571949,0.545,0.945
83,"index","flexible",0.0479814238447336,0.644491362744192,-0.0732387897498419,0.243110911320511,0.14628129713723,0.614895309904735,0.0186287703675542,0.545,0.945
83,"offindex","oracle",0.00563928664131508,0.995510303609946,-0.0203545075511002,0.161412977682781,0,0.837561494241813,0.27653902994693,NA,NA
83,"offindex","none",0.0606750094512295,1.97939750013698,-0.319266023305225,0.222878336834212,0.213605151374017,0.687514896542127,2.34872866146087e-06,0.815,0.77
83,"offindex","linear",0.0395105438596546,0.77941831519902,-0.010445809402138,0.219129070906024,0.19343613577499,0.687514896542127,0.310313691715584,0.815,0.77
83,"offindex","flexible",0.0398155183978485,0.771286598963758,-0.00206188735333103,0.219708572918436,0.194013570749146,0.687514896542127,0.413850347268818,0.815,0.77
84,"correct","oracle",0.00728210771086341,0.994988947062488,0.00465895419014233,0.177136693984329,0,0.811612530629419,0.669974195359137,NA,NA
84,"correct","none",0.0613777742631474,1.72690187952379,-0.00417127814145736,0.217292243381317,0.172891402348602,0.722273526056476,0.0407330866845439,0.25,0.755
84,"correct","linear",0.0242892788463183,0.849344795017245,-0.0147030703175376,0.213045774475072,0.152850049150849,0.722273526056476,0.0736816998521742,0.25,0.755
84,"correct","flexible",0.0321989411457507,0.840202042372363,-0.0131164938531832,0.213561676748683,0.15392724361985,0.722273526056476,0.0081647762942994,0.25,0.755
84,"index","oracle",0.00807909109547354,1.01973973099174,0.0050582760339458,0.208302117697446,0,0.715113138361435,0.569296664679418,NA,NA
84,"index","none",0.0378606826656143,1.61070309394143,-0.0687934665643983,0.233085170528522,0.112871342230531,0.655882591547889,0.202883266550225,0.005,0.06
84,"index","linear",0.0277881373881895,1.42429522147059,0.0433994762252338,0.232134459408036,0.112380461694178,0.655882591547889,0.474010931459417,0.005,0.06
84,"index","flexible",0.0359200518653713,1.30971112118658,0.0392959826939896,0.232776542029193,0.115255121809309,0.650480093178416,0.241064958665627,0.005,0.06
84,"offindex","oracle",0.00634035312677803,0.995393575110113,0.000896982115063349,0.161392794294176,0,0.8362644950986,0.675266854121194,NA,NA
84,"offindex","none",0.0514745422819422,1.7147811504287,-0.37787304220906,0.219636729677676,0.205469226745758,0.691225403188392,0.00031190374560066,0.015,0.1
84,"offindex","linear",0.0391752715275076,1.44095842364966,-0.0991229244092613,0.217354345875555,0.201025257139611,0.691225403188392,0.00898335744107663,0.015,0.1
84,"offindex","flexible",0.0337716693077413,0.908139017751195,0.0840457325947033,0.222503539038649,0.206069246011529,0.664547048655724,0.0227518170459664,0.015,0.1
85,"correct","oracle",0.00838891523269624,1.01667197706106,-0.0374946163221164,0.176333655501459,0,0.813390903786742,0.338685091297045,NA,NA
85,"correct","none",0.0624471835134966,1.75301133344418,-0.123081883155833,0.219686587964645,0.177572590476415,0.715698485052715,0.000104153414130882,0.85,0.665
85,"correct","linear",0.0361385525809257,1.34941106289494,-0.062619231533446,0.216080981096147,0.167800035300296,0.715698485052715,0.0650594224710744,0.85,0.665
85,"correct","flexible",0.0367331723611314,1.30103972519734,-0.0479394819817366,0.21650729415709,0.168485574530854,0.715698485052715,0.0648428907668238,0.85,0.665
85,"index","oracle",0.00455212373154491,1.01684921047356,0.016712934515785,0.208780004307849,0,0.714760977023228,0.826492653573815,NA,NA
85,"index","none",0.0302357482118367,1.36497858408221,0.0892985242298439,0.23572824002329,0.119698795526158,0.639750954965501,0.0119676460360135,0.735,0.31
85,"index","linear",0.0185239436941867,0.915452512688063,0.0497369643125866,0.234861461933203,0.124481281994221,0.639750954965501,0.103717450641953,0.735,0.31
85,"index","flexible",0.0363662496236905,0.82658593729723,0.0511400947218663,0.236512334433357,0.124482394026424,0.633568349353692,0.0628892370609168,0.735,0.31
85,"offindex","oracle",0.00550772500379104,1.00113979545907,-0.00373682322330285,0.160707729989256,0,0.838136386064924,0.110412626731644,NA,NA
85,"offindex","none",0.0497058073742901,1.54825760742714,-0.399960145208284,0.220424205454743,0.2071821452791,0.690741399255634,0.0856007290641119,0.625,0.52
85,"offindex","linear",0.0105479982933301,1.04833521336904,-0.0409325071156129,0.21647558846699,0.197170933316005,0.690741399255634,0.704256148780918,0.625,0.52
85,"offindex","flexible",0.0351972908812621,1.01525118925628,-0.0129743449652499,0.217879586856384,0.200314110921685,0.690741399255634,0.18419187594943,0.625,0.52
86,"correct","oracle",0.00705667524536765,0.983837066400233,-0.0186768653794014,0.177947052912346,0,0.809939859129189,0.411888603304581,NA,NA
86,"correct","none",0.0626657160869827,1.81748123962057,0.026646023122556,0.223673800240214,0.184661789844396,0.702753943057632,6.1288278406868e-06,0.11,0.405
86,"correct","linear",0.0126459173138934,0.923353701859007,-0.00201691842127799,0.218740182810496,0.16442302624945,0.702753943057632,0.733619951224583,0.11,0.405
86,"correct","flexible",0.0353504324561088,0.828062544844497,0.00640420541031242,0.22048441744216,0.168643248595221,0.702753943057632,0.0213730000591455,0.11,0.405
86,"index","oracle",0.00434304618095499,1.02311995388768,0.00260168403388928,0.208235466760436,0,0.715034420403699,0.68168206452749,NA,NA
86,"index","none",0.0376382440080927,1.39999164389964,-0.170964713243387,0.235406938884165,0.122930929038684,0.64539131961088,0.00121832616928661,0.2,0.62
86,"index","linear",0.0228657349677517,1.14399125811805,0.105632122755455,0.234029900683114,0.123369327637524,0.64539131961088,0.629755564996048,0.2,0.62
86,"index","flexible",0.0429266768652461,0.969066898057196,0.0791738934860165,0.235910224449299,0.132763901347056,0.64539131961088,0.51159266186665,0.2,0.62
86,"offindex","oracle",0.00613930070218087,1.01765908439336,-0.00655637167673181,0.15961459949006,0,0.840792625371911,0.413527608098175,NA,NA
86,"offindex","none",0.0645760555014338,1.95575370389704,-0.305394783332568,0.218602280412072,0.2073673709453,0.704340688153004,0.00486925492166987,0.765,0.49
86,"offindex","linear",0.0114453594498054,1.05794048128141,-0.0410243518855063,0.212761813843589,0.189739075554033,0.704340688153004,0.780879526433006,0.765,0.49
86,"offindex","flexible",0.0345869245861337,0.855137879554749,0.0339580940152247,0.216553310852181,0.194403309377378,0.691255932038,0.0197760125064479,0.765,0.49
87,"correct","oracle",0.00696893177450408,1.01137641795676,0.00992281949870962,0.176522337256906,0,0.812993579882109,0.97950126424629,NA,NA
87,"correct","none",0.0607638369990233,1.60535117560408,-0.232829772835911,0.22443111516851,0.183355328292555,0.699174111693589,0.00173387189117524,0.44,0.41
87,"correct","linear",0.0330002417863611,0.910068581576995,0.138349659541251,0.221057671786371,0.16793948070002,0.699174111693589,0.684975193392369,0.44,0.41
87,"correct","flexible",0.0410956876132956,0.820518606107229,0.136514085167989,0.222250182530259,0.17063675556256,0.699174111693589,0.453681801827952,0.44,0.41
87,"index","oracle",0.00919352536295552,1.00506257812981,-0.022702627358681,0.209057686056165,0,0.713674337112129,0.966093589054516,NA,NA
87,"index","none",0.035418643900093,1.48056015803176,-0.1478307504685,0.238680355147981,0.124083772285042,0.629993676522373,0.400356492766037,0.53,0.925
87,"index","linear",0.0219223862146069,1.22145519984192,-0.0965871955879401,0.237565559867981,0.124317883577016,0.629993676522373,0.550332229039088,0.53,0.925
87,"index","flexible",0.0221571317665665,1.22740287212251,-0.0930498969300279,0.23764986577157,0.123259294797296,0.629993676522373,0.522112909442309,0.53,0.925
87,"offindex","oracle",0.01024153730872,0.997562783497676,-0.0208457210342395,0.161549217212774,0,0.837075515828778,0.878022867793002,NA,NA
87,"offindex","none",0.0498849419347726,1.64935746883504,-0.287597097431711,0.221886703113219,0.210134712136185,0.68399701399941,0.0471764173370151,0.225,0.57
87,"offindex","linear",0.00790953177579929,0.978253427608489,0.0331221774846942,0.218604685344628,0.198796028750927,0.68399701399941,0.266962141640398,0.225,0.57
87,"offindex","flexible",0.0319684841098094,0.921921727610888,0.0505809382877828,0.220048120970009,0.201055397656359,0.68399701399941,0.0489161450375595,0.225,0.57
88,"correct","oracle",0.00970187921900071,1.02608501191992,0.00836473900888684,0.17449925828784,0,0.817338407869229,0.513462640031381,NA,NA
88,"correct","none",0.0666885721386234,1.85573020499926,0.130491866099571,0.221711922255513,0.181883407172973,0.712092981655574,0.00137037727079088,0.49,0.47
88,"correct","linear",0.0293629550473745,1.11921538675355,-0.129653098249491,0.216640543550675,0.165354182676479,0.712092981655574,0.60869065812951,0.49,0.47
88,"correct","flexible",0.0258369954248443,0.972162771363914,-0.104622129780753,0.220441769503018,0.170684306337745,0.699633759890457,0.123656826934356,0.49,0.47
88,"index","oracle",0.00861427747827582,0.979020402781773,0.0117997581139502,0.209586950100338,0,0.712861319302046,0.739076420498319,NA,NA
88,"index","none",0.0123382174283014,1.17127418900794,0.00829916108938799,0.236832027955872,0.123054666044213,0.630510318950056,0.209831832944645,0.525,0.485
88,"index","linear",0.0223902086071727,1.31594151761955,0.0612425307280937,0.237380637985172,0.122445115792124,0.630510318950056,0.116425250864054,0.525,0.485
88,"index","flexible",0.02657066209014,1.08097408442405,0.0505025990271429,0.238855654499744,0.125987400656248,0.611511989640875,0.00175252573642611,0.525,0.485
88,"offindex","oracle",0.00730387299434048,0.999281377299754,-0.0135316268221548,0.160706701806654,0,0.83935658419563,0.962823815325597,NA,NA
88,"offindex","none",0.0433631257274105,1.51384079454547,-0.23593418183138,0.220498234730937,0.207065510131931,0.688213844125222,0.0813607011341491,0.23,0.29
88,"offindex","linear",0.0442731255799996,1.31199521568364,-0.311575781868017,0.220667884941355,0.204056860125268,0.688213844125222,0.0698899661801859,0.23,0.29
88,"offindex","flexible",0.0738650077816671,0.763426939308799,-0.0228855510485818,0.226584937589249,0.209898004530666,0.675989375161745,0.019723218729204,0.23,0.29
89,"correct","oracle",0.0094780751238847,1.00447958838657,0.0116069164356075,0.176817156997094,0,0.812323528765869,0.948219418503316,NA,NA
89,"correct","none",0.0679690883019489,1.8360945667545,0.0903854920832238,0.219137706464738,0.176822573594983,0.720305561665685,7.71254616468696e-05,0.295,0.48
89,"correct","linear",0.0331220863147391,1.14417054093189,-0.155794427243564,0.214398243474121,0.160851101018328,0.720305561665685,0.357501313007426,0.295,0.48
89,"correct","flexible",0.0392800823691779,1.12453400166331,-0.155373391189591,0.215029238120443,0.161456329671319,0.720305561665685,0.153682377949045,0.295,0.48
89,"index","oracle",0.00500435637975631,0.981541142017089,-0.0121119575835567,0.209274569698996,0,0.71368170240253,0.454826548704374,NA,NA
89,"index","none",0.0461455102998577,1.52388503852875,-0.205676598279787,0.234427063940135,0.116491772737616,0.653840231295874,0.00155275166954009,0.875,1
89,"index","linear",0.0145264595266902,0.904254454764919,0.0162688518635768,0.231658839915599,0.117650735640331,0.653840231295874,0.268976092716837,0.875,1
89,"index","flexible",0.0526626102864373,0.67756619997089,-0.00133244813030515,0.237736756695458,0.138579118440954,0.63086238012309,0.113617598954289,0.875,1
89,"offindex","oracle",0.00524612909121129,1.00410743882649,-0.0130414933602337,0.160801638728817,0,0.838425639343333,0.491157849899494,NA,NA
89,"offindex","none",0.0583569166872564,1.64818237292409,-0.454855940611766,0.217930416559133,0.200032279991398,0.704091435989196,6.91273034914327e-06,0.28,0.165
89,"offindex","linear",0.0437439968125738,0.744435439217084,0.170164128202025,0.215304940256094,0.183348110524682,0.704091435989196,0.162381454093063,0.28,0.165
89,"offindex","flexible",0.0594811351158468,0.606739360281701,0.160227436862885,0.217313580636237,0.18777922274045,0.704091435989196,0.00123896507374953,0.28,0.165
90,"correct","oracle",0.00649607071110693,0.999217693422436,-0.00657463124974742,0.177145939882082,0,0.811614726756298,0.99855007055666,NA,NA
90,"correct","none",0.0540067620988997,1.70796658995761,-0.0262938583771057,0.224103999103503,0.183739538683661,0.697881913836587,0.00616681346046738,0.03,0.23
90,"correct","linear",0.0337293155926115,0.786602060050571,0.0359047374134878,0.22138391472648,0.164891823601443,0.697881913836587,0.324347652614652,0.03,0.23
90,"correct","flexible",0.0318345117568165,0.762169749098931,0.0320519765198084,0.221413672429544,0.166027925774464,0.697881913836587,0.392513333623854,0.03,0.23
90,"index","oracle",0.00842946068821259,1.03080903560653,0.000555728832837802,0.207342518112537,0,0.720197460926375,0.072066262593521,NA,NA
90,"index","none",0.0328940393822695,1.59661381949665,-0.0442697934378982,0.235247332476958,0.119267264224552,0.644375872400558,0.571882335402091,0.9,0.2
90,"index","linear",0.0257872310624187,1.25653072728861,0.0884711188987957,0.234076033783829,0.121049878551444,0.644375872400558,0.962245732668304,0.9,0.2
90,"index","flexible",0.0307586354186017,1.13456218165617,0.0881799431456387,0.234697480245074,0.123100552621612,0.637985688310841,0.945290911088247,0.9,0.2
90,"offindex","oracle",0.00856262433109208,1.02751896789268,-0.00350987981320818,0.158996738982332,0,0.841989524573334,0.905480224313557,NA,NA
90,"offindex","none",0.0599003101678038,1.83054615045758,-0.125013147564028,0.218292250762792,0.206547960172435,0.701052595096645,0.00167081206660895,0.255,0.095
90,"offindex","linear",0.0226081318551329,1.12064997113762,-0.130800277876428,0.2138478894644,0.191313262594023,0.701052595096645,0.645770094185921,0.255,0.095
90,"offindex","flexible",0.0434510680850649,0.999469665946899,-0.0757421949967503,0.215960547281148,0.194065723473097,0.701052595096645,0.00402634988549654,0.255,0.095
91,"correct","oracle",0.00824741355818936,1.00701070021061,-0.0323423203302219,0.175986540283524,0,0.81414477027048,0.41504565337913,NA,NA
91,"correct","none",0.0531084063642297,1.69050654007384,0.0609770356493014,0.222408312624393,0.182899301524862,0.703591904770821,0.00102141464293064,0.935,0.86
91,"correct","linear",0.0436894828918696,0.956685445608171,0.193188818897704,0.220218600841702,0.170015554724501,0.703591904770821,0.111005236977726,0.935,0.86
91,"correct","flexible",0.0520764354879962,0.791828987318617,0.178058062696203,0.222899031564378,0.17688366658131,0.700183818263552,0.00275241953970954,0.935,0.86
91,"index","oracle",0.00872620818389394,1.02401903077125,-0.0174350406483958,0.208385997576434,0,0.717377248747964,0.289684489914064,NA,NA
91,"index","none",0.033516087800928,1.73017760872059,0.072621320710885,0.240038874285668,0.12464273272725,0.622821153668182,0.131251326981931,0.025,0.015
91,"index","linear",0.0334041290766703,0.75808274404436,-0.0805257799873876,0.239556256470448,0.136407932540221,0.622821153668182,0.0024725037735709,0.025,0.015
91,"index","flexible",0.0308634177967167,0.758298936395446,-0.0844676365296771,0.23963917373119,0.135197395875745,0.622821153668182,0.0056871161777285,0.025,0.015
91,"offindex","oracle",0.00471429595739079,1.00835122935323,-0.0129597899307509,0.161013268437043,0,0.838887149609347,0.626728951564389,NA,NA
91,"offindex","none",0.0500015746964021,1.7019301679989,-0.371849609651434,0.226168472087159,0.216786966774622,0.667555900476473,0.00613359434785828,0.89,0.365
91,"offindex","linear",0.0233168707132346,0.855579300093447,0.11844590748714,0.223519809303229,0.205068963229615,0.667555900476473,0.474817400026322,0.89,0.365
91,"offindex","flexible",0.0444750381378056,0.762077651618614,0.141307606912924,0.226179905443407,0.208351001090908,0.662889274488238,0.0343039406610275,0.89,0.365
92,"correct","oracle",0.00483438829406801,1.00576803600063,-0.00841706608573915,0.176702148180145,0,0.812600570579287,0.622980376099812,NA,NA
92,"correct","none",0.0492512191368778,1.66588384280756,-0.0233237754127893,0.222223197850542,0.182035039809967,0.702390575769716,0.00173644992958782,0.21,0.06
92,"correct","linear",0.0458747014421297,0.844082875390913,-0.179339542559264,0.221177960673871,0.168563952004567,0.702390575769716,5.47360649450045e-05,0.21,0.06
92,"correct","flexible",0.0447442761950798,0.84020437870596,-0.180687898161091,0.22197926546237,0.169447670234349,0.702390575769716,3.04849187867155e-06,0.21,0.06
92,"index","oracle",0.00715693796435934,0.947201723611789,0.0038309328329463,0.211209184356768,0,0.705985737620249,0.464151469081174,NA,NA
92,"index","none",0.033113982995071,1.40285930397734,-0.115145809350525,0.236733746409724,0.121685304982717,0.636583700972013,0.00868519650543371,0.465,0.155
92,"index","linear",0.0405210285843532,1.20675953496689,0.202913427059312,0.237331979171669,0.12614665888934,0.636583700972013,0.00357990863139475,0.465,0.155
92,"index","flexible",0.0420053131188711,0.917774530585552,0.143199995521747,0.24033572630258,0.131001979582249,0.613167977353699,0.0701645925592186,0.465,0.155
92,"offindex","oracle",0.00915816285096491,0.955824093154981,0.0238090099742474,0.164961252464131,0,0.828678358088897,0.758368176661182,NA,NA
92,"offindex","none",0.0649566370470184,2.01656772237408,-0.481747561840711,0.223598799962805,0.212854506823235,0.682202435275197,0.000158325654044554,0.91,0.545
92,"offindex","linear",0.0188130825611188,1.08285133623967,0.0261198284547096,0.21834102873793,0.196696199058598,0.682202435275197,0.487059414777874,0.91,0.545
92,"offindex","flexible",0.0336488842483362,1.00956188725669,0.0379084894982638,0.219625423978986,0.198373768208571,0.681655755802463,0.626633828523736,0.91,0.545
93,"correct","oracle",0.00647638155472447,0.997724847345578,-0.00363456577189177,0.177464158428275,0,0.810955671852355,0.597072494302002,NA,NA
93,"correct","none",0.0827209838435712,2.11454314436782,0.313692108668333,0.22285648383228,0.185547632939054,0.720294125956051,5.62677150774277e-05,0.78,0.02
93,"correct","linear",0.0255936856636776,1.18233200120104,-0.06233103131479,0.214016428983198,0.162564090204351,0.720294125956051,0.084771815852629,0.78,0.02
93,"correct","flexible",0.02895954677506,1.14264164787658,-0.0588709453863644,0.214743156864862,0.16381919417988,0.720294125956051,0.034085618739528,0.78,0.02
93,"index","oracle",0.00556210036222266,1.0136935193495,0.00257440558899042,0.209534289399728,0,0.713365114805829,0.573103437210349,NA,NA
93,"index","none",0.0386371025343472,1.49703286050953,0.125058184709561,0.234116185150687,0.115307668257362,0.651011705407686,0.581165402666994,0.545,0.775
93,"index","linear",0.0364457277726541,0.75772754984078,0.0525439625313559,0.233754977055485,0.126787413949823,0.651011705407686,0.0871579777574803,0.545,0.775
93,"index","flexible",0.040678220260022,0.665486811553477,0.0326380398826835,0.234490894292604,0.121192751377377,0.651011705407686,0.131535911370247,0.545,0.775
93,"offindex","oracle",0.0054640283029375,1.02215097324008,0.00283934308728107,0.160661575710219,0,0.838741360168483,0.648377891055883,NA,NA
93,"offindex","none",0.0598809654351511,1.86994400162577,-0.129905104932596,0.22427200576623,0.215199327908335,0.677592681360436,4.01728449281139e-06,0.385,0.665
93,"offindex","linear",0.0325756006185898,0.809652881955451,0.151403416953319,0.22123272028439,0.199189842399935,0.677592681360436,0.24028650421863,0.385,0.665
93,"offindex","flexible",0.0417274704164151,0.743159716283876,0.172367258913817,0.222676694747604,0.200858609669947,0.677592681360436,0.110998346546386,0.385,0.665
94,"correct","oracle",0.0083410530788335,0.980796347418905,0.00280297429445334,0.179204881547036,0,0.807164408433706,0.873400460454496,NA,NA
94,"correct","none",0.0705380885328885,1.94703291468851,0.267853454013922,0.225606502917565,0.187386199579138,0.702812864284249,0.000343157926412603,0.415,0.46
94,"correct","linear",0.0338310388734317,1.21248598667885,0.143496558903216,0.21985796023021,0.170517325297344,0.702812864284249,0.232070051437316,0.415,0.46
94,"correct","flexible",0.0364215130311221,1.13225199521485,0.127961928446084,0.220489434951024,0.171123218636337,0.702583450427802,0.0996255287642872,0.415,0.46
94,"index","oracle",0.00907879997826542,1.00507118037787,0.0111753906006416,0.210083912866827,0,0.711955631466314,0.635710265763272,NA,NA
94,"index","none",0.033908451831163,1.62542870495529,0.0244873239822865,0.237215689184056,0.117072906754191,0.635514268972265,0.120007190019436,0.41,0.425
94,"index","linear",0.029690023214163,1.48344986190717,-0.0441227079042057,0.236686104853882,0.117310847741876,0.635514268972265,0.123040284907459,0.41,0.425
94,"index","flexible",0.027688901630219,1.31394495532856,-0.0484095519664161,0.237568675280391,0.119304334586294,0.631472764082045,0.0129021002598569,0.41,0.425
94,"offindex","oracle",0.00936245395332221,1.0076366112526,0.0454544175452493,0.160683857786473,0,0.837177918664469,0.66986319231293,NA,NA
94,"offindex","none",0.0466656914753322,1.65209446489129,-0.191596260717367,0.221921345789063,0.211367518544824,0.677621445834075,0.16590016269809,0.69,0.23
94,"offindex","linear",0.0376766456482502,1.20765266953705,-0.244652924317115,0.220759108734396,0.204485435773829,0.677621445834075,0.484694505243075,0.69,0.23
94,"offindex","flexible",0.041068054434231,1.1857514596624,-0.236203188940135,0.221349435138046,0.205575900628315,0.677358799550169,0.532826263486614,0.69,0.23
95,"correct","oracle",0.0083259115389197,1.0000679733696,-0.0360214949055091,0.176722282585882,0,0.812527598942057,0.441489376173091,NA,NA
95,"correct","none",0.0603268000873182,1.74157458412815,0.139792470176029,0.221628235293366,0.180792341783403,0.709087824455123,8.64118080204093e-08,0.71,0.64
95,"correct","linear",0.0260101634381865,1.24955010024165,0.0140643079657155,0.217542355940042,0.168164780707638,0.709087824455123,0.00768734646207668,0.71,0.64
95,"correct","flexible",0.0388710962554509,1.16006964557539,0.0104852745811109,0.218628083870478,0.169802087327849,0.709087824455123,0.00166984161837158,0.71,0.64
95,"index","oracle",0.00806477364671334,0.986867274076891,0.00309988504735272,0.210262880154317,0,0.708883753799538,0.425188524871132,NA,NA
95,"index","none",0.0205028990235185,1.30061642464014,-0.0481958285774558,0.235097340266805,0.117409028126704,0.640585267652674,0.256883334211958,0.275,0.585
95,"index","linear",0.0142885063179309,1.08426826823956,0.036775291386462,0.234477384426251,0.119024011845073,0.640585267652674,0.249842940747842,0.275,0.585
95,"index","flexible",0.0186047939196096,1.02232250001259,0.0386306949929788,0.234841138792853,0.118877900378002,0.640585267652674,0.0732619675987145,0.275,0.585
95,"offindex","oracle",0.00427115910120109,0.997286536754759,0.0158092612024368,0.161398538695644,0,0.836459067733779,0.83639262890125,NA,NA
95,"offindex","none",0.0629532943562058,1.75677469863309,-0.0336087181134354,0.217356719859989,0.2037762849776,0.703825809765126,3.80184004544202e-06,0.42,0.545
95,"offindex","linear",0.0260523343808438,1.24939643451566,-0.047760234589229,0.213130041708886,0.19111587496883,0.703825809765126,0.00346135289248358,0.42,0.545
95,"offindex","flexible",0.0220113632441562,1.16916931518131,-0.0113331283698772,0.213169110311835,0.190569205478025,0.703755408618961,0.00312635242248748,0.42,0.545
96,"correct","oracle",0.00787752319825493,1.00040832060447,-0.000845581092778764,0.176684705338913,0,0.812626483581606,0.397399461446836,NA,NA
96,"correct","none",0.059198152887415,1.79157716998537,0.0129910432122554,0.222558402356476,0.183593057819347,0.70618001930987,8.78487125090022e-05,0.45,0.305
96,"correct","linear",0.0410799178258908,1.1357340145315,0.208569964740115,0.219572849109058,0.170978385731051,0.70618001930987,0.0088602857209965,0.45,0.305
96,"correct","flexible",0.0481604892408156,1.08633547072059,0.217583945756691,0.221188007546589,0.174535778444847,0.705644687377321,0.00287370550253327,0.45,0.305
96,"index","oracle",0.00711950190099531,0.964068017043858,0.0159500823829954,0.210713841244105,0,0.709449539456781,0.218501847973077,NA,NA
96,"index","none",0.0249574806706991,1.35556317202629,0.0427552379171629,0.234984001185447,0.117026211887988,0.642651481595132,0.120066966027931,0.88,0.15
96,"index","linear",0.0424300890648631,0.782187653129455,0.138142484113018,0.236488835308702,0.129888919614141,0.642651481595132,0.236983687553442,0.88,0.15
96,"index","flexible",0.0492980967512468,0.772774440882869,0.140131295793004,0.237103129043721,0.133686732480243,0.642651481595132,0.11484148569464,0.88,0.15
96,"offindex","oracle",0.00564759357017719,0.989988267276844,0.00589393395279786,0.162160605056308,0,0.83545050943822,0.0165289088706032,NA,NA
96,"offindex","none",0.0633769408876994,1.87453158672006,-0.494089302315603,0.222371659837879,0.211437522657427,0.687755456285323,1.02453457125413e-05,0.385,0.315
96,"offindex","linear",0.0202847735468895,0.871932150800515,0.0575874905062454,0.217371116917904,0.193630221924004,0.687755456285323,0.432702690407601,0.385,0.315
96,"offindex","flexible",0.0263352456740576,0.813073448503305,0.0627163176484204,0.218318643147363,0.196084350601784,0.687755456285323,0.0165379243189378,0.385,0.315
97,"correct","oracle",0.00736478587635466,1.01192498382981,-0.0107058045745286,0.176082462906652,0,0.813950532088766,0.707899170006435,NA,NA
97,"correct","none",0.0553044039565263,1.68312074323626,-0.0733881270124408,0.223389018896717,0.182206677765269,0.699422527168439,1.24748357333217e-05,0.395,0.58
97,"correct","linear",0.0226138038946324,0.918978922302138,-0.0759368498984722,0.219928849208648,0.165304153686262,0.699422527168439,0.823857821142686,0.395,0.58
97,"correct","flexible",0.0220758733680052,0.915508157774367,-0.0755022184374693,0.219929193270543,0.165462612488668,0.699422527168439,0.766467298695337,0.395,0.58
97,"index","oracle",0.00850321659258026,1.01337376781058,-0.00719691693997947,0.208919134647118,0,0.715352449223417,0.166798249977684,NA,NA
97,"index","none",0.0384138604640926,1.34103667458253,-0.169712383140679,0.233576693380693,0.11513035978868,0.65179131867993,0.322517698515084,0.705,0.19
97,"index","linear",0.0135286001567062,1.06380460603827,-0.0355583041383295,0.231803710191548,0.114000146593391,0.65179131867993,0.876562672841498,0.705,0.19
97,"index","flexible",0.0133818424948889,1.06878797212856,-0.040503725270545,0.231728801265652,0.110571651649644,0.65179131867993,0.878518112828536,0.705,0.19
97,"offindex","oracle",0.0050687056114604,1.01562024756393,0.0149895876218204,0.158767821685721,0,0.841716760309439,0.94318228055233,NA,NA
97,"offindex","none",0.0600505379277519,1.66375171851111,-0.455562803972521,0.219603830934455,0.206547695697295,0.6955120449439,0.000173225633309218,0.38,0.495
97,"offindex","linear",0.026925191968605,0.955832464876885,0.134409540987419,0.215541178412904,0.192326146769141,0.6955120449439,0.0351591800242773,0.38,0.495
97,"offindex","flexible",0.0357961932804169,0.872066311821922,0.156464417882942,0.217058678354739,0.194238736920594,0.6955120449439,0.0891804801212614,0.38,0.495
98,"correct","oracle",0.0091439643767965,0.99722270661828,-0.00767565136131174,0.177115511057156,0,0.811763620114129,0.924285861041159,NA,NA
98,"correct","none",0.0546851960193595,1.66941161183297,-0.0188157179872632,0.217509566988397,0.172394619061877,0.719374300772734,0.0013331906283697,0.24,0.685
98,"correct","linear",0.0317751316793387,1.07645056470636,0.158265767189457,0.214295750858225,0.158049481217345,0.719374300772734,0.330584461934254,0.24,0.685
98,"correct","flexible",0.0353008385276033,1.05271980928473,0.15767268788927,0.214747602917297,0.159695876922016,0.719374300772734,0.397915231479138,0.24,0.685
98,"index","oracle",0.00713090998593356,1.02783063660355,-0.00213568292745665,0.208471574949853,0,0.716970461315526,0.57782385169028,NA,NA
98,"index","none",0.0585195097534685,1.62704821593394,-0.329668045470037,0.236723237087619,0.124354426145083,0.650439298715256,0.587472538671998,0.295,0.11
98,"index","linear",0.0123960136708517,1.00965760226728,-0.00689371050433778,0.232029545799161,0.11945180779731,0.650439298715256,0.474234960922142,0.295,0.11
98,"index","flexible",0.0175007094625808,0.737907152468504,-0.0227411245061845,0.236574519884313,0.125865163751763,0.633550680439833,0.0715929998894842,0.295,0.11
98,"offindex","oracle",0.00755303188176952,1.01533585638904,0.0113988995833732,0.159236602529933,0,0.840764760771575,0.216366108643985,NA,NA
98,"offindex","none",0.0535264108627957,1.67298097455448,-0.401475198114173,0.219091773311122,0.206812027314007,0.693514367181311,0.120754079889085,0.015,0.085
98,"offindex","linear",0.0184293248425898,1.09266451063106,-0.0822515100882896,0.215119764764757,0.195262218861629,0.693514367181311,0.979765052898024,0.015,0.085
98,"offindex","flexible",0.0156786872109412,0.846129960820143,-0.0111329009973499,0.220257589831825,0.202270516178546,0.674751371714351,0.0924148435504576,0.015,0.085
99,"correct","oracle",0.00578050693892529,1.02131237278019,-0.01619007632723,0.17505780238674,0,0.816138632937885,0.488388731413972,NA,NA
99,"correct","none",0.0621369038160546,1.83260197374223,0.102393850900268,0.223065133899832,0.185518887588829,0.705815072608344,0.00920427557552744,0.82,0.88
99,"correct","linear",0.0165617197101057,0.901562796569165,0.00957943845362551,0.217845133808002,0.165532516495157,0.705815072608344,0.813534369249368,0.82,0.88
99,"correct","flexible",0.0135276801536716,0.90103646371312,0.0121950819933054,0.217788928587427,0.165690852612081,0.705815072608344,0.763304159943316,0.82,0.88
99,"index","oracle",0.00985245324280107,0.972789642082388,0.00965711162944717,0.210932043239363,0,0.70751246884414,0.204299385086404,NA,NA
99,"index","none",0.0128514856043636,1.12044474022258,0.0552049409818141,0.237098429960496,0.121439372788447,0.62962504846556,0.0277944332111286,0.4,0.025
99,"index","linear",0.0165578669602212,0.866687802380161,-0.0228859037906833,0.237142279728584,0.125725453203893,0.62962504846556,0.0655504721943984,0.4,0.025
99,"index","flexible",0.0174950249083096,0.861782749201664,-0.0208628804899029,0.237224261525213,0.125326524046137,0.62962504846556,0.0564091373457586,0.4,0.025
99,"offindex","oracle",0.00501979185918897,0.987804919278189,0.0013751728636324,0.163075683798775,0,0.833067799879377,0.496820965488809,NA,NA
99,"offindex","none",0.0504204125225605,1.65148833563153,-0.328241612854747,0.217653003328945,0.199559338062749,0.697553341170359,6.19060112683851e-06,0.13,0.16
99,"offindex","linear",0.0234714724432017,0.837097916210995,0.0785205463668916,0.214588783541945,0.183141185808616,0.697553341170359,0.703718783773267,0.13,0.16
99,"offindex","flexible",0.0255778674756264,0.756627705666951,0.0794359061448747,0.215192763957989,0.185871738304209,0.697553341170359,0.52996892593328,0.13,0.16
100,"correct","oracle",0.00860503303232675,1.02461081481644,-0.00961231885494039,0.174666918064454,0,0.816988295844677,0.996441932825927,NA,NA
100,"correct","none",0.0714513712490045,2.04652449132914,0.0567578646436704,0.224314084430444,0.188101559818178,0.707169715267224,3.09696141080272e-06,0.05,0.28
100,"correct","linear",0.0186055573577291,0.867696284035286,-0.0185539143942507,0.217759527986943,0.163724298953641,0.707169715267224,0.350442499566122,0.05,0.28
100,"correct","flexible",0.0362943806243564,0.79915364504299,-0.0103212783060601,0.219240219539796,0.166361650588107,0.707169715267224,0.0162149905429596,0.05,0.28
100,"index","oracle",0.0111610942926313,1.01950081071132,0.00658410055890589,0.209123130454463,0,0.717065488843173,0.210471337624882,NA,NA
100,"index","none",0.029694109828946,1.02476969027076,-0.128373853351914,0.238030193728929,0.128683561769382,0.627086978977201,0.714286795456279,0.515,0.155
100,"index","linear",0.0233486558289213,0.850836428888555,0.0402669912005428,0.237616702644397,0.129937608475608,0.627086978977201,0.403574737814534,0.515,0.155
100,"index","flexible",0.0348129411971572,0.612916677129343,0.0429707277878308,0.239826345804038,0.126986539408525,0.616269551175412,0.115693426017822,0.515,0.155
100,"offindex","oracle",0.0082546638240257,1.01591979981464,-0.0190070645051943,0.160877771975982,0,0.838578733061955,0.713294035008134,NA,NA
100,"offindex","none",0.0411647429508897,1.59468939094924,-0.202708020068109,0.220265574423544,0.206265652874159,0.685329802733427,0.145520758898853,0.755,0.425
100,"offindex","linear",0.0137824807363286,1.100001948963,-0.00941894296395889,0.217632169549289,0.196988934353251,0.685329802733427,0.611992706194433,0.755,0.425
100,"offindex","flexible",0.0419136996446845,0.931732805057047,0.043828277516819,0.219822843562572,0.200865752540506,0.685329802733427,0.0123372570317183,0.755,0.425
101,"correct","oracle",0.0071275018355138,0.983518319103539,0.000969118362374571,0.176809723752509,0,0.812408641882419,0.957403193832503,NA,NA
101,"correct","none",0.0607501252747064,1.64613943020479,0.224622357731238,0.221453465765304,0.181229517114146,0.710131970492121,0.00873504779544925,0.435,0.545
101,"correct","linear",0.046489589872331,0.878521167022921,0.196272927094739,0.218953878111705,0.16486811648035,0.710131970492121,0.111312054489615,0.435,0.545
101,"correct","flexible",0.0534314945290084,0.840093417382156,0.19593099783909,0.220598966439368,0.166848349550199,0.709704527602607,0.0250072211023472,0.435,0.545
101,"index","oracle",0.0056937650251602,0.993473311914109,0.00692798318715625,0.20955020308238,0,0.713444511589019,0.950340679736102,NA,NA
101,"index","none",0.040235133384651,1.43981913179094,-0.229893015508422,0.240872954648672,0.129655452805689,0.621292877705309,0.00411346417849204,0.89,0.465
101,"index","linear",0.0214564394456109,0.823056499529969,-0.0120435200576979,0.238894579010288,0.130542051984956,0.621292877705309,0.609338554663885,0.89,0.465
101,"index","flexible",0.029092049790064,0.623966465426425,-0.0107235450676661,0.240969848830261,0.126590544961748,0.621243246787633,0.295824346364712,0.89,0.465
101,"offindex","oracle",0.00523371498290442,1.00190214969283,0.0149431158392466,0.159887287430604,0,0.838991153283718,0.954636890840516,NA,NA
101,"offindex","none",0.0514053135718138,1.57014392554708,-0.335306372662631,0.219355944131116,0.207255439319306,0.688597535652501,0.000649398843131086,0.31,0.83
101,"offindex","linear",0.0194470969686182,0.962394031714404,-0.0632000554639786,0.21649132987059,0.196449024984639,0.688597535652501,0.281392073615333,0.31,0.83
101,"offindex","flexible",0.0217581034003853,0.958131343308378,-0.0617591081985341,0.216790919850657,0.197150589812752,0.688597535652501,0.122399293556704,0.31,0.83
102,"correct","oracle",0.00623343435374276,0.986673262686608,-0.00227703999975269,0.176967369649788,0,0.812000881323182,0.514419309706637,NA,NA
102,"correct","none",0.0463252546787037,1.46864840578744,0.0651959312611648,0.21937232044357,0.173998405294244,0.71042112462026,0.00161439194172937,0.23,0.6
102,"correct","linear",0.0391134624101412,0.742783632489066,0.0465031711937968,0.218564915559813,0.159168516264505,0.71042112462026,0.203085673692441,0.23,0.6
102,"correct","flexible",0.0470537845208807,0.587622124117275,0.0600921155631172,0.220658959064385,0.166081298918877,0.71042112462026,0.00110483653567366,0.23,0.6
102,"index","oracle",0.0054590971398354,0.970901874652613,0.00507655039757298,0.20975837318744,0,0.710525422626434,0.154894429103667,NA,NA
102,"index","none",0.0305376115060886,1.39067022739353,-0.107590516404537,0.236203782093008,0.120518369001795,0.638000114880662,0.243716994218569,0.72,0.005
102,"index","linear",0.0356813434622287,1.23696941808379,0.167450035701837,0.236388547758514,0.123014426027661,0.638000114880662,0.851155574806032,0.72,0.005
102,"index","flexible",0.0463429986078073,0.819293320968072,0.127449290070326,0.241434802499017,0.135208062497201,0.599390922491714,0.784246587644687,0.72,0.005
102,"offindex","oracle",0.00735444548593209,0.966311814411433,-0.00328510773322811,0.164008519927655,0,0.832239144572412,0.157984823596511,NA,NA
102,"offindex","none",0.0477091666480028,1.46074928788082,-0.328495440052518,0.219829807928567,0.204155186762387,0.689586746896294,0.0282311178422646,0.04,0.005
102,"offindex","linear",0.0260070929263588,1.28436378146826,-0.0375042956376406,0.217768214214777,0.201132670894571,0.689586746896294,0.69344818337047,0.04,0.005
102,"offindex","flexible",0.0372747930943574,1.16693495515277,0.00873427575257687,0.219869237656012,0.204264383139369,0.681158850280121,0.268865699230862,0.04,0.005
103,"correct","oracle",0.00867202736183148,0.998926067658524,-0.0315750541101154,0.177211115750999,0,0.811552450359023,0.502785191464933,NA,NA
103,"correct","none",0.0596987810328969,1.6514226315561,0.224519870333286,0.223093030660829,0.183493750963917,0.703846980926308,5.23433014388329e-05,0.52,0.145
103,"correct","linear",0.0253321629513174,0.930891754549237,-0.110830905478495,0.219002134036134,0.16643131435618,0.703846980926308,0.745903732016732,0.52,0.145
103,"correct","flexible",0.0302251280813294,0.882864029333298,-0.110898936911505,0.220126314690128,0.16788647847582,0.703189857800732,0.606992064164503,0.52,0.145
103,"index","oracle",0.00858472441131592,0.966825869719492,0.00402930839286576,0.210211959672936,0,0.711302591162829,0.354969929911282,NA,NA
103,"index","none",0.0291004033788985,1.4677310973055,-0.0600275585757641,0.235927487049725,0.117164335880525,0.639243506392595,0.244059881018201,0.85,0.75
103,"index","linear",0.0282359331804816,0.979679455796806,-0.11826748772307,0.235346067119033,0.122677400323745,0.639243506392595,0.768993649214041,0.85,0.75
103,"index","flexible",0.0293838933119534,0.759849054795154,-0.082336892062388,0.237088004653716,0.12151625329631,0.637868847304809,0.541496698837881,0.85,0.75
103,"offindex","oracle",0.00940238593954152,0.986493502830856,0.0119949764503533,0.162478863189121,0,0.834024992738636,0.398973895528106,NA,NA
103,"offindex","none",0.0630808311292646,1.87621253608133,-0.325609906178074,0.219272615922746,0.206400749056528,0.697507625672875,0.000175809498086517,0.025,0.135
103,"offindex","linear",0.0243240555605449,0.948447266212193,-0.079843800758639,0.214802396578121,0.187993154950721,0.697507625672875,0.205710184633215,0.025,0.135
103,"offindex","flexible",0.0287371326662558,0.91850321302139,-0.0735451363358949,0.215541716918045,0.188908094903396,0.697460050505351,0.230524848992896,0.025,0.135
104,"correct","oracle",0.00538556726569484,0.99771550365913,0.0035104299352804,0.177305785545435,0,0.811324584767335,0.00601256476416421,NA,NA
104,"correct","none",0.0623362756532871,1.71468686300376,0.0814707916567825,0.218646377488359,0.174621107905392,0.718659011508908,0.000472689681162239,0.52,0.94
104,"correct","linear",0.0122704245771658,1.0217682344752,0.0498870852288246,0.21379788638761,0.157566179286041,0.718659011508908,0.759532639074702,0.52,0.94
104,"correct","flexible",0.0223773660896056,0.892334293112358,0.0600358276407222,0.217555320342852,0.16628174636953,0.708360468776856,0.676747776670336,0.52,0.94
104,"index","oracle",0.0107164313621081,1.02105356993651,-0.0096781481945389,0.208699559880141,0,0.712429087124291,0.372347237955147,NA,NA
104,"index","none",0.0471599607717075,1.37235467336379,0.232505145733159,0.236572342184369,0.124364967470724,0.640750506407505,0.0220774638793438,0.425,0.275
104,"index","linear",0.0495165332895062,0.690285598692732,0.0795517415037283,0.237132290484194,0.134588662409919,0.640750506407505,9.86776120928572e-06,0.425,0.275
104,"index","flexible",0.0541448376553989,0.553068674980876,0.0840253053787262,0.239529237616746,0.138604159196787,0.639711286397113,1.28501960527908e-10,0.425,0.275
104,"offindex","oracle",0.00663044914359825,1.00905029255967,0.00222831289404286,0.160678657689035,0,0.837767289415708,0.94394316701767,NA,NA
104,"offindex","none",0.0531868693965699,1.7041562313837,-0.106744041664062,0.21597134934278,0.201349167770658,0.703658355603194,0.000867151599921798,0.205,0.445
104,"offindex","linear",0.0273581188778562,0.821954219209858,0.0621248028034887,0.212748418589025,0.18234811037072,0.703658355603194,0.938002263360896,0.205,0.445
104,"offindex","flexible",0.0428809968913553,0.788241826068014,0.0607878860082751,0.214461400534571,0.185127676908232,0.703639813984104,0.460703754562664,0.205,0.445
105,"correct","oracle",0.00476483607619561,0.997290026166404,-0.0126969272850964,0.176977912515257,0,0.811993766530969,0.96262125290145,NA,NA
105,"correct","none",0.0659433609002931,1.60811661366954,-0.271362289971327,0.223306078570074,0.182868859771649,0.705566144383071,0.000314121578033071,0.51,0.82
105,"correct","linear",0.0200710023357714,0.923352363185662,-0.0816782029808918,0.218408515638987,0.165398640207453,0.705566144383071,0.122930905251947,0.51,0.82
105,"correct","flexible",0.0285042648741734,0.860720260999578,-0.0720255045095833,0.218899318415751,0.16624062624757,0.705566144383071,0.00311480851243479,0.51,0.82
105,"index","oracle",0.0069051067999439,1.00205871016022,-0.0114027766898087,0.210400312186074,0,0.710054937012357,0.365117169452727,NA,NA
105,"index","none",0.0362920063115705,1.76719158146654,-0.0787593290202668,0.239791406356395,0.119268048397702,0.625565185924122,0.0049281433180113,0.43,0.41
105,"index","linear",0.0138907026415531,1.20099463292923,0.00593877968140629,0.237804755358761,0.120122397045363,0.625565185924122,0.335120393889335,0.43,0.41
105,"index","flexible",0.0212665535090062,1.14800755764816,0.00137649744838376,0.238342844822489,0.122290233724158,0.625565185924122,0.155808398963175,0.43,0.41
105,"offindex","oracle",0.00457394934476779,0.9897513854318,-0.00482626804383086,0.164264600557171,0,0.831398914506315,0.869593265626008,NA,NA
105,"offindex","none",0.0674569954979765,2.02759973252434,-0.571138030882671,0.223774241249163,0.209430347872525,0.689190988966672,6.86297145164429e-08,0.295,0.625
105,"offindex","linear",0.0247648624845738,1.26534121215343,-0.0934596344506864,0.217984017905615,0.196651449186531,0.689190988966672,0.0101096263220453,0.295,0.625
105,"offindex","flexible",0.0337553243764929,1.13736260283182,-0.0413153585094082,0.21895649547567,0.198056044546679,0.689190206321612,0.000384197960761084,0.295,0.625
106,"correct","oracle",0.00720996838648885,0.982755900566887,0.00205482830511424,0.17828853740851,0,0.809093801526336,0.94634249543017,NA,NA
106,"correct","none",0.0592523008199511,1.66337209707241,-0.11426237541744,0.220481170349814,0.177072357610286,0.711769377027458,1.77433653889651e-06,0.185,0.47
106,"correct","linear",0.0162078046801916,0.874058930132658,0.0113404854748205,0.216342005718337,0.157244545500123,0.711769377027458,0.505177126362696,0.185,0.47
106,"correct","flexible",0.0158560699847942,0.869380812736986,0.0110187427835858,0.216378010811401,0.15752718770402,0.711769377027458,0.489502086405016,0.185,0.47
106,"index","oracle",0.00924239017219943,0.961036092529362,0.0202785042054444,0.210616572659708,0,0.709701981038725,0.331765290278998,NA,NA
106,"index","none",0.0344873377151888,1.60594737426453,0.0147777781593893,0.235537799593047,0.116087154288176,0.643433019521426,7.54582984143705e-05,0.25,0.325
106,"index","linear",0.0268506146700483,0.828891937205175,-0.042040001984378,0.234323007177922,0.123756376443627,0.643433019521426,0.389215703738715,0.25,0.325
106,"index","flexible",0.0251332286213314,0.811112897450597,-0.0398830112399835,0.234820962658359,0.123723478863751,0.643433019521426,0.34058094535433,0.25,0.325
106,"offindex","oracle",0.00477604951264367,1.00235852528813,0.0185432085002634,0.161391800811926,0,0.837460837524282,0.959884254660958,NA,NA
106,"offindex","none",0.0496694368747637,1.63978172829376,-0.315378225915831,0.220967870017433,0.206990727209726,0.687233319149343,0.0550823272630015,0.495,0.595
106,"offindex","linear",0.0293033992179882,0.808082475518586,0.0518024849775005,0.218387678206279,0.191883779441077,0.687233319149343,0.405420279135605,0.495,0.595
106,"offindex","flexible",0.025138799779343,0.768461173197852,0.0571020477756814,0.218389879668248,0.192770770407315,0.687233319149343,0.0447394348662435,0.495,0.595
107,"correct","oracle",0.00808307685066779,0.965515906869794,-0.0112306325646828,0.179489664804395,0,0.80668662423451,0.811293520590325,NA,NA
107,"correct","none",0.0437375421283656,1.52439637839753,-0.0573207454007755,0.223091325056142,0.181292948318552,0.696441957076859,0.00429488947288447,0.005,0.035
107,"correct","linear",0.0317270117302112,0.868937874572681,0.111756355799039,0.22160159197427,0.167788412982071,0.696441957076859,0.112688358692451,0.005,0.035
107,"correct","flexible",0.0372425736886075,0.832060653880314,0.124028202898942,0.222743333098982,0.171136857000198,0.696394946681502,0.00306885030506615,0.005,0.035
107,"index","oracle",0.0098644345811479,1.03109216613266,-0.0340114054524375,0.207819402338774,0,0.71859223629357,0.838967011727294,NA,NA
107,"index","none",0.0462515480523781,1.55499540335198,-0.193311450687559,0.23597457336247,0.119529505692482,0.645916508018043,0.12160460157771,0.355,0.1
107,"index","linear",0.0124250670076166,0.97493327045377,-0.0164259360349934,0.233119889586063,0.121362901087248,0.645916508018043,0.301167554292847,0.355,0.1
107,"index","flexible",0.0171674595835023,0.956803231631854,-0.0163714178855418,0.233247786002777,0.122064588866789,0.645916508018043,0.278645371931369,0.355,0.1
107,"offindex","oracle",0.00801776464604282,1.01100815667785,-0.0314277960066402,0.160279403339836,0,0.839636944540251,0.138735781037099,NA,NA
107,"offindex","none",0.0594935962122772,1.56545720772608,-0.455237478577518,0.223165122871156,0.208043660498678,0.684868751426638,0.00259809194053745,0.31,0.32
107,"offindex","linear",0.0235581947179327,1.09782101585791,-0.114571212139193,0.219036243720276,0.19816078792433,0.684868751426638,0.639354155483035,0.31,0.32
107,"offindex","flexible",0.0208779592765194,1.05795271440657,-0.0947484397017272,0.219192233936016,0.198294867341418,0.684868751426638,0.842602231989207,0.31,0.32
108,"correct","oracle",0.00640698647289682,1.01348477161862,-0.0179780550685895,0.175297422669131,0,0.81562195435917,0.166198636148371,NA,NA
108,"correct","none",0.0686422368071556,1.94227845481629,0.0263098909382974,0.222436423625817,0.184745272755731,0.71151475044206,8.25921679174845e-06,0.785,0.285
108,"correct","linear",0.0247885314243866,0.830976526013424,-0.0219967252437919,0.216785676944546,0.16122634205515,0.71151475044206,0.492298707704754,0.785,0.285
108,"correct","flexible",0.034046729488792,0.793176506119081,-0.0292219269496862,0.217838656373319,0.163776078284003,0.711500769795595,0.296519193558655,0.785,0.285
108,"index","oracle",0.00797863243833765,0.98924759776561,-0.0277911380052629,0.209520509857396,0,0.713006961812327,0.621071944174795,NA,NA
108,"index","none",0.0270473188367521,1.4176791301018,0.114782792527471,0.235576847039192,0.119556587423112,0.640649170025154,0.0472947084216689,0.56,0.735
108,"index","linear",0.0344262978592085,0.768228024211412,-0.053530838597723,0.235547420310885,0.127549918170336,0.640649170025154,0.0133320048590519,0.56,0.735
108,"index","flexible",0.0559441736430505,0.640550337552388,-0.0628516905402967,0.241110241685694,0.142713288800077,0.622453176635842,0.000148466420598563,0.56,0.735
108,"offindex","oracle",0.00678047766416991,0.993193205856338,-0.0106939926827627,0.161656070398864,0,0.836492849015163,0.468745855180131,NA,NA
108,"offindex","none",0.0470658170402339,1.55842076599221,-0.26802251787371,0.219969882945461,0.204854804018431,0.689217988454454,0.00236577422615093,0.435,0.175
108,"offindex","linear",0.0431368823549198,0.794311649726235,-0.0617620861669737,0.219068261190959,0.190733440847519,0.689217988454454,0.000699027847092452,0.435,0.175
108,"offindex","flexible",0.0427709061731073,0.78852607385002,-0.0558403703660656,0.21906863663906,0.190753494553557,0.689217988454454,0.0003916253611013,0.435,0.175
109,"correct","oracle",0.00933978931188154,1.02523213402041,0.011274790398535,0.174646254348594,0,0.816998558568256,0.947373256899757,NA,NA
109,"correct","none",0.0688438015979196,1.98603759342383,-0.119196944539362,0.225496868082123,0.191699011819963,0.701694469050308,2.41727242021391e-07,0.485,0.375
109,"correct","linear",0.0141622383688726,1.04826845553909,-0.0622226826935081,0.219200194031558,0.172812544616058,0.701694469050308,0.263634499023976,0.485,0.375
109,"correct","flexible",0.0366209442964547,0.905370730400643,-0.0568621749091113,0.22086561250388,0.176789600718568,0.701694469050308,0.0928339460736608,0.485,0.375
109,"index","oracle",0.00572166867081971,1.00802375980037,0.0118871499244518,0.208473586288618,0,0.716800539734995,0.508310374775057,NA,NA
109,"index","none",0.0572200597217074,1.56894184240127,0.341005753747508,0.239971927617546,0.132955313832119,0.635806340050167,0.00424202242926599,0.26,0.145
109,"index","linear",0.0163207265599141,1.05553326726551,-0.0483142584125798,0.235572347942379,0.127749908792161,0.635806340050167,0.550696597558469,0.26,0.145
109,"index","flexible",0.0216937677187464,0.933820612587101,-0.036007441235483,0.237784179833399,0.135790711016829,0.627706345074232,0.497846407350494,0.26,0.145
109,"offindex","oracle",0.00729863606678712,1.00799858419818,-0.00419649031608566,0.159790846166891,0,0.839961730931025,0.264730989731226,NA,NA
109,"offindex","none",0.0801271527513554,2.4705796142218,-0.107094836826181,0.225651481669232,0.222799310798127,0.690244463520789,4.77664433439137e-08,0.65,0.755
109,"offindex","linear",0.018926634713104,0.997753148398905,-0.084141988944314,0.216749057762082,0.197394317931925,0.690244463520789,0.0328754715576642,0.65,0.755
109,"offindex","flexible",0.0326255697146639,0.964754541529499,-0.071211208006604,0.218041162643728,0.199144427288498,0.690244463520789,0.00133961948869273,0.65,0.755
110,"correct","oracle",0.00595982131939293,0.995291279203799,-0.0141964251486172,0.178303323538483,0,0.809151286420583,0.517806823859387,NA,NA
110,"correct","none",0.0571377784805618,1.77021416888853,0.109535925434009,0.225134304933893,0.185501868969308,0.696437533000528,0.000129360585320456,0.505,0.755
110,"correct","linear",0.0204958604139707,1.15580189047003,-0.0568992390890775,0.220931451757294,0.17214236616558,0.696437533000528,0.0864320170984114,0.505,0.755
110,"correct","flexible",0.039427369834685,0.977481486029512,-0.0306402165764267,0.224447734114978,0.179070785591135,0.691862329797277,9.49393847400568e-06,0.505,0.755
110,"index","oracle",0.00690832733768845,1.01136285436273,0.028320097147114,0.209340140139983,0,0.713754155609745,0.59699577611628,NA,NA
110,"index","none",0.0326398945189595,1.58733731246444,-0.0880060460104157,0.236580316417858,0.116875228197431,0.638210752339041,0.0660524408650623,0.295,0.84
110,"index","linear",0.017251788294723,0.895542836406488,0.0333689133785165,0.234960159161725,0.12071888696271,0.638210752339041,0.358592755156478,0.295,0.84
110,"index","flexible",0.0312466292552725,0.853057445398016,0.0301307523052834,0.235677702701419,0.12513783771755,0.638210752339041,0.158958666191584,0.295,0.84
110,"offindex","oracle",0.00437597172883387,0.994276399368686,0.0108660161905577,0.161267217867565,0,0.836759668365705,0.832711701486623,NA,NA
110,"offindex","none",0.0482540450492176,1.64982535396599,-0.136098231788614,0.22011872153116,0.208386627611609,0.686307154788313,0.00381537320712866,0.31,0.635
110,"offindex","linear",0.0184826694514443,0.909684794131629,-0.0350110035010789,0.21731910744174,0.193696549637116,0.686307154788313,0.374594914338474,0.31,0.635
110,"offindex","flexible",0.0359208566539495,0.851157132124654,-0.0088229670340198,0.218831388614856,0.195825028299921,0.686307154788313,0.00542658360823127,0.31,0.635
111,"correct","oracle",0.00681375783013268,0.999818743669119,0.0148091115602629,0.176724446750556,0,0.812552803771846,0.872256456484056,NA,NA
111,"correct","none",0.0718819834001962,1.99163084760936,0.0364515090207417,0.221697504603166,0.182243350919295,0.715567595703047,2.48537626353584e-07,0.02,0.215
111,"correct","linear",0.0310351823104435,0.801023651271307,0.0621868531907829,0.216043953684478,0.157057559545291,0.715567595703047,0.62203626823293,0.02,0.215
111,"correct","flexible",0.0533044425124634,0.712742231913503,0.0783377856496758,0.219241823887768,0.162970300846593,0.715567595703047,0.00335491966296968,0.02,0.215
111,"index","oracle",0.00805219775598147,0.96321626152794,-0.0299213968181163,0.210144011174762,0,0.710199269614227,0.0610569009881695,NA,NA
111,"index","none",0.0201193525522124,1.3271538596142,-0.0260913909856652,0.234078237433099,0.116348263999056,0.645386402667259,0.21085115547768,0.495,0.65
111,"index","linear",0.0296430685318607,0.801000728622525,-0.0616055692167897,0.234379803293193,0.124800409762758,0.645386402667259,0.29788105252416,0.495,0.65
111,"index","flexible",0.0289198742921909,0.739286826232293,-0.0647698651631205,0.234685690810694,0.122774766710699,0.645386402667259,0.436129709646309,0.495,0.65
111,"offindex","oracle",0.00929064388964777,0.990001196074309,-0.0191423306082396,0.161467647168971,0,0.837274512102838,0.202938623590141,NA,NA
111,"offindex","none",0.0577335401490202,1.75038510355255,-0.371275897915535,0.219914348719173,0.206259385287564,0.696389233669715,0.0303131173387804,0.735,0.16
111,"offindex","linear",0.0221422392173871,0.905814230822086,-0.0273508948133476,0.21577862388767,0.188822456077112,0.696389233669715,0.576618621192028,0.735,0.16
111,"offindex","flexible",0.0325199783735604,0.709155042425908,0.029026822523554,0.216779756230931,0.193382828065381,0.696389233669715,1.437609644715e-05,0.735,0.16
112,"correct","oracle",0.00718858765580495,0.998620253239649,0.0123780033895781,0.177013930718772,0,0.811871076420962,0.153311216096839,NA,NA
112,"correct","none",0.074242202310357,1.84481979957527,-0.385428794988582,0.223849472350464,0.186056103794927,0.71252526839878,1.29796812556346e-06,0.39,0.685
112,"correct","linear",0.013021457023514,0.937381848229781,-0.0404222588651328,0.215827616696625,0.161763995735091,0.71252526839878,0.249223060648,0.39,0.685
112,"correct","flexible",0.0322575757677425,0.88807301194711,-0.0414296664985955,0.217467574706546,0.164487055136523,0.712465675394697,0.07712246035222,0.39,0.685
112,"index","oracle",0.00650073903112604,0.991210456062923,-0.00292658465630609,0.210332758085386,0,0.70921884750156,0.717941193196234,NA,NA
112,"index","none",0.0220840723809098,1.35920104061193,-0.01629483140721,0.234786819199873,0.115688786403696,0.642910416566665,0.392949927652792,0.93,0.31
112,"index","linear",0.0408252335171958,1.47703686200877,-0.194947227436649,0.236335901923275,0.119472565540509,0.642910416566665,0.030459331734055,0.93,0.31
112,"index","flexible",0.0371979370582601,1.40948436035181,-0.188195947060476,0.236924938415158,0.116764979779504,0.642910416566665,0.00348762631720909,0.93,0.31
112,"offindex","oracle",0.00849837611599873,0.997866354078461,-0.0189479116395178,0.162143824007368,0,0.83587602089915,0.84233221208445,NA,NA
112,"offindex","none",0.0553106830659661,1.7240101498298,-0.24060718188697,0.216982841656807,0.202041264634696,0.704896819813827,0.0933510047189791,0.43,0.415
112,"offindex","linear",0.0477048096140611,1.3472128186279,-0.351035014005905,0.21610363850331,0.195707510093024,0.704896819813827,0.129280597534121,0.43,0.415
112,"offindex","flexible",0.0426995978820647,1.32714155280312,-0.339526061242177,0.216465398047067,0.195901740933157,0.704896819813827,0.0278393541745933,0.43,0.415
113,"correct","oracle",0.00690780744655587,0.998276198403187,-0.0177067669610286,0.177493471151695,0,0.810876870262706,0.847719617974148,NA,NA
113,"correct","none",0.0524757163893811,1.67739229767182,0.0689292253103226,0.221572617958494,0.18077658343712,0.705806423650358,0.000510193588343654,0.92,0.63
113,"correct","linear",0.0115674955442418,0.954384079179487,-0.0341486951311206,0.217583785958232,0.164846336604443,0.705806423650358,0.652200464930573,0.92,0.63
113,"correct","flexible",0.0400504725029522,0.875704454419604,-0.0254805529275047,0.219259796279953,0.16750838827099,0.705806423650358,0.0554649176581197,0.92,0.63
113,"index","oracle",0.00901621244220256,0.96948316149667,0.029114374375442,0.211667320611714,0,0.706818160361659,0.622636420966368,NA,NA
113,"index","none",0.0412157553810785,1.30651105389763,0.200863611928931,0.236201390923164,0.117064474381785,0.64101276573649,0.0669561884690526,0.84,0.65
113,"index","linear",0.0202135848097711,0.98256702827838,0.0854143538112249,0.234499371168706,0.117043276313243,0.64101276573649,0.592443653412481,0.84,0.65
113,"index","flexible",0.0239558594541298,0.876304097720102,0.0860581584308618,0.235236865885107,0.114235310532167,0.64101276573649,0.193341854445757,0.84,0.65
113,"offindex","oracle",0.0105296500205946,0.988637373343276,0.0486679657558708,0.162499582996219,0,0.833485629662383,0.799998610521459,NA,NA
113,"offindex","none",0.0531149632887212,1.58727160325721,0.0415593692960645,0.218730899950837,0.203724712664906,0.692351166101694,3.75970431619134e-05,0.875,0.73
113,"offindex","linear",0.0090422729237622,0.988726518779507,-0.0243525016144793,0.214777325140012,0.189139542273926,0.692351166101694,0.381039443663898,0.875,0.73
113,"offindex","flexible",0.0343124121492956,0.855757962744974,0.0351481120901141,0.217013710245331,0.192508112327106,0.690573549157803,0.11602445902115,0.875,0.73
114,"correct","oracle",0.00751392766699071,0.998753384440381,-0.0290225278767278,0.177133814995106,0,0.811732342991265,0.712119501408486,NA,NA
114,"correct","none",0.0650728731801455,1.8525607210856,-0.000967155002338333,0.220187890675843,0.180277270114351,0.716560364580414,1.7285581038729e-05,0.595,0.775
114,"correct","linear",0.0378197494454648,1.27442183286355,-0.148783103730135,0.216141726902082,0.167451400986309,0.716560364580414,0.186324047035279,0.595,0.775
114,"correct","flexible",0.0487328158248293,1.20481491329623,-0.150211720263034,0.217697957500998,0.170401135985144,0.716519032991628,0.0532799673415278,0.595,0.775
114,"index","oracle",0.00600911905952901,0.987820400615938,0.00988812780674296,0.210286703487132,0,0.709790255909792,0.827061859118136,NA,NA
114,"index","none",0.0143074304334895,1.14894933313909,0.00895521421588297,0.237482445159864,0.122786705376808,0.626852384424767,0.41845583879805,0.925,0.405
114,"index","linear",0.0406511371188028,0.854066292478529,0.150267076998934,0.239287866184368,0.132364278311136,0.626852384424767,0.019976876924371,0.925,0.405
114,"index","flexible",0.0525801419834888,0.598360747753185,0.0833379537135264,0.24135056232006,0.130954691725379,0.622489348062984,0.0514843543706932,0.925,0.405
114,"offindex","oracle",0.00715541771632263,0.9991180766744,0.0170094820792616,0.161885640346186,0,0.835280724940582,0.999144675888225,NA,NA
114,"offindex","none",0.0500757503090631,1.48543353147603,0.0932882398917115,0.219526167606399,0.205358961856825,0.689612761413282,0.337592407649292,0.075,0.055
114,"offindex","linear",0.0309297345458399,1.09055759617911,0.121929160618436,0.216986838514996,0.196223899906773,0.689612761413282,0.930906708207569,0.075,0.055
114,"offindex","flexible",0.0305558200445189,1.06902148433579,0.123181075966172,0.2171722804114,0.196384915576335,0.689612761413282,0.824218186565957,0.075,0.055
115,"correct","oracle",0.00581455451738813,0.992514332369725,0.0145730117104775,0.177353986271695,0,0.811202402800601,0.884365338902601,NA,NA
115,"correct","none",0.0531803222598209,1.66191095015911,0.0153001418826802,0.225046379872329,0.188444461772112,0.693381183345296,0.0125181229843776,0.32,0.585
115,"correct","linear",0.0176692019843379,1.10471274093487,0.0599750851533716,0.221747466202172,0.177508565560303,0.693381183345296,0.484322597236633,0.32,0.585
115,"correct","flexible",0.0208039410649851,1.06937313203363,0.0581409312129457,0.222227152050091,0.178417505078386,0.693152183288046,0.660849228007363,0.32,0.585
115,"index","oracle",0.0101080212304864,0.996683700817664,0.00526033672198266,0.209086802472758,0,0.713551359640166,0.0460799356284845,NA,NA
115,"index","none",0.0483905426728999,1.36543423367661,0.25210615884489,0.234273149894303,0.12041692488221,0.653321840127702,0.00479725456909053,0.745,0.84
115,"index","linear",0.0178864613412393,1.17651944214313,0.0443516897757565,0.231618105787882,0.114803767774593,0.653321840127702,0.288660500935148,0.745,0.84
115,"index","flexible",0.0346271536558676,0.944468550115638,0.0392025678772998,0.233816465896934,0.12053579936579,0.646860156961477,0.0726086968611743,0.745,0.84
115,"offindex","oracle",0.00591161983121931,0.987700681830956,0.00250561697307022,0.162161043961676,0,0.835250912597207,0.934441204086411,NA,NA
115,"offindex","none",0.053103033776161,1.70187010823655,-0.138133428318104,0.218100399218252,0.203959630602198,0.697987732192191,0.00133110276000019,0.77,0.3
115,"offindex","linear",0.0215994183540507,1.00946751838112,0.098053662818578,0.214683759733625,0.190098310029677,0.697987732192191,0.526370572075399,0.77,0.3
115,"offindex","flexible",0.0332450939048716,0.913637565558485,0.117573609980758,0.215910780759324,0.191996012688183,0.697987732192191,0.487740127266111,0.77,0.3
116,"correct","oracle",0.00576682141546624,1.02745713266582,-0.000342414125097882,0.173673552518396,0,0.819025753065475,0.333591849518801,NA,NA
116,"correct","none",0.0724529283316333,1.83290347404283,0.368534241625074,0.222027065136368,0.183794057208032,0.717580520361374,1.68044958400395e-05,0.38,0.77
116,"correct","linear",0.0134427026648468,1.0560610016979,-0.0415851848466418,0.214053982420516,0.160543648990132,0.717580520361374,0.0307998679298895,0.38,0.77
116,"correct","flexible",0.0458559591647815,0.951749577632961,-0.0462567659180712,0.216448365254678,0.165349388803785,0.717580520361374,2.60988020410463e-06,0.38,0.77
116,"index","oracle",0.00666987215395159,0.99973986593921,0.0101921090764285,0.209134376469141,0,0.71376370611461,0.271642843507783,NA,NA
116,"index","none",0.020224297264854,1.32158544005615,0.0502884303693258,0.233912032735146,0.115128536588701,0.644969281380685,0.0172224470964569,0.255,0.24
116,"index","linear",0.0618160573308322,0.973407799520962,0.260690899411563,0.236913558709446,0.128635687578215,0.644969281380685,0.000140832339015125,0.255,0.24
116,"index","flexible",0.0581998063513777,0.908524131942974,0.230478829407965,0.236736441250838,0.126465221069855,0.644969281380685,0.000787867693363532,0.255,0.24
116,"offindex","oracle",0.00646808301980145,0.979078538677531,0.0354080479605004,0.16263663835747,0,0.833275821628898,0.107464995735589,NA,NA
116,"offindex","none",0.0574925227585005,1.74118099650656,-0.0621008679731284,0.21796675461482,0.204582867684766,0.697177833459842,0.00628169130040767,0.87,0.725
116,"offindex","linear",0.0303155175962967,1.29837137441871,0.00444620870091863,0.214735023843887,0.194618952616682,0.697177833459842,0.272233863054459,0.87,0.725
116,"offindex","flexible",0.0250660632003074,1.20548773301445,0.0289946588334908,0.2153480672724,0.195613211105883,0.694089812544253,0.820513999908796,0.87,0.725
117,"correct","oracle",0.00608067176005706,1.00623257379012,0.00568850214310221,0.176825173456149,0,0.812352387344129,0.480189454879365,NA,NA
117,"correct","none",0.060066744196764,1.73021351195565,-0.0980571562932076,0.22149780389694,0.179358061033455,0.708990640560489,1.42014092631577e-05,0.215,0.51
117,"correct","linear",0.0179295210894349,0.961493362393129,-0.0698784273141911,0.217018750574571,0.161077075646606,0.708990640560489,0.216480006021625,0.215,0.51
117,"correct","flexible",0.0237977979020401,0.936436999305043,-0.0660347982962513,0.217506145180334,0.162204613213257,0.708990640560489,0.186345002856781,0.215,0.51
117,"index","oracle",0.0128923352653518,0.983230181335377,-0.0241574349729297,0.210609887301953,0,0.708835729139138,0.780369175228661,NA,NA
117,"index","none",0.035542976919182,1.51346894532743,-0.0914505505639751,0.235094457444007,0.114732822029023,0.644717380091155,0.226846257396712,0.66,0.365
117,"index","linear",0.0481543877255501,0.733666252025613,-0.095408072716241,0.23571785777726,0.127445869970323,0.644717380091155,0.00114952312000407,0.66,0.365
117,"index","flexible",0.044191105324593,0.568985291996313,-0.082006360426775,0.236416121916456,0.118456551122695,0.644717380091155,9.37285132534444e-07,0.66,0.365
117,"offindex","oracle",0.00731753747857017,1.00588835673701,-0.0341676884088097,0.162059069787001,0,0.836970288434268,0.918843191683393,NA,NA
117,"offindex","none",0.0656802546926685,2.00416553064332,-0.33611554397353,0.219440900653437,0.203995136562594,0.703532580340763,3.63087276301284e-05,0.845,0.66
117,"offindex","linear",0.0315874407797483,0.792276527690316,0.033726610841397,0.214478144578385,0.180887110114256,0.703532580340763,0.0259353235479453,0.845,0.66
117,"offindex","flexible",0.0486345869764525,0.481543455712933,0.109227432231129,0.219557204738409,0.192496656614709,0.680626313083759,1.1588754636312e-12,0.845,0.66
118,"correct","oracle",0.00689711711643508,0.979389825647006,0.00665537468494949,0.178552814504447,0,0.808610857541513,0.290582607779404,NA,NA
118,"correct","none",0.0701712784858115,1.92324666751065,0.108910189518295,0.222397903602081,0.181819176144758,0.711777278145335,4.21978915205075e-06,0.285,0.65
118,"correct","linear",0.015955105328025,0.964748700114136,0.0695052619531779,0.216167492086199,0.159540061499596,0.711777278145335,0.88066062309971,0.285,0.65
118,"correct","flexible",0.0143427846902705,0.963142750459717,0.0650847975679967,0.2161732968671,0.159778744106127,0.711777278145335,0.859058282455143,0.285,0.65
118,"index","oracle",0.00884475552491723,1.02647687837775,-0.0110035892220636,0.20836276519762,0,0.716893296198682,0.242149647346472,NA,NA
118,"index","none",0.0191531521665534,1.3105571570366,-0.0237831321592018,0.237168253330119,0.120410745015276,0.629365834513041,0.0797064538210771,0.85,0.84
118,"index","linear",0.0411821052920475,0.730455104655547,-0.0761454756495703,0.23856680158787,0.132271098079784,0.629365834513041,0.002165616827696,0.85,0.84
118,"index","flexible",0.0635932464759077,0.546618261551546,-0.0661021707757304,0.242462375757749,0.141341377569464,0.624133679143671,1.29477059489442e-07,0.85,0.84
118,"offindex","oracle",0.00689996939865639,1.01731782041046,0.000605600621277177,0.159669934156002,0,0.840267221521392,0.316305609513011,NA,NA
118,"offindex","none",0.0481073281132678,1.5402980834771,-0.350589258122071,0.22038364660586,0.205022622332915,0.687297024004053,0.000319923954337249,0.325,0.74
118,"offindex","linear",0.0106605129799649,0.955880167677115,0.0134131360897472,0.217106736609937,0.193018853124112,0.687297024004053,0.275088058749561,0.325,0.74
118,"offindex","flexible",0.018393589622032,0.826763415802594,0.0556103737946275,0.21805693377164,0.19346753517893,0.686681480150587,0.0961166875652802,0.325,0.74
119,"correct","oracle",0.00578801596753794,0.990125704628081,0.0293253242263625,0.177354226751591,0,0.811107866826342,0.338779016141119,NA,NA
119,"correct","none",0.0662917209484046,1.56793439089101,0.322668354846367,0.22223354810727,0.17909470682757,0.710372294532358,0.00018630770669362,0.125,0.075
119,"correct","linear",0.0615529344335361,1.07846145704955,-0.306740442743415,0.220190468194157,0.17069334853247,0.710372294532358,0.00102722161383044,0.125,0.075
119,"correct","flexible",0.0566911452229286,1.01462874347273,-0.266131228792141,0.220575329557661,0.171601899589601,0.709513444419124,0.0013055718409282,0.125,0.075
119,"index","oracle",0.00946941310467282,1.00301744100899,0.00414804022716206,0.209551875540547,0,0.71312736153643,0.547263975426171,NA,NA
119,"index","none",0.0307057814741879,1.54000592225144,0.000657102936448921,0.235231392680803,0.116624790007896,0.643534704707971,0.000747655304894516,0.785,0.41
119,"index","linear",0.0260304087511451,1.22987059517279,-0.0913842219888213,0.234308334556097,0.118701643175318,0.643534704707971,0.00936941910044793,0.785,0.41
119,"index","flexible",0.0268696580444249,1.17995350351254,-0.0885759895534068,0.234623659793926,0.120702818956417,0.643534704707971,0.0213313666849385,0.785,0.41
119,"offindex","oracle",0.00662764176744655,0.981106398596352,-0.00497633370899268,0.163094747000549,0,0.833643938016209,0.319530346427409,NA,NA
119,"offindex","none",0.0722991092972916,2.17252401334766,-0.403683638709773,0.22177222301418,0.211229687044459,0.69529946216214,5.1761717244756e-07,0.345,0.515
119,"offindex","linear",0.0140003784290526,1.03818240014312,-0.0661003405730215,0.21512144844232,0.190135635003513,0.69529946216214,0.610269949811215,0.345,0.515
119,"offindex","flexible",0.0249294537751494,0.935423015363729,-0.0298286345654703,0.215968891024682,0.192495062409511,0.69529946216214,0.0779012550673532,0.345,0.515
120,"correct","oracle",0.00598520334798386,1.01803975095079,-0.0183752982547482,0.17611757942445,0,0.813846428474995,0.734851877229008,NA,NA
120,"correct","none",0.0716337691194485,2.01712204448602,-0.177535523350548,0.225797643024291,0.188780946828496,0.70256134550593,0.000490702074573954,0.685,0.87
120,"correct","linear",0.0147849548700641,1.09484537535577,-0.0494621166913811,0.218953083664026,0.168921882361429,0.70256134550593,0.746081421646322,0.685,0.87
120,"correct","flexible",0.0256960720271204,1.06114346609449,-0.0574234507169207,0.219491546995216,0.169572547978103,0.70256134550593,0.957869270879886,0.685,0.87
120,"index","oracle",0.00722842207925857,0.986965494692383,-0.00701577554984587,0.210858401979723,0,0.705865056386873,0.105148240487463,NA,NA
120,"index","none",0.0213249109569223,1.22448086980805,0.0783170088493298,0.239281247693349,0.122638419920029,0.618869175326809,0.112013194894133,0.11,0.295
120,"index","linear",0.0236273319877305,1.17696901271102,0.100369691262624,0.239361567510212,0.123644114032323,0.618869175326809,0.142116431244442,0.11,0.295
120,"index","flexible",0.0268637694900908,0.901630093047502,0.0815224694566406,0.240882866349666,0.126950777618286,0.598919958772601,0.2794769515585,0.11,0.295
120,"offindex","oracle",0.00998486955364726,0.961768262447889,-0.00116281418080697,0.164804049573562,0,0.829537254593009,0.497364149404744,NA,NA
120,"offindex","none",0.0337357204950742,1.46989012373779,-0.155146434714229,0.223759691335894,0.209984424300814,0.666997900451819,0.0002700491987487,0.365,0.35
120,"offindex","linear",0.0218850236225877,1.12137508853606,-0.129379775654144,0.222597999454341,0.203057350655756,0.666997900451819,0.00787812628988177,0.365,0.35
120,"offindex","flexible",0.026282136516438,1.03427665048305,-0.105798975888169,0.22408526171218,0.205740520902877,0.66638932753348,0.011578318533565,0.365,0.35
121,"correct","oracle",0.00675259601737408,0.998819638044065,-0.0111472190788124,0.176635454703096,0,0.812740922994606,0.0109296774932923,NA,NA
121,"correct","none",0.0461522602103739,1.53054803866026,-0.0844862503874135,0.220847596157093,0.17626893508417,0.705561564261739,0.0216442103529386,0.755,0.09
121,"correct","linear",0.0202924778253916,0.894236549332311,0.061045184035919,0.21827367324141,0.160775571762046,0.705561564261739,0.839753409346241,0.755,0.09
121,"correct","flexible",0.0339343498818982,0.723702632286918,0.0570245429237605,0.220047966941751,0.165394684721448,0.705519202416457,0.181855107763993,0.755,0.09
121,"index","oracle",0.00946693701369168,0.975480028428023,0.015847637671955,0.210033146961526,0,0.713237131483009,0.520292245511431,NA,NA
121,"index","none",0.0234871129232766,1.36342411121681,-0.0395585739231813,0.235400744030901,0.120836109174489,0.639570783498496,0.0593133163749626,0.27,0.15
121,"index","linear",0.00983707956095981,1.06434839039641,-0.0168708142692304,0.234516298817029,0.123064971206826,0.639570783498496,0.148024842363959,0.27,0.15
121,"index","flexible",0.0216939593303957,0.951435061198405,-0.0198029173592238,0.235289004476085,0.121249385700948,0.639570783498496,0.133462059390297,0.27,0.15
121,"offindex","oracle",0.00940574273539671,0.973878926948909,-0.00167102336920161,0.163272094461091,0,0.833725200046101,0.452796757812365,NA,NA
121,"offindex","none",0.0587954075989218,1.82020216756554,-0.351611614753691,0.219598938958124,0.206160440969402,0.698775551155822,0.000150904896064505,0.8,0.98
121,"offindex","linear",0.019125753433464,1.15079381505924,-0.0838954000738208,0.215009051807227,0.192197052146665,0.698775551155822,0.380878361207372,0.8,0.98
121,"offindex","flexible",0.0348892145923633,1.10637259867327,-0.0641344301535237,0.216376818929931,0.193886948790745,0.698775551155822,0.138275824078881,0.8,0.98
122,"correct","oracle",0.00607793889963659,1.00403021122303,-0.0106240023065352,0.176896328806525,0,0.812107059710827,0.787447609630335,NA,NA
122,"correct","none",0.0675782865828997,1.98099515282182,-0.107146260588151,0.222746440690593,0.183771318133917,0.711058559525119,0.000161766791946922,0.82,0.375
122,"correct","linear",0.0164469981170598,1.01965632687267,0.0778448666744055,0.216157343171205,0.161606547015181,0.711058559525119,0.151737226216781,0.82,0.375
122,"correct","flexible",0.0217176248935712,0.998557108942658,0.0778388026584889,0.216488082777837,0.162093626804666,0.711058559525119,0.0689205476896132,0.82,0.375
122,"index","oracle",0.00710066351185563,0.984544753878363,0.000955308648787624,0.209011411194653,0,0.713920644481498,0.63694048350648,NA,NA
122,"index","none",0.0327783975631272,1.50700944432967,-0.0432689655475477,0.232799666348622,0.116398705544174,0.65578626068184,0.184750072147726,0.035,0.07
122,"index","linear",0.0103188885799422,0.991698032005039,0.0119049242815866,0.231005380372979,0.120215195134419,0.65578626068184,0.730322539808122,0.035,0.07
122,"index","flexible",0.0316761189115168,0.887437129187147,0.0076365998793093,0.232757588498506,0.124282754163688,0.64763097122978,0.220496894556734,0.035,0.07
122,"offindex","oracle",0.00640825891501402,0.987292709401203,0.0108422698235612,0.161824501325391,0,0.835898194026062,0.0519269652827148,NA,NA
122,"offindex","none",0.0753498154263668,2.06652596424861,-0.7046811928559,0.219778515888547,0.207172371794483,0.708654370853222,0.000982540286702169,0.09,0.025
122,"offindex","linear",0.0244455427195139,1.09754459143607,-0.146917954809751,0.211650812660832,0.187181914950443,0.708654370853222,0.987948576600511,0.09,0.025
122,"offindex","flexible",0.0223756818606267,1.09605009119137,-0.144888647383471,0.211676438882785,0.187222163218869,0.708654370853222,0.994865029765548,0.09,0.025
123,"correct","oracle",0.00598285697295446,1.02265125109852,0.0200373444845348,0.174531071392858,0,0.817204159349737,0.72840787357096,NA,NA
123,"correct","none",0.0676611782296525,1.85400041836039,-0.209524708287607,0.220410194916082,0.181367428991861,0.718173284238233,9.9400273782834e-05,0.84,0.94
123,"correct","linear",0.0219672680184292,0.965007995900582,-0.0998609043538281,0.21429573705115,0.160471888245098,0.718173284238233,0.697216756041713,0.84,0.94
123,"correct","flexible",0.0402982920900469,0.863951501161945,-0.100337520627708,0.216542723559947,0.165236471942285,0.718173284238233,0.0319953352634318,0.84,0.94
123,"index","oracle",0.00770501307277728,0.993097124650562,-0.0308842541395696,0.209104898314385,0,0.714219533985552,0.625757497087464,NA,NA
123,"index","none",0.0134325213507813,1.10918663020221,0.021940437106027,0.237711283812132,0.123786568354041,0.624663479346329,0.176412819352323,0.22,0.535
123,"index","linear",0.028613023014388,1.35278341791987,-0.0596854311242625,0.238472723372195,0.122328854154041,0.624663479346329,0.0192086630063871,0.22,0.535
123,"index","flexible",0.0377319559309054,1.2885995321713,-0.0566595765038017,0.238984653135601,0.121128285747659,0.624663479346329,0.040176898008131,0.22,0.535
123,"offindex","oracle",0.00447532196589399,0.996022888114183,-0.0181683966546374,0.161441806031427,0,0.837155035689006,0.0551999799529455,NA,NA
123,"offindex","none",0.0532429285014095,1.63917435433203,0.0211015974990091,0.220008116852552,0.207325713529984,0.692963067242853,0.0175885389335718,0.56,0.35
123,"offindex","linear",0.022004190049488,1.20102215783816,0.0313514800781023,0.216705453616733,0.196545340981311,0.692963067242853,0.556181861907992,0.56,0.35
123,"offindex","flexible",0.0366116371908016,1.08814030321179,0.0404591545674658,0.218677376875798,0.199255343425599,0.687895455923278,0.108245981860596,0.56,0.35
124,"correct","oracle",0.00600646179797321,0.987607100558241,-0.0149364392751371,0.17659119630607,0,0.812814457240986,0.263825157112885,NA,NA
124,"correct","none",0.0644147466189864,1.82756333360564,0.103958061510904,0.220057056306522,0.179919705626054,0.716913012225119,1.63027502433024e-05,0.235,0.14
124,"correct","linear",0.0279952833396195,0.823028297603926,0.00687544992113829,0.215089173053239,0.155745596854868,0.716913012225119,0.151586223965967,0.235,0.14
124,"correct","flexible",0.0453941086666714,0.516040507678818,-0.0239829261530932,0.221097684572971,0.169154439421053,0.694282076322406,0.000209513651573251,0.235,0.14
124,"index","oracle",0.00638395533916034,0.963060892245024,-0.00784057084387449,0.210108080417859,0,0.710325908424471,0.817657543553812,NA,NA
124,"index","none",0.0260352446214018,1.38844151007216,-0.0355964270265745,0.236767071569847,0.121863919943504,0.63392381543958,0.00237698159288787,0.09,0.005
124,"index","linear",0.0255457777469055,1.34935400756227,0.0870171073218361,0.236792317786927,0.123093707433303,0.63392381543958,0.00270371232271251,0.09,0.005
124,"index","flexible",0.0483456566394495,0.634820526871991,0.0419092479716162,0.243255068136767,0.139505933505827,0.58916631024608,0.0116042424526788,0.09,0.005
124,"offindex","oracle",0.00528767637450099,1.00520275175649,-0.00643657464768514,0.160549430161283,0,0.838663255773569,0.610608741390787,NA,NA
124,"offindex","none",0.066857248259906,1.87371393111833,-0.612697570267469,0.22381186376581,0.2129072277749,0.687607726762116,7.53954129760463e-07,0.815,0.77
124,"offindex","linear",0.023030581318812,1.12963301373045,-0.133079029248604,0.217805303691448,0.199393559928827,0.687607726762116,0.164083779804936,0.815,0.77
124,"offindex","flexible",0.0413778219513128,0.973451065604311,-0.0760323319806094,0.219973088644882,0.202081184502629,0.687610705501011,0.00104492179977729,0.815,0.77
125,"correct","oracle",0.00818809816204859,0.994782185687568,-0.0162295677292583,0.177233243639838,0,0.811504029490164,0.427552435870864,NA,NA
125,"correct","none",0.057294274499678,1.57362432681058,-0.227253310890186,0.219116570411436,0.172923429502776,0.716288325987183,0.000284217859681911,0.93,0.335
125,"correct","linear",0.0312159895080574,0.806865065633981,-0.0151536869004291,0.215482333698669,0.153057162788228,0.716288325987183,0.19919089557009,0.93,0.335
125,"correct","flexible",0.034590952680025,0.80799436237786,-0.0207916576820015,0.215799662659503,0.153989421196966,0.716288325987183,0.221884222100581,0.93,0.335
125,"index","oracle",0.00664988744862687,0.975390782836136,0.0200232249593344,0.210530597229468,0,0.708625347928888,0.791591399965833,NA,NA
125,"index","none",0.0365173299582834,1.64001917257082,-0.0667317555118506,0.236734581660238,0.118407336058972,0.637934433100384,0.00085429324346858,0.37,0.05
125,"index","linear",0.0225856645226023,0.864536688386545,0.0526140844011713,0.235225982020963,0.124983979308086,0.637934433100384,0.341779209378919,0.37,0.05
125,"index","flexible",0.0470980116666311,0.524064020316223,0.040250022786649,0.241023635886047,0.129636017076773,0.605263800360357,0.0128793375460877,0.37,0.05
125,"offindex","oracle",0.00609205888888624,0.978499218683412,0.0197281201665067,0.163511282485045,0,0.832232561176155,0.355013519156518,NA,NA
125,"offindex","none",0.0674354633581649,1.75412383148762,-0.594992924300763,0.222075439641882,0.206834294543367,0.689786326308656,0.000112044053883268,0.92,0.95
125,"offindex","linear",0.0488676456478461,1.10150301251894,0.208128601575713,0.218249103092621,0.196513867716563,0.689786326308656,0.0546841217940275,0.92,0.95
125,"offindex","flexible",0.0606363110164282,0.710834232571127,0.280091084288909,0.222806153338538,0.203813070528196,0.681055986618827,9.20376362090406e-07,0.92,0.95
126,"correct","oracle",0.00641670533146408,1.01664333185347,0.00947744472607874,0.175844200752946,0,0.814437963299417,0.886482564795131,NA,NA
126,"correct","none",0.0599242020162116,1.76326903126761,-0.159727110833354,0.222516159908533,0.180838758554925,0.707384143664573,1.45442012418654e-06,0.35,0.215
126,"correct","linear",0.0164280829268494,1.13007293970984,-0.0591107070927086,0.217615469784764,0.164705694294849,0.707384143664573,0.134808712635971,0.35,0.215
126,"correct","flexible",0.0376947990206504,1.0053911713389,-0.059299937953601,0.219138521321008,0.167492235903705,0.707384143664573,0.0118144143691766,0.35,0.215
126,"index","oracle",0.00739264207235597,0.970642364831977,0.00989910913999817,0.21013917250689,0,0.709505083127559,0.392727026151829,NA,NA
126,"index","none",0.0491109659002101,1.60945460500228,0.228031837536488,0.237083946159178,0.121185856878792,0.641885462296382,0.000112790428107547,0.025,0.07
126,"index","linear",0.0306257588850333,1.25064322073029,-0.138519379120432,0.235022201470428,0.119957002739821,0.641885462296382,0.641997146113165,0.025,0.07
126,"index","flexible",0.032850763005988,1.10923736678174,-0.124357215259315,0.235904235451818,0.120818961472591,0.640588874860592,0.292683482975875,0.025,0.07
126,"offindex","oracle",0.00607328781702275,0.991595354054602,0.0108413336968379,0.16238866536028,0,0.835040249128347,0.0165341855056304,NA,NA
126,"offindex","none",0.0659499169069342,1.90466818759576,-0.0611454417609261,0.218920592396186,0.205764432588015,0.701340225057097,0.000757762231705185,0.29,0.785
126,"offindex","linear",0.0184139678628437,1.15735554169497,0.015532107100599,0.213348044127714,0.187787413788254,0.701340225057097,0.547466292738417,0.29,0.785
126,"offindex","flexible",0.0185142487913282,1.14542255980865,0.0178110827071083,0.213389219318449,0.187893526201374,0.701340225057097,0.462486269252743,0.29,0.785
127,"correct","oracle",0.0114073629480489,0.993603580297557,0.00121236843276269,0.177545940765047,0,0.810784390618208,0.751364170925898,NA,NA
127,"correct","none",0.0717077901750756,1.98294607624187,0.108197962242833,0.223166175819433,0.184826375604801,0.710971492982184,3.13002375006289e-05,0.77,0.74
127,"correct","linear",0.0230948971222126,0.912771258157784,-0.0976345831114338,0.216930688925177,0.162451555585462,0.710971492982184,0.0260894571486218,0.77,0.74
127,"correct","flexible",0.0268974268780374,0.880880644447989,-0.0957478517010159,0.21737526740968,0.16364252912367,0.710971492982184,0.012510384091053,0.77,0.74
127,"index","oracle",0.00924153240117473,0.980872452837353,0.00400930129659279,0.210049319955057,0,0.7124808164624,0.275748676654562,NA,NA
127,"index","none",0.016416714787088,1.18365089088551,0.00558419847275863,0.236942097482787,0.122659670968504,0.629976074753106,0.464247129119831,0.135,0.635
127,"index","linear",0.0797208905898359,1.13097827542341,-0.380309810506306,0.243283733784233,0.143477017339061,0.629976074753106,2.80020562507792e-10,0.135,0.635
127,"index","flexible",0.08019764648754,1.0445465083757,-0.355527996441119,0.243884068786349,0.145779784526863,0.629768564346386,4.45107361432365e-11,0.135,0.635
127,"offindex","oracle",0.00687355624733734,1.02725500590759,-0.0118032215646239,0.159107096388428,0,0.841520443415995,0.847135853524993,NA,NA
127,"offindex","none",0.0468975624469574,1.5943410354783,-0.110461114002797,0.218093497112311,0.204803293198833,0.695359316769523,0.361918250917798,0.89,0.695
127,"offindex","linear",0.0329835791468613,1.26916204802866,-0.199470543184992,0.216495468622337,0.197598552526318,0.695359316769523,0.383752112819532,0.89,0.695
127,"offindex","flexible",0.0387835110075785,0.988017217672611,-0.117672025216453,0.219828790316223,0.200967022344917,0.684974707243669,0.00409203210052467,0.89,0.695
128,"correct","oracle",0.00722308924456176,0.998820645100927,0.00391803229766782,0.177152598573171,0,0.81159335809728,0.643852511369115,NA,NA
128,"correct","none",0.0470743331908454,1.55886886910962,0.0601201816627849,0.224165684108918,0.186446609551685,0.693657152886507,0.000279283682685336,0.285,0.725
128,"correct","linear",0.0127218577198582,1.06615333870571,0.0198958174819446,0.221315908253285,0.176515186978778,0.693657152886507,0.320028359797406,0.285,0.725
128,"correct","flexible",0.0245437473825344,0.875939885959375,0.0201297721349599,0.224825352991227,0.180994378019277,0.683575720187659,0.899958883697406,0.285,0.725
128,"index","oracle",0.00883605389092967,1.02298798763711,-0.00462131257279904,0.208272925548067,0,0.717871661516698,0.934941628358442,NA,NA
128,"index","none",0.0475547932191282,1.56289102035087,-0.233187840655347,0.235040972627915,0.118914055855838,0.651800192998697,0.424643760068549,0.615,0.6
128,"index","linear",0.0134500678513252,1.00518074505774,-0.0582112142402202,0.231937176857441,0.117968815426512,0.651800192998697,0.623866047828893,0.615,0.6
128,"index","flexible",0.017577181010743,0.985769148173377,-0.0561568328506337,0.232095520874237,0.117455689285012,0.651800192998697,0.403710791033227,0.615,0.6
128,"offindex","oracle",0.00514355277069383,1.01819041648695,0.00596695610789557,0.160438874557623,0,0.839217878548475,0.822907757418033,NA,NA
128,"offindex","none",0.0584761087597809,1.6425884159074,-0.37167821739255,0.218018771576602,0.201112612880621,0.699987761775928,0.0266892417332433,0.8,0.87
128,"offindex","linear",0.0179443388251038,0.869795943380025,0.0377620090240853,0.214293921495477,0.184976160364425,0.699987761775928,0.60681831517704,0.8,0.87
128,"offindex","flexible",0.0231667030157606,0.850641526300019,0.0444645048433204,0.214529667489206,0.185073489315298,0.699987761775928,0.611235843714403,0.8,0.87
129,"correct","oracle",0.0111362422550865,1.00723611763192,0.0376590371618767,0.176393032357887,0,0.813354331181129,0.370010450212457,NA,NA
129,"correct","none",0.0629561596929035,1.7864186070393,0.197299250508867,0.224032745561434,0.185119299457554,0.702903228306592,3.08317976758175e-05,0.03,0.025
129,"correct","linear",0.0389889884402618,0.770587128534983,-0.0563283292233454,0.220284590350304,0.165619332971994,0.702903228306592,0.0244968863300038,0.03,0.025
129,"correct","flexible",0.0404407015427009,0.726098914290677,-0.06167794210049,0.220446462911864,0.167033695753743,0.702903228306592,0.000312250288139904,0.03,0.025
129,"index","oracle",0.00761449757647651,0.94892554911595,0.00868461788570112,0.211908041662084,0,0.70741528745027,0.569111845710776,NA,NA
129,"index","none",0.0113920542023731,1.16317843731755,-0.0222053047202914,0.238220539932527,0.124056859354843,0.622684737114557,0.509420864180411,0.62,0.96
129,"index","linear",0.0191460071987576,0.912337686746005,-0.0731569536809413,0.23848511260895,0.129006999310107,0.622684737114557,0.401565354074858,0.62,0.96
129,"index","flexible",0.0217330123133287,0.882261647706882,-0.0689157968658479,0.238728509428665,0.126541653213019,0.622684737114557,0.125936152652111,0.62,0.96
129,"offindex","oracle",0.00718120057764733,0.997748824245988,-0.0232490466342161,0.162191207845593,0,0.83567916911239,0.0981212798453453,NA,NA
129,"offindex","none",0.0636939073802803,2.09364374227339,-0.237432936590351,0.223707822808296,0.213777545198625,0.685657586734487,8.90878653721325e-05,0.515,0.835
129,"offindex","linear",0.0271443766041774,0.837032168013333,0.137406039380703,0.218993341474773,0.192467244501574,0.685657586734487,0.0110837965991512,0.515,0.835
129,"offindex","flexible",0.0339267298778217,0.809341188687251,0.136851697726885,0.219696917126387,0.193652197411958,0.685657586734487,0.0492407668076473,0.515,0.835
130,"correct","oracle",0.00583989405089149,1.00680540466194,-0.00705043642370788,0.176820586605937,0,0.812346758430806,0.463447543816804,NA,NA
130,"correct","none",0.0598338684383416,1.71661326060429,0.0195797001688791,0.222139338655764,0.181014706827569,0.706897248627826,0.0037036794255127,0.51,0.005
130,"correct","linear",0.0164228518321676,1.0314765920964,-0.0751810597763735,0.217926950406734,0.165438248364992,0.706897248627826,0.262573825451052,0.51,0.005
130,"correct","flexible",0.025767035509849,1.00986866516087,-0.0705907916918392,0.218404117307385,0.165981585577229,0.706897248627826,0.15447155502669,0.51,0.005
130,"index","oracle",0.00819725125709137,0.995825345491638,0.00386855452356823,0.209364229799906,0,0.714378523683605,0.936841591415262,NA,NA
130,"index","none",0.0307868650693123,1.51574891679445,0.0545667298064528,0.234726935461071,0.115995803680367,0.645389075492406,0.00117866926195873,0.17,0.21
130,"index","linear",0.0358065275645411,0.794571211945481,-0.0954296915808187,0.234782680881494,0.127483591024767,0.645389075492406,0.215275708213964,0.17,0.21
130,"index","flexible",0.042113557439536,0.757528333635867,-0.076668250981877,0.234792550451811,0.125436615270507,0.645389075492406,0.122457442165112,0.17,0.21
130,"offindex","oracle",0.00578353796658903,0.992011895049901,-0.0191882626724205,0.162307726281765,0,0.835172757873012,0.555781749266993,NA,NA
130,"offindex","none",0.0525103668031884,1.68165989043462,-0.274557463326857,0.217498627775637,0.20074756665495,0.700462908750893,0.000590377692803241,0.09,0.34
130,"offindex","linear",0.0260860523540836,0.826073229695794,0.0183973393189308,0.214429601162546,0.184015923572491,0.700462908750893,0.368367896702332,0.09,0.34
130,"offindex","flexible",0.0292952040780624,0.819032773995381,0.0132658218078802,0.214828162096557,0.185002041126946,0.700462908750893,0.533203005179739,0.09,0.34
131,"correct","oracle",0.010652645256648,1.0148200107424,-0.00302800602367437,0.17479980857166,0,0.816675206700827,0.916391960061627,NA,NA
131,"correct","none",0.0754932745346742,1.90669787370407,-0.233297000591264,0.220483493871043,0.181768758431166,0.721193544774179,1.0475166008246e-05,0.75,0.105
131,"correct","linear",0.0273617543163758,0.819444571570201,0.00521777856631608,0.213842028474673,0.157298347763427,0.721193544774179,0.518716528326847,0.75,0.105
131,"correct","flexible",0.0358653148138819,0.755756376860583,0.00668713133515916,0.214791354930056,0.160859346260488,0.721193544774179,0.122777073627095,0.75,0.105
131,"index","oracle",0.00610095375263324,1.00537416105467,0.00678444253074283,0.208931657986259,0,0.714716278588651,0.45799712514646,NA,NA
131,"index","none",0.0205872634735258,1.29510322676722,0.0601722928368935,0.236002641561462,0.122165970005703,0.635715435428617,0.111065167748393,0.58,0.49
131,"index","linear",0.0331906132324259,0.756411026247927,-0.00773352422380564,0.236521092331941,0.133415051564975,0.635715435428617,0.900228888081551,0.58,0.49
131,"index","flexible",0.0298564244194481,0.671114662451492,0.00824335886069273,0.237104958477173,0.130637121659875,0.635715435428617,0.127922096690367,0.58,0.49
131,"offindex","oracle",0.00740444978320105,1.02207597526192,-0.0115745395166242,0.159372411757077,0,0.840850434487308,0.276566354742853,NA,NA
131,"offindex","none",0.058890480731694,1.74182331869461,-0.297159244508878,0.215482028269575,0.199387790192419,0.710647834562165,5.01979860049113e-05,0.49,0.675
131,"offindex","linear",0.0109159522949392,0.978661971255777,0.0375775233792646,0.210875518447583,0.182739726239959,0.710647834562165,0.317109772909184,0.49,0.675
131,"offindex","flexible",0.0284058507192353,0.878498454444501,0.0628230533735904,0.211806984749362,0.184988060612483,0.710647834562165,0.0228584128672888,0.49,0.675
132,"correct","oracle",0.00709658021179885,1.00084051821831,-0.039502951241546,0.176979376133074,0,0.81202016870321,0.073697881804965,NA,NA
132,"correct","none",0.0615244729809934,1.70077617726604,-0.111958055050659,0.219472373122294,0.17602007574509,0.716248775559612,4.49917773500547e-05,0.185,0.065
132,"correct","linear",0.0201827449233666,1.10709335830364,-0.0563194341208144,0.214845329540078,0.160715197494425,0.716248775559612,0.134452835576842,0.185,0.065
132,"correct","flexible",0.0191576572543679,1.08397483336255,-0.0525214939665263,0.215207475548477,0.162252101923429,0.716248775559612,0.0520658977538217,0.185,0.065
132,"index","oracle",0.00865810967842031,1.00774115259299,-0.0254384487740834,0.209113342033823,0,0.715245432570027,0.616594442128136,NA,NA
132,"index","none",0.0321601633982706,1.58852403436813,0.115622557475714,0.241278853239032,0.12845703537873,0.613967834725347,0.454503250045601,0.06,0.56
132,"index","linear",0.0352144104206346,0.942567960460923,-0.140756637396864,0.241045449445786,0.134196781566945,0.613967834725347,0.413017078050125,0.06,0.56
132,"index","flexible",0.0359861677639602,0.887823877839462,-0.137471394321302,0.24153470015567,0.134977935106386,0.613911623864847,0.191567302131384,0.06,0.56
132,"offindex","oracle",0.00632026660132492,1.02118918507662,0.00166572356581571,0.159176621014323,0,0.841879002951202,0.0701521833891757,NA,NA
132,"offindex","none",0.056280299014085,1.68802568792599,0.0183840104984516,0.220792713984011,0.210159365417145,0.690811644870942,0.0156931795733426,0.455,0.365
132,"offindex","linear",0.034253710071108,0.882317736479874,0.170395765140213,0.217798712993209,0.19315680296408,0.690811644870942,0.975365704732141,0.455,0.365
132,"offindex","flexible",0.0464063566023302,0.856626740128134,0.162858747322053,0.219288681613953,0.195470184281305,0.690606742697574,0.668468479982673,0.455,0.365
133,"correct","oracle",0.00686430322531748,1.00024724408449,0.00839812620108979,0.17783831455287,0,0.810168571387171,0.848194946075833,NA,NA
133,"correct","none",0.0798103181941983,2.1650609384694,-0.0975033270773221,0.222829040429718,0.183237242082462,0.716644451102464,3.30045306939648e-11,0.99,0.515
133,"correct","linear",0.0308443331807202,0.878357922397777,0.123730879471349,0.215536684431097,0.155039934552094,0.716644451102464,0.64179953210152,0.99,0.515
133,"correct","flexible",0.0311448376719542,0.849951699108569,0.121509817702438,0.21642115852069,0.156543781497949,0.716361560284909,0.677449967441328,0.99,0.515
133,"index","oracle",0.0070227782299137,1.02754051538936,0.014313554042268,0.20899687433594,0,0.712735669806086,0.735393100348266,NA,NA
133,"index","none",0.0580006482187384,1.43729403609132,-0.335849320669842,0.240676211923478,0.130937748938643,0.630997393582467,6.76916678975808e-06,0.495,0.59
133,"index","linear",0.0330716494521624,0.789497538659859,0.0715213298009763,0.237616811054772,0.127503235239795,0.630997393582467,0.439635949631019,0.495,0.59
133,"index","flexible",0.0333346160112253,0.719511564038152,0.0805096655502962,0.238488360558556,0.127513898628712,0.630997393582467,0.20127195231083,0.495,0.59
133,"offindex","oracle",0.00577493619764627,0.988208341809791,0.00316497071149477,0.163808798596234,0,0.832903300137536,0.912619865599381,NA,NA
133,"offindex","none",0.059340014431293,1.92130500862069,-0.338042152236509,0.221155275528494,0.206641802056357,0.692576794213829,9.43269489383935e-08,0.095,0.075
133,"offindex","linear",0.0554572657623888,0.861503293932018,0.267292410601112,0.219755435029331,0.190883669673951,0.692576794213829,0.0139058639197404,0.095,0.075
133,"offindex","flexible",0.0544159705233403,0.744034915674496,0.268573344437075,0.220387503337192,0.192749009330949,0.692576794213829,0.00156363562382094,0.095,0.075
134,"correct","oracle",0.00566100272909905,0.997445726179463,0.0163810576380681,0.176563169497707,0,0.812914296228666,0.312322965460129,NA,NA
134,"correct","none",0.0614417190238173,1.77858340201663,-0.0180763439226638,0.220431626054962,0.181294464766151,0.713539871858847,1.46850811965955e-05,0.58,0.705
134,"correct","linear",0.0394589339415976,1.27582486959586,0.183647066670175,0.217456633290187,0.171083305333715,0.713539871858847,0.0465936262816295,0.58,0.705
134,"correct","flexible",0.0339649820244253,1.10203561656583,0.145082142872696,0.219684565424809,0.174554769207096,0.701681045129406,0.187328648457339,0.58,0.705
134,"index","oracle",0.00702757122690297,0.986091988744982,0.0125733957912014,0.210163812650039,0,0.709865108394604,0.628789880944184,NA,NA
134,"index","none",0.0213129824953068,1.25034144601707,0.0769451304538545,0.23579860933579,0.119120883236209,0.636769575470783,0.00902702336531641,0.02,0.16
134,"index","linear",0.0160868108234473,0.967611181457893,-0.0660221310905442,0.235406015105001,0.122845685116546,0.636769575470783,0.125331998758783,0.02,0.16
134,"index","flexible",0.0249318591329664,0.928489020179588,-0.05893371826612,0.23607808737266,0.124714203371543,0.635208455408338,0.00777687839722911,0.02,0.16
134,"offindex","oracle",0.00963879482257659,0.987171961247143,-0.00972546454772582,0.163376428386749,0,0.834708862296332,0.800200816760205,NA,NA
134,"offindex","none",0.0460892584719326,1.50736272126817,0.0550332775546576,0.218681120673199,0.203258886329416,0.695887792961861,0.000751812689289972,0.665,0.555
134,"offindex","linear",0.023201998235573,0.993796770045172,-0.102905900820902,0.216038344860601,0.189796377911389,0.695887792961861,0.743154775428137,0.665,0.555
134,"offindex","flexible",0.0378388501094886,0.956493719106662,-0.0789570000297357,0.217261383125951,0.191787188326149,0.695887792961861,0.510788581958993,0.665,0.555
135,"correct","oracle",0.00576931830104367,0.989551989648248,0.00547989566133273,0.177208613827157,0,0.811582898679374,0.669111496683452,NA,NA
135,"correct","none",0.0518154820288274,1.6550200859363,0.0401235645474445,0.221681904753471,0.179557722265477,0.705295155625024,0.00273173550377324,0.065,0.095
135,"correct","linear",0.03783066782673,0.771549018488454,0.0600355844408576,0.219672055896981,0.161048526589851,0.705295155625024,0.000368405830228207,0.065,0.095
135,"correct","flexible",0.0465624466012256,0.703532395755728,0.0395420276426598,0.220486106977204,0.164313135953642,0.705295155625024,1.46979222143509e-07,0.065,0.095
135,"index","oracle",0.00819904395592026,0.993824807425003,0.00213528023867001,0.20921682686039,0,0.714717024324532,0.457779949808001,NA,NA
135,"index","none",0.0298787631685084,1.4431610720934,0.0527786109149714,0.233946068476119,0.115526134452973,0.648332418349918,0.000789019639211902,0.725,0.53
135,"index","linear",0.0124601126818731,0.969050762222912,0.00937947859069609,0.232586060304337,0.119053248745589,0.648332418349918,0.413220460435356,0.725,0.53
135,"index","flexible",0.0174082056707175,0.89026608195453,0.0214538652062888,0.23290225190446,0.116351852165616,0.648332418349918,0.233901677926636,0.725,0.53
135,"offindex","oracle",0.00639054422559209,0.974541577099388,0.0125067293158699,0.163129638072707,0,0.833421596660515,0.412798328175416,NA,NA
135,"offindex","none",0.0407520793349424,1.5304287009223,-0.214968632669325,0.218399149501965,0.202792343354539,0.690727263077335,0.0234184449532466,0.285,0.645
135,"offindex","linear",0.0136490313011003,0.951232600022398,0.0115919057894877,0.216010219947545,0.190559179897464,0.690727263077335,0.751551425357364,0.285,0.645
135,"offindex","flexible",0.0202660810577542,0.937833492517941,0.0178114699162466,0.216306769193934,0.190894488533409,0.690727263077335,0.669836012548453,0.285,0.645
136,"correct","oracle",0.00628159738184842,1.00648528802343,0.00279145051544216,0.175942952364834,0,0.814207393598218,0.347351821722967,NA,NA
136,"correct","none",0.0739793258102469,2.00846993229012,0.0293121834787426,0.221889347712969,0.183015600488004,0.71544511481178,0.00463870372793005,0.33,0.79
136,"correct","linear",0.0243805859636601,1.04629730873361,0.116849057657528,0.215378892504361,0.161437727134392,0.71544511481178,0.181915329124907,0.33,0.79
136,"correct","flexible",0.0265702409713495,1.04353373361253,0.117650365650339,0.215443942874519,0.161565078196264,0.71544511481178,0.148754152163323,0.33,0.79
136,"index","oracle",0.00735246719473594,0.987079007101825,-0.0163096214205925,0.210934498757654,0,0.707672876223544,0.491133514223274,NA,NA
136,"index","none",0.0474875895797222,1.30457440004709,0.236122291991974,0.23596448851452,0.121552194650254,0.643181384529843,0.0678220880241005,0.465,0.645
136,"index","linear",0.0280121210721303,1.20538806454898,-0.110417196334931,0.234248328706493,0.115989534024544,0.643181384529843,0.584850514620366,0.465,0.645
136,"index","flexible",0.0312338250121197,0.983820594667877,-0.0903994120207765,0.236091577484501,0.113880202734406,0.623544017584633,0.374101989420447,0.465,0.645
136,"offindex","oracle",0.00569917983126516,1.00021018596135,-0.0241392529148573,0.162295249211046,0,0.835919198220372,0.557244510108672,NA,NA
136,"offindex","none",0.0323767017220405,1.3446364974246,-0.17350785506629,0.218644371276573,0.198532626904203,0.688724665161683,0.606286726246086,0.315,0.43
136,"offindex","linear",0.0381626286541002,1.09826852139871,-0.215200789296424,0.218828599891769,0.194083011740557,0.688724665161683,0.793091712410177,0.315,0.43
136,"offindex","flexible",0.0426501723322836,1.06584346295032,-0.200123485276212,0.219048290779524,0.194145408091849,0.688724665161683,0.764664133944761,0.315,0.43
137,"correct","oracle",0.00718873225495899,0.992877339050528,0.0399286971720468,0.177526046846451,0,0.810893061727004,0.276415567778864,NA,NA
137,"correct","none",0.0745071308530401,2.14224343342422,-0.109343902033665,0.224618080184656,0.188367952394633,0.708981924968712,1.54292483288325e-09,0.155,0.445
137,"correct","linear",0.00747202014688313,0.962889997160385,0.000879762250813917,0.216722857523049,0.162671811476544,0.708981924968712,0.20519245740568,0.155,0.445
137,"correct","flexible",0.0338694567062452,0.829916582336811,0.0162414543217635,0.218773922075793,0.167576209473423,0.706433413882699,0.138309845776757,0.155,0.445
137,"index","oracle",0.0076636838085643,0.986193410129119,0.0122639460684618,0.210314346567919,0,0.708693930463821,0.227303375082011,NA,NA
137,"index","none",0.0319269987550323,1.43721545368494,0.104878907258558,0.239280971772512,0.124173657395979,0.623801974698429,0.507041623147121,0.335,0.515
137,"index","linear",0.0367832854494649,0.771583446226395,0.108190043454082,0.2398037594411,0.135252387171239,0.623801974698429,0.00319215832241453,0.335,0.515
137,"index","flexible",0.0362809124185334,0.743997086303958,0.110759745771459,0.240528727201623,0.135978884560466,0.623801974698429,0.0001017651435865,0.335,0.515
137,"offindex","oracle",0.00759749171825614,0.989458988459033,-0.0113137804282688,0.162300476106467,0,0.835292141282434,0.353949623150576,NA,NA
137,"offindex","none",0.0573544428682216,1.90274848612809,-0.359394660460498,0.222172372998327,0.209653318552934,0.687285430915443,0.0438490125281635,0.455,0.635
137,"offindex","linear",0.00748613055731021,1.01605960070748,0.020113058238687,0.217179319048375,0.192339985980111,0.687285430915443,0.198090211324227,0.455,0.635
137,"offindex","flexible",0.0107010531238686,1.00678036212626,0.0230559369685807,0.217278221316284,0.192421586853352,0.687285430915443,0.287504095442897,0.455,0.635
138,"correct","oracle",0.00959815086866249,0.992363085543527,0.0341559713833798,0.177522141615102,0,0.810825414007577,0.520614721756527,NA,NA
138,"correct","none",0.0504026107855512,1.57167649167213,0.0552174204637684,0.222818381268612,0.183210745493658,0.699908399604225,0.00120997397818509,0.805,0.405
138,"correct","linear",0.0380355833809576,1.28111545104346,-0.171777480172118,0.221495358121559,0.178862351983812,0.699908399604225,0.000836051158812201,0.805,0.405
138,"correct","flexible",0.0453647749065852,1.02214341131498,-0.123744198395324,0.224289832504775,0.183262018307775,0.690062357499657,0.000876098719355987,0.805,0.405
138,"index","oracle",0.0102605118268843,1.01871386004089,0.0206920482429499,0.209410447328285,0,0.712984836262384,0.760953824057435,NA,NA
138,"index","none",0.0221566272042156,1.12858383115735,-0.0901651095732473,0.23793784638975,0.125751559173578,0.624609176194288,0.505836135520335,0.055,0.25
138,"index","linear",0.0515493282618971,0.669967786878922,0.11744671857377,0.241154232091299,0.13989897011346,0.624609176194288,0.017746789694273,0.055,0.25
138,"index","flexible",0.0471786414871389,0.535596941672706,0.10297235034739,0.242300591748125,0.132265430981242,0.620952818926408,3.57213736810511e-05,0.055,0.25
138,"offindex","oracle",0.0075788231518085,0.998709576929241,-0.00181566716857384,0.162246862978002,0,0.834728548438476,0.226016425003197,NA,NA
138,"offindex","none",0.0315550224892429,1.43220170298917,-0.145337415344667,0.226168828491933,0.214393327666175,0.652458991639052,0.096633786502714,0.845,0.235
138,"offindex","linear",0.0160811473052402,0.877989773965826,0.0467353741443883,0.225126947164126,0.20569431485311,0.652458991639052,0.300142855792794,0.845,0.235
138,"offindex","flexible",0.0259632527453062,0.789983971627589,0.0822681551711258,0.226522787888317,0.208462403707437,0.649568424492903,0.0415292718547833,0.845,0.235
139,"correct","oracle",0.00992236392542472,1.0154133688364,0.00958623882349698,0.174972096697803,0,0.816257468341815,0.0818609709370173,NA,NA
139,"correct","none",0.0569262229883297,1.61020966953916,0.103178331748332,0.217964464568127,0.176372651064113,0.717735622832304,3.15361641226521e-07,0.31,0.67
139,"correct","linear",0.0114909499683527,1.00279155033163,-0.0536616813617529,0.214011827008719,0.16228878241915,0.717735622832304,0.131540929669965,0.31,0.67
139,"correct","flexible",0.035080558774148,0.928680263056123,-0.0381946220467524,0.215700782592105,0.165497883769993,0.717735622832304,0.211599052777398,0.31,0.67
139,"index","oracle",0.0103081689576814,0.985155284474675,0.0103011699788517,0.20943946911165,0,0.711918046269642,0.560392508838272,NA,NA
139,"index","none",0.0403314313513529,1.63590620953545,0.131580732715358,0.235051685540927,0.117009329667012,0.647928452739521,0.18269035860745,0.58,0.89
139,"index","linear",0.0154876146752519,1.15035157457367,0.035524903442219,0.232689031227371,0.116774252240758,0.647928452739521,0.557294286767959,0.58,0.89
139,"index","flexible",0.0240789401129186,1.07886738333433,0.0266460465649161,0.233260494325842,0.115899866542882,0.647928452739521,0.0678618929675192,0.58,0.89
139,"offindex","oracle",0.00620390416707317,0.993794468302699,0.00623594114468322,0.161532026642529,0,0.836650455533612,0.468767146594064,NA,NA
139,"offindex","none",0.0471136622230179,1.53436671024595,0.00805589665828119,0.220773759688835,0.209435140513244,0.684426467027607,0.00300101635680043,0.15,0.83
139,"offindex","linear",0.0195520499998998,0.975173967933827,0.0953619046741581,0.218199503247853,0.196974756569997,0.684426467027607,0.19226967243674,0.15,0.83
139,"offindex","flexible",0.0379142333695037,0.851245872013999,0.131318534574822,0.220042272602931,0.200510632868528,0.684426467027607,0.000400264884431442,0.15,0.83
140,"correct","oracle",0.00819173056376446,0.999851113931991,-0.0281460874419673,0.176587110285665,0,0.812840239053787,0.811821039082332,NA,NA
140,"correct","none",0.0650683063708249,1.62292918559695,-0.32395704112585,0.224659490380768,0.185271898055709,0.703460228551424,0.000209779700994159,0.295,0.61
140,"correct","linear",0.0219743189197592,1.10115639143692,-0.0989552135025907,0.21907962717582,0.170340414973048,0.703460228551424,0.269315957699142,0.295,0.61
140,"correct","flexible",0.0285821217225785,1.08984764090297,-0.112793530067249,0.220247214298071,0.173302379869873,0.702269280588132,0.0789002110355465,0.295,0.61
140,"index","oracle",0.00642128651590231,1.00917589849512,0.00685351260347003,0.20965199404509,0,0.7121234490586,0.21781335346951,NA,NA
140,"index","none",0.0440993177764809,1.90343121705292,-0.0572027003705218,0.237426246241456,0.117562889528387,0.641058041983057,0.165415489146517,0.16,0.12
140,"index","linear",0.0436374733462814,0.748902032359398,0.0954582722679145,0.236396487430287,0.131116436611479,0.641058041983057,0.0730513179887747,0.16,0.12
140,"index","flexible",0.0388970350228359,0.660413833449817,0.0827479334638734,0.236810009387794,0.12364928295032,0.641058041983057,0.00145260153465391,0.16,0.12
140,"offindex","oracle",0.00527752505728218,0.985218689317037,0.00380921555766306,0.162624052827772,0,0.834109069682271,0.0255136925782669,NA,NA
140,"offindex","none",0.0574951510491494,1.66560095531747,-0.458569050486229,0.222541263391411,0.208891857599346,0.683919654505213,3.01819053874213e-05,0.505,0.135
140,"offindex","linear",0.017131421121195,0.851164137974654,0.059781059509242,0.218491417160083,0.193801862222958,0.683919654505213,0.150471510036199,0.505,0.135
140,"offindex","flexible",0.0195144477766782,0.840165388099974,0.0636264788554304,0.218556752430142,0.194020861812475,0.683919654505213,0.168591427056555,0.505,0.135
141,"correct","oracle",0.00613331664452086,0.994765017459443,-0.00165764399156095,0.177069388731877,0,0.811810181147955,0.963453133370349,NA,NA
141,"correct","none",0.0618320898666015,1.6514835019917,0.253788418373746,0.223114858537619,0.182561509189586,0.706397744539579,0.00667661229824572,0.905,0.095
141,"correct","linear",0.0219475624941256,1.11111636374456,-0.0830973640301411,0.218324183717961,0.167578478428697,0.706397744539579,0.572044249902415,0.905,0.095
141,"correct","flexible",0.0432211114119056,1.03438887421268,-0.0811502853629863,0.220427070242319,0.171164116445725,0.706397744539579,0.397739547102211,0.905,0.095
141,"index","oracle",0.0077449990508417,1.00315015501849,0.014821114427226,0.208745468617598,0,0.716872767767291,0.100859000897058,NA,NA
141,"index","none",0.0396676756833577,1.72428551149523,-0.0603149757918975,0.233474569259845,0.112688416336285,0.654873812361566,0.000327305283651607,0.675,0.705
141,"index","linear",0.0203711156536372,1.2671207255207,-0.0108526158513611,0.231230892638522,0.112293657067406,0.654873812361566,0.085202191218318,0.675,0.705
141,"index","flexible",0.027573751660506,1.17218168952401,-0.0235717926371332,0.232120121338025,0.116129235166494,0.654873812361566,0.0141153235318076,0.675,0.705
141,"offindex","oracle",0.00941816669225466,0.987175229532992,0.0259671046433535,0.161812763203191,0,0.835298286104257,0.993692242432005,NA,NA
141,"offindex","none",0.0467256562903848,1.54801990922299,-0.311858180841925,0.216929717578493,0.201018899004389,0.696791646897898,0.00225561512123245,0.25,0.075
141,"offindex","linear",0.0461247386128196,1.12961027538468,0.191658206890406,0.216018408556451,0.19533213087648,0.696791646897898,0.000451096064785998,0.25,0.075
141,"offindex","flexible",0.0539196372451251,0.88444623488063,0.243928206704957,0.21900255372473,0.200485715000275,0.6875896866061,0.00205412917411991,0.25,0.075
142,"correct","oracle",0.00864592882219309,0.985967078263018,-0.00467483941423439,0.178363193521124,0,0.808992115624547,0.156788886584243,NA,NA
142,"correct","none",0.061593128707433,1.7536742771288,0.081854629080636,0.220864742294901,0.179875722118347,0.712037355593217,4.79975205948639e-05,0.42,0.66
142,"correct","linear",0.0120807883313833,0.924891490213272,0.0300685441572246,0.216013882560918,0.161097170428609,0.712037355593217,0.0659613740009379,0.42,0.66
142,"correct","flexible",0.0382141012110804,0.855761280786407,0.0237438045688926,0.217843338341422,0.164265478024997,0.712037355593217,0.00920822715762264,0.42,0.66
142,"index","oracle",0.0103052552334046,0.983411030984619,0.0176150220332624,0.208670401235965,0,0.716869097436044,0.0506540706353569,NA,NA
142,"index","none",0.0202404390945304,1.22191664582799,-0.0425685226705502,0.234495361140047,0.120506057572852,0.641156924412428,0.0308138082495904,0.455,0.36
142,"index","linear",0.0555746320077398,0.672854975559837,0.136488440605024,0.238537238990123,0.138141679418139,0.641156924412428,8.87614991054713e-05,0.455,0.36
142,"index","flexible",0.0551160104336152,0.620403315916679,0.123887221404774,0.240352028994375,0.139205984016537,0.639384624462358,2.76666200379255e-05,0.455,0.36
142,"offindex","oracle",0.0058951295453746,0.993459234599817,-0.0312452187420421,0.161103156513608,0,0.837911879610548,0.329037692529476,NA,NA
142,"offindex","none",0.0492929377399429,1.62866545818334,-0.327251466372113,0.220656188287089,0.207088648792975,0.689655601730694,0.0113812504923357,0.615,0.72
142,"offindex","linear",0.0156962576727576,0.900699168982339,0.0670123959286412,0.217374304312648,0.193594529206459,0.689655601730694,0.186598737348659,0.615,0.72
142,"offindex","flexible",0.0329368664671351,0.868076272311584,0.0820576613183669,0.218451431523399,0.194755086270174,0.689655601730694,0.014400315416436,0.615,0.72
143,"correct","oracle",0.00537905018312127,0.98835830503638,-0.0135669539377398,0.178035251662058,0,0.809722343502139,0.427334934873675,NA,NA
143,"correct","none",0.0539741235121451,1.661023390628,0.172125202427999,0.223809981525469,0.181751315335612,0.700507296948718,0.000144378415696729,0.6,0.685
143,"correct","linear",0.0157788126532202,0.942978519043861,0.0526847437606855,0.219590149412717,0.163347893987833,0.700507296948718,0.444081542460673,0.6,0.685
143,"correct","flexible",0.0209891697627858,0.926468596218967,0.0515921017939682,0.219838610410066,0.163700512966558,0.700507296948718,0.624629445069216,0.6,0.685
143,"index","oracle",0.0104955551073237,0.973545028336219,-0.0234308570079346,0.210489318053087,0,0.711608245293883,0.738609153846007,NA,NA
143,"index","none",0.0309901952162513,1.32231005750574,0.136636963399454,0.234127726447493,0.115659566478544,0.647106161752829,0.0327605940935662,0.87,0.73
143,"index","linear",0.0279550521589849,0.862519222634914,-0.0933031561538055,0.233749500592091,0.119429785775884,0.647106161752829,0.350701559674663,0.87,0.73
143,"index","flexible",0.0347724392226365,0.845117350334859,-0.109324477786119,0.234441748158135,0.118043918187402,0.647106161752829,0.249708755174274,0.87,0.73
143,"offindex","oracle",0.00612683451636109,1.00379940046733,0.0161131395279359,0.160768165452751,0,0.83744189363641,0.689958354095233,NA,NA
143,"offindex","none",0.0480149138253734,1.38903347872048,0.144326044947655,0.2186846976103,0.202534608146058,0.693421413915993,0.0187884603574979,0.52,0.515
143,"offindex","linear",0.0131993746713829,0.938089082601699,-0.00196620214973648,0.215426949424387,0.189094002907163,0.693421413915993,0.263580983124536,0.52,0.515
143,"offindex","flexible",0.0288645232151244,0.865585416218526,0.0180905270190905,0.216281036067207,0.190327807983292,0.693421413915993,0.0138912144631857,0.52,0.515
144,"correct","oracle",0.00720630782133704,1.01597149303668,-0.0280779360020969,0.175351218869022,0,0.815513500725065,0.337629879118315,NA,NA
144,"correct","none",0.0632524885078748,1.80357420506594,0.0891880096361604,0.222444967315596,0.184573109972961,0.70760297676907,0.00106321520171785,0.25,0.115
144,"correct","linear",0.0217979080349752,0.906915381942152,-0.0821822799641328,0.217721517218011,0.165582956880018,0.70760297676907,0.788291475468907,0.25,0.115
144,"correct","flexible",0.0338785415860274,0.748222056209178,-0.0736985157833236,0.220465537903866,0.172049331830219,0.700700621265799,0.129657042811579,0.25,0.115
144,"index","oracle",0.00606338150482214,1.00836673369359,0.00222295671828279,0.210091151069407,0,0.712286836082199,0.568409821383469,NA,NA
144,"index","none",0.0341377656119973,1.35572996545967,0.15638563999531,0.236735160442712,0.11985941254046,0.63682891818468,0.482078374679393,0.965,0.285
144,"index","linear",0.0286197176057003,1.05267972473006,-0.119477194622324,0.235890813996905,0.121758233528231,0.63682891818468,0.39080073122279,0.965,0.285
144,"index","flexible",0.0330000241578335,0.790640384882187,-0.0989956743517867,0.237942587931048,0.121186899766558,0.625627326229559,0.136195039743423,0.965,0.285
144,"offindex","oracle",0.00675440421193222,0.985874551696176,0.0390908561237635,0.162843568279337,0,0.832401164833112,0.944351491256891,NA,NA
144,"offindex","none",0.0654270675195538,1.89987322591219,-0.0912570474298286,0.219199978244076,0.205771033255586,0.69726059656129,6.00131594369108e-05,0.02,0.07
144,"offindex","linear",0.0215597907253935,1.18289518483374,-0.122812169277773,0.214090192621577,0.190015733465864,0.69726059656129,0.0901674991518031,0.02,0.07
144,"offindex","flexible",0.0463772470589016,1.05375211789035,-0.063810144990173,0.216071865491947,0.193964846440324,0.69726059656129,0.017733462390613,0.02,0.07
145,"correct","oracle",0.00753929788319205,0.96991552908805,0.00456343951501582,0.178972423454231,0,0.807755423223109,0.914000406472602,NA,NA
145,"correct","none",0.0701510779030997,1.828807800755,-0.0928779074393872,0.22020964330503,0.178520187439075,0.717248962063771,0.0669721127772464,0.98,0.495
145,"correct","linear",0.0136991550710741,1.07510965014221,0.00391554531587242,0.214394592803202,0.158596652333137,0.717248962063771,0.658365021409958,0.98,0.495
145,"correct","flexible",0.0364386740766393,1.00209803736896,0.0114176586363632,0.216008935719515,0.161008539905965,0.717248962063771,0.830696176260376,0.98,0.495
145,"index","oracle",0.0101346600370364,0.996275503231306,-0.0320695277262912,0.209381342569078,0,0.711292996577569,0.682530279883216,NA,NA
145,"index","none",0.0479344501686901,1.53165842784677,-0.232171309321459,0.238466555070466,0.12306063906803,0.636836176980669,0.0102856907753605,0.26,0.285
145,"index","linear",0.0243886501665808,1.09603837418174,0.115510402238004,0.236044325050207,0.124231782972516,0.636836176980669,0.315814382120109,0.26,0.285
145,"index","flexible",0.0429911892018108,0.82717156308144,0.0736325307970225,0.238069338139176,0.119975076522844,0.635323552890496,0.00278673284002691,0.26,0.285
145,"offindex","oracle",0.00821325659803313,0.975649543612263,-0.028750786391854,0.163750429795979,0,0.832643807458685,0.513168579219029,NA,NA
145,"offindex","none",0.0418831160248502,1.47178341893278,-0.275078892714192,0.223616679729545,0.20879814072492,0.674974756888442,0.00113558646954854,0.82,0.995
145,"offindex","linear",0.0311780218184328,1.25464018705362,-0.221014219589377,0.222720112581692,0.204885236351493,0.674974756888442,0.00404066241983843,0.82,0.995
145,"offindex","flexible",0.0481512478642048,1.15890512443267,-0.182219112141188,0.224110565595683,0.207113461780766,0.674974756888442,0.00172300628698648,0.82,0.995
146,"correct","oracle",0.00984521323041256,0.992778495066097,-0.0100857247290303,0.17812362848795,0,0.80948606442876,0.743635529139479,NA,NA
146,"correct","none",0.0591621997674973,1.84313081203656,0.155494045969878,0.226076623803853,0.188878154352,0.69530369455605,0.0140908158881891,0.04,0.42
146,"correct","linear",0.014728172734842,1.09398206838008,0.0460125974232154,0.220960628182657,0.172730876017705,0.69530369455605,0.828129577727127,0.04,0.42
146,"correct","flexible",0.0127063275455816,1.10150988231496,0.0450606289004379,0.22103031382721,0.17319839761751,0.69530369455605,0.893884000213358,0.04,0.42
146,"index","oracle",0.00686659315240377,0.977010530467858,0.0299083412267454,0.210162868833301,0,0.711171955587222,0.22242819423666,NA,NA
146,"index","none",0.0259937135659134,1.40798350908086,-0.0659811388738324,0.235957153235445,0.120446175106877,0.6376120468382,0.650049591128265,0.84,0.995
146,"index","linear",0.0237004313485934,1.32200253971782,0.0705281400442973,0.235742978455131,0.119979896562278,0.6376120468382,0.283322116722149,0.84,0.995
146,"index","flexible",0.0285626762011963,1.1179264696847,0.0613392092325246,0.2367135570821,0.12388408706396,0.627742117208801,0.19641217380046,0.84,0.995
146,"offindex","oracle",0.00599489347285361,0.993370634510026,0.027069776435086,0.161677035349595,0,0.835664845758025,0.046584184236877,NA,NA
146,"offindex","none",0.0486736982491137,1.58943981148072,-0.0063521451086079,0.221946013888855,0.211472800761885,0.677765420555726,0.0329614670059919,0.215,0.065
146,"offindex","linear",0.0280804698876855,0.797978546040499,0.0602524301742406,0.219660721709382,0.195560672374123,0.677765420555726,0.00508523776869868,0.215,0.065
146,"offindex","flexible",0.0340738577344478,0.801384084318102,0.066143888536733,0.220231012930218,0.196319191556634,0.677765420555726,0.00274375679107578,0.215,0.065
147,"correct","oracle",0.00434914404245347,1.01312436210489,-0.0127606565788127,0.177148412247621,0,0.811638798838833,0.562856881403886,NA,NA
147,"correct","none",0.0553386512970888,1.6844301477756,-0.130451680191014,0.22348455989028,0.180820081752887,0.701065815812973,0.016915401610079,0.495,0.59
147,"correct","linear",0.0265712780157925,1.20908187633931,0.0991203639262836,0.220089830052858,0.17013137795039,0.701065815812973,0.462064455810813,0.495,0.59
147,"correct","flexible",0.027194038430366,1.19201327269629,0.0996517699024573,0.220140313277247,0.170150654310958,0.701065815812973,0.460705792632213,0.495,0.59
147,"index","oracle",0.0069490849693275,1.03224015497323,-0.00163416429584439,0.208617813527476,0,0.717649549295712,0.856146331530481,NA,NA
147,"index","none",0.0200488447109826,1.30437184638338,-0.0132267079155028,0.233922190571608,0.114527128290357,0.644403942418523,0.543940758257856,0.86,0.645
147,"index","linear",0.0134433749576874,1.00552019476803,-0.00240899943097032,0.233243791027255,0.117358044945609,0.644403942418523,0.691346935238829,0.86,0.645
147,"index","flexible",0.0123054634337457,0.964450209902137,-0.00304693440289405,0.23330658958199,0.114670972945827,0.644403942418523,0.220403964088857,0.86,0.645
147,"offindex","oracle",0.00526874198641429,1.02004717590624,-0.00295252965409208,0.160538618266791,0,0.83864636110266,0.852067575654305,NA,NA
147,"offindex","none",0.0378636922072495,1.45289517921392,-0.211463926585663,0.21726894007717,0.198957409335768,0.69397270107713,0.000712746967198538,0.275,0.205
147,"offindex","linear",0.0138265451182601,0.982963055617072,-0.0554367622017993,0.215261635407216,0.189257126335879,0.69397270107713,0.480803944953902,0.275,0.205
147,"offindex","flexible",0.0246623657636216,0.937991250300103,-0.0353142357471377,0.215884201333375,0.190132680113334,0.69397270107713,0.090127712034277,0.275,0.205
148,"correct","oracle",0.00547103696187113,1.00321401575373,-0.0141271678872604,0.17682376939454,0,0.812280918452257,0.123568021656186,NA,NA
148,"correct","none",0.0584570483111752,1.65921290565752,-0.154547814449605,0.220229626116053,0.177085686512193,0.712224900385656,6.92153343197841e-05,0.4,0.885
148,"correct","linear",0.0328813789779005,0.863917301076571,-0.138972737371156,0.217174956163645,0.160073483018543,0.712224900385656,0.00383800018286496,0.4,0.885
148,"correct","flexible",0.0386373862988797,0.83677677067528,-0.133946295440553,0.217265027229533,0.160874957535104,0.712224900385656,0.00745976730870055,0.4,0.885
148,"index","oracle",0.0100115384671755,0.975869491635773,0.0155913376105158,0.209915508809127,0,0.712883938515358,0.660191483641075,NA,NA
148,"index","none",0.0403556326338785,1.59681736661183,-0.163604173586661,0.238685169189018,0.124442707780758,0.631854435274177,0.000482863915894763,0.33,0.4
148,"index","linear",0.0163974707476737,0.97021286217203,-0.0643093102876495,0.236620816705268,0.12722878774779,0.631854435274177,0.0781729385197023,0.33,0.4
148,"index","flexible",0.0396267368442186,0.745295546473972,-0.0595339681721682,0.238970049730722,0.125365739665608,0.628451945138078,0.00982815250162135,0.33,0.4
148,"offindex","oracle",0.00493117558111873,0.990893559744157,-0.0100703159371893,0.162545421452709,0,0.835796375474771,0.558762271279238,NA,NA
148,"offindex","none",0.0607870881106447,1.72038317536452,-0.491234694141005,0.224907743580005,0.213366609493236,0.680639546407685,0.018888054012783,0.18,0.41
148,"offindex","linear",0.0244310366643421,0.823600456009538,0.00788320827333502,0.220609603809467,0.197820469873654,0.680639546407685,0.102085749551228,0.18,0.41
148,"offindex","flexible",0.0236186139767924,0.798852898638523,0.00785831680433221,0.220637711716295,0.198141405918862,0.680639546407685,0.0401635860902997,0.18,0.41
149,"correct","oracle",0.00664869679856375,0.986626922027955,0.00708909201905231,0.177250758218151,0,0.811403326656148,0.734988331424696,NA,NA
149,"correct","none",0.045194739293534,1.49111682074772,-0.0265627846289244,0.222965757067104,0.183137156406865,0.697062622337066,0.00770171786482741,0.925,0.985
149,"correct","linear",0.0121447193748974,0.942375831703049,-0.0353818911226759,0.220570612661758,0.171168924696642,0.697062622337066,0.232557584536813,0.925,0.985
149,"correct","flexible",0.0355601351390843,0.824379339736233,-0.0446917905039757,0.222454156704499,0.174684253945603,0.697062622337066,0.0894107694028432,0.925,0.985
149,"index","oracle",0.0130329567653399,1.00034164545473,0.0072463227513709,0.210068582626647,0,0.70823070366687,0.217434292389925,NA,NA
149,"index","none",0.0295172198150165,1.46311966530495,-0.0699590706351505,0.237089627306362,0.118133527553944,0.633271102949593,0.0477922986058885,1,0.02
149,"index","linear",0.0247186482009294,0.865065343469337,0.0569199072042461,0.236298906688616,0.124246945550342,0.633271102949593,0.105513655621539,1,0.02
149,"index","flexible",0.0203743233139809,0.865279692328374,0.0554605981574984,0.235998681049664,0.120949763172271,0.633271102949593,0.11641059476123,1,0.02
149,"offindex","oracle",0.00664808276113845,0.996137101445087,0.00879601732670576,0.162056909765677,0,0.835593223101154,0.762079257203384,NA,NA
149,"offindex","none",0.0529323161565079,1.70041356123249,-0.258993483814861,0.218193511503114,0.202838090978466,0.696910559925003,0.000105692339663167,0.16,0.75
149,"offindex","linear",0.0281443067683629,0.902143650232517,0.15090435725161,0.215423727735878,0.188049594979696,0.696910559925003,0.205521755376079,0.16,0.75
149,"offindex","flexible",0.0353659810109198,0.86298318498597,0.152134972627005,0.216051234366457,0.189311065083391,0.696910559925003,0.402486668612164,0.16,0.75
150,"correct","oracle",0.00863464783197959,1.02566260024552,-0.0331463360024901,0.175584936066561,0,0.814956667854689,0.74212927126208,NA,NA
150,"correct","none",0.0674530364186908,1.7388479624523,-0.242478499878918,0.218908450552507,0.17560491300076,0.721906353130098,0.0408602115803725,0.085,0.075
150,"correct","linear",0.0250820944440318,1.12368099226979,-0.0975567198791943,0.213151208499326,0.159082225126104,0.721906353130098,0.91124934634343,0.085,0.075
150,"correct","flexible",0.0266199364154872,1.11267271044152,-0.0968961904380226,0.213303009763747,0.159568096732271,0.721906353130098,0.78207717114444,0.085,0.075
150,"index","oracle",0.00920573351772715,1.0011287892942,-0.0192198993001335,0.209696542221398,0,0.714265826328246,0.969737951177437,NA,NA
150,"index","none",0.0458158458187368,1.63820035335076,0.256314631928076,0.238149959090484,0.12326956345956,0.638854167466699,0.000683779627314096,0.285,0.17
150,"index","linear",0.0196502050969843,1.24183928957482,-0.0408075780495074,0.235282323591302,0.117292193634924,0.638854167466699,0.142037313131208,0.285,0.17
150,"index","flexible",0.0341708544505216,1.14431123515267,-0.0502631153363581,0.236565740795078,0.117695824629546,0.638854167466699,0.00979612203875626,0.285,0.17
150,"offindex","oracle",0.00625246547046678,0.990841468099455,-0.0249289786752669,0.162649028996832,0,0.834988909115747,0.855897819745311,NA,NA
150,"offindex","none",0.0723851022923812,1.47426164004191,0.296534760997475,0.226444954216421,0.217012248627281,0.680261607233002,4.00714401947778e-05,0.53,0.135
150,"offindex","linear",0.0360304168873141,1.42585365289406,-0.13054852685709,0.221310362727377,0.206246777706733,0.680261607233002,0.0360168671960289,0.53,0.135
150,"offindex","flexible",0.0442169720402714,1.37907602203955,-0.103035845074441,0.222520687677719,0.207779988026978,0.680261607233002,0.00326784693367559,0.53,0.135
151,"correct","oracle",0.0103156764159397,1.00806963772171,-0.0253371009555318,0.175499569278222,0,0.815173281886905,0.160545477846452,NA,NA
151,"correct","none",0.0511762817693324,1.60706800427819,-0.0365918570574401,0.221501881624842,0.182520320785646,0.704768395304318,0.00432965339632827,0.275,0.53
151,"correct","linear",0.044961515590829,0.982194507756602,-0.204240107603977,0.220031743864877,0.171480572748307,0.704768395304318,0.168413870679962,0.275,0.53
151,"correct","flexible",0.0446969054372739,0.97850102732464,-0.202142417675392,0.220370805646286,0.171704559967358,0.704768395304318,0.392483255177432,0.275,0.53
151,"index","oracle",0.00641909976467136,1.01103990703503,0.000756953019780273,0.208074971374364,0,0.715622332568557,0.426838893714487,NA,NA
151,"index","none",0.0462090287177547,1.42855647683224,0.249678348579924,0.239528716868127,0.130010500715749,0.629371197494539,0.00756591590916778,0.28,0.01
151,"index","linear",0.0524763064480462,1.55000735571782,-0.296648653062722,0.240458322345557,0.13155348909226,0.629371197494539,0.130513663919693,0.28,0.01
151,"index","flexible",0.048840333341015,0.863576451371784,-0.176799960487989,0.244688393791604,0.139591056380315,0.59784395037799,0.157039264021393,0.28,0.01
151,"offindex","oracle",0.00456120124158078,1.01413961198867,0.0112424142539315,0.159749633575467,0,0.840060317003367,0.861334204893249,NA,NA
151,"offindex","none",0.0523188424317321,1.76494586543377,-0.271145412617842,0.222355025170644,0.212128436479151,0.681445569147344,0.000653565314686158,0.995,0.2
151,"offindex","linear",0.0378907944639738,1.29566858648864,-0.298283406444732,0.22095796772091,0.205053473138321,0.681445569147344,0.00289354935827243,0.995,0.2
151,"offindex","flexible",0.0391638217450885,1.00493293684207,-0.164201698748473,0.224106840477931,0.207945254105225,0.671363842103803,9.36091698869694e-05,0.995,0.2
152,"correct","oracle",0.00818563933573391,0.998036875876189,0.0290773178065749,0.176332020188264,0,0.813419181333322,0.685962372085463,NA,NA
152,"correct","none",0.0689041590375682,1.93020061370397,-0.0199000227288538,0.222725486052388,0.186078511525654,0.709870129631132,0.0151639095225166,0.62,0.425
152,"correct","linear",0.0519167712756959,0.797489182985713,0.194365222294137,0.219978188944334,0.166291132089613,0.709870129631132,0.000316093634595763,0.62,0.425
152,"correct","flexible",0.0516987903891317,0.766020307726504,0.193874294395577,0.220537646795182,0.167881947140609,0.709870129631132,5.9936977335793e-05,0.62,0.425
152,"index","oracle",0.00805178457848295,0.984693242542591,-0.0146640186034552,0.20986672963584,0,0.712666921444494,0.733672701711404,NA,NA
152,"index","none",0.0217375300419801,1.34061120141669,-0.0622758811996192,0.237761681771757,0.123236059430587,0.628542827495477,0.0212627002975844,0.52,0.29
152,"index","linear",0.0321645383068548,1.31888298612112,0.129706308482485,0.23812536968154,0.125430643672147,0.628542827495477,0.0038484753358364,0.52,0.29
152,"index","flexible",0.024128507033747,1.09684508449791,0.110688698614262,0.239977796800939,0.132259526611762,0.619243003446581,0.00394672587923672,0.52,0.29
152,"offindex","oracle",0.00482068639010924,1.0080075771173,0.010634333383156,0.16008067266294,0,0.838412137715953,0.542823477298254,NA,NA
152,"offindex","none",0.0665925863687491,1.8925858293222,-0.421469577347106,0.21677388786939,0.202924993972087,0.707324325590941,7.76128054418283e-05,0.53,0.78
152,"offindex","linear",0.0568170838965619,1.06894150804952,0.256242347307763,0.214126853102865,0.192144677092717,0.707324325590941,0.0260205582450433,0.53,0.78
152,"offindex","flexible",0.059928920426794,1.07547296127016,0.252766082299965,0.214926737814635,0.193975214339289,0.707206303720773,0.0228596177807399,0.53,0.78
153,"correct","oracle",0.0100089169306781,0.991716370750727,0.0321928874653838,0.177478248180624,0,0.810960092698705,0.307450931822962,NA,NA
153,"correct","none",0.0595055282891336,1.70503307704659,-0.0037135836507683,0.219893140758151,0.178296155223352,0.714184655006833,0.000312154834623354,0.55,0.33
153,"correct","linear",0.00724637810753623,1.02571148512024,0.0114967145299867,0.215249298388205,0.161609257547404,0.714184655006833,0.224230279382074,0.55,0.33
153,"correct","flexible",0.0229024960849636,0.950056027269775,0.0182491722260722,0.216254008345216,0.164467125211338,0.71382688664125,0.265226670629867,0.55,0.33
153,"index","oracle",0.00376913678976748,0.990717286729741,-0.00253966551374898,0.209458379614061,0,0.713518176866544,0.65827970315029,NA,NA
153,"index","none",0.022522787649183,1.32646064818125,0.0132344667513096,0.233056277761936,0.114776978650794,0.649492793817406,0.229962132295909,0.465,0.055
153,"index","linear",0.0410953026274472,0.859015900340386,0.156146493114963,0.23436641736019,0.125934551453956,0.649492793817406,0.487085775605542,0.465,0.055
153,"index","flexible",0.0508788465286567,0.79017452873517,0.143192247097675,0.235507206490558,0.125598742387878,0.649492793817406,0.145035402842359,0.465,0.055
153,"offindex","oracle",0.00910266273162994,0.977723420603032,-0.0326263250594651,0.163456643399122,0,0.833768194935074,0.269516244939103,NA,NA
153,"offindex","none",0.0502529620401178,1.71568294992995,-0.285511394335175,0.221112489661155,0.206315146021699,0.688770352169449,0.00589623475257003,0.44,0.11
153,"offindex","linear",0.0542168294178217,0.860264746691364,0.259942493377939,0.220913205523225,0.194958125414867,0.688770352169449,0.0123637239358109,0.44,0.11
153,"offindex","flexible",0.0546084068759617,0.860727422662559,0.25889660495052,0.221104619966109,0.195170547343713,0.688770352169449,0.00340266868251786,0.44,0.11
154,"correct","oracle",0.0118856615985424,0.995610804499505,-0.0171738387358426,0.176756979356719,0,0.812460616666595,0.362087554579603,NA,NA
154,"correct","none",0.0674648124972583,1.82712234847154,-0.202690920067951,0.223755621133596,0.185453632638216,0.705796038576705,0.000543026352861523,0.785,0.98
154,"correct","linear",0.0218675327908956,0.942913521399517,-0.0891993948503596,0.218132733020146,0.165078072895342,0.705796038576705,0.950636989753267,0.785,0.98
154,"correct","flexible",0.046511357083429,0.668183519791366,-0.0459845570302332,0.222659442775254,0.175374618053291,0.684148056291485,0.00155581396026992,0.785,0.98
154,"index","oracle",0.0048396008357284,1.0094608600463,0.0136949575109916,0.209005425613184,0,0.71318468181386,0.116078758951058,NA,NA
154,"index","none",0.0223447438762314,1.27938353655041,-0.0512231725996524,0.233623725345035,0.115620455387574,0.646437848759188,0.784863972529611,0.13,0.05
154,"index","linear",0.0539982600685072,1.31769447899138,0.271256724162381,0.236181824193628,0.122891070604592,0.646437848759188,0.00784977919777908,0.13,0.05
154,"index","flexible",0.0465925751078442,1.17881947557461,0.22894986671454,0.238181404418318,0.124975823960209,0.639224923848631,0.00207537907376124,0.13,0.05
154,"offindex","oracle",0.00553404389704644,1.00938713868611,0.00723768280753395,0.160258227309228,0,0.839308526209844,0.556891904460238,NA,NA
154,"offindex","none",0.0515810841394,1.64643214228472,-0.0870747763604506,0.217101960055504,0.20478766970424,0.700608573262176,0.0996062593087262,0.6,0.17
154,"offindex","linear",0.0578061838189154,1.2570907749112,0.239200069969863,0.217435235848925,0.201974118507144,0.700608573262176,0.024671972812276,0.6,0.17
154,"offindex","flexible",0.0593069690039797,1.27065692862751,0.246264838405335,0.218344670949016,0.203531870125407,0.700608573262176,0.0127617790507823,0.6,0.17
155,"correct","oracle",0.00875855813790426,0.989456017072919,0.011343207908487,0.177900105505366,0,0.809991014067561,0.764647635672603,NA,NA
155,"correct","none",0.0732790401872467,2.10416835633583,-0.0431187853694283,0.224399050148567,0.186891354787993,0.708367957208326,1.30324109844574e-07,0.445,0.66
155,"correct","linear",0.00982306130463727,1.03338978269319,0.0353537146068235,0.216972992878523,0.162772594339196,0.708367957208326,0.224302309661012,0.445,0.66
155,"correct","flexible",0.0258264518520066,0.96718894848808,0.0317522610425314,0.218125906953523,0.16564771476495,0.708367957208326,0.0966580989266106,0.445,0.66
155,"index","oracle",0.00501097564491375,1.00487253845994,-0.00831131535829333,0.209717400539528,0,0.712422998127311,0.52062475852971,NA,NA
155,"index","none",0.0528119539678909,1.97469403093856,-0.206475611120578,0.237554742827791,0.119047391568625,0.645847825903477,0.175839156100527,0.275,0.535
155,"index","linear",0.0266450252854295,1.25890348644445,-0.100269622929222,0.234165141450438,0.117768195922302,0.645847825903477,0.978503660109113,0.275,0.535
155,"index","flexible",0.0280114128595721,1.07600256330331,-0.0806978119791684,0.23577349349952,0.119138007099263,0.641358704176128,0.949579899081857,0.275,0.535
155,"offindex","oracle",0.00779630946814176,0.992521574360927,0.00404049315813822,0.161737147695715,0,0.835579212869195,0.611942598541413,NA,NA
155,"offindex","none",0.0540035363054749,1.63669365504568,-0.256272952003272,0.217160648414161,0.199846716092358,0.700856558548506,0.0055086614210095,0.035,0.15
155,"offindex","linear",0.0294964067963794,1.26842428839393,0.00372547206668477,0.21470551686456,0.192726147024834,0.700856558548506,0.151144930619103,0.035,0.15
155,"offindex","flexible",0.0276614975090601,1.06974454991453,0.0592524104384472,0.217473004382563,0.196497104038756,0.691073271055812,0.0194271729274217,0.035,0.15
156,"correct","oracle",0.00547515701864598,1.01777398134652,-0.0150346443220293,0.175778875255722,0,0.81458630245386,0.0110891984564481,NA,NA
156,"correct","none",0.0626667157723606,1.79702270532859,-0.0654613712325991,0.219444859391996,0.177261313748112,0.718146000931104,1.4720443265796e-10,0.325,0.26
156,"correct","linear",0.0159346311382371,0.910657505088903,0.029639320495114,0.214074801196522,0.157004769463615,0.718146000931104,0.0224474916055365,0.325,0.26
156,"correct","flexible",0.0380961740723222,0.842619509323621,0.0322035846544745,0.215835057796838,0.160271033658846,0.718131890259295,0.0158370149155825,0.325,0.26
156,"index","oracle",0.00571285390726698,0.970043535265528,-0.0176088842584924,0.211487834370238,0,0.706628986721361,0.882280643998842,NA,NA
156,"index","none",0.02672655111988,1.44053835298559,0.0698080873361805,0.236339984048049,0.115157992681295,0.635923224016148,0.118091355849588,0.81,0.885
156,"index","linear",0.0143810854719741,1.1639821127343,0.0234072240074935,0.23531660201016,0.115667441889772,0.635923224016148,0.521911176172801,0.81,0.885
156,"index","flexible",0.0390252239182374,0.910340927664764,0.00614662930850975,0.237609583767585,0.120450190754322,0.635923224016148,0.0198161739807903,0.81,0.885
156,"offindex","oracle",0.00676852058995601,1.00368660921908,-0.0150209121136396,0.161849067020901,0,0.836200384219353,0.206138990028991,NA,NA
156,"offindex","none",0.0442677151608924,1.52014285908405,-0.178693600408259,0.218779425320252,0.200512927233648,0.69151254248827,0.0555428182063269,0.21,0.54
156,"offindex","linear",0.0167957071625092,0.885313955990707,0.0275441561033736,0.216632020240893,0.187425729281195,0.69151254248827,0.638311419536756,0.21,0.54
156,"offindex","flexible",0.0234452401801613,0.871184911768957,0.0360116456821899,0.217232569613891,0.188761718219063,0.691076630415331,0.291886946202811,0.21,0.54
157,"correct","oracle",0.0075588350144608,1.00279186533503,0.00200898443621759,0.17672534024689,0,0.812543713699928,0.877090327135532,NA,NA
157,"correct","none",0.0534873385785359,1.53464447793356,0.23451934672277,0.225101099670007,0.184283904447647,0.694874634189038,0.0810466557616283,0.825,0.515
157,"correct","linear",0.0116842345922914,0.972889237168133,-0.0395382850234001,0.221061563601002,0.169648413131144,0.694874634189038,0.43587465023258,0.825,0.515
157,"correct","flexible",0.0170893710520317,0.961733510513846,-0.0340312859262984,0.221295921271146,0.170067447916443,0.694874634189038,0.244992293186985,0.825,0.515
157,"index","oracle",0.0082339274665934,0.985500538744665,0.00765444585197632,0.20996118013481,0,0.710562535802513,0.314547642077999,NA,NA
157,"index","none",0.0387637588164829,1.75277365389934,0.085808610254269,0.237568101346394,0.118735933547635,0.637177479383893,0.185190055219337,1,0.165
157,"index","linear",0.05132541197378,1.05004748582806,0.228902577602752,0.23768952246847,0.128379388825876,0.637177479383893,0.0118384339279168,1,0.165
157,"index","flexible",0.0517338814475905,1.03732810345541,0.228387322989597,0.237861854106316,0.127426325546149,0.637177479383893,0.0348947733340395,1,0.165
157,"offindex","oracle",0.00552561949980035,1.00931833013163,-0.00364741635984177,0.16022355608714,0,0.839177420396468,0.205381399557905,NA,NA
157,"offindex","none",0.0508034535512718,1.61205467668854,-0.11602667476697,0.217466292768407,0.202421520362621,0.698449986446857,0.000963269681313406,0.42,0.835
157,"offindex","linear",0.0170837036335219,1.11946954862774,-0.0314353739692144,0.214389119292683,0.19063189717199,0.698449986446857,0.00495247536226935,0.42,0.835
157,"offindex","flexible",0.0289361387468436,1.0057002601985,0.0123034100255702,0.216665900623816,0.194715579217587,0.690382320557834,0.0872372509918166,0.42,0.835
158,"correct","oracle",0.00479553589278491,1.00550628355914,-0.00356922234847926,0.17605786717734,0,0.813978044643274,0.551879862666008,NA,NA
158,"correct","none",0.0521477593715493,1.54243376867886,0.156438651362011,0.219087011963232,0.175182669861843,0.71405787788579,0.00249423611711896,0.45,0.025
158,"correct","linear",0.017986890895344,0.939435217391239,0.0782261990854174,0.215624293932321,0.160335022515644,0.71405787788579,0.197624804263959,0.45,0.025
158,"correct","flexible",0.0439282630733977,0.856262313641342,0.0554268358400779,0.217805013263544,0.164404789473032,0.71405787788579,0.138193274103381,0.45,0.025
158,"index","oracle",0.00875177906903005,1.03223797052316,0.00372718772144068,0.207875797946721,0,0.72039561167869,0.45319546010478,NA,NA
158,"index","none",0.0408999137989327,1.45000374923031,-0.188837177089851,0.237561466413161,0.124159438619541,0.636079319655977,0.195015948645906,0.83,0.915
158,"index","linear",0.0482533569103031,0.79202161109264,0.168598441167643,0.238389199124661,0.136625014390944,0.636079319655977,0.02721924045269,0.83,0.915
158,"index","flexible",0.0603748178926094,0.636549027748891,0.158792435672059,0.242129212460937,0.140319650829031,0.636079319655977,5.30280049921059e-05,0.83,0.915
158,"offindex","oracle",0.0102847955783506,1.04104801235736,0.0419086511627162,0.15703031521268,0,0.843686405478905,0.412859900745515,NA,NA
158,"offindex","none",0.0546714380012323,1.71990527568732,-0.433006480468602,0.217234268477773,0.203010370938046,0.698371377431369,0.0176334797306991,0.285,0.47
158,"offindex","linear",0.0383821190748861,0.930992839654913,0.192944662428223,0.21422285624268,0.188495510775891,0.698371377431369,0.000362227861568358,0.285,0.47
158,"offindex","flexible",0.0386267605366924,0.817853959226653,0.217326359349492,0.21543750069164,0.191751070982399,0.698371377431369,2.28053487460472e-08,0.285,0.47
159,"correct","oracle",0.0101303525348942,1.0294382485354,0.00121650728538515,0.174754373085615,0,0.816775870684139,0.15349644835213,NA,NA
159,"correct","none",0.0782268906849913,2.19899168585788,0.178702570719651,0.224645086581173,0.188956625415299,0.711053833768613,5.05744500644028e-12,0.745,0.6
159,"correct","linear",0.0112914943998059,0.946799678431701,-0.00734631178339259,0.216056146999977,0.162154640704968,0.711053833768613,0.117185861831666,0.745,0.6
159,"correct","flexible",0.0219739440617588,0.901903323981022,-0.00263107438786509,0.216715862724235,0.163474082772912,0.711053833768613,0.0868326213253147,0.745,0.6
159,"index","oracle",0.00565937627077751,1.0232117336804,0.0159616800113929,0.208549327258372,0,0.716785996690417,0.243483210597356,NA,NA
159,"index","none",0.0332381065752984,1.46061221284359,-0.111305959817189,0.234430248214762,0.11639868265969,0.647515968973754,0.00721886542225866,0.545,0.33
159,"index","linear",0.0163711906929595,1.05931626723521,0.0653698958850672,0.23296214037724,0.117795404458828,0.647515968973754,0.0687479894636686,0.545,0.33
159,"index","flexible",0.0191445334333621,1.02801766357784,0.0642202597714669,0.233169282490501,0.118176851597228,0.647515968973754,0.0381880417966509,0.545,0.33
159,"offindex","oracle",0.00517575444822596,0.998746744665369,0.00799230759989488,0.161720474934566,0,0.835899276156778,0.448069932579507,NA,NA
159,"offindex","none",0.0396901452720628,1.37416891228858,-0.280294817943325,0.216948938374859,0.195950832443646,0.695136610954987,0.0102408328325737,0.045,0.125
159,"offindex","linear",0.0164796778946402,1.08907953816189,0.0137953137250909,0.214748261998169,0.189872273646656,0.695136610954987,0.0811131715968613,0.045,0.125
159,"offindex","flexible",0.0331775981937392,0.981751154834127,0.0376185794520532,0.216174345983981,0.192584967990361,0.695136610954987,0.0354233938020228,0.045,0.125
160,"correct","oracle",0.00420392587540451,0.990391796899861,-0.0105266583016418,0.177004498015402,0,0.811926920830733,0.788018275675543,NA,NA
160,"correct","none",0.0549905826608478,1.57042033497361,-0.209866458729014,0.220904635399628,0.176852595550583,0.710032370517928,7.75325003620365e-05,0.03,0.18
160,"correct","linear",0.015881184500805,1.10208483038297,0.0484756982917989,0.216778859921706,0.163598871647114,0.710032370517928,0.106993161590088,0.03,0.18
160,"correct","flexible",0.0261990027011628,1.04355761690265,0.0408385730000566,0.217406552805845,0.164780273098303,0.710032370517928,0.0785698737594568,0.03,0.18
160,"index","oracle",0.0085217041702411,0.997675683022726,0.0278561916600244,0.208584910799462,0,0.716514447756451,0.731221701331193,NA,NA
160,"index","none",0.0314344027997342,1.58778401368304,-0.0443902757935814,0.236093024725206,0.120150278778856,0.640062186415037,0.0142870972157872,0.835,0.57
160,"index","linear",0.0131458058086943,1.0257220253707,0.0334226432964711,0.234333981946273,0.122730509547104,0.640062186415037,0.20069781173672,0.835,0.57
160,"index","flexible",0.011718541426585,1.026328985979,0.0298644548799448,0.234453129835926,0.12292654279041,0.640062186415037,0.108712779635032,0.835,0.57
160,"offindex","oracle",0.00364707409010205,1.00556191374259,0.0129527688122238,0.159758051315092,0,0.840011793183516,0.761614268378115,NA,NA
160,"offindex","none",0.0457362990390116,1.43791668551368,0.0485601061474868,0.221211511685656,0.211041799523623,0.67990609290943,0.0308770145554408,0.09,0.27
160,"offindex","linear",0.00878362005768266,1.06119320218675,-0.0355671974020571,0.218681373691393,0.201604010820633,0.67990609290943,0.501837895702928,0.09,0.27
160,"offindex","flexible",0.0186627417797884,1.03507052768957,-0.0249609886968797,0.219086042569438,0.20196586982823,0.67990609290943,0.319075323816413,0.09,0.27
161,"correct","oracle",0.0108327967666165,0.993339878795198,0.0173220064839008,0.177921114609072,0,0.810043690174761,0.301281826808392,NA,NA
161,"correct","none",0.0539204439250372,1.65939675542842,0.0301717582020012,0.221041761191387,0.176574837261854,0.707860401441606,6.52659834879123e-05,0.41,0.54
161,"correct","linear",0.0257725853497108,0.897574391986259,0.103096319982908,0.217908460167736,0.159522573701577,0.707860401441606,0.0668322553912245,0.41,0.54
161,"correct","flexible",0.0339189575003134,0.855175858996212,0.108216217418467,0.219230613538762,0.162110210147856,0.707672330689323,0.0140163362615209,0.41,0.54
161,"index","oracle",0.00713324492812319,0.976126110910089,-0.0103667950561759,0.21032432358084,0,0.709386645379192,0.0988038041288529,NA,NA
161,"index","none",0.0316070154881212,1.35256285971365,-0.139003615894744,0.239305202798921,0.123824245671997,0.622452264082815,0.286278756048352,0.44,0.3
161,"index","linear",0.0491354943260811,0.675726023607119,-0.0932273666769984,0.241128848256443,0.136580481819697,0.622452264082815,0.000643685595570189,0.44,0.3
161,"index","flexible",0.0394068009977155,0.551177998294093,-0.089222403667115,0.241908309052624,0.131838698261485,0.622452264082815,4.3442721940413e-09,0.44,0.3
161,"offindex","oracle",0.00681355327159682,0.983631569129204,0.0166664612568362,0.162560905878604,0,0.833645892339195,0.728280906636319,NA,NA
161,"offindex","none",0.0553579314669934,1.79743083067665,-0.340875505832269,0.221271578136473,0.208321888155021,0.684857373115844,0.000105265308423799,0.955,0.255
161,"offindex","linear",0.0188121405253224,0.98524738295032,-0.0811254314874446,0.2175654355249,0.19283228622668,0.684857373115844,0.713243740231526,0.955,0.255
161,"offindex","flexible",0.0332681864188192,0.841173514761212,-0.011394595562951,0.219695254543949,0.195751793885987,0.681154966796505,0.0436294672164892,0.955,0.255
162,"correct","oracle",0.00874201057105962,0.991522388141631,-0.0106008858166153,0.177275916848507,0,0.811379367217287,0.836435472908149,NA,NA
162,"correct","none",0.071525512865949,1.81521313779946,0.286281302727709,0.221258525914843,0.1825129442944,0.717068710825656,1.09944232663476e-05,0.87,0.465
162,"correct","linear",0.0137043093686988,0.964113969362559,0.0502584904644353,0.214311875595632,0.160383982014745,0.717068710825656,0.863805779477339,0.87,0.465
162,"correct","flexible",0.0573392635805832,0.784390463466852,0.0715381323647777,0.218922066544022,0.171011802813933,0.717028520793102,0.000173086781867079,0.87,0.465
162,"index","oracle",0.0084246436429258,0.997501280934895,0.016935683325135,0.209700355479487,0,0.709361966210995,0.880629971672359,NA,NA
162,"index","none",0.0298974967686531,1.07003910021149,0.131692456393654,0.240265123820181,0.131759352593888,0.615980199339348,0.237139559005458,0.8,0.375
162,"index","linear",0.0366886831521617,1.38056061288846,0.174341697490142,0.241083589587199,0.129825144934783,0.615980199339348,0.142802367347314,0.8,0.375
162,"index","flexible",0.0291354467867944,0.964109219125549,0.116115309952466,0.242503910431246,0.136453204228659,0.602774078301967,0.276399193406224,0.8,0.375
162,"offindex","oracle",0.00411803631455733,1.00189841620189,0.00379043725329097,0.160431839145952,0,0.837791651117958,0.497951371327363,NA,NA
162,"offindex","none",0.0624275697603763,2.01771214246051,-0.143889014577356,0.223264110338964,0.217604517294484,0.682462270262141,2.64828225176831e-05,0.37,0.8
162,"offindex","linear",0.0368676120369722,1.00244862604339,0.167151514657258,0.218960504420411,0.202497447360915,0.682462270262141,0.00171452637555545,0.37,0.8
162,"offindex","flexible",0.0485899714682758,0.913811457396381,0.182468962186202,0.220966161231491,0.20479946108963,0.682462270262141,4.47527862486746e-06,0.37,0.8
163,"correct","oracle",0.00545220546642153,0.986368173029641,-0.0169567315403337,0.177387031216447,0,0.811157554093845,0.59097894514682,NA,NA
163,"correct","none",0.0544926222614287,1.65613953833018,0.139706292723548,0.221325464410668,0.179757937926208,0.707608252990633,3.15206341750141e-10,0.53,0.125
163,"correct","linear",0.0345965132034654,0.929403859944005,0.150740894426557,0.218367026756877,0.164000209461285,0.707608252990633,0.000496164828476071,0.53,0.125
163,"correct","flexible",0.0410166259911132,0.909675139625595,0.143563795186599,0.21962773540504,0.166682425568034,0.707608252990633,0.00715520401525047,0.53,0.125
163,"index","oracle",0.00825126576871179,1.00879075916084,0.00115459343183213,0.208493298590564,0,0.717005617005617,0.471214597141373,NA,NA
163,"index","none",0.0341506465697813,1.5091258438542,-0.0139300885398817,0.232843392770009,0.113206364427714,0.654312094312094,0.0889021857127706,0.135,0.05
163,"index","linear",0.0268741820836567,1.24367756256514,0.0806749772700956,0.23187297999338,0.114624901086358,0.654312094312094,0.0634167918119573,0.135,0.05
163,"index","flexible",0.0335068737951378,1.18870294231719,0.072755760790411,0.232208051397196,0.115888250591347,0.654312094312094,0.0596260887851977,0.135,0.05
163,"offindex","oracle",0.00812143349840484,0.988330660497545,0.00611969365871883,0.162574339626135,0,0.834545746615608,0.855836765483589,NA,NA
163,"offindex","none",0.0422339024594075,1.46125628986001,-0.313253522944858,0.218111593306061,0.198957875165442,0.693633103537451,0.00265736290750267,0.3,0.705
163,"offindex","linear",0.0260681546620757,0.896073715158624,0.138337396266257,0.21613592757446,0.188354363609721,0.693633103537451,0.0371214105397408,0.3,0.705
163,"offindex","flexible",0.0379058070471259,0.870990634576381,0.13823744319039,0.217283226929667,0.189999175168912,0.692824553931711,0.0813747382790745,0.3,0.705
164,"correct","oracle",0.00674297828601886,1.00674607656449,0.00651638838961132,0.175579052091168,0,0.814960331140152,0.582141896430142,NA,NA
164,"correct","none",0.0640725943300933,1.75691895145511,-0.25148302659413,0.22206939169287,0.181276078532062,0.710982191095791,0.00205087733951289,0.855,0.605
164,"correct","linear",0.00936899572149678,1.05997455564688,-0.00587275636501849,0.216063160263223,0.161318607829931,0.710982191095791,0.959543720464482,0.855,0.605
164,"correct","flexible",0.0399506594836474,0.924071413465704,-0.0110622317445463,0.218058412508368,0.166583373635402,0.710982191095791,0.234698267846203,0.855,0.605
164,"index","oracle",0.00684287833655001,0.982853372395666,-0.009592745414854,0.210363662876521,0,0.709084286883237,0.864330742746483,NA,NA
164,"index","none",0.0563727097655079,1.62360727177332,0.313047342234703,0.237306858128901,0.12340211753408,0.645976277816072,1.13061931209881e-05,0.92,0.77
164,"index","linear",0.0271685982675906,0.88981263832561,0.0998741681854381,0.233973523112522,0.123290156661732,0.645976277816072,0.000386508145838113,0.92,0.77
164,"index","flexible",0.0291286159660748,0.879274124860426,0.0981457741454198,0.233795297394196,0.118879361410402,0.645976277816072,0.00174243253272773,0.92,0.77
164,"offindex","oracle",0.00385984996901844,0.999144279520089,-0.0223272346637877,0.16162218905385,0,0.836957179566902,0.884576827485834,NA,NA
164,"offindex","none",0.0456885220484089,1.64464546351196,-0.210122292880398,0.221069489379783,0.20804511198812,0.685271196206641,0.00266459748843862,0.285,0.005
164,"offindex","linear",0.034784813105775,0.765859003599441,0.100928780597375,0.219461729912949,0.192888243918457,0.685271196206641,0.762648330494996,0.285,0.005
164,"offindex","flexible",0.0439700102324355,0.7503167583813,0.105681865881951,0.220441963373907,0.193626438714375,0.685271196206641,0.383103802946649,0.285,0.005
165,"correct","oracle",0.00754970567979226,0.983282191086648,-0.00842287949683239,0.178318517497203,0,0.809169381541865,0.215213538618844,NA,NA
165,"correct","none",0.0645921208243582,1.83142674064606,0.146223516069226,0.223153087809508,0.185358462652645,0.706930371142562,0.000737497298772334,0.08,0.535
165,"correct","linear",0.0326131053381985,1.24751582892686,-0.119986910824848,0.218776043723572,0.171709557322004,0.706930371142562,0.310780849646776,0.08,0.535
165,"correct","flexible",0.0312320130723154,1.21810595746535,-0.108785443064282,0.219301051802033,0.173054675426707,0.706772968232183,0.534441989740061,0.08,0.535
165,"index","oracle",0.00750675189608741,0.978768997257404,-0.00696733961361751,0.20972976924098,0,0.714054678562187,0.468687718026071,NA,NA
165,"index","none",0.0395836662539425,1.73934855875493,0.0655770864379095,0.237153472017179,0.119350536707527,0.639373845574954,0.0134103170607711,0.265,0.005
165,"index","linear",0.00916825202571018,1.06588918619482,0.0160608082204169,0.234698995763822,0.121692192485816,0.639373845574954,0.196300831773894,0.265,0.005
165,"index","flexible",0.0343240593457545,0.700658370022201,0.00889882016507201,0.238590569945627,0.12371568015012,0.61258849450354,0.0838035364016564,0.265,0.005
165,"offindex","oracle",0.00530730519233241,0.980806376052134,0.0025855210524029,0.16277653734362,0,0.833589341942636,0.131205293949885,NA,NA
165,"offindex","none",0.0541124560771088,1.74008890543551,-0.122533699248698,0.219837357934907,0.206586082578999,0.69080553625707,6.69601547926231e-05,0.16,0.375
165,"offindex","linear",0.0134577605952427,0.926133788710168,-0.00109532342281524,0.216026264709079,0.188498286122805,0.69080553625707,0.737862593010683,0.16,0.375
165,"offindex","flexible",0.0199872833279535,0.93313744432461,-0.013661602221807,0.216438235374295,0.190073578303949,0.69080553625707,0.862665172324922,0.16,0.375
166,"correct","oracle",0.00891858792019615,0.996644911851726,-0.0373910591463121,0.176278929134607,0,0.813580533244523,0.32588921263662,NA,NA
166,"correct","none",0.0719151931206401,1.96073634440526,-0.269828396341345,0.222906790150209,0.18492958080619,0.713789978587409,0.00172818920327824,0.865,0.55
166,"correct","linear",0.0124949308836742,0.966946553302848,-0.0502839554120858,0.215161594234603,0.15983229433284,0.713789978587409,0.889492725258318,0.865,0.55
166,"correct","flexible",0.0290824892457053,0.941970923048214,-0.0479341888004768,0.215943780042491,0.161737798754748,0.713789978587409,0.415923951536972,0.865,0.55
166,"index","oracle",0.00957067507267776,1.01496568201575,-0.023975217836279,0.208441428428375,0,0.716089428942894,0.920950216401447,NA,NA
166,"index","none",0.0324430997847647,1.5517814521513,0.00469152379978957,0.234910577092781,0.117636144485198,0.644766776677668,0.1882053878489,0.75,0.765
166,"index","linear",0.0452445777635937,0.716953628640588,-0.0614382024856614,0.23549963164088,0.132293428411928,0.644766776677668,5.0942142547594e-05,0.75,0.765
166,"index","flexible",0.0463911695158032,0.712595663989535,-0.0564602047329976,0.235423927379065,0.131615642289763,0.644766776677668,1.68514252280697e-05,0.75,0.765
166,"offindex","oracle",0.00760058616301802,1.00098076657455,0.0175147065821916,0.160618829761809,0,0.837795331344021,0.607778533007252,NA,NA
166,"offindex","none",0.0644414754065888,2.01162135498952,-0.459477527367549,0.219804531922514,0.207961909022602,0.698564961072999,0.00115378448029983,0.405,0.13
166,"offindex","linear",0.0309461709226245,0.804034340651943,0.0759382913739331,0.214628653939305,0.185232458805335,0.698564961072999,0.161616189751707,0.405,0.13
166,"offindex","flexible",0.0474132858962216,0.770985475086367,0.0815078463067572,0.217019598591129,0.188266681376116,0.697497895820299,0.0649996624568108,0.405,0.13
167,"correct","oracle",0.0048035609936081,0.999738283318793,-0.0261012897515457,0.177030126135528,0,0.811883351036524,0.0996655308029986,NA,NA
167,"correct","none",0.0582203916509227,1.79388606896479,0.135819588161102,0.224395642244752,0.186006868457699,0.700490610988683,0.000695557092959434,0.46,0.835
167,"correct","linear",0.0136054565772421,1.06813390500365,-0.0424251784654047,0.219450245869858,0.168452356427387,0.700490610988683,0.55074415454531,0.46,0.835
167,"correct","flexible",0.03386658946156,0.950498402989719,-0.0385072548865246,0.221510855724785,0.17244867556411,0.698942636902905,0.0156999296795936,0.46,0.835
167,"index","oracle",0.00755933320065367,0.963112133045113,-0.00121138286371887,0.211140048256596,0,0.705657756147169,0.618956395868532,NA,NA
167,"index","none",0.0253388424969832,1.42589518922583,0.0792813709705603,0.237767402576657,0.120856644555829,0.630382667751042,0.0346612631075415,0.115,0.625
167,"index","linear",0.0474513704359452,0.963965223067385,-0.194664663753306,0.238845704406723,0.130559918415802,0.630382667751042,0.00102298229348964,0.115,0.625
167,"index","flexible",0.0462303760042594,0.80358423758468,-0.159969060026825,0.240599810323993,0.135519066126647,0.61830018035226,0.000176357583435033,0.115,0.625
167,"offindex","oracle",0.00688238903530063,0.973796990041079,0.0148067630573222,0.163824336652075,0,0.831264329655509,0.600691809187396,NA,NA
167,"offindex","none",0.0496573552138687,1.63618447352724,-0.342872530392544,0.220014834504374,0.205741399193227,0.687802003566124,0.00360228005776218,0.33,0.435
167,"offindex","linear",0.0289906157938062,1.17198554246725,-0.172668609927865,0.217461963661178,0.197374580519824,0.687802003566124,0.0648817116532826,0.33,0.435
167,"offindex","flexible",0.0439536830388111,1.11286670277898,-0.155887956021378,0.219107590279038,0.199945747581781,0.687802003566124,0.0267192858915128,0.33,0.435
168,"correct","oracle",0.00687357523049634,0.984630688396014,0.00185819210431569,0.178897138999835,0,0.807853396560051,0.980431068920111,NA,NA
168,"correct","none",0.0502417424966166,1.58091101954171,-0.019342146829295,0.222989831751012,0.178972089075887,0.699991426794157,0.0255496090720487,0.03,0.03
168,"correct","linear",0.0275598974260267,1.09504341730662,-0.135692203068706,0.220700927427547,0.168288652645781,0.699991426794157,0.294134359501495,0.03,0.03
168,"correct","flexible",0.0377747834178783,0.962796028475424,-0.110416758984342,0.22202858436039,0.170151909722914,0.699292060002361,0.317891647786848,0.03,0.03
168,"index","oracle",0.0080873912529253,1.01443650418625,0.0151775822089823,0.208096268902197,0,0.714657602433928,0.709959962687588,NA,NA
168,"index","none",0.0377361585853151,1.47172965552432,0.135480749555199,0.234319936749711,0.117522070099007,0.649063317602509,0.0444198718270468,0.73,0.385
168,"index","linear",0.0134091973276661,0.980826331392964,0.045514535797778,0.232432784277233,0.119880463807754,0.649063317602509,0.673580338966867,0.73,0.385
168,"index","flexible",0.0158973757531147,0.902922675037428,0.0279182887750082,0.233373703305392,0.121370628362672,0.64737192958135,0.381069868812512,0.73,0.385
168,"offindex","oracle",0.00711194222106469,0.971525792066134,0.0225218877108939,0.163427337640434,0,0.831932976495653,0.105426515659073,NA,NA
168,"offindex","none",0.0420036043772386,1.45111893926877,0.030493686499454,0.220053370373434,0.206567461188323,0.682703523689275,0.0381715841176067,0.66,0.82
168,"offindex","linear",0.0179787650001958,0.885669410936055,0.026069121367419,0.217822773063589,0.192979211954296,0.682703523689275,0.125279679507151,0.66,0.82
168,"offindex","flexible",0.0284191275840366,0.805427513522136,0.0650676286921932,0.219122226405604,0.194912867364181,0.682703523689275,0.0177457886858195,0.66,0.82
169,"correct","oracle",0.00457734092959835,0.996419858421481,0.00214821390674513,0.176906621376901,0,0.812178124753025,0.647479129272924,NA,NA
169,"correct","none",0.0552431019541097,1.64296447653168,-0.0619093974541451,0.222077660248508,0.18132998297206,0.704778381285697,0.0860140957408704,0.89,0.375
169,"correct","linear",0.0188413206385547,0.950944402809752,-0.0631154577173028,0.218456218419304,0.165771286525922,0.704778381285697,0.917316620495015,0.89,0.375
169,"correct","flexible",0.0412433214897665,0.789436522964391,-0.0611859514312253,0.220653757593226,0.170110422142518,0.704778381285697,0.0234531075196113,0.89,0.375
169,"index","oracle",0.0097013377912336,0.985246983781115,-0.0369757737210315,0.209587944618364,0,0.711510705125753,0.320957501540318,NA,NA
169,"index","none",0.0112091464534531,1.02228602518359,0.0415592294476061,0.23723873059271,0.125031855328797,0.627348990125174,0.19765428290819,0.57,0.29
169,"index","linear",0.0143576398855475,1.06389311799676,-0.0480012274416736,0.237297995326135,0.123604552052469,0.627348990125174,0.266588337065504,0.57,0.29
169,"index","flexible",0.016986021718378,0.908864371968903,-0.045868318051114,0.239200592211737,0.130212624357264,0.619275122594526,0.646217238647242,0.57,0.29
169,"offindex","oracle",0.00587780986832369,0.994399049914736,0.000199896566616467,0.161491824477165,0,0.836058966200075,0.946423998044046,NA,NA
169,"offindex","none",0.0358060937420223,1.41928943587092,-0.119973061346414,0.217574609232037,0.200130133202595,0.691989068871607,0.421731221785853,0.385,0.135
169,"offindex","linear",0.0232578275423865,1.03385836457469,-0.12255402605707,0.21637057005033,0.192289401350294,0.691989068871607,0.592746260805761,0.385,0.135
169,"offindex","flexible",0.023927803125518,1.02274276935547,-0.12077778464827,0.216703804011316,0.192674451565016,0.691989068871607,0.226802623569064,0.385,0.135
170,"correct","oracle",0.00646720522054706,1.0172002210012,0.00395238257135502,0.175699695818135,0,0.814748666907387,0.00584359524485801,NA,NA
170,"correct","none",0.0588355744794385,1.72845441803397,-0.127112227781653,0.221860615732264,0.180919366482106,0.707935177552948,0.000930321270737338,0.855,0.98
170,"correct","linear",0.023787795858265,0.851318496932716,-0.0292367648799391,0.217646061007195,0.161191682382168,0.707935177552948,0.0815700290803244,0.855,0.98
170,"correct","flexible",0.0315462112806505,0.772480646109931,-0.0281281464886009,0.218508703424511,0.164085046456684,0.707935177552948,0.00127285586026024,0.855,0.98
170,"index","oracle",0.00658336171227157,0.986910379469929,-0.00519099879771785,0.209968042879099,0,0.70981692243909,0.42821978740888,NA,NA
170,"index","none",0.0684476434258463,1.94306454855283,0.476244421637219,0.243079477738903,0.136786645148253,0.630293305358832,9.83982486849447e-06,0.52,0.69
170,"index","linear",0.0167752093622999,1.08686169657841,-0.0524920123050357,0.236750812673813,0.124318694542808,0.630293305358832,0.262908639258293,0.52,0.69
170,"index","flexible",0.0408631333570974,0.838118727301396,-0.0338142153412049,0.239220227496604,0.126611546356608,0.630293305358832,0.00133665582737732,0.52,0.69
170,"offindex","oracle",0.00540908647476403,0.978922681486275,0.0141639947737989,0.162625807925199,0,0.8337099052957,0.97984413113291,NA,NA
170,"offindex","none",0.0552850449254007,1.7975283784973,-0.0475735415498321,0.223250478827872,0.214143724698546,0.680249229336154,0.00270953961581541,0.59,0.965
170,"offindex","linear",0.02804233196398,0.833088811979299,0.0114426363948866,0.219543122873981,0.195256135767857,0.680249229336154,0.0687861686048384,0.59,0.965
170,"offindex","flexible",0.0303565045597696,0.81064965315811,0.0190938039694345,0.220102965442744,0.196623860765628,0.680209113925709,0.0756620227941626,0.59,0.965
171,"correct","oracle",0.00841051627059915,1.02450508578164,0.0138963768541203,0.174881867015987,0,0.816519760087012,0.729527919731559,NA,NA
171,"correct","none",0.0646820720771313,1.86171806046544,0.0923618999251097,0.222749093531084,0.18471797114319,0.707155031655755,1.00733693868015e-05,0.36,0.825
171,"correct","linear",0.0136466636644549,0.983150228804206,0.0407697902189726,0.217109354908151,0.16600320998887,0.707155031655755,0.413465915855762,0.36,0.825
171,"correct","flexible",0.0174757984306488,0.930870271388759,0.031762954132604,0.218945749338371,0.169060026219756,0.70301551865259,0.360096040069427,0.36,0.825
171,"index","oracle",0.00525449338469459,0.983336356578876,0.0115691757321076,0.210585964250816,0,0.709467516922015,0.582513400976271,NA,NA
171,"index","none",0.02083212878656,1.32831253078016,-0.0101453648366476,0.234675122957633,0.115357621576066,0.641764694181426,0.284744340424974,0.32,0.575
171,"index","linear",0.013627494702524,0.937428654005016,0.00128978213893943,0.234006478823277,0.119763419356804,0.641764694181426,0.131200278312653,0.32,0.575
171,"index","flexible",0.0271438999624677,0.831479081257398,0.0146258210239799,0.234923123964139,0.113747521182702,0.641764694181426,0.227905936689642,0.32,0.575
171,"offindex","oracle",0.00509419676510104,1.00699423599964,-0.0235905837288007,0.160541439248628,0,0.838171434379358,0.431929620342323,NA,NA
171,"offindex","none",0.0522614005291044,1.68903439013781,-0.432503887049919,0.220600953189271,0.204957340597855,0.688764268385825,0.0032652375216022,0.21,0.12
171,"offindex","linear",0.0141838047828236,0.908076331359514,0.0572604056431914,0.216429027990111,0.190342600869691,0.688764268385825,0.148409092472502,0.21,0.12
171,"offindex","flexible",0.0145436107441624,0.906933274303704,0.0577879865524228,0.216413910805451,0.191470944289873,0.688764268385825,0.248971241218582,0.21,0.12
172,"correct","oracle",0.00583046954936331,1.00337166767808,0.0200239130216383,0.176123762744486,0,0.813834753416969,0.53850227459337,NA,NA
172,"correct","none",0.0574383339848293,1.67786914398618,0.0592276805271754,0.219610554593648,0.176930841874448,0.713856117471661,0.000876417009223229,0.58,0.39
172,"correct","linear",0.0278574288889545,1.12488356737236,-0.124292122409472,0.216094511862826,0.164295338871457,0.713856117471661,0.461568321486088,0.58,0.39
172,"correct","flexible",0.0343048746249617,1.08539078328418,-0.1119561999121,0.217004701782202,0.165636956481364,0.713856117471661,0.165311906658677,0.58,0.39
172,"index","oracle",0.00619328347726968,0.997865322348333,-0.0252052796247993,0.209912778315735,0,0.710569224698675,0.409169177518044,NA,NA
172,"index","none",0.0445143593412774,1.40054887174016,0.209284019995898,0.236094666308256,0.121147469586003,0.641416715439785,0.0405964126217001,0.67,0.515
172,"index","linear",0.0158377172404863,0.967552901748777,-0.0442104835379512,0.23400781086047,0.118686320654035,0.641416715439785,0.432833840186643,0.67,0.515
172,"index","flexible",0.0216640629148712,0.882361477301519,-0.0485253247670581,0.234526601729221,0.114088294958146,0.641416715439785,0.287355007041083,0.67,0.515
172,"offindex","oracle",0.00728436222245533,0.983899078687178,0.00709397616756187,0.163723318223856,0,0.83301926725281,0.65644261701878,NA,NA
172,"offindex","none",0.0496616795208376,1.57590493568557,0.00803668284384388,0.220523414370419,0.205890426406983,0.687590594402925,3.59035987676767e-05,0.825,0.52
172,"offindex","linear",0.0115373077694722,0.958345100959918,0.0484080833414053,0.21734959746532,0.191229093284352,0.687590594402925,0.327796531739113,0.825,0.52
172,"offindex","flexible",0.0188876249341763,0.903289254230468,0.063340411584752,0.217955984906576,0.192928474569862,0.687590594402925,0.0519748671202268,0.825,0.52
173,"correct","oracle",0.00999183943290698,1.03457235362556,-0.0115999882056055,0.173796427367844,0,0.818813860346509,0.721526368688336,NA,NA
173,"correct","none",0.0640075541322266,1.79473174007424,-0.164489126755131,0.221354730983242,0.182722392698391,0.712619765494137,4.78405541686461e-08,0.04,0.15
173,"correct","linear",0.00795256905668086,0.988923394161252,-0.0237193267580665,0.215586657497376,0.164262447457739,0.712619765494137,0.0718965143185645,0.04,0.15
173,"correct","flexible",0.0190380015504338,0.922592298647594,-0.0170740282761695,0.216302256277099,0.166116753361516,0.712619765494137,0.0227285160891762,0.04,0.15
173,"index","oracle",0.00627296689151582,0.995377013716405,0.0173362563350892,0.209680057612389,0,0.710090853627827,0.690307922972226,NA,NA
173,"index","none",0.0317307436678079,1.53509217153827,-0.0567147854124487,0.23532160211509,0.1176795447373,0.643718899001916,0.137238606415614,0.19,0.02
173,"index","linear",0.0252256333887393,1.00408361367442,-0.108633604097337,0.234228381451129,0.123548938812879,0.643718899001916,0.238518244424884,0.19,0.02
173,"index","flexible",0.0364540097427039,0.673450799391791,-0.0782489407071137,0.236746828774574,0.121276279027563,0.632941996754833,0.134230203460331,0.19,0.02
173,"offindex","oracle",0.0045507565219674,0.997502237165952,0.0135296232280612,0.161307344080421,0,0.836485064042724,0.971479596041425,NA,NA
173,"offindex","none",0.0561775439142445,1.64189546088913,-0.451583337308292,0.221390593583909,0.206518272515945,0.683544236063729,5.25090773234409e-05,0.02,0.09
173,"offindex","linear",0.0122382867401244,1.09599652124973,-0.0416718756696515,0.217266117704664,0.19541891784194,0.683544236063729,0.199117443710747,0.02,0.09
173,"offindex","flexible",0.0103854955314346,1.09644654019848,-0.0419921111761346,0.217200176659506,0.195346390245268,0.683544236063729,0.515389218207187,0.02,0.09
174,"correct","oracle",0.00459290517159127,1.01187779324775,0.00400263650539119,0.175381154226194,0,0.815450448111257,0.784143324120136,NA,NA
174,"correct","none",0.0603215120471543,1.74134826419943,-0.0709136192649822,0.222761129762418,0.184950578163637,0.705325281999727,0.00191021370171443,0.14,0.465
174,"correct","linear",0.0156495364393032,1.05839471209918,0.0593866310736221,0.218255555457654,0.169956416555463,0.705325281999727,0.652364753315781,0.14,0.465
174,"correct","flexible",0.0188017496592785,1.03069153776994,0.0597567835331898,0.218632687577841,0.170865395286296,0.705325281999727,0.402224821925539,0.14,0.465
174,"index","oracle",0.00464070558026027,1.00142026399313,-0.00137758408284456,0.208971474811789,0,0.714029695783387,0.952899492074521,NA,NA
174,"index","none",0.0337571703173082,1.55847877902961,-0.0129795341415268,0.235254454583126,0.116282787436343,0.643784330811363,0.255195825611304,0.805,0.515
174,"index","linear",0.0132556839547278,1.02570294417918,-0.0228194298069026,0.233527280084958,0.119077037254998,0.643784330811363,0.757881969737204,0.805,0.515
174,"index","flexible",0.0285537293318685,0.944233000456437,-0.0111500677587396,0.234396097688388,0.119417089965658,0.643784330811363,0.249525157187146,0.805,0.515
174,"offindex","oracle",0.00721898721817282,1.01120015900333,0.0138467335172126,0.160965092879102,0,0.837546782364056,0.562497567224328,NA,NA
174,"offindex","none",0.068341085810232,1.96728362881955,-0.464865992964014,0.217733755874341,0.201413384876101,0.708498825944567,8.92245820915899e-07,0.055,0.065
174,"offindex","linear",0.0314491375551442,1.31521997618733,-0.0617309481777741,0.212372405223646,0.188047262348691,0.708498825944567,0.0423479575079534,0.055,0.065
174,"offindex","flexible",0.0387239462113532,1.28905689015693,-0.0427755617919125,0.212833496217222,0.188306089468268,0.708498825944567,0.00855365732813036,0.055,0.065
175,"correct","oracle",0.00748863351426652,0.9851354856344,-0.00568190677068403,0.177800746251924,0,0.8102537565386,0.812091530872427,NA,NA
175,"correct","none",0.0663667259873701,1.71012999915682,0.305320633558033,0.223763513927509,0.183164376185661,0.706906073367365,4.0544329703544e-06,0.495,0.405
175,"correct","linear",0.0130688859313209,1.03459902936405,0.0104543703029885,0.217485897854284,0.163322430453995,0.706906073367365,0.132313786447539,0.495,0.405
175,"correct","flexible",0.0175734646618965,1.01319447273408,0.010128301741826,0.217696903745754,0.163766471619701,0.706906073367365,0.231043849718277,0.495,0.405
175,"index","oracle",0.00929670233178627,0.996218845712515,0.0114944228448591,0.209656001767274,0,0.711114721220317,0.766036323139386,NA,NA
175,"index","none",0.0412532073608957,1.68265830163371,0.175053525428579,0.240317594174391,0.123538215161055,0.623650245419924,0.000413034804320197,0.22,0.675
175,"index","linear",0.0489172518556012,0.697839077014596,-0.118075409553423,0.241131063282354,0.137761193571823,0.623650245419924,2.91778617062082e-06,0.22,0.675
175,"index","flexible",0.0518991875918157,0.652359358598671,-0.113490381410065,0.241510541086436,0.135856727150843,0.623650245419924,4.41402113853731e-05,0.22,0.675
175,"offindex","oracle",0.00713809838914291,0.994369199196569,-0.0141071275831311,0.161171329553959,0,0.837611789399261,0.183963433720853,NA,NA
175,"offindex","none",0.0556264436349729,1.88940956435045,-0.447640342127599,0.224465655845037,0.215335656379492,0.67764715115834,1.19515247545056e-06,0.07,0.255
175,"offindex","linear",0.0127521967643882,1.08110330746747,-0.0729549754791874,0.219801208299162,0.201645910849366,0.67764715115834,0.276451111510352,0.07,0.255
175,"offindex","flexible",0.0161538469718237,1.06429815425637,-0.069685070101555,0.219984738237304,0.201742824761109,0.67764715115834,0.343401575542892,0.07,0.255
176,"correct","oracle",0.0106248362245528,1.00407847711631,-0.00131745104945119,0.176921755742893,0,0.81211485793628,0.215771276306693,NA,NA
176,"correct","none",0.0720873442459011,1.87887519643016,-0.23968365752806,0.223272460603653,0.183780238500961,0.711582308675331,5.45138218219455e-05,0.345,0.13
176,"correct","linear",0.0289928330627986,0.86759084455189,-0.115157947115637,0.217284748511443,0.161669862880374,0.711582308675331,0.561295887641701,0.345,0.13
176,"correct","flexible",0.0337489370541987,0.758935543077135,-0.112963389738776,0.218614530459687,0.165352938395299,0.711081158429768,0.0834004865543886,0.345,0.13
176,"index","oracle",0.00946033642333116,0.979439130725986,0.000687171269840307,0.209575627302208,0,0.711286072624592,0.896184557681308,NA,NA
176,"index","none",0.0358285824445391,1.55606495652282,-0.0782080783936851,0.235589044935327,0.117073783596352,0.643635205194393,0.36667657448337,0.89,0.505
176,"index","linear",0.0143994227713589,1.1759694755521,-0.00845210222667216,0.233944332404956,0.117536773423145,0.643635205194393,0.873741110293589,0.89,0.505
176,"index","flexible",0.0340749569156993,0.877650729838599,0.00465508626548251,0.237351586993797,0.132060047412191,0.633813377656748,0.193908931305799,0.89,0.505
176,"offindex","oracle",0.00640864588571303,0.980658765529743,0.00157709895227242,0.162876896319697,0,0.833879091895682,0.021290485357181,NA,NA
176,"offindex","none",0.0403155115147307,1.44580538805615,-0.229313756517321,0.22018943034816,0.204174773092094,0.685041981253446,0.0217579165672788,0.14,0.035
176,"offindex","linear",0.0512108593131831,1.70606098119118,-0.251590628136246,0.221550650182072,0.208930826755714,0.685041981253446,0.00174047736463285,0.14,0.035
176,"offindex","flexible",0.0299782750404862,1.30694157203918,-0.0905648668954776,0.223985653118859,0.210114153269712,0.664983369979037,0.387910143187238,0.14,0.035
177,"correct","oracle",0.0059958242599112,1.0022746176339,-0.00554560730474819,0.176116291556606,0,0.813808736628095,0.314051982625509,NA,NA
177,"correct","none",0.0658070291574641,1.98809669015212,-0.105604539551183,0.225799258068455,0.190246044408146,0.700186409134048,7.13300702647629e-05,0.31,0.45
177,"correct","linear",0.0538340583669887,0.907598736283358,-0.227693110966207,0.222513097304113,0.171988757480416,0.700186409134048,0.00367181201073019,0.31,0.45
177,"correct","flexible",0.0567541150332063,0.881204720172184,-0.214475557096684,0.22294092922121,0.172919058477457,0.700186409134048,0.00151147558028667,0.31,0.45
177,"index","oracle",0.00830063530710806,0.996433037937665,0.0052554988883154,0.209564859196469,0,0.714847583077056,0.565405474178745,NA,NA
177,"index","none",0.0200900843631267,1.09752091123717,-0.0940593909558888,0.237230240615858,0.126917606611712,0.629461459642218,0.680558732301397,0.565,0.875
177,"index","linear",0.0435721324434209,0.672158454391369,-0.000129445078415328,0.239119967266395,0.138841276342607,0.629461459642218,0.00137547368507392,0.565,0.875
177,"index","flexible",0.0457005318346276,0.631998498638368,0.0111530914535395,0.239967212199702,0.141152813122074,0.629246762636068,9.79409253013487e-05,0.565,0.875
177,"offindex","oracle",0.0107314786087981,1.00248056448569,-0.00714641658318647,0.160469063182105,0,0.838089173937409,0.62763539417967,NA,NA
177,"offindex","none",0.0316017850899878,1.3715396371637,-0.121203523819778,0.221296008304246,0.206357146517468,0.675967814424123,0.0285009334807913,0.99,0.11
177,"offindex","linear",0.0190085449120656,1.11803422164036,-0.109760306243356,0.220411816180608,0.201183715264791,0.675967814424123,0.291044397216383,0.99,0.11
177,"offindex","flexible",0.0271066012059711,1.0807803155444,-0.101001280481176,0.220890092772444,0.201598663250605,0.675859066826801,0.228193840446571,0.99,0.11
178,"correct","oracle",0.00825391367229851,1.00333760946208,0.0456585483618189,0.176550335552187,0,0.813002770265243,0.789939891973868,NA,NA
178,"correct","none",0.0408276146231549,1.42866552990291,-0.0785486351569105,0.222047331070653,0.179506721755867,0.697882457869685,0.425119770890408,0.845,0.935
178,"correct","linear",0.0203466637340393,0.870121113828058,-0.0482842154383919,0.220519432240419,0.167534661602836,0.697882457869685,0.317800016146788,0.845,0.935
178,"correct","flexible",0.0344201962710086,0.839305287859749,-0.0480923617801196,0.221897970798246,0.169239753782547,0.697384751707878,0.150234918784909,0.845,0.935
178,"index","oracle",0.00953681229678934,0.957765465838979,-0.00698395845136883,0.210506679076642,0,0.712605064270553,0.509747186588774,NA,NA
178,"index","none",0.0367562825674,1.11616142565766,0.173528032102441,0.23877468232078,0.12762628279955,0.626933548005211,0.340116735064547,0.105,0.36
178,"index","linear",0.0390363074832343,0.895033903965095,-0.150885308121158,0.239011754353837,0.13050096850637,0.626933548005211,0.0209774622550778,0.105,0.36
178,"index","flexible",0.0381086596050775,0.774892779968287,-0.1346417474895,0.239716123871758,0.129637549895851,0.626933548005211,0.000100978831814247,0.105,0.36
178,"offindex","oracle",0.00595308376402362,1.00367883014209,-0.00747984758026658,0.161621381381852,0,0.83705695756241,0.361823217587974,NA,NA
178,"offindex","none",0.0365188028274416,1.42310668327538,-0.105610789807091,0.220051327880361,0.204131877984503,0.685567867067072,0.0685440408477797,0.31,0.325
178,"offindex","linear",0.0159827450379899,1.03006177294343,-0.0695816760658823,0.2185562987643,0.195825904585718,0.685567867067072,0.241703549137515,0.31,0.325
178,"offindex","flexible",0.015387437888959,0.972748496339545,-0.042044381669399,0.218699211579038,0.196006928096034,0.685567867067072,0.0172146418665603,0.31,0.325
179,"correct","oracle",0.00782231582559376,1.03068387494239,0.00166238020634002,0.174766758271515,0,0.816690957055313,0.0660817930706375,NA,NA
179,"correct","none",0.0590597864410989,1.75974489681402,-0.12018391192171,0.22033001298245,0.177479891726267,0.713355463687419,0.000201217611416324,0.54,0.135
179,"correct","linear",0.0227378253462574,0.877875037271307,0.0337703208229579,0.215651290724483,0.156320772527664,0.713355463687419,0.758215927896781,0.54,0.135
179,"correct","flexible",0.0346361753665428,0.855872783318977,0.0418913877487926,0.216981090456532,0.158383591981515,0.713355463687419,0.721348275681709,0.54,0.135
179,"index","oracle",0.00399155277610813,1.0074157554534,0.00116088057704432,0.208471506491386,0,0.716458506616706,0.852187740256893,NA,NA
179,"index","none",0.0286546427859032,1.30032319730999,-0.125993772424211,0.235116030476789,0.121748357367248,0.642968916369225,0.187106795141106,0.6,0.785
179,"index","linear",0.0189527995604754,0.951634510720299,-0.077353546301598,0.234298755807324,0.12509511657518,0.642968916369225,0.398607256620267,0.6,0.785
179,"index","flexible",0.0238728610172872,0.885779117235573,-0.0712047395709258,0.234748653608364,0.1200323958233,0.642968916369225,0.1579779458864,0.6,0.785
179,"offindex","oracle",0.00840381348693443,0.98242245370677,0.0514191330828459,0.160869736250925,0,0.836074701967784,0.207433857323844,NA,NA
179,"offindex","none",0.0539531959198147,1.66735121416648,-0.106598960171442,0.217314126391386,0.20513157622406,0.694645230696458,0.206180948735474,0.395,0.535
179,"offindex","linear",0.0219960676683374,0.969637139788877,-0.0906328801898738,0.214066354482226,0.190019587190305,0.694645230696458,0.0671321184209802,0.395,0.535
179,"offindex","flexible",0.0312302184291713,0.872167032283222,-0.0492513360257126,0.214884401977256,0.192709204009348,0.694645230696458,0.0580858777867199,0.395,0.535
180,"correct","oracle",0.0060234126346548,1.00565595845772,0.00409569915255086,0.175594238487171,0,0.814946219784879,0.550240684373199,NA,NA
180,"correct","none",0.0574687349120589,1.62547556952694,-0.108642835805257,0.219437482301421,0.177231513895236,0.713780755123021,0.128857687247539,0.575,0.585
180,"correct","linear",0.0256272684434063,0.840190558888573,-0.0701813827186588,0.216259894271263,0.158655672569896,0.713780755123021,0.0175701057056316,0.575,0.585
180,"correct","flexible",0.0346315941889989,0.766873940461635,-0.0419339004787027,0.217097035393646,0.160928716466533,0.713780755123021,3.78216984091945e-05,0.575,0.585
180,"index","oracle",0.00797941725796287,0.994141475444062,0.00312626333429065,0.208763554841901,0,0.713257673257673,0.453946425034807,NA,NA
180,"index","none",0.0355391881548048,1.63947692132563,-0.086784377315459,0.236409248482956,0.119156113405686,0.6401313001313,0.0465054407672157,0.17,0.27
180,"index","linear",0.0196509023302856,0.962081479685148,0.0773127502177833,0.234595412783129,0.123440693005331,0.6401313001313,0.317358725649824,0.17,0.27
180,"index","flexible",0.0271022922619098,0.782585501630399,0.0755172517981254,0.23572802943238,0.120638392409271,0.6401313001313,0.158721718452093,0.17,0.27
180,"offindex","oracle",0.00592698764459494,0.974009385890136,0.0123420219081386,0.16296802005633,0,0.833517151002716,0.728447165290623,NA,NA
180,"offindex","none",0.0577804759593337,1.60513276222377,-0.507826240520275,0.224050128864601,0.210860289090301,0.679286287457085,0.0075636186232212,0.1,0.285
180,"offindex","linear",0.0321771732723007,1.33397041844361,-0.0534330313016215,0.220222358863327,0.205431763307728,0.679286287457085,0.928119356586747,0.1,0.285
180,"offindex","flexible",0.0277127311488719,1.26298913272313,-0.0302241860613169,0.220366735317993,0.205260110286373,0.679286287457085,0.981317657150979,0.1,0.285
181,"correct","oracle",0.0100899811034701,1.01048485295634,0.0394168736944736,0.175129583356031,0,0.815961346104603,0.419350816217379,NA,NA
181,"correct","none",0.0567411554586308,1.70811182253785,0.0944175760654942,0.220234297169818,0.180556827769122,0.711904287497599,0.0362897292016791,0.665,0.19
181,"correct","linear",0.0337808218967891,0.804922550070109,0.0669155107572157,0.217033421900959,0.161072843532681,0.711904287497599,0.0176921510295676,0.665,0.19
181,"correct","flexible",0.0395020328222614,0.776215731689743,0.0574836302949465,0.218246720933814,0.163700314911278,0.711811593768005,0.0501269194866163,0.665,0.19
181,"index","oracle",0.00910337176654696,0.989748441620981,0.0309652330522213,0.209028697222595,0,0.716588811567708,0.630817007201205,NA,NA
181,"index","none",0.0347880634860198,1.37707690150384,0.14755570101292,0.239008410090497,0.12654504477376,0.626415986611526,0.830702650714063,0.185,0.445
181,"index","linear",0.0473190540647931,1.91528876346483,0.138878145439644,0.240481066237057,0.125174684709601,0.626415986611526,0.353872957589421,0.185,0.445
181,"index","flexible",0.0442818634937652,1.08940340701147,0.0870745452037708,0.243015104528423,0.128653653936364,0.568967909938284,0.478778842024378,0.185,0.445
181,"offindex","oracle",0.00953781120961457,0.973969705265147,0.0342626409117546,0.162946087185229,0,0.832457712782931,0.124273473119591,NA,NA
181,"offindex","none",0.0493677037062819,1.73097025663688,-0.300768014330294,0.223933190530583,0.215813313522239,0.670636981410972,0.000164946474248828,0.725,0.835
181,"offindex","linear",0.00991077110640535,1.0458058380612,0.0239357227780492,0.220822402705997,0.205970955931918,0.670636981410972,0.523422128075026,0.725,0.835
181,"offindex","flexible",0.0325479032978089,0.890194519582206,0.0709743600334475,0.223057674490384,0.209200432656287,0.665222531634841,0.0301448773698948,0.725,0.835
182,"correct","oracle",0.00554464040535461,1.00444332974561,-0.00671926371480006,0.176147022147067,0,0.813786213240759,0.0383086250838127,NA,NA
182,"correct","none",0.0386411211956886,1.4390058815483,-0.00340294595755612,0.2198123403637,0.175257223333669,0.705205373468484,0.931101398257985,0.935,0.6
182,"correct","linear",0.0148518022129391,0.985309569462759,0.0421628963504164,0.217784106989872,0.164602675463369,0.705205373468484,0.939335429870544,0.935,0.6
182,"correct","flexible",0.0175115408961913,0.951177014134886,0.0416722085211114,0.218098586650629,0.165762518860661,0.705205373468484,0.618163114488807,0.935,0.6
182,"index","oracle",0.0100546226121946,0.975913705478989,0.0242335486784532,0.210420592693546,0,0.710557889436264,0.467105057943094,NA,NA
182,"index","none",0.0267525073493025,1.33902885313677,-0.106805812038941,0.236000157266702,0.119354873426174,0.636451469436711,0.384429904299631,0.215,0.19
182,"index","linear",0.0308315071597696,0.789080072062532,-0.0155203813206931,0.235900301735408,0.125979900141554,0.636451469436711,0.354008407140674,0.215,0.19
182,"index","flexible",0.0273774004204971,0.698969837486259,-0.0180464492621615,0.236703188672213,0.123530541009939,0.636556595083612,0.102539737645007,0.215,0.19
182,"offindex","oracle",0.00838516600246034,1.00029794383977,0.0250220359615532,0.160546337474773,0,0.837810077683086,0.566081379559489,NA,NA
182,"offindex","none",0.0555143336084486,1.7477711708629,-0.173948509713063,0.21744017739274,0.204870414774562,0.698518640810179,0.00246914706668093,0.665,0.935
182,"offindex","linear",0.018862912345267,1.07786478937669,-0.115006354813241,0.213738448668426,0.19067203398934,0.698518640810179,0.0754468088177804,0.665,0.935
182,"offindex","flexible",0.0327175092733633,0.960955429080031,-0.0572018926758841,0.215319749536011,0.192737651546872,0.696713831219951,0.00243091556029502,0.665,0.935
183,"correct","oracle",0.00718069153601252,0.995853791996406,0.0196759717117751,0.176958835860459,0,0.812091625040868,0.597679422915635,NA,NA
183,"correct","none",0.0891554210125613,2.32388116383605,0.285606755145636,0.22348508614251,0.18685462044516,0.722331929598946,9.41126181535156e-08,0.235,0.1
183,"correct","linear",0.0406361089139045,0.896710241519898,-0.175986398433276,0.214428568000049,0.157610767865789,0.722331929598946,0.00825975932723363,0.235,0.1
183,"correct","flexible",0.0488146090339726,0.87687930622208,-0.174189385344995,0.215537821894436,0.158892806202306,0.722331929598946,0.00170585211917508,0.235,0.1
183,"index","oracle",0.00769992469970418,1.03806400923223,0.00978297745786031,0.208372180801568,0,0.714352950532038,0.823976464349651,NA,NA
183,"index","none",0.0205037205621998,1.18279955042991,-0.0327755613101698,0.234394055647073,0.120611538412557,0.64276551304236,0.44347599550279,0.355,0.41
183,"index","linear",0.0148625424600589,0.954723223048092,-0.0277240594668474,0.234148977757681,0.124352006015567,0.64276551304236,0.156247689230039,0.355,0.41
183,"index","flexible",0.0261104118082497,0.896207629426118,-0.0261585936795386,0.234791837995659,0.126881295047041,0.64276551304236,0.228719103161555,0.355,0.41
183,"offindex","oracle",0.00557958701284369,0.997583063085597,0.0100830748124537,0.161126581168602,0,0.836735600014893,0.111793177304387,NA,NA
183,"offindex","none",0.0447284676099471,1.45461092340859,-0.325967497317186,0.221583034723858,0.20810558167407,0.679315403422983,0.231148866349006,0.755,0.355
183,"offindex","linear",0.0274826793438082,0.787686214188504,0.0703198427101251,0.219894318249191,0.197823663938775,0.679315403422983,0.000193423539539291,0.755,0.355
183,"offindex","flexible",0.0394681575163937,0.760304351827696,0.0732544974697781,0.220745674263471,0.198715890816366,0.679095199384409,0.00033843884266481,0.755,0.355
184,"correct","oracle",0.00836632722576789,1.00751971055974,-0.0174212550197728,0.175923588653961,0,0.81435163980942,0.147935921111656,NA,NA
184,"correct","none",0.0704231384436271,1.93773674824957,0.134815369874032,0.219710898196349,0.18028805347897,0.721786335648672,0.000633631756617457,0.1,0.31
184,"correct","linear",0.0282191257627927,0.837515140211555,-0.0331045598580607,0.213460873902502,0.1556083879731,0.721786335648672,0.0939957010946421,0.1,0.31
184,"correct","flexible",0.0406161727036275,0.665226736732116,-0.0147675742404286,0.215979182146265,0.162512891070156,0.719223796397905,1.70540521639476e-08,0.1,0.31
184,"index","oracle",0.00612115256801473,0.982742529926716,-0.0170798139019708,0.209097264981629,0,0.71406891278304,0.23225319852951,NA,NA
184,"index","none",0.0617554980013079,1.34752446008945,-0.32733527828153,0.241075964513231,0.134219050145913,0.629295557648857,0.0600137470924803,0.68,0.87
184,"index","linear",0.0131887542659729,0.996652316326852,-0.0427845587795533,0.23679032650399,0.126895818552743,0.629295557648857,0.904527175782266,0.68,0.87
184,"index","flexible",0.036791811982376,0.6036817821066,-0.0348554554631774,0.241169569718897,0.13118033579064,0.609356087249963,0.389253908818808,0.68,0.87
184,"offindex","oracle",0.00524514223926947,1.00638143600733,-0.00660078576970814,0.160477944979968,0,0.838405324493717,0.142544319832353,NA,NA
184,"offindex","none",0.0875649503469454,1.98915770592697,-0.909841001938885,0.225365945445649,0.211344536760633,0.699089756791039,5.80441219213768e-09,0.21,0.235
184,"offindex","linear",0.0148047925076097,1.06271233413871,0.0253983002525888,0.214260496805047,0.190533121681556,0.699089756791039,0.726539800463955,0.21,0.235
184,"offindex","flexible",0.0342304008207925,0.829367867307721,0.0960724798430934,0.216884460505832,0.193169881047497,0.69688274033456,0.0126317868153691,0.21,0.235
185,"correct","oracle",0.00651698430304326,1.00634730575925,-0.0142106152520799,0.176495366302586,0,0.813054960088794,0.246417233353292,NA,NA
185,"correct","none",0.0584374158588696,1.72505868259121,-0.00308046669109171,0.220954353726535,0.178333429960586,0.710425803668129,0.00151713466380254,0.865,0.535
185,"correct","linear",0.00707576597820024,1.02831107838993,-0.00359909356537,0.216324961489265,0.161047678865007,0.710425803668129,0.683105554504819,0.865,0.535
185,"correct","flexible",0.0338677104104741,0.904446793963157,0.00935882502253254,0.217967056229175,0.163772817705184,0.710425803668129,0.187550204301022,0.865,0.535
185,"index","oracle",0.0100058055161384,0.993853911074686,0.00362983072112529,0.209958664111096,0,0.709469121288753,0.94840744265121,NA,NA
185,"index","none",0.0266979710020634,1.39815823141469,0.091394602963371,0.236203301705087,0.118402157226114,0.63699803912815,0.0442420031301738,0.03,0.175
185,"index","linear",0.0486251352436628,1.93638336248113,0.231164933778123,0.239041013662893,0.121674099095067,0.63699803912815,0.000991202245585176,0.03,0.175
185,"index","flexible",0.0401256620073792,0.972805923175015,0.119449088838342,0.244319641272703,0.131976604372624,0.577373001765257,0.024058012223362,0.03,0.175
185,"offindex","oracle",0.00954740975191663,0.984952180753622,0.0125287610574035,0.163153116776796,0,0.832062734408693,0.223740630514076,NA,NA
185,"offindex","none",0.051312289490031,1.6645425695511,-0.334686403598785,0.219528001871067,0.202506709428749,0.689101849760601,0.00155397407826873,0.22,0.1
185,"offindex","linear",0.0341396733904095,0.910245944002925,0.175074810437387,0.217340569775166,0.189235933296669,0.689101849760601,0.633345676413967,0.22,0.1
185,"offindex","flexible",0.0380513154673413,0.890925332693338,0.179964768764244,0.217652135389221,0.190036932837645,0.689101849760601,0.759756649453439,0.22,0.1
186,"correct","oracle",0.0062253438361192,1.02998118711981,-0.00450834073062258,0.174094976298258,0,0.818130956318808,0.0191272514473862,NA,NA
186,"correct","none",0.0813467863297514,2.34070009558194,0.252833235452831,0.22648340494411,0.192606724477886,0.709107306934451,4.73805193933095e-06,0.76,0.32
186,"correct","linear",0.0221896653886599,1.16891356754777,-0.00712651835888124,0.217149628932626,0.167647009879328,0.709107306934451,0.561170686318982,0.76,0.32
186,"correct","flexible",0.0476366376471293,0.991738506389764,-0.00613194165329271,0.21956924037969,0.17290819129573,0.708215376437723,0.0114253495351647,0.76,0.32
186,"index","oracle",0.00704521275686064,0.980981415065873,-0.0187620639069584,0.210271595661068,0,0.709366772519013,0.530462622845384,NA,NA
186,"index","none",0.0382853320019381,1.24601763154308,0.173819099010198,0.236013767573505,0.1215709282072,0.638679878254534,0.134993202564809,0.815,0.995
186,"index","linear",0.0333272639144649,0.821068319521061,-0.100814067992802,0.235874693880819,0.125352995946577,0.638679878254534,0.099372284400899,0.815,0.995
186,"index","flexible",0.0434790180576312,0.678389856587515,-0.0846863086651794,0.237011399159854,0.12020064797991,0.637834070256669,0.00207638499419049,0.815,0.995
186,"offindex","oracle",0.00669715225186147,0.979890917877715,-0.010863921311657,0.163506165717285,0,0.833056995807562,0.36084803283346,NA,NA
186,"offindex","none",0.0531290378094802,1.67798120716866,-0.000333616119721372,0.22327520016699,0.211400147908515,0.679821065277297,0.00010022497628811,0.185,0.205
186,"offindex","linear",0.0368024194803805,1.08562308176976,-0.196488673976979,0.220804009875649,0.197979957509934,0.679821065277297,0.401647079194348,0.185,0.205
186,"offindex","flexible",0.0480397111584265,0.786605854918022,-0.0811364545471774,0.227416958054261,0.206593886010151,0.64192638024519,0.0730993180196751,0.185,0.205
187,"correct","oracle",0.00542580435548403,0.990260424503198,-0.00701711297865233,0.177319711944244,0,0.811264021239706,0.257058330424552,NA,NA
187,"correct","none",0.0457675246692679,1.48238589447392,-0.0752464297823131,0.221464892822751,0.17912803674928,0.702479819767148,0.0622473859638781,0.94,0.815
187,"correct","linear",0.0109744044049781,0.926007495191828,-0.0060135004911696,0.218917907246829,0.166185128231159,0.702479819767148,0.820311646033717,0.94,0.815
187,"correct","flexible",0.0214259644050935,0.911274147598894,-0.0160605668985583,0.220057781169009,0.168716608772795,0.701156358263395,0.777010616259421,0.94,0.815
187,"index","oracle",0.00647484764322582,0.97956021861712,0.000174089481046027,0.209691075250526,0,0.713619716866475,0.870865514108393,NA,NA
187,"index","none",0.0495685139953908,1.65125021966913,-0.207860750959082,0.236055657016424,0.118494945143132,0.646789855782031,0.0123717066806271,0.705,0.375
187,"index","linear",0.0200549518873368,1.06059345061063,0.0857427345698136,0.2332372555254,0.118577363494523,0.646789855782031,0.481029625922792,0.705,0.375
187,"index","flexible",0.0245631755434425,0.919877438739617,0.0768432017806486,0.234850071078103,0.119647274058011,0.644235149241982,0.136302209872975,0.705,0.375
187,"offindex","oracle",0.00525830261043967,0.990741717674737,-0.00431877047071905,0.161524363364513,0,0.836260502455488,0.509439985735796,NA,NA
187,"offindex","none",0.0667620123814762,2.03319212866077,-0.454484138547555,0.221196338199994,0.208175499092,0.694417336198607,1.75282091912336e-09,0.065,0.505
187,"offindex","linear",0.0252228498814861,1.11083551047149,0.0910717234743876,0.215785593995458,0.191312067210151,0.694417336198607,0.00309146596841348,0.065,0.505
187,"offindex","flexible",0.0242699424850168,1.10272167217761,0.0893973348361015,0.215948921557294,0.191511887414901,0.694417336198607,0.00323474349246424,0.065,0.505
188,"correct","oracle",0.0118988949604158,0.977071237848769,-0.00865777145023228,0.17817436053142,0,0.809420806099088,0.270850156902512,NA,NA
188,"correct","none",0.0646386100039253,1.70625738980568,-0.0284394978261901,0.218247691838051,0.17588790539158,0.720174310636521,2.47588180177723e-06,0.97,0.38
188,"correct","linear",0.0139664715107143,0.973237264347709,-0.0642799913892278,0.213581090612594,0.157835062024624,0.720174310636521,0.0823900896651062,0.97,0.38
188,"correct","flexible",0.0307902728881675,0.938847286734216,-0.0617000780580698,0.21482734383041,0.159844318159142,0.720174310636521,0.198428497994471,0.97,0.38
188,"index","oracle",0.00803595327863179,0.994101383193989,0.00852797110694289,0.209333648798327,0,0.714536637303448,0.27012065944132,NA,NA
188,"index","none",0.028868889577977,1.43040745028867,0.074126007080503,0.239733198205528,0.125658908800766,0.617787695384125,0.286155594170153,0.77,0.505
188,"index","linear",0.0434953874197986,0.902910900338636,0.166734631247542,0.240763874669487,0.135411465304952,0.617787695384125,0.19702522323837,0.77,0.505
188,"index","flexible",0.044942821945158,0.787582979306213,0.156179712512721,0.241314012486671,0.135025771159882,0.617787695384125,0.0564569367623975,0.77,0.505
188,"offindex","oracle",0.00569750267873301,1.01220669437827,0.0102287423134585,0.160613651600955,0,0.838198414409344,0.872932204359618,NA,NA
188,"offindex","none",0.047242744152276,1.67591358987041,-0.0558911135484514,0.223376821977776,0.216415913208538,0.674864667310415,6.08785685285875e-06,0.175,0.11
188,"offindex","linear",0.019656361334072,0.905288288050724,0.102522532036077,0.220448873095512,0.204699098848312,0.674864667310415,0.170233587534671,0.175,0.11
188,"offindex","flexible",0.0262876691619294,0.871606623977856,0.114882570368277,0.221145312629739,0.205099115632382,0.674864667310415,0.0360983575518799,0.175,0.11
189,"correct","oracle",0.00500649484799908,1.00537021346103,-0.0202797311543154,0.176473708299056,0,0.813027061371385,0.464144938782339,NA,NA
189,"correct","none",0.0763842833576874,1.99324383472233,0.215964052398654,0.221831053159607,0.183864549003875,0.717389683285832,7.2577310688912e-05,0.945,0.45
189,"correct","linear",0.0246702545882808,0.837359451413564,0.00903783310824642,0.214839324497649,0.159053511157908,0.717389683285832,0.124247693550511,0.945,0.45
189,"correct","flexible",0.0576325338414991,0.560987792263096,0.0464262604492466,0.219120628074951,0.169504420131608,0.717389683285832,2.05654073132417e-17,0.945,0.45
189,"index","oracle",0.00777422951063211,0.969214004049804,-0.0270505272510808,0.210895566177802,0,0.709296372328868,0.00832421547790172,NA,NA
189,"index","none",0.0175232748246264,1.26089377576982,-0.0480647379853407,0.236951999169658,0.120329411422343,0.63064683864726,0.46286265171104,0.745,0.78
189,"index","linear",0.020659813616996,1.05593937668249,-0.090688859843466,0.236829630697918,0.122801829409445,0.63064683864726,0.262131538791277,0.745,0.78
189,"index","flexible",0.0273191629711978,0.944325340325828,-0.0676181959338004,0.237446315536762,0.119185637081949,0.63064683864726,0.129971635242532,0.745,0.78
189,"offindex","oracle",0.00795293318012883,0.999961775189788,-0.0200694547604755,0.161737862152642,0,0.836616588765113,0.213665688101483,NA,NA
189,"offindex","none",0.0651504158993186,1.91390457016194,-0.456393360825513,0.221382651300733,0.208577613171179,0.694763925955888,0.00118433765240573,0.67,0.65
189,"offindex","linear",0.0338229935867432,1.19176534431256,-0.219061545026335,0.21711910185174,0.196094475577023,0.694763925955888,0.0857509508828594,0.67,0.65
189,"offindex","flexible",0.0377005985926835,1.10124478841053,-0.157732212495018,0.217973721032039,0.197857913572835,0.694763925955888,0.00121358040162062,0.67,0.65
190,"correct","oracle",0.00317728696161124,0.996499285870788,-0.0119290598100081,0.177181686543039,0,0.811553706243377,0.457771069340226,NA,NA
190,"correct","none",0.0635658555182598,1.78101109151914,0.0831344518677594,0.219768544470055,0.178808175373005,0.716561583807635,0.00803462924293073,0.325,0.93
190,"correct","linear",0.0212855568361674,0.927473976504874,0.0788109832050528,0.214844192230788,0.159757872943188,0.716561583807635,0.937163708452481,0.325,0.93
190,"correct","flexible",0.0344047242269304,0.891470004826644,0.0856829616664676,0.216017726241792,0.161847778612267,0.715922454254285,0.778948763613449,0.325,0.93
190,"index","oracle",0.0122303490331951,0.995962330231499,0.0260151996324789,0.209875695248402,0,0.711700062540128,0.514309773207445,NA,NA
190,"index","none",0.0292982332431408,1.51606127477857,0.0104230803071444,0.233799831085219,0.112861202066422,0.649566247629542,0.24568022603346,0.91,0.02
190,"index","linear",0.0210209987165613,0.988611040805342,-0.0820468629782041,0.232537294886397,0.118106033437132,0.649566247629542,0.852238024892108,0.91,0.02
190,"index","flexible",0.0361294695526796,0.865320774627145,-0.0470908540267153,0.233972371337629,0.114792127183445,0.638613524213607,0.178118893179125,0.91,0.02
190,"offindex","oracle",0.0118815856859666,1.01428589166445,0.035460362817383,0.160379668967886,0,0.837867772301772,0.124922365187734,NA,NA
190,"offindex","none",0.0455156825773558,1.5210719622067,-0.145584897947993,0.216769481456957,0.201334570210339,0.694981891272478,0.00991953890356291,0.31,0.035
190,"offindex","linear",0.0258673659952012,0.828210945982007,0.116336011689064,0.21546246910319,0.188278573723608,0.694981891272478,0.958323156442759,0.31,0.035
190,"offindex","flexible",0.0289099502688625,0.783044919240345,0.119727796316747,0.215549669536715,0.189583214978944,0.694981891272478,0.0597870201881949,0.31,0.035
191,"correct","oracle",0.0103897570272287,0.995208852864351,0.00390689303130887,0.177063101740446,0,0.811825671178315,0.117555558943942,NA,NA
191,"correct","none",0.0519426554169927,1.58036308659005,-0.0652124439571354,0.219451645933368,0.178080752286509,0.71194552541323,1.19689580934185e-05,0.595,0.945
191,"correct","linear",0.0332424579718588,1.30607699448943,-0.056893594113461,0.217287137451996,0.171505480335926,0.71194552541323,0.00261791632844647,0.595,0.945
191,"correct","flexible",0.0411847400781019,1.13541236331857,-0.045664799617991,0.218753219381037,0.174526481632133,0.71194552541323,0.000288775234181823,0.595,0.945
191,"index","oracle",0.00761964074150428,0.986103468698412,-0.00268193856555908,0.209996012035555,0,0.713088125118931,0.867365573782212,NA,NA
191,"index","none",0.040393943288095,1.42954213190693,-0.174554432652339,0.235745890123591,0.118337327824991,0.643392327333033,0.0421040612172046,0.255,0.29
191,"index","linear",0.0232255960325521,1.29145597369899,-0.0560014505703953,0.234401558750122,0.115830776886095,0.643392327333033,0.196831563817221,0.255,0.29
191,"index","flexible",0.0265300598012073,0.805405974501337,-0.0315166368415012,0.237730147087854,0.120190981790397,0.630494825536255,0.0926139676868124,0.255,0.29
191,"offindex","oracle",0.00682413627953436,0.991474917025245,-0.0236146325315164,0.162440143043156,0,0.835816630970063,0.214055072453188,NA,NA
191,"offindex","none",0.0659827635756985,1.95791645073713,-0.247015976904782,0.218405695755472,0.204200804036428,0.706317180606141,5.462444335776e-05,0.795,0.98
191,"offindex","linear",0.015293145433403,0.944813858183382,-0.0391393154263777,0.212642137106581,0.182032499989879,0.706317180606141,0.667779638512837,0.795,0.98
191,"offindex","flexible",0.0479449298125745,0.637463319902195,0.0480867530738235,0.215899203597363,0.189462285990356,0.706317180606141,0.0167421262817972,0.795,0.98
192,"correct","oracle",0.00705756590802288,0.994223423561291,-0.00950248934110815,0.177740224967939,0,0.8103921741513,0.452781788386826,NA,NA
192,"correct","none",0.0729484512599638,2.05596140282051,-0.156511152106121,0.224940323077698,0.18866907966835,0.707225466598877,0.000177520594220592,0.64,0.835
192,"correct","linear",0.0132850683297515,1.05382165344748,-0.0541002635701409,0.217588871593345,0.167000448933772,0.707225466598877,0.304116042534748,0.64,0.835
192,"correct","flexible",0.0294423190969615,0.989989432464716,-0.0554018296706391,0.218837422647379,0.168626752100864,0.707225466598877,0.148554961941646,0.64,0.835
192,"index","oracle",0.00769182396448707,0.971600463801082,0.00598389031790561,0.210453289805236,0,0.711321550699076,0.934262918626776,NA,NA
192,"index","none",0.0237124294540505,1.27057434048451,0.0634985044259493,0.234161660891107,0.114224329335976,0.644346779659603,0.0378185027430582,0.205,0.105
192,"index","linear",0.0511990296710694,1.10480812432868,0.24012615248055,0.236246676086441,0.123099996466575,0.644346779659603,0.0110812743606336,0.205,0.105
192,"index","flexible",0.0509197035743224,1.03393562955557,0.224083855777023,0.236683635820208,0.120986799979735,0.644346779659603,0.000753113192886245,0.205,0.105
192,"offindex","oracle",0.00799452228149489,0.998020006190856,-0.00991124124422092,0.16170948745265,0,0.836052655715318,0.0518553209852296,NA,NA
192,"offindex","none",0.0578430448201184,1.71511194130467,-0.0835461661093491,0.216757982996628,0.200143904173146,0.704312092869011,4.38939147091547e-05,0.72,0.69
192,"offindex","linear",0.0148126760411753,0.970360198727225,-0.0357126674787465,0.212381028211962,0.181192151512671,0.704312092869011,0.227402611845929,0.72,0.69
192,"offindex","flexible",0.0280639188361252,0.878525571841495,0.00147027415888275,0.213443104651051,0.183331060274343,0.704312092869011,0.133112204937402,0.72,0.69
193,"correct","oracle",0.0073820054835981,0.978182604264431,0.00128900867164228,0.178043491609556,0,0.809718213948053,0.027351101175286,NA,NA
193,"correct","none",0.0532918594326056,1.5810243113661,0.170662728032408,0.218970137315356,0.17483756815542,0.715041836942207,0.311316952761658,0.33,0.675
193,"correct","linear",0.0135745982893191,0.912749669201135,0.00113514328851778,0.214985876299216,0.157626489936289,0.715041836942207,0.00174292742547203,0.33,0.675
193,"correct","flexible",0.0380309681992179,0.731714839512143,-0.0496233323943166,0.217257900467096,0.164548321371432,0.715041836942207,4.76539635474723e-10,0.33,0.675
193,"index","oracle",0.00652273352502478,0.963842580231162,0.00410750560926552,0.210010769782105,0,0.709753933877854,0.865522262447791,NA,NA
193,"index","none",0.0323213884640069,1.04107367186922,0.140211473884819,0.240738114778335,0.130149991197284,0.613933875254049,0.475522754230393,0.06,0.3
193,"index","linear",0.0132972641544021,1.022358666336,0.0548188591576178,0.239842266633913,0.127514425439385,0.613933875254049,0.811947533849248,0.06,0.3
193,"index","flexible",0.0144493588341931,1.01034803015715,0.0537682512322088,0.239939617315109,0.127533145591755,0.613933875254049,0.76596476072164,0.06,0.3
193,"offindex","oracle",0.00678796928732214,0.996526027033295,-0.00187103682314817,0.161174102067785,0,0.838006196277586,0.178170614863561,NA,NA
193,"offindex","none",0.0635647210850929,1.98260515716392,-0.30157654185894,0.220433060010028,0.208593613039206,0.696220741381741,1.33547405453428e-05,0.05,0.125
193,"offindex","linear",0.033128510190591,0.975286212078822,-0.145560382223186,0.215940728668463,0.188452772572396,0.696220741381741,0.131887587448685,0.05,0.125
193,"offindex","flexible",0.0458931408458147,0.881296725372598,-0.0872606210544505,0.21788395364364,0.191318413033832,0.696220741381741,0.0252564037065416,0.05,0.125
194,"correct","oracle",0.0123932106615798,1.00716951047156,0.00249577291977904,0.175433319490123,0,0.815265853546925,0.137698504585619,NA,NA
194,"correct","none",0.0556501299909798,1.61439108392613,-0.123762381824042,0.220806958690383,0.181552345598595,0.709265841386689,0.16506720888686,0.095,0.275
194,"correct","linear",0.0386404248174166,0.908085117140416,0.162726371076385,0.218466005721036,0.167683905388273,0.709265841386689,0.0793444182332015,0.095,0.275
194,"correct","flexible",0.0392116288928066,0.893160475723495,0.16057596346271,0.218734811525562,0.168162013063675,0.709265841386689,0.0407466422786016,0.095,0.275
194,"index","oracle",0.0099204362404703,1.04868954344111,0.0266028466818024,0.208105073730569,0,0.718063877480856,0.971653505706807,NA,NA
194,"index","none",0.0243959877992416,1.3512439026449,-0.0244097031897033,0.235031613818161,0.118057921471585,0.641358952336303,0.70229860493099,0.435,0.145
194,"index","linear",0.0268837835251776,0.81161304699372,0.0123344172515779,0.234875843566915,0.126962015319081,0.641358952336303,0.544625680862829,0.435,0.145
194,"index","flexible",0.0273522102007333,0.7936892131401,0.00882363488737555,0.235205311867925,0.128170302863386,0.641358952336303,0.303023554633142,0.435,0.145
194,"offindex","oracle",0.00627122567663403,1.01063957785017,-0.0298844936211562,0.160860574124757,0,0.838771505114051,0.137188409527671,NA,NA
194,"offindex","none",0.0570679043297486,1.72712895750101,-0.115041844357704,0.216146362158537,0.200001802501575,0.708180191426066,6.22566410114786e-05,0.85,0.845
194,"offindex","linear",0.0175349266393515,0.902314149848649,0.0133201945104184,0.21207299657119,0.181033981343852,0.708180191426066,0.426124349276455,0.85,0.845
194,"offindex","flexible",0.0159953659936923,0.898620386949528,0.0139281051552983,0.212106940289326,0.181608143772276,0.708180191426066,0.680357389457819,0.85,0.845
195,"correct","oracle",0.00916385490886393,1.01256551563817,-0.0229791117943307,0.175587656059439,0,0.814941704941705,0.585226311007964,NA,NA
195,"correct","none",0.0645595479677115,1.78480336682969,0.112702526248613,0.21944268676532,0.178494739147355,0.718764428764429,0.00337743745695571,0.565,0.625
195,"correct","linear",0.0324414428111933,1.19161521131862,0.140426576640335,0.215090894431741,0.164455752587239,0.718764428764429,0.650895605476175,0.565,0.625
195,"correct","flexible",0.0323077159154953,1.09178401124544,0.13145580698432,0.216103362464519,0.166523059402167,0.717206637206637,0.729529365990494,0.565,0.625
195,"index","oracle",0.00915907765798404,0.967309654443585,-0.0175257072854899,0.209688584156039,0,0.711737389796316,0.0386324366344999,NA,NA
195,"index","none",0.0243210508516283,1.38893521123388,-0.0557074481400697,0.233145258004951,0.115912371289115,0.650001096510538,0.0030315553419301,0.29,0.005
195,"index","linear",0.0209029015060451,0.875624876350813,-0.0235897382944397,0.232385031676489,0.121958962017239,0.650001096510538,0.0709498459509228,0.29,0.005
195,"index","flexible",0.0151640275769037,0.844859906145911,-0.0282164131681828,0.232251147112614,0.118005002915509,0.650001096510538,0.0108855763407632,0.29,0.005
195,"offindex","oracle",0.00594310463421027,0.997469407980366,-0.00360041176142936,0.161336115322979,0,0.836345173560566,0.405553818819987,NA,NA
195,"offindex","none",0.0539860384808115,1.76734710819773,-0.183665800894074,0.216745251306442,0.202561147439085,0.703330743206441,2.12574536503412e-05,0.175,0.58
195,"offindex","linear",0.0150605580765024,0.925578144078657,0.0476492414228326,0.212558021883321,0.184596849518712,0.703330743206441,0.0514591472866295,0.175,0.58
195,"offindex","flexible",0.0345787692127153,0.828377729828045,0.0616185490258796,0.213728360546289,0.187984858385641,0.703330743206441,3.96037478460182e-07,0.175,0.58
196,"correct","oracle",0.0103308279735114,0.958768091151287,0.0124105365208021,0.181289352995117,0,0.802684521206766,0.0371677007972575,NA,NA
196,"correct","none",0.0598645166217108,1.74689589563944,0.101069575652412,0.222749838781209,0.181051492716799,0.705207932539959,0.0119270021471467,0.805,0.645
196,"correct","linear",0.0417787221656755,1.35409591273154,-0.157918937717827,0.220227427678829,0.172745119199444,0.705207932539959,0.0147685198090944,0.805,0.645
196,"correct","flexible",0.0407753050484078,1.27797798206464,-0.143463153435295,0.221183754844316,0.174092452668415,0.705207932539959,0.00357652806211785,0.805,0.645
196,"index","oracle",0.0116481908221917,1.03394406059482,0.000109973127572293,0.208449233848561,0,0.713316218989402,0.258639611443826,NA,NA
196,"index","none",0.0300399387761319,1.50907705549229,0.0530698604371516,0.235076311429123,0.115508286374294,0.644092126814787,0.00767842762026149,0.05,0.335
196,"index","linear",0.033192502567044,1.00434679099952,0.14296166547423,0.234548052660259,0.121759224148008,0.644092126814787,0.0458212302254487,0.05,0.335
196,"index","flexible",0.034603697585612,0.818884657915797,0.108791044525662,0.235677095807985,0.119709608883119,0.632606140217639,0.140308808423608,0.05,0.335
196,"offindex","oracle",0.00964486470594011,1.01908547288523,-0.0280745781006647,0.160397783454325,0,0.839625594953333,0.326950088154982,NA,NA
196,"offindex","none",0.0558178479835151,1.70440017695044,-0.210433062597853,0.217651997640838,0.201097192456068,0.701407023859416,3.05684978199844e-05,0.84,0.96
196,"offindex","linear",0.0135245481661882,1.10121335027145,-0.021260609369162,0.213857465190215,0.188044586079018,0.701407023859416,0.0238562017260783,0.84,0.96
196,"offindex","flexible",0.0255373336622241,1.06087734519965,-0.0137529341475765,0.214612455379535,0.188661213384273,0.701407023859416,0.00419082171560953,0.84,0.96
197,"correct","oracle",0.00471127071699301,0.998634912712198,-0.00248755010045001,0.177653131969124,0,0.810536045110918,0.364834564500046,NA,NA
197,"correct","none",0.0695026748253226,1.90326003253404,-0.318469924461095,0.22755877150564,0.19134088682562,0.696904324961703,6.52694727554137e-06,0.81,0.16
197,"correct","linear",0.0461061199255203,0.99671771632092,0.20938557548086,0.222550356407783,0.173678242251756,0.696904324961703,0.0688317083892479,0.81,0.16
197,"correct","flexible",0.0478614783724313,0.904019217410054,0.198256522074965,0.224862841950868,0.177056453840657,0.692634573187175,0.0214338677343344,0.81,0.16
197,"index","oracle",0.00483023132360162,1.01758109611365,-0.0124898152626029,0.208350570508876,0,0.71626094681193,0.793244719990878,NA,NA
197,"index","none",0.0185235456618458,1.29719389401964,0.0248579168784898,0.234227189781478,0.117715762542393,0.643053569517106,0.537605378274299,0.63,0.8
197,"index","linear",0.0201322079176674,1.0008937908914,0.0686085032092225,0.233827071523674,0.121572727211391,0.643053569517106,0.778989954594761,0.63,0.8
197,"index","flexible",0.0237659677061014,0.973957925762403,0.0636206374024317,0.233955383326011,0.119398623602504,0.643053569517106,0.701718768229514,0.63,0.8
197,"offindex","oracle",0.00986374986282578,1.01310180508477,-0.00880580079573178,0.160041780480788,0,0.839136308323308,0.466540325816505,NA,NA
197,"offindex","none",0.0561598161646341,1.80994606720578,-0.44872500781185,0.221741137076333,0.208774577343252,0.68863465946773,0.00358586526448313,0.4,0.74
197,"offindex","linear",0.0104339395275324,1.03984299726506,0.0337052481210849,0.21680015741317,0.194310072381509,0.68863465946773,0.721010290207501,0.4,0.74
197,"offindex","flexible",0.0468076537532289,0.672510064121949,0.141242420462229,0.222491746535823,0.201769200256653,0.662873345920911,0.00165172032238533,0.4,0.74
198,"correct","oracle",0.00635405344766866,0.997203238582216,0.000498857259107741,0.177940896842514,0,0.809918751504706,0.954684539583394,NA,NA
198,"correct","none",0.0568971787062227,1.62886551088253,0.200685570538685,0.221995153334102,0.178528293209663,0.707269794054977,7.96628595208456e-06,0.125,0.115
198,"correct","linear",0.055887415489854,0.9419368488307,-0.246530713776612,0.220590974673209,0.166471142565726,0.707269794054977,0.0255685042551749,0.125,0.115
198,"correct","flexible",0.055837360425892,0.938105277470281,-0.245268315392088,0.220558556448402,0.16674445601016,0.707269794054977,0.0280661811094348,0.125,0.115
198,"index","oracle",0.00756804286340759,1.02588435803106,-0.0188019553395061,0.208990662577252,0,0.714564142688196,0.5346839531583,NA,NA
198,"index","none",0.0293080456301507,1.42283876490245,0.0572803310373326,0.236845059073854,0.118285740494291,0.633895433673189,0.285461341552014,0.925,0.975
198,"index","linear",0.0235567338544729,1.04290884500033,0.104762215424306,0.236304586659973,0.122314332858545,0.633895433673189,0.251590094140453,0.925,0.975
198,"index","flexible",0.0268349219475563,1.00744045107028,0.101257262486524,0.236760144748415,0.124346915303787,0.63355781923314,0.301921750633765,0.925,0.975
198,"offindex","oracle",0.00947593118411719,1.00359346666577,-0.051573264188203,0.162145000423241,0,0.836811329228885,0.672677984826336,NA,NA
198,"offindex","none",0.0536147337171751,1.56645191170661,-0.403563032007174,0.220451158547441,0.200119229461027,0.694022371315332,0.00065323453507757,0.59,0.465
198,"offindex","linear",0.0298722467681982,1.28608230707518,0.030848476856927,0.217482485218201,0.196091019280363,0.694022371315332,0.00554512482550337,0.59,0.465
198,"offindex","flexible",0.0229148983160917,1.09019802092785,0.0726649869945613,0.220136281592814,0.198326951703182,0.684081089236314,0.0130178366825366,0.59,0.465
199,"correct","oracle",0.00653675476008388,1.00308025683753,0.0129274711801826,0.177413579844537,0,0.811019184608992,0.0541859387052461,NA,NA
199,"correct","none",0.0742884426576225,2.09034109198351,-0.195738094275374,0.225978792616785,0.190295404814862,0.703820546372411,0.000337271303714184,0.205,0.65
199,"correct","linear",0.0281327191151129,0.825574718917645,-0.0401012562892228,0.2193302922795,0.166057744515564,0.703820546372411,0.32836645320884,0.205,0.65
199,"correct","flexible",0.03167502617193,0.772727969800029,-0.0538862592526757,0.2217679835089,0.171644026159936,0.696508386183125,0.207805101349768,0.205,0.65
199,"index","oracle",0.00829325707350987,0.981276261435501,-0.00729995997845119,0.210090046447748,0,0.713304143040761,0.400041901451709,NA,NA
199,"index","none",0.0203333580810235,1.31300194720617,0.0545861160181542,0.2393709928985,0.124717450548865,0.619052411553225,0.0861323507915806,0.25,0.49
199,"index","linear",0.0269419173238095,0.796503739411964,-0.0705571916749393,0.239760389955192,0.133100822115156,0.619052411553225,0.0318392781290321,0.25,0.49
199,"index","flexible",0.0410983262317628,0.738377546015425,-0.0740889785321378,0.241216881975626,0.138453949092787,0.616121745326596,0.186724743401114,0.25,0.49
199,"offindex","oracle",0.00515868206586988,0.996344693871848,-0.00416384411023095,0.161818843650994,0,0.83647651999428,0.404270225546919,NA,NA
199,"offindex","none",0.0481248862047662,1.72160175283953,-0.381933312904572,0.228494994373523,0.221223927991639,0.655319573080713,0.00291161957845927,0.355,0.2
199,"offindex","linear",0.0172458081725499,0.929296855856467,0.0940823045978706,0.225688632083096,0.212557986109141,0.655319573080713,0.832999701571277,0.355,0.2
199,"offindex","flexible",0.028338664981356,0.897220866543341,0.102255701864246,0.226390364253824,0.213314464876388,0.655319573080713,0.673132384404754,0.355,0.2
200,"correct","oracle",0.00565821391094405,1.01050282409365,0.0172800711829174,0.175794487745172,0,0.81449175186803,0.954518910037676,NA,NA
200,"correct","none",0.054372800519532,1.62948787631454,-0.182786373424955,0.224590543989104,0.186299986970984,0.696535984575753,0.0794155997401625,0.03,0.225
200,"correct","linear",0.0631837348099387,0.889537964551291,-0.262823951496362,0.224774346834956,0.177160209610915,0.696535984575753,0.010815580770734,0.03,0.225
200,"correct","flexible",0.0615776524683066,0.731644933618532,-0.222601956768342,0.225739639279613,0.180956051711013,0.696535984575753,6.72735348625684e-06,0.03,0.225
200,"index","oracle",0.00545305933000054,0.98135093475289,-0.00212540406879348,0.208765179822308,0,0.716013294807994,0.816393784320423,NA,NA
200,"index","none",0.0203138176438742,1.29832797593479,0.00754460675865642,0.234695202666921,0.120178227531784,0.641451695640621,0.351742616334799,0.14,0.08
200,"index","linear",0.0333648524853909,1.56359989256611,-0.0468347983389085,0.235836136814729,0.11989524888895,0.641451695640621,0.156150867150552,0.14,0.08
200,"index","flexible",0.0390297785742567,1.27322748075087,-0.0429067097165869,0.236888239932897,0.118286370911945,0.632636753818681,0.00214110456427594,0.14,0.08
200,"offindex","oracle",0.00694510375849595,0.993285522138975,0.00357626186960313,0.160977051977658,0,0.837695015968997,0.63963762578684,NA,NA
200,"offindex","none",0.0660822125976874,1.93935609251644,-0.393412434298623,0.218773864945404,0.205176906079579,0.70426877992092,0.0102481358827191,0.235,0.875
200,"offindex","linear",0.0252078776545169,1.10229546230699,0.0922599985738164,0.213449475816678,0.188567123043784,0.70426877992092,0.405894630882994,0.235,0.875
200,"offindex","flexible",0.0442003945211002,0.93092762210133,0.132503621631741,0.215451061952092,0.191444366459515,0.70426877992092,0.000100170648436236,0.235,0.875
